label,sequence,phi,phi_over_pi,policy,T,T0,T1,v_fit,v_fit2,v_T,delta_v,deltaP_late_mean,deltaP_final,w_loc3,w_loc5,P0bar,x_mean_final,stable
paper_max_T300,A,1.0471975511965976,0.3333333333333333,fixed,300,200,250,-0.05354750247179236,-0.05354435789014423,-0.053562106044309485,4.3265214875673474e-06,-0.0657859347579508,-0.06582567642061438,0.5267821391450794,0.5538987082643939,0.15954889691664131,-16.068631813292846,1
paper_max_T300,A,1.0471975511965976,0.3333333333333333,fixed,600,200,250,-0.05354438981609456,-0.0535441435871536,-0.05355300489403526,1.3427671761795379e-05,-0.06578781944704439,-0.06581081640285164,0.5268862696915304,0.553921718159701,0.15838198594520436,-32.13180293642115,1
paper_max_T300,A,1.0471975511965976,0.3333333333333333,fixed,900,200,250,-0.053544229012378416,-0.0535441448524351,-0.053550007045433605,1.6425520363447244e-05,-0.06578846463903468,-0.06580403017149627,0.5269020996934418,0.5539255653566874,0.15821415906069358,-48.195006340890245,1
paper_max_T300,A,1.0471975511965976,0.3333333333333333,fixed,1200,200,250,-0.053544178609253645,-0.05354413580105378,-0.05354851411277645,1.7918453020598912e-05,-0.06578878089534719,-0.06579933235412883,0.5269085664050634,0.553927188518374,0.1581469738233473,-64.25821693533175,1
paper_max_T300,A,1.0471975511965976,0.3333333333333333,fixed,1500,200,250,-0.053544154559747835,-0.05354412846326031,-0.05354762090519216,1.8811660604890756e-05,-0.06578896914818154,-0.06579568564478344,0.5269120907094975,0.5539280896139265,0.15811078819542115,-80.32143135778824,1
paper_max_T300,A,1.0471975511965976,0.3333333333333333,fixed,2000,200,250,-0.05354413442579137,-0.053544120291663035,-0.053546738211199284,1.969435459776847e-05,-0.06578915806018319,-0.06579362836169417,0.5269153909787097,0.5539289482156812,0.15807728084854625,-107.09347642239857,1
paper_max_T300,A,1.0471975511965976,0.3333333333333333,fixed,3000,200,250,-0.05354411798362456,-0.05354411184749644,-0.053545849149700266,2.05834160967866e-05,-0.06578934787956503,-0.06578760534321892,0.5269184999810057,0.5539297753503705,0.15804617273582983,-160.6375474491008,1
paper_max_T300,A,1.0471975511965976,0.3333333333333333,fixed,4000,200,250,-0.053544111215686405,-0.05354410777825142,-0.05354541361728445,2.1018948512599445e-05,-0.06578944168515573,-0.0657886114279761,0.5269199888421189,0.5539301780377395,0.15803143954503374,-214.1816544691378,1
paper_max_T300,A,1.0471975511965976,0.3333333333333333,fixed,6000,200,250,-0.05354410554076858,-0.05354410400705293,-0.053544977239467044,2.145532633000824e-05,-0.06578952685221477,-0.06579048982673458,0.5269214146161206,0.5539305586024377,0.15801720772607236,-321.26986343680227,1
paper_max_T300,A,1.0471975511965976,0.3333333333333333,fixed,8000,200,250,-0.05354410322144547,-0.053544102353524935,-0.05354475699419135,2.167557160569905e-05,-0.06578956892118282,-0.06578906428795112,0.5269221056089143,0.5539307414231761,0.15801027151017102,-428.3580559535308,1
paper_max_T300,A,1.0471975511965976,0.3333333333333333,fixed,10000,200,250,-0.05354410202735994,-0.05354410146886125,-0.053544625901336636,2.180666446041646e-05,-0.06578959430677934,-0.0657898622813693,0.5269225179851232,0.5539308519858874,0.15800616759785582,-535.4462590133663,1
paper_max_T300,A,1.0471975511965976,0.3333333333333333,fixed,12000,200,250,-0.05354410132263923,-0.053544100932983826,-0.05354453800476054,2.1894561036510385e-05,-0.06578961062800895,-0.0657894787035902,0.5269227880474039,0.5539309233116575,0.1580034536609607,-642.5344560571265,1
paper_max_T300,A,1.0471975511965976,0.3333333333333333,scaled,300,200,250,-0.05354750247179236,-0.05354435789014423,-0.053562106044309485,4.3265214875673474e-06,-0.0657859347579508,-0.06582567642061438,0.5267821391450794,0.5538987082643939,0.15954889691664131,-16.068631813292846,1
paper_max_T300,A,1.0471975511965976,0.3333333333333333,scaled,600,400,500,-0.05354445705066292,-0.05354495005873521,-0.05355300489403526,1.6929584212704851e-06,-0.06578885224884935,-0.06581081640285164,0.5268569869619052,0.5539175994265161,0.1587753130370766,-32.13180293642115,1
paper_max_T300,A,1.0471975511965976,0.3333333333333333,scaled,900,600,750,-0.05354418713182031,-0.05354413051107508,-0.053550007045433605,1.1199997922636817e-06,-0.06578939843887495,-0.06580403017149627,0.5268796824655174,0.5539223892803385,0.15851466169451536,-48.195006340890245,1
paper_max_T300,A,1.0471975511965976,0.3333333333333333,scaled,1200,800,1000,-0.05354413039920747,-0.05354414493124887,-0.05354851411277645,8.663322431518017e-07,-0.0657895589376756,-0.06579933235412883,0.5268909485351053,0.5539247291279442,0.1583839664331552,-64.25821693533175,1
paper_max_T300,A,1.0471975511965976,0.3333333333333333,scaled,1500,1000,1250,-0.05354411441731452,-0.05354410791637621,-0.05354762090519216,6.728499390151743e-07,-0.0657896014139602,-0.06579568564478344,0.52689771068199,0.5539261311850665,0.15830542071497536,-80.32143135778824,1
paper_max_T300,A,1.0471975511965976,0.3333333333333333,scaled,2000,1333,1666,-0.05354410481774133,-0.05354409643423652,-0.053546738211199284,5.306122983217421e-07,-0.06578966273849193,-0.06579362836169417,0.5269239806414255,0.5539311845032906,0.15799009687747934,-107.09347642239857,1
paper_max_T300,A,1.0471975511965976,0.3333333333333333,scaled,3000,2000,2500,-0.05354410156455313,-0.05354409844256552,-0.053545849149700266,3.563680143411907e-07,-0.06578969367895446,-0.06578760534321892,0.5269110276582083,0.5539287862300655,0.15814798838384755,-160.6375474491008,1
paper_max_T300,A,1.0471975511965976,0.3333333333333333,scaled,4000,2666,3333,-0.05354410093252972,-0.0535441008489881,-0.05354541361728445,2.6242528226166906e-07,-0.06578970223997485,-0.0657886114279761,0.5269143450304691,0.5539294382344537,0.15810851531874817,-214.1816544691378,1
paper_max_T300,A,1.0471975511965976,0.3333333333333333,scaled,6000,4000,5000,-0.053544100152713305,-0.053544100121956054,-0.053544977239467044,1.7492641102984097e-07,-0.06578968817383755,-0.06579048982673458,0.5269175755496041,0.5539300348318,0.15806911288560668,-321.26986343680227,1
paper_max_T300,A,1.0471975511965976,0.3333333333333333,scaled,8000,5333,6666,-0.0535440997801785,-0.053544099614146544,-0.05354475699419135,1.3227512422886445e-07,-0.06578968968519645,-0.06578906428795112,0.5269241078070008,0.5539312703180996,0.15799015244473769,-428.3580559535308,1
paper_max_T300,A,1.0471975511965976,0.3333333333333333,scaled,10000,6666,8333,-0.05354409960555804,-0.05354409957862777,-0.053544625901336636,1.0495852986736054e-07,-0.06578969342239407,-0.0657898622813693,0.52692019629667,0.5539305344646203,0.15803753232198142,-535.4462590133663,1
paper_max_T300,A,1.0471975511965976,0.3333333333333333,scaled,12000,8000,10000,-0.05354409952039771,-0.0535440994844682,-0.05354453800476054,8.789657609392654e-08,-0.0657896918098661,-0.0657894787035902,0.526920845316446,0.5539306554836165,0.1580296445574948,-642.5344560571265,1
paper_max_T300,B,1.0471975511965976,0.3333333333333333,fixed,300,200,250,-0.038791551924111975,-0.03875175760480486,-0.03808467111398488,0.0028291809126490333,-0.12539949412662668,-0.15021944111030383,0.7174810403447942,0.7300799562286638,0.28095549952192067,-11.425401334195463,1
paper_max_T300,B,1.0471975511965976,0.3333333333333333,fixed,600,200,250,-0.0375875596320811,-0.03750215036416469,-0.03739673066450292,0.0032991889781384953,-0.11513575993206954,-0.019529746915371293,0.7175517989534724,0.7300734626908565,0.2789131587081859,-22.438038398701753,1
paper_max_T300,B,1.0471975511965976,0.3333333333333333,fixed,900,200,250,-0.03761558151042516,-0.037593713435809924,-0.03798156546095762,0.002726075259621777,-0.11776419416457493,-0.24287354522350985,0.7175230445658517,0.7300486115723389,0.2785996299316375,-34.18340891486186,1
paper_max_T300,B,1.0471975511965976,0.3333333333333333,fixed,1200,200,250,-0.03761552785766223,-0.03760550778713106,-0.03750296408269402,0.0031929555599473983,-0.11860702764913107,-0.020119022990305324,0.7175087059326115,0.7300365279176659,0.27847302803258894,-45.00355689923282,1
paper_max_T300,B,1.0471975511965976,0.3333333333333333,fixed,1500,200,250,-0.037604315064290836,-0.03759775819624992,-0.037703036121531495,0.002992883521109921,-0.11710837571727949,-0.14963309340834063,0.7175080369056793,0.7300343363221228,0.27840810217752043,-56.554554182297245,1
paper_max_T300,B,1.0471975511965976,0.3333333333333333,fixed,2000,200,250,-0.037609174794562474,-0.03760605238600194,-0.0375243180766693,0.0031716015659721195,-0.1183052454310997,-0.00019950597666137937,0.7175025927427163,0.7300293548106073,0.2783456485647088,-75.04863615333859,1
paper_max_T300,B,1.0471975511965976,0.3333333333333333,fixed,3000,200,250,-0.037606886242142534,-0.03760555686074657,-0.03764338017057028,0.003052539472071139,-0.11778987058218429,-0.1323464104315243,0.7174979493422337,0.7300249650517003,0.2782878340286658,-112.93014051171083,1
paper_max_T300,B,1.0471975511965976,0.3333333333333333,fixed,4000,200,250,-0.03760823380447538,-0.03760754924991042,-0.03768246005591578,0.0030134595867256364,-0.11845502583060305,-0.22498391165779866,0.7174959501995808,0.7300230039576703,0.2782605364189235,-150.72984022366313,1
paper_max_T300,B,1.0471975511965976,0.3333333333333333,fixed,6000,200,250,-0.03760749148135207,-0.03760719063468409,-0.037613469394552346,0.0030824502480890706,-0.11810808927953813,-0.09739780604536469,0.7174941632622465,0.7300211957616443,0.2782342442650528,-225.6808163673141,1
paper_max_T300,B,1.0471975511965976,0.3333333333333333,fixed,8000,200,250,-0.03760783523182877,-0.03760767341776371,-0.03759696580509317,0.0030989538375482475,-0.11845928334835099,-0.03927065590348788,0.7174932558582885,0.7300202918262301,0.27822141708482623,-300.77572644074536,1
paper_max_T300,B,1.0471975511965976,0.3333333333333333,fixed,10000,200,250,-0.03760772070014988,-0.03760761759322418,-0.03764129097611549,0.0030546286665259284,-0.11835910961175836,-0.24278671425530352,0.7174926780566925,0.7300197318855401,0.2782138054844076,-376.4129097611549,1
paper_max_T300,B,1.0471975511965976,0.3333333333333333,fixed,12000,200,250,-0.037607655589157116,-0.037607584084311786,-0.03759981755205023,0.0030961020905911837,-0.11828315424944597,-0.03508385837155631,0.7174923140262371,0.7300193726703432,0.2782087820835125,-451.1978106246028,1
paper_max_T300,B,1.0471975511965976,0.3333333333333333,scaled,300,200,250,-0.038791551924111975,-0.03875175760480486,-0.03808467111398488,0.0028291809126490333,-0.12539949412662668,-0.15021944111030383,0.7174810403447942,0.7300799562286638,0.28095549952192067,-11.425401334195463,1
paper_max_T300,B,1.0471975511965976,0.3333333333333333,scaled,600,400,500,-0.03765424117247624,-0.03723147086414411,-0.03739673066450292,0.001724361886530544,-0.109036213521656,-0.019529746915371293,0.7174686972823741,0.7300187639116209,0.27957429523881366,-22.438038398701753,1
paper_max_T300,B,1.0471975511965976,0.3333333333333333,scaled,900,600,750,-0.03756478633172283,-0.03804605254707985,-0.03798156546095762,0.0011878394100270084,-0.1209395020715033,-0.24287354522350985,0.7174640060319979,0.7300130802870793,0.2791058906138629,-34.18340891486186,1
paper_max_T300,B,1.0471975511965976,0.3333333333333333,scaled,1200,800,1000,-0.03759264678065505,-0.03786942392749582,-0.03750296408269402,0.0008827103975371786,-0.12255286618225784,-0.020119022990305324,0.7174774952681063,0.730017427853402,0.278879521578705,-45.00355689923282,1
paper_max_T300,B,1.0471975511965976,0.3333333333333333,scaled,1500,1000,1250,-0.03759745388876026,-0.037421751291246357,-0.037703036121531495,0.0005912396684121593,-0.11432749083796227,-0.14963309340834063,0.7174733534557391,0.7300134230912717,0.2787375402032967,-56.554554182297245,1
paper_max_T300,B,1.0471975511965976,0.3333333333333333,scaled,2000,1333,1666,-0.037630625443805785,-0.03770287697188561,-0.0375243180766693,0.0005498138819480941,-0.11723589969313623,-0.00019950597666137937,0.7174948468063377,0.7300203150820558,0.27818619335273437,-75.04863615333859,1
paper_max_T300,B,1.0471975511965976,0.3333333333333333,scaled,3000,2000,2500,-0.03760236740358186,-0.03759219940453775,-0.03764338017057028,0.0002866212317482325,-0.11674513485041385,-0.1323464104315243,0.7174830589665511,0.7300161486103578,0.2784616697310234,-112.93014051171083,1
paper_max_T300,B,1.0471975511965976,0.3333333333333333,scaled,4000,2666,3333,-0.037607364324715904,-0.03760122581495748,-0.03768246005591578,0.00026339260294781786,-0.11955661882617237,-0.22498391165779866,0.7174846196971826,0.7300163149973895,0.2783920793540509,-150.72984022366313,1
paper_max_T300,B,1.0471975511965976,0.3333333333333333,scaled,6000,4000,5000,-0.03760642275619665,-0.037604431621703634,-0.037613469394552346,0.00015140239234512354,-0.11750247708152745,-0.09739780604536469,0.7174874743318319,0.7300172861701462,0.27832330183625587,-225.6808163673141,1
paper_max_T300,B,1.0471975511965976,0.3333333333333333,scaled,8000,5333,6666,-0.037608955398172314,-0.03760799080172021,-0.03759696580509317,0.00012862023085994517,-0.11860760531650895,-0.03927065590348788,0.7174904810855216,0.7300175831341439,0.27818414277019193,-300.77572644074536,1
paper_max_T300,B,1.0471975511965976,0.3333333333333333,scaled,10000,6666,8333,-0.03760721342349422,-0.03760965598074031,-0.03764129097611549,0.00010939385158966614,-0.11864886974994444,-0.24278671425530352,0.717488609167264,0.7300173619625447,0.27826760731086564,-376.4129097611549,1
paper_max_T300,B,1.0471975511965976,0.3333333333333333,scaled,12000,8000,10000,-0.03760770806844539,-0.03760562907954632,-0.03759981755205023,8.666965774709046e-05,-0.11791999613924746,-0.03508385837155631,0.7174888294334493,0.7300173429200106,0.27825366990327394,-451.1978106246028,1
paper_max_T300,ABB,1.0471975511965976,0.3333333333333333,fixed,300,200,250,0.12039081438978928,0.1205351366268142,0.11994142632459945,0.0021343872574163397,0.4029896939324042,0.4908002537713053,0.5539169355050063,0.5606677055645829,0.17583604833778338,35.982427897379836,1
paper_max_T300,ABB,1.0471975511965976,0.3333333333333333,fixed,600,200,250,0.12011684849749749,0.12010286887626848,0.11998039601227899,0.002173356945095878,0.40167551881837465,0.4801787862531045,0.5539553360904776,0.5606154689810995,0.17460103327892623,71.9882376073674,1
paper_max_T300,ABB,1.0471975511965976,0.3333333333333333,fixed,900,200,250,0.12010276800048211,0.12009789540133914,0.11998969896066154,0.0021826598934784336,0.401423373618857,0.4674110434544493,0.5539612979251954,0.5606038254976158,0.17442906787354884,107.99072906459539,1
paper_max_T300,ABB,1.0471975511965976,0.3333333333333333,fixed,1200,200,250,0.12009875517934922,0.12009627131852905,0.1199938690346284,0.002186829967445292,0.401269059104977,0.4544234633269196,0.5539643249274969,0.5605989222609418,0.17436398079516266,143.99264284155407,1
paper_max_T300,ABB,1.0471975511965976,0.3333333333333333,fixed,1500,200,250,0.12009705088000976,0.1200955366011828,0.11999930580746422,0.0021922667402811125,0.4011508078073456,0.4436140808316761,0.5539668548865307,0.5605963494986216,0.17433139608069975,179.99895871119634,1
paper_max_T300,ABB,1.0471975511965976,0.3333333333333333,fixed,2000,200,250,0.12009564842081713,0.12009481802525362,0.11989112977926328,0.0020840907120801694,0.4009542629312779,0.3996129445207549,0.5539693093944098,0.5605938214012021,0.17427253370253853,239.78225955852656,1
paper_max_T300,ABB,1.0471975511965976,0.3333333333333333,fixed,3000,200,250,0.12009540391465114,0.12009505908844255,0.12005928641220924,0.0022522473450261316,0.4008987492002562,0.46108638301253524,0.5539753580266323,0.560592059699127,0.17427121328403963,360.17785923662774,1
paper_max_T300,ABB,1.0471975511965976,0.3333333333333333,fixed,4000,200,250,0.12009572841401284,0.12009555002549703,0.1201123398456298,0.0023053007784466922,0.40099262620208226,0.47399070731512494,0.5539749865739687,0.5605910111349321,0.17423523551599068,480.4493593825192,1
paper_max_T300,ABB,1.0471975511965976,0.3333333333333333,fixed,6000,200,250,0.12009572516453453,0.12009564967053057,0.12007057511250221,0.002263536045319106,0.40102087032739897,0.44066961819488676,0.5539742136880516,0.5605897221536005,0.1742285359782827,720.4234506750133,1
paper_max_T300,ABB,1.0471975511965976,0.3333333333333333,fixed,8000,200,250,0.12009564717828024,0.12009560480161348,0.1200579327844626,0.0022508937172794896,0.40095738342459913,0.44863442220602756,0.5539758089570398,0.5605893106666581,0.1742182927106772,960.4634622757007,1
paper_max_T300,ABB,1.0471975511965976,0.3333333333333333,fixed,10000,200,250,0.12009571649253438,0.12009569037164632,0.12009184968886757,0.002284810621684466,0.40101901794998324,0.42411963899182836,0.5539748747505334,0.5605889274390163,0.17420853964762265,1200.9184968886757,1
paper_max_T300,ABB,1.0471975511965976,0.3333333333333333,fixed,12000,200,250,0.12009566798982516,0.12009564964490424,0.12008820669009587,0.0022811676229127636,0.40096911694311316,0.470550225234437,0.5539761782238767,0.5605888075974166,0.17421530374881167,1441.0584802811504,1
paper_max_T300,ABB,1.0471975511965976,0.3333333333333333,scaled,300,200,250,0.12039081438978928,0.1205351366268142,0.11994142632459945,0.0021343872574163397,0.4029896939324042,0.4908002537713053,0.5539169355050063,0.5606677055645829,0.17583604833778338,35.982427897379836,1
paper_max_T300,ABB,1.0471975511965976,0.3333333333333333,scaled,600,400,500,0.12018610938101155,0.12051446708547585,0.11998039601227899,0.0010105628132604239,0.4013861888317809,0.4801787862531045,0.553961287850807,0.5605907707862575,0.1752682118296881,71.9882376073674,1
paper_max_T300,ABB,1.0471975511965976,0.3333333333333333,scaled,900,600,750,0.12014081456766532,0.12008063135388834,0.11998969896066154,0.0006393810910317183,0.4013491051392146,0.4674110434544493,0.5539642382352397,0.560586831535891,0.17492218085500272,107.99072906459539,1
paper_max_T300,ABB,1.0471975511965976,0.3333333333333333,scaled,1200,800,1000,0.1201255002182508,0.12020594261256383,0.1199938690346284,0.0004592920703241077,0.4013487551840911,0.4544234633269196,0.5539553683076932,0.5605860305413218,0.17464268866306557,143.99264284155407,1
paper_max_T300,ABB,1.0471975511965976,0.3333333333333333,scaled,1500,1000,1250,0.12011083772269526,0.12009033909140056,0.11999930580746422,0.0003529705233631525,0.4008694815683961,0.4436140808316761,0.553971906322731,0.5605869864217521,0.17468314552986236,179.99895871119634,1
paper_max_T300,ABB,1.0471975511965976,0.3333333333333333,scaled,2000,1333,1666,0.12009977008865194,0.12010215391201952,0.11989112977926328,0.00024403600435030093,0.40046453561438855,0.3996129445207549,0.5539751340815954,0.5605873044596903,0.1741514080900721,239.78225955852656,1
paper_max_T300,ABB,1.0471975511965976,0.3333333333333333,scaled,3000,2000,2500,0.12009382963443967,0.12007951043583358,0.12005928641220924,0.00019306425239487557,0.40079758433087587,0.46108638301253524,0.5539806389933261,0.5605879637965818,0.17439641711803594,360.17785923662774,1
paper_max_T300,ABB,1.0471975511965976,0.3333333333333333,scaled,4000,2666,3333,0.12009529909024147,0.1200903817192189,0.1201123398456298,0.00018954845544258414,0.4011882596272167,0.47399070731512494,0.5539749641958298,0.5605879315158767,0.17428654263711982,480.4493593825192,1
paper_max_T300,ABB,1.0471975511965976,0.3333333333333333,scaled,6000,4000,5000,0.12009573098308096,0.12009924334177181,0.12007057511250221,8.965434828930863e-05,0.4011109881471475,0.44066961819488676,0.5539703396056688,0.5605870994726228,0.1742966690255491,720.4234506750133,1
paper_max_T300,ABB,1.0471975511965976,0.3333333333333333,scaled,8000,5333,6666,0.12009583913709616,0.12009391309481623,0.1200579327844626,4.8834934041369626e-05,0.4007795706550447,0.44863442220602756,0.5539795156720893,0.5605879260470132,0.17421717788296964,960.4634622757007,1
paper_max_T300,ABB,1.0471975511965976,0.3333333333333333,scaled,10000,6666,8333,0.1200958772986767,0.1200967031021973,0.12009184968886757,6.532384950111436e-05,0.40109914290385734,0.42411963899182836,0.5539747486269457,0.5605876867662738,0.1742468415170611,1200.9184968886757,1
paper_max_T300,ABB,1.0471975511965976,0.3333333333333333,scaled,12000,8000,10000,0.12009543075979343,0.12009558470267359,0.12008820669009587,5.008437886011574e-05,0.40100390786618006,0.470550225234437,0.5539749122895142,0.5605876349145978,0.17424213278180065,1441.0584802811504,1
refined_max_T6000,A,0.9285151620609833,0.29555555555555557,fixed,300,200,250,-0.05231811699065783,-0.05231699473833341,-0.05234259776516815,6.2191182358048436e-06,-0.06451260162978194,-0.06446312326317993,0.4938047166008299,0.5244384310322996,0.14430371173202547,-15.702779329550445,1
refined_max_T6000,A,0.9285151620609833,0.29555555555555557,fixed,600,200,250,-0.05231750560243273,-0.05231744001746694,-0.05233082406690907,1.7992816494886987e-05,-0.06452343558418953,-0.06455290232832589,0.49396606141839117,0.5245017369991999,0.1432660231554988,-31.39849444014544,1
refined_max_T6000,A,0.9285151620609833,0.29555555555555557,fixed,900,200,250,-0.052317350653377795,-0.05231731908163,-0.052326085400157374,2.2731483246579698e-05,-0.06452430607295495,-0.0645161706995272,0.4939843705312047,0.5245071842292213,0.143114616384538,-47.093476860141635,1
refined_max_T6000,A,0.9285151620609833,0.29555555555555557,fixed,1200,200,250,-0.05231729860164653,-0.05231728020571346,-0.052323907671811325,2.4909211592628877e-05,-0.06452459263466409,-0.06452458378966802,0.4939920933211219,0.5245096443597611,0.14305416069348442,-62.788689206173586,1
refined_max_T6000,A,0.9285151620609833,0.29555555555555557,fixed,1500,200,250,-0.052317277946697334,-0.052317266177308204,-0.05232259916307616,2.621772032779246e-05,-0.06452490548931523,-0.06453101625786295,0.4939967124179745,0.5245113057507202,0.143021734510949,-78.48389874461424,1
refined_max_T6000,A,0.9285151620609833,0.29555555555555557,fixed,2000,200,250,-0.05231725771282772,-0.05231725088953657,-0.052321226986871125,2.7589896532828617e-05,-0.0645250847138654,-0.0645200631863152,0.49400047903037086,0.5245124674526274,0.1429915119266051,-104.64245397374225,1
refined_max_T6000,A,0.9285151620609833,0.29555555555555557,fixed,3000,200,250,-0.05231724178436459,-0.052317238624727314,-0.05231990801447739,2.8908868926563747e-05,-0.0645252800987461,-0.06452806550950091,0.49400418921553035,0.5245137015891581,0.14296351861479834,-156.95972404343217,1
refined_max_T6000,A,0.9285151620609833,0.29555555555555557,fixed,4000,200,250,-0.052317235261354185,-0.05231723343009992,-0.0523192336553546,2.958322804935687e-05,-0.06452537032340523,-0.06452509426229952,0.494005896238594,0.524514248666383,0.14295023398730017,-209.27693462141838,1
refined_max_T6000,A,0.9285151620609833,0.29555555555555557,fixed,6000,200,250,-0.052317229921560765,-0.05231722907549668,-0.0523185642669504,3.0252616453556314e-05,-0.06452546301821838,-0.06452551431033532,0.49400758336146855,0.5245148054323769,0.14293742050699637,-313.91138560170236,1
refined_max_T6000,A,0.9285151620609833,0.29555555555555557,fixed,8000,200,250,-0.05231722775002808,-0.05231722726223447,-0.052318229933595126,3.0586949808827923e-05,-0.06452550878816832,-0.06452632943357922,0.4940084047580863,0.5245150762057333,0.14293117675464012,-418.545839468761,1
refined_max_T6000,A,0.9285151620609833,0.29555555555555557,fixed,10000,200,250,-0.052317226633204865,-0.0523172263155702,-0.052318028502623494,3.078838078045959e-05,-0.06452553576872548,-0.06452578940511378,0.49400888929755626,0.5245152352711356,0.14292748061294486,-523.180285026235,1
refined_max_T6000,A,0.9285151620609833,0.29555555555555557,fixed,12000,200,250,-0.05231722597609076,-0.05231722575264428,-0.05231789443291621,3.0922450487747e-05,-0.0645255534357098,-0.06452570108128436,0.4940092086050466,0.5245153396850394,0.14292503690210198,-627.8147331949945,1
refined_max_T6000,A,0.9285151620609833,0.29555555555555557,scaled,300,200,250,-0.05231811699065783,-0.05231699473833341,-0.05234259776516815,6.2191182358048436e-06,-0.06451260162978194,-0.06446312326317993,0.4938047166008299,0.5244384310322996,0.14430371173202547,-15.702779329550445,1
refined_max_T6000,A,0.9285151620609833,0.29555555555555557,scaled,600,400,500,-0.0523174924790548,-0.052317411418572705,-0.05233082406690907,2.429824765913524e-06,-0.06452469002217304,-0.06455290232832589,0.4939361455695183,0.5244979606548626,0.1436227955028906,-31.39849444014544,1
refined_max_T6000,A,0.9285151620609833,0.29555555555555557,scaled,900,600,750,-0.05231727698905481,-0.05231713081151414,-0.052326085400157374,1.8926646348227383e-06,-0.06452556076481643,-0.0645161706995272,0.4939617983506112,0.5245045027824266,0.14338721824681258,-47.093476860141635,1
refined_max_T6000,A,0.9285151620609833,0.29555555555555557,scaled,1200,800,1000,-0.05231722140408574,-0.05231714092506939,-0.052323907671811325,1.4106309987396703e-06,-0.06452555053502691,-0.06452458378966802,0.4939745312523242,0.5245077026718092,0.14326922916482157,-62.788689206173586,1
refined_max_T6000,A,0.9285151620609833,0.29555555555555557,scaled,1500,1000,1250,-0.052317232340120534,-0.052317255317300575,-0.05232259916307616,1.0727897242351903e-06,-0.06452582238202535,-0.06453101625786295,0.4939830351683529,0.5245102575908404,0.14319859579614683,-78.48389874461424,1
refined_max_T6000,A,0.9285151620609833,0.29555555555555557,scaled,2000,1333,1666,-0.052317231651058074,-0.05231724090748876,-0.052321226986871125,8.255245289370827e-07,-0.06452561143457873,-0.0645200631863152,0.4940104288299287,0.524515600081763,0.14291292014845403,-104.64245397374225,1
refined_max_T6000,A,0.9285151620609833,0.29555555555555557,scaled,3000,2000,2500,-0.05231722754446124,-0.05231722454190209,-0.05231990801447739,5.336719747645047e-07,-0.06452562642367887,-0.06452806550950091,0.49399662680850537,0.5245128524935594,0.14305585986456298,-156.95972404343217,1
refined_max_T6000,A,0.9285151620609833,0.29555555555555557,scaled,4000,2666,3333,-0.05231722529356649,-0.052317225852683044,-0.0523192336553546,4.020569535703733e-07,-0.06452564372930217,-0.06452509426229952,0.49400011207377514,0.5245135633887762,0.14302011588770494,-209.27693462141838,1
refined_max_T6000,A,0.9285151620609833,0.29555555555555557,scaled,6000,4000,5000,-0.05231722474700296,-0.05231722473056162,-0.0523185642669504,2.683657876201284e-07,-0.0645256389123857,-0.06452551431033532,0.4940036713474563,0.524514332626234,0.1429844880631111,-313.91138560170236,1
refined_max_T6000,A,0.9285151620609833,0.29555555555555557,scaled,8000,5333,6666,-0.05231722454049777,-0.05231722449262283,-0.052318229933595126,2.0110937824779906e-07,-0.06452563719323778,-0.06452632943357922,0.49401077395123366,0.5245158518795145,0.14291306236848308,-418.545839468761,1
refined_max_T6000,A,0.9285151620609833,0.29555555555555557,scaled,10000,6666,8333,-0.05231722439437112,-0.05231722437745423,-0.052318028502623494,1.6105065408361652e-07,-0.064525639072883,-0.06452578940511378,0.4940065023788924,0.5245149329125666,0.14295591389575554,-523.180285026235,1
refined_max_T6000,A,0.9285151620609833,0.29555555555555557,scaled,12000,8000,10000,-0.05231722430223787,-0.052317224294245124,-0.05231789443291621,1.3406970728740975e-07,-0.06452564068176556,-0.06452570108128436,0.4940072176610288,0.5245150889871899,0.1429487824002883,-627.8147331949945,1
refined_max_T6000,B,0.9285151620609833,0.29555555555555557,fixed,300,200,250,-0.053900995567679515,-0.05237981498914825,-0.05311110190484616,0.0025006274656052194,-0.1704775841821534,-0.22536351667855256,0.5865091824758162,0.6113173259900501,0.21982835696941647,-15.933330571453848,1
refined_max_T6000,B,0.9285151620609833,0.29555555555555557,fixed,600,200,250,-0.05235312819791138,-0.05221893448840377,-0.052092917312300244,0.002863210203012917,-0.16625382345929243,-0.04989850873759649,0.5826147803023713,0.6078755458017464,0.2170260699498313,-31.255750387380147,1
refined_max_T6000,B,0.9285151620609833,0.29555555555555557,fixed,900,200,250,-0.05233511550221152,-0.052295210844854535,-0.052676641219183994,0.002279486296129167,-0.166926887789634,-0.2636380311207621,0.5822194753713381,0.6075173483872828,0.21667322085403085,-47.40897709726559,1
refined_max_T6000,B,0.9285151620609833,0.29555555555555557,fixed,1200,200,250,-0.0523456270166095,-0.05232827872067791,-0.05241750858372421,0.0025386189315889512,-0.1691360693671835,-0.16593420159378244,0.5821093642734134,0.6074152484259651,0.21654645425740354,-62.90101030046905,1
refined_max_T6000,B,0.9285151620609833,0.29555555555555557,fixed,1500,200,250,-0.052331192750855876,-0.05232030052166266,-0.0522755110743306,0.0026806164409825597,-0.16771703638776442,-0.07759616251525783,0.582062488422225,0.6073708110094221,0.2164820072540788,-78.4132666114959,1
refined_max_T6000,B,0.9285151620609833,0.29555555555555557,fixed,2000,200,250,-0.05233171001196577,-0.05232619890889529,-0.05226308288161745,0.0026930446336957126,-0.1682241401334145,-0.0530525463177845,0.5819962309957883,0.6073090402070142,0.2164156715370952,-104.5261657632349,1
refined_max_T6000,B,0.9285151620609833,0.29555555555555557,fixed,3000,200,250,-0.05233207499272042,-0.05232987226885873,-0.05229376816249128,0.002662359352821879,-0.1687444694088876,-0.06443389687242151,0.5819337992779049,0.6072511835196394,0.21635364412739302,-156.88130448747384,1
refined_max_T6000,B,0.9285151620609833,0.29555555555555557,fixed,4000,200,250,-0.05233183830571711,-0.052330657078289794,-0.05234539667234254,0.0026107308429706225,-0.16890870447496809,-0.143984832406423,0.581906800072815,0.6072260332533236,0.2163250331043712,-209.38158668937015,1
refined_max_T6000,B,0.9285151620609833,0.29555555555555557,fixed,6000,200,250,-0.05233112663599567,-0.05233061799191434,-0.0523920207584867,0.002564106756826459,-0.1687431039384265,-0.2891888752121371,0.5818786030565573,0.6071998451207382,0.21629678281918097,-314.3521245509202,1
refined_max_T6000,B,0.9285151620609833,0.29555555555555557,fixed,8000,200,250,-0.05233087621061897,-0.05233059383116329,-0.052345376181772256,0.0026107513335409047,-0.16861319975532224,-0.1711535642081984,0.5818641076998798,0.6071864170613629,0.21628278848741594,-418.7630094541781,1
refined_max_T6000,B,0.9285151620609833,0.29555555555555557,fixed,10000,200,250,-0.0523309790498723,-0.052330801656255886,-0.05231632828283755,0.0026397992324756134,-0.1687668226142367,-0.04807599378670946,0.5818561885866703,0.6071790551710858,0.21627470312044414,-523.1632828283755,1
refined_max_T6000,B,0.9285151620609833,0.29555555555555557,fixed,12000,200,250,-0.05233102477333835,-0.05233090312412548,-0.05234374921615201,0.0026123782991611527,-0.16886533232416392,-0.18914016865164268,0.5818505061081445,0.6071737907574477,0.21626922532130913,-628.1249905938241,1
refined_max_T6000,B,0.9285151620609833,0.29555555555555557,scaled,300,200,250,-0.053900995567679515,-0.05237981498914825,-0.05311110190484616,0.0025006274656052194,-0.1704775841821534,-0.22536351667855256,0.5865091824758162,0.6113173259900501,0.21982835696941647,-15.933330571453848,1
refined_max_T6000,B,0.9285151620609833,0.29555555555555557,scaled,600,400,500,-0.05216074301470035,-0.051276990311223396,-0.052092917312300244,0.0015549214806352615,-0.16878200199733864,-0.04989850873759649,0.5814391754978254,0.6068027568766704,0.21722732436997774,-31.255750387380147,1
refined_max_T6000,B,0.9285151620609833,0.29555555555555557,scaled,900,600,750,-0.052262951280085936,-0.0517886190685176,-0.052676641219183994,0.000917816196890478,-0.16743476293054735,-0.2636380311207621,0.5816617939662676,0.6070329110961638,0.21692313620251288,-47.40897709726559,1
refined_max_T6000,B,0.9285151620609833,0.29555555555555557,scaled,1200,800,1000,-0.05241368882918567,-0.05234887233565262,-0.05241750858372421,0.0005784444760351601,-0.169908738427323,-0.16593420159378244,0.5817832380769401,0.6071256624213113,0.21677795971589858,-62.90101030046905,1
refined_max_T6000,B,0.9285151620609833,0.29555555555555557,scaled,1500,1000,1250,-0.05227805370418047,-0.05214774923736907,-0.0522755110743306,0.0005859553288885475,-0.16924664734506167,-0.07759616251525783,0.5817301847698684,0.6070797860186452,0.21665244248410293,-78.4132666114959,1
refined_max_T6000,B,0.9285151620609833,0.29555555555555557,scaled,2000,1333,1666,-0.052313085835220687,-0.05227921769261345,-0.05226308288161745,0.00046801193641349964,-0.16906417254300043,-0.0530525463177845,0.5817983529581101,0.6071267995498569,0.2162350596850406,-104.5261657632349,1
refined_max_T6000,B,0.9285151620609833,0.29555555555555557,scaled,3000,2000,2500,-0.052332631868483734,-0.05235162293266151,-0.05229376816249128,0.00030413562854389453,-0.169565069910422,-0.06443389687242151,0.5818111379046129,0.6071439698359298,0.2164581055894106,-156.88130448747384,1
refined_max_T6000,B,0.9285151620609833,0.29555555555555557,scaled,4000,2666,3333,-0.05233777642715276,-0.05236533067885622,-0.05234539667234254,0.00018377791972686713,-0.1692094237603228,-0.143984832406423,0.5818223962353791,0.6071523458327421,0.21640660116275076,-209.38158668937015,1
refined_max_T6000,B,0.9285151620609833,0.29555555555555557,scaled,6000,4000,5000,-0.05233339950329076,-0.0523387427605118,-0.0523920207584867,0.00015037336636129078,-0.1684161644527061,-0.2891888752121371,0.5818197321120088,0.6071484091599736,0.21635113418589372,-314.3521245509202,1
refined_max_T6000,B,0.9285151620609833,0.29555555555555557,scaled,8000,5333,6666,-0.052330193115654365,-0.05232325614437481,-0.052345376181772256,8.585026544744023e-05,-0.16832977600176535,-0.1711535642081984,0.5818218465150532,0.6071472725430752,0.21624213760215522,-418.7630094541781,1
refined_max_T6000,B,0.9285151620609833,0.29555555555555557,scaled,10000,6666,8333,-0.05233041989708301,-0.05232838821532913,-0.05231632828283755,9.452454364075602e-05,-0.16904673573687537,-0.04807599378670946,0.5818212401143131,0.607148553979414,0.2163077338203431,-523.1632828283755,1
refined_max_T6000,B,0.9285151620609833,0.29555555555555557,scaled,12000,8000,10000,-0.05233093707127655,-0.05233332713464269,-0.05234374921615201,5.762011678154405e-05,-0.169357502881879,-0.18914016865164268,0.5818213566257122,0.6071483512014795,0.21629681859615524,-628.1249905938241,1
refined_max_T6000,ABB,0.9285151620609833,0.29555555555555557,fixed,300,200,250,0.10791430066782533,0.10818421583066709,0.10796622272388752,0.0017176262909912032,0.3628282592228319,0.4340196899660046,0.5794504180970252,0.5857872779197173,0.189012312121455,32.38986681716626,1
refined_max_T6000,ABB,0.9285151620609833,0.29555555555555557,fixed,600,200,250,0.10814262517419863,0.10815823139720074,0.10798516770450428,0.0017365712716079645,0.36245217679378566,0.41156788811099926,0.5794616794825883,0.5857375334793641,0.18760990922663465,64.79110062270257,1
refined_max_T6000,ABB,0.9285151620609833,0.29555555555555557,fixed,900,200,250,0.10815436505441203,0.10815997645415325,0.10805634799492013,0.0018077515620238127,0.36258547064048663,0.41791504689925063,0.5794688080943626,0.5857290934664996,0.18739298872898166,97.25071319542812,1
refined_max_T6000,ABB,0.9285151620609833,0.29555555555555557,fixed,1200,200,250,0.10815419120096285,0.10815681399372143,0.1081225817167126,0.0018739852838162846,0.3623989741964817,0.4425479437560448,0.57947839551402,0.5857258786976846,0.18731686069083525,129.74709806005512,1
refined_max_T6000,ABB,0.9285151620609833,0.29555555555555557,fixed,1500,200,250,0.10815301737722849,0.10815443822655048,0.10813056612538662,0.0018819696924902984,0.3621385482949603,0.4439036708246742,0.57948297682249,0.585723841012801,0.18728710817813354,162.19584918807993,1
refined_max_T6000,ABB,0.9285151620609833,0.29555555555555557,fixed,2000,200,250,0.10815364216671086,0.1081543837942906,0.10798563628027026,0.0017370398473739446,0.36209653389132745,0.36663177512165396,0.5794782682270953,0.5857211118270199,0.18721960183087616,215.9712725605405,1
refined_max_T6000,ABB,0.9285151620609833,0.29555555555555557,fixed,3000,200,250,0.10815399532889791,0.10815430008566744,0.10813374973140098,0.001885153298504666,0.3620538303974198,0.43113690499935853,0.5794839268192206,0.5857197241128894,0.18721370407950047,324.40124919420293,1
refined_max_T6000,ABB,0.9285151620609833,0.29555555555555557,fixed,4000,200,250,0.10815436780925351,0.1081545391935486,0.10816172623769356,0.0019131298047972423,0.3621110281142154,0.40872265031615873,0.5794834241946107,0.5857188548984236,0.18718074709902263,432.6469049507742,1
refined_max_T6000,ABB,0.9285151620609833,0.29555555555555557,fixed,6000,200,250,0.10815435891759777,0.10815443155717074,0.10813682703266775,0.0018882305997714316,0.3620657094567425,0.409746906280379,0.579483674013146,0.5857178221085625,0.18717792147788073,648.8209621960065,1
refined_max_T6000,ABB,0.9285151620609833,0.29555555555555557,fixed,8000,200,250,0.10815438864177555,0.10815442885748958,0.10812345035379191,0.0018748539208955917,0.3620480379407231,0.4078179361994524,0.5794843737829921,0.5857174678225657,0.1871631167958662,864.9876028303353,1
refined_max_T6000,ABB,0.9285151620609833,0.29555555555555557,fixed,10000,200,250,0.10815441406909913,0.10815443968248273,0.10815019680524247,0.0019016003723461572,0.36205376126944544,0.3748398568127518,0.5794842182900241,0.5857171636542704,0.18715843017258882,1081.5019680524247,1
refined_max_T6000,ABB,0.9285151620609833,0.29555555555555557,fixed,12000,200,250,0.10815441733774135,0.10815443499117834,0.10815213533965709,0.0019035389067607739,0.3620492866194621,0.44778513297773853,0.5794850942756925,0.5857170800590532,0.1871612407812972,1297.8256240758851,1
refined_max_T6000,ABB,0.9285151620609833,0.29555555555555557,scaled,300,200,250,0.10791430066782533,0.10818421583066709,0.10796622272388752,0.0017176262909912032,0.3628282592228319,0.4340196899660046,0.5794504180970252,0.5857872779197173,0.189012312121455,32.38986681716626,1
refined_max_T6000,ABB,0.9285151620609833,0.29555555555555557,scaled,600,400,500,0.10809709453273952,0.10800022396965678,0.10798516770450428,0.0007545826033401315,0.36234355465218576,0.41156788811099926,0.5794663315790368,0.5857166861108533,0.18828463536748838,64.79110062270257,1
refined_max_T6000,ABB,0.9285151620609833,0.29555555555555557,scaled,900,600,750,0.10815697692136143,0.10815653475846553,0.10805634799492013,0.0005339459292690724,0.3629257804411431,0.41791504689925063,0.579477844301544,0.5857174091067274,0.18795019796205478,97.25071319542812,1
refined_max_T6000,ABB,0.9285151620609833,0.29555555555555557,scaled,1200,800,1000,0.10816867820143988,0.10822115818700462,0.1081225817167126,0.00044722023322735227,0.3624265717073877,0.4425479437560448,0.5794868366593724,0.5857171046666837,0.18760534725788913,129.74709806005512,1
refined_max_T6000,ABB,0.9285151620609833,0.29555555555555557,scaled,1500,1000,1250,0.10815685390973091,0.10813708430206426,0.10813056612538662,0.00036046510180032243,0.36147909158461733,0.4439036708246742,0.5794997226607764,0.5857170808070298,0.18765319604555514,162.19584918807993,1
refined_max_T6000,ABB,0.9285151620609833,0.29555555555555557,scaled,2000,1333,1666,0.10815254930640673,0.10813237517970092,0.10798563628027026,0.0001883430294130073,0.36186581027182846,0.36663177512165396,0.5794720757403035,0.5857146544383417,0.18707777136786471,215.9712725605405,1
refined_max_T6000,ABB,0.9285151620609833,0.29555555555555557,scaled,3000,2000,2500,0.10815312692377826,0.10815248740793497,0.10813374973140098,0.0001735882013379486,0.36198157160840533,0.43113690499935853,0.5794879541460519,0.5857163548156417,0.18734220090449433,324.40124919420293,1
refined_max_T6000,ABB,0.9285151620609833,0.29555555555555557,scaled,4000,2666,3333,0.10815509771303031,0.10815629749092319,0.10816172623769356,0.00015458960830661006,0.36218740276884437,0.40872265031615873,0.5794789015989461,0.585715843347818,0.18724945441579902,432.6469049507742,1
refined_max_T6000,ABB,0.9285151620609833,0.29555555555555557,scaled,6000,4000,5000,0.10815437163529013,0.10815588583002506,0.10813682703266775,7.999652909440602e-05,0.36200294120277177,0.409746906280379,0.5794822995368332,0.5857156882575332,0.18726336126848436,648.8209621960065,1
refined_max_T6000,ABB,0.9285151620609833,0.29555555555555557,scaled,8000,5333,6666,0.10815451678325085,0.10815387345702042,0.10812345035379191,4.198849447287212e-05,0.3619832618017551,0.4078179361994524,0.5794849328768452,0.5857160940028473,0.18714542385364305,864.9876028303353,1
refined_max_T6000,ABB,0.9285151620609833,0.29555555555555557,scaled,10000,6666,8333,0.10815442751457238,0.10815450021355323,0.10815019680524247,5.4094656125533436e-05,0.3620570261577361,0.3748398568127518,0.5794828584256403,0.5857158699194565,0.18719740823836256,1081.5019680524247,1
refined_max_T6000,ABB,0.9285151620609833,0.29555555555555557,scaled,12000,8000,10000,0.10815446472346235,0.10815448519617891,0.10815213533965709,4.6697357499889125e-05,0.36206316054908555,0.44778513297773853,0.5794841516437752,0.5857161020263179,0.18719225162730177,1297.8256240758851,1
pp_primary_mid_T6000,A,1.7535935734890633,0.5581861707899305,fixed,300,200,250,-0.05983959629476887,-0.059840663235320044,-0.059815456603050286,6.05807793562646e-06,-0.07434962420623596,-0.07415234100032125,0.62714649898937,0.6436069317207629,0.21205184054379841,-17.944636980915085,1
pp_primary_mid_T6000,A,1.7535935734890633,0.5581861707899305,fixed,600,200,250,-0.05983890261920777,-0.05983886344533857,-0.059828880677058764,1.9482151944104353e-05,-0.07436321846831812,-0.07444880863291253,0.6272191661010148,0.6436179474850446,0.21049949943852483,-35.89732840623526,1
pp_primary_mid_T6000,A,1.7535935734890633,0.5581861707899305,fixed,900,200,250,-0.05983868939068747,-0.05983865814733395,-0.05983175579732918,2.2357272214522383e-05,-0.07436494225908663,-0.07436268871723634,0.6272294053414305,0.6436193501191245,0.2102757071562293,-53.848580217596265,1
pp_primary_mid_T6000,A,1.7535935734890633,0.5581861707899305,fixed,1200,200,250,-0.05983858991552548,-0.05983856758335972,-0.05983335842368534,2.395989857068015e-05,-0.07436526306444277,-0.07434000304534394,0.6272334017602983,0.6436198481447231,0.2101860251837804,-71.8000301084224,1
pp_primary_mid_T6000,A,1.7535935734890633,0.5581861707899305,fixed,1500,200,250,-0.059838540788256074,-0.05983852477508656,-0.05983448716038529,2.508863527062727e-05,-0.07436565702733881,-0.07438712009518128,0.6272356169780853,0.6436201494995768,0.2101377310568666,-89.75173074057793,1
pp_primary_mid_T6000,A,1.7535935734890633,0.5581861707899305,fixed,2000,200,250,-0.059838495233333976,-0.05983848504216849,-0.059835451299615046,2.6052774500386067e-05,-0.07436600851732968,-0.07437582123813602,0.6272376635802119,0.6436204248080916,0.21009298901614898,-119.67090259923009,1
pp_primary_mid_T6000,A,1.7535935734890633,0.5581861707899305,fixed,3000,200,250,-0.05983845461529771,-0.059838449395827636,-0.05983641968195972,2.7021156845059846e-05,-0.07436628441667104,-0.0743594519085452,0.6272395377201875,0.6436206650368685,0.21005141322105145,-179.50925904587916,1
pp_primary_mid_T6000,A,1.7535935734890633,0.5581861707899305,fixed,4000,200,250,-0.059838437227605484,-0.05983843404669875,-0.05983692839285362,2.7529867738962377e-05,-0.07436643728593728,-0.07437182059324099,0.6272404351815233,0.6436207840000274,0.21003171886724548,-239.3477135714145,1
pp_primary_mid_T6000,A,1.7535935734890633,0.5581861707899305,fixed,6000,200,250,-0.0598384222862678,-0.05983842073558344,-0.05983741953221454,2.8021007099879314e-05,-0.07436657900323759,-0.0743686149353045,0.6272412975721688,0.6436208964174651,0.21001269756912447,-359.02451719328724,1
pp_primary_mid_T6000,A,1.7535935734890633,0.5581861707899305,fixed,8000,200,250,-0.05983841602957176,-0.059838415109647415,-0.0598376653501808,2.8266825066139423e-05,-0.07436664982314585,-0.0743665753062045,0.6272417183805763,0.6436209515165185,0.21000342985615933,-478.7013228014464,1
pp_primary_mid_T6000,A,1.7535935734890633,0.5581861707899305,fixed,10000,200,250,-0.059838412761860645,-0.05983841215195979,-0.059837813199771654,2.8414674656994376e-05,-0.074366692281006,-0.07436577168775277,0.6272419676647667,0.6436209842466067,0.20999794463456103,-598.3781319977165,1
pp_primary_mid_T6000,A,1.7535935734890633,0.5581861707899305,fixed,12000,200,250,-0.05983841081980134,-0.059838410385353806,-0.059837911988061494,2.851346294683449e-05,-0.07436672044754412,-0.0743659446157946,0.627242132465907,0.6436210058895543,0.20999431867568338,-718.054943856738,1
pp_primary_mid_T6000,A,1.7535935734890633,0.5581861707899305,scaled,300,200,250,-0.05983959629476887,-0.059840663235320044,-0.059815456603050286,6.05807793562646e-06,-0.07434962420623596,-0.07415234100032125,0.62714649898937,0.6436069317207629,0.21205184054379841,-17.944636980915085,1
pp_primary_mid_T6000,A,1.7535935734890633,0.5581861707899305,scaled,600,400,500,-0.05983863739043519,-0.05983875136218829,-0.059828880677058764,3.4395760633437744e-06,-0.07436564819355448,-0.07444880863291253,0.6271979755609625,0.6436156175594792,0.21102120743954564,-35.89732840623526,1
pp_primary_mid_T6000,A,1.7535935734890633,0.5581861707899305,scaled,900,600,750,-0.05983850835374204,-0.05983854026509895,-0.05983175579732918,1.5599097450552657e-06,-0.07436751736364479,-0.07436268871723634,0.6272133433642998,0.6436176374378941,0.21067427857230195,-53.848580217596265,1
pp_primary_mid_T6000,A,1.7535935734890633,0.5581861707899305,scaled,1200,800,1000,-0.05983843589106683,-0.05983836279719467,-0.05983335842368534,9.837095824097308e-07,-0.07436695133002705,-0.07434000304534394,0.6272205503129257,0.6436183965938669,0.21050019792400781,-71.8000301084224,1
pp_primary_mid_T6000,A,1.7535935734890633,0.5581861707899305,scaled,1500,1000,1250,-0.059838433012810305,-0.05983840602481592,-0.05983448716038529,8.992542091246225e-07,-0.07436697805885506,-0.07438712009518128,0.627225042612161,0.6436189479766788,0.21039569387766385,-89.75173074057793,1
pp_primary_mid_T6000,A,1.7535935734890633,0.5581861707899305,scaled,2000,1333,1666,-0.05983843042900826,-0.05983842289809873,-0.059835451299615046,6.438479037695899e-07,-0.07436677666947912,-0.07437582123813602,0.6272429154597463,0.6436211008517897,0.2099765339517104,-119.67090259923009,1
pp_primary_mid_T6000,A,1.7535935734890633,0.5581861707899305,scaled,3000,2000,2500,-0.05983841486985526,-0.059838413806567306,-0.05983641968195972,4.0247856719632935e-07,-0.07436679034228065,-0.0743594519085452,0.6272339356577127,0.6436200003128312,0.21018630450059902,-179.50925904587916,1
pp_primary_mid_T6000,A,1.7535935734890633,0.5581861707899305,scaled,4000,2666,3333,-0.05983841061253894,-0.059838409639502016,-0.05983692839285362,3.055733185583498e-07,-0.07436684371784999,-0.07437182059324099,0.6272362050879018,0.6436202874751822,0.21013383610232725,-239.3477135714145,1
pp_primary_mid_T6000,A,1.7535935734890633,0.5581861707899305,scaled,6000,4000,5000,-0.05983840754128578,-0.05983840715804266,-0.05983741953221454,2.0161417330771814e-07,-0.07436685082185251,-0.0743686149353045,0.627238446114732,0.6436205613931427,0.2100814851449441,-359.02451719328724,1
pp_primary_mid_T6000,A,1.7535935734890633,0.5581861707899305,scaled,8000,5333,6666,-0.05983840650584615,-0.05983840615999061,-0.0598376653501808,1.4810713474394666e-07,-0.07436685589633436,-0.0743665753062045,0.6272429395772955,0.6436211116998213,0.20997654925422993,-478.7013228014464,1
pp_primary_mid_T6000,A,1.7535935734890633,0.5581861707899305,scaled,10000,6666,8333,-0.05983840604338141,-0.05983840590842072,-0.059837813199771654,1.185856068133817e-07,-0.0743668574719359,-0.07436577168775277,0.6272402446158787,0.6436207820591519,0.21003951103588783,-598.3781319977165,1
pp_primary_mid_T6000,A,1.7535935734890633,0.5581861707899305,scaled,12000,8000,10000,-0.059838405792613465,-0.05983840568161309,-0.059837911988061494,9.878828984011268e-08,-0.07436685811207541,-0.0743659446157946,0.6272406933039995,0.6436208369679616,0.2100290305766965,-718.054943856738,1
pp_primary_mid_T6000,B,1.7535935734890633,0.5581861707899305,fixed,300,200,250,-0.012260845000179162,-0.016328189150005043,-0.01127191732878059,0.0035161969697065695,-0.0448333029006369,-0.006658994407726562,0.9182653103242027,0.9186022018248615,0.42638480201975865,-3.3815751986341773,1
pp_primary_mid_T6000,B,1.7535935734890633,0.5581861707899305,fixed,600,200,250,-0.01135443748679101,-0.011375876281208827,-0.011530519584258776,0.0035543673417074775,-0.0313949304670458,-0.06602860315427181,0.9182660252914637,0.918599105155464,0.4232558277121362,-6.918311750555266,1
pp_primary_mid_T6000,B,1.7535935734890633,0.5581861707899305,fixed,900,200,250,-0.011408224317751235,-0.011420391085047974,-0.011336967263925066,0.0034511470345620944,-0.03599480085948767,-0.00011448719680888508,0.9182660757371559,0.9185983156919086,0.42280504415032594,-10.203270537532559,1
pp_primary_mid_T6000,B,1.7535935734890633,0.5581861707899305,fixed,1200,200,250,-0.011386070599298947,-0.011389943646175835,-0.011471421857501345,0.0034952696149500462,-0.03342121644402103,-0.07221630387717831,0.918266100404064,0.9185979653157776,0.4226244947171446,-13.765706229001614,1
pp_primary_mid_T6000,B,1.7535935734890633,0.5581861707899305,fixed,1500,200,250,-0.01139606360607117,-0.011399010594780719,-0.011350817950811982,0.003437296347675178,-0.0352977400730226,0.005857901064540316,0.9182661108034594,0.9185977684309306,0.42252720213912165,-17.026226926217973,1
pp_primary_mid_T6000,B,1.7535935734890633,0.5581861707899305,fixed,2000,200,250,-0.01139118536050929,-0.01139248077365897,-0.011338914402410177,0.0034491998960769835,-0.03435006486317344,0.02784657444155461,0.9182661170814298,0.9185975811585999,0.4224370758247373,-22.677828804820354,1
pp_primary_mid_T6000,B,1.7535935734890633,0.5581861707899305,fixed,3000,200,250,-0.011391183768469683,-0.011391703316515159,-0.011433848162704627,0.0034576959201533287,-0.034319092648960346,-0.08759133795332283,0.9182661313520526,0.9185974054781385,0.4223533719133981,-34.30154448811388,1
pp_primary_mid_T6000,B,1.7535935734890633,0.5581861707899305,fixed,4000,200,250,-0.011392289718581148,-0.011392595808055213,-0.011393249830677257,0.0034170975881259585,-0.03494211184803188,-0.02781390117628925,0.9182661362569962,0.9185973211225436,0.4223137066818254,-45.57299932270903,1
pp_primary_mid_T6000,B,1.7535935734890633,0.5581861707899305,fixed,6000,200,250,-0.011391665180489497,-0.011391788533645838,-0.011416590085431468,0.0034404378428801695,-0.03460569125811201,-0.0990771105675213,0.9182661409204883,0.9185972392677503,0.422275402907887,-68.49954051258881,1
pp_primary_mid_T6000,B,1.7535935734890633,0.5581861707899305,fixed,8000,200,250,-0.011391510695526002,-0.011391576727796445,-0.011391215996866266,0.0034150637543149676,-0.034447233521634986,-0.02293386212024194,0.9182661436112821,0.9185971993526924,0.4222567405056291,-91.12972797493013,1
pp_primary_mid_T6000,B,1.7535935734890633,0.5581861707899305,fixed,10000,200,250,-0.011391669455688432,-0.01139171255835612,-0.011381372609741673,0.0034067416887454873,-0.03466010908629591,0.02644394601694082,0.9182661449453448,0.9185971756631909,0.42224569403688667,-113.81372609741673,1
pp_primary_mid_T6000,B,1.7535935734890633,0.5581861707899305,fixed,12000,200,250,-0.011391697904671831,-0.011391727880759303,-0.011398218430867304,0.003422066188316005,-0.03472400762465049,-0.06389468823626188,0.9182661459777954,0.9185971600203218,0.4222383921800391,-136.77862117040763,1
pp_primary_mid_T6000,B,1.7535935734890633,0.5581861707899305,scaled,300,200,250,-0.012260845000179162,-0.016328189150005043,-0.01127191732878059,0.0035161969697065695,-0.0448333029006369,-0.006658994407726562,0.9182653103242027,0.9186022018248615,0.42638480201975865,-3.3815751986341773,1
pp_primary_mid_T6000,B,1.7535935734890633,0.5581861707899305,scaled,600,400,500,-0.01138321535087674,-0.01059440476042737,-0.011530519584258776,0.0018594215220079854,-0.023472175234221904,-0.06602860315427181,0.9182652470880474,0.9185977465003211,0.42430385120849634,-6.918311750555266,1
pp_primary_mid_T6000,B,1.7535935734890633,0.5581861707899305,scaled,900,600,750,-0.011382769322660647,-0.011525744250084784,-0.011336967263925066,0.0012733674143840402,-0.04222264746966698,-0.00011448719680888508,0.9182652253156374,0.9185972517886026,0.42360514930283233,-10.203270537532559,1
pp_primary_mid_T6000,B,1.7535935734890633,0.5581861707899305,scaled,1200,800,1000,-0.0113521408574907,-0.011410994797693095,-0.011471421857501345,0.0009402806262490786,-0.0319809439699346,-0.07221630387717831,0.9182655271476071,0.9185971623888127,0.42325560544762,-13.765706229001614,1
pp_primary_mid_T6000,B,1.7535935734890633,0.5581861707899305,scaled,1500,1000,1250,-0.011446564600438181,-0.011355727794750513,-0.011350817950811982,0.000766454429566599,-0.03431431486000053,0.005857901064540316,0.9182656345996694,0.9185971218579424,0.4230453789444575,-17.026226926217973,1
pp_primary_mid_T6000,B,1.7535935734890633,0.5581861707899305,scaled,2000,1333,1666,-0.011378921569048784,-0.01138567479787664,-0.011338914402410177,0.0005881164496074308,-0.03479187088121464,0.02784657444155461,0.9182661375765273,0.9185970974209733,0.4222025735462512,-22.677828804820354,1
pp_primary_mid_T6000,B,1.7535935734890633,0.5581861707899305,scaled,3000,2000,2500,-0.011385416511273873,-0.011340569088438248,-0.011433848162704627,0.00039077513622503765,-0.03420126385286812,-0.08759133795332283,0.9182658835118077,0.9185970867051845,0.4226244064238295,-34.30154448811388,1
pp_primary_mid_T6000,B,1.7535935734890633,0.5581861707899305,scaled,4000,2666,3333,-0.0113991616943964,-0.011429345597903866,-0.011393249830677257,0.0002690846726049207,-0.03506888404618489,-0.02781390117628925,0.9182659436734035,0.9185970831742348,0.42251886196378485,-45.57299932270903,1
pp_primary_mid_T6000,B,1.7535935734890633,0.5581861707899305,scaled,6000,4000,5000,-0.011393793537549338,-0.01138579520753385,-0.011416590085431468,0.00020087380622753857,-0.033963249252931,-0.0990771105675213,0.9182660121139771,0.9185970823736773,0.4224136019875251,-68.49954051258881,1
pp_primary_mid_T6000,B,1.7535935734890633,0.5581861707899305,scaled,8000,5333,6666,-0.011390547458691959,-0.01138308924406997,-0.011391215996866266,0.00013728928523250826,-0.03410855462862128,-0.02293386212024194,0.9182661505144023,0.9185970834755468,0.42220260815523175,-91.12972797493013,1
pp_primary_mid_T6000,B,1.7535935734890633,0.5581861707899305,scaled,10000,6666,8333,-0.0113912438275926,-0.01139436235568258,-0.011381372609741673,0.00012004287719541429,-0.03506128110593012,0.02644394601694082,0.9182660677639582,0.9185970825329312,0.4223292050572138,-113.81372609741673,1
pp_primary_mid_T6000,B,1.7535935734890633,0.5581861707899305,scaled,12000,8000,10000,-0.011391602169729535,-0.011394372111616643,-0.011398218430867304,9.478646588694482e-05,-0.03526070460843444,-0.06389468823626188,0.9182660818239223,0.9185970826611111,0.4223081327110418,-136.77862117040763,1
pp_primary_mid_T6000,ABB,1.7535935734890633,0.5581861707899305,fixed,300,200,250,0.08609136851376605,0.08572526864905955,0.08732758374052152,0.001368289990029331,0.28800862351507955,0.24437843787022268,0.10141290747533875,0.12391646979800848,0.021577917492354104,26.198275122156456,1
pp_primary_mid_T6000,ABB,1.7535935734890633,0.5581861707899305,fixed,600,200,250,0.08658379679731901,0.08664332451010724,0.08721776886884895,0.0014781048617018983,0.28463259365079535,0.2682621555010563,0.09239141411102345,0.10804363818337133,0.020092576852608166,52.33066132130937,1
pp_primary_mid_T6000,ABB,1.7535935734890633,0.5581861707899305,fixed,900,200,250,0.08681779966897615,0.08686122722555843,0.08712586227615993,0.0015700114543909238,0.28467360536094066,0.2733169420076208,0.0888760480631569,0.10231648731617318,0.01937686581874717,78.41327604854393,1
pp_primary_mid_T6000,ABB,1.7535935734890633,0.5581861707899305,fixed,1200,200,250,0.08695410402028793,0.08698609042592437,0.08712555539113082,0.0015703183394200348,0.28510275280375863,0.2668961399557873,0.08719541596236706,0.09954900911435345,0.019041543002792167,104.55066646935698,1
pp_primary_mid_T6000,ABB,1.7535935734890633,0.5581861707899305,fixed,1500,200,250,0.08704214743451692,0.08706661113543619,0.08718638121911482,0.0015094925114360336,0.2857489201114363,0.2802589580676641,0.08632679365900171,0.09806194231297966,0.018853958477744112,130.77957182867223,1
pp_primary_mid_T6000,ABB,1.7535935734890633,0.5581861707899305,fixed,2000,200,250,0.0871211361145063,0.08713728529757908,0.08707332308546374,0.0016225506450871091,0.2869647007391719,0.26430567166443736,0.08563373520068894,0.09681789198217566,0.018654218873436868,174.14664617092748,1
pp_primary_mid_T6000,ABB,1.7535935734890633,0.5581861707899305,fixed,3000,200,250,0.08714882595276408,0.08715600119982383,0.08718826076572765,0.001507612964823199,0.2885264820665686,0.31838705145241314,0.08511814841095999,0.09580438371833777,0.01846848494421821,261.56478229718294,1
pp_primary_mid_T6000,ABB,1.7535935734890633,0.5581861707899305,fixed,4000,200,250,0.08711975887506643,0.08712291522710988,0.08714419933772026,0.0015516743928305904,0.2889792565152263,0.274024938011295,0.08473444762792579,0.09512755234875037,0.018366502319662064,348.57679735088107,1
pp_primary_mid_T6000,ABB,1.7535935734890633,0.5581861707899305,fixed,6000,200,250,0.08708252652508373,0.08708335465578129,0.08709738014254821,0.001598493588002639,0.28913747226776965,0.2680930705069545,0.0841780075260619,0.09421371739853221,0.01824220839246062,522.5842808552893,1
pp_primary_mid_T6000,ABB,1.7535935734890633,0.5581861707899305,fixed,8000,200,250,0.08707399592579607,0.08707435527653767,0.08706678883357821,0.001629084896972638,0.28938286653919587,0.2843757262899784,0.08397363662765872,0.09385742965658529,0.01818449124790999,696.5343106686257,1
pp_primary_mid_T6000,ABB,1.7535935734890633,0.5581861707899305,fixed,10000,200,250,0.08706693393588223,0.08706709632971911,0.08708806366469957,0.001607810065851284,0.28944749323988583,0.2610622112434821,0.08380866633440733,0.09358655210458153,0.01814892958610922,870.8806366469956,1
pp_primary_mid_T6000,ABB,1.7535935734890633,0.5581861707899305,fixed,12000,200,250,0.08706387324802167,0.08706396126092901,0.08707821702941923,0.00161765670113162,0.2895266302268529,0.2786020315989306,0.08372212858015438,0.09343672598945064,0.01812576024108694,1044.9386043530308,1
pp_primary_mid_T6000,ABB,1.7535935734890633,0.5581861707899305,scaled,300,200,250,0.08609136851376605,0.08572526864905955,0.08732758374052152,0.001368289990029331,0.28800862351507955,0.24437843787022268,0.10141290747533875,0.12391646979800848,0.021577917492354104,26.198275122156456,1
pp_primary_mid_T6000,ABB,1.7535935734890633,0.5581861707899305,scaled,600,400,500,0.08680714633748929,0.08681077560950975,0.08721776886884895,0.0005830916679819831,0.2822325506984131,0.2682621555010563,0.08745432481138614,0.09970786127778103,0.019491670647949835,52.33066132130937,1
pp_primary_mid_T6000,ABB,1.7535935734890633,0.5581861707899305,scaled,900,600,750,0.08703794517724106,0.08707304873126635,0.08712586227615993,0.00036914706575727485,0.2846737191347227,0.2733169420076208,0.08419155345627549,0.09466993139499079,0.018478577957936417,78.41327604854393,1
pp_primary_mid_T6000,ABB,1.7535935734890633,0.5581861707899305,scaled,1200,800,1000,0.08718267879089667,0.08716274611844474,0.08712555539113082,0.00028472678965071885,0.2856783931880814,0.2668961399557873,0.08336339006046144,0.09323637945873658,0.018345579105328184,104.55066646935698,1
pp_primary_mid_T6000,ABB,1.7535935734890633,0.5581861707899305,scaled,1500,1000,1250,0.08722134633650815,0.08722826677174984,0.08718638121911482,0.00026121057664807434,0.287468970100132,0.2802589580676641,0.08333129906551093,0.09305317722269786,0.018208656118365363,130.77957182867223,1
pp_primary_mid_T6000,ABB,1.7535935734890633,0.5581861707899305,scaled,2000,1333,1666,0.08722686798413798,0.0871989393920414,0.08707332308546374,0.0002101793070679453,0.2894793325699601,0.26430567166443736,0.08374279696632463,0.09347601010344453,0.01815004248122973,174.14664617092748,1
pp_primary_mid_T6000,ABB,1.7535935734890633,0.5581861707899305,scaled,3000,2000,2500,0.08710480055743253,0.08706342724914799,0.08718826076572765,0.000124206983276004,0.29131224366520925,0.31838705145241314,0.08418687784264742,0.09397974765167197,0.018152043990280035,261.56478229718294,1
pp_primary_mid_T6000,ABB,1.7535935734890633,0.5581861707899305,scaled,4000,2666,3333,0.08702230740865143,0.08700894919294731,0.08714419933772026,8.778021478776654e-05,0.2904657603984156,0.274024938011295,0.08378018748622586,0.0933993436131482,0.01809524846582124,348.57679735088107,1
pp_primary_mid_T6000,ABB,1.7535935734890633,0.5581861707899305,scaled,6000,4000,5000,0.08706324277433095,0.08708258901954515,0.08709738014254821,4.406456279644477e-05,0.28943045854521143,0.2680930705069545,0.08311821452892075,0.09247562220635844,0.01801890902992656,522.5842808552893,1
pp_primary_mid_T6000,ABB,1.7535935734890633,0.5581861707899305,scaled,8000,5333,6666,0.08706286936595042,0.0870440954973811,0.08706678883357821,5.6352234388212796e-05,0.29000192002308556,0.2843757262899784,0.08333183680503124,0.09275911822794383,0.018015194998202422,696.5343106686257,1
pp_primary_mid_T6000,ABB,1.7535935734890633,0.5581861707899305,scaled,10000,6666,8333,0.08704719328506859,0.08705766400843222,0.08708806366469957,3.1887624920720614e-05,0.2898500543847985,0.2610622112434821,0.08325076577167997,0.09264762864232347,0.018016694174319774,870.8806366469956,1
pp_primary_mid_T6000,ABB,1.7535935734890633,0.5581861707899305,scaled,12000,8000,10000,0.08705864198279939,0.0870560297399413,0.08707821702941923,2.133352341150696e-05,0.28980564787830887,0.2786020315989306,0.08322980351813955,0.09261610997361013,0.01801492268418876,1044.9386043530308,1
pp_primary_left_T6000,A,1.733178845836952,0.5516879611545139,fixed,300,200,250,-0.05971264815624217,-0.05971957221777657,-0.0596922409842881,7.640008571133117e-06,-0.0741248085836097,-0.07407251699920547,0.6259203811733315,0.6425018616536758,0.21134970593606772,-17.90767229528643,1
pp_primary_left_T6000,A,1.733178845836952,0.5516879611545139,fixed,600,200,250,-0.05971246444748096,-0.05971255901029787,-0.05970238953356646,1.7788557849493514e-05,-0.07411487460569705,-0.07408869056081224,0.6259870623489368,0.642509419955189,0.20979957969656865,-35.82143372013988,1
pp_primary_left_T6000,A,1.733178845836952,0.5516879611545139,fixed,900,200,250,-0.059712352006121815,-0.059712364821113875,-0.059705697534261935,2.109655854496545e-05,-0.07411412241802431,-0.07409610533053423,0.6259967899991693,0.6425105250256626,0.20957628357250163,-53.73512778083574,1
pp_primary_left_T6000,A,1.733178845836952,0.5516879611545139,fixed,1200,200,250,-0.059712290646322795,-0.05971229102007199,-0.059707331334147046,2.273035843007587e-05,-0.07411391913085653,-0.07410002338254484,0.6260007030748036,0.6425109713207959,0.20948683723072442,-71.64879760097645,1
pp_primary_left_T6000,A,1.733178845836952,0.5516879611545139,fixed,1500,200,250,-0.059712253749547146,-0.059712251328903565,-0.05970830464049143,2.3703664774457622e-05,-0.07411383654753517,-0.07410243953622198,0.6260028157332952,0.6425112129265291,0.20943864360523065,-89.56245696073714,1
pp_primary_left_T6000,A,1.733178845836952,0.5516879611545139,fixed,2000,200,250,-0.05971221790540646,-0.05971221492592676,-0.05970931303135543,2.4712055638462238e-05,-0.07411377281303122,-0.07412759781206102,0.6260047821255734,0.6425114413382589,0.20939400585250617,-119.41862606271087,1
pp_primary_left_T6000,A,1.733178845836952,0.5516879611545139,fixed,3000,200,250,-0.05971218474643343,-0.059712182586644236,-0.05971023497756257,2.5634001845596666e-05,-0.07411373911630093,-0.07410763408000315,0.6260065981198194,0.642511646922539,0.2093525308343114,-179.1307049326877,1
pp_primary_left_T6000,A,1.733178845836952,0.5516879611545139,fixed,4000,200,250,-0.05971216986675048,-0.05971216836928422,-0.059710719280622784,2.611830490581446e-05,-0.07411372191545068,-0.07411485600850154,0.626007462234448,0.6425117462815605,0.2093328816914929,-238.84287712249113,1
pp_primary_left_T6000,A,1.733178845836952,0.5516879611545139,fixed,6000,200,250,-0.05971215687346401,-0.05971215605781528,-0.059711191805686174,2.659082996920442e-05,-0.07411371664286744,-0.07411109376249647,0.6260082975034947,0.6425118425891949,0.20931390647448225,-358.26715083411705,1
pp_primary_left_T6000,A,1.733178845836952,0.5516879611545139,fixed,8000,200,250,-0.059712151334723795,-0.05971215082521696,-0.05971143051596487,2.6829540247901018e-05,-0.07411371433954939,-0.07411331523912562,0.6260087049137313,0.6425118897425146,0.20930466119028585,-477.69144412771897,1
pp_primary_left_T6000,A,1.733178845836952,0.5516879611545139,fixed,10000,200,250,-0.05971214841322241,-0.05971214806499048,-0.059711573424687116,2.697244897014589e-05,-0.0741137120069851,-0.07411483331428681,0.6260089456954554,0.6425119174501255,0.20929918893573451,-597.1157342468712,1
pp_primary_left_T6000,A,1.733178845836952,0.5516879611545139,fixed,12000,200,250,-0.059712146667494456,-0.05971214641437223,-0.05971166786897478,2.70668932578072e-05,-0.07411371053074346,-0.07411377928956026,0.6260091047323878,0.6425119356905674,0.20929557143493835,-716.5400144276973,1
pp_primary_left_T6000,A,1.733178845836952,0.5516879611545139,scaled,300,200,250,-0.05971264815624217,-0.05971957221777657,-0.0596922409842881,7.640008571133117e-06,-0.0741248085836097,-0.07407251699920547,0.6259203811733315,0.6425018616536758,0.21134970593606772,-17.90767229528643,1
pp_primary_left_T6000,A,1.733178845836952,0.5516879611545139,scaled,600,400,500,-0.059712333895530094,-0.059712411562642065,-0.05970238953356646,2.4015684130657133e-06,-0.0741156919929172,-0.07408869056081224,0.6259656953613164,0.6425070197462672,0.21031931970307285,-35.82143372013988,1
pp_primary_left_T6000,A,1.733178845836952,0.5516879611545139,scaled,900,600,750,-0.059712310388077054,-0.059712157152211565,-0.059705697534261935,1.3787031738418665e-06,-0.07411303584289482,-0.07409610533053423,0.6259795845207455,0.6425082063807469,0.2099729274566207,-53.73512778083574,1
pp_primary_left_T6000,A,1.733178845836952,0.5516879611545139,scaled,1200,800,1000,-0.05971219797566769,-0.05971217526093349,-0.059707331334147046,9.896179098550784e-07,-0.0741138603333832,-0.07410002338254484,0.6259872871527714,0.6425092347931539,0.20979970638443338,-71.64879760097645,1
pp_primary_left_T6000,A,1.733178845836952,0.5516879611545139,scaled,1500,1000,1250,-0.05971217363876364,-0.059712186019305724,-0.05970830464049143,8.146896476185495e-07,-0.07411389521902743,-0.07410243953622198,0.6259919117341414,0.6425098510163109,0.20969559421760198,-89.56245696073714,1
pp_primary_left_T6000,A,1.733178845836952,0.5516879611545139,scaled,2000,1333,1666,-0.05971215929919566,-0.059712152964516506,-0.05970931303135543,6.227131197911184e-07,-0.0741137940987515,-0.07412759781206102,0.6260099610064365,0.6425120707131969,0.209277885463651,-119.41862606271087,1
pp_primary_left_T6000,A,1.733178845836952,0.5516879611545139,scaled,3000,2000,2500,-0.059712150624571324,-0.059712147163621894,-0.05971023497756257,3.759106637982179e-07,-0.07411369233396774,-0.07410763408000315,0.626000838978347,0.642510907061921,0.20948690666579656,-179.1307049326877,1
pp_primary_left_T6000,A,1.733178845836952,0.5516879611545139,scaled,4000,2666,3333,-0.059712146736027136,-0.05971214518176723,-0.059710719280622784,2.936012451978942e-07,-0.07411366384382735,-0.07411485600850154,0.6260031067700724,0.6425111891970064,0.20943460449718326,-238.84287712249113,1
pp_primary_left_T6000,A,1.733178845836952,0.5516879611545139,scaled,6000,4000,5000,-0.05971214371504548,-0.05971214344405364,-0.059711191805686174,1.89906517809868e-07,-0.07411370719672886,-0.07411109376249647,0.6260053669254914,0.6425114697663756,0.20938243166106338,-358.26715083411705,1
pp_primary_left_T6000,A,1.733178845836952,0.5516879611545139,scaled,8000,5333,6666,-0.05971214286062326,-0.05971214256843763,-0.05971143051596487,1.423937609768e-07,-0.07411370161103174,-0.07411331523912562,0.6260098842465256,0.6425120252026786,0.20927784407108432,-477.69144412771897,1
pp_primary_left_T6000,A,1.733178845836952,0.5516879611545139,scaled,10000,6666,8333,-0.05971214236228638,-0.05971214225087426,-0.059711573424687116,1.1479840426181775e-07,-0.07411370669134087,-0.07411483331428681,0.6260071750932088,0.6425116925734402,0.20934059718567596,-597.1157342468712,1
pp_primary_left_T6000,A,1.733178845836952,0.5516879611545139,scaled,12000,8000,10000,-0.05971214212685292,-0.05971214200481883,-0.05971166786897478,9.491225093360978e-08,-0.07411370300567811,-0.07411377928956026,0.6260076244014103,0.6425117470058054,0.20933015051901335,-716.5400144276973,1
pp_primary_left_T6000,B,1.733178845836952,0.5516879611545139,fixed,300,200,250,-0.012658073418522134,-0.017125123852095386,-0.011583944810749269,0.0035533562199503554,-0.04505547789377402,-0.01606578720842959,0.9164401037229697,0.9168016295353976,0.42474130754397393,-3.475183443224781,1
pp_primary_left_T6000,B,1.733178845836952,0.5516879611545139,fixed,600,200,250,-0.011606351852724841,-0.011626995905086984,-0.011723087105620544,0.0034142139250790803,-0.031458827164409925,-0.04849261078170022,0.916440874609566,0.9167984780177555,0.4216243201327609,-7.033852263372326,1
pp_primary_left_T6000,B,1.733178845836952,0.5516879611545139,fixed,900,200,250,-0.011666132076087861,-0.011678966257728905,-0.011652529948941207,0.003484771081758417,-0.036885154600099807,-0.028618164246383263,0.9164408411101818,0.9167976546284321,0.4211751098066028,-10.487276954047086,1
pp_primary_left_T6000,B,1.733178845836952,0.5516879611545139,fixed,1200,200,250,-0.01163816493595093,-0.011641881624569965,-0.01166274594548842,0.0034745550852112034,-0.03379646624370251,-0.0358822284447171,0.9164408218193313,0.9167972884202134,0.4209951430982714,-13.995295134586105,1
pp_primary_left_T6000,B,1.733178845836952,0.5516879611545139,fixed,1500,200,250,-0.011650953796556313,-0.011654021407122959,-0.011666378155035136,0.0034709228756644884,-0.036212888287071185,-0.04128557908946036,0.9164408194615047,0.9167970844657732,0.42089820639946124,-17.499567232552703,1
pp_primary_left_T6000,B,1.733178845836952,0.5516879611545139,fixed,2000,200,250,-0.011647072191317633,-0.011648516363019808,-0.011607970486283519,0.003529330544416105,-0.03575741536920631,0.011418885961908876,0.9164408068838389,0.9167968894674743,0.4208083853523689,-23.215940972567036,1
pp_primary_left_T6000,B,1.733178845836952,0.5516879611545139,fixed,3000,200,250,-0.011644010661979924,-0.011644515340862213,-0.011627756285340895,0.0035095447453587295,-0.034905513706778336,0.00017187153744713246,0.9164407970007011,0.9167967054457704,0.420724949960621,-34.88326885602268,1
pp_primary_left_T6000,B,1.733178845836952,0.5516879611545139,fixed,4000,200,250,-0.011644654796400382,-0.011644938751334972,-0.011680565939016806,0.0034567350916828183,-0.03521831752890953,-0.09644251459523209,0.9164407934069801,0.9167966175882089,0.4206854200192531,-46.72226375606722,1
pp_primary_left_T6000,B,1.733178845836952,0.5516879611545139,fixed,6000,200,250,-0.01164475125483208,-0.011644873451484128,-0.011626206721146603,0.0035110943095530214,-0.03535192977327581,0.030097892211362373,0.9164407889855022,0.916796532204534,0.42064724404325937,-69.75724032687961,1
pp_primary_left_T6000,B,1.733178845836952,0.5516879611545139,fixed,8000,200,250,-0.01164481080803298,-0.011644878995203223,-0.0116622749299435,0.0034750261007561248,-0.03545178577320348,-0.09498557198434106,0.9164407865912745,0.916796490458652,0.42062864243903797,-93.298199439548,1
pp_primary_left_T6000,B,1.733178845836952,0.5516879611545139,fixed,10000,200,250,-0.011644666314772917,-0.011644708122086619,-0.011637906016828067,0.0034993950138715573,-0.035281821010123074,0.008737621939669052,0.916440785378691,0.9167964657607716,0.4206176330453638,-116.37906016828066,1
pp_primary_left_T6000,B,1.733178845836952,0.5516879611545139,fixed,12000,200,250,-0.011644788505824396,-0.0116448182674289,-0.01165007700155049,0.0034872240291491333,-0.03549671187155764,-0.05711982076998459,0.9164407844135682,0.9167964493993817,0.42061035494489657,-139.80092401860588,1
pp_primary_left_T6000,B,1.733178845836952,0.5516879611545139,scaled,300,200,250,-0.012658073418522134,-0.017125123852095386,-0.011583944810749269,0.0035533562199503554,-0.04505547789377402,-0.01606578720842959,0.9164401037229697,0.9168016295353976,0.42474130754397393,-3.475183443224781,1
pp_primary_left_T6000,B,1.733178845836952,0.5516879611545139,scaled,600,400,500,-0.011579666634814648,-0.010526823766798222,-0.011723087105620544,0.0017922730050996608,-0.02437719520898138,-0.04849261078170022,0.9164393843912773,0.9167969873706251,0.42266693564334923,-7.033852263372326,1
pp_primary_left_T6000,B,1.733178845836952,0.5516879611545139,scaled,900,600,750,-0.011644230605699135,-0.01198677253115392,-0.011652529948941207,0.0011740112492323734,-0.04415281160306739,-0.028618164246383263,0.9164397901051661,0.9167965399215713,0.4219718268688324,-10.487276954047086,1
pp_primary_left_T6000,B,1.733178845836952,0.5516879611545139,scaled,1200,800,1000,-0.011614511785276347,-0.011539232136129306,-0.01166274594548842,0.0008924904661990404,-0.030766959177969185,-0.0358822284447171,0.9164400980479208,0.9167964478895504,0.42162356462813505,-13.995295134586105,1
pp_primary_left_T6000,B,1.733178845836952,0.5516879611545139,scaled,1500,1000,1250,-0.011696394665876018,-0.011668401164600349,-0.011666378155035136,0.0007022407197233467,-0.03662992997925087,-0.04128557908946036,0.9164401897165361,0.9167964025252353,0.42141413704578184,-17.499567232552703,1
pp_primary_left_T6000,B,1.733178845836952,0.5516879611545139,scaled,2000,1333,1666,-0.011663311758387815,-0.011650031773764575,-0.011607970486283519,0.0005806048459195395,-0.036135882299980424,0.011418885961908876,0.9164407716580648,0.916796384486741,0.4205746671062141,-23.215940972567036,1
pp_primary_left_T6000,B,1.733178845836952,0.5516879611545139,scaled,3000,2000,2500,-0.011643588342407557,-0.011613144993357472,-0.011627756285340895,0.0003776500928188934,-0.0333264934333503,0.00017187153744713246,0.9164404868880571,0.9167963713902341,0.4209948424077623,-34.88326885602268,1
pp_primary_left_T6000,B,1.733178845836952,0.5516879611545139,scaled,4000,2666,3333,-0.011647601046893672,-0.011640412501132525,-0.011680565939016806,0.000295716118455221,-0.03414968868286849,-0.09644251459523209,0.9164405581440986,0.9167963688492548,0.42088972178437606,-46.72226375606722,1
pp_primary_left_T6000,B,1.733178845836952,0.5516879611545139,scaled,6000,4000,5000,-0.011643672618273402,-0.011652388963486394,-0.011626206721146603,0.00020106296223582412,-0.03563626296950677,0.030097892211362373,0.9164406332089136,0.9167963684125419,0.4207848719250207,-69.75724032687961,1
pp_primary_left_T6000,B,1.733178845836952,0.5516879611545139,scaled,8000,5333,6666,-0.01164469553217435,-0.011651395356075409,-0.0116622749299435,0.00014955956814748095,-0.03586249663872673,-0.09498557198434106,0.9164407798981684,0.916796369465829,0.4205746889535945,-93.298199439548,1
pp_primary_left_T6000,B,1.733178845836952,0.5516879611545139,scaled,10000,6666,8333,-0.01164483509116231,-0.011643741013000666,-0.011637906016828067,0.00011697320613301108,-0.034747487375715834,0.008737621939669052,0.9164406920270567,0.9167963685153603,0.42070079934304105,-116.37906016828066,1
pp_primary_left_T6000,B,1.733178845836952,0.5516879611545139,scaled,12000,8000,10000,-0.011645431581027335,-0.011645260153750092,-0.01165007700155049,9.322462966631154e-05,-0.03559917559397043,-0.05711982076998459,0.9164407065372808,0.9167963685756588,0.4206798069508766,-139.80092401860588,1
pp_primary_left_T6000,ABB,1.733178845836952,0.5516879611545139,fixed,300,200,250,0.08977971426311585,0.0895423541776425,0.09119204429480389,0.0014343433140158873,0.3269007221386462,0.3004259372613503,0.12055151235859295,0.14759665026577867,0.02762038841283661,27.35761328844117,1
pp_primary_left_T6000,ABB,1.733178845836952,0.5516879611545139,fixed,600,200,250,0.09046055009941398,0.09053764815731148,0.09124881839976491,0.0013775692090548658,0.32314153062279255,0.3594477445392539,0.11004884935123489,0.13090292456332658,0.025260520517075943,54.749291039858946,1
pp_primary_left_T6000,ABB,1.733178845836952,0.5516879611545139,fixed,900,200,250,0.09066577757016542,0.09071143618431317,0.09100246646302325,0.001623921145796528,0.32076029112933147,0.31733406735986475,0.10540351626780065,0.12407996897836995,0.024475248212376243,81.90221981672093,1
pp_primary_left_T6000,ABB,1.733178845836952,0.5516879611545139,fixed,1200,200,250,0.0908206696739832,0.09085539686454153,0.09104074527625833,0.0015856423325614488,0.3202967081140187,0.34511595609873313,0.10283167381777665,0.12033676540807466,0.023896378813765645,109.24889433151,1
pp_primary_left_T6000,ABB,1.733178845836952,0.5516879611545139,fixed,1500,200,250,0.09093237153428908,0.09096012322597488,0.09104507057787518,0.0015813170309445929,0.31971757351642294,0.28757806326444824,0.10128483799623696,0.11809579345243347,0.023635314677862708,136.56760586681278,1
pp_primary_left_T6000,ABB,1.733178845836952,0.5516879611545139,fixed,2000,200,250,0.09107191308886885,0.09109273740068852,0.0910284484951223,0.0015979391136974747,0.31965051310591003,0.32591372613700464,0.0998971838947582,0.11605853658009657,0.023342945817380004,182.0568969902446,1
pp_primary_left_T6000,ABB,1.733178845836952,0.5516879611545139,fixed,3000,200,250,0.09124116653843627,0.09125445708296018,0.0912490204385828,0.0013773671702369816,0.32015744414435304,0.34418648906811494,0.0990629651190363,0.11478524462708617,0.0230950477260259,273.7470613157484,1
pp_primary_left_T6000,ABB,1.733178845836952,0.5516879611545139,fixed,4000,200,250,0.0913296178402183,0.0913387537790126,0.09129713030849163,0.0013292573003281516,0.32061132204643206,0.28154068957980916,0.09919349256528974,0.11488808757166348,0.02310644803669266,365.1885212339665,1
pp_primary_left_T6000,ABB,1.733178845836952,0.5516879611545139,fixed,6000,200,250,0.09139788054305266,0.09140268590452724,0.09136576531031267,0.0013696854333618558,0.32127814438943325,0.3477952884492904,0.09999537830678938,0.11588040533413214,0.023247358641513245,548.194591861876,1
pp_primary_left_T6000,ABB,1.733178845836952,0.5516879611545139,fixed,8000,200,250,0.09141294106972579,0.09141574386875803,0.09134032642850852,0.0013442465515577096,0.32144967338369934,0.36146930174147635,0.10061812678974208,0.11666473425487059,0.023395560470147687,730.7226114280681,1
pp_primary_left_T6000,ABB,1.733178845836952,0.5516879611545139,fixed,10000,200,250,0.09141572525584032,0.09141751849025606,0.09138237771413654,0.001386297837185732,0.3215779757374108,0.32507520400434026,0.1009673380100816,0.11710521436041336,0.023476206105545454,913.8237771413654,1
pp_primary_left_T6000,ABB,1.733178845836952,0.5516879611545139,fixed,12000,200,250,0.09141436081623518,0.091415583457572,0.09137642374260381,0.0013803438656529998,0.321726983678432,0.3061021255690638,0.10111661035472161,0.1172928146062918,0.02349814200230645,1096.5170849112458,1
pp_primary_left_T6000,ABB,1.733178845836952,0.5516879611545139,scaled,300,200,250,0.08977971426311585,0.0895423541776425,0.09119204429480389,0.0014343433140158873,0.3269007221386462,0.3004259372613503,0.12055151235859295,0.14759665026577867,0.02762038841283661,27.35761328844117,1
pp_primary_left_T6000,ABB,1.733178845836952,0.5516879611545139,scaled,600,400,500,0.09074740828849079,0.09129065324025304,0.09124881839976491,0.000979531632306227,0.32030915127395665,0.3594477445392539,0.1042216485856266,0.12176673368290657,0.02446511737716314,54.749291039858946,1
pp_primary_left_T6000,ABB,1.733178845836952,0.5516879611545139,scaled,900,600,750,0.0909024059272372,0.09100497988927744,0.09100246646302325,0.0005430857162646713,0.31771647191515223,0.31733406735986475,0.09919120366234258,0.11496234784249207,0.023442506241591717,81.90221981672093,1
pp_primary_left_T6000,ABB,1.733178845836952,0.5516879611545139,scaled,1200,800,1000,0.09107645450670537,0.09116335915368036,0.09104074527625833,0.000436891236111861,0.31918107039024163,0.34511595609873313,0.09709182798836709,0.1119842794559253,0.022671363167569902,109.24889433151,1
pp_primary_left_T6000,ABB,1.733178845836952,0.5516879611545139,scaled,1500,1000,1250,0.0911927835481567,0.09123926998944204,0.09104507057787518,0.0003346517874800864,0.3181569324798329,0.28757806326444824,0.09634114369920668,0.11089697596797346,0.02282171145322269,136.56760586681278,1
pp_primary_left_T6000,ABB,1.733178845836952,0.5516879611545139,scaled,2000,1333,1666,0.09132068158974568,0.09135331911049807,0.0910284484951223,0.00024092457642753418,0.31929957885100807,0.32591372613700464,0.0962219251857064,0.11070489011051476,0.02255169471410906,182.0568969902446,1
pp_primary_left_T6000,ABB,1.733178845836952,0.5516879611545139,scaled,3000,2000,2500,0.09145107572239519,0.09146324185763509,0.0912490204385828,0.00020190164097068364,0.3210752654053207,0.34418648906811494,0.09755350617116476,0.11248414771323571,0.022673220673636436,273.7470613157484,1
pp_primary_left_T6000,ABB,1.733178845836952,0.5516879611545139,scaled,4000,2666,3333,0.09147720946258052,0.09147698245887627,0.09129713030849163,0.00014881414997500175,0.32191781846642187,0.28154068957980916,0.0992236376693784,0.11472467258533534,0.02303175526754776,365.1885212339665,1
pp_primary_left_T6000,ABB,1.733178845836952,0.5516879611545139,scaled,6000,4000,5000,0.09144271929974725,0.09143097998092597,0.09136576531031267,0.00011485082068178609,0.32252494812303534,0.3477952884492904,0.10151681859364853,0.1177632927636076,0.023536429141071808,548.194591861876,1
pp_primary_left_T6000,ABB,1.733178845836952,0.5516879611545139,scaled,8000,5333,6666,0.09141594242245575,0.09141139912406793,0.09134032642850852,5.884326379768101e-05,0.3220682388191719,0.36146930174147635,0.10233809797562346,0.1188276505661918,0.02379064665031596,730.7226114280681,1
pp_primary_left_T6000,ABB,1.733178845836952,0.5516879611545139,scaled,10000,6666,8333,0.09141029943922005,0.09140833109628048,0.09138237771413654,6.575851486952111e-05,0.32202043296019406,0.32507520400434026,0.10238364573528642,0.11889157449255082,0.02381384576023862,913.8237771413654,1
pp_primary_left_T6000,ABB,1.733178845836952,0.5516879611545139,scaled,12000,8000,10000,0.09140085955000583,0.09139181577057931,0.09137642374260381,4.437580725359658e-05,0.3222776060046687,0.3061021255690638,0.10208476379857935,0.11851553037736862,0.023700678458557896,1096.5170849112458,1
pp_primary_right_T6000,A,1.7740083011411747,0.5646843804253472,fixed,300,200,250,-0.05996200212813618,-0.05995487922806388,-0.05994059268944523,1.0855370864384928e-05,-0.07460050014451587,-0.07485099370816428,0.6283080312475271,0.6446492055811471,0.21271711366526552,-17.98217780683357,1
pp_primary_right_T6000,A,1.7740083011411747,0.5646843804253472,fixed,600,200,250,-0.0599595592595395,-0.05995924412834009,-0.059948056842281404,1.8319523700557894e-05,-0.07461387178908763,-0.0745272886528266,0.6283746756758194,0.6446570350390209,0.21115707622768817,-35.96883410536884,1
pp_primary_right_T6000,A,1.7740083011411747,0.5646843804253472,fixed,900,200,250,-0.05995931476428162,-0.059959202114629566,-0.05995215840308719,2.242108450634106e-05,-0.07461641760864879,-0.07463079057260436,0.628384414110502,0.6446581780798811,0.21093241724598158,-53.956942562778465,1
pp_primary_right_T6000,A,1.7740083011411747,0.5646843804253472,fixed,1200,200,250,-0.059959200654998296,-0.05995913942673001,-0.05995390824980948,2.417093122863284e-05,-0.07461691026626317,-0.07464161792361823,0.6283881643754345,0.644658546609175,0.21084235746865795,-71.94468989977138,1
pp_primary_right_T6000,A,1.7740083011411747,0.5646843804253472,fixed,1500,200,250,-0.05995914470363317,-0.05995910589713006,-0.05995482037400598,2.5083055425131895e-05,-0.0746173922886783,-0.07459374011578795,0.6283902310493477,0.6446587688938321,0.21079384454132463,-89.93223056100896,1
pp_primary_right_T6000,A,1.7740083011411747,0.5646843804253472,fixed,2000,200,250,-0.05995909427583719,-0.05995907229238796,-0.059955910569836374,2.6173251255527663e-05,-0.07461784991893311,-0.07461720707612335,0.6283921516209826,0.6446589776541128,0.21074891386086245,-119.91182113967275,1
pp_primary_right_T6000,A,1.7740083011411747,0.5646843804253472,fixed,3000,200,250,-0.05995904972557029,-0.05995903964574616,-0.05995694412238356,2.720680380271373e-05,-0.0746182088905869,-0.07461836644171271,0.6283939122816994,0.6446591579973173,0.2107071629230106,-179.87083236715068,1
pp_primary_right_T6000,A,1.7740083011411747,0.5646843804253472,fixed,4000,200,250,-0.05995903086197968,-0.0599590250409771,-0.059957459465832384,2.772214725153821e-05,-0.07461841294165204,-0.07461930824848562,0.628394754247247,0.6446592475590543,0.21068738385748031,-239.82983786332954,1
pp_primary_right_T6000,A,1.7740083011411747,0.5646843804253472,fixed,6000,200,250,-0.059959014691690786,-0.05995901200415351,-0.05995797299436681,2.8235675785963366e-05,-0.07461859554221312,-0.0746199513147966,0.6283955644834334,0.644659332420547,0.21066828218891945,-359.74783796620085,1
pp_primary_right_T6000,A,1.7740083011411747,0.5646843804253472,fixed,8000,200,250,-0.05995900794418545,-0.05995900639388063,-0.05995822904916609,2.8491730585243624e-05,-0.07461868583965074,-0.07461982068827544,0.6283959592245532,0.6446593737308072,0.21065897503247352,-479.66583239332874,1
pp_primary_right_T6000,A,1.7740083011411747,0.5646843804253472,fixed,10000,200,250,-0.05995900442720521,-0.059959003417061334,-0.059958382635952975,2.864531737212933e-05,-0.07461873974151745,-0.07461972986552146,0.6283961926754716,0.6446593980716034,0.21065346620442107,-599.5838263595298,1
pp_primary_right_T6000,A,1.7740083011411747,0.5646843804253472,fixed,12000,200,250,-0.05995900233982455,-0.05995900162881069,-0.05995848502488656,2.874770630571094e-05,-0.07461877552694246,-0.07461979127351998,0.6283963471143335,0.644659414224812,0.21064982466464638,-719.5018202986387,1
pp_primary_right_T6000,A,1.7740083011411747,0.5646843804253472,scaled,300,200,250,-0.05996200212813618,-0.05995487922806388,-0.05994059268944523,1.0855370864384928e-05,-0.07460050014451587,-0.07485099370816428,0.6283080312475271,0.6446492055811471,0.21271711366526552,-17.98217780683357,1
pp_primary_right_T6000,A,1.7740083011411747,0.5646843804253472,scaled,600,400,500,-0.059959254068449395,-0.05995872616642547,-0.059948056842281404,2.4114740040034888e-06,-0.07461643863660172,-0.0745272886528266,0.6283524550889253,0.6446540757758694,0.21167966282114278,-35.96883410536884,1
pp_primary_right_T6000,A,1.7740083011411747,0.5646843804253472,scaled,900,600,750,-0.05995912298957803,-0.05995935283644912,-0.05995215840308719,1.8125453222564425e-06,-0.0746195131059518,-0.07463079057260436,0.6283677454919394,0.6446560993113327,0.21133190902371887,-53.956942562778465,1
pp_primary_right_T6000,A,1.7740083011411747,0.5646843804253472,scaled,1200,800,1000,-0.05995903646845005,-0.059958956891395625,-0.05995390824980948,1.1989876049084414e-06,-0.07461901070695393,-0.07464161792361823,0.6283749660798719,0.6446568796478108,0.21115732687750718,-71.94468989977138,1
pp_primary_right_T6000,A,1.7740083011411747,0.5646843804253472,scaled,1500,1000,1250,-0.05995902397220324,-0.05995903989683673,-0.05995482037400598,8.481375761079657e-07,-0.07461909080637284,-0.07459374011578795,0.6283792911047676,0.6446573462152693,0.21105242134792232,-89.93223056100896,1
pp_primary_right_T6000,A,1.7740083011411747,0.5646843804253472,scaled,2000,1333,1666,-0.05995901983948357,-0.05995902972134747,-0.059955910569836374,6.589089700317907e-07,-0.07461899755504466,-0.07461720707612335,0.6283971767512068,0.6446595368376706,0.2106320198322958,-119.91182113967275,1
pp_primary_right_T6000,A,1.7740083011411747,0.5646843804253472,scaled,3000,2000,2500,-0.05995900674980617,-0.05995900209902298,-0.05995694412238356,4.2133791553627953e-07,-0.07461885375185966,-0.07461836644171271,0.6283881536821684,0.6446583965656789,0.2108423914241176,-179.87083236715068,1
pp_primary_right_T6000,A,1.7740083011411747,0.5646843804253472,scaled,4000,2666,3333,-0.05995900188687583,-0.05995900152984378,-0.059957459465832384,3.1647625477193575e-07,-0.07461897201822205,-0.07461930824848562,0.6283904101174251,0.6446586802338415,0.2107897578041397,-239.82983786332954,1
pp_primary_right_T6000,A,1.7740083011411747,0.5646843804253472,scaled,6000,4000,5000,-0.05995899896433405,-0.05995899834160638,-0.05995797299436681,2.0633109275997041e-07,-0.07461894275732503,-0.0746199513147966,0.6283926367075212,0.6446589499461454,0.21073724243017503,-359.74783796620085,1
pp_primary_right_T6000,A,1.7740083011411747,0.5646843804253472,scaled,8000,5333,6666,-0.05995899775507629,-0.05995899745395298,-0.05995822904916609,1.542116720015807e-07,-0.07461895123446027,-0.07461982068827544,0.628397105176786,0.6446594941118239,0.21063198005943243,-479.66583239332874,1
pp_primary_right_T6000,A,1.7740083011411747,0.5646843804253472,scaled,10000,6666,8333,-0.059958997224771104,-0.059958997074575054,-0.059958382635952975,1.2335538264462986e-07,-0.07461895394551861,-0.07461972986552146,0.6283944247052117,0.6446591679014382,0.2106951379734586,-599.5838263595298,1
pp_primary_right_T6000,A,1.7740083011411747,0.5646843804253472,scaled,12000,8000,10000,-0.05995899696110708,-0.05995899685994764,-0.05995848502488656,1.0286886974880671e-07,-0.07461895065709094,-0.07461979127351998,0.6283948694967878,0.6446592214125433,0.21068462405691632,-719.5018202986387,1
pp_primary_right_T6000,B,1.7740083011411747,0.5646843804253472,fixed,300,200,250,-0.011864366680765195,-0.015463681015126176,-0.010974550340172156,0.0035678098214257433,-0.04436859510683269,0.0020585504104814467,0.9200071969499131,0.9203237366102331,0.4279545419858269,-3.2923651020516465,1
pp_primary_right_T6000,B,1.7740083011411747,0.5646843804253472,fixed,600,200,250,-0.011117713707915899,-0.011140346785788059,-0.011335803463011152,0.0036869902656287406,-0.031592060617042866,-0.07959055996981931,0.9200102481361897,0.9203211228376718,0.4248197118626313,-6.801482077806691,1
pp_primary_right_T6000,B,1.7740083011411747,0.5646843804253472,fixed,900,200,250,-0.0111589995805816,-0.011169859825895592,-0.011051749432663027,0.0034906107289348724,-0.03483355991668211,0.019821935087652245,0.9200104251354695,0.9203203763002623,0.4243675871701849,-9.946574489396724,1
pp_primary_right_T6000,B,1.7740083011411747,0.5646843804253472,fixed,1200,200,250,-0.011147527090034802,-0.011151695025824044,-0.011265808172424183,0.0036169949750417714,-0.033434101424805344,-0.09333251656092298,0.9200105404057424,0.9203200501822523,0.424186601720033,-13.51896980690902,1
pp_primary_right_T6000,B,1.7740083011411747,0.5646843804253472,fixed,1500,200,250,-0.011150507223033282,-0.011153114343302808,-0.011078900900374293,0.0034634592612236056,-0.034006707547577,0.028836601804121467,0.9200105883792389,0.9203198647600899,0.4240890442145141,-16.61835135056144,1
pp_primary_right_T6000,B,1.7740083011411747,0.5646843804253472,fixed,2000,200,250,-0.011147365501876613,-0.011148526970526393,-0.011138650812750313,0.0034898376153679016,-0.033176646211572014,-0.012974645739977753,0.9200106302930825,0.9203196883814929,0.4239986746800503,-22.277301625500627,1
pp_primary_right_T6000,B,1.7740083011411747,0.5646843804253472,fixed,3000,200,250,-0.011150714427926704,-0.011151275865761236,-0.011183821795691586,0.003535008598309174,-0.034254065174118685,-0.07483136283166486,0.9200106742623966,0.9203195222849995,0.4239147379130188,-33.55146538707476,1
pp_primary_right_T6000,B,1.7740083011411747,0.5646843804253472,fixed,4000,200,250,-0.011149525973472787,-0.011149802522377586,-0.011126829730261547,0.0034780165328791354,-0.033709518855742776,0.02166626159048793,0.9200106945291464,0.920319442691329,0.42387496642185085,-44.507318921046185,1
pp_primary_right_T6000,B,1.7740083011411747,0.5646843804253472,fixed,6000,200,250,-0.011149874771443845,-0.011149996771803795,-0.011132380491653677,0.0034835672942712653,-0.03393393236979633,0.027977986487861137,0.9200107130402874,0.9203193652956443,0.4238365567321834,-66.79428294992206,1
pp_primary_right_T6000,B,1.7740083011411747,0.5646843804253472,fixed,8000,200,250,-0.011149938663368383,-0.011150006838692578,-0.011143083590853664,0.003494270393471253,-0.03402586861014166,0.0027387843945149287,0.9200107223458902,0.9203193275337549,0.4238178424862124,-89.14466872682931,1
pp_primary_right_T6000,B,1.7740083011411747,0.5646843804253472,fixed,10000,200,250,-0.01114991591189957,-0.011149959000510943,-0.011153260650220796,0.003504447452838384,-0.03402473367503546,-0.04118144520607882,0.9200107278080373,0.9203193051529144,0.423806765837121,-111.53260650220795,1
pp_primary_right_T6000,B,1.7740083011411747,0.5646843804253472,fixed,12000,200,250,-0.011149869608649516,-0.01114989901737944,-0.0111594222121158,0.0035106090147333877,-0.033966745452072365,-0.0813821589014877,0.9200107313726787,0.9203192903432037,0.4237994435764322,-133.9130665453896,1
pp_primary_right_T6000,B,1.7740083011411747,0.5646843804253472,scaled,300,200,250,-0.011864366680765195,-0.015463681015126176,-0.010974550340172156,0.0035678098214257433,-0.04436859510683269,0.0020585504104814467,0.9200071969499131,0.9203237366102331,0.4279545419858269,-3.2923651020516465,1
pp_primary_right_T6000,B,1.7740083011411747,0.5646843804253472,scaled,600,400,500,-0.011204345408640537,-0.0107272395418621,-0.011335803463011152,0.0018704206971720747,-0.023328754319705897,-0.07959055996981931,0.9200095104403999,0.9203198013537061,0.42587168779648854,-6.801482077806691,1
pp_primary_right_T6000,B,1.7740083011411747,0.5646843804253472,scaled,900,600,750,-0.011125456407813657,-0.011048414129225814,-0.011051749432663027,0.0012906291262951945,-0.03930066363498269,0.019821935087652245,0.9200098259104664,0.9203193745543491,0.4251711695865506,-9.946574489396724,1
pp_primary_right_T6000,B,1.7740083011411747,0.5646843804253472,scaled,1200,800,1000,-0.011115434809269997,-0.011301066870646708,-0.011265808172424183,0.000976907254009899,-0.03407371769769035,-0.09333251656092298,0.9200101138679821,0.9203192866471538,0.4248203384265087,-13.51896980690902,1
pp_primary_right_T6000,B,1.7740083011411747,0.5646843804253472,scaled,1500,1000,1250,-0.011187192572076898,-0.011054389567694342,-0.011078900900374293,0.0007908348300748949,-0.031579530142530864,0.028836601804121467,0.9200102434932678,0.9203192523164856,0.4246094020412081,-16.61835135056144,1
pp_primary_right_T6000,B,1.7740083011411747,0.5646843804253472,scaled,2000,1333,1666,-0.011114986358313431,-0.011142647563805208,-0.011138650812750313,0.0005544634097926094,-0.03368578623325762,-0.012974645739977753,0.920010734752123,0.9203192314354014,0.42376352093651537,-22.277301625500627,1
pp_primary_right_T6000,B,1.7740083011411747,0.5646843804253472,scaled,3000,2000,2500,-0.011148704572821718,-0.011158545918418476,-0.011183821795691586,0.0003840107107648174,-0.03617130007133388,-0.07483136283166486,0.920010496883889,0.9203192209593778,0.42418691110190465,-33.55146538707476,1
pp_primary_right_T6000,B,1.7740083011411747,0.5646843804253472,scaled,4000,2666,3333,-0.011144214057563842,-0.01113409205733074,-0.011126829730261547,0.00029828832740350086,-0.03404849461370798,0.02166626159048793,0.9200105558320059,0.920319217958053,0.4240809860242534,-44.507318921046185,1
pp_primary_right_T6000,B,1.7740083011411747,0.5646843804253472,scaled,6000,4000,5000,-0.011149260394251296,-0.011152081241813898,-0.011132380491653677,0.00020078594515704484,-0.034332430907006356,0.027977986487861137,0.9200106195366924,0.920319217057769,0.42397533538959004,-66.79428294992206,1
pp_primary_right_T6000,B,1.7740083011411747,0.5646843804253472,scaled,8000,5333,6666,-0.01115127532344994,-0.011156924446197956,-0.011143083590853664,0.00014375609580082396,-0.034076179613216365,0.0027387843945149287,0.9200107489493022,0.9203192179817097,0.4237635609673291,-89.14466872682931,1
pp_primary_right_T6000,B,1.7740083011411747,0.5646843804253472,scaled,10000,6666,8333,-0.011151124587336815,-0.0111498199916604,-0.011153260650220796,0.00010923992039586425,-0.034020832250423134,-0.04118144520607882,0.9200106718762789,0.9203192171965098,0.4238906269929332,-111.53260650220795,1
pp_primary_right_T6000,B,1.7740083011411747,0.5646843804253472,scaled,12000,8000,10000,-0.011150649992057313,-0.011153428695103234,-0.0111594222121158,9.752623209118363e-05,-0.033842295243138316,-0.0813821589014877,0.9200106846178231,0.9203192172393257,0.423869475650589,-133.9130665453896,1
pp_primary_right_T6000,ABB,1.7740083011411747,0.5646843804253472,fixed,300,200,250,0.08276785752804683,0.08272406462137737,0.08418011812212559,0.000826682825077793,0.24627673757239663,0.2270672044752145,0.10152702455295305,0.1220626654266577,0.019994031668012904,25.254035436637675,1
pp_primary_right_T6000,ABB,1.7740083011411747,0.5646843804253472,fixed,600,200,250,0.08369873691412262,0.08382779262390444,0.08426569967624173,0.0009882687049354855,0.24801045258744697,0.27903374737571146,0.09792773997136096,0.11339535021411451,0.01974696402472181,50.55941980574504,1
pp_primary_right_T6000,ABB,1.7740083011411747,0.5646843804253472,fixed,900,200,250,0.08410529447923835,0.08418784109045609,0.08426715831581959,0.0009897273445133442,0.2516445348091007,0.2654860951137094,0.09775137724459898,0.11220432070400167,0.019750675695585154,75.84044248423763,1
pp_primary_right_T6000,ABB,1.7740083011411747,0.5646843804253472,fixed,1200,200,250,0.08429808854690332,0.08435283295484736,0.08426138806864567,0.0009839570973394218,0.25483089285878907,0.22927606278922735,0.09827514634319262,0.11243571652420428,0.01980614504502324,101.1136656823748,1
pp_primary_right_T6000,ABB,1.7740083011411747,0.5646843804253472,fixed,1500,200,250,0.08437796459066642,0.0844147492896215,0.08435514833097127,0.0010777173596650258,0.25737684641216435,0.26526249716441463,0.09887545401329331,0.11295093505913685,0.01985358254371233,126.53272249645691,1
pp_primary_right_T6000,ABB,1.7740083011411747,0.5646843804253472,fixed,2000,200,250,0.08438337395942444,0.08440204232028418,0.08426240750342806,0.0009849765321218173,0.26011844479914475,0.2886225089935879,0.09954782838966045,0.1135846022998341,0.019922490688043363,168.52481500685613,1
pp_primary_right_T6000,ABB,1.7740083011411747,0.5646843804253472,fixed,3000,200,250,0.08427964184921431,0.08428402675851326,0.08427422320235187,0.0009967922310456234,0.2614268151433342,0.29221371627985077,0.09982264614865705,0.11370657951338173,0.01994521395258,252.82266960705562,1
pp_primary_right_T6000,ABB,1.7740083011411747,0.5646843804253472,fixed,4000,200,250,0.08423794685476092,0.08423936486724196,0.08427121237720227,0.0009937814058960243,0.2618534935416561,0.27633391446060085,0.09984638740701217,0.11363311864787018,0.019946766529412366,337.08484950880904,1
pp_primary_right_T6000,ABB,1.7740083011411747,0.5646843804253472,fixed,6000,200,250,0.08421718882921922,0.08421748848168341,0.08422550586164625,0.0009480748903400033,0.2625862441410866,0.2590746331552393,0.09999536817319034,0.11372105318486186,0.01995737429293566,505.3530351698775,1
pp_primary_right_T6000,ABB,1.7740083011411747,0.5646843804253472,fixed,8000,200,250,0.08420873020505223,0.08420880233138466,0.08419028897492689,0.000912858003620648,0.26293720630324696,0.24391341091314656,0.10005513103268644,0.11374903211418727,0.019965415264509342,673.5223117994151,1
pp_primary_right_T6000,ABB,1.7740083011411747,0.5646843804253472,fixed,10000,200,250,0.08420392854269633,0.08420393067074142,0.08421552342605362,0.0009380924547473801,0.2631050013735368,0.23227720444189476,0.1000774730218386,0.11374879506687423,0.019964610098541544,842.1552342605362,1
pp_primary_right_T6000,ABB,1.7740083011411747,0.5646843804253472,fixed,12000,200,250,0.08420135083701633,0.08420133219097263,0.0842188243593691,0.0009413933880628583,0.2632168050040177,0.2966988045377062,0.10009776584726016,0.11375396331130055,0.01996558492942495,1010.6258923124292,1
pp_primary_right_T6000,ABB,1.7740083011411747,0.5646843804253472,scaled,300,200,250,0.08276785752804683,0.08272406462137737,0.08418011812212559,0.000826682825077793,0.24627673757239663,0.2270672044752145,0.10152702455295305,0.1220626654266577,0.019994031668012904,25.254035436637675,1
pp_primary_right_T6000,ABB,1.7740083011411747,0.5646843804253472,scaled,600,400,500,0.08407945484205061,0.08415797470542073,0.08426569967624173,0.0006911190103985887,0.25006727376628163,0.27903374737571146,0.09625458702628596,0.10952999653555784,0.019598143482142786,50.55941980574504,1
pp_primary_right_T6000,ABB,1.7740083011411747,0.5646843804253472,scaled,900,600,750,0.08449748411636072,0.0845651369810478,0.08426715831581959,0.00044017977732958846,0.2565769473787013,0.2654860951137094,0.09751017509197414,0.11061011021967022,0.01978075648998135,75.84044248423763,1
pp_primary_right_T6000,ABB,1.7740083011411747,0.5646843804253472,scaled,1200,800,1000,0.08456692845929648,0.08457719748375671,0.08426138806864567,0.000252662908790266,0.2614776756141611,0.22927606278922735,0.09915160429778129,0.11256817656244827,0.01996074889713122,101.1136656823748,1
pp_primary_right_T6000,ABB,1.7740083011411747,0.5646843804253472,scaled,1500,1000,1250,0.08448789420227582,0.0844128525311845,0.08435514833097127,0.00024214744383181663,0.26465603397216436,0.26526249716441463,0.1004398333318941,0.11413874258448493,0.02005644887386318,126.53272249645691,1
pp_primary_right_T6000,ABB,1.7740083011411747,0.5646843804253472,scaled,2000,1333,1666,0.08427560007992169,0.08420650245059119,0.08426240750342806,0.000152889870593656,0.26684532573630476,0.2886225089935879,0.10124242662831087,0.11515430413912285,0.020084602452070083,168.52481500685613,1
pp_primary_right_T6000,ABB,1.7740083011411747,0.5646843804253472,scaled,3000,2000,2500,0.0841021443132039,0.08412270488937211,0.08427422320235187,0.00011650836149725008,0.2638080046375754,0.29221371627985077,0.10030608078774679,0.11392426066498124,0.02000528327782267,252.82266960705562,1
pp_primary_right_T6000,ABB,1.7740083011411747,0.5646843804253472,scaled,4000,2666,3333,0.08421995640018307,0.08425453446180448,0.08427121237720227,0.00010623715990920601,0.26293907901319324,0.27633391446060085,0.09988431130853545,0.11339244723448873,0.01996458801441116,337.08484950880904,1
pp_primary_right_T6000,ABB,1.7740083011411747,0.5646843804253472,scaled,6000,4000,5000,0.08417575926322987,0.08417024685567537,0.08422550586164625,4.568872574668703e-05,0.263985011106981,0.2590746331552393,0.10027456317126236,0.11388696618863002,0.019993955021705444,505.3530351698775,1
pp_primary_right_T6000,ABB,1.7740083011411747,0.5646843804253472,scaled,8000,5333,6666,0.08420507101091669,0.08419209393686647,0.08419028897492689,5.30913650255288e-05,0.2638011014916734,0.24391341091314656,0.10018295117422613,0.11376805380034753,0.019975363083388795,673.5223117994151,1
pp_primary_right_T6000,ABB,1.7740083011411747,0.5646843804253472,scaled,10000,6666,8333,0.08419309260616231,0.08420722372799112,0.08421552342605362,2.963364941219182e-05,0.2639005144639161,0.23227720444189476,0.1002187005167684,0.11381609784114208,0.019980201407024275,842.1552342605362,1
pp_primary_right_T6000,ABB,1.7740083011411747,0.5646843804253472,scaled,12000,8000,10000,0.08419616991251382,0.0841896865037381,0.0842188243593691,3.0432727777168767e-05,0.26375713144006396,0.2966988045377062,0.1001800816457731,0.1137631259695395,0.019972842852516423,1010.6258923124292,1
