{
  "params": {
    "T": 50,
    "phi": 0.0,
    "sequences": [
      "A",
      "B",
      "ABB"
    ],
    "coin_params_degrees": {
      "A": [
        137.2,
        29.4,
        52.1
      ],
      "B": [
        149.6,
        67.4,
        132.5
      ]
    },
    "metrics": {
      "T0": 25,
      "x0_loc": 2
    }
  },
  "results": {
    "A": {
      "v_fit": -0.046217400495688885,
      "deltaP_final": -0.06351226549246536,
      "deltaP_late_mean": -0.06283563095186376,
      "x_mean_final": -2.395120840031586,
      "x_mean_late_mean": -1.809227783435828,
      "w_loc": 0.024936947945295326,
      "P0bar": 0.004923145032486518
    },
    "B": {
      "v_fit": -0.1800072874667671,
      "deltaP_final": -0.586264044636979,
      "deltaP_late_mean": -0.5973377065509566,
      "x_mean_final": -9.142301294659642,
      "x_mean_late_mean": -6.950909004234463,
      "w_loc": 0.10723335438844026,
      "P0bar": 0.02103130561306419
    },
    "ABB": {
      "v_fit": -0.013687790788192048,
      "deltaP_final": 0.05734543716849677,
      "deltaP_late_mean": 0.10290880344327612,
      "x_mean_final": -0.3863473738407808,
      "x_mean_late_mean": -0.151274084910942,
      "w_loc": 0.3576448700871667,
      "P0bar": 0.08146912959787592
    }
  }
}