phi_index,p_index,phi,phi_over_pi,p,v_fit_A,v_fit_B,v_fit_ABB,adv_v,w_loc_primary,w_loc_sensitivity,P0bar,deltaP_late_mean,strict,dt_primary,dt_sens,pp_primary,pp_sens,mismatch,vA_ci_lo,vA_ci_hi,vB_ci_lo,vB_ci_hi,vABB_ci_lo,vABB_ci_hi
20,0,1.7453292519943295,0.5555555555555556,0.0,-0.05978887172875723,-0.012421587127406708,0.08754665182895835,0.09996823895636506,0.10664138363711008,0.1308294698910885,0.023399834599169077,0.304077874199283,1,0,1,0,1,0,-0.05978887172875723,-0.05978887172875723,-0.012421587127406708,-0.012421587127406708,0.08754665182895835,0.08754665182895835
