label,sequence,phi,phi_over_pi,t,x_mean,deltaP,w_loc3_inst,w_loc5_inst,P0
long_max_Tlast,B,0.9599310885968813,0.3055555555555556,0,0.0,0.0,0.9999999999999998,0.9999999999999998,0.9999999999999998
long_max_Tlast,B,0.9599310885968813,0.3055555555555556,1,-0.6938063714798672,-0.6938063714798672,0.9999999999999998,0.9999999999999998,0.0
long_max_Tlast,B,0.9599310885968813,0.3055555555555556,2,-0.20492666704444265,-0.10246333352222133,0.9999999999999997,0.9999999999999997,0.8523171049817971
long_max_Tlast,B,0.9599310885968813,0.3055555555555556,3,-0.9660885657152918,-0.9358244022597372,0.9999999999999998,0.9999999999999998,0.0
long_max_Tlast,B,0.9599310885968813,0.3055555555555556,4,-0.6711138954774191,-0.3333221981014994,0.9967790009877776,0.9999999999999999,0.6066268766545923
long_max_Tlast,B,0.9599310885968813,0.3055555555555556,5,-0.9292022688214925,-0.7284888893813591,0.9995243135410239,0.9999999999999997,0.0
long_max_Tlast,B,0.9599310885968813,0.3055555555555556,6,-0.7819201704610279,-0.3653898860737144,0.9666640532221569,0.9999297492466174,0.49994444970765917
long_max_Tlast,B,0.9599310885968813,0.3055555555555556,7,-0.8048881721517707,-0.3871510370040846,0.9922121241678357,0.9999896251653632,0.0
long_max_Tlast,B,0.9599310885968813,0.3055555555555556,8,-0.614080812158507,-0.21875042956745006,0.8838576829497147,0.9983247262785576,0.4937849780997291
long_max_Tlast,B,0.9599310885968813,0.3055555555555556,9,-0.5011925539757267,-0.026254584551492655,0.9594891325366892,0.9996599633930805,0.0
long_max_Tlast,B,0.9599310885968813,0.3055555555555556,10,-0.5612193986044416,-0.12277718822590072,0.7703124536222623,0.9877807538238993,0.49647632316418044
long_max_Tlast,B,0.9599310885968813,0.3055555555555556,11,-0.19578418355577976,0.2748717305020519,0.8860754217931166,0.9966830909324007,0.0
long_max_Tlast,B,0.9599310885968813,0.3055555555555556,12,-0.5280157084541129,-0.06640545997429098,0.6811076259964544,0.9532275050825315,0.49023119484451894
long_max_Tlast,B,0.9599310885968813,0.3055555555555556,13,-0.15439189156806,0.39400124942267134,0.7873026590368994,0.9833679357862833,0.0
long_max_Tlast,B,0.9599310885968813,0.3055555555555556,14,-0.5241281626659758,-0.0318616902437342,0.6472372848661893,0.8844176676568432,0.4705664274709443
long_max_Tlast,B,0.9599310885968813,0.3055555555555556,15,-0.3249986764217052,0.3211122965882065,0.7063489478652809,0.9470655936356207,0.0
long_max_Tlast,B,0.9599310885968813,0.3055555555555556,16,-0.6991061328871523,-0.06964013820382636,0.6488558080368925,0.795350056029686,0.4585995701659106
long_max_Tlast,B,0.9599310885968813,0.3055555555555556,17,-0.6566961339479922,0.09329966585140032,0.6742789400861096,0.8811076802985306,0.0
long_max_Tlast,B,0.9599310885968813,0.3055555555555556,18,-0.9525139524441069,-0.13983758884999378,0.6419173756310791,0.7230045682074994,0.46090266949301995
long_max_Tlast,B,0.9599310885968813,0.3055555555555556,19,-1.1187744092431835,-0.2281891075842995,0.6757242135184889,0.7996748747138455,0.0
long_max_Tlast,B,0.9599310885968813,0.3055555555555556,20,-1.2111101779402638,-0.21370999600081178,0.6174440313143081,0.6941316889731701,0.4525027978091969
long_max_Tlast,B,0.9599310885968813,0.3055555555555556,21,-1.5515540816263902,-0.5184300363678388,0.6704417287429114,0.7351040067488669,0.0
long_max_Tlast,B,0.9599310885968813,0.3055555555555556,22,-1.449592851351761,-0.2805024372001608,0.6040089741226028,0.6951817940880767,0.44317614912884057
long_max_Tlast,B,0.9599310885968813,0.3055555555555556,23,-1.844443572804551,-0.679028704469531,0.6484316511426585,0.7094212517832215,0.0
long_max_Tlast,B,0.9599310885968813,0.3055555555555556,24,-1.5838525604775888,-0.29724993969841673,0.607509425728319,0.6909316473118284,0.44769927079127203
long_max_Tlast,B,0.9599310885968813,0.3055555555555556,25,-1.9346553383905194,-0.6655561871312933,0.6332888379401858,0.7101588212776107,0.0
long_max_Tlast,B,0.9599310885968813,0.3055555555555556,26,-1.6311457114763672,-0.26864468322058555,0.6065101062094195,0.6707150725295011,0.4505954281124823
long_max_Tlast,B,0.9599310885968813,0.3055555555555556,27,-1.8032661694314855,-0.4745017919945254,0.6343119752415693,0.7064137948735127,0.0
long_max_Tlast,B,0.9599310885968813,0.3055555555555556,28,-1.6102713784039233,-0.21275196927197348,0.5973320578839858,0.654069088170583,0.4487563619666293
long_max_Tlast,B,0.9599310885968813,0.3055555555555556,29,-1.5646113580922472,-0.17670931894125075,0.6350306795773976,0.6874263429731626,0.0
long_max_Tlast,B,0.9599310885968813,0.3055555555555556,30,-1.5242573939778161,-0.1329298107404841,0.5929871183798913,0.6527682173769658,0.4485764356257751
long_max_Tlast,B,0.9599310885968813,0.3055555555555556,31,-1.3318184452590474,0.12077962026773814,0.6265021759756801,0.6698428600679623,0.0
long_max_Tlast,B,0.9599310885968813,0.3055555555555556,32,-1.4792380396344467,-0.06770153641508225,0.5955503100354179,0.6543045620424104,0.4488197235800589
long_max_Tlast,B,0.9599310885968813,0.3055555555555556,33,-1.1893630050383825,0.31965623045720065,0.6190156264853943,0.6667087497496602,0.0
long_max_Tlast,B,0.9599310885968813,0.3055555555555556,34,-1.5263563352836103,-0.04257009364084208,0.595718998815538,0.64687959012545,0.44947197162722363
long_max_Tlast,B,0.9599310885968813,0.3055555555555556,35,-1.24949907663687,0.34442903352966625,0.6199688672562289,0.6685384904891825,0.0
long_max_Tlast,B,0.9599310885968813,0.3055555555555556,36,-1.645881349379478,-0.05563919116023963,0.5903030456105599,0.6377217468118399,0.44717445035097914
long_max_Tlast,B,0.9599310885968813,0.3055555555555556,37,-1.5269032197092427,0.18753613689308168,0.62149422890967,0.6622936694403561,0.0
long_max_Tlast,B,0.9599310885968813,0.3055555555555556,38,-1.8510479181856947,-0.10956789185016494,0.5876351092946963,0.6367895802478601,0.44382330603568554
long_max_Tlast,B,0.9599310885968813,0.3055555555555556,39,-1.935472884864451,-0.09098279458234737,0.6168172122031051,0.6523228476304407,0.0
long_max_Tlast,B,0.9599310885968813,0.3055555555555556,40,-2.1033972563769936,-0.1825269258979887,0.5906761412246635,0.6389313057096448,0.4459785535085945
long_max_Tlast,B,0.9599310885968813,0.3055555555555556,41,-2.3720111637072936,-0.3971965179774316,0.6127244224346889,0.6495207433617723,0.0
long_max_Tlast,B,0.9599310885968813,0.3055555555555556,42,-2.334778697570228,-0.2443548103424638,0.591165654521424,0.635469430006898,0.44772053417179813
long_max_Tlast,B,0.9599310885968813,0.3055555555555556,43,-2.7118318632192793,-0.6190162716978778,0.6146604646335347,0.6516305405355208,0.0
long_max_Tlast,B,0.9599310885968813,0.3055555555555556,44,-2.5041055758247435,-0.2794010955247734,0.5880660083554182,0.6302904295144204,0.44634802498524423
long_max_Tlast,B,0.9599310885968813,0.3055555555555556,45,-2.868348264048213,-0.6740676764440572,0.6163511730783916,0.6493557582495167,0.0
long_max_Tlast,B,0.9599310885968813,0.3055555555555556,46,-2.5712631055624655,-0.2691386825030728,0.5884211205899155,0.630436633609839,0.4480304378675426
long_max_Tlast,B,0.9599310885968813,0.3055555555555556,47,-2.8226434341429676,-0.5455511987921593,0.6137711978336491,0.6436091019363279,0.0
long_max_Tlast,B,0.9599310885968813,0.3055555555555556,48,-2.554798735086892,-0.2170031683583078,0.5914760656655542,0.6325698175336186,0.4506272244692568
long_max_Tlast,B,0.9599310885968813,0.3055555555555556,49,-2.6081015126847316,-0.27607680993303496,0.6121138772382422,0.6419375597827275,0.0
long_max_Tlast,B,0.9599310885968813,0.3055555555555556,50,-2.5060665751738735,-0.14759878377130267,0.5918986455110439,0.6308485991624531,0.4510414001236226
long_max_Tlast,B,0.9599310885968813,0.3055555555555556,51,-2.3454308876002443,0.037903710980492056,0.6141711534405732,0.6439014778550599,0.0
long_max_Tlast,B,0.9599310885968813,0.3055555555555556,52,-2.4523883616217597,-0.07939627957357984,0.5903128368339092,0.6279161352525089,0.45072595427265577
long_max_Tlast,B,0.9599310885968813,0.3055555555555556,53,-2.1744131031415543,0.28112182912854433,0.6156125590499646,0.6431301905777355,0.0
long_max_Tlast,B,0.9599310885968813,0.3055555555555556,54,-2.454533484915852,-0.03807837935156122,0.5907663164373173,0.6285700395385659,0.45025941883271847
long_max_Tlast,B,0.9599310885968813,0.3055555555555556,55,-2.1725343679177254,0.3682904629239976,0.6140114647276985,0.6396620353723284,0.0
long_max_Tlast,B,0.9599310885968813,0.3055555555555556,56,-2.5607355323889465,-0.04221033518278405,0.5931976440593801,0.6305144750464511,0.45121412681374956
long_max_Tlast,B,0.9599310885968813,0.3055555555555556,57,-2.3776630467390985,0.2654451714491759,0.6132113204595864,0.6388394891231809,0.0
long_max_Tlast,B,0.9599310885968813,0.3055555555555556,58,-2.7501055836410107,-0.08543819055927956,0.5936263413275371,0.6295591731267716,0.45201644945302005
long_max_Tlast,B,0.9599310885968813,0.3055555555555556,59,-2.760114964291367,0.008074828897951525,0.615382148931611,0.6406744318501219,0.0
long_max_Tlast,B,0.9599310885968813,0.3055555555555556,60,-2.988915212168253,-0.15438959025044138,0.5924712137685331,0.6278510301399015,0.45107477671719853
long_max_Tlast,B,0.9599310885968813,0.3055555555555556,61,-3.2090397265473154,-0.30810755781879196,0.6167466586157302,0.6405181401546741,0.0
long_max_Tlast,B,0.9599310885968813,0.3055555555555556,62,-3.2290265580669866,-0.22447570440022468,0.5939212456586622,0.6289961145887847,0.45235150026451465
long_max_Tlast,B,0.9599310885968813,0.3055555555555556,63,-3.595559254293145,-0.5704067561571907,0.615732952151261,0.638383681230192,0.0
long_max_Tlast,B,0.9599310885968813,0.3055555555555556,64,-3.4143294562251363,-0.2670041770151269,0.5965860639700314,0.6308106782463735,0.4549792255579611
long_max_Tlast,B,0.9599310885968813,0.3055555555555556,65,-3.8100406596852014,-0.6829796212240726,0.6159675913079303,0.6382607133594719,0.0
long_max_Tlast,B,0.9599310885968813,0.3055555555555556,66,-3.5173363572354583,-0.27010718358726393,0.5969013846360741,0.6302820038285195,0.45537453715012227
long_max_Tlast,B,0.9599310885968813,0.3055555555555556,67,-3.8089461061839263,-0.6018670901894321,0.6182357007853978,0.6399838454996074,0.0
long_max_Tlast,B,0.9599310885968813,0.3055555555555556,68,-3.5250217460907707,-0.23071289377773896,0.5967055439510901,0.6295036880757703,0.45573248081884843
long_max_Tlast,B,0.9599310885968813,0.3055555555555556,69,-3.6340047122240695,-0.3574138582116646,0.6193006474557305,0.6400913933301681,0.0
long_max_Tlast,B,0.9599310885968813,0.3055555555555556,70,-3.4673828322365954,-0.16075369127502823,0.5983597440341827,0.6308698288562459,0.4569072937871589
long_max_Tlast,B,0.9599310885968813,0.3055555555555556,71,-3.371912242236445,-0.03706618928380995,0.6187575268009284,0.6388097091219991,0.0
long_max_Tlast,B,0.9599310885968813,0.3055555555555556,72,-3.413968609758035,-0.08965239654372087,0.600234367661072,0.632410728715723,0.4575820463011555
long_max_Tlast,B,0.9599310885968813,0.3055555555555556,73,-3.149656737042314,0.24334700572621926,0.6193169878301721,0.6391055574903338,0.0
long_max_Tlast,B,0.9599310885968813,0.3055555555555556,74,-3.4077029194722517,-0.040923927196952425,0.6004563923456392,0.6321147965931081,0.4577947516317132
long_max_Tlast,B,0.9599310885968813,0.3055555555555556,75,-3.095246432698161,0.37950560816326484,0.6212858320356396,0.6406674865007534,0.0
long_max_Tlast,B,0.9599310885968813,0.3055555555555556,76,-3.479225354217432,-0.031187644419938876,0.6003174572177359,0.6318163201924356,0.4574475394524725
long_max_Tlast,B,0.9599310885968813,0.3055555555555556,77,-3.2578299918656795,0.3225172346237808,0.6221795160175946,0.6408749733370693,0.0
long_max_Tlast,B,0.9599310885968813,0.3055555555555556,78,-3.648470664218216,-0.06691149626128712,0.601923019179819,0.6332565939231887,0.458146912810589
long_max_Tlast,B,0.9599310885968813,0.3055555555555556,79,-3.6078897759408557,0.09211812203410452,0.6218383369391385,0.6401162474352747,0.0
long_max_Tlast,B,0.9599310885968813,0.3055555555555556,80,-3.884758711481353,-0.13281197809044237,0.603840954570696,0.6346195786066167,0.4599018991165932
long_max_Tlast,B,0.9599310885968813,0.3055555555555556,81,-4.057431517633107,-0.22953117685022478,0.6227527499735457,0.640708879219062,0.0
long_max_Tlast,B,0.9599310885968813,0.3055555555555556,82,-4.1336783221324875,-0.20537969814611096,0.6040168729740415,0.6344516518210909,0.46021756051856055
long_max_Tlast,B,0.9599310885968813,0.3055555555555556,83,-4.476552733495,-0.5231763748828292,0.6247304722223894,0.6421387166801766,0.0
long_max_Tlast,B,0.9599310885968813,0.3055555555555556,84,-4.3392567316170325,-0.2592596137916697,0.6043842839129563,0.6345758126080794,0.46063551967371946
long_max_Tlast,B,0.9599310885968813,0.3055555555555556,85,-4.747586239822707,-0.6816122804770395,0.6254153359155787,0.6423638286348361,0.0
long_max_Tlast,B,0.9599310885968813,0.3055555555555556,86,-4.45834902531961,-0.2721174971976231,0.6063228337209198,0.6360784109863381,0.46238453332124085
long_max_Tlast,B,0.9599310885968813,0.3055555555555556,87,-4.801773121962821,-0.6468571524563104,0.6253439169839387,0.6419889433386757,0.0
long_max_Tlast,B,0.9599310885968813,0.3055555555555556,88,-4.489047974709893,-0.24110181578221174,0.6077080176849992,0.6371844748839646,0.46316114229081873
long_max_Tlast,B,0.9599310885968813,0.3055555555555556,89,-4.649637433691639,-0.42930786531758097,0.6264608351891414,0.6427577047451979,0.0
long_max_Tlast,B,0.9599310885968813,0.3055555555555556,90,-4.450562980826308,-0.17764421848767722,0.6077723925077572,0.6371019260205444,0.46311232640686995
long_max_Tlast,B,0.9599310885968813,0.3055555555555556,91,-4.389507050834046,-0.10886339793757954,0.6280593713954639,0.6439955102123396,0.0
long_max_Tlast,B,0.9599310885968813,0.3055555555555556,92,-4.383434071864345,-0.10234926608532949,0.6082325623199468,0.6374528035122071,0.46335232528964404
long_max_Tlast,B,0.9599310885968813,0.3055555555555556,93,-4.148661765186876,0.19738320796789155,0.6285256964184914,0.6441954052815946,0.0
long_max_Tlast,B,0.9599310885968813,0.3055555555555556,94,-4.3571862662683865,-0.04510347814116744,0.6097178205200823,0.6388277933616707,0.4638402370078406
long_max_Tlast,B,0.9599310885968813,0.3055555555555556,95,-4.042401958600443,0.37786285935412944,0.6285494429750561,0.6440579067398328,0.0
long_max_Tlast,B,0.9599310885968813,0.3055555555555556,96,-4.416235919195158,-0.026638529520794207,0.6108469752526307,0.6397168954293743,0.4645916989588348
long_max_Tlast,B,0.9599310885968813,0.3055555555555556,97,-4.151433759198494,0.36456226521618995,0.6296509442410361,0.6448954331892008,0.0
long_max_Tlast,B,0.9599310885968813,0.3055555555555556,98,-4.565661297667786,-0.052193228365441074,0.6109016801788217,0.639676201928066,0.46474726397461674
long_max_Tlast,B,0.9599310885968813,0.3055555555555556,99,-4.473029483386815,0.1623267130232125,0.6311079164019137,0.6459652949713576,0.0
long_max_Tlast,B,0.9599310885968813,0.3055555555555556,100,-4.789845388137731,-0.11438300198653858,0.6114789459787604,0.6401836948919677,0.46502563391176716
long_max_Tlast,B,0.9599310885968813,0.3055555555555556,101,-4.920549983834119,-0.15471467053815774,0.6314528814009056,0.6461249906152953,0.0
long_max_Tlast,B,0.9599310885968813,0.3055555555555556,102,-5.042526433848154,-0.18944586630340088,0.6131695270186901,0.6415029394338881,0.466525889107725
long_max_Tlast,B,0.9599310885968813,0.3055555555555556,103,-5.36511352388823,-0.4717436714202897,0.6316104709689858,0.646165879182915,0.0
long_max_Tlast,B,0.9599310885968813,0.3055555555555556,104,-5.2657406894340415,-0.24962630979565337,0.6140814962117415,0.6421884675441754,0.4673360649518922
long_max_Tlast,B,0.9599310885968813,0.3055555555555556,105,-5.677657587777075,-0.6713114729688056,0.6328318198711984,0.6470411133305044,0.0
long_max_Tlast,B,0.9599310885968813,0.3055555555555556,106,-5.412341459820492,-0.2742527617220799,0.6140614512907537,0.6421808948276633,0.46723882570254965
long_max_Tlast,B,0.9599310885968813,0.3055555555555556,107,-5.781220005554998,-0.6795143326491221,0.6339928878347986,0.6479194682612173,0.0
long_max_Tlast,B,0.9599310885968813,0.3055555555555556,108,-5.45823445633887,-0.25232899890243654,0.6148137443437743,0.6428006717115999,0.4678492345124448
long_max_Tlast,B,0.9599310885968813,0.3055555555555556,109,-5.671989154313792,-0.4936042582849519,0.634136854008812,0.6480247400023326,0.0
long_max_Tlast,B,0.9599310885968813,0.3055555555555556,110,-5.426765876750994,-0.19248008264712932,0.6160812092209531,0.643929304446103,0.468438241818202
long_max_Tlast,B,0.9599310885968813,0.3055555555555556,111,-5.418029767629782,-0.18043548736340542,0.634366215341001,0.6481800926058501,0.0
long_max_Tlast,B,0.9599310885968813,0.3055555555555556,112,-5.366969584463383,-0.1178087910747915,0.616563818010243,0.644392727578434,0.4684965663058981
long_max_Tlast,B,0.9599310885968813,0.3055555555555556,113,-5.151772522971828,0.14483484625096377,0.6354212913123706,0.6490061482999597,0.0
long_max_Tlast,B,0.9599310885968813,0.3055555555555556,114,-5.32690135718581,-0.053678004963138626,0.6165359573333064,0.644401325755195,0.4684882315081694
long_max_Tlast,B,0.9599310885968813,0.3055555555555556,115,-5.009763828373737,0.3622890654875789,0.6363101017568281,0.6496974409880056,0.0
long_max_Tlast,B,0.9599310885968813,0.3055555555555556,116,-5.359439412249909,-0.024635198494739663,0.6171702203240483,0.6450308766619943,0.46868187551837237
long_max_Tlast,B,0.9599310885968813,0.3055555555555556,117,-5.073261424630073,0.3925554855024886,0.6363771966205868,0.649755661965762,0.0
long_max_Tlast,B,0.9599310885968813,0.3055555555555556,118,-5.492476508276768,-0.042074255010157435,0.6183570718252276,0.6460093528657562,0.46953497917545983
long_max_Tlast,B,0.9599310885968813,0.3055555555555556,119,-5.3549211991146,0.2232157292528258,0.636641834542169,0.6499813346116349,0.0
long_max_Tlast,B,0.9599310885968813,0.3055555555555556,120,-5.707862635062691,-0.09828704619163856,0.6187964230208426,0.6463208307075317,0.4701136023819276
long_max_Tlast,B,0.9599310885968813,0.3055555555555556,121,-5.789629131883407,-0.0838739228299279,0.6376954594184495,0.6507560014427111,0.0
long_max_Tlast,B,0.9599310885968813,0.3055555555555556,122,-5.961724181755793,-0.1738520960454264,0.6187452456501548,0.646342209578598,0.47004923546403715
long_max_Tlast,B,0.9599310885968813,0.3055555555555556,123,-6.25231536437963,-0.41528354241962784,0.6383973135032371,0.6512773325818739,0.0
long_max_Tlast,B,0.9599310885968813,0.3055555555555556,124,-6.195977700739078,-0.24072897044205924,0.6195365089337939,0.6470041567665851,0.47071840086948613
long_max_Tlast,B,0.9599310885968813,0.3055555555555556,125,-6.607901597516873,-0.6500992159358707,0.6383313363670438,0.6512867009986207,0.0
long_max_Tlast,B,0.9599310885968813,0.3055555555555556,126,-6.360677445597323,-0.27367257181119403,0.6205084564770579,0.6478000724283535,0.4714372745104306
long_max_Tlast,B,0.9599310885968813,0.3055555555555556,127,-6.757858812080753,-0.7015078254564203,0.638654208408596,0.6515611275304953,0.0
long_max_Tlast,B,0.9599310885968813,0.3055555555555556,128,-6.432873354963732,-0.2619878523207496,0.6205525630074114,0.6479257066694873,0.4712219222064712
long_max_Tlast,B,0.9599310885968813,0.3055555555555556,129,-6.683696390048171,-0.5498370682224661,0.6395336557407766,0.6522354841939693,0.0
long_max_Tlast,B,0.9599310885968813,0.3055555555555556,130,-6.415478688433865,-0.2088150882649289,0.6204883280686586,0.6479560355609313,0.47111729937794633
long_max_Tlast,B,0.9599310885968813,0.3055555555555556,131,-6.451199184460551,-0.2512996577555717,0.6399218680273039,0.6525782285668004,0.0
long_max_Tlast,B,0.9599310885968813,0.3055555555555556,132,-6.35057675221136,-0.1333647023135627,0.6211061471274586,0.6485591234235387,0.47135408031204284
long_max_Tlast,B,0.9599310885968813,0.3055555555555556,133,-6.175586423949553,0.0850187766899494,0.6397922202281512,0.6525495133550012,0.0
long_max_Tlast,B,0.9599310885968813,0.3055555555555556,134,-6.303138966251254,-0.06481164309422388,0.6217527392171899,0.6491510894302234,0.4715896818626994
long_max_Tlast,B,0.9599310885968813,0.3055555555555556,135,-5.992612356260768,0.33542316023089536,0.6400936110473487,0.6528343008893998,0.0
long_max_Tlast,B,0.9599310885968813,0.3055555555555556,136,-6.320889281694428,-0.02713408298707848,0.6217607638633781,0.6491618535074061,0.4717401981985444
long_max_Tlast,B,0.9599310885968813,0.3055555555555556,137,-6.00977183926272,0.4071569416038187,0.6408430315511093,0.6534018533667475,0.0
long_max_Tlast,B,0.9599310885968813,0.3055555555555556,138,-6.430681336666787,-0.034287500937835835,0.6217073559407587,0.6491966285854683,0.47170462035289074
long_max_Tlast,B,0.9599310885968813,0.3055555555555556,139,-6.2540900306420735,0.2743587604055973,0.6411056615942969,0.6536039667615535,0.0
long_max_Tlast,B,0.9599310885968813,0.3055555555555556,140,-6.631385358063441,-0.08462070475880912,0.622359385876455,0.6497626867233114,0.4721847654260111
long_max_Tlast,B,0.9599310885968813,0.3055555555555556,141,-6.669450168949279,-0.014744437906757168,0.6409234007817686,0.6535445727634482,0.0
long_max_Tlast,B,0.9599310885968813,0.3055555555555556,142,-6.883626350683732,-0.1586739587546825,0.6229566913525522,0.6502006479943504,0.472824239554743
long_max_Tlast,B,0.9599310885968813,0.3055555555555556,143,-7.139442843198111,-0.35437048544750416,0.6412527795269006,0.6538347867986488,0.0
long_max_Tlast,B,0.9599310885968813,0.3055555555555556,144,-7.130004069514301,-0.22992780232120555,0.6227469657576341,0.6500891967874406,0.47261713292855434
long_max_Tlast,B,0.9599310885968813,0.3055555555555556,145,-7.526988681122103,-0.6189435653521475,0.6418756231952777,0.6542882678648374,0.0
long_max_Tlast,B,0.9599310885968813,0.3055555555555556,146,-7.313927561564145,-0.2723679065807958,0.6226849150572143,0.6501301198482962,0.472500648243516
long_max_Tlast,B,0.9599310885968813,0.3055555555555556,147,-7.72654524244315,-0.7116642069894809,0.6418832779241184,0.654345772928161,0.0
long_max_Tlast,B,0.9599310885968813,0.3055555555555556,148,-7.402364448457588,-0.26947700767844884,0.6232264590898077,0.6506168103286847,0.47283344599964044
long_max_Tlast,B,0.9599310885968813,0.3055555555555556,149,-7.697308122756258,-0.598493255851184,0.6416472329080412,0.6542624522714519,0.0
long_max_Tlast,B,0.9599310885968813,0.3055555555555556,150,-7.402437141957963,-0.2234918739579907,0.6234306677256839,0.6508503761899984,0.47272635926630935
long_max_Tlast,B,0.9599310885968813,0.3055555555555556,151,-7.483763848480452,-0.32045902032523055,0.6419373034304856,0.6545314455682317,0.0
long_max_Tlast,B,0.9599310885968813,0.3055555555555556,152,-7.346505329904651,-0.15098200432343345,0.6231158092501924,0.6506527533361862,0.47246168612513884
long_max_Tlast,B,0.9599310885968813,0.3055555555555556,153,-7.2041587888379865,0.019716899023222545,0.6423512033286507,0.6548547759339219,0.0
long_max_Tlast,B,0.9599310885968813,0.3055555555555556,154,-7.2870227187409125,-0.07775971606661392,0.6230736387444447,0.6506942739492297,0.4724292723455966
long_max_Tlast,B,0.9599310885968813,0.3055555555555556,155,-6.994974913377042,0.2972163406306097,0.6422438869218969,0.6548030029970647,0.0
long_max_Tlast,B,0.9599310885968813,0.3055555555555556,156,-7.286101789828189,-0.031966058039463785,0.623501785458775,0.6510916394074584,0.47263620906246234
long_max_Tlast,B,0.9599310885968813,0.3055555555555556,157,-6.965139884286774,0.4102195922621822,0.6420141513638759,0.654708123877037,0.0
long_max_Tlast,B,0.9599310885968813,0.3055555555555556,158,-7.378842390201538,-0.029959596327864435,0.6236839278655455,0.6511953442702949,0.47294833620809196
long_max_Tlast,B,0.9599310885968813,0.3055555555555556,159,-7.163702574952542,0.3165666641037086,0.6422882408269996,0.6549516803082273,0.0
long_max_Tlast,B,0.9599310885968813,0.3055555555555556,160,-7.5635877031550365,-0.07211043254433383,0.6233438805471534,0.650942422513122,0.4728153812770598
long_max_Tlast,B,0.9599310885968813,0.3055555555555556,161,-7.553532521160969,0.05115217658052351,0.6426114999796998,0.6551652476450328,0.0
long_max_Tlast,B,0.9599310885968813,0.3055555555555556,162,-7.809306469615866,-0.14382404652908604,0.6233043269433075,0.6509867080926638,0.4727389098195909
long_max_Tlast,B,0.9599310885968813,0.3055555555555556,163,-8.025743257315133,-0.2885072326950131,0.642364094164242,0.6550173461005578,0.0
long_max_Tlast,B,0.9599310885968813,0.3055555555555556,164,-8.060966005763996,-0.2180882412526966,0.6237030450934044,0.651305240175117,0.473096652943993
long_max_Tlast,B,0.9599310885968813,0.3055555555555556,165,-8.441797192385916,-0.5781796831040775,0.6421044660135343,0.6549138425942024,0.0
long_max_Tlast,B,0.9599310885968813,0.3055555555555556,166,-8.262615670164264,-0.2679237106852875,0.6236034686474767,0.6512498348489717,0.472923457750571
long_max_Tlast,B,0.9599310885968813,0.3055555555555556,167,-8.68339693670151,-0.7109464302870621,0.6423442611537364,0.6551214815890006,0.0
long_max_Tlast,B,0.9599310885968813,0.3055555555555556,168,-8.374937334181245,-0.2755565792592011,0.6231218030569686,0.6509420832101556,0.4724383883266242
long_max_Tlast,B,0.9599310885968813,0.3055555555555556,169,-8.699654368269158,-0.6382803744362122,0.6424591172229471,0.6552113380340358,0.0
long_max_Tlast,B,0.9599310885968813,0.3055555555555556,170,-8.389088913610886,-0.23723624226329437,0.623096736901237,0.6509847570046486,0.47240096037556223
long_max_Tlast,B,0.9599310885968813,0.3055555555555556,171,-8.519582036371501,-0.387287668930667,0.6420954358226788,0.6549876890064198,0.0
long_max_Tlast,B,0.9599310885968813,0.3055555555555556,172,-8.33873090715394,-0.16776687867442844,0.623298556034818,0.6511907012658552,0.4724044940024582
long_max_Tlast,B,0.9599310885968813,0.3055555555555556,173,-8.241327294101023,-0.04979922068206205,0.6418670565203328,0.6548869897523764,0.0
long_max_Tlast,B,0.9599310885968813,0.3055555555555556,174,-8.278388729965922,-0.09297890082056415,0.6231039158392502,0.6510245492885355,0.47229111408169566
long_max_Tlast,B,0.9599310885968813,0.3055555555555556,175,-8.005034690283079,0.24982986170412952,0.6420516129964917,0.6550500474542078,0.0
long_max_Tlast,B,0.9599310885968813,0.3055555555555556,176,-8.261254947743328,-0.03938551131975565,0.6227059539806962,0.6507122595072957,0.4721578871017362
long_max_Tlast,B,0.9599310885968813,0.3055555555555556,177,-7.934062949852882,0.40159740595873583,0.6420778062825789,0.6550430672764733,0.0
long_max_Tlast,B,0.9599310885968813,0.3055555555555556,178,-8.330948314413224,-0.027433559881768377,0.6226905021879788,0.650752707401561,0.47212755442684623
long_max_Tlast,B,0.9599310885968813,0.3055555555555556,179,-8.08686327994102,0.35022837866483725,0.641683441498609,0.6547726182582083,0.0
long_max_Tlast,B,0.9599310885968813,0.3055555555555556,180,-8.498673554036497,-0.06153768296810608,0.6228888197047289,0.650883656326307,0.47237151722504134
long_max_Tlast,B,0.9599310885968813,0.3055555555555556,181,-8.443004271362238,0.11417510775241146,0.6414602536819742,0.6546768571864043,0.0
long_max_Tlast,B,0.9599310885968813,0.3055555555555556,182,-8.736406036193918,-0.1286354013486686,0.6226004289995939,0.65062513236326,0.47225190782091137
long_max_Tlast,B,0.9599310885968813,0.3055555555555556,183,-8.907679852190093,-0.2195951216147355,0.6416179548213308,0.6547984372837781,0.0
long_max_Tlast,B,0.9599310885968813,0.3055555555555556,184,-8.992494738524629,-0.20481657347115328,0.6221070440922708,0.650295958841777,0.4717872807371749
long_max_Tlast,B,0.9599310885968813,0.3055555555555556,185,-9.345713946508571,-0.5282744981410805,0.6415006424046517,0.6546958856301734,0.0
long_max_Tlast,B,0.9599310885968813,0.3055555555555556,186,-9.207397853366741,-0.2617090560383317,0.6220993127803904,0.6503329634445131,0.4717556885318519
long_max_Tlast,B,0.9599310885968813,0.3055555555555556,187,-9.631773205863801,-0.6991654518509127,0.641015318931652,0.6543861839841547,0.0
long_max_Tlast,B,0.9599310885968813,0.3055555555555556,188,-9.338693970399477,-0.27839379679242926,0.6221183354563204,0.6503598028519074,0.4716857510726544
long_max_Tlast,B,0.9599310885968813,0.3055555555555556,189,-9.694336792634349,-0.669423064624568,0.6408232923456556,0.6543015315911007,0.0
long_max_Tlast,B,0.9599310885968813,0.3055555555555556,190,-9.374811055539674,-0.24951375479455246,0.6216660368615059,0.6500158575977553,0.47125673472837853
long_max_Tlast,B,0.9599310885968813,0.3055555555555556,191,-9.547285304637075,-0.4500974901564297,0.6409087498936162,0.6543719517936105,0.0
long_max_Tlast,B,0.9599310885968813,0.3055555555555556,192,-9.334374025036269,-0.18491283957839544,0.621262575469532,0.6497103713090746,0.4710440338396785
long_max_Tlast,B,0.9599310885968813,0.3055555555555556,193,-9.281727625850152,-0.1221989702226926,0.6406896726299833,0.6541920958238714,0.0
long_max_Tlast,B,0.9599310885968813,0.3055555555555556,194,-9.268555185980974,-0.10849621999910905,0.6212618109343817,0.6497398107974101,0.47103948337840673
long_max_Tlast,B,0.9599310885968813,0.3055555555555556,195,-9.027419760251314,0.19424621084798688,0.6402371364282459,0.6538756804363905,0.0
long_max_Tlast,B,0.9599310885968813,0.3055555555555556,196,-9.239469213184801,-0.04895819838603191,0.6212399903240996,0.6496944568233043,0.47106684977216473
long_max_Tlast,B,0.9599310885968813,0.3055555555555556,197,-8.913046928960213,0.3830030236854426,0.6400811717644408,0.6538052152167478,0.0
long_max_Tlast,B,0.9599310885968813,0.3055555555555556,198,-9.290123710607183,-0.027349563308455394,0.6208381451712683,0.6493199062892434,0.47095818642679854
long_max_Tlast,B,0.9599310885968813,0.3055555555555556,199,-9.017770541932594,0.37480319170371973,0.6401373252197442,0.6538335100023083,0.0
long_max_Tlast,B,0.9599310885968813,0.3055555555555556,200,-9.436925417347203,-0.05189428474820265,0.6204416710348157,0.6490358855598801,0.470666491690963
long_max_Tlast,B,0.9599310885968813,0.3055555555555556,201,-9.336909979517097,0.1732733814299594,0.6398596394306154,0.6535958648672379,0.0
long_max_Tlast,B,0.9599310885968813,0.3055555555555556,202,-9.662695936350406,-0.11386545878701115,0.6204449991331125,0.6490596145969308,0.47065158544619834
long_max_Tlast,B,0.9599310885968813,0.3055555555555556,203,-9.78809041655537,-0.14786714338637136,0.6393767215487863,0.6532771629425402,0.0
long_max_Tlast,B,0.9599310885968813,0.3055555555555556,204,-9.919175806090536,-0.1899783934387904,0.6203321470527071,0.6489407010362589,0.4705946890388397
long_max_Tlast,B,0.9599310885968813,0.3055555555555556,205,-10.241040240045876,-0.470836082966473,0.6392441553236163,0.6532211944710338,0.0
long_max_Tlast,B,0.9599310885968813,0.3055555555555556,206,-10.148028578237632,-0.25287596628164977,0.6197816609766497,0.6485200345318282,0.47008246168964407
long_max_Tlast,B,0.9599310885968813,0.3055555555555556,207,-10.565120847413748,-0.6768958829905948,0.6392378115843131,0.6532031085543658,0.0
long_max_Tlast,B,0.9599310885968813,0.3055555555555556,208,-10.299299212670492,-0.27934878900300925,0.6194270768439132,0.648270778302345,0.46979733372714805
long_max_Tlast,B,0.9599310885968813,0.3055555555555556,209,-10.677986515559336,-0.6910595881989791,0.638863192346893,0.6529148495965768,0.0
long_max_Tlast,B,0.9599310885968813,0.3055555555555556,210,-10.352666442651788,-0.25935767804658694,0.6194296180348328,0.6482833433788615,0.4697985508984094
long_max_Tlast,B,0.9599310885968813,0.3055555555555556,211,-10.571822092809072,-0.5082877232916123,0.6384283884801963,0.6526166613066378,0.0
long_max_Tlast,B,0.9599310885968813,0.3055555555555556,212,-10.326312508673913,-0.20103109273710465,0.6192218181323053,0.6480995574027315,0.46961381536708535
long_max_Tlast,B,0.9599310885968813,0.3055555555555556,213,-10.320523280353456,-0.1955894257513831,0.6383449459181441,0.6525784111187117,0.0
long_max_Tlast,B,0.9599310885968813,0.3055555555555556,214,-10.262893084975223,-0.12533695796370076,0.618762665835156,0.6476899190526151,0.46941989073776247
long_max_Tlast,B,0.9599310885968813,0.3055555555555556,215,-10.053918336058086,0.1319771136109697,0.6382989227630277,0.6525214860359767,0.0
long_max_Tlast,B,0.9599310885968813,0.3055555555555556,216,-10.219671582490614,-0.05977508104441184,0.6185075623773924,0.6474898931502402,0.46931514964124876
long_max_Tlast,B,0.9599310885968813,0.3055555555555556,217,-9.903407540985093,0.35464205216390954,0.6379285105364302,0.6522117498223846,0.0
long_max_Tlast,B,0.9599310885968813,0.3055555555555556,218,-10.250372346789336,-0.02906935711549319,0.6185105045341351,0.6474938695000765,0.4693136243137343
long_max_Tlast,B,0.9599310885968813,0.3055555555555556,219,-9.957907289506903,0.39094179224767345,0.6375360982771368,0.6519428559861505,0.0
long_max_Tlast,B,0.9599310885968813,0.3055555555555556,220,-10.377790810085383,-0.0439646044412938,0.6183040337749224,0.6472731626112231,0.4692685491683578
long_max_Tlast,B,0.9599310885968813,0.3055555555555556,221,-10.233917456705981,0.22748568220117033,0.6374724889598327,0.6519192057242882,0.0
long_max_Tlast,B,0.9599310885968813,0.3055555555555556,222,-10.58927333495069,-0.09896490777234515,0.6177982246951387,0.6468664323445439,0.4688801291340495
long_max_Tlast,B,0.9599310885968813,0.3055555555555556,223,-10.66500976251224,-0.07526911063401437,0.637390186436382,0.6518282315534779,0.0
long_max_Tlast,B,0.9599310885968813,0.3055555555555556,224,-10.843186795089217,-0.17428882225798464,0.6175471236616616,0.6467045304975066,0.46861341603304396
long_max_Tlast,B,0.9599310885968813,0.3055555555555556,225,-11.127994665087996,-0.4064447752768439,0.6369629808775599,0.6515002043636617,0.0
long_max_Tlast,B,0.9599310885968813,0.3055555555555556,226,-11.081171586640355,-0.24183023076594223,0.617544538076694,0.6466968146693837,0.46861323105444724
long_max_Tlast,B,0.9599310885968813,0.3055555555555556,227,-11.48804538479593,-0.6449711827904914,0.6366111342100633,0.6512678019604186,0.0
long_max_Tlast,B,0.9599310885968813,0.3055555555555556,228,-11.252115025804656,-0.27721959208698943,0.6172284622298385,0.6464298411016324,0.4683210860529863
long_max_Tlast,B,0.9599310885968813,0.3055555555555556,229,-11.648013515605545,-0.7032535318767228,0.6365897308496815,0.6512601424115659,0.0
long_max_Tlast,B,0.9599310885968813,0.3055555555555556,230,-11.32775608451265,-0.26761659419481054,0.6167750205263832,0.6460556793301149,0.4680120577155635
long_max_Tlast,B,0.9599310885968813,0.3055555555555556,231,-11.586163161581638,-0.560354783292283,0.6364614484934384,0.6511382669850015,0.0
long_max_Tlast,B,0.9599310885968813,0.3055555555555556,232,-11.314067333883811,-0.21601005524518438,0.6166548139460002,0.6459526391663094,0.46801446960191495
long_max_Tlast,B,0.9599310885968813,0.3055555555555556,233,-11.359631355168418,-0.26886246865645147,0.6360633882509458,0.6508173120579932,0.0
long_max_Tlast,B,0.9599310885968813,0.3055555555555556,234,-11.253614177902872,-0.1419247334456562,0.6166459089907729,0.6459337878734541,0.468012155241171
long_max_Tlast,B,0.9599310885968813,0.3055555555555556,235,-11.084913658988043,0.06461151700502876,0.6358050171509613,0.650634259775602,0.0
long_max_Tlast,B,0.9599310885968813,0.3055555555555556,236,-11.203207742185466,-0.07244811755539948,0.6163749525780277,0.6456596157135234,0.4679227972087745
long_max_Tlast,B,0.9599310885968813,0.3055555555555556,237,-10.899582217908973,0.3176705181943151,0.6358049667618193,0.6506391023703049,0.0
long_max_Tlast,B,0.9599310885968813,0.3055555555555556,238,-11.214169117977647,-0.032528365949353266,0.6159998980728059,0.6453330813917244,0.46773633439172463
long_max_Tlast,B,0.9599310885968813,0.3055555555555556,239,-10.90652150393489,0.39789266220083164,0.6356664380898106,0.6504982436951022,0.0
long_max_Tlast,B,0.9599310885968813,0.3055555555555556,240,-11.319206784867344,-0.037320851966243684,0.6158883957855501,0.645269702214035,0.46759160570341424
long_max_Tlast,B,0.9599310885968813,0.3055555555555556,241,-11.136525609856239,0.27621377211302844,0.6352759663145999,0.6501916623702506,0.0
long_max_Tlast,B,0.9599310885968813,0.3055555555555556,242,-11.5150429254454,-0.08483983240970214,0.6158754655841527,0.6452413980044216,0.4675905226470408
long_max_Tlast,B,0.9599310885968813,0.3055555555555556,243,-11.540876364322328,-0.0029893705339436583,0.635055098542457,0.6500530989565149,0.0
long_max_Tlast,B,0.9599310885968813,0.3055555555555556,244,-11.764008440687503,-0.15746285563678458,0.6155414617704633,0.6449511344226598,0.46732399684788245
long_max_Tlast,B,0.9599310885968813,0.3055555555555556,245,-12.006563062104377,-0.3371459869531287,0.6350790651779431,0.6500689446393533,0.0
long_max_Tlast,B,0.9599310885968813,0.3055555555555556,246,-12.01022634859855,-0.22899776552138013,0.6151692723245176,0.6446677666653463,0.46697880616483445
long_max_Tlast,B,0.9599310885968813,0.3055555555555556,247,-12.398197759674462,-0.6038593755425528,0.6349034035541928,0.6499099903243405,0.0
long_max_Tlast,B,0.9599310885968813,0.3055555555555556,248,-12.19784735250122,-0.2728282263543156,0.615155000841584,0.6446554376812552,0.4670015272029343
long_max_Tlast,B,0.9599310885968813,0.3055555555555556,249,-12.60733701630088,-0.7058622175446018,0.6345418016596188,0.6496302823298582,0.0
long_max_Tlast,B,0.9599310885968813,0.3055555555555556,250,-12.29420165205319,-0.27305885634960897,0.6151287873343569,0.6446155580438129,0.4669874883258417
long_max_Tlast,B,0.9599310885968813,0.3055555555555556,251,-12.591366240283927,-0.6056754321312887,0.6344239873869656,0.6495467266047674,0.0
long_max_Tlast,B,0.9599310885968813,0.3055555555555556,252,-12.299306431881835,-0.22995624652611854,0.6148285022940121,0.6443366731585597,0.4668143766924042
long_max_Tlast,B,0.9599310885968813,0.3055555555555556,253,-12.392516206869807,-0.34015782114115656,0.6344698278977624,0.6495713688544044,0.0
long_max_Tlast,B,0.9599310885968813,0.3055555555555556,254,-12.244145867612875,-0.1587311138258598,0.6146081336068927,0.6441270778238686,0.4667782886216362
long_max_Tlast,B,0.9599310885968813,0.3055555555555556,255,-12.119134300855988,-0.0067221296004863484,0.6342983505243615,0.64940749559758,0.0
long_max_Tlast,B,0.9599310885968813,0.3055555555555556,256,-12.1853130452191,-0.0857705142088285,0.614636667700377,0.6441539583995396,0.46679811864925436
long_max_Tlast,B,0.9599310885968813,0.3055555555555556,257,-11.904283591176156,0.2728387714141048,0.6340032636642936,0.6491679803254389,0.0
long_max_Tlast,B,0.9599310885968813,0.3055555555555556,258,-12.180386237971916,-0.038016593514930835,0.6146103343701573,0.6441081375265384,0.4667939057617505
long_max_Tlast,B,0.9599310885968813,0.3055555555555556,259,-11.862279013175751,0.3960617557293699,0.6339338264279626,0.6491308652449116,0.0
long_max_Tlast,B,0.9599310885968813,0.3055555555555556,260,-12.264038595761708,-0.03241456727992942,0.6143290475475696,0.6438470076000596,0.4666347167035174
long_max_Tlast,B,0.9599310885968813,0.3055555555555556,261,-12.044334816083214,0.3179479105322197,0.6339860308291105,0.6491606968571622,0.0
long_max_Tlast,B,0.9599310885968813,0.3055555555555556,262,-12.441027549002573,-0.07133132441103007,0.6141066131356889,0.6436885048043809,0.46638826949442813
long_max_Tlast,B,0.9599310885968813,0.3055555555555556,263,-12.41757922048164,0.06743298849256063,0.6338022065020238,0.6489946354191879,0.0
long_max_Tlast,B,0.9599310885968813,0.3055555555555556,264,-12.682142480415742,-0.14050016535484075,0.6141699413684217,0.6437488126760809,0.4663987675507615
long_max_Tlast,B,0.9599310885968813,0.3055555555555556,265,-12.880232125943069,-0.2640195795300582,0.6335345427994366,0.6487948467518818,0.0
long_max_Tlast,B,0.9599310885968813,0.3055555555555556,266,-12.933554614587614,-0.2142929508460874,0.6141295048846698,0.6436944738214855,0.46637486883297896
long_max_Tlast,B,0.9599310885968813,0.3055555555555556,267,-13.297830982552483,-0.5549967305446704,0.6335416599575724,0.6488058481650091,0.0
long_max_Tlast,B,0.9599310885968813,0.3055555555555556,268,-13.13842451879972,-0.26608873953568707,0.6138496503443208,0.643455757649833,0.46614479661726627
long_max_Tlast,B,0.9599310885968813,0.3055555555555556,269,-13.55277944679392,-0.6988466376362141,0.6336100696142015,0.6488398217260247,0.0
long_max_Tlast,B,0.9599310885968813,0.3055555555555556,270,-13.255648098153365,-0.27663172428335264,0.6137688075953187,0.6433730710823398,0.4661584069756656
long_max_Tlast,B,0.9599310885968813,0.3055555555555556,271,-13.58718532107377,-0.6432389862115886,0.6334334020858476,0.6486803320174104,0.0
long_max_Tlast,B,0.9599310885968813,0.3055555555555556,272,-13.27774175551832,-0.24196306794473293,0.6139013473514219,0.6434668040377342,0.4663018532467477
long_max_Tlast,B,0.9599310885968813,0.3055555555555556,273,-13.42195760751461,-0.40841518798294896,0.6332594433313097,0.6485342537503748,0.0
long_max_Tlast,B,0.9599310885968813,0.3055555555555556,274,-13.23288082032498,-0.17524307840007697,0.6138614172287244,0.643409934640394,0.4662873031649297
long_max_Tlast,B,0.9599310885968813,0.3055555555555556,275,-13.15288554106214,-0.08028833886138209,0.6333290402226112,0.6485876123970368,0.0
long_max_Tlast,B,0.9599310885968813,0.3055555555555556,276,-13.170420170721023,-0.10044541951896047,0.6136679208917482,0.643215104098751,0.46623354903323466
long_max_Tlast,B,0.9599310885968813,0.3055555555555556,277,-12.914798930268462,0.22087118019080954,0.6333937687933624,0.6486219292325824,0.0
long_max_Tlast,B,0.9599310885968813,0.3055555555555556,278,-13.148102900713784,-0.044944311426001554,0.6136281286489268,0.6431898404240382,0.46618176195746297
long_max_Tlast,B,0.9599310885968813,0.3055555555555556,279,-12.82826070728721,0.38510343066192765,0.6332349489367879,0.6484756749797688,0.0
long_max_Tlast,B,0.9599310885968813,0.3055555555555556,280,-13.210758638751418,-0.02942788104194055,0.6137480894097802,0.6432987347659376,0.4662035072983
long_max_Tlast,B,0.9599310885968813,0.3055555555555556,281,-12.9594200750111,0.3522359613004856,0.6331000870836333,0.6483766358826092,0.0
long_max_Tlast,B,0.9599310885968813,0.3055555555555556,282,-13.369163111524282,-0.059148083787773975,0.6137025327244294,0.6432396396529475,0.46618088720439693
long_max_Tlast,B,0.9599310885968813,0.3055555555555556,283,-13.296238557241418,0.13420107017833138,0.6332066380631209,0.6484638592064073,0.0
long_max_Tlast,B,0.9599310885968813,0.3055555555555556,284,-13.599796533957928,-0.12335189926313261,0.6134991856150241,0.6430763058720931,0.465978085160528
long_max_Tlast,B,0.9599310885968813,0.3055555555555556,285,-13.74998005679881,-0.1889124013159464,0.6332762808628041,0.6484977429023292,0.0
long_max_Tlast,B,0.9599310885968813,0.3055555555555556,286,-13.85356845874194,-0.1986546252448103,0.6135327988799184,0.6431103284515125,0.46598142790146824
long_max_Tlast,B,0.9599310885968813,0.3055555555555556,287,-14.18926929861469,-0.4990197198000593,0.6331249362376213,0.6483670762991902,0.0
long_max_Tlast,B,0.9599310885968813,0.3055555555555556,288,-14.072300262035792,-0.25713928598585656,0.6137136592880003,0.6432398255502557,0.4661600439513303
long_max_Tlast,B,0.9599310885968813,0.3055555555555556,289,-14.4877920394005,-0.6826682442085676,0.6330734290511715,0.6483218941566958,0.0
long_max_Tlast,B,0.9599310885968813,0.3055555555555556,290,-14.211457509662878,-0.2777295103620351,0.6136650664958326,0.6431812617572967,0.46613087086319716
long_max_Tlast,B,0.9599310885968813,0.3055555555555556,291,-14.571182493253588,-0.6723892543503254,0.6332422520686533,0.6484410055935231,0.0
long_max_Tlast,B,0.9599310885968813,0.3055555555555556,292,-14.253934839627986,-0.2527677347115302,0.6135642854245464,0.6430724164705173,0.466126612575369
long_max_Tlast,B,0.9599310885968813,0.3055555555555556,293,-14.444891389115732,-0.4721078211139122,0.6333056252272524,0.6484720902040041,0.0
long_max_Tlast,B,0.9599310885968813,0.3055555555555556,294,-14.218570514978822,-0.1910756673126651,0.613689166083184,0.6431634845390946,0.46626461387384277
long_max_Tlast,B,0.9599310885968813,0.3055555555555556,295,-14.18890266952431,-0.1550428254546704,0.6331933485525747,0.6483657826682018,0.0
long_max_Tlast,B,0.9599310885968813,0.3055555555555556,296,-14.15508982658566,-0.11568980776421414,0.6138458794498289,0.6432948155177364,0.4663341281456137
long_max_Tlast,B,0.9599310885968813,0.3055555555555556,297,-13.93102755209855,0.1628970327475412,0.6332006750131179,0.6483689462472002,0.0
long_max_Tlast,B,0.9599310885968813,0.3055555555555556,298,-14.120639496819942,-0.053986078253620784,0.6138051331475569,0.6432414334339703,0.4663215502274249
long_max_Tlast,B,0.9599310885968813,0.3055555555555556,299,-13.8021586000004,0.3651343672719125,0.6333763830699712,0.6485059001607877,0.0
long_max_Tlast,B,0.9599310885968813,0.3055555555555556,300,-14.161498774167182,-0.028329782279509164,0.6137200070504251,0.643173033427946,0.4662316602272663
long_max_Tlast,B,0.9599310885968813,0.3055555555555556,301,-13.88400065678438,0.3777896591168738,0.6334330776183663,0.6485332011703483,0.0
long_max_Tlast,B,0.9599310885968813,0.3055555555555556,302,-14.299058327840138,-0.04849621236950638,0.61384808040572,0.6432998870420561,0.46623952567006977
long_max_Tlast,B,0.9599310885968813,0.3055555555555556,303,-14.180513547224244,0.19620596492235665,0.633334438378779,0.6484493658729893,0.0
long_max_Tlast,B,0.9599310885968813,0.3055555555555556,304,-14.51771963730314,-0.10683588585493495,0.6140251981239172,0.6434345566781342,0.4663768941126549
long_max_Tlast,B,0.9599310885968813,0.3055555555555556,305,-14.618604117651406,-0.11338725495623936,0.6333927046546781,0.6484964458161397,0.0
long_max_Tlast,B,0.9599310885968813,0.3055555555555556,306,-14.771764994543439,-0.18197817586105786,0.6139788779312323,0.6433851094110374,0.4663403030596531
long_max_Tlast,B,0.9599310885968813,0.3055555555555556,307,-15.072910881740615,-0.4374359282143813,0.6336080372945955,0.6486496742682479,0.0
long_max_Tlast,B,0.9599310885968813,0.3055555555555556,308,-15.003063762396199,-0.2466161113838583,0.6139625844383972,0.643366254959406,0.46633552855317406
long_max_Tlast,B,0.9599310885968813,0.3055555555555556,309,-15.412166144605528,-0.6573317904392191,0.6336590342487342,0.648672684730902,0.0
long_max_Tlast,B,0.9599310885968813,0.3055555555555556,310,-15.161434631524433,-0.27671705249878,0.6141928332151492,0.6435379194518921,0.4665697894915557
long_max_Tlast,B,0.9599310885968813,0.3055555555555556,311,-15.54651050598504,-0.6926518283484399,0.6336033842078092,0.648617827160042,0.0
long_max_Tlast,B,0.9599310885968813,0.3055555555555556,312,-15.22482797548129,-0.2614697941467775,0.6143599499956072,0.6436664809219498,0.46669225080828236
long_max_Tlast,B,0.9599310885968813,0.3055555555555556,313,-15.46088463380353,-0.5301635599662666,0.6337308599870267,0.6487071645693782,0.0
long_max_Tlast,B,0.9599310885968813,0.3055555555555556,314,-15.204512155634117,-0.20653674418552992,0.6143310219741269,0.643627930923458,0.4666884873293438
long_max_Tlast,B,0.9599310885968813,0.3055555555555556,315,-15.222780974118427,-0.22938802633286598,0.6339409099178013,0.6488640430427718,0.0
long_max_Tlast,B,0.9599310885968813,0.3055555555555556,316,-15.141317734687764,-0.13160953127053407,0.61437302158799,0.6436549231180286,0.46674104723043036
long_max_Tlast,B,0.9599310885968813,0.3055555555555556,317,-14.954141020080495,0.09956561647182005,0.6339787530928046,0.648881862158942,0.0
long_max_Tlast,B,0.9599310885968813,0.3055555555555556,318,-15.094809639471027,-0.06444715299074166,0.6145765318573765,0.6438418102059493,0.4668080850377999
long_max_Tlast,B,0.9599310885968813,0.3055555555555556,319,-14.786759663773534,0.3364045537714866,0.6339493191647415,0.6488537008324231,0.0
long_max_Tlast,B,0.9599310885968813,0.3055555555555556,320,-15.11729064364802,-0.029663385340350346,0.6147174033236776,0.643957705954425,0.46687823764089587
long_max_Tlast,B,0.9599310885968813,0.3055555555555556,321,-14.817789331263498,0.3941606289325498,0.634096276444331,0.648972178929396,0.0
long_max_Tlast,B,0.9599310885968813,0.3055555555555556,322,-15.233912763517166,-0.03968603599106052,0.6146873216348647,0.6439272909144031,0.4668518136643032
long_max_Tlast,B,0.9599310885968813,0.3055555555555556,323,-15.071420791297792,0.25168090193576714,0.6343088376789668,0.6491280039213925,0.0
long_max_Tlast,B,0.9599310885968813,0.3055555555555556,324,-15.437415773396106,-0.09115497487904867,0.6147474448507607,0.6439898705697364,0.46684360873173564
long_max_Tlast,B,0.9599310885968813,0.3055555555555556,325,-15.488982601594115,-0.03881866937998224,0.6343410936214745,0.6491413623116644,0.0
long_max_Tlast,B,0.9599310885968813,0.3055555555555556,326,-15.688555192794682,-0.16509862154588187,0.615010158938721,0.6441980472261849,0.4670602465535113
long_max_Tlast,B,0.9599310885968813,0.3055555555555556,327,-15.952409589186823,-0.3712131400900669,0.6343438959721951,0.6491405324260504,0.0
long_max_Tlast,B,0.9599310885968813,0.3055555555555556,328,-15.93015612605366,-0.2343221612857182,0.6151555877825482,0.6443027627768078,0.4671984924823175
long_max_Tlast,B,0.9599310885968813,0.3055555555555556,329,-16.326799015097116,-0.6236075176799747,0.6345472375522337,0.6492876588097565,0.0
long_max_Tlast,B,0.9599310885968813,0.3055555555555556,330,-16.10859826911208,-0.2737322018076067,0.6151424064054902,0.6442854812323281,0.4671959537777291
long_max_Tlast,B,0.9599310885968813,0.3055555555555556,331,-16.51043798872094,-0.703420447351186,0.6347532622352265,0.6494358716913903,0.0
long_max_Tlast,B,0.9599310885968813,0.3055555555555556,332,-16.192472104902844,-0.26856655968732174,0.6152845283832088,0.6443904825659353,0.46734828976489184
long_max_Tlast,B,0.9599310885968813,0.3055555555555556,333,-16.47095309221663,-0.5814843383976732,0.6347726587335566,0.6494445229043598,0.0
long_max_Tlast,B,0.9599310885968813,0.3055555555555556,334,-16.186846425695453,-0.22075742303685397,0.6155331412132412,0.6445996115501695,0.4675047002211203
long_max_Tlast,B,0.9599310885968813,0.3055555555555556,335,-16.256335864738226,-0.30219664434793747,0.6348128455513598,0.6494706140983738,0.0
long_max_Tlast,B,0.9599310885968813,0.3055555555555556,336,-16.1294080757037,-0.1480671098344421,0.6156267844282756,0.6446821305415664,0.46752837450993023
long_max_Tlast,B,0.9599310885968813,0.3055555555555556,337,-15.980782211451592,0.032166223807163385,0.6350192489261927,0.6496316285178446,0.0
long_max_Tlast,B,0.9599310885968813,0.3055555555555556,338,-16.074357626608048,-0.07673144513432784,0.6156239084580384,0.6446771543602228,0.46752846994349057
long_max_Tlast,B,0.9599310885968813,0.3055555555555556,339,-15.781118744471385,0.2990284559036248,0.6351939370748327,0.6497641461943475,0.0
long_max_Tlast,B,0.9599310885968813,0.3055555555555556,340,-16.07719500435635,-0.033021464481634566,0.6157531710701036,0.6448026763933489,0.46755480130756155
long_max_Tlast,B,0.9599310885968813,0.3055555555555556,341,-15.764213809567735,0.40074296768965506,0.6352069412978478,0.6497691798662828,0.0
long_max_Tlast,B,0.9599310885968813,0.3055555555555556,342,-16.173025304362557,-0.03314175596313143,0.6159899101248395,0.6450054990712817,0.4676888277402538
long_max_Tlast,B,0.9599310885968813,0.3055555555555556,343,-15.971185051062772,0.29980683644264783,0.6352641883515953,0.649816746190256,0.0
long_max_Tlast,B,0.9599310885968813,0.3055555555555556,344,-16.360783549067662,-0.07675454640324345,0.6160853913160853,0.6450725765183281,0.46778880322103955
long_max_Tlast,B,0.9599310885968813,0.3055555555555556,345,-16.361990370903353,0.03308033119592663,0.6354924605372647,0.6499878539795697,0.0
long_max_Tlast,B,0.9599310885968813,0.3055555555555556,346,-16.60645562650336,-0.14809075696873628,0.6160908306755934,0.6450796562185938,0.46778418310840575
long_max_Tlast,B,0.9599310885968813,0.3055555555555556,347,-16.828329926369797,-0.30158946522868885,0.6356578767664967,0.6501041962507123,0.0
long_max_Tlast,B,0.9599310885968813,0.3055555555555556,348,-16.855105329222624,-0.22100197297918672,0.6162843868842403,0.645233241910837,0.4679552019314944
long_max_Tlast,B,0.9599310885968813,0.3055555555555556,349,-17.23415922595187,-0.5817550748821694,0.6356626744549617,0.6501062028347758,0.0
long_max_Tlast,B,0.9599310885968813,0.3055555555555556,350,-17.05075493238634,-0.2685774054180757,0.6165316233839472,0.6454266141831115,0.46816832762300453
long_max_Tlast,B,0.9599310885968813,0.3055555555555556,351,-17.46510681675722,-0.7046602914849185,0.6357574057482193,0.650175885169665,0.0
long_max_Tlast,B,0.9599310885968813,0.3055555555555556,352,-17.157185708065803,-0.2736664027746874,0.6165801194323719,0.645470154348383,0.46817979667185694
long_max_Tlast,B,0.9599310885968813,0.3055555555555556,353,-17.471745367363475,-0.6250369598045176,0.6359853803150491,0.650347177361451,0.0
long_max_Tlast,B,0.9599310885968813,0.3055555555555556,354,-17.16914223719221,-0.23418917621487528,0.6166070730292836,0.6454916943733457,0.4682089999316096
long_max_Tlast,B,0.9599310885968813,0.3055555555555556,355,-17.287408211612426,-0.3721225955657717,0.6361035101304995,0.6504391830594575,0.0
long_max_Tlast,B,0.9599310885968813,0.3055555555555556,356,-17.117172704257445,-0.1644793738606759,0.6167899862852668,0.6456539400800791,0.46830612493846724
long_max_Tlast,B,0.9599310885968813,0.3055555555555556,357,-17.01339955783064,-0.0384387026275545,0.6361019045996736,0.6504391114489912,0.0
long_max_Tlast,B,0.9599310885968813,0.3055555555555556,358,-17.05678479911874,-0.09041686119708578,0.6169697038518371,0.6458189946143634,0.46836391494344065
long_max_Tlast,B,0.9599310885968813,0.3055555555555556,359,-16.7847492881462,0.2537602106081713,0.636203621722548,0.6505225834675004,0.0
long_max_Tlast,B,0.9599310885968813,0.3055555555555556,360,-17.044040052337568,-0.038888436531618,0.617001947865025,0.6458439081586014,0.4683917103689561
long_max_Tlast,B,0.9599310885968813,0.3055555555555556,361,-16.72155138911351,0.3971978630366847,0.6364132604167703,0.6506852169372634,0.0
long_max_Tlast,B,0.9599310885968813,0.3055555555555556,362,-17.117921777584286,-0.028747725119600942,0.6170287382726365,0.645874702598432,0.4683924812015946
long_max_Tlast,B,0.9599310885968813,0.3055555555555556,363,-16.881635579472373,0.3393773147159266,0.6365117375336174,0.6507551455556456,0.0
long_max_Tlast,B,0.9599310885968813,0.3055555555555556,364,-17.287409114228232,-0.063975154091511,0.6172250844457359,0.6460433898573306,0.46851736389466825
long_max_Tlast,B,0.9599310885968813,0.3055555555555556,365,-17.240792576483607,0.10133802810887477,0.6365071184836765,0.6507540297733703,0.0
long_max_Tlast,B,0.9599310885968813,0.3055555555555556,366,-17.525273655093372,-0.13143097042088117,0.617418435879868,0.646188925649714,0.46870718401614736
long_max_Tlast,B,0.9599310885968813,0.3055555555555556,367,-17.702702664346596,-0.2298418391442043,0.6366319177678296,0.6508502689263312,0.0
long_max_Tlast,B,0.9599310885968813,0.3055555555555556,368,-17.779168013788528,-0.206504615663264,0.6174271503345785,0.6461950095999386,0.4687223528035459
long_max_Tlast,B,0.9599310885968813,0.3055555555555556,369,-18.133233893848058,-0.532593285478172,0.6368388284520063,0.6510011988550471,0.0
long_max_Tlast,B,0.9599310885968813,0.3055555555555556,370,-17.990755053137693,-0.26176021541947475,0.6174772224057382,0.6462385850981909,0.46876713645671353
long_max_Tlast,B,0.9599310885968813,0.3055555555555556,371,-18.40990065039621,-0.6960018145642843,0.6368944023907532,0.6510449801557805,0.0
long_max_Tlast,B,0.9599310885968813,0.3055555555555556,372,-18.117297655768514,-0.2766894438034134,0.6176825412017203,0.6464066896257987,0.46892877542874045
long_max_Tlast,B,0.9599310885968813,0.3055555555555556,373,-18.46558580285759,-0.660148680677267,0.6368854237845994,0.6510435548626977,0.0
long_max_Tlast,B,0.9599310885968813,0.3055555555555556,374,-18.148498828776074,-0.24606983364449922,0.6177965540813938,0.6465138096762661,0.468956842240733
long_max_Tlast,B,0.9599310885968813,0.3055555555555556,375,-18.31437167543806,-0.4379540889782428,0.6370143745323237,0.6511455602382963,0.0
long_max_Tlast,B,0.9599310885968813,0.3055555555555556,376,-18.107276416931352,-0.18107841804513308,0.6177716442975402,0.6465010332259253,0.4689179960169444
long_max_Tlast,B,0.9599310885968813,0.3055555555555556,377,-18.047869753444687,-0.11094765490356961,0.6371759424392306,0.6512736811876219,0.0
long_max_Tlast,B,0.9599310885968813,0.3055555555555556,378,-18.042718275860736,-0.10528548522033049,0.6178202983040638,0.6465508719940618,0.46893743045729974
long_max_Tlast,B,0.9599310885968813,0.3055555555555556,379,-17.79849349648407,0.2010342112494573,0.637198296922063,0.6512929082917113,0.0
long_max_Tlast,B,0.9599310885968813,0.3055555555555556,380,-18.014853509068388,-0.04678555581900301,0.6179864611083473,0.646704220176322,0.46900186770288355
long_max_Tlast,B,0.9599310885968813,0.3055555555555556,381,-17.69167859644799,0.38366230186840017,0.6371896622671698,0.6512920480596343,0.0
long_max_Tlast,B,0.9599310885968813,0.3055555555555556,382,-18.068971037748945,-0.026940813093700222,0.6180867915413546,0.6467817560557486,0.4690939179504901
long_max_Tlast,B,0.9599310885968813,0.3055555555555556,383,-17.802413380035205,0.36976575651753807,0.6373187185466986,0.6513952181698673,0.0
long_max_Tlast,B,0.9599310885968813,0.3055555555555556,384,-18.219300395248744,-0.05288469920126315,0.6180603330766001,0.6467570028116821,0.46910261591873625
long_max_Tlast,B,0.9599310885968813,0.3055555555555556,385,-18.125500428028758,0.16449019078344018,0.6374663283920262,0.6515017051240374,0.0
long_max_Tlast,B,0.9599310885968813,0.3055555555555556,386,-18.4461699409312,-0.11536298060481581,0.6181213558467781,0.6468139523411051,0.46914356575004057
long_max_Tlast,B,0.9599310885968813,0.3055555555555556,387,-18.577184866583956,-0.15692231003031415,0.6374613836377332,0.6514982781582488,0.0
long_max_Tlast,B,0.9599310885968813,0.3055555555555556,388,-18.70158251414567,-0.191315083880921,0.6183054407359738,0.6469572735472637,0.4693153332125497
long_max_Tlast,B,0.9599310885968813,0.3055555555555556,389,-19.026776539163272,-0.47680400379775656,0.6374517860261744,0.6514985109328788,0.0
long_max_Tlast,B,0.9599310885968813,0.3055555555555556,390,-18.927178178007534,-0.25292255731095065,0.6183539821681046,0.6469981316241586,0.4693483764620935
long_max_Tlast,B,0.9599310885968813,0.3055555555555556,391,-19.3443087307861,-0.677713619965601,0.6375840765000396,0.651599525995207,0.0
long_max_Tlast,B,0.9599310885968813,0.3055555555555556,392,-19.075134235266084,-0.2777670710050245,0.6182922064767938,0.6469585555739201,0.4692780807250131
long_max_Tlast,B,0.9599310885968813,0.3055555555555556,393,-19.449064300301075,-0.6859727217463656,0.6376816006383673,0.6516763201652891,0.0
long_max_Tlast,B,0.9599310885968813,0.3055555555555556,394,-19.125409928325084,-0.2564725195818877,0.618357425515525,0.64701890450673,0.4693223587323423
long_max_Tlast,B,0.9599310885968813,0.3055555555555556,395,-19.33758511723472,-0.49862436631331053,0.6376368292507826,0.6516502253703369,0.0
long_max_Tlast,B,0.9599310885968813,0.3055555555555556,396,-19.09559655419876,-0.19700174283357932,0.6184782232013938,0.6471337946971539,0.4693546510621206
long_max_Tlast,B,0.9599310885968813,0.3055555555555556,397,-19.08471854240254,-0.18420652313770042,0.6376289941447255,0.6516519316916506,0.0
long_max_Tlast,B,0.9599310885968813,0.3055555555555556,398,-19.032028969249986,-0.1212815499665777,0.618475169581169,0.6471385255801763,0.4693273335033934
long_max_Tlast,B,0.9599310885968813,0.3055555555555556,399,-18.818955471112496,0.14191518398788916,0.6377410741750693,0.6517434314071534,0.0
long_max_Tlast,B,0.9599310885968813,0.3055555555555556,400,-18.99170613908761,-0.056784635406519374,0.6184195925373033,0.6470929563901725,0.4693098218651708
long_max_Tlast,B,0.9599310885968813,0.3055555555555556,401,-18.67337567290782,0.360124812142154,0.6378060046508394,0.6517917656877019,0.0
long_max_Tlast,B,0.9599310885968813,0.3055555555555556,402,-19.02497623861919,-0.027361627963392865,0.618479630114573,0.6471526744607679,0.4693358467646396
long_max_Tlast,B,0.9599310885968813,0.3055555555555556,403,-18.735515281984387,0.3905056278629244,0.6377485042840754,0.6517492751614863,0.0
long_max_Tlast,B,0.9599310885968813,0.3055555555555556,404,-19.155372355788863,-0.043857498817484686,0.618600894544484,0.6472468049005279,0.46944840194595455
long_max_Tlast,B,0.9599310885968813,0.3055555555555556,405,-19.01770627937767,0.2217490882690063,0.6377424844316594,0.6517526203278327,0.0
long_max_Tlast,B,0.9599310885968813,0.3055555555555556,406,-19.3695740257716,-0.10003696901750345,0.6185841199814036,0.6472233829954628,0.4694794844946532
long_max_Tlast,B,0.9599310885968813,0.3055555555555556,407,-19.451931537566107,-0.08424248747582425,0.637851955831142,0.6518343136433459,0.0
long_max_Tlast,B,0.9599310885968813,0.3055555555555556,408,-19.6241055874088,-0.17551485527839558,0.6185092614638981,0.6471704877806602,0.46941549200055727
long_max_Tlast,B,0.9599310885968813,0.3055555555555556,409,-19.914091639312044,-0.41517930150292554,0.6378791636885773,0.6518530798282353,0.0
long_max_Tlast,B,0.9599310885968813,0.3055555555555556,410,-19.860564407746132,-0.24253339609405972,0.6185784217840046,0.6472300813972992,0.4694743577295887
long_max_Tlast,B,0.9599310885968813,0.3055555555555556,411,-20.269776704036808,-0.6498791342459267,0.6377889813752804,0.6517941599704312,0.0
long_max_Tlast,B,0.9599310885968813,0.3055555555555556,412,-20.02766259272365,-0.27646336852472364,0.6186482817065972,0.6472921969118559,0.4695076587486141
long_max_Tlast,B,0.9599310885968813,0.3055555555555556,413,-20.42304349722373,-0.7022149367160039,0.6377851669205763,0.6517990991249746,0.0
long_max_Tlast,B,0.9599310885968813,0.3055555555555556,414,-20.099641885413053,-0.2651019017599545,0.618561429846524,0.6472339616121024,0.46939970747561605
long_max_Tlast,B,0.9599310885968813,0.3055555555555556,415,-20.353181806627166,-0.5529597816472517,0.6378654771829295,0.6518640867845463,0.0
long_max_Tlast,B,0.9599310885968813,0.3055555555555556,416,-20.08409350472533,-0.21239889071472276,0.6184878977988273,0.6471793500619537,0.46934909469638253
long_max_Tlast,B,0.9599310885968813,0.3055555555555556,417,-20.12154034790017,-0.25697731530769163,0.6378451574168639,0.651852524956465,0.0
long_max_Tlast,B,0.9599310885968813,0.3055555555555556,418,-20.022012112995736,-0.13769647820264783,0.6185386857845265,0.6472314212371059,0.4693635434948439
long_max_Tlast,B,0.9599310885968813,0.3055555555555556,419,-19.84715131401683,0.0772975125901238,0.6377492398340188,0.6517841582854147,0.0
long_max_Tlast,B,0.9599310885968813,0.3055555555555556,420,-19.972257665794082,-0.06861702675902498,0.6185741774652347,0.647263295099744,0.4693775586956563
long_max_Tlast,B,0.9599310885968813,0.3055555555555556,421,-19.66561312257181,0.32725860015612046,0.6377479825863365,0.6517902955752961,0.0
long_max_Tlast,B,0.9599310885968813,0.3055555555555556,422,-19.98722724679539,-0.030245016115293233,0.6184937606888352,0.647186480396064,0.46936992146633294
long_max_Tlast,B,0.9599310885968813,0.3055555555555556,423,-19.679378133700368,0.40118707272676407,0.6378132848562479,0.6518388727250419,0.0
long_max_Tlast,B,0.9599310885968813,0.3055555555555556,424,-20.09624826347295,-0.036717376438202914,0.6184238678663114,0.647132791084016,0.4693302848701079
long_max_Tlast,B,0.9599310885968813,0.3055555555555556,425,-19.918083347146943,0.27212851791897175,0.6377714525815542,0.6518026358935849,0.0
long_max_Tlast,B,0.9599310885968813,0.3055555555555556,426,-20.2950306212045,-0.08579800728491288,0.6184800777273962,0.6471798892236753,0.4693804140654822
long_max_Tlast,B,0.9599310885968813,0.3055555555555556,427,-20.329000781082303,-0.012678917891197572,0.6376615906146551,0.6517268900020762,0.0
long_max_Tlast,B,0.9599310885968813,0.3055555555555556,428,-20.54561904275262,-0.1593054755797182,0.6184944398490848,0.6471837473675258,0.4694186207378318
long_max_Tlast,B,0.9599310885968813,0.3055555555555556,429,-20.796595809211837,-0.34884080035722137,0.6376624824124628,0.6517339736726695,0.0
long_max_Tlast,B,0.9599310885968813,0.3055555555555556,430,-20.791302525082223,-0.23045101044370409,0.6183604392405533,0.647082549330326,0.46929575777047894
long_max_Tlast,B,0.9599310885968813,0.3055555555555556,431,-21.18462184245081,-0.6129812283830687,0.6377017199573948,0.6517630624783893,0.0
long_max_Tlast,B,0.9599310885968813,0.3055555555555556,432,-20.976702865581956,-0.2731453635190303,0.6182852599785595,0.6470304460908136,0.4692270362461919
long_max_Tlast,B,0.9599310885968813,0.3055555555555556,433,-21.386302905262752,-0.708407312010392,0.6376125542939153,0.6517007630689708,0.0
long_max_Tlast,B,0.9599310885968813,0.3055555555555556,434,-21.068865383259165,-0.271599528822265,0.6183216751677506,0.6470661293729484,0.4692407714848482
long_max_Tlast,B,0.9599310885968813,0.3055555555555556,435,-21.362198750527256,-0.6001730124088467,0.6374983900302336,0.6516222403152715,0.0
long_max_Tlast,B,0.9599310885968813,0.3055555555555556,436,-21.069994186307262,-0.22663749909472564,0.6182749144353016,0.6470361007609537,0.46916938762055616
long_max_Tlast,B,0.9599310885968813,0.3055555555555556,437,-21.156029041774858,-0.3279217487785379,0.6375007555928236,0.6516293764882903,0.0
long_max_Tlast,B,0.9599310885968813,0.3055555555555556,438,-21.01406084233871,-0.1546344483989485,0.6181421380486892,0.6469241767454874,0.46909460907068695
long_max_Tlast,B,0.9599310885968813,0.3055555555555556,439,-20.87939552318997,0.008387594235802931,0.637511617439505,0.6516380289722523,0.0
long_max_Tlast,B,0.9599310885968813,0.3055555555555556,440,-20.95607243960761,-0.08187123050095194,0.6180863863330576,0.6468790651076088,0.4690745547986521
long_max_Tlast,B,0.9599310885968813,0.3055555555555556,441,-20.668378732361305,0.2855262934301898,0.6374104666832673,0.6515582549831005,0.0
long_max_Tlast,B,0.9599310885968813,0.3055555555555556,442,-20.953364650224344,-0.03527612329485488,0.6181150755924678,0.6469042712920674,0.46909414481349415
long_max_Tlast,B,0.9599310885968813,0.3055555555555556,443,-20.634787932963935,0.4019372968099804,0.6373033076886476,0.6514816298188305,0.0
long_max_Tlast,B,0.9599310885968813,0.3055555555555556,444,-21.041758757278046,-0.03178143256366833,0.6180694647464132,0.6468530610973837,0.4691084245608711
long_max_Tlast,B,0.9599310885968813,0.3055555555555556,445,-20.826512000785126,0.3148780921906257,0.637306907686532,0.6514884274194521,0.0
long_max_Tlast,B,0.9599310885968813,0.3055555555555556,446,-21.223401145551925,-0.07262457892416563,0.6179245099436212,0.6467329336893218,0.4690182260191967
long_max_Tlast,B,0.9599310885968813,0.3055555555555556,447,-21.208322020063566,0.056432672535419615,0.6373003281872098,0.6514785325451091,0.0
long_max_Tlast,B,0.9599310885968813,0.3055555555555556,448,-21.467045407178038,-0.14299871993928748,0.6178643938145759,0.6466925059823266,0.46895852512263614
long_max_Tlast,B,0.9599310885968813,0.3055555555555556,449,-21.675147654333927,-0.27866160350269387,0.6371695902034994,0.6513823395751853,0.0
long_max_Tlast,B,0.9599310885968813,0.3055555555555556,450,-21.71836745445247,-0.21694295232299113,0.617881819028134,0.6467056576107386,0.46897647047476004
long_max_Tlast,B,0.9599310885968813,0.3055555555555556,451,-22.09080508624475,-0.5676720012146731,0.637060441417215,0.6513090906296473,0.0
long_max_Tlast,B,0.9599310885968813,0.3055555555555556,452,-21.92063549935965,-0.26745646790561994,0.6177773482901107,0.6466257910783038,0.46887030530967894
long_max_Tlast,B,0.9599310885968813,0.3055555555555556,453,-22.337850406362147,-0.7045709606424762,0.6370639117412411,0.6513145857925463,0.0
long_max_Tlast,B,0.9599310885968813,0.3055555555555556,454,-22.034556909289464,-0.2761053154709241,0.6176181474741124,0.6465018298141461,0.4687388515880036
long_max_Tlast,B,0.9599310885968813,0.3055555555555556,455,-22.361440085890663,-0.6393041590244432,0.6370232590711545,0.651284322298648,0.0
long_max_Tlast,B,0.9599310885968813,0.3055555555555556,456,-22.05284468385836,-0.23952580919263616,0.6175793221004867,0.6464708166321788,0.4687242421597613
long_max_Tlast,B,0.9599310885968813,0.3055555555555556,457,-22.18785035520426,-0.3959064741782181,0.6368824918424342,0.6511787243313706,0.0
long_max_Tlast,B,0.9599310885968813,0.3055555555555556,458,-22.004737688018352,-0.1713324043546119,0.6175743333868202,0.6464693987548586,0.4687075671269557
long_max_Tlast,B,0.9599310885968813,0.3055555555555556,459,-21.915092917464804,-0.06353760418408066,0.6367937999893503,0.6511144428767359,0.0
long_max_Tlast,B,0.9599310885968813,0.3055555555555556,460,-21.942925250549557,-0.09653912300928152,0.6174712064371534,0.646374745151709,0.4686636957107327
long_max_Tlast,B,0.9599310885968813,0.3055555555555556,461,-21.67886079493843,0.23587827822360097,0.6367964437840837,0.6511180116857725,0.0
long_max_Tlast,B,0.9599310885968813,0.3055555555555556,462,-21.924190673821496,-0.04235769369114967,0.6173398178089206,0.6462583942452204,0.46861242486290694
long_max_Tlast,B,0.9599310885968813,0.3055555555555556,463,-21.600923966771767,0.39266105046631883,0.6367447698696596,0.6510725172045431,0.0
long_max_Tlast,B,0.9599310885968813,0.3055555555555556,464,-21.9910008987413,-0.028843787818528532,0.6173055488975148,0.6462347420225817,0.4685825966858875
long_max_Tlast,B,0.9599310885968813,0.3055555555555556,465,-21.744203929424803,0.34947510013091604,0.6366011266076768,0.6509627728715414,0.0
long_max_Tlast,B,0.9599310885968813,0.3055555555555556,466,-22.154113031393585,-0.060901090741332736,0.6172987241576925,0.6462225752444997,0.4685960741763635
long_max_Tlast,B,0.9599310885968813,0.3055555555555556,467,-22.091340920726445,0.12208515966200445,0.6365177694097133,0.650907208898689,0.0
long_max_Tlast,B,0.9599310885968813,0.3055555555555556,468,-22.388389065074318,-0.126670442580229,0.6171681006347071,0.6461122211769046,0.4685051319689928
long_max_Tlast,B,0.9599310885968813,0.3055555555555556,469,-22.550222232091613,-0.20605367843002037,0.6365191856357432,0.6509083452851064,0.0
long_max_Tlast,B,0.9599310885968813,0.3055555555555556,470,-22.643095497043284,-0.2022148639546233,0.6170184802896691,0.645999909211766,0.4683649493482129
long_max_Tlast,B,0.9599310885968813,0.3055555555555556,471,-22.987754474215375,-0.5146447600823593,0.636440295825679,0.650847059683248,0.0
long_max_Tlast,B,0.9599310885968813,0.3055555555555556,472,-22.859687000415448,-0.25972013474690714,0.6169970660348346,0.6459849312011802,0.468348190333135
long_max_Tlast,B,0.9599310885968813,0.3055555555555556,473,-23.278643487141938,-0.6907582862807414,0.6362881068448993,0.6507364263171062,0.0
long_max_Tlast,B,0.9599310885968813,0.3055555555555556,474,-22.994181104875615,-0.2781437617817818,0.6169623275644869,0.645957727327126,0.46830847915196394
long_max_Tlast,B,0.9599310885968813,0.3055555555555556,475,-23.350905358739777,-0.6698283357911032,0.6362274288765963,0.6506934599718363,0.0
long_max_Tlast,B,0.9599310885968813,0.3055555555555556,476,-23.032541035136177,-0.25089570749382295,0.6168185115805542,0.6458384747049704,0.4682004641845426
long_max_Tlast,B,0.9599310885968813,0.3055555555555556,477,-23.213584208593048,-0.45959995707662105,0.6362255216181271,0.6506913238571973,0.0
long_max_Tlast,B,0.9599310885968813,0.3055555555555556,478,-22.994888407675127,-0.18775683061589676,0.6167131786350009,0.6457440452229964,0.46816466230589937
long_max_Tlast,B,0.9599310885968813,0.3055555555555556,479,-22.952381083390858,-0.13723197365573658,0.6361369963425864,0.6506194979865637,0.0
long_max_Tlast,B,0.9599310885968813,0.3055555555555556,480,-22.9304787809184,-0.11196151875637533,0.616706127154222,0.6457376824294161,0.4681673499074248
long_max_Tlast,B,0.9599310885968813,0.3055555555555556,481,-22.697255333757763,0.17923754317633372,0.6360043134892842,0.6505161032086392,0.0
long_max_Tlast,B,0.9599310885968813,0.3055555555555556,482,-22.898479242893117,-0.0514063827195973,0.6166714877573279,0.6457015241395192,0.4681595895365992
long_max_Tlast,B,0.9599310885968813,0.3055555555555556,483,-22.5768662869722,0.37381243203876624,0.6359594404776377,0.650485614506712,0.0
long_max_Tlast,B,0.9599310885968813,0.3055555555555556,484,-22.944818827740615,-0.02806343095258207,0.6165405238068035,0.645582289432681,0.4681023885288751
long_max_Tlast,B,0.9599310885968813,0.3055555555555556,485,-22.67075049203659,0.3752365539461514,0.6359556907484037,0.6504803761766843,0.0
long_max_Tlast,B,0.9599310885968813,0.3055555555555556,486,-23.087595158075263,-0.050593136521809745,0.6164339108554499,0.6455010003487445,0.46800843121708297
long_max_Tlast,B,0.9599310885968813,0.3055555555555556,487,-22.979056432506585,0.18315405352712177,0.6358565476153701,0.6504006370124596,0.0
long_max_Tlast,B,0.9599310885968813,0.3055555555555556,488,-23.30981716293033,-0.11076923523221649,0.6164300332937293,0.6455010140539865,0.4679940646131109
long_max_Tlast,B,0.9599310885968813,0.3055555555555556,489,-23.423730433660417,-0.1321203392230516,0.635723610614739,0.6503049813527757,0.0
long_max_Tlast,B,0.9599310885968813,0.3055555555555556,490,-23.564863465655186,-0.18640359880168708,0.6163760851568455,0.6454537211469851,0.46795251109332425
long_max_Tlast,B,0.9599310885968813,0.3055555555555556,491,-23.876842813647382,-0.45504718160955615,0.6356958574472273,0.6502874871486041,0.0
long_max_Tlast,B,0.9599310885968813,0.3055555555555556,492,-23.794408516922854,-0.24993905357200313,0.6162227716935798,0.6453328497159446,0.46781441036352817
long_max_Tlast,B,0.9599310885968813,0.3055555555555556,493,-24.207489634272406,-0.6672526582751882,0.6356873709083039,0.6502784391320933,0.0
long_max_Tlast,B,0.9599310885968813,0.3055555555555556,494,-23.94897827385266,-0.27801773853726613,0.6161505091827341,0.6452726357737844,0.4677722633191501
long_max_Tlast,B,0.9599310885968813,0.3055555555555556,495,-24.329809935740542,-0.6911525974050176,0.6355784571618189,0.6501938983413625,0.0
long_max_Tlast,B,0.9599310885968813,0.3055555555555556,496,-24.00705120507679,-0.2602944198328162,0.6161640427893122,0.6452803165678173,0.46779415638600247
long_max_Tlast,B,0.9599310885968813,0.3055555555555556,497,-24.23348294478943,-0.5180003422320226,0.6354742800941501,0.6501133373183512,0.0
long_max_Tlast,B,0.9599310885968813,0.3055555555555556,498,-23.98295953761576,-0.20346707948484027,0.6161040533096378,0.6452260066116311,0.4677548962708299
long_max_Tlast,B,0.9599310885968813,0.3055555555555556,499,-23.98887046963481,-0.211234144395963,0.6354698822042462,0.6501095485728533,0.0
long_max_Tlast,B,0.9599310885968813,0.3055555555555556,500,-23.919789464850915,-0.12819741623711187,0.6159885724727205,0.6451178837821102,0.46771660669869697
long_max_Tlast,B,0.9599310885968813,0.3055555555555556,501,-23.721216536032884,0.11666685365560919,0.6354588551125175,0.6500972872813677,0.0
long_max_Tlast,B,0.9599310885968813,0.3055555555555556,502,-23.87553203973748,-0.06203280007674644,0.6159431433334284,0.6450787284532153,0.46769631857656796
long_max_Tlast,B,0.9599310885968813,0.3055555555555556,503,-23.563009915639192,0.34568677419691995,0.6353570913459252,0.6500136485695444,0.0
long_max_Tlast,B,0.9599310885968813,0.3055555555555556,504,-23.90213590714151,-0.029385988506538452,0.6159556272098594,0.6450903790197484,0.46769436030545086
long_max_Tlast,B,0.9599310885968813,0.3055555555555556,505,-23.606906816181137,0.3919474610617947,0.6352681337850242,0.6499484780318471,0.0
long_max_Tlast,B,0.9599310885968813,0.3055555555555556,506,-24.02439335466503,-0.042043838345475315,0.6158939576658023,0.6450318036795419,0.46766440937248305
long_max_Tlast,B,0.9599310885968813,0.3055555555555556,507,-23.872222260595596,0.23848622089113425,0.6352741516087429,0.649955910836111,0.0
long_max_Tlast,B,0.9599310885968813,0.3055555555555556,508,-24.23225215016535,-0.09539218078816675,0.6157670908292696,0.6449316695871212,0.4675510320283286
long_max_Tlast,B,0.9599310885968813,0.3055555555555556,509,-24.296580911787593,-0.05833198529811179,0.6352591750760617,0.6499404117911911,0.0
long_max_Tlast,B,0.9599310885968813,0.3055555555555556,510,-24.484762053428746,-0.16996670722976928,0.6157348977530758,0.6449117388394299,0.46750573284568187
long_max_Tlast,B,0.9599310885968813,0.3055555555555556,511,-24.75940688312223,-0.3898296455039035,0.6351518495702548,0.6498586269244678,0.0
long_max_Tlast,B,0.9599310885968813,0.3055555555555556,512,-24.724289030095118,-0.2382991913063841,0.6157591419235566,0.6449281631331087,0.4675297277671129
long_max_Tlast,B,0.9599310885968813,0.3055555555555556,513,-25.12601971981909,-0.6346295227047893,0.6350884744169281,0.6498120596484233,0.0
long_max_Tlast,B,0.9599310885968813,0.3055555555555556,514,-24.89832156597407,-0.2754842580781306,0.6156847999438173,0.6448654780803129,0.4674666439716715
long_max_Tlast,B,0.9599310885968813,0.3055555555555556,515,-25.297070278347448,-0.7029845294221455,0.635117358198542,0.6498314550193135,0.0
long_max_Tlast,B,0.9599310885968813,0.3055555555555556,516,-24.977737628827665,-0.26788816978015456,0.6155946876790528,0.6447846218892577,0.4674235640104765
long_max_Tlast,B,0.9599310885968813,0.3055555555555556,517,-25.24535658799838,-0.5699639853638319,0.6350990441686094,0.6498132813248918,0.0
long_max_Tlast,B,0.9599310885968813,0.3055555555555556,518,-24.96812590220153,-0.2181514622898367,0.6156086650591815,0.6447889930655212,0.4674640510321879
long_max_Tlast,B,0.9599310885968813,0.3055555555555556,519,-25.02443173902986,-0.28430891673076764,0.6350095957638072,0.6497397895168513,0.0
long_max_Tlast,B,0.9599310885968813,0.3055555555555556,520,-24.908749539235313,-0.144685233255056,0.6156333044061466,0.6448074349124319,0.4674792325085668
long_max_Tlast,B,0.9599310885968813,0.3055555555555556,521,-24.749800451785937,0.049409153873885614,0.6349767987082044,0.6497134934105223,0.0
long_max_Tlast,B,0.9599310885968813,0.3055555555555556,522,-24.856002017540455,-0.07433262701558521,0.6155726556501244,0.6447475920473598,0.4674589565367838
long_max_Tlast,B,0.9599310885968813,0.3055555555555556,523,-24.557663174697367,0.3088809452786452,0.6350126760224557,0.6497412404759492,0.0
long_max_Tlast,B,0.9599310885968813,0.3055555555555556,524,-24.863578090697974,-0.03274038863282064,0.6154991397244275,0.6446849448187943,0.4674110387793283
long_max_Tlast,B,0.9599310885968813,0.3055555555555556,525,-24.553227912744735,0.39915010315713745,0.6349930648318343,0.649721367992263,0.0
long_max_Tlast,B,0.9599310885968813,0.3055555555555556,526,-24.96427114508576,-0.03531283596656054,0.6155131426424955,0.6447049035370507,0.46738842082125764
long_max_Tlast,B,0.9599310885968813,0.3055555555555556,527,-24.772589954551314,0.2871989473583199,0.6349090030391601,0.6496566349797637,0.0
long_max_Tlast,B,0.9599310885968813,0.3055555555555556,528,-25.156123574394595,-0.0810056353278836,0.6155396355671356,0.6447245176172886,0.46740491090031927
long_max_Tlast,B,0.9599310885968813,0.3055555555555556,529,-25.170585129463614,0.013953599940777217,0.6348939449475346,0.6496488505230457,0.0
long_max_Tlast,B,0.9599310885968813,0.3055555555555556,530,-25.40351834017825,-0.15304406726897724,0.615468229087765,0.6446653079001531,0.4673417595660093
long_max_Tlast,B,0.9599310885968813,0.3055555555555556,531,-25.636428411152774,-0.32040349399461854,0.6349440332086561,0.6496843961287205,0.0
long_max_Tlast,B,0.9599310885968813,0.3055555555555556,532,-25.650847596630356,-0.22514928918033356,0.6154133131826358,0.6446228135498281,0.46728925344786587
long_max_Tlast,B,0.9599310885968813,0.3055555555555556,533,-26.034478300572083,-0.5934156134098916,0.6349211419578698,0.649663132452114,0.0
long_max_Tlast,B,0.9599310885968813,0.3055555555555556,534,-25.84229428385938,-0.270761355126798,0.6154702653695837,0.6446637381247292,0.4673530010550657
long_max_Tlast,B,0.9599310885968813,0.3055555555555556,535,-26.253754352631383,-0.7051687633676158,0.6348562100437387,0.6496113274897024,0.0
long_max_Tlast,B,0.9599310885968813,0.3055555555555556,536,-25.943066359425895,-0.2732453758103416,0.6154998144677417,0.6446837290378205,0.46737973186066273
long_max_Tlast,B,0.9599310885968813,0.3055555555555556,537,-26.248581124362293,-0.6146382846854619,0.6348776936915417,0.6496243603245977,0.0
long_max_Tlast,B,0.9599310885968813,0.3055555555555556,538,-25.95111796776134,-0.23175611999349688,0.6154464564181849,0.6446323593505328,0.46735806946514635
long_max_Tlast,B,0.9599310885968813,0.3055555555555556,539,-26.056308661589306,-0.35501466786180896,0.6349342753443251,0.6496648870461139,0.0
long_max_Tlast,B,0.9599310885968813,0.3055555555555556,540,-25.897785025498226,-0.16130187108415422,0.6154348692700653,0.6446150202604617,0.4673787211379172
long_max_Tlast,B,0.9599310885968813,0.3055555555555556,541,-25.78232008923777,-0.021409477568286595,0.634913004211405,0.6496439343917008,0.0
long_max_Tlast,B,0.9599310885968813,0.3055555555555556,542,-25.838160098531237,-0.08781707220787593,0.6154944609272521,0.6446680230746811,0.46740391910393747
long_max_Tlast,B,0.9599310885968813,0.3055555555555556,543,-25.561251791987374,0.26407649749718837,0.634867311627452,0.6496065900075995,0.0
long_max_Tlast,B,0.9599310885968813,0.3055555555555556,544,-25.829247681486134,-0.03825035987875586,0.6155181728671932,0.644686301166975,0.46741342980930545
long_max_Tlast,B,0.9599310885968813,0.3055555555555556,545,-25.509391559680083,0.39680694882705625,0.634901716019439,0.6496356989107703,0.0
long_max_Tlast,B,0.9599310885968813,0.3055555555555556,546,-25.908544140826407,-0.030595056091825334,0.6154668802570202,0.6446417424036056,0.46737554685150934
long_max_Tlast,B,0.9599310885968813,0.3055555555555556,547,-25.680962805870063,0.3281857667203967,0.6349604810406813,0.6496788261135624,0.0
long_max_Tlast,B,0.9599310885968813,0.3055555555555556,548,-26.082184520907543,-0.06778411229904646,0.6154578648686317,0.6446425914506424,0.4673359827401402
long_max_Tlast,B,0.9599310885968813,0.3055555555555556,549,-26.047684641076913,0.08340374762097486,0.6349379519784496,0.6496584584187441,0.0
long_max_Tlast,B,0.9599310885968813,0.3055555555555556,550,-26.32171555246082,-0.1361614348135462,0.615537198991814,0.6447078841019428,0.467390016825986
long_max_Tlast,B,0.9599310885968813,0.3055555555555556,551,-26.510168999411576,-0.24798993142440706,0.6349071641490212,0.6496358648701364,0.0
long_max_Tlast,B,0.9599310885968813,0.3055555555555556,552,-26.574204447170303,-0.21060222213074317,0.6155637198706458,0.6447250146880302,0.46741639734002927
long_max_Tlast,B,0.9599310885968813,0.3055555555555556,553,-26.933964526844495,-0.5445621373783118,0.6349706203423641,0.6496817341430562,0.0
long_max_Tlast,B,0.9599310885968813,0.3055555555555556,554,-26.782123803544394,-0.2639629428716164,0.6155240773129075,0.6446904990272985,0.46738725008040993
long_max_Tlast,B,0.9599310885968813,0.3055555555555556,555,-27.19894756195051,-0.6976297944114693,0.6350348211572305,0.6497261909985481,0.0
long_max_Tlast,B,0.9599310885968813,0.3055555555555556,556,-26.90388070456797,-0.27656854736957903,0.6155651958137203,0.6447168232211729,0.4674461933982483
long_max_Tlast,B,0.9599310885968813,0.3055555555555556,557,-27.24303674749958,-0.6511912252090153,0.6350155602423634,0.6497080539056818,0.0
long_max_Tlast,B,0.9599310885968813,0.3055555555555556,558,-26.930128902296808,-0.2437965404888309,0.6156581441588393,0.6447905349495273,0.4675202765545758
long_max_Tlast,B,0.9599310885968813,0.3055555555555556,559,-27.084455051364376,-0.4221597320473588,0.6350132078284526,0.6497027186637826,0.0
long_max_Tlast,B,0.9599310885968813,0.3055555555555556,560,-26.886545456378506,-0.177781492302867,0.6156768280841535,0.6448045704247716,0.4675279882717483
long_max_Tlast,B,0.9599310885968813,0.3055555555555556,561,-26.81648416199866,-0.0944027830538296,0.6350895444764372,0.6497607035188876,0.0
long_max_Tlast,B,0.9599310885968813,0.3055555555555556,562,-26.823259466106155,-0.10252826592316469,0.6156560015910364,0.6447825190094078,0.4675261993561601
long_max_Tlast,B,0.9599310885968813,0.3055555555555556,563,-26.572667957756515,0.21198281734202867,0.6351465698466878,0.6498030850746744,0.0
long_max_Tlast,B,0.9599310885968813,0.3055555555555556,564,-26.798537572354007,-0.04564119230895897,0.6156989688780142,0.6448245772439136,0.46753139134715754
long_max_Tlast,B,0.9599310885968813,0.3055555555555556,565,-26.47667887838908,0.38484405108987585,0.6351299889921233,0.6497878335472664,0.0
long_max_Tlast,B,0.9599310885968813,0.3055555555555556,566,-26.856976426567602,-0.02806584307706722,0.6157842481565199,0.6449002342483905,0.4675667837763928
long_max_Tlast,B,0.9599310885968813,0.3055555555555556,567,-26.598580564222594,0.36078624292892936,0.6351390450924145,0.6497969123269685,0.0
long_max_Tlast,B,0.9599310885968813,0.3055555555555556,568,-27.011650297643172,-0.05609088933638229,0.6158022506884266,0.6449118990154469,0.46758305919248877
long_max_Tlast,B,0.9599310885968813,0.3055555555555556,569,-26.929090711336976,0.14856890693830982,0.6352276409556961,0.6498643680064767,0.0
long_max_Tlast,B,0.9599310885968813,0.3055555555555556,570,-27.240735423149538,-0.11952688567720146,0.6157842726792699,0.6449002091456958,0.4675546384109045
long_max_Tlast,B,0.9599310885968813,0.3055555555555556,571,-27.381994659463256,-0.17400326371162506,0.6352857519674349,0.6499044073373427,0.0
long_max_Tlast,B,0.9599310885968813,0.3055555555555556,572,-27.49540222931875,-0.19515352556284338,0.6158596606932043,0.6449610503740917,0.4676144732979215
long_max_Tlast,B,0.9599310885968813,0.3055555555555556,573,-27.82625045422709,-0.4888506202105195,0.6352726142219501,0.6498928549159486,0.0
long_max_Tlast,B,0.9599310885968813,0.3055555555555556,574,-27.71731945898019,-0.2551565985178317,0.6159634518653401,0.6450400434041891,0.4677100995331214
long_max_Tlast,B,0.9599310885968813,0.3055555555555556,575,-28.133859004366986,-0.6806174164673487,0.63530901275008,0.6499180948790014,0.0
long_max_Tlast,B,0.9599310885968813,0.3055555555555556,576,-27.860339321027542,-0.27767866763387017,0.6159761269234841,0.645048632007057,0.46771888263163935
long_max_Tlast,B,0.9599310885968813,0.3055555555555556,577,-28.22716325267334,-0.6789438102452514,0.6354108048868843,0.6499923966864404,0.0
long_max_Tlast,B,0.9599310885968813,0.3055555555555556,578,-27.90652231775164,-0.25438806002190006,0.6159864333314938,0.6450520807079683,0.46774425168210126
long_max_Tlast,B,0.9599310885968813,0.3055555555555556,579,-28.107282346574188,-0.48447406810414495,0.6354582644261699,0.6500272308518963,0.0
long_max_Tlast,B,0.9599310885968813,0.3055555555555556,580,-27.873846063121956,-0.19373100018415973,0.6160756104274089,0.6451258826329236,0.46780795582051027
long_max_Tlast,B,0.9599310885968813,0.3055555555555556,581,-27.85254025445481,-0.16837741676047435,0.6354519602003645,0.6500205228655203,0.0
long_max_Tlast,B,0.9599310885968813,0.3055555555555556,582,-27.809933949250016,-0.11808967057721442,0.6161563988769719,0.6451986015355048,0.4678370114494853
long_max_Tlast,B,0.9599310885968813,0.3055555555555556,583,-27.591014058631302,0.15358942329093983,0.635500028723464,0.6500582364103531,0.0
long_max_Tlast,B,0.9599310885968813,0.3055555555555556,584,-27.772669317462388,-0.05506366573125551,0.6161645807373307,0.6452043334378902,0.4678411194657621
long_max_Tlast,B,0.9599310885968813,0.3055555555555556,585,-27.45410903968618,0.3633926135393204,0.6355970986618077,0.6501338422865189,0.0
long_max_Tlast,B,0.9599310885968813,0.3055555555555556,586,-27.810294882693817,-0.027700229271833687,0.6161755136581897,0.6452178476974688,0.4678320109322348
long_max_Tlast,B,0.9599310885968813,0.3055555555555556,587,-27.526765197723336,0.3842072097635378,0.6356386504823589,0.6501632103994195,0.0
long_max_Tlast,B,0.9599310885968813,0.3055555555555556,588,-27.94455893361682,-0.04616336477304622,0.6162672805415463,0.645299684415467,0.4678745908312722
long_max_Tlast,B,0.9599310885968813,0.3055555555555556,589,-27.81701776903661,0.20834870875801792,0.6356356292353104,0.6501611063605451,0.0
long_max_Tlast,B,0.9599310885968813,0.3055555555555556,590,-28.1611655047694,-0.10357971009644587,0.6163569327173146,0.6453688947645111,0.4679531765499779
long_max_Tlast,B,0.9599310885968813,0.3055555555555556,591,-28.253719121310723,-0.09985119559896238,0.6357001907311058,0.6502103626649183,0.0
long_max_Tlast,B,0.9599310885968813,0.3055555555555556,592,-28.41554786478818,-0.17894113420918462,0.6163632111004207,0.6453723550343106,0.4679612235902461
long_max_Tlast,B,0.9599310885968813,0.3055555555555556,593,-28.711921180809924,-0.42739661446484856,0.6358054433310438,0.6502864136678917,0.0
long_max_Tlast,B,0.9599310885968813,0.3055555555555556,594,-28.649410488063154,-0.24469391981188326,0.6163979399883601,0.6453993867178699,0.4679942843454784
long_max_Tlast,B,0.9599310885968813,0.3055555555555556,595,-29.058791643051034,-0.6543026221874266,0.635837711147538,0.6503092013545015,0.0
long_max_Tlast,B,0.9599310885968813,0.3055555555555556,596,-28.81194779167248,-0.27661492981423985,0.6165134307025811,0.6454895979820442,0.4680976309393947
long_max_Tlast,B,0.9599310885968813,0.3055555555555556,597,-29.201902692185556,-0.6974320163950012,0.6358435245506653,0.6503128637589718,0.0
long_max_Tlast,B,0.9599310885968813,0.3055555555555556,598,-28.879025556121164,-0.2631093068964798,0.616582022393408,0.6455482530734246,0.4681348378472294
long_max_Tlast,B,0.9599310885968813,0.3055555555555556,599,-29.12353645573481,-0.5408535053838377,0.6359214457547966,0.6503711414617809,0.0
long_max_Tlast,B,0.9599310885968813,0.3055555555555556,600,-28.860746193254197,-0.2091195379041291,0.6165826515879214,0.6455493385554456,0.46813141594402646
long_max_Tlast,B,0.9599310885968813,0.3055555555555556,601,-28.887906579111736,-0.24195086296328305,0.6360123351988234,0.6504416195548459,0.0
long_max_Tlast,B,0.9599310885968813,0.3055555555555556,602,-28.798254872321255,-0.13428522303695983,0.6166242964966097,0.6455858619959424,0.4681561219568593
long_max_Tlast,B,0.9599310885968813,0.3055555555555556,603,-28.616169928966933,0.08977837873559519,0.636032560938045,0.6504571009711354,0.0
long_max_Tlast,B,0.9599310885968813,0.3055555555555556,604,-28.75009083401912,-0.06617067517611305,0.6167196088931315,0.6456736812800561,0.46818919219923194
long_max_Tlast,B,0.9599310885968813,0.3055555555555556,605,-28.442333665040103,0.33282300205069293,0.6360423578177374,0.6504656819423672,0.0
long_max_Tlast,B,0.9599310885968813,0.3055555555555556,606,-28.768926781438857,-0.029710232764456945,0.6167771771104074,0.6457217642216103,0.4682252342328664
long_max_Tlast,B,0.9599310885968813,0.3055555555555556,607,-28.46550889838375,0.3980157297135966,0.6361223949599886,0.6505289493689185,0.0
long_max_Tlast,B,0.9599310885968813,0.3055555555555556,608,-28.882282878911962,-0.03817042769665577,0.6167776742890679,0.6457215930599283,0.4682290083661455
long_max_Tlast,B,0.9599310885968813,0.3055555555555556,609,-28.71240789793322,0.26146959261228503,0.636209765330414,0.650593131850234,0.0
long_max_Tlast,B,0.9599310885968813,0.3055555555555556,610,-29.083846393948498,-0.08858280362780235,0.6168277894363843,0.6457664660939483,0.4682554836121633
long_max_Tlast,B,0.9599310885968813,0.3055555555555556,611,-29.1272990873476,-0.026792373950903725,0.636223456993589,0.650602034954254,0.0
long_max_Tlast,B,0.9599310885968813,0.3055555555555556,612,-29.33486684450875,-0.16241011061030322,0.6169413612083584,0.6458551724481452,0.46835696494812956
long_max_Tlast,B,0.9599310885968813,0.3055555555555556,613,-29.593100167433896,-0.36124017655311597,0.6362406611778337,0.6506159059348966,0.0
long_max_Tlast,B,0.9599310885968813,0.3055555555555556,614,-29.5783628170818,-0.23258447983979327,0.6169893542582481,0.6458917439641376,0.46840149326910097
long_max_Tlast,B,0.9599310885968813,0.3055555555555556,615,-29.974071976478193,-0.6192391691593447,0.6363320557775987,0.6506831681592201,0.0
long_max_Tlast,B,0.9599310885968813,0.3055555555555556,616,-29.760019445754953,-0.27348244394388344,0.6169861434292082,0.6458903808330378,0.4683966396157386
long_max_Tlast,B,0.9599310885968813,0.3055555555555556,617,-30.165852831968216,-0.7062079387754581,0.6364040545145437,0.650737292003839,0.0
long_max_Tlast,B,0.9599310885968813,0.3055555555555556,618,-29.84787354024644,-0.26998301315484197,0.6170513170315576,0.6459430436587894,0.46845240389678633
long_max_Tlast,B,0.9599310885968813,0.3055555555555556,619,-30.13307525116047,-0.5902961606366867,0.636403907024381,0.6507388142095195,0.0
long_max_Tlast,B,0.9599310885968813,0.3055555555555556,620,-29.845169790559154,-0.22342018733903882,0.6171404278457726,0.6460223744339947,0.4684939524133144
long_max_Tlast,B,0.9599310885968813,0.3055555555555556,621,-29.922185496776528,-0.31387717424650535,0.6364265143772516,0.6507572112016017,0.0
long_max_Tlast,B,0.9599310885968813,0.3055555555555556,622,-29.78808178171912,-0.1509320476724476,0.6171603172859775,0.6460437250784505,0.46848802290338526
long_max_Tlast,B,0.9599310885968813,0.3055555555555556,623,-29.64581407574154,0.02173677141507324,0.6365094124940399,0.6508229280216452,0.0
long_max_Tlast,B,0.9599310885968813,0.3055555555555556,624,-29.73180229534831,-0.07892870003458147,0.6171571111929446,0.6460420615396111,0.4684864729378915
long_max_Tlast,B,0.9599310885968813,0.3055555555555556,625,-29.440566223956232,0.2935207822642072,0.636564145183738,0.6508651655724228,0.0
long_max_Tlast,B,0.9599310885968813,0.3055555555555556,626,-29.732209552238476,-0.03388650302934232,0.6172150000349832,0.6460966687357844,0.46850658322735617
long_max_Tlast,B,0.9599310885968813,0.3055555555555556,627,-29.416158814165605,0.40190912469033746,0.6365588623343693,0.6508609862894071,0.0
long_max_Tlast,B,0.9599310885968813,0.3055555555555556,628,-29.824575129914194,-0.03236386339011038,0.6173009049088218,0.646167549615195,0.46856840380702114
long_max_Tlast,B,0.9599310885968813,0.3055555555555556,629,-29.616578777874675,0.3070755012533587,0.6365848802267088,0.6508829647313825,0.0
long_max_Tlast,B,0.9599310885968813,0.3055555555555556,630,-30.009687930778576,-0.07480962187238593,0.6173196551570796,0.6461779713657851,0.46860240794085384
long_max_Tlast,B,0.9599310885968813,0.3055555555555556,631,-30.00367678719722,0.04375314741899988,0.6366704749782137,0.6509464872160522,0.0
long_max_Tlast,B,0.9599310885968813,0.3055555555555556,632,-30.25467673899081,-0.14577094391988954,0.617315800111903,0.6461763786242233,0.4685993225630422
long_max_Tlast,B,0.9599310885968813,0.3055555555555556,633,-30.470575930565325,-0.29150757976351316,0.6367130144481083,0.6509765431524431,0.0
long_max_Tlast,B,0.9599310885968813,0.3055555555555556,634,-30.50477351011963,-0.2192169606147164,0.6173893014870518,0.6462348793126967,0.4686653054740891
long_max_Tlast,B,0.9599310885968813,0.3055555555555556,635,-30.88111015500724,-0.5759116086849665,0.6366972271392829,0.65096656409016,0.0
long_max_Tlast,B,0.9599310885968813,0.3055555555555556,636,-30.70345945242419,-0.2681768572696782,0.6174612737172316,0.646293267330384,0.46872092494715684
long_max_Tlast,B,0.9599310885968813,0.3055555555555556,637,-31.119548290883422,-0.7051751530901477,0.6367291552249299,0.6509917747347325,0.0
long_max_Tlast,B,0.9599310885968813,0.3055555555555556,638,-30.81311559866024,-0.2748253356073352,0.617448797798329,0.6462881596015101,0.4686933088566893
long_max_Tlast,B,0.9599310885968813,0.3055555555555556,639,-31.133690774585713,-0.6318593651390526,0.6368027311769269,0.6510486227509457,0.0
long_max_Tlast,B,0.9599310885968813,0.3055555555555556,640,-30.82801639868447,-0.23662200042102513,0.6174449237278595,0.6462870765356852,0.46868905266669936
long_max_Tlast,B,0.9599310885968813,0.3055555555555556,641,-30.953682078006743,-0.3828817367241886,0.6368195019997883,0.6510639164020181,0.0
long_max_Tlast,B,0.9599310885968813,0.3055555555555556,642,-30.77780427834122,-0.1675534431907216,0.6175044883406592,0.6463422171702888,0.46871326876498626
long_max_Tlast,B,0.9599310885968813,0.3055555555555556,643,-30.679976101016106,-0.04943802090376326,0.636798473569683,0.6510496719416086,0.0
long_max_Tlast,B,0.9599310885968813,0.3055555555555556,644,-30.716472874446758,-0.09306420861539272,0.6175485981172576,0.6463840622787189,0.46872360638978905
long_max_Tlast,B,0.9599310885968813,0.3055555555555556,645,-30.447841665432765,0.2462483568069559,0.6368296096722493,0.6510760959397226,0.0
long_max_Tlast,B,0.9599310885968813,0.3055555555555556,646,-30.701017226487913,-0.040333469420916535,0.6175334678819617,0.6463689166010077,0.4687263169714002
long_max_Tlast,B,0.9599310885968813,0.3055555555555556,647,-30.37788854436282,0.39573847784448335,0.6368928817518404,0.6511246084621424,0.0
long_max_Tlast,B,0.9599310885968813,0.3055555555555556,648,-30.771928614243087,-0.028707117412195726,0.6175308875439464,0.646368692319435,0.4687249158089405
long_max_Tlast,B,0.9599310885968813,0.3055555555555556,649,-30.53058044887264,0.3442902988255816,0.636899288868985,0.6511274161635257,0.0
long_max_Tlast,B,0.9599310885968813,0.3055555555555556,650,-30.938646656211404,-0.06254034223420263,0.6175950654501716,0.646421686109682,0.46877488962055897
long_max_Tlast,B,0.9599310885968813,0.3055555555555556,651,-30.88478183656173,0.11070172300153086,0.6368739436229455,0.6511099275105063,0.0
long_max_Tlast,B,0.9599310885968813,0.3055555555555556,652,-31.175010472414037,-0.1293320261134401,0.6176367368894793,0.6464501861208644,0.4688277887625851
long_max_Tlast,B,0.9599310885968813,0.3055555555555556,653,-31.345789941531386,-0.21944968028692258,0.6369088206914533,0.6511373405464181,0.0
long_max_Tlast,B,0.9599310885968813,0.3055555555555556,654,-31.4293813089905,-0.2046710756778541,0.6176021646558253,0.6464234217167606,0.4688001359546613
long_max_Tlast,B,0.9599310885968813,0.3055555555555556,655,-31.77972741111804,-0.5250778126147366,0.6369614398914466,0.6511758898991212,0.0
long_max_Tlast,B,0.9599310885968813,0.3055555555555556,656,-31.643394718420165,-0.2609595602738528,0.6176002079900642,0.6464242259818124,0.46879694627910484
long_max_Tlast,B,0.9599310885968813,0.3055555555555556,657,-32.06272403411186,-0.6942127755136362,0.636943319583002,0.6511645451753733,0.0
long_max_Tlast,B,0.9599310885968813,0.3055555555555556,658,-31.773603861122687,-0.27747900499857947,0.6176544041107529,0.6464706573817547,0.4688325285745119
long_max_Tlast,B,0.9599310885968813,0.3055555555555556,659,-32.1257579248121,-0.6648637574870355,0.6369129372892939,0.6511446472930099,0.0
long_max_Tlast,B,0.9599310885968813,0.3055555555555556,660,-31.80777933922948,-0.2482993066869677,0.6176564081501205,0.646479028408245,0.4688076717553591
long_max_Tlast,B,0.9599310885968813,0.3055555555555556,661,-31.980616750695766,-0.44773227786534087,0.6369446433633092,0.6511708825906101,0.0
long_max_Tlast,B,0.9599310885968813,0.3055555555555556,662,-31.76806426260778,-0.18407232089540254,0.6176110876784826,0.6464435595223814,0.468772576441761
long_max_Tlast,B,0.9599310885968813,0.3055555555555556,663,-31.716043367908348,-0.12246865778989291,0.636975980188366,0.6511966684003087,0.0
long_max_Tlast,B,0.9599310885968813,0.3055555555555556,664,-31.703687646209936,-0.10825992558538755,0.6176106408221411,0.6464453570243779,0.4687719581150711
long_max_Tlast,B,0.9599310885968813,0.3055555555555556,665,-31.463839021935105,0.19172692095536836,0.6369460635360528,0.6511739806864256,0.0
long_max_Tlast,B,0.9599310885968813,0.3055555555555556,666,-31.67385855562746,-0.048790191717480946,0.6176522326281929,0.6464831393834887,0.4687908193574551
long_max_Tlast,B,0.9599310885968813,0.3055555555555556,667,-31.3510949937426,0.37970458107425026,0.6369169472747904,0.6511534738518517,0.0
long_max_Tlast,B,0.9599310885968813,0.3055555555555556,668,-31.72445324787726,-0.027396395743791713,0.6176525468514822,0.6464779316160898,0.4688124955747086
long_max_Tlast,B,0.9599310885968813,0.3055555555555556,669,-31.454500482188553,0.37249734074260465,0.6369474047222522,0.6511778431196251,0.0
long_max_Tlast,B,0.9599310885968813,0.3055555555555556,670,-31.87159722682796,-0.05188014839028571,0.6176054281545371,0.6464369345566576,0.46879283287040263
long_max_Tlast,B,0.9599310885968813,0.3055555555555556,671,-31.771245627575965,0.1728083527714382,0.6369694365779085,0.6511920097691205,0.0
long_max_Tlast,B,0.9599310885968813,0.3055555555555556,672,-32.096570468884174,-0.11337193083372846,0.617606243681046,0.6464397495894872,0.4687923550635931
long_max_Tlast,B,0.9599310885968813,0.3055555555555556,673,-32.220118976196744,-0.14617174092085383,0.6369245371609502,0.6511587888592791,0.0
long_max_Tlast,B,0.9599310885968813,0.3055555555555556,674,-32.35195653605607,-0.18925269986304671,0.6176454686855425,0.6464693415007815,0.4688326778617601
long_max_Tlast,B,0.9599310885968813,0.3055555555555556,675,-32.67156062039258,-0.4675847284419155,0.6368925520579161,0.6511379735049793,0.0
long_max_Tlast,B,0.9599310885968813,0.3055555555555556,676,-32.57930922360805,-0.2517463140157997,0.6176140887153021,0.6464462010897462,0.4687995418149863
long_max_Tlast,B,0.9599310885968813,0.3055555555555556,677,-32.99506916077826,-0.6735577788025952,0.6369194678770627,0.651159151910913,0.0
long_max_Tlast,B,0.9599310885968813,0.3055555555555556,678,-32.73022386996535,-0.2780061574576926,0.6175510034791318,0.6463991888831117,0.4687405839224424
long_max_Tlast,B,0.9599310885968813,0.3055555555555556,679,-33.107423639636416,-0.6886322245455394,0.6369171008770863,0.6511591423573021,0.0
long_max_Tlast,B,0.9599310885968813,0.3055555555555556,680,-32.78408990916854,-0.2582988789724598,0.6175527843820218,0.6464026407369167,0.46874095862311094
long_max_Tlast,B,0.9599310885968813,0.3055555555555556,681,-33.002398458511436,-0.507336418813101,0.6368584997985226,0.6511171768174027,0.0
long_max_Tlast,B,0.9599310885968813,0.3055555555555556,682,-32.75667154172252,-0.19994586666592,0.6175668065361251,0.6464191218827613,0.468732415663566
long_max_Tlast,B,0.9599310885968813,0.3055555555555556,683,-32.75311260866584,-0.19608022401243697,0.6368305546268118,0.6510977855077519,0.0
long_max_Tlast,B,0.9599310885968813,0.3055555555555556,684,-32.69309825930586,-0.1243636043215694,0.617523548930631,0.646382650025313,0.4687047099231696
long_max_Tlast,B,0.9599310885968813,0.3055555555555556,685,-32.48634100388854,0.13099565937857927,0.636850461105454,0.6511143664226978,0.0
long_max_Tlast,B,0.9599310885968813,0.3055555555555556,686,-32.65113990421307,-0.05913630959402333,0.6174707859336244,0.6463358114239167,0.46868643129437015
long_max_Tlast,B,0.9599310885968813,0.3055555555555556,687,-32.33504130865103,0.35401434295233036,0.6368371196171478,0.6511024929733037,0.0
long_max_Tlast,B,0.9599310885968813,0.3055555555555556,688,-32.68150055613702,-0.02827834153596026,0.6174733145604512,0.6463396200668072,0.4686873513401743
long_max_Tlast,B,0.9599310885968813,0.3055555555555556,689,-32.38928780327626,0.3912907015473731,0.6367754063966223,0.6510551873626651,0.0
long_max_Tlast,B,0.9599310885968813,0.3055555555555556,690,-32.80827347279018,-0.043094406107010985,0.6174872724321784,0.6463468060099948,0.4687135662951088
long_max_Tlast,B,0.9599310885968813,0.3055555555555556,691,-32.66428123110241,0.22911341044060374,0.6367485641661313,0.6510374709390078,0.0
long_max_Tlast,B,0.9599310885968813,0.3055555555555556,692,-33.01976087751418,-0.09807965730104978,0.6174331672256775,0.6462988894399624,0.4686879941993535
long_max_Tlast,B,0.9599310885968813,0.3055555555555556,693,-33.09436113449463,-0.07302565819168627,0.6367650180831147,0.6510493473649037,0.0
long_max_Tlast,B,0.9599310885968813,0.3055555555555556,694,-33.27350919291027,-0.17317837295572971,0.6173690211076797,0.6462504932724612,0.46863053193592763
long_max_Tlast,B,0.9599310885968813,0.3055555555555556,695,-33.556926722107704,-0.4043513122374337,0.6367331370438031,0.6510251373696536,0.0
long_max_Tlast,B,0.9599310885968813,0.3055555555555556,696,-33.51145728855328,-0.2408108524188445,0.6173722238667761,0.6462543277926991,0.4686326097529853
long_max_Tlast,B,0.9599310885968813,0.3055555555555556,697,-33.917460933651824,-0.643509613912316,0.6366598159493975,0.6509731731163155,0.0
long_max_Tlast,B,0.9599310885968813,0.3055555555555556,698,-33.6816003271183,-0.27618871180888266,0.6173610113506025,0.6462477451647004,0.4686126937118144
long_max_Tlast,B,0.9599310885968813,0.3055555555555556,699,-34.07861627341517,-0.7028254068484101,0.6366371096864157,0.6509580567529072,0.0
long_max_Tlast,B,0.9599310885968813,0.3055555555555556,700,-33.75675084619932,-0.26644514678876385,0.6172844897588796,0.6461885123761605,0.4685430777256488
long_max_Tlast,B,0.9599310885968813,0.3055555555555556,701,-34.01660965406305,-0.560584204021005,0.6366430246590662,0.6509635708536299,0.0
long_max_Tlast,B,0.9599310885968813,0.3055555555555556,702,-33.74391100790557,-0.21504573220820236,0.6172319809501138,0.6461440292659152,0.4685162487327174
long_max_Tlast,B,0.9599310885968813,0.3055555555555556,703,-33.78943280631187,-0.26899636273365746,0.6365969411127328,0.65092879169815,0.0
long_max_Tlast,B,0.9599310885968813,0.3055555555555556,704,-33.68301364365185,-0.14086877857161678,0.6172341857370673,0.6461471250623204,0.46851631687450457
long_max_Tlast,B,0.9599310885968813,0.3055555555555556,705,-33.514926947343255,0.06510944963073456,0.6365287181245265,0.650876656689412,0.0
long_max_Tlast,B,0.9599310885968813,0.3055555555555556,706,-33.63177194052938,-0.07118598622732816,0.6172167083866058,0.6461303565441157,0.46851051878287764
long_max_Tlast,B,0.9599310885968813,0.3055555555555556,707,-33.32877241153382,0.319262405679938,0.6365110212320674,0.650864609112707,0.0
long_max_Tlast,B,0.9599310885968813,0.3055555555555556,708,-33.64352300407669,-0.03141424619457678,0.6171484373214031,0.6460673253051661,0.46848851559284427
long_max_Tlast,B,0.9599310885968813,0.3055555555555556,709,-33.33450802757784,0.40031900743435644,0.6365123887817955,0.6508644443722092,0.0
long_max_Tlast,B,0.9599310885968813,0.3055555555555556,710,-33.74896258622525,-0.03618060896087305,0.6170976095742279,0.6460266226494648,0.46845294716000635
long_max_Tlast,B,0.9599310885968813,0.3055555555555556,711,-33.56479728732981,0.2786643728215389,0.6364584146484374,0.6508215132990144,0.0
long_max_Tlast,B,0.9599310885968813,0.3055555555555556,712,-33.94470152351627,-0.08377627827305756,0.6171003101652911,0.6460289937562048,0.4684559340083042
long_max_Tlast,B,0.9599310885968813,0.3055555555555556,713,-33.97016730527623,-0.001145380623211345,0.6363865367999806,0.6507698366699495,0.0
long_max_Tlast,B,0.9599310885968813,0.3055555555555556,714,-34.193907822324775,-0.15667218416669637,0.617069414070542,0.6460015163718453,0.4684383968908188
long_max_Tlast,B,0.9599310885968813,0.3055555555555556,715,-34.437091504904565,-0.33655474250611644,0.6363720472407215,0.6507608012736482,0.0
long_max_Tlast,B,0.9599310885968813,0.3055555555555556,716,-34.44031995907986,-0.228236875824953,0.6169796487229433,0.6459321597155152,0.4683564104077641
long_max_Tlast,B,0.9599310885968813,0.3055555555555556,717,-34.82952144606393,-0.6045986978454991,0.6363633866009446,0.6507540069860113,0.0
long_max_Tlast,B,0.9599310885968813,0.3055555555555556,718,-34.62846926256572,-0.2722200461414078,0.6169344956112491,0.6458971345269928,0.4683203039360233
long_max_Tlast,B,0.9599310885968813,0.3055555555555556,719,-35.03882661370535,-0.7071380539426033,0.6362948703560883,0.6507036220184962,0.0
long_max_Tlast,B,0.9599310885968813,0.3055555555555556,720,-34.72445244534114,-0.27245995643812354,0.6169345499197525,0.6458977418746735,0.4683187625655013
long_max_Tlast,B,0.9599310885968813,0.3055555555555556,721,-35.023052603154184,-0.6066165910402788,0.6362306025503529,0.6506558868936881,0.0
long_max_Tlast,B,0.9599310885968813,0.3055555555555556,722,-34.72848430112611,-0.2289893937645736,0.6168879971172776,0.6458602568442293,0.46827814764061904
long_max_Tlast,B,0.9599310885968813,0.3055555555555556,723,-34.82300220737189,-0.3398753183351109,0.6362229258174289,0.6506503834936218,0.0
long_max_Tlast,B,0.9599310885968813,0.3055555555555556,724,-34.6737140099724,-0.1576646801118784,0.6168129500067879,0.6457932039823979,0.4682453770571686
long_max_Tlast,B,0.9599310885968813,0.3055555555555556,725,-34.5473982445113,-0.004734035322116137,0.636207433456692,0.6506376493071803,0.0
long_max_Tlast,B,0.9599310885968813,0.3055555555555556,726,-34.6150783890031,-0.08459400301611375,0.6167828512494584,0.6457663363881906,0.46823613531816083
long_max_Tlast,B,0.9599310885968813,0.3055555555555556,727,-34.331966517938355,0.2760410816936649,0.636140319053887,0.6505841693706185,0.0
long_max_Tlast,B,0.9599310885968813,0.3055555555555556,728,-34.60952839887173,-0.03666492768405255,0.616782416910217,0.6457653819825645,0.46823707523013824
long_max_Tlast,B,0.9599310885968813,0.3055555555555556,729,-34.29044382852315,0.39958154741485075,0.636083490577253,0.6505419384768415,0.0
long_max_Tlast,B,0.9599310885968813,0.3055555555555556,730,-34.69388318273941,-0.0313484643892003,0.6167370762739995,0.6457222073989024,0.4682229203234004
long_max_Tlast,B,0.9599310885968813,0.3055555555555556,731,-34.473295559800995,0.32060822457371,0.636078540132745,0.6505393056094454,0.0
long_max_Tlast,B,0.9599310885968813,0.3055555555555556,732,-34.87204900341942,-0.07059041304610608,0.6166558376831813,0.6456563729753928,0.4681609796222412
long_max_Tlast,B,0.9599310885968813,0.3055555555555556,733,-34.84843899140146,0.06815444406037308,0.6360568704047661,0.6505211371771634,0.0
long_max_Tlast,B,0.9599310885968813,0.3055555555555556,734,-35.11389083683455,-0.14007362319696198,0.6166261767870573,0.6456358972066575,0.46812719950575066
long_max_Tlast,B,0.9599310885968813,0.3055555555555556,735,-35.31332776936429,-0.2652852339983355,0.635981104340091,0.6504650275294009,0.0
long_max_Tlast,B,0.9599310885968813,0.3055555555555556,736,-35.365731972936985,-0.21425263951027684,0.6166230212369249,0.6456327080454728,0.46812503716892134
long_max_Tlast,B,0.9599310885968813,0.3055555555555556,737,-35.73256789134615,-0.5575678012439258,0.6359310947182015,0.6504295236588725,0.0
long_max_Tlast,B,0.9599310885968813,0.3055555555555556,738,-35.57042942938881,-0.26600930991154664,0.6165587296964979,0.6455820185843562,0.46806554515665805
long_max_Tlast,B,0.9599310885968813,0.3055555555555556,739,-35.98751204070414,-0.7015561739150498,0.6359319899636711,0.6504299469877142,0.0
long_max_Tlast,B,0.9599310885968813,0.3055555555555556,740,-35.687828419398514,-0.27639353822521256,0.6164864310798926,0.6455222044748657,0.4680153487418848
long_max_Tlast,B,0.9599310885968813,0.3055555555555556,741,-36.02003298155199,-0.6445649059349507,0.6359019182176467,0.6504065993844388,0.0
long_max_Tlast,B,0.9599310885968813,0.3055555555555556,742,-35.70970908390781,-0.24151620858601236,0.6164771770264492,0.645511677826335,0.4680224826387411
long_max_Tlast,B,0.9599310885968813,0.3055555555555556,743,-35.85306778534606,-0.4075160908236259,0.6358318459852335,0.6503520768101478,0.0
long_max_Tlast,B,0.9599310885968813,0.3055555555555556,744,-35.663488103676485,-0.1742666718836599,0.6164714861993953,0.6455061958571565,0.4680182235890584
long_max_Tlast,B,0.9599310885968813,0.3055555555555556,745,-35.58254309664093,-0.07723984620027846,0.63579804226605,0.650325696396817,0.0
long_max_Tlast,B,0.9599310885968813,0.3055555555555556,746,-35.60096871433201,-0.09926462214803147,0.6164162837775463,0.6454546537720385,0.46799766085822975
long_max_Tlast,B,0.9599310885968813,0.3055555555555556,747,-35.342933544579175,0.2252032434997065,0.6358018311289522,0.6503284524076874,0.0
long_max_Tlast,B,0.9599310885968813,0.3055555555555556,748,-35.57966937127956,-0.04390732003572495,0.6163589783208258,0.6454038482916244,0.467971365580386
long_max_Tlast,B,0.9599310885968813,0.3055555555555556,749,-35.256980404253845,0.38904498216757155,0.6357701773765604,0.6503018167683774,0.0
long_max_Tlast,B,0.9599310885968813,0.3055555555555556,750,-35.64272379148657,-0.028578665038190232,0.616351037971123,0.6454001233045892,0.4679557099623709
long_max_Tlast,B,0.9599310885968813,0.3055555555555556,751,-35.39084534635708,0.35430614532779303,0.6357025696089661,0.6502503173492581,0.0
long_max_Tlast,B,0.9599310885968813,0.3055555555555556,752,-35.802027425604436,-0.05884687383158185,0.6163442078332513,0.6453926362301612,0.46795367779255603
long_max_Tlast,B,0.9599310885968813,0.3055555555555556,753,-35.73058295296981,0.13368452983204837,0.6356753970277447,0.6502322788536127,0.0
long_max_Tlast,B,0.9599310885968813,0.3055555555555556,754,-36.033994643546784,-0.12358240903168566,0.6162781891801209,0.6453387234964931,0.4679000166946651
long_max_Tlast,B,0.9599310885968813,0.3055555555555556,755,-36.18672100405198,-0.191921863996513,0.6356823132730958,0.6502370015577942,0.0
long_max_Tlast,B,0.9599310885968813,0.3055555555555556,756,-36.28867755179258,-0.19914032083318403,0.6162215302702109,0.645296119161946,0.4678440412187655
long_max_Tlast,B,0.9599310885968813,0.3055555555555556,757,-36.627119723816975,-0.5032129300360895,0.6356436966493577,0.6502071612729624,0.0
long_max_Tlast,B,0.9599310885968813,0.3055555555555556,758,-36.50764920849744,-0.2577607390527558,0.6162290640225062,0.6453011780737578,0.46785423765114
long_max_Tlast,B,0.9599310885968813,0.3055555555555556,759,-36.92537689904184,-0.6862067365279432,0.6355820123214141,0.6501609787451508,0.0
long_max_Tlast,B,0.9599310885968813,0.3055555555555556,760,-36.64585049716281,-0.277997344463525,0.6162178428104413,0.6452911699588686,0.4678444004853533
long_max_Tlast,B,0.9599310885968813,0.3055555555555556,761,-37.007032669033556,-0.6738285198876068,0.6355732358609159,0.650153321180298,0.0
long_max_Tlast,B,0.9599310885968813,0.3055555555555556,762,-36.68763593111783,-0.25249176341947055,0.6161590023619632,0.6452398974081114,0.46780891345242065
long_max_Tlast,B,0.9599310885968813,0.3055555555555556,763,-36.87742834464639,-0.47064831827469356,0.6355830357582379,0.6501595421694982,0.0
long_max_Tlast,B,0.9599310885968813,0.3055555555555556,764,-36.65228862347363,-0.19048178596149962,0.6161311768527402,0.6452114282253324,0.46781134247289
long_max_Tlast,B,0.9599310885968813,0.3055555555555556,765,-36.619086560680415,-0.15114232808466044,0.6355457443238755,0.6501288719095814,0.0
long_max_Tlast,B,0.9599310885968813,0.3055555555555556,766,-36.58804971839723,-0.11475341188401791,0.6161458141918407,0.6452233099380505,0.4678218346086641
long_max_Tlast,B,0.9599310885968813,0.3055555555555556,767,-36.361244197890294,0.16768528994738136,0.6354977912925315,0.6500907225216864,0.0
long_max_Tlast,B,0.9599310885968813,0.3055555555555556,768,-36.55359603045936,-0.053085896610717276,0.6161351949892613,0.6452119996460292,0.46781865282160495
long_max_Tlast,B,0.9599310885968813,0.3055555555555556,769,-36.23351828876997,0.36900312301788163,0.6354978477617668,0.650091947745503,0.0
long_max_Tlast,B,0.9599310885968813,0.3055555555555556,770,-36.59609274202054,-0.027966195557831475,0.6160817118803021,0.6451648765036241,0.46778844903086614
long_max_Tlast,B,0.9599310885968813,0.3055555555555556,771,-36.317840736996544,0.3790797395323511,0.6355080469951109,0.6500989001041955,0.0
long_max_Tlast,B,0.9599310885968813,0.3055555555555556,772,-36.735065440669764,-0.0486663043831527,0.6160537458376341,0.64514639640681,0.467750976946204
long_max_Tlast,B,0.9599310885968813,0.3055555555555556,773,-36.61803081065956,0.19428490875209714,0.6354688516760925,0.6500679901258708,0.0
long_max_Tlast,B,0.9599310885968813,0.3055555555555556,774,-36.95471239403093,-0.10759653108659853,0.6160734320488477,0.6451639505662619,0.46775822714548565
long_max_Tlast,B,0.9599310885968813,0.3055555555555556,775,-37.05907295602444,-0.11772961748137323,0.6354267955361548,0.6500378899410554,0.0
long_max_Tlast,B,0.9599310885968813,0.3055555555555556,776,-37.20941100539113,-0.18310650511978369,0.6160586893701893,0.645150776739092,0.46774621949096307
long_max_Tlast,B,0.9599310885968813,0.3055555555555556,777,-37.51437872152173,-0.4426335025685511,0.6354407295035658,0.6500483397754047,0.0
long_max_Tlast,B,0.9599310885968813,0.3055555555555556,778,-37.44084955479815,-0.24760851150671553,0.6160059749938505,0.6451086681223073,0.46770000930363786
long_max_Tlast,B,0.9599310885968813,0.3055555555555556,779,-37.85217848811611,-0.6613714719294517,0.6354528568100475,0.6500557958579348,0.0
long_max_Tlast,B,0.9599310885968813,0.3055555555555556,780,-37.59902272634724,-0.27741115107052405,0.6160055183116304,0.6451050855630436,0.46771264924805633
long_max_Tlast,B,0.9599310885968813,0.3055555555555556,781,-37.983747785922134,-0.6938738084653459,0.6354157431782573,0.6500263912297942,0.0
long_max_Tlast,B,0.9599310885968813,0.3055555555555556,782,-37.66108073521106,-0.2615823995243881,0.6160370867046002,0.6451284410780301,0.4677435601199131
long_max_Tlast,B,0.9599310885968813,0.3055555555555556,783,-37.8955671594791,-0.5282044720304058,0.6353932254970313,0.6500072918699763,0.0
long_max_Tlast,B,0.9599310885968813,0.3055555555555556,784,-37.639481857414964,-0.20600913047603686,0.6160232260042415,0.6451148063455775,0.46773666150793064
long_max_Tlast,B,0.9599310885968813,0.3055555555555556,785,-37.65502816346852,-0.22504698376790477,0.6354188721188412,0.650025931342189,0.0
long_max_Tlast,B,0.9599310885968813,0.3055555555555556,786,-37.57667319699339,-0.13095236269922747,0.6159902785968374,0.6450823877508907,0.4677309229780806
long_max_Tlast,B,0.9599310885968813,0.3055555555555556,787,-37.38548602884105,0.10450625614455367,0.6354298398878513,0.650033116555958,0.0
long_max_Tlast,B,0.9599310885968813,0.3055555555555556,788,-37.530676891107596,-0.0639180513583057,0.6159982793649231,0.6450902847059506,0.4677317412816295
long_max_Tlast,B,0.9599310885968813,0.3055555555555556,789,-37.22030398098059,0.33978142131778977,0.6353975611198487,0.6500067165790931,0.0
long_max_Tlast,B,0.9599310885968813,0.3055555555555556,790,-37.55367408722289,-0.0295390706366343,0.6160264298313942,0.6451158568798728,0.4677396189723286
long_max_Tlast,B,0.9599310885968813,0.3055555555555556,791,-37.25490205662091,0.39457111108682513,0.6353835085548102,0.6499974069574945,0.0
long_max_Tlast,B,0.9599310885968813,0.3055555555555556,792,-37.671909644272965,-0.040315283840957034,0.616011586682783,0.645101921749344,0.4677303819625105
long_max_Tlast,B,0.9599310885968813,0.3055555555555556,793,-37.51182002994716,0.24878513800318292,0.6354154746455648,0.6500224651267754,0.0
long_max_Tlast,B,0.9599310885968813,0.3055555555555556,794,-37.87694850162174,-0.09233063360977772,0.6159770028364734,0.6450766252008311,0.46769107886587147
long_max_Tlast,B,0.9599310885968813,0.3055555555555556,795,-37.93180437865098,-0.04411329027855515,0.635426588009526,0.6500292265985181,0.0
long_max_Tlast,B,0.9599310885968813,0.3055555555555556,796,-38.12876419029819,-0.16655467771555088,0.6159990485546379,0.645096285729681,0.4677010400146446
long_max_Tlast,B,0.9599310885968813,0.3055555555555556,797,-38.39590017081673,-0.3768685559994226,0.6353965730697172,0.6500063878680271,0.0
long_max_Tlast,B,0.9599310885968813,0.3055555555555556,798,-38.37003113381159,-0.23572211157412587,0.6160376730838842,0.6451251879212091,0.46773712340642204
long_max_Tlast,B,0.9599310885968813,0.3055555555555556,799,-38.76898339643505,-0.6275863656212316,0.6354002004472844,0.6500083668085419,0.0
long_max_Tlast,B,0.9599310885968813,0.3055555555555556,800,-38.54742309645724,-0.27456307116587986,0.6160225050359833,0.6451116375399928,0.4677256627878651
long_max_Tlast,B,0.9599310885968813,0.3055555555555556,801,-38.94936900559311,-0.7043641379475831,0.6354439854095609,0.6500394940847716,0.0
long_max_Tlast,B,0.9599310885968813,0.3055555555555556,802,-38.630676180116666,-0.2688160582587831,0.6160115835852185,0.6450985636261954,0.4677323297739302
long_max_Tlast,B,0.9599310885968813,0.3055555555555556,803,-38.90613742415965,-0.5791105068128999,0.6354536012126912,0.650045387355316,0.0
long_max_Tlast,B,0.9599310885968813,0.3055555555555556,804,-38.624192247709146,-0.22052486649287822,0.6160526835546856,0.6451297761796484,0.46777207607616844
long_max_Tlast,B,0.9599310885968813,0.3055555555555556,805,-38.68980431312579,-0.29768514082289665,0.6354335110892795,0.6500281442858088,0.0
long_max_Tlast,B,0.9599310885968813,0.3055555555555556,806,-38.56571106769894,-0.14747926173875042,0.6160857331267803,0.6451582595792891,0.4677873439940661
long_max_Tlast,B,0.9599310885968813,0.3055555555555556,807,-38.4144502326681,0.03684962252045765,0.6354499910808361,0.6500403768995558,0.0
long_max_Tlast,B,0.9599310885968813,0.3055555555555556,808,-38.51134572986852,-0.07638046990569386,0.6160740746337691,0.6451463801003363,0.467783632611243
long_max_Tlast,B,0.9599310885968813,0.3055555555555556,809,-38.21628202655545,0.30189910390402974,0.6354939663484391,0.6500745387531376,0.0
long_max_Tlast,B,0.9599310885968813,0.3055555555555556,810,-38.515731944582384,-0.03323261556671184,0.6160673063114176,0.6451425612194034,0.4677711506905582
long_max_Tlast,B,0.9599310885968813,0.3055555555555556,811,-38.2027345245485,0.40039830955006966,0.6355020217707017,0.6500794027555432,0.0
long_max_Tlast,B,0.9599310885968813,0.3055555555555556,812,-38.612591236423654,-0.033932333537675996,0.6161075287156775,0.6451805870835658,0.46778047114202437
long_max_Tlast,B,0.9599310885968813,0.3055555555555556,813,-38.41351437416425,0.29625060964887234,0.6354857241804301,0.650067423709233,0.0
long_max_Tlast,B,0.9599310885968813,0.3055555555555556,814,-38.80134463309196,-0.07815896568667693,0.61614333552204,0.6452089241328722,0.46780732466818076
long_max_Tlast,B,0.9599310885968813,0.3055555555555556,815,-38.80653306150187,0.027554583901633567,0.6355128315383318,0.6500889098833755,0.0
long_max_Tlast,B,0.9599310885968813,0.3055555555555556,816,-39.04765336880302,-0.14970952822031258,0.6161304569840852,0.6451983942480021,0.46779459460550676
long_max_Tlast,B,0.9599310885968813,0.3055555555555556,817,-39.27280849571901,-0.3072064962192438,0.6355639545380782,0.6501257647303608,0.0
long_max_Tlast,B,0.9599310885968813,0.3055555555555556,818,-39.29626008375382,-0.22241713669536844,0.6161395946189262,0.6452058339955972,0.4678013016624488
long_max_Tlast,B,0.9599310885968813,0.3055555555555556,819,-39.67648932920511,-0.585406608039734,0.6355707357457183,0.6501295655721472,0.0
long_max_Tlast,B,0.9599310885968813,0.3055555555555556,820,-39.490993201083796,-0.26956355606855964,0.6162014028981371,0.64525279644105,0.4678607347022969
long_max_Tlast,B,0.9599310885968813,0.3055555555555556,821,-39.90451183631832,-0.7051438632258251,0.635565416873932,0.6501244117256698,0.0
long_max_Tlast,B,0.9599310885968813,0.3055555555555556,822,-39.595692687376506,-0.27392620454158867,0.6162344981770049,0.6452791250273596,0.4678849103669564
long_max_Tlast,B,0.9599310885968813,0.3055555555555556,823,-39.90816441230122,-0.6224786537552248,0.635607805227294,0.6501548771572766,0.0
long_max_Tlast,B,0.9599310885968813,0.3055555555555556,824,-39.60682060554876,-0.23391601146684018,0.6162280896755308,0.645271863455297,0.4678854815906297
long_max_Tlast,B,0.9599310885968813,0.3055555555555556,825,-39.72136387809712,-0.36770140127243195,0.6356565317737279,0.6501916251772686,0.0
long_max_Tlast,B,0.9599310885968813,0.3055555555555556,826,-39.55494902924183,-0.16409635060378355,0.6162515602221696,0.6452898951088225,0.4679077316919224
long_max_Tlast,B,0.9599310885968813,0.3055555555555556,827,-39.44742214322915,-0.03414212101788955,0.6356610135507,0.6501942632404076,0.0
long_max_Tlast,B,0.9599310885968813,0.3055555555555556,828,-39.49444140586451,-0.09012845237424649,0.6163057404905463,0.6453390587955752,0.4679282061197607
long_max_Tlast,B,0.9599310885968813,0.3055555555555556,829,-39.22132681438116,0.25603475549170174,0.6356626412575819,0.6501954909392686,0.0
long_max_Tlast,B,0.9599310885968813,0.3055555555555556,830,-39.482467275239586,-0.039107497161474686,0.6163323393336726,0.6453619370200957,0.46794047669815597
long_max_Tlast,B,0.9599310885968813,0.3055555555555556,831,-39.161149992061475,0.39646260304152614,0.6357083262433474,0.6502318504886435,0.0
long_max_Tlast,B,0.9599310885968813,0.3055555555555556,832,-39.5580023196116,-0.029653712004662103,0.6163260913609334,0.6453572074232073,0.46793294437950245
long_max_Tlast,B,0.9599310885968813,0.3055555555555556,833,-39.32404155944127,0.3356938085555329,0.6357561055924896,0.6502673836365357,0.0
long_max_Tlast,B,0.9599310885968813,0.3055555555555556,834,-39.72851529011348,-0.06531080340735523,0.6163529804325936,0.6453832043452865,0.4679379824116488
long_max_Tlast,B,0.9599310885968813,0.3055555555555556,835,-39.68509210133061,0.09599368748690851,0.6357595374053456,0.6502690898274824,0.0
long_max_Tlast,B,0.9599310885968813,0.3055555555555556,836,-39.966603143625036,-0.13298390580901362,0.6164189898285608,0.6454359188898303,0.4679912162198822
long_max_Tlast,B,0.9599310885968813,0.3055555555555556,837,-40.14699669714865,-0.23488496878973786,0.6357693620475857,0.6502768466056926,0.0
long_max_Tlast,B,0.9599310885968813,0.3055555555555556,838,-40.21994517622856,-0.207853134094595,0.6164459894441134,0.6454558090824317,0.4680174758596801
long_max_Tlast,B,0.9599310885968813,0.3055555555555556,839,-40.57550672686347,-0.5356767048524289,0.6358272914424683,0.6503190010362219,0.0
long_max_Tlast,B,0.9599310885968813,0.3055555555555556,840,-40.43066023490588,-0.26254853409206086,0.6164457059027374,0.6454549826586018,0.46801896297699624
long_max_Tlast,B,0.9599310885968813,0.3055555555555556,841,-40.848703504906354,-0.6961489430345373,0.635872478948286,0.6503518666637353,0.0
long_max_Tlast,B,0.9599310885968813,0.3055555555555556,842,-40.55631666245471,-0.27695159087886034,0.6164928163021863,0.645490740448858,0.4680657747697791
long_max_Tlast,B,0.9599310885968813,0.3055555555555556,843,-40.901411573286325,-0.6575232923131036,0.6358740212713927,0.6503527080198545,0.0
long_max_Tlast,B,0.9599310885968813,0.3055555555555556,844,-40.58608235635651,-0.24580139396396158,0.6165541616483049,0.6455423196210217,0.4681049784883958
long_max_Tlast,B,0.9599310885968813,0.3055555555555556,845,-40.74896498404236,-0.43388152421658754,0.6358936621890874,0.6503669579745132,0.0
long_max_Tlast,B,0.9599310885968813,0.3055555555555556,846,-40.54413960931412,-0.18056489244186186,0.6165695416369744,0.6455568169680019,0.4681068360543319
long_max_Tlast,B,0.9599310885968813,0.3055555555555556,847,-40.48239414211317,-0.10715541739235701,0.635950846316585,0.6504113255443098,0.0
long_max_Tlast,B,0.9599310885968813,0.3055555555555556,848,-40.48038023303312,-0.10504501847994863,0.6165730994545905,0.6455596878369717,0.46810991137765284
long_max_Tlast,B,0.9599310885968813,0.3055555555555556,849,-40.23454177958424,0.20292582883366322,0.6359874351725769,0.6504395883889955,0.0
long_max_Tlast,B,0.9599310885968813,0.3055555555555556,850,-40.45329962427877,-0.046955986721349124,0.6166155588390066,0.6455996037398934,0.4681224271471158
long_max_Tlast,B,0.9599310885968813,0.3055555555555556,851,-40.13085767397483,0.38277790146352647,0.6359881141685344,0.6504398676970691,0.0
long_max_Tlast,B,0.9599310885968813,0.3055555555555556,852,-40.50808804011737,-0.027625689211608295,0.6166718038143238,0.6456481438967274,0.46815340978596015
long_max_Tlast,B,0.9599310885968813,0.3055555555555556,853,-40.24434362646459,0.36644088072054526,0.6360117698909997,0.6504591816370289,0.0
long_max_Tlast,B,0.9599310885968813,0.3055555555555556,854,-40.65937440149062,-0.05405999058515398,0.6166871763734354,0.645658865827307,0.46817097947664493
long_max_Tlast,B,0.9599310885968813,0.3055555555555556,855,-40.568629883258836,0.15987273836223004,0.636072611992778,0.6505047715946893,0.0
long_max_Tlast,B,0.9599310885968813,0.3055555555555556,856,-40.886673841108355,-0.11663061118036383,0.6166934369075959,0.6456652647196146,0.4681718104979737
long_max_Tlast,B,0.9599310885968813,0.3055555555555556,857,-41.019827305127535,-0.16121272124662844,0.6361061249370275,0.6505284109168968,0.0
long_max_Tlast,B,0.9599310885968813,0.3055555555555556,858,-41.141748489472015,-0.19240788123051125,0.6167513994105408,0.6457112336418362,0.46822182265223206
long_max_Tlast,B,0.9599310885968813,0.3055555555555556,859,-41.46753801433302,-0.4792162228470504,0.6361059334978537,0.6505283557374691,0.0
long_max_Tlast,B,0.9599310885968813,0.3055555555555556,860,-41.36615693488833,-0.2535786609673123,0.6168090931554701,0.6457561685113314,0.4682727858498663
long_max_Tlast,B,0.9599310885968813,0.3055555555555556,861,-41.7825641132216,-0.6775883320827586,0.6361393160633452,0.6505529090349864,0.0
long_max_Tlast,B,0.9599310885968813,0.3055555555555556,862,-41.51273994558134,-0.2777989569977813,0.6168141499481838,0.6457613912885468,0.46827172726675514
long_max_Tlast,B,0.9599310885968813,0.3055555555555556,863,-41.884545175426396,-0.6835840858474492,0.6361985712670638,0.6505972752964813,0.0
long_max_Tlast,B,0.9599310885968813,0.3055555555555556,864,-41.56245698795287,-0.25613523439444374,0.6168277905250141,0.6457720427274178,0.46828552412889063
long_max_Tlast,B,0.9599310885968813,0.3055555555555556,865,-41.77126196929382,-0.49502330088936275,0.6362198823876234,0.6506143297366865,0.0
long_max_Tlast,B,0.9599310885968813,0.3055555555555556,866,-41.53212096327699,-0.19650008219249396,0.6168816014247654,0.645819024623635,0.46831527858389926
long_max_Tlast,B,0.9599310885968813,0.3055555555555556,867,-41.51886519135179,-0.18095454510637543,0.6362192282966984,0.6506142117359203,0.0
long_max_Tlast,B,0.9599310885968813,0.3055555555555556,868,-41.468199563692295,-0.12083042165365404,0.6169204966998372,0.6458555283685672,0.46832511463881277
long_max_Tlast,B,0.9599310885968813,0.3055555555555556,869,-41.254780973562916,0.1435464201366225,0.6362536767906537,0.65064175519846,0.0
long_max_Tlast,B,0.9599310885968813,0.3055555555555556,870,-41.42877467140986,-0.05678009089403763,0.6169217984616743,0.645856437456186,0.468326988434442
long_max_Tlast,B,0.9599310885968813,0.3055555555555556,871,-41.11111975314641,0.35952456157960594,0.6363062286425909,0.6506825607577297,0.0
long_max_Tlast,B,0.9599310885968813,0.3055555555555556,872,-41.463140375273056,-0.027818709210189307,0.6169349515596969,0.645869658035174,0.4683296124882576
long_max_Tlast,B,0.9599310885968813,0.3055555555555556,873,-41.17537895712701,0.3878568758892828,0.6363221591239303,0.6506936811827014,0.0
long_max_Tlast,B,0.9599310885968813,0.3055555555555556,874,-41.59400957028376,-0.044629629197718096,0.6169903646740761,0.6459169037836392,0.46836458762765804
long_max_Tlast,B,0.9599310885968813,0.3055555555555556,875,-41.45886101545209,0.21811694927377606,0.636321559604138,0.6506937522270091,0.0
long_max_Tlast,B,0.9599310885968813,0.3055555555555556,876,-41.80835575514495,-0.10098808130143494,0.6170316978661846,0.64594739795737,0.46840788216319634
long_max_Tlast,B,0.9599310885968813,0.3055555555555556,877,-41.892801437684945,-0.08753733906734035,0.6363615004505282,0.6507239594423659,0.0
long_max_Tlast,B,0.9599310885968813,0.3055555555555556,878,-42.06255331586111,-0.176273871097229,0.6170281460724267,0.6459441100193961,0.4684078066277223
long_max_Tlast,B,0.9599310885968813,0.3055555555555556,879,-42.35322585183579,-0.4170529479580317,0.6364119316628166,0.650760500599675,0.0
long_max_Tlast,B,0.9599310885968813,0.3055555555555556,880,-42.2983923804254,-0.24291944240367128,0.6170489355137267,0.645960940792381,0.46842659033828765
long_max_Tlast,B,0.9599310885968813,0.3055555555555556,881,-42.70645378555358,-0.6497003201080456,0.636417017004159,0.6507647688632923,0.0
long_max_Tlast,B,0.9599310885968813,0.3055555555555556,882,-42.46442935861221,-0.2764380488165305,0.6171056344735196,0.6460066913841763,0.46847233696235596
long_max_Tlast,B,0.9599310885968813,0.3055555555555556,883,-42.85783965936019,-0.7002180481952428,0.6364166132651873,0.6507652473144371,0.0
long_max_Tlast,B,0.9599310885968813,0.3055555555555556,884,-42.53507863961322,-0.264615397194504,0.6171254093084022,0.6460263451729578,0.4684731409456531
long_max_Tlast,B,0.9599310885968813,0.3055555555555556,885,-42.78681097800696,-0.550033512903852,0.6364567027980945,0.6507961806750544,0.0
long_max_Tlast,B,0.9599310885968813,0.3055555555555556,886,-42.51922512232534,-0.21176440336636748,0.6171144491327902,0.6460188833104451,0.46846072925599325
long_max_Tlast,B,0.9599310885968813,0.3055555555555556,887,-42.55470997422346,-0.25420682695037883,0.6364933402734441,0.6508254951822325,0.0
long_max_Tlast,B,0.9599310885968813,0.3055555555555556,888,-42.45743799112999,-0.13719026730055975,0.6171341427454423,0.6460372224324491,0.46846971776451857
long_max_Tlast,B,0.9599310885968813,0.3055555555555556,889,-42.281454579439945,0.07886494133018745,0.6364898961799154,0.6508233895082124,0.0
long_max_Tlast,B,0.9599310885968813,0.3055555555555556,890,-42.40775677077989,-0.06831092373852565,0.617177662938513,0.6460774097155768,0.46848512227575817
long_max_Tlast,B,0.9599310885968813,0.3055555555555556,891,-42.10192041804919,0.3271330058050364,0.6364900496624818,0.6508244027556371,0.0
long_max_Tlast,B,0.9599310885968813,0.3055555555555556,892,-42.42334579409216,-0.030336993139397306,0.6171929570554361,0.6460886326616306,0.46850159892406085
long_max_Tlast,B,0.9599310885968813,0.3055555555555556,893,-42.117164452992384,0.39955681151549494,0.6365287659006009,0.6508546929582293,0.0
long_max_Tlast,B,0.9599310885968813,0.3055555555555556,894,-42.533213259620304,-0.03714777671580985,0.6171823141646389,0.6460787767672307,0.46850063790787133
long_max_Tlast,B,0.9599310885968813,0.3055555555555556,895,-42.35667816167609,0.26961206967619206,0.6365604200277448,0.6508771983961874,0.0
long_max_Tlast,B,0.9599310885968813,0.3055555555555556,896,-42.732252082276915,-0.0863218878758178,0.6172054784375458,0.6460987934771374,0.46851673741185873
long_max_Tlast,B,0.9599310885968813,0.3055555555555556,897,-42.7675582415492,-0.015088154697494971,0.6365504008289481,0.6508693679310148,0.0
long_max_Tlast,B,0.9599310885968813,0.3055555555555556,898,-42.98256811441956,-0.15979271027557726,0.6172529511473395,0.6461349151506446,0.4685633506423554
long_max_Tlast,B,0.9599310885968813,0.3055555555555556,899,-43.23420924237437,-0.3502541963850374,0.6365513128557696,0.6508710462028234,0.0
long_max_Tlast,B,0.9599310885968813,0.3055555555555556,900,-43.227462214915164,-0.23064375564983364,0.6172544416301211,0.6461360549020755,0.46856511067997414
long_max_Tlast,B,0.9599310885968813,0.3055555555555556,901,-43.62060285262878,-0.6130073293494136,0.6365898848717142,0.6508997751993861,0.0
long_max_Tlast,B,0.9599310885968813,0.3055555555555556,902,-43.41212865221257,-0.2729544580731854,0.6172362504756714,0.6461231559444347,0.4685465330942218
long_max_Tlast,B,0.9599310885968813,0.3055555555555556,903,-43.82031037377277,-0.7070544055251123,0.6366067324832644,0.6509133523516766,0.0
long_max_Tlast,B,0.9599310885968813,0.3055555555555556,904,-43.503701996060435,-0.2711464891691226,0.6172602232445807,0.6461436571257502,0.4685638367387931
long_max_Tlast,B,0.9599310885968813,0.3055555555555556,905,-43.79508048173759,-0.5979504081282854,0.6365867463083215,0.6508998520174791,0.0
long_max_Tlast,B,0.9599310885968813,0.3055555555555556,906,-43.5039247967312,-0.225932654040857,0.6172877177200453,0.6461704454746634,0.4685679821325689
long_max_Tlast,B,0.9599310885968813,0.3055555555555556,907,-43.588887122333254,-0.32563713614367673,0.6365883937680654,0.6509021599207879,0.0
long_max_Tlast,B,0.9599310885968813,0.3055555555555556,908,-43.447766243488445,-0.15391068649401723,0.6172747616448055,0.6461616575126341,0.4685518750986959
long_max_Tlast,B,0.9599310885968813,0.3055555555555556,909,-43.31255253122667,0.010059993739490958,0.6366194276406637,0.6509271376566707,0.0
long_max_Tlast,B,0.9599310885968813,0.3055555555555556,910,-43.390423979433486,-0.08139344973273474,0.6172587469984964,0.6461479177404251,0.4685457742560479
long_max_Tlast,B,0.9599310885968813,0.3055555555555556,911,-43.10248512112457,0.2861016366427737,0.636626324019141,0.6509322169898026,0.0
long_max_Tlast,B,0.9599310885968813,0.3055555555555556,912,-43.38812178914531,-0.035023386211894436,0.6172797388654332,0.6461674735381832,0.4685549016809176
long_max_Tlast,B,0.9599310885968813,0.3055555555555556,913,-43.07039186772578,0.40134722110115995,0.6366038235006477,0.6509148656499081,0.0
long_max_Tlast,B,0.9599310885968813,0.3055555555555556,914,-43.4768889126882,-0.0318052220005032,0.6173062063016213,0.6461872588642804,0.46858209066610773
long_max_Tlast,B,0.9599310885968813,0.3055555555555556,915,-43.26309436433827,0.3135131493626627,0.6366062513426027,0.6509177584407336,0.0
long_max_Tlast,B,0.9599310885968813,0.3055555555555556,916,-43.65899329304713,-0.07286193649328943,0.6172903248685024,0.6461710630770213,0.4685838210276518
long_max_Tlast,B,0.9599310885968813,0.3055555555555556,917,-43.64510463307327,0.054803188489718324,0.6366354089199413,0.6509389515009661,0.0
long_max_Tlast,B,0.9599310885968813,0.3055555555555556,918,-43.90271584160746,-0.14321101959047425,0.6172706807299431,0.6461562002344737,0.46856787267114763
long_max_Tlast,B,0.9599310885968813,0.3055555555555556,919,-44.11141102051225,-0.27994201343087444,0.636631447416868,0.6509354100866872,0.0
long_max_Tlast,B,0.9599310885968813,0.3055555555555556,920,-44.153736098645815,-0.21704500222629197,0.6172942181235612,0.6461750267153299,0.46858936566081555
long_max_Tlast,B,0.9599310885968813,0.3055555555555556,921,-44.52609998083598,-0.5680886925988852,0.6366011252946132,0.6509142595420142,0.0
long_max_Tlast,B,0.9599310885968813,0.3055555555555556,922,-44.35516555170654,-0.26729077516462735,0.617304689575053,0.6461846818004833,0.46859286819696155
long_max_Tlast,B,0.9599310885968813,0.3055555555555556,923,-44.77205853187958,-0.7040094130476784,0.6366043037062465,0.6509176147456788,0.0
long_max_Tlast,B,0.9599310885968813,0.3055555555555556,924,-44.46828045366726,-0.27560067307319824,0.6172695776384894,0.6461592281307934,0.46855512360030493
long_max_Tlast,B,0.9599310885968813,0.3055555555555556,925,-44.79430680727898,-0.6378836671956909,0.6366232912903549,0.6509329780752792,0.0
long_max_Tlast,B,0.9599310885968813,0.3055555555555556,926,-44.48632603990149,-0.23886465325432427,0.617250936301682,0.6461445926942749,0.46854237909462326
long_max_Tlast,B,0.9599310885968813,0.3055555555555556,927,-44.619860714966975,-0.3939906132457047,0.636605399452309,0.6509206774409395,0.0
long_max_Tlast,B,0.9599310885968813,0.3055555555555556,928,-44.43782035129929,-0.17056061996218166,0.6172667506781696,0.646160150718106,0.46854594268941896
long_max_Tlast,B,0.9599310885968813,0.3055555555555556,929,-44.34736076153376,-0.06168994419209567,0.6365745767049993,0.6508977189262599,0.0
long_max_Tlast,B,0.9599310885968813,0.3055555555555556,930,-44.37583058048936,-0.0957867828169682,0.6172658640107161,0.6461602333253791,0.4685418620837065
long_max_Tlast,B,0.9599310885968813,0.3055555555555556,931,-44.111713411509164,0.23721754040145088,0.636577934880373,0.6509012533082449,0.0
long_max_Tlast,B,0.9599310885968813,0.3055555555555556,932,-44.357769125142106,-0.04186913127509273,0.6172338081328613,0.6461303691952544,0.46853380285898893
long_max_Tlast,B,0.9599310885968813,0.3055555555555556,933,-44.03453965628196,0.3931662013538989,0.6365912734589215,0.6509109340449273,0.0
long_max_Tlast,B,0.9599310885968813,0.3055555555555556,934,-44.42522550842409,-0.02859483787161693,0.6172169751253465,0.6461166377728366,0.46852464394832405
long_max_Tlast,B,0.9599310885968813,0.3055555555555556,935,-44.17897212640049,0.3490487653339923,0.6365677159537355,0.6508917470993845,0.0
long_max_Tlast,B,0.9599310885968813,0.3055555555555556,936,-44.588696000666005,-0.06086830164624524,0.6172339855037564,0.6461298462173422,0.46854139530776756
long_max_Tlast,B,0.9599310885968813,0.3055555555555556,937,-44.52700458177858,0.12101011849424503,0.6365343380093372,0.6508676151578595,0.0
long_max_Tlast,B,0.9599310885968813,0.3055555555555556,938,-44.82320600358327,-0.12680172176957044,0.6172269452165765,0.6461213585926449,0.46854634700721276
long_max_Tlast,B,0.9599310885968813,0.3055555555555556,939,-44.986143234639364,-0.20737715311633448,0.6365382158635225,0.6508712002893167,0.0
long_max_Tlast,B,0.9599310885968813,0.3055555555555556,940,-45.07782610132645,-0.20228090210160343,0.6171807878962151,0.6460855087197442,0.4685061706460305
long_max_Tlast,B,0.9599310885968813,0.3055555555555556,941,-45.42316523133421,-0.5157232850834916,0.6365426975072501,0.6508743645829486,0.0
long_max_Tlast,B,0.9599310885968813,0.3055555555555556,942,-45.29416005766728,-0.25964068497703563,0.617163307640668,0.6460727557587431,0.46849027480975847
long_max_Tlast,B,0.9599310885968813,0.3055555555555556,943,-45.71301082454727,-0.6910720440311289,0.6365056742828228,0.6508479789624783,0.0
long_max_Tlast,B,0.9599310885968813,0.3055555555555556,944,-45.427952371370466,-0.2778226690259295,0.6171723362030327,0.6460814521496726,0.46849274032977
long_max_Tlast,B,0.9599310885968813,0.3055555555555556,945,-45.78429156252298,-0.6691713958155141,0.6364721994091864,0.6508239571972667,0.0
long_max_Tlast,B,0.9599310885968813,0.3055555555555556,946,-45.46543496691969,-0.25024182635575454,0.6171459708895227,0.6460626073576445,0.4684618515472508
long_max_Tlast,B,0.9599310885968813,0.3055555555555556,947,-45.645884667899026,-0.4580394158550259,0.6364754325159024,0.6508271410381271,0.0
long_max_Tlast,B,0.9599310885968813,0.3055555555555556,948,-45.42763848834363,-0.186967116613576,0.6171014485908959,0.6460248125417541,0.4684359356903488
long_max_Tlast,B,0.9599310885968813,0.3055555555555556,949,-45.38381194099808,-0.13510243077357076,0.636470173392217,0.6508235531324555,0.0
long_max_Tlast,B,0.9599310885968813,0.3055555555555556,950,-45.3632967197197,-0.11115926689421607,0.6170893603331632,0.646014354460345,0.4684322037090177
long_max_Tlast,B,0.9599310885968813,0.3055555555555556,951,-45.128960150607014,0.18130783803875594,0.6364306869598803,0.6507927177656395,0.0
long_max_Tlast,B,0.9599310885968813,0.3055555555555556,952,-45.33133007211464,-0.05068020839855583,0.6170947880095865,0.6460188978484812,0.46843605504691666
long_max_Tlast,B,0.9599310885968813,0.3055555555555556,953,-45.009566378277654,0.3752442447885961,0.6364005053681872,0.6507701678940583,0.0
long_max_Tlast,B,0.9599310885968813,0.3055555555555556,954,-45.37833886214422,-0.027639983942589652,0.6170697480228978,0.6459939746128666,0.4684340107653472
long_max_Tlast,B,0.9599310885968813,0.3055555555555556,955,-45.104584394254076,0.3756160772676951,0.6364035572571668,0.6507728079064603,0.0
long_max_Tlast,B,0.9599310885968813,0.3055555555555556,956,-45.52193900534841,-0.05047123848327545,0.6170236002809208,0.645955142158807,0.46840580867048615
long_max_Tlast,B,0.9599310885968813,0.3055555555555556,957,-45.41417043511329,0.18234407264385588,0.6363926740643583,0.6507632478554861,0.0
long_max_Tlast,B,0.9599310885968813,0.3055555555555556,958,-45.74463340739935,-0.1108596021721136,0.6170109749757866,0.6459462917458715,0.46839300294904257
long_max_Tlast,B,0.9599310885968813,0.3055555555555556,959,-45.8597954386739,-0.13374398899976042,0.6363455447819227,0.6507284089512635,0.0
long_max_Tlast,B,0.9599310885968813,0.3055555555555556,960,-45.99979753046749,-0.18662077711995412,0.6170120007248067,0.6459462886389373,0.46839664564719796
long_max_Tlast,B,0.9599310885968813,0.3055555555555556,961,-46.3131336055242,-0.45683770231869747,0.636315822314836,0.6507076800316932,0.0
long_max_Tlast,B,0.9599310885968813,0.3055555555555556,962,-46.2290032687498,-0.2500239324410587,0.6169688809589634,0.6459130241599794,0.46835586896834525
long_max_Tlast,B,0.9599310885968813,0.3055555555555556,963,-46.643040007795136,-0.6685025336015055,0.636317704620347,0.6507093683971519,0.0
long_max_Tlast,B,0.9599310885968813,0.3055555555555556,964,-46.38318284007066,-0.2778563273805301,0.616919717361378,0.6458743514379434,0.46831509292557405
long_max_Tlast,B,0.9599310885968813,0.3055555555555556,965,-46.76381241298504,-0.6912147997849521,0.636295543474469,0.6506933323651883,0.0
long_max_Tlast,B,0.9599310885968813,0.3055555555555556,966,-46.44069612177908,-0.2598609256088187,0.616912593302899,0.6458681917912668,0.46831311528851083
long_max_Tlast,B,0.9599310885968813,0.3055555555555556,967,-46.6661240591725,-0.5166878809714162,0.6362467261277893,0.6506567182014403,0.0
long_max_Tlast,B,0.9599310885968813,0.3055555555555556,968,-46.415763362378954,-0.20270201055671774,0.6169047140222098,0.6458627761428114,0.46830234983973873
long_max_Tlast,B,0.9599310885968813,0.3055555555555556,969,-46.42059741444578,-0.20886430097525155,0.6362239483054649,0.6506394057515869,0.0
long_max_Tlast,B,0.9599310885968813,0.3055555555555556,970,-46.352476225140464,-0.12732433951646058,0.6168632211126771,0.6458257776177377,0.4682825377650309
long_max_Tlast,B,0.9599310885968813,0.3055555555555556,971,-46.15245672746173,0.11941511356012346,0.6362245097720383,0.6506399175179054,0.0
long_max_Tlast,B,0.9599310885968813,0.3055555555555556,972,-46.308744383969966,-0.06128834377554615,0.6168245099943203,0.6457908581239834,0.46826834033080633
long_max_Tlast,B,0.9599310885968813,0.3055555555555556,973,-45.994973336516225,0.34787021291546566,0.6361992520809149,0.6506192609251783,0.0
long_max_Tlast,B,0.9599310885968813,0.3055555555555556,974,-46.33581801220145,-0.02886207981183231,0.6168188149786009,0.6457867707463402,0.4682631864742709
long_max_Tlast,B,0.9599310885968813,0.3055555555555556,975,-46.04062177469612,0.3928220768468543,0.6361514238169725,0.650582632884682,0.0
long_max_Tlast,B,0.9599310885968813,0.3055555555555556,976,-46.45881876184859,-0.0419061511549739,0.6168104856557171,0.6457775247434292,0.46826497144869367
long_max_Tlast,B,0.9599310885968813,0.3055555555555556,977,-46.30774237063979,0.2377807694062095,0.63613103163849,0.6505685583228727,0.0
long_max_Tlast,B,0.9599310885968813,0.3055555555555556,978,-46.667513225685894,-0.09560393096312136,0.616761729580272,0.6457366969207197,0.4682315014436422
long_max_Tlast,B,0.9599310885968813,0.3055555555555556,979,-46.73347629814279,-0.060394332422298636,0.6361303735231734,0.6505677533338119,0.0
long_max_Tlast,B,0.9599310885968813,0.3055555555555556,980,-46.9204685899299,-0.17033318000437614,0.6167186882319788,0.6457042585448671,0.4681902503200934
long_max_Tlast,B,0.9599310885968813,0.3055555555555556,981,-47.19679843734902,-0.392426208157398,0.6360966032701884,0.6505424097971928,0.0
long_max_Tlast,B,0.9599310885968813,0.3055555555555556,982,-47.15993842498034,-0.23866696654420136,0.6167161040814201,0.6457024248121863,0.46818794514867684
long_max_Tlast,B,0.9599310885968813,0.3055555555555556,983,-47.56291737284758,-0.6366948536030455,0.6360475813768819,0.6505067611747934,0.0
long_max_Tlast,B,0.9599310885968813,0.3055555555555556,984,-47.333277398597566,-0.27557745027761504,0.6166971696318269,0.6456878582630895,0.46816844882706526
long_max_Tlast,B,0.9599310885968813,0.3055555555555556,985,-47.732563157538536,-0.703678400228819,0.6360344464807315,0.6504969701529854,0.0
long_max_Tlast,B,0.9599310885968813,0.3055555555555556,986,-47.41199938337579,-0.2675874231489245,0.6166452854509907,0.6456454115534211,0.46812901422334685
long_max_Tlast,B,0.9599310885968813,0.3055555555555556,987,-47.678746636855706,-0.5688599231693878,0.6360314038312599,0.6504945413376729,0.0
long_max_Tlast,B,0.9599310885968813,0.3055555555555556,988,-47.40199210460196,-0.21755748155494317,0.6166174618474877,0.6456197244807274,0.4681213028422553
long_max_Tlast,B,0.9599310885968813,0.3055555555555556,989,-47.45626209307558,-0.28168359240047625,0.6359952763241553,0.6504663859972268,0.0
long_max_Tlast,B,0.9599310885968813,0.3055555555555556,990,-47.3421015047904,-0.14385957734217447,0.6166183756456947,0.6456200334792088,0.46812385890695646
long_max_Tlast,B,0.9599310885968813,0.3055555555555556,991,-47.1813686852526,0.052648512246528945,0.6359544260498737,0.6504343692721907,0.0
long_max_Tlast,B,0.9599310885968813,0.3055555555555556,992,-47.28941231842361,-0.07353360797880809,0.6165999949882935,0.6456025461708523,0.46811749716419415
long_max_Tlast,B,0.9599310885968813,0.3055555555555556,993,-46.98988334617855,0.3116147287817758,0.6359464854008241,0.6504287191108437,0.0
long_max_Tlast,B,0.9599310885968813,0.3055555555555556,994,-47.297925208301926,-0.032273684526413327,0.6165546972335675,0.6455616597008255,0.4680979961753185
long_max_Tlast,B,0.9599310885968813,0.3055555555555556,995,-46.98708941869403,0.4003388564188947,0.6359423641218018,0.6504248562099741,0.0
long_max_Tlast,B,0.9599310885968813,0.3055555555555556,996,-47.39957149534828,-0.035240073666107485,0.6165276827425478,0.6455410910400282,0.46807310081385023
long_max_Tlast,B,0.9599310885968813,0.3055555555555556,997,-47.20881141162294,0.2863652201342489,0.6359038927943703,0.6503949190259344,0.0
long_max_Tlast,B,0.9599310885968813,0.3055555555555556,998,-47.59221259862609,-0.08135300377602939,0.6165291202296651,0.6455428429392266,0.46807132078475233
long_max_Tlast,B,0.9599310885968813,0.3055555555555556,999,-47.60877297258219,0.011434785503914247,0.6358644451299349,0.6503665988262447,0.0
long_max_Tlast,B,0.9599310885968813,0.3055555555555556,1000,-47.84015195968401,-0.15366716477613795,0.6165039699106261,0.6455217614391447,0.468052172366228
long_max_Tlast,B,0.9599310885968813,0.3055555555555556,1001,-48.07543123125851,-0.32369892019826213,0.6358617244644997,0.6503650876859364,0.0
long_max_Tlast,B,0.9599310885968813,0.3055555555555556,1002,-48.08755449100615,-0.22573744357540476,0.6164524383442699,0.6454817404889153,0.46800480099028263
long_max_Tlast,B,0.9599310885968813,0.3055555555555556,1003,-48.47281213541756,-0.5962189268289626,0.63585496510508,0.6503595577880654,0.0
long_max_Tlast,B,0.9599310885968813,0.3055555555555556,1004,-48.2786531360935,-0.2711279561851956,0.6164369558252392,0.6454685971463399,0.46799609605385073
long_max_Tlast,B,0.9599310885968813,0.3055555555555556,1005,-48.69036148734751,-0.7063274015477918,0.6358142375418877,0.6503289387430284,0.0
long_max_Tlast,B,0.9599310885968813,0.3055555555555556,1006,-48.37847269318245,-0.27319176922592164,0.6164422577755223,0.6454720171108917,0.4680026689116778
long_max_Tlast,B,0.9599310885968813,0.3055555555555556,1007,-48.6831893147195,-0.6136800154815527,0.6357857042939419,0.6503066565947925,0.0
long_max_Tlast,B,0.9599310885968813,0.3055555555555556,1008,-48.38559573379959,-0.23123891206819183,0.6164154060676879,0.6454489506804987,0.46798442813917024
long_max_Tlast,B,0.9599310885968813,0.3055555555555556,1009,-48.48897212392933,-0.3522253482322122,0.6357900965377937,0.6503094002520539,0.0
long_max_Tlast,B,0.9599310885968813,0.3055555555555556,1010,-48.33212714977742,-0.16058237668930392,0.6163789351541246,0.6454147769651034,0.4679736820877465
long_max_Tlast,B,0.9599310885968813,0.3055555555555556,1011,-48.21405379325931,-0.017794268021160242,0.6357822227903047,0.6503025738531302,0.0
long_max_Tlast,B,0.9599310885968813,0.3055555555555556,1012,-48.27264000211604,-0.08710845647715199,0.6163729448121351,0.6454089646974422,0.46797342707710843
long_max_Tlast,B,0.9599310885968813,0.3055555555555556,1013,-47.993923916641265,0.2671150663267678,0.6357456741389005,0.6502733616709216,0.0
long_max_Tlast,B,0.9599310885968813,0.3055555555555556,1014,-48.264170554526814,-0.03779645109714763,0.6163776219056349,0.6454130504089998,0.46797425568602335
long_max_Tlast,B,0.9599310885968813,0.3055555555555556,1015,-47.94415111027111,0.3981177922494008,0.6357234570075042,0.6502570986326671,0.0
long_max_Tlast,B,0.9599310885968813,0.3055555555555556,1016,-48.34460636567517,-0.0306489162042497,0.6163513511246013,0.6453892125435043,0.4679612601361255
long_max_Tlast,B,0.9599310885968813,0.3055555555555556,1017,-48.118116839563434,0.3272122776190038,0.6357307024522593,0.6502631721415205,0.0
long_max_Tlast,B,0.9599310885968813,0.3055555555555556,1018,-48.51938165362671,-0.06829634076884095,0.6163124252608682,0.6453591076420785,0.46792503544758424
long_max_Tlast,B,0.9599310885968813,0.3055555555555556,1019,-48.48697724579227,0.08042909187955544,0.6357211123863453,0.6502551305572923,0.0
long_max_Tlast,B,0.9599310885968813,0.3055555555555556,1020,-48.75954514390445,-0.13697249642142173,0.6163105960535283,0.6453597132563903,0.4679156794952637
long_max_Tlast,B,0.9599310885968813,0.3055555555555556,1021,-48.95051367954204,-0.25183396143820946,0.6356838724721795,0.6502276253240583,0.0
long_max_Tlast,B,0.9599310885968813,0.3055555555555556,1022,-49.01203858561297,-0.21146239859085694,0.6163174979023703,0.6453645783713463,0.46792198920001044
long_max_Tlast,B,0.9599310885968813,0.3055555555555556,1023,-49.37385092910763,-0.5478549195287598,0.6356710022101136,0.6502182692942313,0.0
long_max_Tlast,B,0.9599310885968813,0.3055555555555556,1024,-49.21938920426874,-0.26451733715742076,0.6162869989325165,0.6453400040477373,0.4678953807997269
long_max_Tlast,B,0.9599310885968813,0.3055555555555556,1025,-49.63687101365034,-0.6991484109673222,0.63568484910071,0.6502278047921091,0.0
long_max_Tlast,B,0.9599310885968813,0.3055555555555556,1026,-49.340481383681066,-0.2766902804642405,0.6162622703162519,0.645317761398111,0.467884509114048
long_max_Tlast,B,0.9599310885968813,0.3055555555555556,1027,-49.67832699772838,-0.6503225626932614,0.6356739686821083,0.6502188701449472,0.0
long_max_Tlast,B,0.9599310885968813,0.3055555555555556,1028,-49.36586278286552,-0.2434756837680852,0.6162757585975297,0.6453263640374023,0.4679040631079651
long_max_Tlast,B,0.9599310885968813,0.3055555555555556,1029,-49.51785572580009,-0.4192690984430981,0.6356447255189304,0.6501953752091453,0.0
long_max_Tlast,B,0.9599310885968813,0.3055555555555556,1030,-49.32147299413074,-0.17711103269460055,0.616282291308233,0.6453313133560512,0.4679082213843794
long_max_Tlast,B,0.9599310885968813,0.3055555555555556,1031,-49.24912601039691,-0.09061880085502921,0.6356429990471948,0.6501933669785569,0.0
long_max_Tlast,B,0.9599310885968813,0.3055555555555556,1032,-49.25839083280143,-0.10187951474857415,0.6162586551327052,0.6453088086692026,0.46790063551453864
long_max_Tlast,B,0.9599310885968813,0.3055555555555556,1033,-49.00580922727865,0.21519297002914972,0.6356584077750457,0.6502051212579186,0.0
long_max_Tlast,B,0.9599310885968813,0.3055555555555556,1034,-49.23451909039286,-0.04530493968295121,0.6162412396499882,0.645293964850528,0.4678897744207998
long_max_Tlast,B,0.9599310885968813,0.3055555555555556,1035,-48.91193758531956,0.3861546411939677,0.635647522811432,0.6501958134739314,0.0
long_max_Tlast,B,0.9599310885968813,0.3055555555555556,1036,-49.29382776690252,-0.028178570311163165,0.6162541335047731,0.6453073948217253,0.46788765212126165
long_max_Tlast,B,0.9599310885968813,0.3055555555555556,1037,-49.0367032535018,0.3596431825623928,0.6356215475652928,0.6501764280443966,0.0
long_max_Tlast,B,0.9599310885968813,0.3055555555555556,1038,-49.44951932702641,-0.056734142001579724,0.6162604966724156,0.6453121901022048,0.46789156031695
long_max_Tlast,B,0.9599310885968813,0.3055555555555556,1039,-49.36948448835065,0.14534393090338915,0.6356259300491487,0.6501809151728389,0.0
long_max_Tlast,B,0.9599310885968813,0.3055555555555556,1040,-49.67939696777289,-0.12049732551569844,0.6162335068877891,0.6452908359085725,0.4678666314176723
long_max_Tlast,B,0.9599310885968813,0.3055555555555556,1041,-49.8233438439821,-0.17819361041784554,0.6356449722292555,0.6501946260743934,0.0
long_max_Tlast,B,0.9599310885968813,0.3055555555555556,1042,-49.93425264373363,-0.19614595270285906,0.6162231353001364,0.6452837582167487,0.46785326938246935
long_max_Tlast,B,0.9599310885968813,0.3055555555555556,1043,-50.26695519822117,-0.492442406963065,0.6356330030540907,0.6501851134460387,0.0
long_max_Tlast,B,0.9599310885968813,0.3055555555555556,1044,-50.15564379182554,-0.25591129944793745,0.6162496964213307,0.6453036761166907,0.4678795081571928
long_max_Tlast,B,0.9599310885968813,0.3055555555555556,1045,-50.572709795583364,-0.6822992417136289,0.6356151539254988,0.6501712453276617,0.0
long_max_Tlast,B,0.9599310885968813,0.3055555555555556,1046,-50.29754602619329,-0.277924187784943,0.6162562269459257,0.6453081455134624,0.4678853821425858
long_max_Tlast,B,0.9599310885968813,0.3055555555555556,1047,-50.66347807578846,-0.678169522672404,0.6356322174841937,0.6501828822716305,0.0
long_max_Tlast,B,0.9599310885968813,0.3055555555555556,1048,-50.34287591300402,-0.2541369500829411,0.6162376774482683,0.6452907659832439,0.46787841622663084
long_max_Tlast,B,0.9599310885968813,0.3055555555555556,1049,-50.54115718759851,-0.48157792881161543,0.6356525333275147,0.6501976115056761,0.0
long_max_Tlast,B,0.9599310885968813,0.3055555555555556,1050,-50.309784769286026,-0.19319774766844472,0.6162438807321928,0.6452931776989785,0.46789339281882364
long_max_Tlast,B,0.9599310885968813,0.3055555555555556,1051,-50.28549064070144,-0.16455353784250298,0.6356421502523381,0.6501887054167385,0.0
long_max_Tlast,B,0.9599310885968813,0.3055555555555556,1052,-50.24561545241497,-0.11748447037523638,0.6162704950645395,0.6453164375578148,0.4679064436499454
long_max_Tlast,B,0.9599310885968813,0.3055555555555556,1053,-50.024882921202106,0.156789595731188,0.6356325338136746,0.6501808304442195,0.0
long_max_Tlast,B,0.9599310885968813,0.3055555555555556,1054,-50.20888197543764,-0.05474151178459033,0.6162752784968569,0.6453201431658788,0.4679083240461317
long_max_Tlast,B,0.9599310885968813,0.3055555555555556,1055,-49.889956181014256,0.3646957122737838,0.6356535542179047,0.6501977339832559,0.0
long_max_Tlast,B,0.9599310885968813,0.3055555555555556,1056,-50.24773778801184,-0.02789684066023873,0.6162586540272766,0.6453062833250526,0.46789560468943003
long_max_Tlast,B,0.9599310885968813,0.3055555555555556,1057,-49.96519627113514,0.3830026887892255,0.6356736005655949,0.6502126649058633,0.0
long_max_Tlast,B,0.9599310885968813,0.3055555555555556,1058,-50.38304489067529,-0.04683809470711536,0.6162654762670496,0.6453152857886936,0.46788729751212027
long_max_Tlast,B,0.9599310885968813,0.3055555555555556,1059,-50.25783909927618,0.2050195260721231,0.6356632535172282,0.6502044856480126,0.0
long_max_Tlast,B,0.9599310885968813,0.3055555555555556,1060,-50.60027849340464,-0.10461124000846556,0.6162974198556292,0.6453417772483011,0.4679085711294
long_max_Tlast,B,0.9599310885968813,0.3055555555555556,1061,-50.69565620749144,-0.10408876626020125,0.6356596965097675,0.65020251033591,0.0
long_max_Tlast,B,0.9599310885968813,0.3055555555555556,1062,-50.85473692404685,-0.18002102078694754,0.6163022995464725,0.6453448856061987,0.46791350585884045
long_max_Tlast,B,0.9599310885968813,0.3055555555555556,1063,-51.15324062316786,-0.4310540458329257,0.6356901824209081,0.6502247554546503,0.0
long_max_Tlast,B,0.9599310885968813,0.3055555555555556,1064,-51.088158696769305,-0.24548412836321276,0.6162910773237964,0.6453356785932918,0.46790428732015665
long_max_Tlast,B,0.9599310885968813,0.3055555555555556,1065,-51.49796046987041,-0.656069142379328,0.635711135447703,0.6502394979296445,0.0
long_max_Tlast,B,0.9599310885968813,0.3055555555555556,1066,-51.24988349763184,-0.27696827740100183,0.6163163125350423,0.6453538017507308,0.46793298011386336
long_max_Tlast,B,0.9599310885968813,0.3055555555555556,1067,-51.63846964103161,-0.6967189061100489,0.6357030997870368,0.6502327765906114,0.0
long_max_Tlast,B,0.9599310885968813,0.3055555555555556,1068,-51.315754899678,-0.2629405324044969,0.616351933789618,0.6453821972762838,0.4679612191001106
long_max_Tlast,B,0.9599310885968813,0.3055555555555556,1069,-51.558062442318445,-0.5380701495698796,0.635710868283037,0.6502375252880304,0.0
long_max_Tlast,B,0.9599310885968813,0.3055555555555556,1070,-51.2966919879134,-0.20858357140535994,0.6163549353905121,0.6453844042704813,0.46796237442983835
long_max_Tlast,B,0.9599310885968813,0.3055555555555556,1071,-51.32129088729582,-0.23823692042665517,0.6357449641810287,0.6502633171657465,0.0
long_max_Tlast,B,0.9599310885968813,0.3055555555555556,1072,-51.23435112631405,-0.133743850796158,0.6163524257400781,0.6453807854449275,0.4679660122632845
long_max_Tlast,B,0.9599310885968813,0.3055555555555556,1073,-51.050002444872206,0.09291695150228252,0.6357627405028825,0.6502767708559394,0.0
long_max_Tlast,B,0.9599310885968813,0.3055555555555556,1074,-51.186643827021065,-0.06586230618593533,0.6163776352903141,0.645404161704951,0.467974070733329
long_max_Tlast,B,0.9599310885968813,0.3055555555555556,1075,-50.87831505107651,0.33409392297081136,0.6357566838490936,0.6502717749697706,0.0
long_max_Tlast,B,0.9599310885968813,0.3055555555555556,1076,-51.206230360698186,-0.029846937537300944,0.6164089551102647,0.6454320688137138,0.4679871190383962
long_max_Tlast,B,0.9599310885968813,0.3055555555555556,1077,-50.90412251538437,0.3969024442443249,0.635768696238068,0.650281945449323,0.0
long_max_Tlast,B,0.9599310885968813,0.3055555555555556,1078,-51.320689903360346,-0.03883395593868719,0.6164114810728921,0.6454335984570031,0.46798950603231476
long_max_Tlast,B,0.9599310885968813,0.3055555555555556,1079,-51.15311606083783,0.2583117129927847,0.6358057685568133,0.6503101715009268,0.0
long_max_Tlast,B,0.9599310885968813,0.3055555555555556,1080,-51.52303352835284,-0.08956375848809581,0.6164102677798087,0.6454344651788282,0.4679811890943989
long_max_Tlast,B,0.9599310885968813,0.3055555555555556,1081,-51.568976333894625,-0.030880330520820953,0.6358231316269983,0.6503223082888684,0.0
long_max_Tlast,B,0.9599310885968813,0.3055555555555556,1082,-51.77418091527442,-0.16345652738496258,0.616446491770443,0.6454639965516998,0.4680086289279256
long_max_Tlast,B,0.9599310885968813,0.3055555555555556,1083,-52.03426950373867,-0.3647558023658832,0.6358192400698011,0.6503193347068967,0.0
long_max_Tlast,B,0.9599310885968813,0.3055555555555556,1084,-52.017081019600184,-0.23339841606989514,0.6164831164492556,0.6454919877837595,0.4680424064785672
long_max_Tlast,B,0.9599310885968813,0.3055555555555556,1085,-52.413441341281995,-0.6209789598639774,0.6358415948017975,0.6503354382634321,0.0
long_max_Tlast,B,0.9599310885968813,0.3055555555555556,1086,-52.19775188691496,-0.2738095831275355,0.6164845472369151,0.6454928486498962,0.4680434507193528
long_max_Tlast,B,0.9599310885968813,0.3055555555555556,1087,-52.60258711426545,-0.7056322572619249,0.6358821890422676,0.65036510641411,0.0
long_max_Tlast,B,0.9599310885968813,0.3055555555555556,1088,-52.284787962956855,-0.26985006770553965,0.6164956033350573,0.6455000751792512,0.4680589101595778
long_max_Tlast,B,0.9599310885968813,0.3055555555555556,1089,-52.567475117603706,-0.5877121232744993,0.6358954813651493,0.6503750571764773,0.0
long_max_Tlast,B,0.9599310885968813,0.3055555555555556,1090,-52.28129322216892,-0.22294304583958305,0.616536094206199,0.6455334785671228,0.4680880273225369
long_max_Tlast,B,0.9599310885968813,0.3055555555555556,1091,-52.35571548687229,-0.3103914291319387,0.6358954441026018,0.6503745730215994,0.0
long_max_Tlast,B,0.9599310885968813,0.3055555555555556,1092,-52.2237669457887,-0.15033499154924754,0.6165632118202177,0.6455581456106708,0.4680972715570679
long_max_Tlast,B,0.9599310885968813,0.3055555555555556,1093,-52.07983269064368,0.024740459021855288,0.6359217538987937,0.6503950079617111,0.0
long_max_Tlast,B,0.9599310885968813,0.3055555555555556,1094,-52.16803169558217,-0.07858020289561407,0.6165638327521737,0.6455585108108828,0.468097479237641
long_max_Tlast,B,0.9599310885968813,0.3055555555555556,1095,-51.87613075505433,0.2948646185937007,0.6359589257420304,0.6504239888813094,0.0
long_max_Tlast,B,0.9599310885968813,0.3055555555555556,1096,-52.169376990337206,-0.03395827238095134,0.6165749141062042,0.6455697708440341,0.4680976781899483
long_max_Tlast,B,0.9599310885968813,0.3055555555555556,1097,-51.854110130456775,0.4010238510849786,0.6359697331111724,0.6504317476250976,0.0
long_max_Tlast,B,0.9599310885968813,0.3055555555555556,1098,-52.2625348776694,-0.032873755395044585,0.6166144897727058,0.6456049102588839,0.4681163712778719
long_max_Tlast,B,0.9599310885968813,0.3055555555555556,1099,-52.056704065077106,0.3042952613678012,0.6359715022314639,0.6504335310316581,0.0
long_max_Tlast,B,0.9599310885968813,0.3055555555555556,1100,-52.448289972452855,-0.07567863005258169,0.6166435202398403,0.6456273319973934,0.4681422026240427
long_max_Tlast,B,0.9599310885968813,0.3055555555555556,1101,-52.444784612329414,0.04008257619912026,0.6360033108287154,0.6504577524962611,0.0
long_max_Tlast,B,0.9599310885968813,0.3055555555555556,1102,-52.69347448387655,-0.14670191015898226,0.6166438387085501,0.6456274213669891,0.46814286075953015
long_max_Tlast,B,0.9599310885968813,0.3055555555555556,1103,-52.9111658659809,-0.2947774494516712,0.6360420774405849,0.6504857643453195,0.0
long_max_Tlast,B,0.9599310885968813,0.3055555555555556,1104,-52.943231991593365,-0.2199425847138412,0.6166646705242642,0.6456439872612205,0.46816096101398236
long_max_Tlast,B,0.9599310885968813,0.3055555555555556,1105,-53.31994272067039,-0.5776044635941303,0.6360495522620417,0.6504910784030828,0.0
long_max_Tlast,B,0.9599310885968813,0.3055555555555556,1106,-53.141017849791595,-0.2685153693797256,0.6167121523779273,0.6456810366636375,0.4682033607264975
long_max_Tlast,B,0.9599310885968813,0.3055555555555556,1107,-53.556197649376955,-0.7047670273003568,0.6360558317295094,0.6504955782309125,0.0
long_max_Tlast,B,0.9599310885968813,0.3055555555555556,1108,-53.24948961577485,-0.2746629267540166,0.6167327714969677,0.6456988298792486,0.46821426357298024
long_max_Tlast,B,0.9599310885968813,0.3055555555555556,1109,-53.56828340352265,-0.6296198753307749,0.6360919687112859,0.6505224988385261,0.0
long_max_Tlast,B,0.9599310885968813,0.3055555555555556,1110,-53.26373834629206,-0.23612515504159076,0.6167326311103236,0.6456988258871201,0.4682138041608587
long_max_Tlast,B,0.9599310885968813,0.3055555555555556,1111,-53.38695155246927,-0.37970327756854766,0.6361238526070113,0.6505473120803227,0.0
long_max_Tlast,B,0.9599310885968813,0.3055555555555556,1112,-53.21335792726161,-0.166970794055329,0.6167559539026712,0.6457188739889566,0.4682283437781307
long_max_Tlast,B,0.9599310885968813,0.3055555555555556,1113,-53.11352103404672,-0.04657850076295095,0.6361271366596141,0.650550032681182,0.0
long_max_Tlast,B,0.9599310885968813,0.3055555555555556,1114,-53.152074103602054,-0.09259907585819882,0.6167935702037175,0.6457535117194003,0.4682412197547611
long_max_Tlast,B,0.9599310885968813,0.3055555555555556,1115,-52.88296961111451,0.2477080712520019,0.6361352963518248,0.6505567415341189,0.0
long_max_Tlast,B,0.9599310885968813,0.3055555555555556,1116,-53.13729630666509,-0.04024544368878344,0.616809173943638,0.6457667532525114,0.4682504128907454
long_max_Tlast,B,0.9599310885968813,0.3055555555555556,1117,-52.814967011417444,0.3952816679174651,0.636170780069816,0.6505846063947496,0.0
long_max_Tlast,B,0.9599310885968813,0.3055555555555556,1118,-53.209197242773925,-0.029058244678651812,0.6168091386283814,0.6457668674624154,0.4682505001067353
long_max_Tlast,B,0.9599310885968813,0.3055555555555556,1119,-52.969479055169344,0.3420697372260171,0.6361999502844119,0.6506060275626576,0.0
long_max_Tlast,B,0.9599310885968813,0.3055555555555556,1120,-53.37655235540394,-0.06319232773665551,0.6168350273756307,0.6457896931775161,0.4682644448924758
long_max_Tlast,B,0.9599310885968813,0.3055555555555556,1121,-53.32475235527321,0.1075613600539439,0.6362010891480467,0.6506065233065349,0.0
long_max_Tlast,B,0.9599310885968813,0.3055555555555556,1122,-53.61307511429402,-0.13011272344889735,0.6168782528896208,0.6458232814803447,0.4683035519492205
long_max_Tlast,B,0.9599310885968813,0.3055555555555556,1123,-53.7855999316753,-0.22235421743576383,0.6362126539055275,0.6506155021818575,0.0
long_max_Tlast,B,0.9599310885968813,0.3055555555555556,1124,-53.86705876161322,-0.2052931653548189,0.6168900474678004,0.6458318762678813,0.46831623253942567
long_max_Tlast,B,0.9599310885968813,0.3055555555555556,1125,-54.21815350318086,-0.5267547258880518,0.6362514446094917,0.6506438925282094,0.0
long_max_Tlast,B,0.9599310885968813,0.3055555555555556,1126,-54.08038663286745,-0.2612205630224042,0.6168902635240028,0.6458323309885586,0.4683162487056991
long_max_Tlast,B,0.9599310885968813,0.3055555555555556,1127,-54.49898506749231,-0.6940875334299652,0.6362737178260478,0.6506606303138145,0.0
long_max_Tlast,B,0.9599310885968813,0.3055555555555556,1128,-54.209759542961336,-0.2773493647246915,0.6169219673472763,0.6458576634923384,0.4683433423426457
long_max_Tlast,B,0.9599310885968813,0.3055555555555556,1129,-54.56011472103143,-0.6630445253291005,0.6362704160446135,0.650658731216975,0.0
long_max_Tlast,B,0.9599310885968813,0.3055555555555556,1130,-54.242948282824386,-0.24779410567912216,0.6169539531461185,0.6458862170855496,0.46835777702985165
long_max_Tlast,B,0.9599310885968813,0.3055555555555556,1131,-54.413933331349526,-0.4449575694355973,0.6362843113993827,0.6506695327021874,0.0
long_max_Tlast,B,0.9599310885968813,0.3055555555555556,1132,-54.20280990120054,-0.18340955364503417,0.6169549510597252,0.6458889062712604,0.46835119352100685
long_max_Tlast,B,0.9599310885968813,0.3055555555555556,1133,-54.1491688173906,-0.11974793392804706,0.6363180354509246,0.650696147976892,0.0
long_max_Tlast,B,0.9599310885968813,0.3055555555555556,1134,-54.13875575473824,-0.10772667907443115,0.616955541507819,0.6458898038780481,0.4683513785472765
long_max_Tlast,B,0.9599310885968813,0.3055555555555556,1135,-53.89792689301614,0.19340356584834845,0.6363326407394514,0.6507076120972325,0.0
long_max_Tlast,B,0.9599310885968813,0.3055555555555556,1136,-54.10939976825044,-0.04852069411093657,0.6169826202476163,0.645914946536988,0.46836104492952585
long_max_Tlast,B,0.9599310885968813,0.3055555555555556,1137,-53.78704177173503,0.3797596678517213,0.6363278957616666,0.6507039821825614,0.0
long_max_Tlast,B,0.9599310885968813,0.3055555555555556,1138,-54.160643936862186,-0.027504101823915494,0.6170116758482466,0.6459388993043265,0.4683819228810869
long_max_Tlast,B,0.9599310885968813,0.3055555555555556,1139,-53.892192078756054,0.37098911434863,0.6363428723972832,0.6507160505411252,0.0
long_max_Tlast,B,0.9599310885968813,0.3055555555555556,1140,-54.308520067025114,-0.052332585010473304,0.6170123272943472,0.6459375123558024,0.46839035124634004
long_max_Tlast,B,0.9599310885968813,0.3055555555555556,1141,-54.20997105074335,0.1702993912616182,0.636376256026908,0.6507406567198668,0.0
long_max_Tlast,B,0.9599310885968813,0.3055555555555556,1142,-54.53383654859295,-0.11395243514514028,0.6170135301101882,0.6459389884741513,0.4683909362974285
long_max_Tlast,B,0.9599310885968813,0.3055555555555556,1143,-54.65888762279529,-0.14875168572455089,0.6363856573682254,0.6507469460457054,0.0
long_max_Tlast,B,0.9599310885968813,0.3055555555555556,1144,-54.789054352400825,-0.18977274760906196,0.6170464347124889,0.6459648023240652,0.4684208117992993
long_max_Tlast,B,0.9599310885968813,0.3055555555555556,1145,-55.10939702785471,-0.46928102071345834,0.6363778637632701,0.6507416424671052,0.0
long_max_Tlast,B,0.9599310885968813,0.3055555555555556,1146,-55.01568837638116,-0.2519891726778384,0.6170690106663309,0.6459827905718081,0.46843947148702114
long_max_Tlast,B,0.9599310885968813,0.3055555555555556,1147,-55.43132085722781,-0.6738077277286354,0.6363951949069948,0.6507547575043284,0.0
long_max_Tlast,B,0.9599310885968813,0.3055555555555556,1148,-55.165727906150835,-0.27784901049036803,0.6170582803316123,0.6459757685594101,0.46842524025123883
long_max_Tlast,B,0.9599310885968813,0.3055555555555556,1149,-55.541775312093044,-0.6873588548470769,0.6364222591543885,0.650775579035769,0.0
long_max_Tlast,B,0.9599310885968813,0.3055555555555556,1150,-55.218976694495765,-0.25783247004042403,0.6170602845971344,0.6459778880661129,0.46842661039963907
long_max_Tlast,B,0.9599310885968813,0.3055555555555556,1151,-55.435374601575106,-0.5049893941824487,0.6364211848206525,0.6507758346878805,0.0
long_max_Tlast,B,0.9599310885968813,0.3055555555555556,1152,-55.19099828617618,-0.19927472848860026,0.617085672495779,0.6460011603851417,0.46843672852372165
long_max_Tlast,B,0.9599310885968813,0.3055555555555556,1153,-55.1858779660317,-0.19350565882065712,0.6364120983122671,0.6507694321128548,0.0
long_max_Tlast,B,0.9599310885968813,0.3055555555555556,1154,-55.12725431357472,-0.12368565073942767,0.6170956716157932,0.6460116273825321,0.46843520310439324
long_max_Tlast,B,0.9599310885968813,0.3055555555555556,1155,-54.91973073267725,0.1329407919119795,0.6364282327770582,0.6507825607306821,0.0
long_max_Tlast,B,0.9599310885968813,0.3055555555555556,1156,-55.085862378159376,-0.058711364147132405,0.6170843123078087,0.646001185112554,0.46843224786530724
long_max_Tlast,B,0.9599310885968813,0.3055555555555556,1157,-54.76967329153618,0.3546952624727214,0.6364496418631336,0.650798978653199,0.0
long_max_Tlast,B,0.9599310885968813,0.3055555555555556,1158,-55.11694613299562,-0.028175634424524254,0.6170866269865902,0.6460038161824813,0.4684330358630835
long_max_Tlast,B,0.9599310885968813,0.3055555555555556,1159,-54.825575731030085,0.390513826326476,0.6364445395141027,0.6507943102839165,0.0
long_max_Tlast,B,0.9599310885968813,0.3055555555555556,1160,-55.24430414985248,-0.043306719070872884,0.6171127727545309,0.6460250996954103,0.46845370961374305
long_max_Tlast,B,0.9599310885968813,0.3055555555555556,1161,-55.10187936330581,0.2272449462368482,0.6364346126984582,0.6507872119854521,0.0
long_max_Tlast,B,0.9599310885968813,0.3055555555555556,1162,-55.4562024045827,-0.09851520478344836,0.617121499548698,0.6460296832218139,0.4684702369013156
long_max_Tlast,B,0.9599310885968813,0.3055555555555556,1163,-55.5323997310239,-0.07529157467127595,0.6364518495807129,0.6508002249855944,0.0
long_max_Tlast,B,0.9599310885968813,0.3055555555555556,1164,-55.70996045766444,-0.1735992247871098,0.6171036616643438,0.6460154105420105,0.46845691205422324
long_max_Tlast,B,0.9599310885968813,0.3055555555555556,1165,-55.994392201216925,-0.40619502945449765,0.6364679065214929,0.6508117340483798,0.0
long_max_Tlast,B,0.9599310885968813,0.3055555555555556,1166,-55.94754541615955,-0.2410489604338117,0.6171071448477363,0.6460186604912738,0.46845976755769303
long_max_Tlast,B,0.9599310885968813,0.3055555555555556,1167,-56.353589470769734,-0.6442250796096656,0.6364533972872495,0.6508016609253912,0.0
long_max_Tlast,B,0.9599310885968813,0.3055555555555556,1168,-56.11690380761597,-0.27611302356977147,0.6171278622048234,0.646036122134922,0.46847378961463054
long_max_Tlast,B,0.9599310885968813,0.3055555555555556,1169,-56.513230207929226,-0.7021513696239863,0.6364423620975845,0.6507941642594798,0.0
long_max_Tlast,B,0.9599310885968813,0.3055555555555556,1170,-56.19114291912196,-0.2659936399278879,0.6171198185550596,0.6460321961821536,0.46845746250987524
long_max_Tlast,B,0.9599310885968813,0.3055555555555556,1171,-56.449796460555056,-0.5587240060347327,0.6364572106426162,0.6508060146858163,0.0
long_max_Tlast,B,0.9599310885968813,0.3055555555555556,1172,-56.177886250901565,-0.21437720346343103,0.6170985492056902,0.6460152561229087,0.4684412333321728
long_max_Tlast,B,0.9599310885968813,0.3055555555555556,1173,-56.22174577139728,-0.26653429663369643,0.6364633228343314,0.6508115524145218,0.0
long_max_Tlast,B,0.9599310885968813,0.3055555555555556,1174,-56.11688773392975,-0.14015174906954297,0.6171017762798877,0.6460187129729318,0.46844231896758537
long_max_Tlast,B,0.9599310885968813,0.3055555555555556,1175,-55.947533532755244,0.06734744484936672,0.6364446191190528,0.6507973570244825,0.0
long_max_Tlast,B,0.9599310885968813,0.3055555555555556,1176,-56.06576396348597,-0.07057897870332264,0.6171155462685519,0.6460314520831971,0.4684472017225056
long_max_Tlast,B,0.9599310885968813,0.3055555555555556,1177,-55.7625153910104,0.3205681907196204,0.6364345945435795,0.6507900772770921,0.0
long_max_Tlast,B,0.9599310885968813,0.3055555555555556,1178,-56.078173998239436,-0.031122331180109097,0.6171069535846287,0.6460220025557327,0.46845039669813904
long_max_Tlast,B,0.9599310885968813,0.3055555555555556,1179,-55.7696675223467,0.4003041061139978,0.6364479958566883,0.6508004434707885,0.0
long_max_Tlast,B,0.9599310885968813,0.3055555555555556,1180,-56.1844207687532,-0.03622687236333064,0.6170861342902565,0.6460037577851325,0.4684412488787538
long_max_Tlast,B,0.9599310885968813,0.3055555555555556,1181,-56.00137329422506,0.2773626665219652,0.6364497866289502,0.6508007177631984,0.0
long_max_Tlast,B,0.9599310885968813,0.3055555555555556,1182,-56.38068139601083,-0.08406730326678721,0.6170902359872338,0.6460074854511709,0.46844446037513227
long_max_Tlast,B,0.9599310885968813,0.3055555555555556,1183,-56.407639458120755,-0.0032037060321333244,0.6364259942809612,0.6507829038924656,0.0
long_max_Tlast,B,0.9599310885968813,0.3055555555555556,1184,-56.63004044452823,-0.15707552518283913,0.6171024251700533,0.646015942047326,0.4684595754067652
long_max_Tlast,B,0.9599310885968813,0.3055555555555556,1185,-56.87457548752781,-0.3385974963351807,0.6364155974533148,0.6507759234423208,0.0
long_max_Tlast,B,0.9599310885968813,0.3055555555555556,1186,-56.87614686702115,-0.22851222030443705,0.6170811686429065,0.6459994111815189,0.46844055194898604
long_max_Tlast,B,0.9599310885968813,0.3055555555555556,1187,-57.26606225514475,-0.6058776749490054,0.6364265688441461,0.6507842272162283,0.0
long_max_Tlast,B,0.9599310885968813,0.3055555555555556,1188,-57.06376473667073,-0.27222120832697905,0.6170551447140693,0.6459796698343903,0.4684167166018007
long_max_Tlast,B,0.9599310885968813,0.3055555555555556,1189,-57.473757040809375,-0.7071133581023998,0.6364176424654857,0.6507783171044075,0.0
long_max_Tlast,B,0.9599310885968813,0.3055555555555556,1190,-57.159038661656055,-0.2721411720017472,0.6170587975744585,0.6459832167809287,0.46841869064146147
long_max_Tlast,B,0.9599310885968813,0.3055555555555556,1191,-57.45649357994842,-0.6052284229958304,0.636389215644761,0.6507576979781258,0.0
long_max_Tlast,B,0.9599310885968813,0.3055555555555556,1192,-57.16226603361897,-0.22834634760753117,0.6170586753479284,0.645985257775665,0.4684101595576138
long_max_Tlast,B,0.9599310885968813,0.3055555555555556,1193,-57.2554580102427,-0.33754477738215866,0.6363806245306166,0.6507515543158376,0.0
long_max_Tlast,B,0.9599310885968813,0.3055555555555556,1194,-57.1072473735726,-0.15689305344286247,0.6170329470910498,0.6459637269797006,0.4683931223459731
long_max_Tlast,B,0.9599310885968813,0.3055555555555556,1195,-56.97951240328681,-0.002187046623036093,0.6363873740048108,0.6507571600010951,0.0
long_max_Tlast,B,0.9599310885968813,0.3055555555555556,1196,-57.048919100678106,-0.08391779418828882,0.6170119771075956,0.6459449216448926,0.46838569058638757
long_max_Tlast,B,0.9599310885968813,0.3055555555555556,1197,-56.764816023577815,0.2779490331278383,0.6363738476506099,0.6507462644399449,0.0
long_max_Tlast,B,0.9599310885968813,0.3055555555555556,1198,-57.04382462757507,-0.03621378328776931,0.6170152754845468,0.6459480960118541,0.46838743399961047
long_max_Tlast,B,0.9599310885968813,0.3055555555555556,1199,-56.72486254693339,0.4002260482048442,0.6363454304002174,0.6507243519856442,0.0
long_max_Tlast,B,0.9599310885968813,0.3055555555555556,1200,-57.12889554642171,-0.03125583210224786,0.6170149723617285,0.6459456997996373,0.46839525823802586
long_max_Tlast,B,0.9599310885968813,0.3055555555555556,1201,-56.90934905231064,0.31981469824039566,0.6363376667349545,0.6507190807874811,0.0
long_max_Tlast,B,0.9599310885968813,0.3055555555555556,1202,-57.307818911586104,-0.0708279417686134,0.6169860092784438,0.6459202517992021,0.46838084963111243
long_max_Tlast,B,0.9599310885968813,0.3055555555555556,1203,-57.28571660764089,0.0662095079609113,0.6363422616880641,0.6507220486059097,0.0
long_max_Tlast,B,0.9599310885968813,0.3055555555555556,1204,-57.55005686018526,-0.14047144469502043,0.6169617038374982,0.6459016833193493,0.46835917983470476
long_max_Tlast,B,0.9599310885968813,0.3055555555555556,1205,-57.75101608713772,-0.2676369003828897,0.6363211955426745,0.6507061717055839,0.0
long_max_Tlast,B,0.9599310885968813,0.3055555555555556,1206,-57.801824806180065,-0.2146398629375608,0.6169648605069491,0.6459043088144363,0.4683621248335599
long_max_Tlast,B,0.9599310885968813,0.3055555555555556,1207,-58.16972144167684,-0.5594159006840687,0.6362892171938619,0.6506832720901506,0.0
long_max_Tlast,B,0.9599310885968813,0.3055555555555556,1208,-58.0059284184248,-0.2661545727876349,0.6169528972741913,0.6458956152038687,0.46834843145303484
long_max_Tlast,B,0.9599310885968813,0.3055555555555556,1209,-58.423319465827966,-0.7021898430383331,0.6362831079444756,0.6506791015166306,0.0
long_max_Tlast,B,0.9599310885968813,0.3055555555555556,1210,-58.122607205160946,-0.27617773958447117,0.6169153379486033,0.6458663514239682,0.46831506712849
long_max_Tlast,B,0.9599310885968813,0.3055555555555556,1211,-58.45400092157695,-0.6436517589346592,0.6362819969101945,0.6506787115129796,0.0
long_max_Tlast,B,0.9599310885968813,0.3055555555555556,1212,-58.14391303965311,-0.24099079756991698,0.6168963705401129,0.6458500696794524,0.4683054718958738
long_max_Tlast,B,0.9599310885968813,0.3055555555555556,1213,-58.28559694592354,-0.4052900100025044,0.6362553250167883,0.6506587701869742,0.0
long_max_Tlast,B,0.9599310885968813,0.3055555555555556,1214,-58.097160866520134,-0.17351142887681492,0.6168975812843419,0.6458516048253671,0.468304742419136
long_max_Tlast,B,0.9599310885968813,0.3055555555555556,1215,-58.0146275093773,-0.07443909012119065,0.6362267526247174,0.650636763093223,0.0
long_max_Tlast,B,0.9599310885968813,0.3055555555555556,1216,-58.034616535758715,-0.0985014683428288,0.6168828540814448,0.6458384367390773,0.4682974448623386
long_max_Tlast,B,0.9599310885968813,0.3055555555555556,1217,-57.7754514353816,0.22764656034939734,0.6362225174917485,0.6506337736561202,0.0
long_max_Tlast,B,0.9599310885968813,0.3055555555555556,1218,-58.01397333790742,-0.04339340096709643,0.6168504923031183,0.6458087714525689,0.46828623051948326
long_max_Tlast,B,0.9599310885968813,0.3055555555555556,1219,-57.690835154480695,0.3902681602744441,0.6362189679439072,0.650630490370459,0.0
long_max_Tlast,B,0.9599310885968813,0.3055555555555556,1220,-58.07781925119417,-0.028408705075279872,0.6168331600064993,0.6457946795870131,0.46827431756474913
long_max_Tlast,B,0.9599310885968813,0.3055555555555556,1221,-57.82664281028701,0.3538726620746558,0.6361899548077875,0.650607741451709,0.0
long_max_Tlast,B,0.9599310885968813,0.3055555555555556,1222,-58.23786787779422,-0.0590530405008422,0.6168344389018829,0.6457953187173363,0.4682768789211132
long_max_Tlast,B,0.9599310885968813,0.3055555555555556,1223,-58.16807262882884,0.13178601976445892,0.6361611569236882,0.6505868660505368,0.0
long_max_Tlast,B,0.9599310885968813,0.3055555555555556,1224,-58.47038978575459,-0.1240569097028428,0.6168141954878907,0.6457776898352178,0.468265134100049
long_max_Tlast,B,0.9599310885968813,0.3055555555555556,1225,-58.62503203154283,-0.1945979142693286,0.6361580758553946,0.6505849492260494,0.0
long_max_Tlast,B,0.9599310885968813,0.3055555555555556,1226,-58.725186106686984,-0.19963651408011834,0.6167739592443489,0.6457465386143831,0.46822865892386634
long_max_Tlast,B,0.9599310885968813,0.3055555555555556,1227,-59.06508010274063,-0.5056556331542024,0.6361494875657188,0.6505784342615699,0.0
long_max_Tlast,B,0.9599310885968813,0.3055555555555556,1228,-58.94382525815024,-0.25808441786429637,0.6167593604941856,0.6457352157382085,0.4682164571945448
long_max_Tlast,B,0.9599310885968813,0.3055555555555556,1229,-59.36200846792747,-0.6874424241766073,0.6361150739970456,0.6505532687813825,0.0
long_max_Tlast,B,0.9599310885968813,0.3055555555555556,1230,-59.081215372083804,-0.27796655027576195,0.6167578575586943,0.6457342952847103,0.46821389281891934
long_max_Tlast,B,0.9599310885968813,0.3055555555555556,1231,-59.44189618933899,-0.6733512135139659,0.6360905373435621,0.6505349017641893,0.0
long_max_Tlast,B,0.9599310885968813,0.3055555555555556,1232,-59.12214410947284,-0.252048772401132,0.6167307639732477,0.6457126228271935,0.4681908645746625
long_max_Tlast,B,0.9599310885968813,0.3055555555555556,1233,-59.31050040626293,-0.4685495086914302,0.6360896208325825,0.6505341347225818,0.0
long_max_Tlast,B,0.9599310885968813,0.3055555555555556,1234,-59.086423831691725,-0.18979250062193148,0.6166984181376735,0.645683742185478,0.46817667924494544
long_max_Tlast,B,0.9599310885968813,0.3055555555555556,1235,-59.05112814089857,-0.14811863135640113,0.6360777228846518,0.6505248453550148,0.0
long_max_Tlast,B,0.9599310885968813,0.3055555555555556,1236,-59.02211255930155,-0.11400352980110454,0.6166903546826057,0.6456760831111765,0.4681757314918451
long_max_Tlast,B,0.9599310885968813,0.3055555555555556,1237,-58.79366671629057,0.17054325639729823,0.636045364806066,0.6504993203190358,0.0
long_max_Tlast,B,0.9599310885968813,0.3055555555555556,1238,-58.9879732091024,-0.052502337893312295,0.6166883306603215,0.6456739293823099,0.4681755172900077
long_max_Tlast,B,0.9599310885968813,0.3055555555555556,1239,-58.66738127751549,0.3706745767025335,0.6360250689947579,0.6504840502470324,0.0
long_max_Tlast,B,0.9599310885968813,0.3055555555555556,1240,-59.03137329832552,-0.027779262657476156,0.6166630606925652,0.6456504705081709,0.468166575129629
long_max_Tlast,B,0.9599310885968813,0.3055555555555556,1241,-58.75366476078135,0.37893890409727854,0.6360249528692922,0.6504841404948432,0.0
long_max_Tlast,B,0.9599310885968813,0.3055555555555556,1242,-59.171325286281004,-0.04889529243597002,0.6166296526920676,0.6456233808665599,0.4681411658237347
long_max_Tlast,B,0.9599310885968813,0.3055555555555556,1243,-59.05582943051942,0.19235167347564008,0.636010382105046,0.6504724725415066,0.0
long_max_Tlast,B,0.9599310885968813,0.3055555555555556,1244,-59.39162835368036,-0.1081407976775422,0.6166220052882556,0.6456185068780489,0.46813058211349257
long_max_Tlast,B,0.9599310885968813,0.3055555555555556,1245,-59.49809226062654,-0.12072220706978137,0.63597551358263,0.6504468261876095,0.0
long_max_Tlast,B,0.9599310885968813,0.3055555555555556,1246,-59.64651440155187,-0.1837673487482118,0.6166178335022788,0.6456147970760917,0.4681277166974751
long_max_Tlast,B,0.9599310885968813,0.3055555555555556,1247,-59.95338159452924,-0.4455770758083658,0.6359588322024475,0.6504350167400722,0.0
long_max_Tlast,B,0.9599310885968813,0.3055555555555556,1248,-59.877614369756266,-0.2480914612666415,0.6165845194527478,0.6455887369056051,0.46809724891924065
long_max_Tlast,B,0.9599310885968813,0.3055555555555556,1249,-60.28985907320519,-0.6631593001234849,0.6359603127227821,0.6504359333414582,0.0
long_max_Tlast,B,0.9599310885968813,0.3055555555555556,1250,-60.035170227668814,-0.27754724638013495,0.6165561425716918,0.6455653794818019,0.4680770653690681
long_max_Tlast,B,0.9599310885968813,0.3055555555555556,1251,-60.4193305294062,-0.6937773585857252,0.6359419281215607,0.6504221025184527,0.0
long_max_Tlast,B,0.9599310885968813,0.3055555555555556,1252,-60.09637917151753,-0.2613067094157825,0.6165566684587577,0.6455645675707093,0.4680826384654794
long_max_Tlast,B,0.9599310885968813,0.3055555555555556,1253,-60.329261137992205,-0.5262293533032121,0.6359110255848529,0.6503982332240928,0.0
long_max_Tlast,B,0.9599310885968813,0.3055555555555556,1254,-60.07399129865859,-0.205371081082811,0.6165506533632572,0.6455593974372721,0.46807797618100466
long_max_Tlast,B,0.9599310885968813,0.3055555555555556,1255,-60.0875600598063,-0.22189692633750702,0.6359019080746426,0.6503907846753022,0.0
long_max_Tlast,B,0.9599310885968813,0.3055555555555556,1256,-60.011103991021486,-0.13022113334987098,0.6165230224748488,0.6455340035803601,0.4680673018160596
long_max_Tlast,B,0.9599310885968813,0.3055555555555556,1257,-59.81795127676905,0.10768535332311513,0.6359040436108043,0.6503922408281537,0.0
long_max_Tlast,B,0.9599310885968813,0.3055555555555556,1258,-59.96559346272318,-0.06335815335530354,0.6165027328929424,0.6455156539902831,0.46805940309450184
long_max_Tlast,B,0.9599310885968813,0.3055555555555556,1259,-59.65415717102086,0.34177510952104795,0.6358856279611295,0.650377312311951,0.0
long_max_Tlast,B,0.9599310885968813,0.3055555555555556,1260,-59.989301130784064,-0.029330046705343615,0.6165037737972043,0.6455175122869091,0.4680561694622308
long_max_Tlast,B,0.9599310885968813,0.3055555555555556,1261,-59.691032983947835,0.3946206087691141,0.6358573055913772,0.6503558515705621,0.0
long_max_Tlast,B,0.9599310885968813,0.3055555555555556,1262,-60.10850413457979,-0.04057904348113389,0.616497304421042,0.6455112398476296,0.4680537740558949
long_max_Tlast,B,0.9599310885968813,0.3055555555555556,1263,-59.9501297125681,0.24684662646360944,0.635851355747018,0.6503522538498484,0.0
long_max_Tlast,B,0.9599310885968813,0.3055555555555556,1264,-60.31439933726467,-0.0929659779321454,0.6164658373722356,0.6454858235681404,0.4680281475686003
long_max_Tlast,B,0.9599310885968813,0.3055555555555556,1265,-60.371499713627756,-0.0473691730704624,0.6358540926432056,0.6503540743951997,0.0
long_max_Tlast,B,0.9599310885968813,0.3055555555555556,1266,-60.56657202792589,-0.16732973546543878,0.6164465280612543,0.6454718615416357,0.4680068589364998
long_max_Tlast,B,0.9599310885968813,0.3055555555555556,1267,-60.83570840899814,-0.38022436055370445,0.6358328710829425,0.6503381486535755,0.0
long_max_Tlast,B,0.9599310885968813,0.3055555555555556,1268,-60.807577361366654,-0.23638772798391983,0.6164533456985006,0.6454770154541446,0.4680132934282327
long_max_Tlast,B,0.9599310885968813,0.3055555555555556,1269,-61.207632731692385,-0.6297887923164615,0.6358083828900848,0.6503200267637227,0.0
long_max_Tlast,B,0.9599310885968813,0.3055555555555556,1270,-60.98416015711975,-0.2748518557127531,0.6164440266036962,0.6454693862357498,0.4680049246034291
long_max_Tlast,B,0.9599310885968813,0.3055555555555556,1271,-61.38592771304761,-0.704605052376117,0.6358104311457422,0.6503209944523387,0.0
long_max_Tlast,B,0.9599310885968813,0.3055555555555556,1272,-61.066580407367205,-0.2686502850998218,0.6164171598475366,0.6454462908730941,0.46798844281886703
long_max_Tlast,B,0.9599310885968813,0.3055555555555556,1273,-61.340373294384804,-0.5772778286733291,0.6358136482335768,0.6503229986836881,0.0
long_max_Tlast,B,0.9599310885968813,0.3055555555555556,1274,-61.05946520250016,-0.22000739702491048,0.6164115693721336,0.6454392323486343,0.46799423395780254
long_max_Tlast,B,0.9599310885968813,0.3055555555555556,1275,-61.12263632071851,-0.29447637406080873,0.6357940083787783,0.6503073277814128,0.0
long_max_Tlast,B,0.9599310885968813,0.3055555555555556,1276,-61.00056602484627,-0.1467806746175948,0.6164209368833492,0.645446814181457,0.46800095285814214
long_max_Tlast,B,0.9599310885968813,0.3055555555555556,1277,-60.84730482919164,0.04020523534077586,0.6357770449579914,0.650293710340911,0.0
long_max_Tlast,B,0.9599310885968813,0.3055555555555556,1278,-60.94648382838898,-0.07581125550661719,0.6164126363660154,0.6454387540972217,0.4679981268918826
long_max_Tlast,B,0.9599310885968813,0.3055555555555556,1279,-60.65035031112449,0.30412871778215633,0.6357828243272267,0.6502984414914462,0.0
long_max_Tlast,B,0.9599310885968813,0.3055555555555556,1280,-60.95180374032869,-0.03305294719153634,0.6163898314602481,0.6454187185166668,0.4679858119747561
long_max_Tlast,B,0.9599310885968813,0.3055555555555556,1281,-60.63897274290124,0.400605578291333,0.6357857999916163,0.6503003876806457,0.0
long_max_Tlast,B,0.9599310885968813,0.3055555555555556,1282,-61.0496437443221,-0.03420814274341888,0.616384513831104,0.645416453359005,0.4679737972707696
long_max_Tlast,B,0.9599310885968813,0.3055555555555556,1283,-60.852176137012506,0.2943134954595171,0.6357661334709009,0.6502852968773617,0.0
long_max_Tlast,B,0.9599310885968813,0.3055555555555556,1284,-61.23919858033518,-0.0788488077199587,0.6163952355190435,0.6454258578839551,0.46797847081137833
long_max_Tlast,B,0.9599310885968813,0.3055555555555556,1285,-61.246833693680834,0.024174006736121578,0.6357526392810419,0.6502760069028085,0.0
long_max_Tlast,B,0.9599310885968813,0.3055555555555556,1286,-61.48591119744054,-0.1505903776945161,0.6163846329985432,0.64541706008186,0.46796954522051293
long_max_Tlast,B,0.9599310885968813,0.3055555555555556,1287,-61.71334873652471,-0.3108229314239971,0.6357639874878529,0.6502844756009791,0.0
long_max_Tlast,B,0.9599310885968813,0.3055555555555556,1288,-61.73437404305007,-0.22318221203230398,0.6163630359275797,0.6454003175710161,0.467949265777719
long_max_Tlast,B,0.9599310885968813,0.3055555555555556,1289,-62.11578630304582,-0.5879270098966407,0.635767074406628,0.6502862833155397,0.0
long_max_Tlast,B,0.9599310885968813,0.3055555555555556,1290,-61.928464981118154,-0.26999851547091885,0.6163701225535859,0.6454048228665439,0.46795963987466876
long_max_Tlast,B,0.9599310885968813,0.3055555555555556,1291,-62.341678578257344,-0.7056403983297612,0.6357493348614073,0.6502726334272068,0.0
long_max_Tlast,B,0.9599310885968813,0.3055555555555556,1292,-62.03211345152958,-0.2738825004287221,0.6163850311177225,0.6454160586962465,0.4679735588830773
long_max_Tlast,B,0.9599310885968813,0.3055555555555556,1293,-62.3431171983744,-0.6208179252241282,0.635745581166564,0.6502688891840182,0.0
long_max_Tlast,B,0.9599310885968813,0.3055555555555556,1294,-62.04239034559726,-0.23344845029657083,0.6163756524472777,0.6454074710933962,0.46796865234104573
long_max_Tlast,B,0.9599310885968813,0.3055555555555556,1295,-62.1546286710475,-0.3645333036025325,0.6357615395292846,0.6502805306759922,0.0
long_max_Tlast,B,0.9599310885968813,0.3055555555555556,1296,-61.990300586989946,-0.16346287697775258,0.616364872234838,0.6453962349201899,0.4679696178750822
long_max_Tlast,B,0.9599310885968813,0.3055555555555556,1297,-61.880346602025305,-0.030699975169987792,0.6357640049393168,0.6502820180102671,0.0
long_max_Tlast,B,0.9599310885968813,0.3055555555555556,1298,-61.92996291670834,-0.08957701272531166,0.6163757508683162,0.6454057863421662,0.46797509514437263
long_max_Tlast,B,0.9599310885968813,0.3055555555555556,1299,-61.65555722648762,0.25839663811506175,0.6357497242385177,0.6502705578973892,0.0
long_max_Tlast,B,0.9599310885968813,0.3055555555555556,1300,-61.91861846336744,-0.03889473896666673,0.6163885672126568,0.6454173416072492,0.46797929119705606
long_max_Tlast,B,0.9599310885968813,0.3055555555555556,1301,-61.59759745384333,0.3968269723985581,0.6357502297333365,0.6502715984018687,0.0
long_max_Tlast,B,0.9599310885968813,0.3055555555555556,1302,-61.995228747123114,-0.02993823360689485,0.6163792379573093,0.6454090977616084,0.4679733841959214
long_max_Tlast,B,0.9599310885968813,0.3055555555555556,1303,-61.76280425274849,0.33386460566674725,0.6357681284095992,0.6502854962657492,0.0
long_max_Tlast,B,0.9599310885968813,0.3055555555555556,1304,-62.16667628164985,-0.0660073077883171,0.6163682021705745,0.6454018877692406,0.46795777034981717
long_max_Tlast,B,0.9599310885968813,0.3055555555555556,1305,-62.12555179586859,0.09260204699818708,0.635770265655819,0.6502866422135709,0.0
long_max_Tlast,B,0.9599310885968813,0.3055555555555556,1306,-62.405200149204866,-0.1338985190089391,0.6163847172616608,0.6454163291177367,0.46796625753991516
long_max_Tlast,B,0.9599310885968813,0.3055555555555556,1307,-62.587875151293034,-0.23859002450511607,0.6357578453480839,0.6502775635898124,0.0
long_max_Tlast,B,0.9599310885968813,0.3055555555555556,1308,-62.658353490085844,-0.20870294060805228,0.6164009659642364,0.6454286321385984,0.4679810982844178
long_max_Tlast,B,0.9599310885968813,0.3055555555555556,1309,-63.01534946020804,-0.538369707710997,0.6357666139896913,0.650283884860399,0.0
long_max_Tlast,B,0.9599310885968813,0.3055555555555556,1310,-62.868380646759036,-0.26304537756329294,0.6163919675761816,0.6454211270330408,0.4679738135874779
long_max_Tlast,B,0.9599310885968813,0.3055555555555556,1311,-63.28635072615879,-0.6968770212713835,0.6357888627008046,0.6502998152050192,0.0
long_max_Tlast,B,0.9599310885968813,0.3055555555555556,1312,-62.99319872712108,-0.2769980272197716,0.6163930822578648,0.6454202747790179,0.46798137460790895
long_max_Tlast,B,0.9599310885968813,0.3055555555555556,1313,-63.33662866606738,-0.6560547223556122,0.6357903935799039,0.6503005720209131,0.0
long_max_Tlast,B,0.9599310885968813,0.3055555555555556,1314,-63.02204990536591,-0.24542321751682297,0.616417798517011,0.6454394053822596,0.46800380745320314
long_max_Tlast,B,0.9599310885968813,0.3055555555555556,1315,-63.18258938013344,-0.4308441650414888,0.6357838628620371,0.6502948484999412,0.0
long_max_Tlast,B,0.9599310885968813,0.3055555555555556,1316,-62.979508273230316,-0.17993508306983058,0.6164311742863204,0.6454509679084838,0.4680101253567413
long_max_Tlast,B,0.9599310885968813,0.3055555555555556,1317,-62.91561194486549,-0.10374077340502291,0.6357985179492961,0.6503057944777639,0.0
long_max_Tlast,B,0.9599310885968813,0.3055555555555556,1318,-62.91597308581709,-0.1044948743289476,0.6164251673862438,0.6454449993432056,0.46800879325549166
long_max_Tlast,B,0.9599310885968813,0.3055555555555556,1319,-62.66866151438682,0.20539206994066012,0.6358198711187198,0.6503223495145094,0.0
long_max_Tlast,B,0.9599310885968813,0.3055555555555556,1320,-62.88960943602767,-0.046726563316640435,0.6164285964417772,0.6454488520264109,0.4680072294838722
long_max_Tlast,B,0.9599310885968813,0.3055555555555556,1321,-62.56709732754013,0.38330951801240165,0.6358208517213678,0.6503227459460628,0.0
long_max_Tlast,B,0.9599310885968813,0.3055555555555556,1322,-62.94524434681818,-0.0278396167655936,0.616451721654222,0.6454702608563224,0.46801435994008567
long_max_Tlast,B,0.9599310885968813,0.3055555555555556,1323,-62.68300955067715,0.3648168810618929,0.6358167460246219,0.6503200780571903,0.0
long_max_Tlast,B,0.9599310885968813,0.3055555555555556,1324,-63.09741215610037,-0.054720433701389376,0.6164654229358637,0.6454811987652413,0.46802450062637246
long_max_Tlast,B,0.9599310885968813,0.3055555555555556,1325,-63.00901195623735,0.1566630221138971,0.6358357651012815,0.650334959380089,0.0
long_max_Tlast,B,0.9599310885968813,0.3055555555555556,1326,-63.32525153026501,-0.11752170939383849,0.6164590557308561,0.6454764718328853,0.46801722325993506
long_max_Tlast,B,0.9599310885968813,0.3055555555555556,1327,-63.46064716844419,-0.16486625278097689,0.6358592390562916,0.6503519595731522,0.0
long_max_Tlast,B,0.9599310885968813,0.3055555555555556,1328,-63.58028887833862,-0.19325604584083309,0.6164700987611658,0.6454857571016389,0.46802455341223004
long_max_Tlast,B,0.9599310885968813,0.3055555555555556,1329,-63.907396442211734,-0.48197737839470445,0.6358597954041898,0.6503520631859575,0.0
long_max_Tlast,B,0.9599310885968813,0.3055555555555556,1330,-63.80404261167164,-0.25413717614846737,0.6165021495262104,0.6455103547843073,0.46805441136295123
long_max_Tlast,B,0.9599310885968813,0.3055555555555556,1331,-64.22048921002576,-0.6784919333351238,0.6358617383731039,0.6503531293779984,0.0
long_max_Tlast,B,0.9599310885968813,0.3055555555555556,1332,-63.94958773264368,-0.2778832111658941,0.6165142640156397,0.6455200087331668,0.46806342114167004
long_max_Tlast,B,0.9599310885968813,0.3055555555555556,1333,-64.32014669127574,-0.6823723644322857,0.6358873546589848,0.6503716884327961,0.0
long_max_Tlast,B,0.9599310885968813,0.3055555555555556,1334,-63.99848293286493,-0.2557942068572915,0.6165125316304326,0.6455176438136964,0.46806537084045385
long_max_Tlast,B,0.9599310885968813,0.3055555555555556,1335,-64.2049597606583,-0.492199429418428,0.6359088184212386,0.650387906733083,0.0
long_max_Tlast,B,0.9599310885968813,0.3055555555555556,1336,-63.96766754387929,-0.19592020759799816,0.6165305952495745,0.645531898621954,0.4680810469414033
long_max_Tlast,B,0.9599310885968813,0.3055555555555556,1337,-63.95202983893016,-0.1776432777599356,0.6359089747290643,0.6503878130068658,0.0
long_max_Tlast,B,0.9599310885968813,0.3055555555555556,1338,-63.90361034631164,-0.12024041680141395,0.6165578526277471,0.645556468824778,0.4680920208314594
long_max_Tlast,B,0.9599310885968813,0.3055555555555556,1339,-63.688856131055886,0.14606517213217274,0.6359147079940107,0.6503922509652933,0.0
long_max_Tlast,B,0.9599310885968813,0.3055555555555556,1340,-63.864735698350174,-0.05647647319793003,0.6165667809437604,0.6455643066758073,0.4680956797649214
long_max_Tlast,B,0.9599310885968813,0.3055555555555556,1341,-63.54699803403583,0.36029498741013166,0.6359408084770194,0.6504128495987307,0.0
long_max_Tlast,B,0.9599310885968813,0.3055555555555556,1342,-63.90007968691852,-0.027957637739499497,0.616565447670339,0.6455637374243444,0.4680925205050029
long_max_Tlast,B,0.9599310885968813,0.3055555555555556,1343,-63.61345134192148,0.38655426885665956,0.6359608266957546,0.6504278098676012,0.0
long_max_Tlast,B,0.9599310885968813,0.3055555555555556,1344,-64.03178791339565,-0.04517508779491747,0.616584331470156,0.645581375523249,0.4680982860415146
long_max_Tlast,B,0.9599310885968813,0.3055555555555556,1345,-63.89873123778241,0.2152186367301549,0.6359607850928303,0.6504276333647612,0.0
long_max_Tlast,B,0.9599310885968813,0.3055555555555556,1346,-64.24662523871719,-0.10180383202664647,0.6166156765203975,0.6456064922299279,0.4681232688608719
long_max_Tlast,B,0.9599310885968813,0.3055555555555556,1347,-64.33331439472298,-0.09096903534175693,0.6359706484992026,0.6504353545702226,0.0
long_max_Tlast,B,0.9599310885968813,0.3055555555555556,1348,-64.5007985753733,-0.17708328193720901,0.6166244119931252,0.6456128155887428,0.46813236325375635
long_max_Tlast,B,0.9599310885968813,0.3055555555555556,1349,-64.79297274014411,-0.41980286463220035,0.6360015104043827,0.6504578596091571,0.0
long_max_Tlast,B,0.9599310885968813,0.3055555555555556,1350,-64.73614073466146,-0.2434599583237989,0.6166269804732344,0.645614753037106,0.46813501189740525
long_max_Tlast,B,0.9599310885968813,0.3055555555555556,1351,-65.14430128538365,-0.6507874619456191,0.6360195858585475,0.650470999400227,0.0
long_max_Tlast,B,0.9599310885968813,0.3055555555555556,1352,-64.9013307724014,-0.2765755747488391,0.6166553789271725,0.6456365773277384,0.46816196625020806
long_max_Tlast,B,0.9599310885968813,0.3055555555555556,1353,-65.29350423138193,-0.6992972405601734,0.6360195335904787,0.650470891304259,0.0
long_max_Tlast,B,0.9599310885968813,0.3055555555555556,1354,-64.97093784520335,-0.26430692173895387,0.6166834400978708,0.6456601157038323,0.4681801668604084
long_max_Tlast,B,0.9599310885968813,0.3055555555555556,1355,-65.22075411586569,-0.5475213431843212,0.6360343595917284,0.6504817597988763,0.0
long_max_Tlast,B,0.9599310885968813,0.3055555555555556,1356,-64.95445614023645,-0.21117138822836146,0.6166872800269328,0.6456640568064478,0.46817940553045634
long_max_Tlast,B,0.9599310885968813,0.3055555555555556,1357,-64.98780466735143,-0.25106644133255657,0.636063613054622,0.6505043792200654,0.0
long_max_Tlast,B,0.9599310885968813,0.3055555555555556,1358,-64.89269094105465,-0.13658934854898744,0.6166923785027051,0.6456682716208374,0.4681833723159291
long_max_Tlast,B,0.9599310885968813,0.3055555555555556,1359,-64.71505493064592,0.08143729682394207,0.6360770556492286,0.650514900597778,0.0
long_max_Tlast,B,0.9599310885968813,0.3055555555555556,1360,-64.84336907828212,-0.06791443531131053,0.6167172635917024,0.6456912791156951,0.468191884923683
long_max_Tlast,B,0.9599310885968813,0.3055555555555556,1361,-64.5372438672301,0.3281720918913581,0.6360771080055299,0.6505149743497459,0.0
long_max_Tlast,B,0.9599310885968813,0.3055555555555556,1362,-64.85966908433281,-0.03032847956488033,0.6167414761562118,0.6457123309192458,0.4682046584096704
long_max_Tlast,B,0.9599310885968813,0.3055555555555556,1363,-64.55455409334492,0.3987008832378941,0.6360934623825686,0.6505280820009784,0.0
long_max_Tlast,B,0.9599310885968813,0.3055555555555556,1364,-64.97043805636403,-0.03756457803078314,0.6167451315193839,0.6457146428119553,0.4682098775236574
long_max_Tlast,B,0.9599310885968813,0.3055555555555556,1365,-64.7957461204111,0.26716815916572045,0.63612311459877,0.6505502971384295,0.0
long_max_Tlast,B,0.9599310885968813,0.3055555555555556,1366,-65.17007506272454,-0.08700247215396034,0.6167516863733985,0.6457208677434773,0.4682119688922391
long_max_Tlast,B,0.9599310885968813,0.3055555555555556,1367,-65.20737819649491,-0.018221439721462174,0.6361346346022492,0.6505583147039009,0.0
long_max_Tlast,B,0.9599310885968813,0.3055555555555556,1368,-65.42046795736468,-0.16052557812351534,0.6167832393682869,0.645745925984174,0.46823875145908456
long_max_Tlast,B,0.9599310885968813,0.3055555555555556,1369,-65.6735750183072,-0.3529242214117347,0.6361350142777162,0.6505587079277408,0.0
long_max_Tlast,B,0.9599310885968813,0.3055555555555556,1370,-65.66485949427977,-0.2311715437942028,0.6168072492003314,0.6457643975787101,0.4682609109487063
long_max_Tlast,B,0.9599310885968813,0.3055555555555556,1371,-66.05845890783107,-0.6142843794992653,0.636155922418971,0.6505740505859244,0.0
long_max_Tlast,B,0.9599310885968813,0.3055555555555556,1372,-65.84870174900341,-0.27308788975702697,0.6168068798395467,0.6457645202137232,0.46825900892046224
long_max_Tlast,B,0.9599310885968813,0.3055555555555556,1373,-66.25603768061961,-0.7065076824197989,0.6361836146300207,0.6505947154190284,0.0
long_max_Tlast,B,0.9599310885968813,0.3055555555555556,1374,-65.93947543249163,-0.27088565360382877,0.6168178769877647,0.6457731051814259,0.46826950676646056
long_max_Tlast,B,0.9599310885968813,0.3055555555555556,1375,-66.22895023525093,-0.5958104116013636,0.636189254276988,0.6505994633855591,0.0
long_max_Tlast,B,0.9599310885968813,0.3055555555555556,1376,-65.93895759234631,-0.2253634135487473,0.6168461648443138,0.6457976277821365,0.4682854968904573
long_max_Tlast,B,0.9599310885968813,0.3055555555555556,1377,-66.02193131467132,-0.32273015086479345,0.6361901319133506,0.6506002814218651,0.0
long_max_Tlast,B,0.9599310885968813,0.3055555555555556,1378,-65.88248077215854,-0.15324160004817355,0.6168602013521012,0.6458113085762639,0.46828709050436024
long_max_Tlast,B,0.9599310885968813,0.3055555555555556,1379,-65.74583538058252,0.012674497858692013,0.636210759814961,0.6506165661590649,0.0
long_max_Tlast,B,0.9599310885968813,0.3055555555555556,1380,-65.82553736717597,-0.08090767107325761,0.6168583821360906,0.64580979633361,0.4682861464994189
long_max_Tlast,B,0.9599310885968813,0.3055555555555556,1381,-65.53698815512682,0.28748067190372756,0.6362338487510485,0.6506345633583178,0.0
long_max_Tlast,B,0.9599310885968813,0.3055555555555556,1382,-65.82394202288957,-0.03487082474599479,0.6168685868392678,0.645819575224914,0.46828904735118637
long_max_Tlast,B,0.9599310885968813,0.3055555555555556,1383,-65.50680550134543,0.40100137622345244,0.6362368235119384,0.6506364640068985,0.0
long_max_Tlast,B,0.9599310885968813,0.3055555555555556,1384,-65.913439147306,-0.032035321997865684,0.6168961930945028,0.6458431092582194,0.46830618032793303
long_max_Tlast,B,0.9599310885968813,0.3055555555555556,1385,-65.70127599502972,0.31161545599867274,0.6362381344771503,0.6506377425978421,0.0
long_max_Tlast,B,0.9599310885968813,0.3055555555555556,1386,-66.09616393302053,-0.07340588694968825,0.616910730985979,0.6458533469841472,0.4683233738968751
long_max_Tlast,B,0.9599310885968813,0.3055555555555556,1387,-66.0842159595026,0.05205690209246683,0.636260756887843,0.6506547264233943,0.0
long_max_Tlast,B,0.9599310885968813,0.3055555555555556,1388,-66.34010362123044,-0.14384048367572994,0.6169072972538034,0.6458503665391485,0.4683220535490561
long_max_Tlast,B,0.9599310885968813,0.3055555555555556,1389,-66.55030989821626,-0.2825413760114108,0.6362818241283408,0.650669835664481,0.0
long_max_Tlast,B,0.9599310885968813,0.3055555555555556,1390,-66.59085614761494,-0.21753967581124944,0.6169217425527648,0.6458618848701675,0.4683348876199564
long_max_Tlast,B,0.9599310885968813,0.3055555555555556,1391,-66.96375559779558,-0.5695847949833373,0.636279935593625,0.6506686187462504,0.0
long_max_Tlast,B,0.9599310885968813,0.3055555555555556,1392,-66.79153489113712,-0.26746713983082465,0.616948997884477,0.6458836415188255,0.4683575368890355
long_max_Tlast,B,0.9599310885968813,0.3055555555555556,1393,-67.20794954968954,-0.7038856347963242,0.6362820658469501,0.6506704485810456,0.0
long_max_Tlast,B,0.9599310885968813,0.3055555555555556,1394,-66.9037015850076,-0.27536195106193395,0.6169528250735818,0.6458883148633013,0.4683543143290777
long_max_Tlast,B,0.9599310885968813,0.3055555555555556,1395,-67.22838419181623,-0.6362011123747982,0.6363038403782132,0.6506870768545946,0.0
long_max_Tlast,B,0.9599310885968813,0.3055555555555556,1396,-66.92111800205201,-0.2383182937397349,0.6169467616424948,0.6458839389118033,0.4683482416467653
long_max_Tlast,B,0.9599310885968813,0.3055555555555556,1397,-67.0527097875847,-0.3913464079852374,0.636317142643739,0.6506979418072222,0.0
long_max_Tlast,B,0.9599310885968813,0.3055555555555556,1398,-66.87230952258871,-0.16988302383804674,0.6169599303838136,0.6458958481920777,0.46835459156455705
long_max_Tlast,B,0.9599310885968813,0.3055555555555556,1399,-66.78019398142627,-0.059039182714249405,0.6363114955230145,0.6506939365138131,0.0
long_max_Tlast,B,0.9599310885968813,0.3055555555555556,1400,-66.81036222229073,-0.09517972255912976,0.6169790057649345,0.6459137385878138,0.46836004798594655
long_max_Tlast,B,0.9599310885968813,0.3055555555555556,1401,-66.54557915148348,0.23895398565053372,0.6363139897239329,0.6506962193760599,0.0
long_max_Tlast,B,0.9599310885968813,0.3055555555555556,1402,-66.79291089776947,-0.04156272648421677,0.616980332774557,0.6459141649472302,0.4683637303861495
long_max_Tlast,B,0.9599310885968813,0.3055555555555556,1403,-66.46998669524744,0.39340706531420444,0.6363339406653936,0.6507117332478008,0.0
long_max_Tlast,B,0.9599310885968813,0.3055555555555556,1404,-66.86120543161434,-0.028663192867548037,0.6169747895242755,0.6459091667721428,0.4683623956293549
long_max_Tlast,B,0.9599310885968813,0.3055555555555556,1405,-66.61612582679803,0.3477308993357869,0.6363441097759317,0.6507187221086895,0.0
long_max_Tlast,B,0.9599310885968813,0.3055555555555556,1406,-67.02532037505466,-0.06124721781144507,0.6169893349319463,0.6459214945300016,0.4683724923780501
long_max_Tlast,B,0.9599310885968813,0.3055555555555556,1407,-66.9653559863476,0.11865730539141028,0.6363358716788737,0.6507123609632355,0.0
long_max_Tlast,B,0.9599310885968813,0.3055555555555556,1408,-67.26012890993087,-0.12734977624003752,0.617009604957377,0.6459364701732746,0.4683939907038467
long_max_Tlast,B,0.9599310885968813,0.3055555555555556,1409,-67.42470479115332,-0.20989210826646054,0.6363391585335056,0.6507151228732324,0.0
long_max_Tlast,B,0.9599310885968813,0.3055555555555556,1410,-67.51457243361158,-0.2027526716668157,0.6170045290960997,0.6459321089238074,0.4683912622259597
long_max_Tlast,B,0.9599310885968813,0.3055555555555556,1411,-67.86084802872301,-0.5174955310464477,0.6363581572431898,0.650729084067726,0.0
long_max_Tlast,B,0.9599310885968813,0.3055555555555556,1412,-67.73037342603321,-0.25984608778608337,0.6169965243184666,0.6459262823472165,0.4683835067988316
long_max_Tlast,B,0.9599310885968813,0.3055555555555556,1413,-68.14902594511784,-0.691434628094158,0.6363605678497289,0.6507313197027615,0.0
long_max_Tlast,B,0.9599310885968813,0.3055555555555556,1414,-67.86337786414359,-0.27767332558483665,0.6170109548225684,0.6459383141988198,0.46839423436032046
long_max_Tlast,B,0.9599310885968813,0.3055555555555556,1415,-68.21857772820753,-0.6679802071507353,0.6363482387376632,0.6507227155686499,0.0
long_max_Tlast,B,0.9599310885968813,0.3055555555555556,1416,-67.8999926351199,-0.24972930879910887,0.6170199771614584,0.6459477707869962,0.4683928968681951
long_max_Tlast,B,0.9599310885968813,0.3055555555555556,1417,-68.07889587165957,-0.4557055062026518,0.6363518064634718,0.6507257822150819,0.0
long_max_Tlast,B,0.9599310885968813,0.3055555555555556,1418,-67.8617843382587,-0.1862642919029628,0.6170080213126747,0.6459388209776178,0.46838108445917714
long_max_Tlast,B,0.9599310885968813,0.3055555555555556,1419,-67.81630801585466,-0.13241442766431644,0.6363657553353246,0.6507370488289115,0.0
long_max_Tlast,B,0.9599310885968813,0.3055555555555556,1420,-67.79756362758886,-0.11049505050320166,0.6170012596850556,0.6459330324897716,0.46837824580747395
long_max_Tlast,B,0.9599310885968813,0.3055555555555556,1421,-67.56207234705599,0.18341638916912734,0.6363629515863726,0.6507349082771258,0.0
long_max_Tlast,B,0.9599310885968813,0.3055555555555556,1422,-67.76599541027656,-0.05022472903519343,0.6170130116188749,0.645943868409413,0.4683830098935055
long_max_Tlast,B,0.9599310885968813,0.3055555555555556,1423,-67.4441959789478,0.37606131070278753,0.6363500906628607,0.650724984955932,0.0
long_max_Tlast,B,0.9599310885968813,0.3055555555555556,1424,-67.8137155603006,-0.027541494100717545,0.6170208606125116,0.6459491920320708,0.46839314331053655
long_max_Tlast,B,0.9599310885968813,0.3055555555555556,1425,-67.54092582556285,0.37490124075285075,0.636353940997593,0.6507282418542667,0.0
long_max_Tlast,B,0.9599310885968813,0.3055555555555556,1426,-67.958104215621,-0.05072839458651393,0.6170081741947372,0.6459371108451071,0.4683908510131768
long_max_Tlast,B,0.9599310885968813,0.3055555555555556,1427,-67.8518774882475,0.18037091816821477,0.6363661521238057,0.6507369006141204,0.0
long_max_Tlast,B,0.9599310885968813,0.3055555555555556,1428,-68.1812680383565,-0.11132277770686033,0.6170005504081002,0.6459312725603438,0.4683847898681229
long_max_Tlast,B,0.9599310885968813,0.3055555555555556,1429,-68.29806436973436,-0.1362303879928991,0.6363581036174774,0.6507305324045359,0.0
long_max_Tlast,B,0.9599310885968813,0.3055555555555556,1430,-68.43643816063631,-0.18710571020210634,0.6170132797762612,0.6459411105051759,0.46839711589342026
long_max_Tlast,B,0.9599310885968813,0.3055555555555556,1431,-68.75095697454537,-0.45890558778522617,0.6363423697969491,0.6507193724502718,0.0
long_max_Tlast,B,0.9599310885968813,0.3055555555555556,1432,-68.66514159611387,-0.25029996601387094,0.6170125898375498,0.645940909857778,0.46839512127755134
long_max_Tlast,B,0.9599310885968813,0.3055555555555556,1433,-69.07953691783922,-0.6693936003162378,0.636346434690426,0.650722667974464,0.0
long_max_Tlast,B,0.9599310885968813,0.3055555555555556,1434,-68.81858822336704,-0.277780097477344,0.6169911867615131,0.6459249060631984,0.46837383664132853
long_max_Tlast,B,0.9599310885968813,0.3055555555555556,1435,-69.19847636576402,-0.6905583139982855,0.6363524875886677,0.6507277205073677,0.0
long_max_Tlast,B,0.9599310885968813,0.3055555555555556,1436,-68.87540181955404,-0.2594429840272946,0.6169843189556925,0.6459194962135534,0.46836908066350813
long_max_Tlast,B,0.9599310885968813,0.3055555555555556,1437,-69.09924145973005,-0.5146683499185853,0.6363376862842287,0.6507172011255422,0.0
long_max_Tlast,B,0.9599310885968813,0.3055555555555556,1438,-68.84984970013107,-0.20202018918436712,0.6169916281489269,0.6459268396226154,0.46836967376583993
long_max_Tlast,B,0.9599310885968813,0.3055555555555556,1439,-68.85304051478913,-0.20616788217148097,0.636322421089849,0.6507057466185966,0.0
long_max_Tlast,B,0.9599310885968813,0.3055555555555556,1440,-68.78641215259331,-0.12658557052633213,0.616984703997495,0.6459215508432986,0.4683629422239275
long_max_Tlast,B,0.9599310885968813,0.3055555555555556,1441,-68.5851396446572,0.12188094547193462,0.6363259693816543,0.6507088014560201,0.0
long_max_Tlast,B,0.9599310885968813,0.3055555555555556,1442,-68.74315227442096,-0.06074089861268028,0.6169656735286385,0.6459041255523911,0.4683567112565755
long_max_Tlast,B,0.9599310885968813,0.3055555555555556,1443,-68.42883052459804,0.34925305103558446,0.636328477207248,0.6507104541907794,0.0
long_max_Tlast,B,0.9599310885968813,0.3055555555555556,1444,-68.77092861765564,-0.028633203344040625,0.6169599120684194,0.6458993771503828,0.46835368686974604
long_max_Tlast,B,0.9599310885968813,0.3055555555555556,1445,-68.47628139260226,0.3926500754232691,0.6363114823935915,0.6506969157222603,0.0
long_max_Tlast,B,0.9599310885968813,0.3055555555555556,1446,-68.8946746036687,-0.0420473242443154,0.6169674380862594,0.6459048731300848,0.4683621184305443
long_max_Tlast,B,0.9599310885968813,0.3055555555555556,1447,-68.74506687420298,0.23615724462067922,0.6362958437203854,0.650685479615517,0.0
long_max_Tlast,B,0.9599310885968813,0.3055555555555556,1448,-69.10397668572097,-0.09603469702180284,0.6169577189324602,0.6458953071750916,0.46836105306451714
long_max_Tlast,B,0.9599310885968813,0.3055555555555556,1449,-69.17172724983658,-0.06287404327949653,0.6362993842778224,0.6506882148185255,0.0
long_max_Tlast,B,0.9599310885968813,0.3055555555555556,1450,-69.35712692204602,-0.17083742545070613,0.616932870702579,0.6458757898948605,0.46834006824758867
long_max_Tlast,B,0.9599310885968813,0.3055555555555556,1451,-69.63491621347643,-0.3948405976802902,0.6362968917279301,0.650686178378998,0.0
long_max_Tlast,B,0.9599310885968813,0.3055555555555556,1452,-69.59632564735054,-0.23904128534758268,0.6169271949145951,0.6458716703883359,0.468334754698423
long_max_Tlast,B,0.9599310885968813,0.3055555555555556,1453,-69.99991941431415,-0.6381171521509144,0.636273830258403,0.6506695857531274,0.0
long_max_Tlast,B,0.9599310885968813,0.3055555555555556,1454,-69.76893569864536,-0.27563553420637515,0.6169294918760992,0.6458741337773042,0.4683342627185728
long_max_Tlast,B,0.9599310885968813,0.3055555555555556,1455,-70.16789435240938,-0.7035578291343855,0.6362588195275626,0.6506587274462893,0.0
long_max_Tlast,B,0.9599310885968813,0.3055555555555556,1456,-69.8468085977025,-0.2672496637879327,0.6169098405132537,0.6458594787492788,0.4683138993828911
long_max_Tlast,B,0.9599310885968813,0.3055555555555556,1457,-70.1123044860581,-0.567179183839149,0.6362611855159932,0.6506607888430147,0.0
long_max_Tlast,B,0.9599310885968813,0.3055555555555556,1458,-69.83626838737061,-0.21693431221545395,0.6168867045501288,0.6458398611748024,0.4683001159925609
long_max_Tlast,B,0.9599310885968813,0.3055555555555556,1459,-69.88865550418791,-0.2789863299862018,0.6362532532020574,0.6506550643116542,0.0
long_max_Tlast,B,0.9599310885968813,0.3055555555555556,1460,-69.77614094101702,-0.14311755677629046,0.616883231534613,0.6458367844244262,0.46829933306065524
long_max_Tlast,B,0.9599310885968813,0.3055555555555556,1461,-69.61379244768203,0.055419938218187303,0.6362298900283442,0.650636928834208,0.0
long_max_Tlast,B,0.9599310885968813,0.3055555555555556,1462,-69.72363021154419,-0.07289113106377587,0.6168829755531191,0.6458365272431091,0.46829920290683413
long_max_Tlast,B,0.9599310885968813,0.3055555555555556,1463,-69.42336936875446,0.3134994625168696,0.6362171013556738,0.650627250032431,0.0
long_max_Tlast,B,0.9599310885968813,0.3055555555555556,1464,-69.73287961996459,-0.031957601180454986,0.6168648496051553,0.6458192738595376,0.4682950048555088
long_max_Tlast,B,0.9599310885968813,0.3055555555555556,1465,-69.42227699981677,0.4006709417549452,0.6362189018915247,0.6506285907939114,0.0
long_max_Tlast,B,0.9599310885968813,0.3055555555555556,1466,-69.83541627603219,-0.03531355932618474,0.6168421660314931,0.6458000668045919,0.4682814009145256
long_max_Tlast,B,0.9599310885968813,0.3055555555555556,1467,-69.64587325690921,0.28502161495862194,0.6362081771891277,0.6506197848551742,0.0
long_max_Tlast,B,0.9599310885968813,0.3055555555555556,1468,-70.02874568560439,-0.08175677887891752,0.6168387272059077,0.6457977180643864,0.46827764192760996
long_max_Tlast,B,0.9599310885968813,0.3055555555555556,1469,-70.0471617258675,0.008930745132467333,0.6361820407882016,0.6506004224057426,0.0
long_max_Tlast,B,0.9599310885968813,0.3055555555555556,1470,-70.27700015039822,-0.15423852659865733,0.6168358197087448,0.645794678193621,0.4682777389963019
long_max_Tlast,B,0.9599310885968813,0.3055555555555556,1471,-70.51408756333565,-0.3264387007641809,0.6361700247274986,0.6505920130711804,0.0
long_max_Tlast,B,0.9599310885968813,0.3055555555555556,1472,-70.52422161200198,-0.22621540525203465,0.6168089743123958,0.645773762172687,0.46825346783719063
long_max_Tlast,B,0.9599310885968813,0.3055555555555556,1473,-70.91054365067903,-0.5981735223832865,0.6361704720519272,0.6505923805856125,0.0
long_max_Tlast,B,0.9599310885968813,0.3055555555555556,1474,-70.71477215308633,-0.27132182949766276,0.6167856737806291,0.6457554682709441,0.46823380587951713
long_max_Tlast,B,0.9599310885968813,0.3055555555555556,1475,-71.12632788915519,-0.7067225469319788,0.6361538763302662,0.6505803412876555,0.0
long_max_Tlast,B,0.9599310885968813,0.3055555555555556,1476,-70.81376961208596,-0.27300097469833007,0.6167842111912141,0.6457541320514845,0.4682337365373678
long_max_Tlast,B,0.9599310885968813,0.3055555555555556,1477,-71.11731001449246,-0.6123277460291481,0.636127934966191,0.6505609135412,0.0
long_max_Tlast,B,0.9599310885968813,0.3055555555555556,1478,-70.82007911006654,-0.23067515481345835,0.616775815590912,0.6457478852925963,0.46822459445709
long_max_Tlast,B,0.9599310885968813,0.3055555555555556,1479,-70.92171888313817,-0.3495732527480933,0.6361195887493142,0.6505544364375063,0.0
long_max_Tlast,B,0.9599310885968813,0.3055555555555556,1480,-70.76632776117083,-0.15984954213779998,0.6167508102025793,0.6457258594860342,0.468211929463468
long_max_Tlast,B,0.9599310885968813,0.3055555555555556,1481,-70.64636065887848,-0.01476481232839999,0.6361186748050723,0.6505537391836123,0.0
long_max_Tlast,B,0.9599310885968813,0.3055555555555556,1482,-70.70707137071801,-0.08644733445129638,0.616733755069128,0.6457102396677177,0.46820643170303344
long_max_Tlast,B,0.9599310885968813,0.3055555555555556,1483,-70.42710805387581,0.26941985075583086,0.6361010124229872,0.6505396332255479,0.0
long_max_Tlast,B,0.9599310885968813,0.3055555555555556,1484,-70.69915609619387,-0.037404596338068724,0.6167328493464348,0.6457096315387824,0.4682054497358621
long_max_Tlast,B,0.9599310885968813,0.3055555555555556,1485,-70.37917018023927,0.39886360633041346,0.6360768235004428,0.6505210759750631,0.0
long_max_Tlast,B,0.9599310885968813,0.3055555555555556,1486,-70.78047501846405,-0.030677122327086304,0.6167245222933495,0.6457013068063456,0.46820451530373697
long_max_Tlast,B,0.9599310885968813,0.3055555555555556,1487,-70.55516257156984,0.3261259494515327,0.6360699485875799,0.6505163602160753,0.0
long_max_Tlast,B,0.9599310885968813,0.3055555555555556,1488,-70.9561222174143,-0.06871088552822341,0.6166969742818854,0.6456782476558568,0.468185876026375
long_max_Tlast,B,0.9599310885968813,0.3055555555555556,1489,-70.9255960854026,0.07788737266983892,0.6360679545414629,0.6505145939257541,0.0
long_max_Tlast,B,0.9599310885968813,0.3055555555555556,1490,-71.19676326902226,-0.1375985746168284,0.6166785566912014,0.6456645436235099,0.46816737398437347
long_max_Tlast,B,0.9599310885968813,0.3055555555555556,1491,-71.38969255304062,-0.2548823673119005,0.636046349921896,0.650498494993268,0.0
long_max_Tlast,B,0.9599310885968813,0.3055555555555556,1492,-71.4491943764475,-0.21207396160416,0.6166785987651402,0.6456646279687802,0.46816719935177936
long_max_Tlast,B,0.9599310885968813,0.3055555555555556,1493,-71.81237523319118,-0.5502697742205483,0.6360225720976203,0.6504812613050593,0.0
long_max_Tlast,B,0.9599310885968813,0.3055555555555556,1494,-71.65595070473194,-0.2648539816979156,0.616664153560677,0.6456534356618302,0.4681532838724003
long_max_Tlast,B,0.9599310885968813,0.3055555555555556,1495,-72.07371231067606,-0.7000267418133472,0.6360192163346854,0.6504786831842602,0.0
long_max_Tlast,B,0.9599310885968813,0.3055555555555556,1496,-71.77626040501521,-0.27662130252258826,0.6166359313517369,0.6456304961440736,0.468131536821523
long_max_Tlast,B,0.9599310885968813,0.3055555555555556,1497,-72.11302677572601,-0.6492946480422699,0.6360152671641263,0.6504757030524345,0.0
long_max_Tlast,B,0.9599310885968813,0.3055555555555556,1498,-71.80090749587742,-0.24302928979084265,0.6166257204036419,0.6456207096617728,0.4681300320650092
long_max_Tlast,B,0.9599310885968813,0.3055555555555556,1499,-71.95091918512847,-0.4166865939630705,0.6359932024425449,0.6504587247851249,0.0
long_max_Tlast,B,0.9599310885968813,0.3055555555555556,1500,-71.7559646082173,-0.17641120795144333,0.6166267704857351,0.6456213741549893,0.46813137358616863
long_max_Tlast,B,0.9599310885968813,0.3055555555555556,1501,-71.68164799405089,-0.08742281517729666,0.6359747213930167,0.6504441386650184,0.0
long_max_Tlast,B,0.9599310885968813,0.3055555555555556,1502,-71.69293808957676,-0.10119251060731688,0.6166131919443646,0.6456088807105632,0.468125844542851
long_max_Tlast,B,0.9599310885968813,0.3055555555555556,1503,-71.43894515895923,0.2178372792752581,0.6359738772950865,0.6504435419279836,0.0
long_max_Tlast,B,0.9599310885968813,0.3055555555555556,1504,-71.66974250871874,-0.04489472083022844,0.6165899420810337,0.6455878323826357,0.4681163418213314
long_max_Tlast,B,0.9599310885968813,0.3055555555555556,1505,-71.34678371130083,0.38724767290824386,0.6359692271008203,0.6504395956969635,0.0
long_max_Tlast,B,0.9599310885968813,0.3055555555555556,1506,-71.72992240174207,-0.02817216889394525,0.6165807268896332,0.6455810257077055,0.46810694786331924
long_max_Tlast,B,0.9599310885968813,0.3055555555555556,1507,-71.47380023285292,0.35876095384947704,0.6359469150385809,0.6504223860601915,0.0
long_max_Tlast,B,0.9599310885968813,0.3055555555555556,1508,-71.88647439013249,-0.057154147297256874,0.6165817721662636,0.6455819821751854,0.46810686841918236
long_max_Tlast,B,0.9599310885968813,0.3055555555555556,1509,-71.80843967354576,0.14280483596148508,0.6359300242269964,0.6504103726375523,0.0
long_max_Tlast,B,0.9599310885968813,0.3055555555555556,1510,-72.1169466117162,-0.12119412170461333,0.6165647993555796,0.6455678957959494,0.46809416262189973
long_max_Tlast,B,0.9599310885968813,0.3055555555555556,1511,-72.26309190783819,-0.18147876125757623,0.6359314854705971,0.6504116443669574,0.0
long_max_Tlast,B,0.9599310885968813,0.3055555555555556,1512,-72.3718862231552,-0.1968543600369783,0.6165391796999575,0.6455482529423962,0.4680698352184316
long_max_Tlast,B,0.9599310885968813,0.3055555555555556,1513,-72.70615161687111,-0.49525603892794406,0.6359249921159653,0.6504066440175259,0.0
long_max_Tlast,B,0.9599310885968813,0.3055555555555556,1514,-72.59282598525408,-0.2563957841847619,0.6165358669686541,0.6455453786286158,0.46806822718820057
long_max_Tlast,B,0.9599310885968813,0.3055555555555556,1515,-73.01027569668683,-0.6835837899457069,0.635902350137798,0.6503898138319376,0.0
long_max_Tlast,B,0.9599310885968813,0.3055555555555556,1516,-72.73383056182536,-0.27799507985593064,0.6165377855448495,0.6455466206528565,0.46807036636010774
long_max_Tlast,B,0.9599310885968813,0.3055555555555556,1517,-73.09893610602111,-0.6774541233658525,0.6358918149540205,0.6503814640366827,0.0
long_max_Tlast,B,0.9599310885968813,0.3055555555555556,1518,-72.77828425438234,-0.25377105376495745,0.6165204040018467,0.6455319498802977,0.468058321580976
long_max_Tlast,B,0.9599310885968813,0.3055555555555556,1519,-72.97468261471701,-0.4791152900653841,0.6358963905509566,0.6503845743390354,0.0
long_max_Tlast,B,0.9599310885968813,0.3055555555555556,1520,-72.74473506776155,-0.19256654400139978,0.6165040530902302,0.645516348270627,0.46805478153405033
long_max_Tlast,B,0.9599310885968813,0.3055555555555556,1521,-72.71811357517011,-0.16125978632078053,0.6358893635432225,0.6503788720529886,0.0
long_max_Tlast,B,0.9599310885968813,0.3055555555555556,1522,-72.68048704367638,-0.11681047919717835,0.616505730974196,0.6455172460780725,0.468057972373187
long_max_Tlast,B,0.9599310885968813,0.3055555555555556,1523,-72.4580869114107,0.15966621027000177,0.635870157782585,0.6503636018768281,0.0
long_max_Tlast,B,0.9599310885968813,0.3055555555555556,1524,-72.64419310383443,-0.054290554681747205,0.6165072524668582,0.6455184563482549,0.4680584544034593
long_max_Tlast,B,0.9599310885968813,0.3055555555555556,1525,-72.32484799056506,0.3660739367097103,0.6358634773929528,0.6503587750964779,0.0
long_max_Tlast,B,0.9599310885968813,0.3055555555555556,1526,-72.68400215832463,-0.027876908563099823,0.6164911701484311,0.6455040223315021,0.46805061995286273
long_max_Tlast,B,0.9599310885968813,0.3055555555555556,1527,-72.40229289113017,0.38233359965056,0.635869062692538,0.6503632087762841,0.0
long_max_Tlast,B,0.9599310885968813,0.3055555555555556,1528,-72.82028232618174,-0.04725661733876599,0.6164743947244861,0.6454913658098697,0.46803390213176077
long_max_Tlast,B,0.9599310885968813,0.3055555555555556,1529,-72.69695952003566,0.20251491597575177,0.6358611552162567,0.6503569332255283,0.0
long_max_Tlast,B,0.9599310885968813,0.3055555555555556,1530,-73.03815390768163,-0.10534339627320077,0.6164779055704315,0.6454953666081733,0.4680320153513052
long_max_Tlast,B,0.9599310885968813,0.3055555555555556,1531,-73.13582920684436,-0.10750789669840605,0.6358424605435622,0.6503433287759549,0.0
long_max_Tlast,B,0.9599310885968813,0.3055555555555556,1532,-73.292733722181,-0.18082488489072618,0.6164796739509663,0.6454965245873091,0.4680336195179562
long_max_Tlast,B,0.9599310885968813,0.3055555555555556,1533,-73.59308415595312,-0.4341467353128654,0.6358408669789777,0.6503423106182838,0.0
long_max_Tlast,B,0.9599310885968813,0.3055555555555556,1534,-73.52573771403506,-0.24606753389325725,0.6164617038027808,0.6454823165935932,0.468017544860851
long_max_Tlast,B,0.9599310885968813,0.3055555555555556,1535,-73.93617460850265,-0.657704813607234,0.6358490879771099,0.6503480605275342,0.0
long_max_Tlast,B,0.9599310885968813,0.3055555555555556,1536,-73.68671255132514,-0.27715999998937235,0.6164532206696108,0.6454744805339692,0.46801470650194466
long_max_Tlast,B,0.9599310885968813,0.3055555555555556,1537,-74.07442720655087,-0.6962923452493192,0.6358406448388596,0.6503414847612393,0.0
long_max_Tlast,B,0.9599310885968813,0.3055555555555556,1538,-73.75164340090299,-0.2626877814001275,0.616464195568466,0.6454822630029653,0.46802738629781404
long_max_Tlast,B,0.9599310885968813,0.3055555555555556,1539,-73.99207596814938,-0.5357707537317706,0.63582732924364,0.6503307729421826,0.0
long_max_Tlast,B,0.9599310885968813,0.3055555555555556,1540,-73.73184614681662,-0.20798990173428633,0.6164655999497437,0.6454831939665997,0.4680283501129664
long_max_Tlast,B,0.9599310885968813,0.3055555555555556,1541,-73.75424346913059,-0.2349427772455258,0.635831710918741,0.6503336568571314,0.0
long_max_Tlast,B,0.9599310885968813,0.3055555555555556,1542,-73.66944263396556,-0.13308672851157266,0.6164527129209563,0.6454709257426167,0.4680247860216208
long_max_Tlast,B,0.9599310885968813,0.3055555555555556,1543,-73.48317916430412,0.09595497077960247,0.6358402225084984,0.6503401036102706,0.0
long_max_Tlast,B,0.9599310885968813,0.3055555555555556,1544,-73.62219843502213,-0.06540437254616915,0.6164488615826765,0.6454675303910453,0.46802286170200724
long_max_Tlast,B,0.9599310885968813,0.3055555555555556,1545,-73.31310461444107,0.3356991291857926,0.6358323055309077,0.6503336379986466,0.0
long_max_Tlast,B,0.9599310885968813,0.3055555555555556,1546,-73.6425521002166,-0.029777234290128685,0.6164590420196853,0.645477345796389,0.4680242812146678
long_max_Tlast,B,0.9599310885968813,0.3055555555555556,1547,-73.34122570472925,0.39645362148059676,0.6358215738723315,0.6503257750509407,0.0
long_max_Tlast,B,0.9599310885968813,0.3055555555555556,1548,-73.7579772386162,-0.03923387158312419,0.6164601069052985,0.6454779953462972,0.46802497801088067
long_max_Tlast,B,0.9599310885968813,0.3055555555555556,1549,-73.59230096182817,0.25594372453970404,0.6358289222035178,0.6503319302059913,0.0
long_max_Tlast,B,0.9599310885968813,0.3055555555555556,1550,-73.9610831032128,-0.09030395790653845,0.6164458850095753,0.6454670428787382,0.46801115036101865
long_max_Tlast,B,0.9599310885968813,0.3055555555555556,1551,-74.00931354450215,-0.03432865955078679,0.6358385686640761,0.6503389119496519,0.0
long_max_Tlast,B,0.9599310885968813,0.3055555555555556,1552,-74.21247033711481,-0.16429729845713026,0.6164458904114545,0.6454680275892648,0.46800731217912905
long_max_Tlast,B,0.9599310885968813,0.3055555555555556,1553,-74.47442286445713,-0.3680159650523907,0.6358303361451025,0.6503326766492257,0.0
long_max_Tlast,B,0.9599310885968813,0.3055555555555556,1554,-74.45499395494232,-0.23407428520941634,0.6164622812881729,0.6454805946334823,0.4680224151199608
long_max_Tlast,B,0.9599310885968813,0.3055555555555556,1555,-74.85216772626315,-0.6228713809694026,0.6358246884959293,0.6503283172273484,0.0
long_max_Tlast,B,0.9599310885968813,0.3055555555555556,1556,-74.63481645752731,-0.2740841548029085,0.6164630605401763,0.6454809423356876,0.4680232212834622
long_max_Tlast,B,0.9599310885968813,0.3055555555555556,1557,-75.03909595246978,-0.705495942531424,0.6358383657685187,0.6503379532546482,0.0
long_max_Tlast,B,0.9599310885968813,0.3055555555555556,1558,-74.72097872658277,-0.26967391651124983,0.6164546114793447,0.6454729340094447,0.4680207446519105
long_max_Tlast,B,0.9599310885968813,0.3055555555555556,1559,-75.001784944685,-0.5856233648723269,0.6358481180238074,0.650345035557701,0.0
long_max_Tlast,B,0.9599310885968813,0.3055555555555556,1560,-74.71679520840675,-0.2224244579255891,0.6164638545233795,0.6454791091520526,0.46803305445534343
long_max_Tlast,B,0.9599310885968813,0.3055555555555556,1561,-74.78883337869942,-0.3071746925128227,0.6358415504008759,0.6503395966568631,0.0
long_max_Tlast,B,0.9599310885968813,0.3055555555555556,1562,-74.65891973967143,-0.1496778454982962,0.6164796469391682,0.6454927780334723,0.46804137504774523
long_max_Tlast,B,0.9599310885968813,0.3055555555555556,1563,-74.51312652574087,0.027847796258563318,0.6358410009755475,0.6503388891091969,0.0
long_max_Tlast,B,0.9599310885968813,0.3055555555555556,1564,-74.6035215635998,-0.07808676861835587,0.6164799525931888,0.6454928179308203,0.4680415233452322
long_max_Tlast,B,0.9599310885968813,0.3055555555555556,1565,-74.31077275964871,0.2966804758524776,0.63585618603707,0.650350871433027,0.0
long_max_Tlast,B,0.9599310885968813,0.3055555555555556,1566,-74.60572417493026,-0.03385007058628928,0.6164733034311363,0.6454873981446847,0.46803617304251066
long_max_Tlast,B,0.9599310885968813,0.3055555555555556,1567,-74.29091529658925,0.400830010080953,0.6358652884247638,0.6503576771362296,0.0
long_max_Tlast,B,0.9599310885968813,0.3055555555555556,1568,-74.69979419697196,-0.03320748243992913,0.6164824739696481,0.645496926675559,0.4680350657737807
long_max_Tlast,B,0.9599310885968813,0.3055555555555556,1569,-74.49570091357128,0.30214311196827665,0.6358592046053656,0.6503530861161804,0.0
long_max_Tlast,B,0.9599310885968813,0.3055555555555556,1570,-74.88627863481892,-0.07638490947582288,0.616500021582869,0.6455115448308231,0.4680465563889032
long_max_Tlast,B,0.9599310885968813,0.3055555555555556,1571,-74.88510245946914,0.03675351509827829,0.6358621473679298,0.6503557991888153,0.0
long_max_Tlast,B,0.9599310885968813,0.3055555555555556,1572,-75.13176117062784,-0.14754689413027497,0.6165000309408151,0.6455113275200877,0.46804670569382967
long_max_Tlast,B,0.9599310885968813,0.3055555555555556,1573,-75.35144853701414,-0.2980903262893486,0.6358815667186849,0.6503700493829455,0.0
long_max_Tlast,B,0.9599310885968813,0.3055555555555556,1574,-75.3812747072867,-0.22064471965628016,0.6164969263965527,0.6455090178671232,0.46804331250264364
long_max_Tlast,B,0.9599310885968813,0.3055555555555556,1575,-75.7588585457381,-0.5796970316159802,0.6358906246952248,0.6503764298434727,0.0
long_max_Tlast,B,0.9599310885968813,0.3055555555555556,1576,-75.57833429766643,-0.26886925384041227,0.6165157650555606,0.6455231353999458,0.46806239856938214
long_max_Tlast,B,0.9599310885968813,0.3055555555555556,1577,-75.99301036386629,-0.7049007850036773,0.6358865772186838,0.6503731424494188,0.0
long_max_Tlast,B,0.9599310885968813,0.3055555555555556,1578,-75.68578260738931,-0.2745541529227709,0.6165344709092744,0.6455380500372675,0.46807729086579125
long_max_Tlast,B,0.9599310885968813,0.3055555555555556,1579,-76.00299649398636,-0.6278031713001222,0.635895961300901,0.650379610641645,0.0
long_max_Tlast,B,0.9599310885968813,0.3055555555555556,1580,-75.69924492043384,-0.23563718497324243,0.6165342618493926,0.6455376776823814,0.4680772578299523
long_max_Tlast,B,0.9599310885968813,0.3055555555555556,1581,-75.82021515276476,-0.37664589473698623,0.6359164951241625,0.6503951057755673,0.0
long_max_Tlast,B,0.9599310885968813,0.3055555555555556,1582,-75.64860628133019,-0.16633876509527484,0.616536843779215,0.6455389536254414,0.46808238968524685
long_max_Tlast,B,0.9599310885968813,0.3055555555555556,1583,-75.5466585252242,-0.04345709498669348,0.6359237025613318,0.6504005982686012,0.0
long_max_Tlast,B,0.9599310885968813,0.3055555555555556,1584,-75.58748129882486,-0.09206508347755221,0.6165550029999189,0.6455553720388935,0.46808977405698826
long_max_Tlast,B,0.9599310885968813,0.3055555555555556,1585,-75.31738753109485,0.24970110777531668,0.6359214092121767,0.6503987411295232,0.0
long_max_Tlast,B,0.9599310885968813,0.3055555555555556,1586,-75.57334338679189,-0.0400483130331023,0.6165706004991032,0.6455693365919404,0.4680960926863797
long_max_Tlast,B,0.9599310885968813,0.3055555555555556,1587,-75.25142131148448,0.3953995787691368,0.6359328755863313,0.6504080545516575,0.0
long_max_Tlast,B,0.9599310885968813,0.3055555555555556,1588,-75.6462086735507,-0.029313319422811568,0.6165702013896419,0.6455688850360315,0.4680958172097797
long_max_Tlast,B,0.9599310885968813,0.3055555555555556,1589,-75.4080067559486,0.34024468416425924,0.6359539727190455,0.6504241262584922,0.0
long_max_Tlast,B,0.9599310885968813,0.3055555555555556,1590,-75.81436175599814,-0.06381451860808765,0.6165734773636655,0.6455728817003514,0.4680931991882506
long_max_Tlast,B,0.9599310885968813,0.3055555555555556,1591,-75.76469206676217,0.10445409864357058,0.6359606307178256,0.6504287688098466,0.0
long_max_Tlast,B,0.9599310885968813,0.3055555555555556,1592,-76.0512310278749,-0.13091423840063937,0.6165967082543322,0.6455919332245158,0.46811028458210235
long_max_Tlast,B,0.9599310885968813,0.3055555555555556,1593,-76.22574333423822,-0.22560178233237516,0.6359600519212408,0.6504284570437237,0.0
long_max_Tlast,B,0.9599310885968813,0.3055555555555556,1594,-76.30498854398502,-0.20600495121043283,0.6166142637795751,0.6456053017099136,0.468126746816629
long_max_Tlast,B,0.9599310885968813,0.3055555555555556,1595,-76.65720188276799,-0.5289846182126503,0.6359769432828359,0.6504407705898793,0.0
long_max_Tlast,B,0.9599310885968813,0.3055555555555556,1596,-76.51764076918701,-0.26159836575116013,0.6166139169842824,0.6456049225227033,0.46812655343469545
long_max_Tlast,B,0.9599310885968813,0.3055555555555556,1597,-76.93598774235198,-0.6945129077834142,0.6359990102662643,0.650456888999682,0.0
long_max_Tlast,B,0.9599310885968813,0.3055555555555556,1598,-76.64616043327695,-0.2773051292329073,0.6166246319170762,0.645612661334338,0.46813872220090674
long_max_Tlast,B,0.9599310885968813,0.3055555555555556,1599,-76.99496051733053,-0.6615439590539335,0.6360036030504209,0.6504603588317577,0.0
long_max_Tlast,B,0.9599310885968813,0.3055555555555556,1600,-76.67846826743344,-0.24735779490444704,0.6166494016722792,0.6456330388122407,0.46815667901762525
long_max_Tlast,B,0.9599310885968813,0.3055555555555556,1601,-76.8473608168394,-0.44213757053488,0.6360058776959173,0.6504618344888907,0.0
long_max_Tlast,B,0.9599310885968813,0.3055555555555556,1602,-76.6378207806516,-0.18276112241633202,0.6166614381049091,0.6456441357753211,0.46816026746062633
long_max_Tlast,B,0.9599310885968813,0.3055555555555556,1603,-76.58225458020215,-0.11667370550621031,0.6360243991408757,0.650476114018165,0.0
long_max_Tlast,B,0.9599310885968813,0.3055555555555556,1604,-76.57394302981277,-0.10715354153561021,0.6166613251795074,0.645643964334063,0.46816035328599787
long_max_Tlast,B,0.9599310885968813,0.3055555555555556,1605,-76.33188864057075,0.1955813499162724,0.6360436177126889,0.6504911320781126,0.0
long_max_Tlast,B,0.9599310885968813,0.3055555555555556,1606,-76.5451874597558,-0.048235517011123163,0.6166717087592575,0.6456538696128044,0.46816286403034046
long_max_Tlast,B,0.9599310885968813,0.3055555555555556,1607,-76.22289045179431,0.38022415681843996,0.6360468982915483,0.6504934895385227,0.0
long_max_Tlast,B,0.9599310885968813,0.3055555555555556,1608,-76.5972199927748,-0.027626070711356976,0.6166946820005554,0.6456742628007298,0.46817365483897205
long_max_Tlast,B,0.9599310885968813,0.3055555555555556,1609,-76.33012783794683,0.3695837414630522,0.6360504047916565,0.6504964980187028,0.0
long_max_Tlast,B,0.9599310885968813,0.3055555555555556,1610,-76.74589806862542,-0.05284932065087844,0.6167070305461676,0.6456837140426234,0.46818504722728943
long_max_Tlast,B,0.9599310885968813,0.3055555555555556,1611,-76.6493804080539,0.16753793980089432,0.6360712020959547,0.650512313186457,0.0
long_max_Tlast,B,0.9599310885968813,0.3055555555555556,1612,-76.97167391198548,-0.11467202517915334,0.6167070258826082,0.6456838201170888,0.4681846953552637
long_max_Tlast,B,0.9599310885968813,0.3055555555555556,1613,-77.09865996750818,-0.15186729826473533,0.6360903824644439,0.6505261315705678,0.0
long_max_Tlast,B,0.9599310885968813,0.3055555555555556,1614,-77.22682358436255,-0.19045433547321639,0.616722836066322,0.6456965229953577,0.4681977203355237
long_max_Tlast,B,0.9599310885968813,0.3055555555555556,1615,-77.54831044347715,-0.4716092742137755,0.6360921252741735,0.6505273450056112,0.0
long_max_Tlast,B,0.9599310885968813,0.3055555555555556,1616,-77.45284113300755,-0.2524019686777409,0.6167492573317355,0.6457170690835266,0.46822152033586895
long_max_Tlast,B,0.9599310885968813,0.3055555555555556,1617,-77.86849865031985,-0.6745288896524871,0.6360986537332711,0.6505321009840347,0.0
long_max_Tlast,B,0.9599310885968813,0.3055555555555556,1618,-77.60195509666785,-0.27783908202977065,0.6167569703252095,0.645723796078183,0.4682253670622163
long_max_Tlast,B,0.9599310885968813,0.3055555555555556,1619,-77.97687261406381,-0.6862441299999926,0.6361211032312728,0.6505487764089272,0.0
long_max_Tlast,B,0.9599310885968813,0.3055555555555556,1620,-77.65441885574742,-0.2574383554931669,0.6167577763791087,0.6457244005856964,0.4682263846985809
long_max_Tlast,B,0.9599310885968813,0.3055555555555556,1621,-77.86880467129902,-0.5024656915812019,0.636135786106353,0.6505602671378906,0.0
long_max_Tlast,B,0.9599310885968813,0.3055555555555556,1622,-77.62592644565538,-0.19864834668397896,0.6167745898215162,0.6457387031811926,0.4682371663388871
long_max_Tlast,B,0.9599310885968813,0.3055555555555556,1623,-77.61879247633752,-0.1905246246965684,0.6361356754315061,0.6505603386920881,0.0
long_max_Tlast,B,0.9599310885968813,0.3055555555555556,1624,-77.5620655055469,-0.12304555922578309,0.6167943136543357,0.6457569720065665,0.4682434347352601
long_max_Tlast,B,0.9599310885968813,0.3055555555555556,1625,-77.35333727275666,0.13528799805775116,0.6361432745799774,0.6505664062409898,0.0
long_max_Tlast,B,0.9599310885968813,0.3055555555555556,1626,-77.52117238858517,-0.05831971239516401,0.616799041864475,0.6457610978150468,0.46824581146854594
long_max_Tlast,B,0.9599310885968813,0.3055555555555556,1627,-77.20482609739933,0.3555649939167451,0.636164279167045,0.6505828646308236,0.0
long_max_Tlast,B,0.9599310885968813,0.3055555555555556,1628,-77.5530932173657,-0.028169639273021685,0.6167999471512324,0.6457621254150083,0.46824578190100036
long_max_Tlast,B,0.9599310885968813,0.3055555555555556,1629,-77.26267611474796,0.3895936155269281,0.6361767728486222,0.6505920095551707,0.0
long_max_Tlast,B,0.9599310885968813,0.3055555555555556,1630,-77.68121972083141,-0.04367620752459711,0.6168174345222338,0.6457774597791098,0.46825521431853073
long_max_Tlast,B,0.9599310885968813,0.3055555555555556,1631,-77.54059558797253,0.22489751021411664,0.6361758173175833,0.6505911734951806,0.0
long_max_Tlast,B,0.9599310885968813,0.3055555555555556,1632,-77.893610966215,-0.09914055135691258,0.6168392835054314,0.6457942891307993,0.46827551642035736
long_max_Tlast,B,0.9599310885968813,0.3055555555555556,1633,-77.97175839280531,-0.07819816436776456,0.6361853931365616,0.6505985037255015,0.0
long_max_Tlast,B,0.9599310885968813,0.3055555555555556,1634,-78.14739398986117,-0.17423713443651517,0.6168420198620492,0.6457959306853156,0.46827991007947045
long_max_Tlast,B,0.9599310885968813,0.3055555555555556,1635,-78.43318121133412,-0.408613715029328,0.6362073676034676,0.6506145141799122,0.0
long_max_Tlast,B,0.9599310885968813,0.3055555555555556,1636,-78.38454548071641,-0.24146822312815397,0.6168439896334214,0.6457975993620254,0.46828165921992226
long_max_Tlast,B,0.9599310885968813,0.3055555555555556,1637,-78.79080580728267,-0.645272742683131,0.6362156807040654,0.6506207482710751,0.0
long_max_Tlast,B,0.9599310885968813,0.3055555555555556,1638,-78.55311032473293,-0.276170168699037,0.6168643681101362,0.6458137859144366,0.46829914591730415
long_max_Tlast,B,0.9599310885968813,0.3055555555555556,1639,-78.94852717949749,-0.701461392770846,0.6362129750841196,0.6506189943547859,0.0
long_max_Tlast,B,0.9599310885968813,0.3055555555555556,1640,-78.62641308488783,-0.26564286443854007,0.6168790936134269,0.6458270549266769,0.46830527046741477
long_max_Tlast,B,0.9599310885968813,0.3055555555555556,1641,-78.88344792166627,-0.5565648811460675,0.6362237512274566,0.6506272227147828,0.0
long_max_Tlast,B,0.9599310885968813,0.3055555555555556,1642,-78.61256987130147,-0.21375466657048714,0.6168762594049882,0.645825668942588,0.46829963050357504
long_max_Tlast,B,0.9599310885968813,0.3055555555555556,1643,-78.65451244282295,-0.26368132357657825,0.6362417859260122,0.6506414666220403,0.0
long_max_Tlast,B,0.9599310885968813,0.3055555555555556,1644,-78.55148956323778,-0.13948464233922953,0.6168785507655479,0.6458278421805889,0.4683008127034237
long_max_Tlast,B,0.9599310885968813,0.3055555555555556,1645,-78.38062528131297,0.06986234671816555,0.6362455431472105,0.6506445801720895,0.0
long_max_Tlast,B,0.9599310885968813,0.3055555555555556,1646,-78.5006549527947,-0.07007466973563004,0.616895087715372,0.6458431538219812,0.4683065674604534
long_max_Tlast,B,0.9599310885968813,0.3055555555555556,1647,-78.1970041038959,0.3218531181388813,0.6362424263329229,0.6506422449184109,0.0
long_max_Tlast,B,0.9599310885968813,0.3055555555555556,1648,-78.51375115973705,-0.030965637554061343,0.6169072769162064,0.645853194710761,0.4683153363816067
long_max_Tlast,B,0.9599310885968813,0.3055555555555556,1649,-78.20597889823281,0.39992918870316585,0.6362533904285196,0.6506509281580322,0.0
long_max_Tlast,B,0.9599310885968813,0.3055555555555556,1650,-78.62084626047834,-0.03646200498850266,0.6169044377259503,0.6458498549236037,0.4683175058373824
long_max_Tlast,B,0.9599310885968813,0.3055555555555556,1651,-78.43932581302086,0.27547825084483746,0.6362703157591416,0.6506633267052055,0.0
long_max_Tlast,B,0.9599310885968813,0.3055555555555556,1652,-78.81770625279646,-0.08457705186556014,0.6169073888112138,0.645852563657661,0.4683192653323919
long_max_Tlast,B,0.9599310885968813,0.3055555555555556,1653,-78.84648746749785,-0.005889416709405515,0.6362711581068913,0.6506635291957478,0.0
long_max_Tlast,B,0.9599310885968813,0.3055555555555556,1654,-79.06721815078691,-0.1576731542224915,0.6169266982648764,0.6458675567804018,0.4683371343083747
long_max_Tlast,B,0.9599310885968813,0.3055555555555556,1655,-79.31323574660139,-0.34108991557313606,0.6362670411555622,0.6506606844883062,0.0
long_max_Tlast,B,0.9599310885968813,0.3055555555555556,1656,-79.31295493026349,-0.22895440827783478,0.6169348694767133,0.6458738120887535,0.4683448860608561
long_max_Tlast,B,0.9599310885968813,0.3055555555555556,1657,-79.703499804601,-0.6072789572560223,0.6362790867391763,0.6506696473011306,0.0
long_max_Tlast,B,0.9599310885968813,0.3055555555555556,1658,-79.49986846563377,-0.27232626494203616,0.6169265475683875,0.6458678363185681,0.468335813794078
long_max_Tlast,B,0.9599310885968813,0.3055555555555556,1659,-79.90931764855165,-0.7069026176010067,0.6362915948573145,0.6506792644162903,0.0
long_max_Tlast,B,0.9599310885968813,0.3055555555555556,1660,-79.59435307491262,-0.2718707584191978,0.6169302719243245,0.6458710336373695,0.4683387337280564
long_max_Tlast,B,0.9599310885968813,0.3055555555555556,1661,-79.89029135830731,-0.6034674798068071,0.6362867603591579,0.6506762145534322,0.0
long_max_Tlast,B,0.9599310885968813,0.3055555555555556,1662,-79.59684425692112,-0.22775807622842703,0.6169441169163633,0.6458837648566121,0.46834385487615793
long_max_Tlast,B,0.9599310885968813,0.3055555555555556,1663,-79.68825546270425,-0.3348620367849385,0.6362823843282128,0.6506731263097613,0.0
long_max_Tlast,B,0.9599310885968813,0.3055555555555556,1664,-79.54151995182168,-0.15618002403092074,0.616944677691492,0.6458854675975135,0.468339410021064
long_max_Tlast,B,0.9599310885968813,0.3055555555555556,1665,-79.41227362277714,0.00048137828441657815,0.6362930056433246,0.6506816491685115,0.0
long_max_Tlast,B,0.9599310885968813,0.3055555555555556,1666,-79.48349349005346,-0.0833332739990788,0.6169363689337374,0.6458780681321862,0.4683361081291803
long_max_Tlast,B,0.9599310885968813,0.3055555555555556,1667,-79.19858188168857,0.27966462563938277,0.6363015085833937,0.6506882163252624,0.0
long_max_Tlast,B,0.9599310885968813,0.3055555555555556,1668,-79.47902273799444,-0.035923128653682634,0.6169398882502681,0.645881476200532,0.4683374381548746
long_max_Tlast,B,0.9599310885968813,0.3055555555555556,1669,-79.16038800776661,0.40039426457087596,0.6362947131094601,0.6506826561476718,0.0
long_max_Tlast,B,0.9599310885968813,0.3055555555555556,1670,-79.56485423292304,-0.0313436029424643,0.6169533614534933,0.6458923335678173,0.46834833552742317
long_max_Tlast,B,0.9599310885968813,0.3055555555555556,1671,-79.34665089183801,0.31841460722431314,0.6362903190050233,0.6506795119148019,0.0
long_max_Tlast,B,0.9599310885968813,0.3055555555555556,1672,-79.74447047280972,-0.07124566278364003,0.6169532196229646,0.6458906398263062,0.46835445564795114
long_max_Tlast,B,0.9599310885968813,0.3055555555555556,1673,-79.72416582185141,0.06376183059327223,0.6363011084416678,0.6506875146562993,0.0
long_max_Tlast,B,0.9599310885968813,0.3055555555555556,1674,-79.98702531549283,-0.1410255898560643,0.6169422060157068,0.6458817128379146,0.46834652928194637
long_max_Tlast,B,0.9599310885968813,0.3055555555555556,1675,-80.18959231540487,-0.27022948712298633,0.6363061082086665,0.6506908907710383,0.0
long_max_Tlast,B,0.9599310885968813,0.3055555555555556,1676,-80.23862400246747,-0.21511575313052353,0.6169467291209337,0.6458854207728288,0.4683505651084624
long_max_Tlast,B,0.9599310885968813,0.3055555555555556,1677,-80.60737407276439,-0.5611845302011893,0.6362946127327068,0.650682683877963,0.0
long_max_Tlast,B,0.9599310885968813,0.3055555555555556,1678,-80.44207794200403,-0.2663481508168901,0.6169563320289858,0.6458934087592166,0.46835734007126856
long_max_Tlast,B,0.9599310885968813,0.3055555555555556,1679,-80.8593448536844,-0.7024821522301692,0.6362900773464527,0.6506796047046416,0.0
long_max_Tlast,B,0.9599310885968813,0.3055555555555556,1680,-80.55790346977066,-0.2759782552600024,0.6169467441449177,0.6458869825663288,0.468344723842234
long_max_Tlast,B,0.9599310885968813,0.3055555555555556,1681,-80.88817660084405,-0.6423325046129664,0.6362987100945072,0.650686414850223,0.0
long_max_Tlast,B,0.9599310885968813,0.3055555555555556,1682,-80.57854466379692,-0.24046270060326924,0.6169344513870987,0.6458771452576059,0.46833537348234616
long_max_Tlast,B,0.9599310885968813,0.3055555555555556,1683,-80.71840708343132,-0.40279617203449813,0.6362975573880368,0.6506861007353409,0.0
long_max_Tlast,B,0.9599310885968813,0.3055555555555556,1684,-80.53139908061735,-0.1728036420222174,0.616938074351994,0.6458806597239554,0.4683366014366282
long_max_Tlast,B,0.9599310885968813,0.3055555555555556,1685,-80.44715483395777,-0.07164665460502762,0.6362842674231125,0.6506760407844324,0.0
long_max_Tlast,B,0.9599310885968813,0.3055555555555556,1686,-80.46888860875065,-0.09782967861820482,0.6169427225355146,0.6458852944424754,0.46833686759740384
long_max_Tlast,B,0.9599310885968813,0.3055555555555556,1687,-80.20875523140703,0.22976800626061566,0.6362804271546242,0.6506732616238644,0.0
long_max_Tlast,B,0.9599310885968813,0.3055555555555556,1688,-80.44884204013145,-0.04299282535230026,0.6169331270121223,0.6458760068119902,0.46833547052501645
long_max_Tlast,B,0.9599310885968813,0.3055555555555556,1689,-80.12567576548562,0.3909802122485402,0.6362875501441638,0.650678701681525,0.0
long_max_Tlast,B,0.9599310885968813,0.3055555555555556,1690,-80.51351935367306,-0.028381597441690776,0.61692174547233,0.6458660153210645,0.4683303822280523
long_max_Tlast,B,0.9599310885968813,0.3055555555555556,1691,-80.26333615409601,0.35293106931064744,0.6362838608465987,0.6506752801917357,0.0
long_max_Tlast,B,0.9599310885968813,0.3055555555555556,1692,-80.67429808627469,-0.059376955627385625,0.6169258567973542,0.6458694196663657,0.4683338350942274
long_max_Tlast,B,0.9599310885968813,0.3055555555555556,1693,-80.60622790064201,0.129562245248579,0.6362685110931057,0.6506637432325748,0.0
long_max_Tlast,B,0.9599310885968813,0.3055555555555556,1694,-80.90725090693809,-0.12459817255435135,0.616929335726282,0.6458711609534035,0.46834070651770615
long_max_Tlast,B,0.9599310885968813,0.3055555555555556,1695,-81.06370225683767,-0.19728277254319593,0.6362648042871252,0.6506612748103975,0.0
long_max_Tlast,B,0.9599310885968813,0.3055555555555556,1696,-81.1620063005782,-0.20015437321012824,0.6169131681552759,0.6458583075629832,0.4683273542952083
long_max_Tlast,B,0.9599310885968813,0.3055555555555556,1697,-81.50311846342922,-0.5078132871282656,0.6362699141679553,0.6506650354965756,0.0
long_max_Tlast,B,0.9599310885968813,0.3055555555555556,1698,-81.380179188503,-0.25837047887363096,0.6168997084746584,0.6458480504189897,0.46831507277457424
long_max_Tlast,B,0.9599310885968813,0.3055555555555556,1699,-81.7985028085971,-0.6882481429739589,0.6362600739704072,0.6506581099017656,0.0
long_max_Tlast,B,0.9599310885968813,0.3055555555555556,1700,-81.51677691199694,-0.27788969330813684,0.6169028944950601,0.6458509231221288,0.46831685884518093
long_max_Tlast,B,0.9599310885968813,0.3055555555555556,1701,-81.87656417506946,-0.6724806895792945,0.6362428751982372,0.6506455830657135,0.0
long_max_Tlast,B,0.9599310885968813,0.3055555555555556,1702,-81.55685493003635,-0.25158639962572815,0.6168984890764989,0.6458485657276102,0.46830859629825394
long_max_Tlast,B,0.9599310885968813,0.3055555555555556,1703,-81.74363054693924,-0.4662806974095448,0.636240068638268,0.6506435923431306,0.0
long_max_Tlast,B,0.9599310885968813,0.3055555555555556,1704,-81.52068620979402,-0.18910049175526994,0.6168803186257021,0.6458334233955157,0.46829633382664754
long_max_Tlast,B,0.9599310885968813,0.3055555555555556,1705,-81.4835276328061,-0.1452278090110951,0.6362419750702709,0.650645317217877,0.0
long_max_Tlast,B,0.9599310885968813,0.3055555555555556,1706,-81.45640041877755,-0.11330345794989538,0.6168700169615247,0.6458241300875992,0.4682927691012936
long_max_Tlast,B,0.9599310885968813,0.3055555555555556,1707,-81.22655985411069,0.17302906099985482,0.6362297632828812,0.6506357337703816,0.0
long_max_Tlast,B,0.9599310885968813,0.3055555555555556,1708,-81.4226660340305,-0.05200242602401889,0.6168724152802147,0.6458263324142627,0.46829393646721584
long_max_Tlast,B,0.9599310885968813,0.3055555555555556,1709,-81.10177698369975,0.3718776240677826,0.636213401937158,0.650623094088108,0.0
long_max_Tlast,B,0.9599310885968813,0.3055555555555556,1710,-81.46685654926384,-0.02765375536594905,0.6168679768188009,0.6458212778401724,0.46829600197783516
long_max_Tlast,B,0.9599310885968813,0.3055555555555556,1711,-81.18995073421212,0.37844026393503327,0.6362110961898562,0.6506215539946842,0.0
long_max_Tlast,B,0.9599310885968813,0.3055555555555556,1712,-81.60767807578969,-0.04916075732608996,0.6168489644808046,0.6458046265873479,0.4682863545511226
long_max_Tlast,B,0.9599310885968813,0.3055555555555556,1713,-81.49378687606901,0.19033011132162875,0.6362113932781899,0.6506213874227752,0.0
long_max_Tlast,B,0.9599310885968813,0.3055555555555556,1714,-81.82855237085072,-0.10866817480773924,0.6168375541234985,0.6457959081336601,0.46827607198931004
long_max_Tlast,B,0.9599310885968813,0.3055555555555556,1715,-81.93690588829186,-0.12351132659451591,0.6361953323297342,0.650609292367468,0.0
long_max_Tlast,B,0.9599310885968813,0.3055555555555556,1716,-82.08353536359314,-0.1843543776237273,0.616839541513089,0.6457973595121378,0.46827838617907597
long_max_Tlast,B,0.9599310885968813,0.3055555555555556,1717,-82.3919141204009,-0.4480959211179045,0.6361777992855624,0.6505967045966771,0.0
long_max_Tlast,B,0.9599310885968813,0.3055555555555556,1718,-82.31421058714852,-0.24848560038316567,0.616828126242629,0.6457886143055486,0.46826731637295704
long_max_Tlast,B,0.9599310885968813,0.3055555555555556,1719,-82.72704197871921,-0.6644721404782568,0.6361762036167327,0.6505956424106564,0.0
long_max_Tlast,B,0.9599310885968813,0.3055555555555556,1720,-82.47104759962939,-0.27758317438731056,0.6168049776457555,0.645770532922111,0.468246951164403
long_max_Tlast,B,0.9599310885968813,0.3055555555555556,1721,-82.85454951846481,-0.6933599096929635,0.6361725832153919,0.650593199092067,0.0
long_max_Tlast,B,0.9599310885968813,0.3055555555555556,1722,-82.53147196724991,-0.26095853372028266,0.6167966751563099,0.6457633541341811,0.4682428631799663
long_max_Tlast,B,0.9599310885968813,0.3055555555555556,1723,-82.76272904587205,-0.5241961049223907,0.636153834757584,0.6505792248208224,0.0
long_max_Tlast,B,0.9599310885968813,0.3055555555555556,1724,-82.50842156303435,-0.2047200982090366,0.6167965411160248,0.6457636322931495,0.4682412848728198
long_max_Tlast,B,0.9599310885968813,0.3055555555555556,1725,-82.52011409230548,-0.21896208415250779,0.6361389342913127,0.650567702392131,0.0
long_max_Tlast,B,0.9599310885968813,0.3055555555555556,1726,-82.44539151154154,-0.12949301621569942,0.6167837188970079,0.6457524481668178,0.4682341474066425
long_max_Tlast,B,0.9599310885968813,0.3055555555555556,1727,-82.25065992438829,0.11048244740375673,0.6361380610527622,0.6505670905524666,0.0
long_max_Tlast,B,0.9599310885968813,0.3055555555555556,1728,-82.4003309138451,-0.06281070336808409,0.6167646225042231,0.6457349708991597,0.46822743846733417
long_max_Tlast,B,0.9599310885968813,0.3055555555555556,1729,-82.08815738021676,0.34341642747959733,0.6361328716474561,0.6505627849116613,0.0
long_max_Tlast,B,0.9599310885968813,0.3055555555555556,1730,-82.42478135103255,-0.029127019972639556,0.6167576137814823,0.6457292325527519,0.46822270969064655
long_max_Tlast,B,0.9599310885968813,0.3055555555555556,1731,-82.12704555810764,0.3945065322063752,0.6361136338426926,0.6505477836968856,0.0
long_max_Tlast,B,0.9599310885968813,0.3055555555555556,1732,-82.54484008855027,-0.04079169443775954,0.6167574362570453,0.645728617815031,0.4682242581018742
long_max_Tlast,B,0.9599310885968813,0.3055555555555556,1733,-82.3880572826034,0.24502569762133236,0.6360993515815239,0.6505374183224877,0.0
long_max_Tlast,B,0.9599310885968813,0.3055555555555556,1734,-82.75143980928625,-0.09350567085342029,0.6167418964544373,0.64571517690985,0.46821519285716007
long_max_Tlast,B,0.9599310885968813,0.3055555555555556,1735,-82.81056416100381,-0.05024096712852388,0.6360988795890498,0.6505371619057575,0.0
long_max_Tlast,B,0.9599310885968813,0.3055555555555556,1736,-83.00387078853298,-0.16797443472999513,0.6167192423805588,0.6456976647428297,0.4681945641321973
long_max_Tlast,B,0.9599310885968813,0.3055555555555556,1737,-83.2747312868232,-0.38308369700926503,0.636090541106719,0.6505308771359287,0.0
long_max_Tlast,B,0.9599310885968813,0.3055555555555556,1738,-83.2446035726739,-0.2369024375480226,0.6167138199961981,0.6456935473050496,0.46818962622093185
long_max_Tlast,B,0.9599310885968813,0.3055555555555556,1739,-83.64547623245807,-0.6315606433275847,0.6360689438065448,0.6505151189180416,0.0
long_max_Tlast,B,0.9599310885968813,0.3055555555555556,1740,-83.42043748346856,-0.2750237703355954,0.6167110893271466,0.6456915558640645,0.46818639011047947
long_max_Tlast,B,0.9599310885968813,0.3055555555555556,1741,-83.82188056705802,-0.7046239755262722,0.636057573186353,0.6505065880674984,0.0
long_max_Tlast,B,0.9599310885968813,0.3055555555555556,1742,-83.50199222159551,-0.26839836608574263,0.6166918340876371,0.6456761764796842,0.46817023698902216
long_max_Tlast,B,0.9599310885968813,0.3055555555555556,1743,-83.7743309557881,-0.5755045296919401,0.6360577319536175,0.6505066480857546,0.0
long_max_Tlast,B,0.9599310885968813,0.3055555555555556,1744,-83.49426248159256,-0.219431587039435,0.6166746038537807,0.6456607468750475,0.4681628703652619
long_max_Tlast,B,0.9599310885968813,0.3055555555555556,1745,-83.55532309117672,-0.29153765156876493,0.6360474678616469,0.6504987739526081,0.0
long_max_Tlast,B,0.9599310885968813,0.3055555555555556,1746,-83.43507943699807,-0.1460656465591608,0.6166726998402647,0.6456586300035045,0.4681638888323023
long_max_Tlast,B,0.9599310885968813,0.3055555555555556,1747,-83.27999723074016,0.04323278580821788,0.6360280698172793,0.6504835200415063,0.0
long_max_Tlast,B,0.9599310885968813,0.3055555555555556,1748,-83.3812320676837,-0.07521181584798259,0.6166695531691192,0.6456556409593667,0.4681627581276583
long_max_Tlast,B,0.9599310885968813,0.3055555555555556,1749,-83.08420796587822,0.30613964440150143,0.6360195861952176,0.6504770767567711,0.0
long_max_Tlast,B,0.9599310885968813,0.3055555555555556,1750,-83.38733856518566,-0.03280351291116032,0.6166523799720302,0.6456398571617566,0.4681563850453298
long_max_Tlast,B,0.9599310885968813,0.3055555555555556,1751,-83.07476616819179,0.4008461080169196,0.6360199066590797,0.6504773128327047,0.0
long_max_Tlast,B,0.9599310885968813,0.3055555555555556,1752,-83.48611515229905,-0.03438348452517964,0.6166355140260541,0.645626195204937,0.46814350960642803
long_max_Tlast,B,0.9599310885968813,0.3055555555555556,1753,-83.29006341727377,0.2926755249549776,0.6360083468412293,0.650468211393788,0.0
long_max_Tlast,B,0.9599310885968813,0.3055555555555556,1754,-83.67642205072592,-0.07938899832562335,0.6166338581529258,0.645625526711046,0.46813966204817775
long_max_Tlast,B,0.9599310885968813,0.3055555555555556,1755,-83.68616118688473,0.0212610702905619,0.6359883983562374,0.6504535954726409,0.0
long_max_Tlast,B,0.9599310885968813,0.3055555555555556,1756,-83.92348306841969,-0.15130449196465903,0.6166290473856527,0.6456213758440159,0.4681364187107788
long_max_Tlast,B,0.9599310885968813,0.3055555555555556,1757,-84.15291562702068,-0.3139487426451989,0.6359822211341435,0.6504493244852905,0.0
long_max_Tlast,B,0.9599310885968813,0.3055555555555556,1758,-84.17176444644717,-0.22379481664894368,0.6166076454235255,0.6456046978376839,0.46811688398286266
long_max_Tlast,B,0.9599310885968813,0.3055555555555556,1759,-84.55428706249327,-0.5901127033069469,0.635982830377175,0.6504496689707489,0.0
long_max_Tlast,B,0.9599310885968813,0.3055555555555556,1760,-84.36524245964135,-0.27029895631443673,0.6165942668114177,0.645593777857163,0.4681070122588542
long_max_Tlast,B,0.9599310885968813,0.3055555555555556,1761,-84.7782389716719,-0.7060599868602913,0.6359692134848675,0.6504395400437252,0.0
long_max_Tlast,B,0.9599310885968813,0.3055555555555556,1762,-84.46798992068477,-0.27375795382468415,0.6165966439261644,0.6455951067597452,0.4681111731830287
long_max_Tlast,B,0.9599310885968813,0.3055555555555556,1763,-84.77764213441243,-0.619314476171713,0.6359524892954712,0.6504266502292199,0.0
long_max_Tlast,B,0.9599310885968813,0.3055555555555556,1764,-84.47744578145216,-0.2329341871467236,0.616590457939401,0.6455899487031214,0.468106370662926
long_max_Tlast,B,0.9599310885968813,0.3055555555555556,1765,-84.58767271632513,-0.3616557294404554,0.6359507248275097,0.6504249505285356,0.0
long_max_Tlast,B,0.9599310885968813,0.3055555555555556,1766,-84.42505614770961,-0.16277439539360605,0.6165735240249293,0.6455744459330234,0.4680998763776151
long_max_Tlast,B,0.9599310885968813,0.3055555555555556,1767,-84.31302850767634,-0.027509287343343125,0.635951333730946,0.6504252880340701,0.0
long_max_Tlast,B,0.9599310885968813,0.3055555555555556,1768,-84.36492908899646,-0.08896820041180081,0.6165655546010327,0.6455669318454645,0.46809799238660443
long_max_Tlast,B,0.9599310885968813,0.3055555555555556,1769,-84.08927656191192,0.2606998980043151,0.6359383375583583,0.650414901274185,0.0
long_max_Tlast,B,0.9599310885968813,0.3055555555555556,1770,-84.3541996937384,-0.03858939065619377,0.6165680828871656,0.6455694812971638,0.46809780394547335
long_max_Tlast,B,0.9599310885968813,0.3055555555555556,1771,-84.03330623185484,0.3973788726422781,0.6359240231489105,0.6504040644092701,0.0
long_max_Tlast,B,0.9599310885968813,0.3055555555555556,1772,-84.43175038517958,-0.030079257310076157,0.6165618909590868,0.645563705313432,0.4680953162096339
long_max_Tlast,B,0.9599310885968813,0.3055555555555556,1773,-84.20067257998309,0.33244016758138406,0.635924058186141,0.6504045354668874,0.0
long_max_Tlast,B,0.9599310885968813,0.3055555555555556,1774,-84.60407728164446,-0.06654642174115072,0.616543500311979,0.6455489426438241,0.4680802223851156
long_max_Tlast,B,0.9599310885968813,0.3055555555555556,1775,-84.56502733716567,0.08969861615834407,0.6359245939749951,0.6504047870852274,0.0
long_max_Tlast,B,0.9599310885968813,0.3055555555555556,1776,-84.8430612101231,-0.13464941772774303,0.6165363872921796,0.6455442870057773,0.46807046986258494
long_max_Tlast,B,0.9599310885968813,0.3055555555555556,1777,-85.02781953058388,-0.24190299066502635,0.6359103626505298,0.6503942341261186,0.0
long_max_Tlast,B,0.9599310885968813,0.3055555555555556,1778,-85.09610503262655,-0.20941297132195308,0.6165414914635969,0.6455482744653283,0.46807472475949946
long_max_Tlast,B,0.9599310885968813,0.3055555555555556,1779,-85.45445245458914,-0.5408778645740043,0.6358989540223978,0.6503858944558856,0.0
long_max_Tlast,B,0.9599310885968813,0.3055555555555556,1780,-85.30549923543587,-0.26345204149351376,0.6165332888211308,0.6455417231616805,0.4680673485258462
long_max_Tlast,B,0.9599310885968813,0.3055555555555556,1781,-85.72356784993218,-0.6976671429968512,0.6359032953943085,0.6503888186512345,0.0
long_max_Tlast,B,0.9599310885968813,0.3055555555555556,1782,-85.4294787702922,-0.276976855597183,0.6165184915587396,0.645529084824591,0.46805815967565245
long_max_Tlast,B,0.9599310885968813,0.3055555555555556,1783,-85.77160992599369,-0.6548331097716471,0.6359036820658651,0.6503889196991783,0.0
long_max_Tlast,B,0.9599310885968813,0.3055555555555556,1784,-85.4575230893666,-0.2450042539471218,0.6165196050010205,0.6455286196454016,0.46806444196022656
long_max_Tlast,B,0.9599310885968813,0.3055555555555556,1785,-85.61593536510416,-0.4280801241329719,0.6358911599817706,0.6503790378378626,0.0
long_max_Tlast,B,0.9599310885968813,0.3055555555555556,1786,-85.4144427669275,-0.17927185349821806,0.6165257286104302,0.6455335691944545,0.4680688475849676
long_max_Tlast,B,0.9599310885968813,0.3055555555555556,1787,-85.34847476248859,-0.10047808519896484,0.6358848582457804,0.6503738010721066,0.0
long_max_Tlast,B,0.9599310885968813,0.3055555555555556,1788,-85.351003571263,-0.10386782495983996,0.6165188079672439,0.6455270393527783,0.4680664080559176
long_max_Tlast,B,0.9599310885968813,0.3055555555555556,1789,-85.10229131334138,0.2079295412591735,0.6358910614681135,0.6503786381543897,0.0
long_max_Tlast,B,0.9599310885968813,0.3055555555555556,1790,-85.32530534763306,-0.0463916975597749,0.616507441272669,0.6455169538031607,0.46806081428766033
long_max_Tlast,B,0.9599310885968813,0.3055555555555556,1791,-85.00258715290754,0.3841477431747107,0.6358911894601439,0.6503785449303192,0.0
long_max_Tlast,B,0.9599310885968813,0.3055555555555556,1792,-85.38181934534953,-0.02792708132084737,0.6165087429047346,0.6455192874085559,0.46805681101531565
long_max_Tlast,B,0.9599310885968813,0.3055555555555556,1793,-85.12077845171927,0.36362364990769647,0.6358793275018149,0.6503695416886313,0.0
long_max_Tlast,B,0.9599310885968813,0.3055555555555556,1794,-85.53485132757666,-0.05523495443226631,0.6165151167097214,0.6455248307629443,0.46805978306031387
long_max_Tlast,B,0.9599310885968813,0.3055555555555556,1795,-85.44856132832656,0.15386348520475773,0.635875414161487,0.6503671557177345,0.0
long_max_Tlast,B,0.9599310885968813,0.3055555555555556,1796,-85.76324322434692,-0.11829230524940693,0.6165068044966934,0.6455181045938378,0.46805268722305815
long_max_Tlast,B,0.9599310885968813,0.3055555555555556,1797,-85.90083676232229,-0.16826652502325057,0.6358842883356683,0.6503737863321393,0.0
long_max_Tlast,B,0.9599310885968813,0.3055555555555556,1798,-86.01829969416795,-0.1940158468876818,0.6164966504394375,0.6455105605169896,0.46804199235465593
long_max_Tlast,B,0.9599310885968813,0.3055555555555556,1799,-86.34686491406964,-0.4847317485048728,0.6358841446188647,0.6503734795101673,0.0
long_max_Tlast,B,0.9599310885968813,0.3055555555555556,1800,-86.24152248660869,-0.2546427293171918,0.616504909127462,0.6455166694449083,0.4680506312572653
long_max_Tlast,B,0.9599310885968813,0.3055555555555556,1801,-86.65819153194634,-0.6795965424351161,0.6358741191091833,0.6503658746632752,0.0
long_max_Tlast,B,0.9599310885968813,0.3055555555555556,1802,-86.38613881949354,-0.2779580668679299,0.616512975509059,0.6455227935931414,0.4680579852241053
long_max_Tlast,B,0.9599310885968813,0.3055555555555556,1803,-86.75566565798091,-0.6814504839778188,0.635876242437406,0.6503669410913931,0.0
long_max_Tlast,B,0.9599310885968813,0.3055555555555556,1804,-86.43416106635257,-0.2554392097416215,0.6165060685540474,0.6455166132961667,0.4680543312702782
long_max_Tlast,B,0.9599310885968813,0.3055555555555556,1805,-86.63860765468354,-0.48961190707330765,0.6358872452836328,0.6503749889648591,0.0
long_max_Tlast,B,0.9599310885968813,0.3055555555555556,1806,-86.40285349457679,-0.19530741931229728,0.6165032775332918,0.6455129128813525,0.46805769311300044
long_max_Tlast,B,0.9599310885968813,0.3055555555555556,1807,-86.38492500284131,-0.1743785681001292,0.6358868579786338,0.6503744919848969,0.0
long_max_Tlast,B,0.9599310885968813,0.3055555555555556,1808,-86.33872273510885,-0.1196037203055306,0.6165135112240088,0.6455216815813061,0.4680636561925729
long_max_Tlast,B,0.9599310885968813,0.3055555555555556,1809,-86.12242892795629,0.1487642884385858,0.6358797106607407,0.6503687369792122,0.0
long_max_Tlast,B,0.9599310885968813,0.3055555555555556,1810,-86.3003268413022,-0.056084031647614774,0.6165201388555455,0.6455276247413505,0.4680659679375888
long_max_Tlast,B,0.9599310885968813,0.3055555555555556,1811,-85.9822991670062,0.361411380288566,0.6358843809931225,0.650372655809207,0.0
long_max_Tlast,B,0.9599310885968813,0.3055555555555556,1812,-86.33659270759546,-0.027992170178176123,0.616513773715312,0.6455220948840329,0.46806199069806265
long_max_Tlast,B,0.9599310885968813,0.3055555555555556,1813,-86.05093422329863,0.38564488830292015,0.6358958758600584,0.6503815423750842,0.0
long_max_Tlast,B,0.9599310885968813,0.3055555555555556,1814,-86.46921297074701,-0.04563447190488548,0.6165110339240009,0.6455211354458841,0.4680548901827831
long_max_Tlast,B,0.9599310885968813,0.3055555555555556,1815,-86.33810385780873,0.21259872367229038,0.6358952299085348,0.6503808802358473,0.0
long_max_Tlast,B,0.9599310885968813,0.3055555555555556,1816,-86.68463360120863,-0.10255364945520579,0.6165238915633308,0.6455322975538296,0.4680617924152919
long_max_Tlast,B,0.9599310885968813,0.3055555555555556,1817,-86.77354903024943,-0.09433941199132223,0.6358896972952094,0.6503770096137097,0.0
long_max_Tlast,B,0.9599310885968813,0.3055555555555556,1818,-86.93887241678243,-0.17787352157656156,0.6165317631068705,0.6455382708968209,0.46806893455939386
long_max_Tlast,B,0.9599310885968813,0.3055555555555556,1819,-87.23271012367982,-0.4227076543490196,0.6358990811701227,0.6503839303809085,0.0
long_max_Tlast,B,0.9599310885968813,0.3055555555555556,1820,-87.17375587217272,-0.24401615232580462,0.6165260016033814,0.6455336407171202,0.4680639258414138
long_max_Tlast,B,0.9599310885968813,0.3055555555555556,1821,-87.58234238669515,-0.6521774580515316,0.635912402964459,0.6503935017061104,0.0
long_max_Tlast,B,0.9599310885968813,0.3055555555555556,1822,-87.33814690192379,-0.27673539975404077,0.6165309839918679,0.6455367378832497,0.4680714605854149
long_max_Tlast,B,0.9599310885968813,0.3055555555555556,1823,-87.72934026227277,-0.698682299056953,0.6359116243755135,0.6503927495294385,0.0
long_max_Tlast,B,0.9599310885968813,0.3055555555555556,1824,-87.40680510757934,-0.26402944962667213,0.6165481053444061,0.6455501146565403,0.4680864939240324
long_max_Tlast,B,0.9599310885968813,0.3055555555555556,1825,-87.65473153338414,-0.5451716327246509,0.63591034191872,0.6503913251494078,0.0
long_max_Tlast,B,0.9599310885968813,0.3055555555555556,1826,-87.38963808302631,-0.21058019522688595,0.6165542516576956,0.6455554273621534,0.46808940342088046
long_max_Tlast,B,0.9599310885968813,0.3055555555555556,1827,-87.42083103392977,-0.24787971554018967,0.6359229401278217,0.6504007387599791,0.0
long_max_Tlast,B,0.9599310885968813,0.3055555555555556,1828,-87.32780089376494,-0.13594901546983124,0.6165512293722234,0.645552275618156,0.46808950025707496
long_max_Tlast,B,0.9599310885968813,0.3055555555555556,1829,-87.14841653751215,0.08425614766984224,0.6359351502678893,0.650410196223898,0.0
long_max_Tlast,B,0.9599310885968813,0.3055555555555556,1830,-87.27889804082628,-0.06747368896687925,0.6165576403797465,0.6455582493046244,0.4680914622365486
long_max_Tlast,B,0.9599310885968813,0.3055555555555556,1831,-86.9722006046665,0.3295523072963211,0.635934340454301,0.6504094363197774,0.0
long_max_Tlast,B,0.9599310885968813,0.3055555555555556,1832,-87.29595013326289,-0.03027053300728394,0.6165729931479893,0.6455723152051089,0.4680967693348317
long_max_Tlast,B,0.9599310885968813,0.3055555555555556,1833,-86.99168016568493,0.3981260562613359,0.6359348277982644,0.6504101509176832,0.0
long_max_Tlast,B,0.9599310885968813,0.3055555555555556,1834,-87.40763197974383,-0.03794846122849946,0.6165789096739533,0.6455770452172719,0.4681011205688101
long_max_Tlast,B,0.9599310885968813,0.3055555555555556,1835,-87.2347785015421,0.2648358715399255,0.6359494353776425,0.6504215063261141,0.0
long_max_Tlast,B,0.9599310885968813,0.3055555555555556,1836,-87.60794973118752,-0.08769668953201862,0.6165758435912573,0.6455750599025318,0.46809663024958287
long_max_Tlast,B,0.9599310885968813,0.3055555555555556,1837,-87.64740008188542,-0.02146918239483192,0.6359621846979391,0.650430752442343,0.0
long_max_Tlast,B,0.9599310885968813,0.3055555555555556,1838,-87.85852051169603,-0.1613013774722442,0.6165866327844203,0.6455841788882937,0.468103591760323
long_max_Tlast,B,0.9599310885968813,0.3055555555555556,1839,-88.11331442368119,-0.3558960165898342,0.6359613661046238,0.6504300627070463,0.0
long_max_Tlast,B,0.9599310885968813,0.3055555555555556,1840,-88.10250882793173,-0.23177091448801657,0.6166064183227365,0.6455994348497609,0.4681217397617547
long_max_Tlast,B,0.9599310885968813,0.3055555555555556,1841,-88.49675995847149,-0.615914275147679,0.635965878369277,0.6504332522669438,0.0
long_max_Tlast,B,0.9599310885968813,0.3055555555555556,1842,-88.28552793456026,-0.2733000733709476,0.6166113451200709,0.6456033315108451,0.4681255209403612
long_max_Tlast,B,0.9599310885968813,0.3055555555555556,1843,-88.69221110561402,-0.7062298936394856,0.6359838463691104,0.6504463182900327,0.0
long_max_Tlast,B,0.9599310885968813,0.3055555555555556,1844,-88.37543641246309,-0.2706706343029572,0.6166120341797776,0.6456032863937716,0.46812833799766906
long_max_Tlast,B,0.9599310885968813,0.3055555555555556,1845,-88.66309986038735,-0.5937527035190169,0.6359949431585867,0.6504547082099035,0.0
long_max_Tlast,B,0.9599310885968813,0.3055555555555556,1846,-88.37421830235414,-0.22482143256050988,0.6166269403607314,0.6456151658262754,0.4681407658369047
long_max_Tlast,B,0.9599310885968813,0.3055555555555556,1847,-88.45500551143114,-0.3196881567698637,0.6359944552298884,0.6504542267267746,0.0
long_max_Tlast,B,0.9599310885968813,0.3055555555555556,1848,-88.31742417632013,-0.15257815470595704,0.6166431166376416,0.6456297115367204,0.46814742232590945
long_max_Tlast,B,0.9599310885968813,0.3055555555555556,1849,-88.17907842306012,0.015558931547831556,0.6360013970249198,0.6504595486484342,0.0
long_max_Tlast,B,0.9599310885968813,0.3055555555555556,1850,-88.26080388305186,-0.08040354064639055,0.6166462883908498,0.6456325687580663,0.46814841765004256
long_max_Tlast,B,0.9599310885968813,0.3055555555555556,1851,-87.97150835168,0.28913737412712714,0.6360188353948439,0.6504732498207254,0.0
long_max_Tlast,B,0.9599310885968813,0.3055555555555556,1852,-88.25997669317542,-0.03472357651199895,0.6166473871196068,0.6456339458726006,0.46814742811229537
long_max_Tlast,B,0.9599310885968813,0.3055555555555556,1853,-87.94333706172687,0.4008075572580501,0.6360285762449296,0.6504805536969647,0.0
long_max_Tlast,B,0.9599310885968813,0.3055555555555556,1854,-88.35032002048844,-0.032303233184577784,0.6166620528292919,0.6456474135841723,0.46815271241283385
long_max_Tlast,B,0.9599310885968813,0.3055555555555556,1855,-88.13979052043433,0.3096488298857655,0.6360282403743701,0.6504803253684501,0.0
long_max_Tlast,B,0.9599310885968813,0.3055555555555556,1856,-88.53373111889522,-0.07401788116458788,0.6166797086937458,0.6456615764313455,0.46816672996316033
long_max_Tlast,B,0.9599310885968813,0.3055555555555556,1857,-88.52390109245798,0.04904056649503402,0.6360376051677913,0.650487599276296,0.0
long_max_Tlast,B,0.9599310885968813,0.3055555555555556,1858,-88.77793840015511,-0.14457630723847847,0.6166826595428809,0.6456636096458773,0.46817022010082265
long_max_Tlast,B,0.9599310885968813,0.3055555555555556,1859,-88.98993156689824,-0.2855172527224839,0.6360570912697805,0.6505018181879345,0.0
long_max_Tlast,B,0.9599310885968813,0.3055555555555556,1860,-89.02843938070356,-0.21814317544106437,0.6166866452690211,0.6456668315203782,0.46817349283783316
long_max_Tlast,B,0.9599310885968813,0.3055555555555556,1861,-89.40211335218402,-0.5714359476371667,0.6360653611894186,0.6505077975624345,0.0
long_max_Tlast,B,0.9599310885968813,0.3055555555555556,1862,-89.22840374028328,-0.26774030866124193,0.6167066900905498,0.6456823351981479,0.4681920377164277
long_max_Tlast,B,0.9599310885968813,0.3055555555555556,1863,-89.64436296840995,-0.7039569084058744,0.6360656369259441,0.6505079686767627,0.0
long_max_Tlast,B,0.9599310885968813,0.3055555555555556,1864,-89.33961026392284,-0.2752024363600648,0.6167217705376508,0.6456949483036557,0.4682019722039074
long_max_Tlast,B,0.9599310885968813,0.3055555555555556,1865,-89.66283145401019,-0.6344990868492553,0.6360779509381801,0.6505170214385826,0.0
long_max_Tlast,B,0.9599310885968813,0.3055555555555556,1866,-89.35628295413376,-0.23780634163887265,0.6167223878173785,0.6456958217845897,0.4682008678273334
long_max_Tlast,B,0.9599310885968813,0.3055555555555556,1867,-89.485812902165,-0.38850925447417917,0.6360956178081631,0.6505306603169115,0.0
long_max_Tlast,B,0.9599310885968813,0.3055555555555556,1868,-89.30717372184263,-0.1692246922693758,0.6167282223161095,0.6457006391497631,0.46820528500691255
long_max_Tlast,B,0.9599310885968813,0.3055555555555556,1869,-89.21316723549296,-0.056123887665529726,0.6361009685351703,0.6505349383305599,0.0
long_max_Tlast,B,0.9599310885968813,0.3055555555555556,1870,-89.24535091933048,-0.09460537959461854,0.6167451792836012,0.6457161890592368,0.46821146929668195
long_max_Tlast,B,0.9599310885968813,0.3055555555555556,1871,-88.97966408087866,0.24087616166265385,0.6361016523657874,0.6505355278428421,0.0
long_max_Tlast,B,0.9599310885968813,0.3055555555555556,1872,-89.22850987076826,-0.041299103749157934,0.6167571845271387,0.645726747607601,0.4682173375150465
long_max_Tlast,B,0.9599310885968813,0.3055555555555556,1873,-88.90589783872456,0.3936468294218298,0.6361144205628633,0.6505456586940405,0.0
long_max_Tlast,B,0.9599310885968813,0.3055555555555556,1874,-89.29769030287122,-0.02881378136316276,0.6167576931986061,0.6457268726223166,0.46821889374399844
long_max_Tlast,B,0.9599310885968813,0.3055555555555556,1875,-89.05395358363899,0.34620306887493707,0.6361314335341451,0.6505584064985173,0.0
long_max_Tlast,B,0.9599310885968813,0.3055555555555556,1876,-89.46254701656882,-0.061745564255487884,0.6167643109381755,0.6457329674516988,0.46822149217820275
long_max_Tlast,B,0.9599310885968813,0.3055555555555556,1877,-89.40451814004776,0.11593249099107844,0.63613550580724,0.6505611343469956,0.0
long_max_Tlast,B,0.9599310885968813,0.3055555555555556,1878,-89.69770188300315,-0.12802620032439346,0.6167845849953523,0.6457490725148161,0.46823858164845233
long_max_Tlast,B,0.9599310885968813,0.3055555555555556,1879,-89.86410781948378,-0.2128083685921675,0.6361368212487901,0.6505622136698034,0.0
long_max_Tlast,B,0.9599310885968813,0.3055555555555556,1880,-89.95196577883175,-0.20335596701672476,0.6167960046710876,0.6457576558055552,0.4682499308968575
long_max_Tlast,B,0.9599310885968813,0.3055555555555556,1881,-90.29929840657472,-0.5195531047217927,0.6361520334125993,0.6505733619831449,0.0
long_max_Tlast,B,0.9599310885968813,0.3055555555555556,1882,-90.16715509385502,-0.26015283878110074,0.6167947935963372,0.6457568532634496,0.46824842185247456
long_max_Tlast,B,0.9599310885968813,0.3055555555555556,1883,-90.5856443018962,-0.6918891969532511,0.6361671270529357,0.6505845825216263,0.0
long_max_Tlast,B,0.9599310885968813,0.3055555555555556,1884,-90.29933219728872,-0.27758655850354896,0.6168044663536205,0.6457644218375137,0.46825733852358814
long_max_Tlast,B,0.9599310885968813,0.3055555555555556,1885,-90.6532191837971,-0.6666748868644805,0.6361678563466274,0.6505854244323002,0.0
long_max_Tlast,B,0.9599310885968813,0.3055555555555556,1886,-90.3350976788706,-0.24926623045259377,0.6168218814483968,0.6457794617948901,0.46826730346432627
long_max_Tlast,B,0.9599310885968813,0.3055555555555556,1887,-90.5121410644652,-0.45313264698019,0.6361698774912794,0.6505870160972097,0.0
long_max_Tlast,B,0.9599310885968813,0.3055555555555556,1888,-90.29640884988254,-0.18559208157615326,0.616826943646636,0.6457848559061806,0.46826607751712557
long_max_Tlast,B,0.9599310885968813,0.3055555555555556,1889,-90.24911842203693,-0.12950594548268468,0.6361842302252793,0.6505982759348887,0.0
long_max_Tlast,B,0.9599310885968813,0.3055555555555556,1890,-90.2323002416001,-0.10986963980478842,0.6168251763590016,0.6457834239661064,0.468264961310869
long_max_Tlast,B,0.9599310885968813,0.3055555555555556,1891,-89.99561094576706,0.18560808814707025,0.6361957604549846,0.6506073392459621,0.0
long_max_Tlast,B,0.9599310885968813,0.3055555555555556,1892,-90.2012496663892,-0.04985099116855171,0.6168338080185651,0.6457915157119196,0.46826778771994093
long_max_Tlast,B,0.9599310885968813,0.3055555555555556,1893,-89.8794161285233,0.37674984668258876,0.6361950034702083,0.6506066111319768,0.0
long_max_Tlast,B,0.9599310885968813,0.3055555555555556,1894,-90.24973207186544,-0.027549627063120086,0.616849801135043,0.6458051908252151,0.4682774646610349
long_max_Tlast,B,0.9599310885968813,0.3055555555555556,1895,-89.97807364355181,0.3738643439075083,0.6361974284138109,0.6506086499684811,0.0
long_max_Tlast,B,0.9599310885968813,0.3055555555555556,1896,-90.39491231088593,-0.05111468695084462,0.6168548817756745,0.6458083264067881,0.46828523825409824
long_max_Tlast,B,0.9599310885968813,0.3055555555555556,1897,-90.29048910990385,0.1779973203010849,0.6362123776045012,0.6506198324494528,0.0
long_max_Tlast,B,0.9599310885968813,0.3055555555555556,1898,-90.61855107712006,-0.11192342665382371,0.6168526094377128,0.6458064003802512,0.4682841701058704
long_max_Tlast,B,0.9599310885968813,0.3055555555555556,1899,-90.73717296952537,-0.13906744524127052,0.6362221508378153,0.650626712414015,0.0
long_max_Tlast,B,0.9599310885968813,0.3055555555555556,1900,-90.87370293523641,-0.1877000704460609,0.6168639131744685,0.6458153655844698,0.46829410532094234
long_max_Tlast,B,0.9599310885968813,0.3055555555555556,1901,-91.18942326604798,-0.46115856268801536,0.636218867427818,0.6506243576247307,0.0
long_max_Tlast,B,0.9599310885968813,0.3055555555555556,1902,-91.10186964258591,-0.25065979375128494,0.6168790506340357,0.6458272831804385,0.46830726211647444
long_max_Tlast,B,0.9599310885968813,0.3055555555555556,1903,-91.51646256239843,-0.6702483562202578,0.6362221286074613,0.6506268712136628,0.0
long_max_Tlast,B,0.9599310885968813,0.3055555555555556,1904,-91.25448106675465,-0.27775330689487404,0.6168777627068336,0.6458270537366564,0.4683031174486691
long_max_Tlast,B,0.9599310885968813,0.3055555555555556,1905,-91.63344794017505,-0.6897014501544609,0.6362358518324523,0.6506372893993222,0.0
long_max_Tlast,B,0.9599310885968813,0.3055555555555556,1906,-91.31052113034421,-0.2590431860641581,0.616874553072301,0.6458247002067473,0.4683000839928851
long_max_Tlast,B,0.9599310885968813,0.3055555555555556,1907,-91.53257991157079,-0.5123983331391849,0.6362404342453032,0.6506412566883487,0.0
long_max_Tlast,B,0.9599310885968813,0.3055555555555556,1908,-91.28441551578642,-0.2013709915384996,0.6168844271218086,0.6458335183210606,0.4683049654879512
long_max_Tlast,B,0.9599310885968813,0.3055555555555556,1909,-91.28573208139716,-0.20330359484527,0.6362352680814556,0.6506375230104566,0.0
long_max_Tlast,B,0.9599310885968813,0.3055555555555556,1910,-91.22084825643455,-0.12589864284780466,0.6168935595037851,0.6458423941821164,0.46830630968051473
long_max_Tlast,B,0.9599310885968813,0.3055555555555556,1911,-91.01829597823254,0.12432276039298507,0.6362386464965527,0.6506403253652537,0.0
long_max_Tlast,B,0.9599310885968813,0.3055555555555556,1912,-91.17804228538309,-0.06026654929331851,0.6168907502662591,0.6458396856000476,0.46830594601240544
long_max_Tlast,B,0.9599310885968813,0.3055555555555556,1913,-90.86336682949279,0.3504098309468257,0.6362504279022021,0.6506494865056321,0.0
long_max_Tlast,B,0.9599310885968813,0.3055555555555556,1914,-91.20659526412749,-0.0285162230485147,0.6168879994506902,0.6458372651358634,0.4683050844877257
long_max_Tlast,B,0.9599310885968813,0.3055555555555556,1915,-90.9126971709207,0.3921173781335765,0.6362528305371415,0.6506508902194649,0.0
long_max_Tlast,B,0.9599310885968813,0.3055555555555556,1916,-91.33111974799738,-0.04230735007027278,0.6168982837168293,0.6458459222282759,0.4683121747063427
long_max_Tlast,B,0.9599310885968813,0.3055555555555556,1917,-91.18314357153362,0.23415729924305384,0.6362465730336068,0.6506460904148976,0.0
long_max_Tlast,B,0.9599310885968813,0.3055555555555556,1918,-91.5409785853617,-0.09656951891909035,0.6169077164703347,0.6458525078829945,0.468323643715721
long_max_Tlast,B,0.9599310885968813,0.3055555555555556,1919,-91.61061524098469,-0.06560054884417243,0.6362505303058434,0.6506491628611754,0.0
long_max_Tlast,B,0.9599310885968813,0.3055555555555556,1920,-91.79424273969687,-0.17142251474674758,0.6169014548283017,0.6458471665073158,0.4683200228969723
long_max_Tlast,B,0.9599310885968813,0.3055555555555556,1921,-92.07347264825856,-0.3972970924759793,0.6362611200032258,0.6506568412611762,0.0
long_max_Tlast,B,0.9599310885968813,0.3055555555555556,1922,-92.03308301402731,-0.23945030253033617,0.6168979493671994,0.6458446126427558,0.46831670763042377
long_max_Tlast,B,0.9599310885968813,0.3055555555555556,1923,-92.43712715339149,-0.6393891704825774,0.636258721096163,0.6506552789302388,0.0
long_max_Tlast,B,0.9599310885968813,0.3055555555555556,1924,-92.20494446391557,-0.27570412626427543,0.6169076976707459,0.6458526185308576,0.46832417929092635
long_max_Tlast,B,0.9599310885968813,0.3055555555555556,1925,-92.60327194729877,-0.7031711359636338,0.6362505771660962,0.6506495206635772,0.0
long_max_Tlast,B,0.9599310885968813,0.3055555555555556,1926,-92.28193018517389,-0.2669174120745206,0.6169095721026657,0.6458553752670447,0.46832078852811687
long_max_Tlast,B,0.9599310885968813,0.3055555555555556,1927,-92.54596284974161,-0.5652571112248872,0.6362544829982741,0.6506526486566624,0.0
long_max_Tlast,B,0.9599310885968813,0.3055555555555556,1928,-92.27079378388035,-0.2163139339035252,0.6168994905247465,0.6458475981538822,0.4683116775794764
long_max_Tlast,B,0.9599310885968813,0.3055555555555556,1929,-92.3212889806957,-0.2761951515451925,0.6362611526210247,0.6506581433826849,0.0
long_max_Tlast,B,0.9599310885968813,0.3055555555555556,1930,-92.21050406235197,-0.1424132358450051,0.6168967149017106,0.6458452602749232,0.4683104485227273
long_max_Tlast,B,0.9599310885968813,0.3055555555555556,1931,-92.04657343418604,0.05808696441100325,0.636255596754861,0.6506539615527536,0.0
long_max_Tlast,B,0.9599310885968813,0.3055555555555556,1932,-92.15824764078533,-0.07232098292548339,0.6169039156888281,0.645851960354703,0.46831292917123274
long_max_Tlast,B,0.9599310885968813,0.3055555555555556,1933,-91.85737864897634,0.31510105503738217,0.6362475807587628,0.6506477906604492,0.0
long_max_Tlast,B,0.9599310885968813,0.3055555555555556,1934,-92.16819231264415,-0.03172049202296323,0.6169047851825001,0.6458519080989531,0.468316548306674
long_max_Tlast,B,0.9599310885968813,0.3055555555555556,1935,-91.85807847388821,0.40065194405305343,0.6362514070074395,0.6506508424683012,0.0
long_max_Tlast,B,0.9599310885968813,0.3055555555555556,1936,-92.27159376724764,-0.03547117384172316,0.6168948253746641,0.6458426890339365,0.4683136335194993
long_max_Tlast,B,0.9599310885968813,0.3055555555555556,1937,-92.08344534181981,0.28339757418869627,0.6362565345454495,0.6506543072003463,0.0
long_max_Tlast,B,0.9599310885968813,0.3055555555555556,1938,-92.46558184247203,-0.08222128131618495,0.6168919749134314,0.6458405304420967,0.4683113770925066
long_max_Tlast,B,0.9599310885968813,0.3055555555555556,1939,-92.4858499473322,0.006312291919294166,0.6362480797186209,0.6506477372772658,0.0
long_max_Tlast,B,0.9599310885968813,0.3055555555555556,1940,-92.71407935833388,-0.1548300653329681,0.6168995058662992,0.6458461415542549,0.46831932239614915
long_max_Tlast,B,0.9599310885968813,0.3055555555555556,1941,-92.95281598725273,-0.329081701975283,0.6362389530954534,0.6506412211042522,0.0
long_max_Tlast,B,0.9599310885968813,0.3055555555555556,1942,-92.96103042690547,-0.22668695268297062,0.6168950170610793,0.6458425740764414,0.46831554080201154
long_max_Tlast,B,0.9599310885968813,0.3055555555555556,1943,-93.3482021647344,-0.5998706311014076,0.6362426600498539,0.650644055481463,0.0
long_max_Tlast,B,0.9599310885968813,0.3055555555555556,1944,-93.15093688342338,-0.27147986310771305,0.6168804475064372,0.6458315070139243,0.46830168393883853
long_max_Tlast,B,0.9599310885968813,0.3055555555555556,1945,-93.56216641534324,-0.7068259898896918,0.6362434263332605,0.6506449288300289,0.0
long_max_Tlast,B,0.9599310885968813,0.3055555555555556,1946,-93.2491262593829,-0.27277449666611076,0.6168780803756926,0.6458296819913156,0.4683000034415893
long_max_Tlast,B,0.9599310885968813,0.3055555555555556,1947,-93.55131241050684,-0.6107708722059138,0.6362311822268578,0.650636112760833,0.0
long_max_Tlast,B,0.9599310885968813,0.3055555555555556,1948,-93.25467912949883,-0.23010624725220133,0.6168812581329098,0.6458331731300929,0.4682990096764188
long_max_Tlast,B,0.9599310885968813,0.3055555555555556,1949,-93.35451895058105,-0.3468970342618107,0.6362227345978622,0.6506297638723254,0.0
long_max_Tlast,B,0.9599310885968813,0.3055555555555556,1950,-93.20060842170783,-0.15912804093145172,0.6168728124983194,0.6458264771520609,0.4682918480943393
long_max_Tlast,B,0.9599310885968813,0.3055555555555556,1951,-93.07894140923361,-0.011907207893172567,0.6362255818858745,0.6506321281457607,0.0
long_max_Tlast,B,0.9599310885968813,0.3055555555555556,1952,-93.14159956505694,-0.08582261935908803,0.6168602645129974,0.6458150990734421,0.46828724167517566
long_max_Tlast,B,0.9599310885968813,0.3055555555555556,1953,-92.86062141908042,0.27143756721364126,0.6362238345287378,0.6506306519420874,0.0
long_max_Tlast,B,0.9599310885968813,0.3055555555555556,1954,-93.1342948186281,-0.0370662247756518,0.6168584970540693,0.6458136640119769,0.46828635864609136
long_max_Tlast,B,0.9599310885968813,0.3055555555555556,1955,-92.81446922831563,0.3993218201584889,0.6362108222792617,0.650620395199697,0.0
long_max_Tlast,B,0.9599310885968813,0.3055555555555556,1956,-93.21643510031419,-0.030735717576393873,0.6168615481289786,0.6458155899178167,0.4682908789147338
long_max_Tlast,B,0.9599310885968813,0.3055555555555556,1957,-92.99237864941497,0.32487619449070315,0.6362026311081058,0.650614379195437,0.0
long_max_Tlast,B,0.9599310885968813,0.3055555555555556,1958,-93.39285506299802,-0.06912892096151343,0.6168517964701797,0.6458064741109837,0.4682880291390665
long_max_Tlast,B,0.9599310885968813,0.3055555555555556,1959,-93.36418276067643,0.07538567684517661,0.6362051951963841,0.6506162380381005,0.0
long_max_Tlast,B,0.9599310885968813,0.3055555555555556,1960,-93.63389550519696,-0.13819393285535767,0.616836553823399,0.6457944335284664,0.4682753757211435
long_max_Tlast,B,0.9599310885968813,0.3055555555555556,1961,-93.82862282956928,-0.25771152120041024,0.6362001988034607,0.6506123483787375,0.0
long_max_Tlast,B,0.9599310885968813,0.3055555555555556,1962,-93.88621607264,-0.21262032212205562,0.6168349670524294,0.6457933343694888,0.46827379121839996
long_max_Tlast,B,0.9599310885968813,0.3055555555555556,1963,-94.25050501189031,-0.5523702432694728,0.6361840895969368,0.6506006983224509,0.0
long_max_Tlast,B,0.9599310885968813,0.3055555555555556,1964,-94.09236327292176,-0.26512510653236043,0.6168341067320471,0.6457929472523883,0.4682718570266247
long_max_Tlast,B,0.9599310885968813,0.3055555555555556,1965,-94.5101825184935,-0.7006159526592621,0.6361766062790247,0.6505952834022055,0.0
long_max_Tlast,B,0.9599310885968813,0.3055555555555556,1966,-94.21183952276665,-0.2764924579372876,0.6168183887341837,0.64578098053619,0.4682566183041534
long_max_Tlast,B,0.9599310885968813,0.3055555555555556,1967,-94.54751767679215,-0.6481246665719971,0.6361778178304613,0.650596356111737,0.0
long_max_Tlast,B,0.9599310885968813,0.3055555555555556,1968,-94.23576852750334,-0.24254178711147392,0.6168047433163159,0.6457694318858502,0.4682483539318354
long_max_Tlast,B,0.9599310885968813,0.3055555555555556,1969,-94.38389612586681,-0.41415123835105555,0.6361693261793955,0.650590152162898,0.0
long_max_Tlast,B,0.9599310885968813,0.3055555555555556,1970,-94.19037379679389,-0.17571059244258913,0.6168039770637431,0.6457687512740333,0.46824831452041715
long_max_Tlast,B,0.9599310885968813,0.3055555555555556,1971,-94.1141887602409,-0.0844289944449016,0.6361537358513298,0.6505780911180163,0.0
long_max_Tlast,B,0.9599310885968813,0.3055555555555556,1972,-94.12738617767992,-0.10051422988733993,0.6168011442432486,0.6457663583571561,0.46824635794731595
long_max_Tlast,B,0.9599310885968813,0.3055555555555556,1973,-93.87219485569682,0.22021916005386954,0.6361478135499582,0.6505735694060505,0.0
long_max_Tlast,B,0.9599310885968813,0.3055555555555556,1974,-94.10479851459513,-0.04448527826522128,0.6167870905320758,0.645753270089373,0.46824208046803084
long_max_Tlast,B,0.9599310885968813,0.3055555555555556,1975,-93.78165975386207,0.3881532373275075,0.6361483244646533,0.6505738709095917,0.0
long_max_Tlast,B,0.9599310885968813,0.3055555555555556,1976,-94.16583845045864,-0.028154683975452954,0.6167744732700194,0.6457425272591834,0.46823470487100227
long_max_Tlast,B,0.9599310885968813,0.3055555555555556,1977,-93.91070876798801,0.3578558475677352,0.6361383519526663,0.6505658798783739,0.0
long_max_Tlast,B,0.9599310885968813,0.3055555555555556,1978,-94.32319518976252,-0.05752391922374253,0.6167738002320191,0.6457421169003033,0.46823383825430653
long_max_Tlast,B,0.9599310885968813,0.3055555555555556,1979,-94.24700509171925,0.14042928625734175,0.6361218487694748,0.6505536381955869,0.0
long_max_Tlast,B,0.9599310885968813,0.3055555555555556,1980,-94.55417671616415,-0.12181074168191117,0.6167692206098855,0.6457378101196825,0.468232396991464
long_max_Tlast,B,0.9599310885968813,0.3055555555555556,1981,-94.70231912777956,-0.18445641596756612,0.6361166101922823,0.6505500030518726,0.0
long_max_Tlast,B,0.9599310885968813,0.3055555555555556,1982,-94.8091334692449,-0.19746899053411104,0.6167503244701926,0.6457229968934838,0.46821576474695886
long_max_Tlast,B,0.9599310885968813,0.3055555555555556,1983,-95.1447997406505,-0.49773790308227966,0.6361158008615719,0.650549376483582,0.0
long_max_Tlast,B,0.9599310885968813,0.3055555555555556,1984,-95.02961052884311,-0.25678016940991283,0.6167378523051746,0.6457132780592465,0.4682049106237442
long_max_Tlast,B,0.9599310885968813,0.3055555555555556,1985,-95.44733462634721,-0.6846336582954294,0.6361023390425865,0.6505395815914484,0.0
long_max_Tlast,B,0.9599310885968813,0.3055555555555556,1986,-95.16978922475158,-0.2779941275288971,0.6167377369562242,0.6457131503804511,0.468205059672611
long_max_Tlast,B,0.9599310885968813,0.3055555555555556,1987,-95.53401698782986,-0.6766699561228136,0.6360866643935787,0.6505278630006393,0.0
long_max_Tlast,B,0.9599310885968813,0.3055555555555556,1988,-95.21337851101494,-0.2533614403148339,0.6167293121190589,0.645706701357875,0.46819677975006735
long_max_Tlast,B,0.9599310885968813,0.3055555555555556,1989,-95.40804672618464,-0.47676203266966377,0.6360835903634958,0.6505254126649116,0.0
long_max_Tlast,B,0.9599310885968813,0.3055555555555556,1990,-95.17934499158395,-0.19190307991187006,0.6167123277953023,0.6456918396151449,0.4681878911669197
long_max_Tlast,B,0.9599310885968813,0.3055555555555556,1991,-95.15066432323235,-0.15817864133100423,0.6360815189869135,0.6505238424150982,0.0
long_max_Tlast,B,0.9599310885968813,0.3055555555555556,1992,-95.11507884782134,-0.11612237827850763,0.6167041224205086,0.6456841432787697,0.46818593748729265
long_max_Tlast,B,0.9599310885968813,0.3055555555555556,1993,-94.89114070475902,0.16234574949743302,0.6360679240670023,0.6505131065966175,0.0
long_max_Tlast,B,0.9599310885968813,0.3055555555555556,1994,-95.0792181829209,-0.05381364606095981,0.616704136454982,0.6456841669849345,0.46818587775964865
long_max_Tlast,B,0.9599310885968813,0.3055555555555556,1995,-94.75948730530358,0.36737153049688825,0.6360541144739558,0.6505024804390248,0.0
long_max_Tlast,B,0.9599310885968813,0.3055555555555556,1996,-95.11987467347004,-0.027796480830476977,0.6166961362411568,0.6456765079044086,0.4681839369887878
long_max_Tlast,B,0.9599310885968813,0.3055555555555556,1997,-94.83898540646001,0.38176681307185567,0.6360519611937846,0.6505010624899873,0.0
long_max_Tlast,B,0.9599310885968813,0.3055555555555556,1998,-95.25706988732392,-0.04759262163459463,0.6166784745944637,0.6456617046764098,0.46817215459458555
long_max_Tlast,B,0.9599310885968813,0.3055555555555556,1999,-95.13549055239322,0.20027549835822045,0.6360490111688633,0.6504986213316253,0.0
long_max_Tlast,B,0.9599310885968813,0.3055555555555556,2000,-95.47555615253609,-0.10596746446641003,0.6166698689699204,0.6456554854784847,0.46816275735068724
long_max_Tlast,B,0.9599310885968813,0.3055555555555556,2001,-95.57531012981279,-0.11059419218916638,0.6360334523135199,0.6504870561293364,0.0
long_max_Tlast,B,0.9599310885968813,0.3055555555555556,2002,-95.73025470903879,-0.1815149658779825,0.6166700188256496,0.6456555864106723,0.468162824934293
long_max_Tlast,B,0.9599310885968813,0.3055555555555556,2003,-96.03226739368188,-0.43694409167891424,0.6360205151467829,0.6504777385737246,0.0
long_max_Tlast,B,0.9599310885968813,0.3055555555555556,2004,-95.96284009266793,-0.24655698597534803,0.6166580123274497,0.645646226424991,0.468151717954599
long_max_Tlast,B,0.9599310885968813,0.3055555555555556,2005,-96.37389469728953,-0.6591830568267161,0.6360202505852248,0.6504774835000546,0.0
long_max_Tlast,B,0.9599310885968813,0.3055555555555556,2006,-96.12306608889502,-0.27727345711884255,0.6166406080858882,0.6456321711316816,0.4681380322753679
long_max_Tlast,B,0.9599310885968813,0.3055555555555556,2007,-96.51005341324989,-0.6958885197698057,0.6360157123085105,0.6504741111458014,0.0
long_max_Tlast,B,0.9599310885968813,0.3055555555555556,2008,-96.18714617209086,-0.2623876840740333,0.6166371158332054,0.645628510581145,0.4681387602907336
long_max_Tlast,B,0.9599310885968813,0.3055555555555556,2009,-96.42583464749032,-0.5336260357689842,0.6360005113738167,0.6504624878752187,0.0
long_max_Tlast,B,0.9599310885968813,0.3055555555555556,2010,-96.1666662267558,-0.20737138832723548,0.6166373247336202,0.6456286019792835,0.46813901395436835
long_max_Tlast,B,0.9599310885968813,0.3055555555555556,2011,-96.18701075947453,-0.23184474511024789,0.6359914439657611,0.6504552378716911,0.0
long_max_Tlast,B,0.9599310885968813,0.3055555555555556,2012,-96.1041288329163,-0.1323908641528139,0.6166264183542985,0.6456187316180069,0.4681342079621391
long_max_Tlast,B,0.9599310885968813,0.3055555555555556,2013,-95.91614180975506,0.09886837985917823,0.6359924912252577,0.6504560056418855,0.0
long_max_Tlast,B,0.9599310885968813,0.3055555555555556,2014,-96.05732752426786,-0.06489512237504205,0.6166131220282519,0.645606568741423,0.4681293374758564
long_max_Tlast,B,0.9599310885968813,0.3055555555555556,2015,-95.74748727280965,0.3373377316654801,0.635987563293646,0.6504519790940331,0.0
long_max_Tlast,B,0.9599310885968813,0.3055555555555556,2016,-96.07845229782018,-0.029634662976953274,0.6166104595573231,0.6456048231551413,0.4681257546998634
long_max_Tlast,B,0.9599310885968813,0.3055555555555556,2017,-95.77774494711329,0.3962002599891363,0.6359729737265791,0.6504407577402013,0.0
long_max_Tlast,B,0.9599310885968813,0.3055555555555556,2018,-96.19478123863618,-0.039529119780573496,0.6166105421003854,0.6456048168475808,0.46812577748673756
long_max_Tlast,B,0.9599310885968813,0.3055555555555556,2019,-96.03082479210767,0.2538814342158961,0.6359653402504003,0.6504354372406391,0.0
long_max_Tlast,B,0.9599310885968813,0.3055555555555556,2020,-96.39861204083519,-0.09093514018617932,0.61659782470629,0.6455942952276785,0.4681163815060101
long_max_Tlast,B,0.9599310885968813,0.3055555555555556,2021,-96.44899655317867,-0.03746069287153708,0.6359674690012824,0.6504371030771955,0.0
long_max_Tlast,B,0.9599310885968813,0.3055555555555556,2022,-96.65025184905276,-0.16503459163543427,0.616583618416533,0.6455836095570661,0.46810214115772136
long_max_Tlast,B,0.9599310885968813,0.3055555555555556,2023,-96.91400784439817,-0.37106601288214375,0.6359612405035495,0.6504324035866899,0.0
long_max_Tlast,B,0.9599310885968813,0.3055555555555556,2024,-96.89246606229995,-0.2346654378233176,0.6165843901464202,0.6455842051571815,0.46810288111723347
long_max_Tlast,B,0.9599310885968813,0.3055555555555556,2025,-97.29045630331031,-0.624714097247048,0.6359470861881925,0.6504219641861265,0.0
long_max_Tlast,B,0.9599310885968813,0.3055555555555556,2026,-97.07150777624041,-0.2743104125011706,0.6165843109536419,0.645584033277408,0.46810287554682023
long_max_Tlast,B,0.9599310885968813,0.3055555555555556,2027,-97.4753494759828,-0.705461233590574,0.6359436791837171,0.6504191438070632,0.0
long_max_Tlast,B,0.9599310885968813,0.3055555555555556,2028,-97.15678283210215,-0.26946255846110134,0.6165718086611911,0.6455735841064859,0.46809405626257905
long_max_Tlast,B,0.9599310885968813,0.3055555555555556,2029,-97.43596447087069,-0.5837225833374187,0.6359472744858442,0.6504216446014772,0.0
long_max_Tlast,B,0.9599310885968813,0.3055555555555556,2030,-97.15193758153295,-0.2218763055127036,0.6165641930513116,0.6455659977535189,0.46809370365584835
long_max_Tlast,B,0.9599310885968813,0.3055555555555556,2031,-97.22175615552887,-0.3041177488791033,0.6359409057411529,0.6504166078198069,0.0
long_max_Tlast,B,0.9599310885968813,0.3055555555555556,2032,-97.0937661738324,-0.14899246111604575,0.6165679117220629,0.6455687624641353,0.46809751377501047
long_max_Tlast,B,0.9599310885968813,0.3055555555555556,2033,-96.94610497541369,0.030914113956845957,0.6359297592701766,0.650407717557937,0.0
long_max_Tlast,B,0.9599310885968813,0.3055555555555556,2034,-97.0386379061382,-0.07753446544763931,0.6165676464286165,0.6455683979830313,0.4680974423628267
long_max_Tlast,B,0.9599310885968813,0.3055555555555556,2035,-96.74500509610985,0.29861283358417423,0.635928948644607,0.6504072104049766,0.0
long_max_Tlast,B,0.9599310885968813,0.3055555555555556,2036,-97.04163574867593,-0.03365978566078953,0.616556778076583,0.6455586451462066,0.46809236531242027
long_max_Tlast,B,0.9599310885968813,0.3055555555555556,2037,-96.72718462115671,0.4008904757125611,0.6359328394644054,0.6504102321475662,0.0
long_max_Tlast,B,0.9599310885968813,0.3055555555555556,2038,-97.136639354562,-0.03345245814862158,0.6165493752554783,0.6455533394374725,0.46808392353247014
long_max_Tlast,B,0.9599310885968813,0.3055555555555556,2039,-96.93409640710792,0.30028851281806124,0.6359261134444422,0.6504050015973117,0.0
long_max_Tlast,B,0.9599310885968813,0.3055555555555556,2040,-97.32387525575845,-0.07699742692211928,0.6165538964451907,0.6455577507083433,0.46808436932938485
long_max_Tlast,B,0.9599310885968813,0.3055555555555556,2041,-97.32488827981871,0.03366025665711864,0.6359158713601236,0.6503976625664843,0.0
long_max_Tlast,B,0.9599310885968813,0.3055555555555556,2042,-97.56968597110287,-0.1483199913951693,0.6165533110968888,0.6455571472974542,0.4680839618658449
long_max_Tlast,B,0.9599310885968813,0.3055555555555556,2043,-97.79136633742148,-0.3013007135951074,0.6359181779781885,0.6503995187937682,0.0
long_max_Tlast,B,0.9599310885968813,0.3055555555555556,2044,-97.81898607402721,-0.22130172821919952,0.6165415956845378,0.6455480354774012,0.46807308810005266
long_max_Tlast,B,0.9599310885968813,0.3055555555555556,2045,-98.19759453092063,-0.5818514741317224,0.6359231598623949,0.6504030250808407,0.0
long_max_Tlast,B,0.9599310885968813,0.3055555555555556,2046,-98.01538042385654,-0.2691966317794077,0.6165397490342681,0.6455460678603401,0.4680735096974431
long_max_Tlast,B,0.9599310885968813,0.3055555555555556,2047,-98.42972976918062,-0.7052106363054198,0.6359163472543621,0.650397835813258,0.0
long_max_Tlast,B,0.9599310885968813,0.3055555555555556,2048,-98.12189152965352,-0.2744427557679515,0.6165483917422985,0.6455524548737664,0.46808244828137235
long_max_Tlast,B,0.9599310885968813,0.3055555555555556,2049,-98.43763851848992,-0.6261771213972529,0.6359101906423502,0.6503927926566632,0.0
long_max_Tlast,B,0.9599310885968813,0.3055555555555556,2050,-98.13454185476104,-0.23514060356808772,0.6165475965589116,0.6455516453063574,0.4680819975653017
long_max_Tlast,B,0.9599310885968813,0.3055555555555556,2051,-98.2534002358589,-0.3737013981330221,0.6359161160632135,0.650396974275546,0.0
long_max_Tlast,B,0.9599310885968813,0.3055555555555556,2052,-98.08359343299112,-0.16567508900730368,0.6165401048457941,0.6455443756324959,0.4680806137410935
long_max_Tlast,B,0.9599310885968813,0.3055555555555556,2053,-97.97957922275901,-0.04030118290534562,0.6359209730461425,0.6504006285706176,0.0
long_max_Tlast,B,0.9599310885968813,0.3055555555555556,2054,-98.02266230238783,-0.09148931696425577,0.6165414986750206,0.6455453980126311,0.46808211610061135
long_max_Tlast,B,0.9599310885968813,0.3055555555555556,2055,-97.75142067732938,0.2518746459936705,0.6359150005221054,0.650395823805588,0.0
long_max_Tlast,B,0.9599310885968813,0.3055555555555556,2056,-98.00915592715445,-0.03978882111392165,0.6165492763253932,0.6455526503290503,0.46808417317062145
long_max_Tlast,B,0.9599310885968813,0.3055555555555556,2057,-97.68745669410094,0.3957738365945419,0.6359109576064945,0.6503929568221424,0.0
long_max_Tlast,B,0.9599310885968813,0.3055555555555556,2058,-98.08295426041686,-0.029498701449756415,0.6165482924676314,0.6455516668058959,0.46808366560533043
long_max_Tlast,B,0.9599310885968813,0.3055555555555556,2059,-97.84617069201155,0.33866200877583313,0.6359184136963534,0.6503989561268502,0.0
long_max_Tlast,B,0.9599310885968813,0.3055555555555556,2060,-98.25194708465145,-0.06438697866985221,0.6165403072569949,0.645545723618248,0.46807521815022424
long_max_Tlast,B,0.9599310885968813,0.3055555555555556,2061,-98.2043780822324,0.10147771591889732,0.6359235357778636,0.6504026630456339,0.0
long_max_Tlast,B,0.9599310885968813,0.3055555555555556,2062,-98.48923444759266,-0.1316848557728038,0.6165440160268121,0.6455495114090596,0.46807502356037456
long_max_Tlast,B,0.9599310885968813,0.3055555555555556,2063,-98.6657830218993,-0.22887970994452628,0.6359176602225987,0.6503983218293371,0.0
long_max_Tlast,B,0.9599310885968813,0.3055555555555556,2064,-98.74284361803157,-0.20671534477444836,0.6165549382967025,0.6455579889201583,0.4680846781290929
long_max_Tlast,B,0.9599310885968813,0.3055555555555556,2065,-99.09629591369259,-0.5313745137448191,0.635917195898972,0.6503979513055826,0.0
long_max_Tlast,B,0.9599310885968813,0.3055555555555556,2066,-98.95484596347309,-0.2619968949960657,0.6165536646922891,0.6455568606990079,0.46808364255864643
long_max_Tlast,B,0.9599310885968813,0.3055555555555556,2067,-99.37314846501215,-0.6951569134286791,0.63592819679954,0.6504058140020331,0.0
long_max_Tlast,B,0.9599310885968813,0.3055555555555556,2068,-99.08250568658266,-0.27727667451196236,0.6165501313140347,0.6455533136521415,0.4680834338613032
long_max_Tlast,B,0.9599310885968813,0.3055555555555556,2069,-99.4299284088575,-0.6602213790278317,0.6359330996933313,0.6504093619358924,0.0
long_max_Tlast,B,0.9599310885968813,0.3055555555555556,2070,-99.11398338367529,-0.24693463090222292,0.6165597068213213,0.6455602917803248,0.4680939010137276
long_max_Tlast,B,0.9599310885968813,0.3055555555555556,2071,-99.28076499317558,-0.4393675390878519,0.6359289189593115,0.650405913858715,0.0
long_max_Tlast,B,0.9599310885968813,0.3055555555555556,2072,-99.0728183735869,-0.18210854690225367,0.6165698374409198,0.6455690062663006,0.46809946103593747
long_max_Tlast,B,0.9599310885968813,0.3055555555555556,2073,-99.01522911260864,-0.11350355952095165,0.6359319909317743,0.6504080404854206,0.0
long_max_Tlast,B,0.9599310885968813,0.3055555555555556,2074,-99.00904356852575,-0.10654733369837757,0.616568757908594,0.6455678901540036,0.46809916642579386
long_max_Tlast,B,0.9599310885968813,0.3055555555555556,2075,-98.76567702842084,0.19796446345564933,0.6359434340845398,0.6504169846725706,0.0
long_max_Tlast,B,0.9599310885968813,0.3055555555555556,2076,-98.98091333406427,-0.04791726102210475,0.6165668429560417,0.645566409756229,0.46809732625422706
long_max_Tlast,B,0.9599310885968813,0.3055555555555556,2077,-98.6585245144256,0.3809174435948835,0.635947730048163,0.6504201952062669,0.0
long_max_Tlast,B,0.9599310885968813,0.3055555555555556,2078,-99.03379456739174,-0.027722915390795244,0.6165759368926316,0.6455752331670483,0.4680986537223578
long_max_Tlast,B,0.9599310885968813,0.3055555555555556,2079,-98.76793865543311,0.36832355882288004,0.6359442348842302,0.6504176404978425,0.0
long_max_Tlast,B,0.9599310885968813,0.3055555555555556,2080,-99.18330588940232,-0.05335599535528865,0.6165864911397894,0.6455840552566989,0.46810545752797056
long_max_Tlast,B,0.9599310885968813,0.3055555555555556,2081,-99.08884316007669,0.1647807705208455,0.6359495074211029,0.6504219781142869,0.0
long_max_Tlast,B,0.9599310885968813,0.3055555555555556,2082,-99.40958983529029,-0.11541474128047449,0.6165851299860702,0.6455829401851348,0.468104144627075
long_max_Tlast,B,0.9599310885968813,0.3055555555555556,2083,-99.53865805726579,-0.1551248194731215,0.6359629732350749,0.6504318921878323,0.0
long_max_Tlast,B,0.9599310885968813,0.3055555555555556,2084,-99.66472120478652,-0.1911769871871307,0.6165857736278916,0.6455837587436957,0.4681034669024421
long_max_Tlast,B,0.9599310885968813,0.3055555555555556,2085,-99.98754275208957,-0.47417635164551275,0.635967014761683,0.6504347191276029,0.0
long_max_Tlast,B,0.9599310885968813,0.3055555555555556,2086,-99.89018379614738,-0.25286609325382603,0.6166006233543359,0.6455951247765065,0.46811755396997784
long_max_Tlast,B,0.9599310885968813,0.3055555555555556,2087,-100.30598142934203,-0.6754808587418093,0.6359653600724623,0.6504333621689066,0.0
long_max_Tlast,B,0.9599310885968813,0.3055555555555556,2088,-100.03838480396712,-0.2778816603362782,0.6166114122900926,0.6456037031460578,0.4681262510771527
long_max_Tlast,B,0.9599310885968813,0.3055555555555556,2089,-100.41222985185615,-0.6852623261263763,0.6359747536278881,0.6504400364748756,0.0
long_max_Tlast,B,0.9599310885968813,0.3055555555555556,2090,-100.08999629799254,-0.2570693134304315,0.6166105722059335,0.6456028216772265,0.46812613068209236
long_max_Tlast,B,0.9599310885968813,0.3055555555555556,2091,-100.30239372273019,-0.4999323191917389,0.6359883256329117,0.6504502591481948,0.0
long_max_Tlast,B,0.9599310885968813,0.3055555555555556,2092,-100.06099219121221,-0.1980296025395627,0.6166153615431358,0.6456061960135023,0.4681318597436387
long_max_Tlast,B,0.9599310885968813,0.3055555555555556,2093,-100.0517066861419,-0.18739873938694318,0.6359912647706486,0.6504525081983513,0.0
long_max_Tlast,B,0.9599310885968813,0.3055555555555556,2094,-99.99705010434111,-0.12240723698894079,0.6166292039132979,0.6456185400112958,0.46813812749268885
long_max_Tlast,B,0.9599310885968813,0.3055555555555556,2095,-99.78690423444296,0.13783653413385732,0.6359911828875959,0.6504523925005278,0.0
long_max_Tlast,B,0.9599310885968813,0.3055555555555556,2096,-99.95662820590377,-0.05792072769900075,0.616637633331539,0.6456261488397905,0.4681413096950654
long_max_Tlast,B,0.9599310885968813,0.3055555555555556,2097,-99.64003423341207,0.3565946179368269,0.6360015801000547,0.6504606828849046,0.0
long_max_Tlast,B,0.9599310885968813,0.3055555555555556,2098,-99.98941380688615,-0.028175589252856625,0.6166368331924945,0.6456254985158314,0.4681405486105887
long_max_Tlast,B,0.9599310885968813,0.3055555555555556,2099,-99.69995214358762,0.3887150851975486,0.6360148082266156,0.6504707713085977,0.0
long_max_Tlast,B,0.9599310885968813,0.3055555555555556,2100,-100.1183937764102,-0.04408651760203633,0.6166419018461768,0.6456306710787347,0.46814040620987846
long_max_Tlast,B,0.9599310885968813,0.3055555555555556,2101,-99.97963247727407,0.2224328508708976,0.6360173233745019,0.6504724998508996,0.0
long_max_Tlast,B,0.9599310885968813,0.3055555555555556,2102,-100.33133667296596,-0.09982563066233618,0.6166582292766593,0.6456441145961288,0.46815217237289003
long_max_Tlast,B,0.9599310885968813,0.3055555555555556,2103,-100.41156978120576,-0.08134193289521852,0.6360186388375871,0.6504736380308987,0.0
long_max_Tlast,B,0.9599310885968813,0.3055555555555556,2104,-100.58517562207834,-0.1749553782449844,0.6166673883802233,0.6456510174669817,0.4681610589612968
long_max_Tlast,B,0.9599310885968813,0.3055555555555556,2105,-100.87248878642853,-0.41129995766725047,0.6360321727922364,0.65048355960477,0.0
long_max_Tlast,B,0.9599310885968813,0.3055555555555556,2106,-100.82187845137703,-0.24196394143404723,0.6166671025989029,0.6456507641659305,0.46816085934869556
long_max_Tlast,B,0.9599310885968813,0.3055555555555556,2107,-101.2285020069589,-0.6465290264282759,0.6360454075830506,0.6504932058848097,0.0
long_max_Tlast,B,0.9599310885968813,0.3055555555555556,2108,-100.98964940151674,-0.276285534198045,0.6166772343502057,0.6456583682518268,0.4681712083909841
long_max_Tlast,B,0.9599310885968813,0.3055555555555556,2109,-101.38414698558047,-0.7008442586776042,0.6360468497332934,0.6504943068751362,0.0
long_max_Tlast,B,0.9599310885968813,0.3055555555555556,2110,-101.06202744698366,-0.26533796632732976,0.6166939306838841,0.6456720619452677,0.4681834452966172
long_max_Tlast,B,0.9599310885968813,0.3055555555555556,2111,-101.31729258340502,-0.5543291888919986,0.6360504167744323,0.6504968224480798,0.0
long_max_Tlast,B,0.9599310885968813,0.3055555555555556,2112,-101.04753155326434,-0.21315205170040716,0.616699518009106,0.6456773379771419,0.4681846261535651
long_max_Tlast,B,0.9599310885968813,0.3055555555555556,2113,-101.0874360838037,-0.26066007529239066,0.6360644829864565,0.6505076162146566,0.0
long_max_Tlast,B,0.9599310885968813,0.3055555555555556,2114,-100.98634926477017,-0.1388279519994685,0.6166998952165308,0.6456775759800725,0.46818520444203626
long_max_Tlast,B,0.9599310885968813,0.3055555555555556,2115,-100.8138564811243,0.0725511321182617,0.6360753239619327,0.650516126931938,0.0
long_max_Tlast,B,0.9599310885968813,0.3055555555555556,2116,-100.93587941613646,-0.06959961603974621,0.6167094147959002,0.6456863903482719,0.4681884466560319
long_max_Tlast,B,0.9599310885968813,0.3055555555555556,2117,-100.63170431203784,0.3232183397856831,0.636076090368758,0.6505166725587034,0.0
long_max_Tlast,B,0.9599310885968813,0.3055555555555556,2118,-100.94969632464603,-0.030853121028846575,0.616724060719784,0.6456994329243275,0.4681951330867251
long_max_Tlast,B,0.9599310885968813,0.3055555555555556,2119,-100.64268398432658,0.39948244972122027,0.6360804951847413,0.6505202876747123,0.0
long_max_Tlast,B,0.9599310885968813,0.3055555555555556,2120,-101.0576629962787,-0.036766364702811305,0.6167295038775196,0.6457035091401353,0.4682005235669423
long_max_Tlast,B,0.9599310885968813,0.3055555555555556,2121,-100.87782676890345,0.2733856882082411,0.6360953790907242,0.650531601387507,0.0
long_max_Tlast,B,0.9599310885968813,0.3055555555555556,2122,-101.25516970848318,-0.08517988185421607,0.6167301063497297,0.6457042104202629,0.4682002850370935
long_max_Tlast,B,0.9599310885968813,0.3055555555555556,2123,-101.28595087718818,-0.008860390998084722,0.6361056715188854,0.6505389691414869,0.0
long_max_Tlast,B,0.9599310885968813,0.3055555555555556,2124,-101.50485894706307,-0.1583628315753374,0.6167429410301114,0.6457145853039158,0.4682105141093471
long_max_Tlast,B,0.9599310885968813,0.3055555555555556,2125,-101.7524771672762,-0.34384616830942866,0.6361057420448295,0.6505389949218042,0.0
long_max_Tlast,B,0.9599310885968813,0.3055555555555556,2126,-101.7502257771395,-0.22948277914843268,0.6167591704408999,0.6457271189894223,0.4682254498570213
long_max_Tlast,B,0.9599310885968813,0.3055555555555556,2127,-102.14141870727995,-0.6088262662681905,0.6361123123138754,0.6505438080471722,0.0
long_max_Tlast,B,0.9599310885968813,0.3055555555555556,2128,-101.93637292528408,-0.27249506098246346,0.616761793492613,0.6457294649336512,0.46822653926302266
long_max_Tlast,B,0.9599310885968813,0.3055555555555556,2129,-102.3452474268445,-0.7066883503405529,0.6361276581607577,0.650555175731485,0.0
long_max_Tlast,B,0.9599310885968813,0.3055555555555556,2130,-102.03001440842056,-0.27163348099350754,0.6167636066421637,0.6457308319008234,0.46822852636717
long_max_Tlast,B,0.9599310885968813,0.3055555555555556,2131,-102.32431352971436,-0.6015765481562403,0.6361347257723973,0.6505607665132633,0.0
long_max_Tlast,B,0.9599310885968813,0.3055555555555556,2132,-102.03179834155281,-0.22719808969641092,0.6167766766890198,0.6457418767150388,0.46823707574309037
long_max_Tlast,B,0.9599310885968813,0.3055555555555556,2133,-102.121203648869,-0.33199876802657013,0.6361340022160343,0.650560316471465,0.0
long_max_Tlast,B,0.9599310885968813,0.3055555555555556,2134,-101.97616023385162,-0.15549395403141777,0.6167878259506767,0.6457523484942841,0.4682400292069936
long_max_Tlast,B,0.9599310885968813,0.3055555555555556,2135,-101.8452805496123,0.0032736894470975497,0.6361411365574243,0.6505659279728249,0.0
long_max_Tlast,B,0.9599310885968813,0.3055555555555556,2136,-101.91841947037891,-0.0827841328442403,0.6167885583382513,0.6457530980197993,0.4682399799495829
long_max_Tlast,B,0.9599310885968813,0.3055555555555556,2137,-101.6327288822507,0.28137578141657205,0.6361547546545763,0.6505766071208722,0.0
long_max_Tlast,B,0.9599310885968813,0.3055555555555556,2138,-101.91464634814389,-0.03570069534092318,0.6167903821447777,0.6457549189876036,0.4682403291427165
long_max_Tlast,B,0.9599310885968813,0.3055555555555556,2139,-101.59640927400227,0.40040626039577626,0.6361600937869908,0.6505804825428364,0.0
long_max_Tlast,B,0.9599310885968813,0.3055555555555556,2140,-102.00129271970674,-0.03151898142485349,0.6168032068605062,0.6457661537074815,0.4682471686844497
long_max_Tlast,B,0.9599310885968813,0.3055555555555556,2141,-101.78455985822275,0.3167433539956686,0.6361590896895831,0.6505797028407805,0.0
long_max_Tlast,B,0.9599310885968813,0.3055555555555556,2142,-102.18159965910925,-0.07175887210254,0.6168151177028037,0.6457751829953972,0.468258792447096
long_max_Tlast,B,0.9599310885968813,0.3055555555555556,2143,-102.16325521255315,0.061027496297406114,0.6361673877480849,0.6505860153883889,0.0
long_max_Tlast,B,0.9599310885968813,0.3055555555555556,2144,-102.42445036348371,-0.1416747695789398,0.6168147618708952,0.6457745091562572,0.46826010666531104
long_max_Tlast,B,0.9599310885968813,0.3055555555555556,2145,-102.62873484513176,-0.2730295097139621,0.6361810072950648,0.6505958829731509,0.0
long_max_Tlast,B,0.9599310885968813,0.3055555555555556,2146,-102.67584051452532,-0.21566076013285004,0.6168177818743236,0.6457769659047154,0.4682627188675148
long_max_Tlast,B,0.9599310885968813,0.3055555555555556,2147,-103.04543053972742,-0.5630206409675973,0.6361835702462149,0.6505977915031329,0.0
long_max_Tlast,B,0.9599310885968813,0.3055555555555556,2148,-102.87862578752666,-0.26658844973096213,0.6168321095798598,0.6457882761361992,0.4682751748760757
long_max_Tlast,B,0.9599310885968813,0.3055555555555556,2149,-103.29560436505166,-0.7026885894704522,0.6361819409604059,0.6505967139972704,0.0
long_max_Tlast,B,0.9599310885968813,0.3055555555555556,2150,-102.99354890192069,-0.27580772280155036,0.6168389657727112,0.6457945925100341,0.46827747617744025
long_max_Tlast,B,0.9599310885968813,0.3055555555555556,2151,-103.32252841450992,-0.6408377408392681,0.6361907957271674,0.6506034134279793,0.0
long_max_Tlast,B,0.9599310885968813,0.3055555555555556,2152,-103.01346191774891,-0.2399455786204865,0.6168354565303651,0.6457922460099027,0.46827294482041604
long_max_Tlast,B,0.9599310885968813,0.3055555555555556,2153,-103.1513994100489,-0.40013462023179447,0.6362011307366954,0.6506116212680132,0.0
long_max_Tlast,B,0.9599310885968813,0.3055555555555556,2154,-102.96596717416952,-0.17212113036774027,0.6168386469022218,0.6457951013945988,0.4682747212935354
long_max_Tlast,B,0.9599310885968813,0.3055555555555556,2155,-102.87990963057574,-0.06878227173915935,0.6362007282841244,0.6506115142905685,0.0
long_max_Tlast,B,0.9599310885968813,0.3055555555555556,2156,-102.90354458768583,-0.09720682938838998,0.6168495399562033,0.6458052416426535,0.4682781924149645
long_max_Tlast,B,0.9599310885968813,0.3055555555555556,2157,-102.64244197855199,0.23180785094317657,0.6361990732167847,0.6506103080385995,0.0
long_max_Tlast,B,0.9599310885968813,0.3055555555555556,2158,-102.88408401567455,-0.04265574628117913,0.6168542833661751,0.6458091420152107,0.46828163299321635
long_max_Tlast,B,0.9599310885968813,0.3055555555555556,2159,-102.56105384461371,0.3914749890382329,0.6362076059841263,0.6506170180800791,0.0
long_max_Tlast,B,0.9599310885968813,0.3055555555555556,2160,-102.94961446076933,-0.028439608360496194,0.6168509626911718,0.645805823193117,0.4682817460171968
long_max_Tlast,B,0.9599310885968813,0.3055555555555556,2161,-102.70060110390303,0.3517112097027447,0.6362166384883186,0.6506235762881273,0.0
long_max_Tlast,B,0.9599310885968813,0.3055555555555556,2162,-103.1111400761878,-0.05978722297504424,0.6168546217676842,0.6458090458293285,0.46828395310926846
long_max_Tlast,B,0.9599310885968813,0.3055555555555556,2163,-103.04489690658026,0.12709052778228752,0.6362144908623621,0.650621689882541,0.0
long_max_Tlast,B,0.9599310885968813,0.3055555555555556,2164,-103.34448909346204,-0.12520686702378428,0.616866898097413,0.6458184537924109,0.4682957093977676
long_max_Tlast,B,0.9599310885968813,0.3055555555555556,2165,-103.50276064330941,-0.20009223624391165,0.6362126085027829,0.6506204071652952,0.0
long_max_Tlast,B,0.9599310885968813,0.3055555555555556,2166,-103.59914024737944,-0.20071980585238125,0.6168689324180299,0.6458197350873424,0.468298732816695
long_max_Tlast,B,0.9599310885968813,0.3055555555555556,2167,-103.94140009133041,-0.5099365553080497,0.6362215458343251,0.6506269904395063,0.0
long_max_Tlast,B,0.9599310885968813,0.3055555555555556,2168,-103.81676781047888,-0.25867215747472083,0.6168627387117093,0.6458151163793486,0.4682926297297359
long_max_Tlast,B,0.9599310885968813,0.3055555555555556,2169,-104.23510582865389,-0.6888984913811571,0.6362272111378036,0.6506313605026866,0.0
long_max_Tlast,B,0.9599310885968813,0.3055555555555556,2170,-103.95255887507933,-0.2778119807138386,0.6168669835312605,0.6458186184448172,0.46829604630523336
long_max_Tlast,B,0.9599310885968813,0.3055555555555556,2171,-104.31124847941123,-0.671409100193632,0.6362216731946848,0.6506275657764319,0.0
long_max_Tlast,B,0.9599310885968813,0.3055555555555556,2172,-103.99179820688498,-0.25112982148304797,0.6168748645395109,0.64582597311792,0.468298468954306
long_max_Tlast,B,0.9599310885968813,0.3055555555555556,2173,-104.17683623203003,-0.46386702944856417,0.6362198631607584,0.6506263214161822,0.0
long_max_Tlast,B,0.9599310885968813,0.3055555555555556,2174,-103.95514459030895,-0.18841930197906093,0.6168717830805374,0.6458242269632741,0.46829316979206603
long_max_Tlast,B,0.9599310885968813,0.3055555555555556,2175,-103.9161533039247,-0.1423261807299528,0.6362272487541978,0.6506322290854453,0.0
long_max_Tlast,B,0.9599310885968813,0.3055555555555556,2176,-103.89091284265272,-0.11263754946879737,0.6168658655869754,0.645819043618257,0.4682904348758047
long_max_Tlast,B,0.9599310885968813,0.3055555555555556,2177,-103.65977719906078,0.1753803306002989,0.6362298651420261,0.6506343136793268,0.0
long_max_Tlast,B,0.9599310885968813,0.3055555555555556,2178,-103.85765078238914,-0.05156356023011585,0.6168695392947617,0.6458224953778762,0.46829179866491094
long_max_Tlast,B,0.9599310885968813,0.3055555555555556,2179,-103.53656983035512,0.37284072075702623,0.6362233731142128,0.6506291573521915,0.0
long_max_Tlast,B,0.9599310885968813,0.3055555555555556,2180,-103.90261261189985,-0.02758987890231679,0.6168766299652784,0.6458281290271937,0.46829779447848396
long_max_Tlast,B,0.9599310885968813,0.3055555555555556,2181,-103.62666085567045,0.3776880509062146,0.636221741231751,0.6506280262139609,0.0
long_max_Tlast,B,0.9599310885968813,0.3055555555555556,2182,-104.04425766997554,-0.049482192258722885,0.6168732562707733,0.6458242648565491,0.4682996667944381
long_max_Tlast,B,0.9599310885968813,0.3055555555555556,2183,-103.93207434536757,0.18814419170474295,0.6362288348725805,0.6506332206029972,0.0
long_max_Tlast,B,0.9599310885968813,0.3055555555555556,2184,-104.26566089732253,-0.1092313768331031,0.6168662012396688,0.6458185089945546,0.46829470973379905
long_max_Tlast,B,0.9599310885968813,0.3055555555555556,2185,-104.3758782475764,-0.12632298776522394,0.6362289823804135,0.6506330463259147,0.0
long_max_Tlast,B,0.9599310885968813,0.3055555555555556,2186,-104.52069147885287,-0.18494472347361351,0.616870617599143,0.6458219987204752,0.4682987977278464
long_max_Tlast,B,0.9599310885968813,0.3055555555555556,2187,-104.83042998048734,-0.4504912261480795,0.6362199501966918,0.650626518042517,0.0
long_max_Tlast,B,0.9599310885968813,0.3055555555555556,2188,-104.75089736635461,-0.2488665653790765,0.6168747139991285,0.6458253282136707,0.46830195687075205
long_max_Tlast,B,0.9599310885968813,0.3055555555555556,2189,-105.16412066303468,-0.66557055318497,0.6362184414670972,0.6506255372874722,0.0
long_max_Tlast,B,0.9599310885968813,0.3055555555555556,2190,-104.90694994204728,-0.27759259116987833,0.6168654118157855,0.6458185835590772,0.4682917203385221
long_max_Tlast,B,0.9599310885968813,0.3055555555555556,2191,-105.28968271095997,-0.6927403167639464,0.6362235328534247,0.6506295487081499,0.0
long_max_Tlast,B,0.9599310885968813,0.3055555555555556,2192,-104.96658572971052,-0.2605860110685495,0.6168579469927598,0.6458126086112298,0.46828602076271586
long_max_Tlast,B,0.9599310885968813,0.3055555555555556,2193,-105.19615704511203,-0.5220581226955046,0.6362194792334407,0.6506268761763329,0.0
long_max_Tlast,B,0.9599310885968813,0.3055555555555556,2194,-104.94293971204928,-0.20407278776072776,0.6168611243333265,0.6458156443902278,0.4682869730870658
long_max_Tlast,B,0.9599310885968813,0.3055555555555556,2195,-104.95273887330457,-0.2160661073024256,0.6362097370962747,0.6506195183714764,0.0
long_max_Tlast,B,0.9599310885968813,0.3055555555555556,2196,-104.879763598139,-0.1287846713995515,0.6168613806484106,0.6458163991484263,0.46828501901008945
long_max_Tlast,B,0.9599310885968813,0.3055555555555556,2197,-104.68359426136172,0.11310801679457888,0.6362086167140891,0.6506187507745829,0.0
long_max_Tlast,B,0.9599310885968813,0.3055555555555556,2198,-104.83513278202767,-0.062293562100307565,0.6168524166031734,0.645808100549642,0.4682822330174655
long_max_Tlast,B,0.9599310885968813,0.3055555555555556,2199,-104.52241910631382,0.34483213345400365,0.6362122240884931,0.6506214899579617,0.0
long_max_Tlast,B,0.9599310885968813,0.3055555555555556,2200,-104.86034863952528,-0.028961978209862738,0.6168458862124326,0.6458023555923725,0.46827933981819075
long_max_Tlast,B,0.9599310885968813,0.3055555555555556,2201,-104.56323670494245,0.3942049638100513,0.6362066186833131,0.6506168315912207,0.0
long_max_Tlast,B,0.9599310885968813,0.3055555555555556,2202,-104.98122979117383,-0.0410218817361932,0.6168492463000945,0.6458050400305407,0.4682823092735534
long_max_Tlast,B,0.9599310885968813,0.3055555555555556,2203,-104.82603995156425,0.24313321057077036,0.636196124896789,0.6506089284268257,0.0
long_max_Tlast,B,0.9599310885968813,0.3055555555555556,2204,-105.18845845740796,-0.09403764513051688,0.6168486770235528,0.6458036929564561,0.46828527960327787
long_max_Tlast,B,0.9599310885968813,0.3055555555555556,2205,-105.24953537726456,-0.053029021272198495,0.6361951904216829,0.6506083556743305,0.0
long_max_Tlast,B,0.9599310885968813,0.3055555555555556,2206,-105.44107807566454,-0.1685886252017363,0.6168359983508417,0.6457934948378237,0.4682752825728626
long_max_Tlast,B,0.9599310885968813,0.3055555555555556,2207,-105.7135330320188,-0.3857425087926072,0.63619707510479,0.6506096621392885,0.0
long_max_Tlast,B,0.9599310885968813,0.3055555555555556,2208,-105.68149915371657,-0.2373641444648573,0.6168286335940174,0.6457878942382704,0.4682684970705593
long_max_Tlast,B,0.9599310885968813,0.3055555555555556,2209,-106.08302103513815,-0.6330966936208768,0.6361875958613052,0.6506028519092507,0.0
long_max_Tlast,B,0.9599310885968813,0.3055555555555556,2210,-105.85659916260782,-0.2751472156932582,0.6168308612496369,0.6457898645762405,0.4682697327798934
long_max_Tlast,B,0.9599310885968813,0.3055555555555556,2211,-106.25756363731864,-0.7044595815528724,0.6361764389034273,0.6505947170215874,0.0
long_max_Tlast,B,0.9599310885968813,0.3055555555555556,2212,-105.93727594490917,-0.26811114318903523,0.6168247050316575,0.645785658036525,0.4682618216045608
long_max_Tlast,B,0.9599310885968813,0.3055555555555556,2213,-106.20816717396049,-0.573676001560125,0.6361758649405327,0.6505943524176914,0.0
long_max_Tlast,B,0.9599310885968813,0.3055555555555556,2214,-105.92892028893279,-0.21883317079983317,0.6168111957721644,0.6457744354751105,0.4682525753173041
long_max_Tlast,B,0.9599310885968813,0.3055555555555556,2215,-105.98800403035376,-0.2886838922234524,0.636175155345384,0.6505940205806832,0.0
long_max_Tlast,B,0.9599310885968813,0.3055555555555556,2216,-105.86951890390179,-0.1453547780745887,0.6168059347006744,0.6457696491372527,0.4682509035456309
long_max_Tlast,B,0.9599310885968813,0.3055555555555556,2217,-105.71272298995473,0.04608386645395679,0.6361644538059343,0.6505857192104763,0.0
long_max_Tlast,B,0.9599310885968813,0.3055555555555556,2218,-105.81591805369196,-0.07462365008630878,0.616807164967112,0.6457708130518507,0.4682512858558865
long_max_Tlast,B,0.9599310885968813,0.3055555555555556,2219,-105.51811943850643,0.3079624096289967,0.6361543639460637,0.6505779092164897,0.0
long_max_Tlast,B,0.9599310885968813,0.3055555555555556,2220,-105.82274531579682,-0.03255132069851635,0.6168011848490585,0.6457648642714064,0.46825085227659985
long_max_Tlast,B,0.9599310885968813,0.3055555555555556,2221,-105.51054208412712,0.4009828713354914,0.6361540032139684,0.6505777089269416,0.0
long_max_Tlast,B,0.9599310885968813,0.3055555555555556,2222,-105.92242086546158,-0.034542244563940644,0.6167878751413329,0.6457532120370575,0.4682440910180626
long_max_Tlast,B,0.9599310885968813,0.3055555555555556,2223,-105.72776581796535,0.2910723794457206,0.6361520656850524,0.6505759345934921,0.0
long_max_Tlast,B,0.9599310885968813,0.3055555555555556,2224,-106.11344340712303,-0.07988486907480108,0.6167823033117821,0.6457489871474204,0.46823893010685946
long_max_Tlast,B,0.9599310885968813,0.3055555555555556,2225,-106.12514712060107,0.018512720627288815,0.636139314975126,0.6505663301305481,0.0
long_max_Tlast,B,0.9599310885968813,0.3055555555555556,2226,-106.36080803510868,-0.15195266118897638,0.6167830361646864,0.645749341160396,0.4682404293590674
long_max_Tlast,B,0.9599310885968813,0.3055555555555556,2227,-106.59205817354879,-0.31683009543539675,0.6361289931632349,0.6505589272773251,0.0
long_max_Tlast,B,0.9599310885968813,0.3055555555555556,2228,-106.60886847180633,-0.22433801649387594,0.6167724779426755,0.6457410633990205,0.46823102848741127
long_max_Tlast,B,0.9599310885968813,0.3055555555555556,2229,-106.99238630905643,-0.5920660683367278,0.6361288317423653,0.6505588510287601,0.0
long_max_Tlast,B,0.9599310885968813,0.3055555555555556,2230,-106.80171401323798,-0.27052995601838326,0.6167570545915853,0.6457290251812515,0.468217433820392
long_max_Tlast,B,0.9599310885968813,0.3055555555555556,2231,-107.21447065086443,-0.7063459952852276,0.636123995584745,0.6505554208928551,0.0
long_max_Tlast,B,0.9599310885968813,0.3055555555555556,2232,-106.90361726478511,-0.2735852258928809,0.6167534049572386,0.6457258412606659,0.4682157466841733
long_max_Tlast,B,0.9599310885968813,0.3055555555555556,2233,-107.21192464170372,-0.6178092546761511,0.6361099707435396,0.6505449872943326,0.0
long_max_Tlast,B,0.9599310885968813,0.3055555555555556,2234,-106.91229123765177,-0.2323968902787918,0.6167520550953812,0.6457250533075941,0.46821343967827045
long_max_Tlast,B,0.9599310885968813,0.3055555555555556,2235,-107.0206079763405,-0.35889462217552587,0.6361017337465116,0.6505385883012326,0.0
long_max_Tlast,B,0.9599310885968813,0.3055555555555556,2236,-106.85956766729583,-0.16206733132536041,0.6167408562698502,0.6457154068176053,0.46820684942494645
long_max_Tlast,B,0.9599310885968813,0.3055555555555556,2237,-106.74566796056736,-0.024485363051232056,0.6361017028968797,0.6505385794520684,0.0
long_max_Tlast,B,0.9599310885968813,0.3055555555555556,2238,-106.79966084134935,-0.08834579967826678,0.616728795223816,0.6457043311677625,0.46820276834801233
long_max_Tlast,B,0.9599310885968813,0.3055555555555556,2239,-106.52287042345847,0.2628794776954237,0.6360958489610175,0.6505338842438475,0.0
long_max_Tlast,B,0.9599310885968813,0.3055555555555556,2240,-106.78955348314065,-0.038261086342415485,0.616726074823997,0.6457020904397958,0.46820098755385153
long_max_Tlast,B,0.9599310885968813,0.3055555555555556,2241,-106.46876896335806,0.3979144977363811,0.6360821860630176,0.6505232517576595,0.0
long_max_Tlast,B,0.9599310885968813,0.3055555555555556,2242,-106.86797693429557,-0.030168870039850193,0.616724691618344,0.6457004938133252,0.46820161899982393
long_max_Tlast,B,0.9599310885968813,0.3055555555555556,2243,-106.63818168165488,0.3311351181142996,0.6360747529414885,0.6505178708874133,0.0
long_max_Tlast,B,0.9599310885968813,0.3055555555555556,2244,-107.04112614872611,-0.06701704725864749,0.6167122044321038,0.6456897186911353,0.46819435356215705
long_max_Tlast,B,0.9599310885968813,0.3055555555555556,2245,-107.00403887052138,0.08702026295534998,0.636074753120922,0.6505178669663887,0.0
long_max_Tlast,B,0.9599310885968813,0.3055555555555556,2246,-107.28054862224164,-0.13531839173667842,0.6166984619136044,0.6456791544543687,0.46818161487806154
long_max_Tlast,B,0.9599310885968813,0.3055555555555556,2247,-107.46725340805213,-0.24496914704057698,0.6360668168121805,0.6505118977606688,0.0
long_max_Tlast,B,0.9599310885968813,0.3055555555555556,2248,-107.5334962393131,-0.21003954539682007,0.6166966747947848,0.6456778818524244,0.4681796507780691
long_max_Tlast,B,0.9599310885968813,0.3055555555555556,2249,-107.89307965870047,-0.5431970085568436,0.636052194376034,0.6505012541223282,0.0
long_max_Tlast,B,0.9599310885968813,0.3055555555555556,2250,-107.74228165053607,-0.2637953064646472,0.6166930464211727,0.6456751136164917,0.4681759644231717
long_max_Tlast,B,0.9599310885968813,0.3055555555555556,2251,-108.16044136419036,-0.6983838925842825,0.636046852482305,0.6504972435931253,0.0
long_max_Tlast,B,0.9599310885968813,0.3055555555555556,2252,-107.86541521701932,-0.27690635966810606,0.6166784287464685,0.6456634590895665,0.4681637351151481
long_max_Tlast,B,0.9599310885968813,0.3055555555555556,2253,-108.20638907153267,-0.6536680788442677,0.6360468013556662,0.6504971787400773,0.0
long_max_Tlast,B,0.9599310885968813,0.3055555555555556,2254,-107.8926931066843,-0.24455283752332424,0.6166687568545802,0.6456547292735404,0.4681598782020789
long_max_Tlast,B,0.9599310885968813,0.3055555555555556,2255,-108.04911699737849,-0.42545062150376134,0.6360377367045681,0.6504902842229081,0.0
long_max_Tlast,B,0.9599310885968813,0.3055555555555556,2256,-107.84912886689541,-0.17859180130168492,0.6166689559634299,0.645654582091267,0.4681612902386256
long_max_Tlast,B,0.9599310885968813,0.3055555555555556,2257,-107.78116950502383,-0.09735057229150851,0.6360252786477982,0.6504804832096999,0.0
long_max_Tlast,B,0.9599310885968813,0.3055555555555556,2258,-107.78574029085061,-0.10321090419544504,0.6166650675183591,0.6456510446391406,0.46815951933039396
long_max_Tlast,B,0.9599310885968813,0.3055555555555556,2259,-107.53571753651941,0.21040788881998385,0.6360219846853395,0.6504779405552772,0.0
long_max_Tlast,B,0.9599310885968813,0.3055555555555556,2260,-107.76065984413191,-0.04601042024670332,0.6166526504515434,0.6456396614844462,0.46815491279595156
long_max_Tlast,B,0.9599310885968813,0.3055555555555556,2261,-107.43774154122903,0.38505398567073246,0.636021835087274,0.6504777668644143,0.0
long_max_Tlast,B,0.9599310885968813,0.3055555555555556,2262,-107.81805230275174,-0.027954039657895058,0.6166437942213652,0.6456325116606368,0.46814806431498196
long_max_Tlast,B,0.9599310885968813,0.3055555555555556,2263,-107.55807684308047,0.36261082776354936,0.6360122532982514,0.6504702811957421,0.0
long_max_Tlast,B,0.9599310885968813,0.3055555555555556,2264,-107.97192565255969,-0.0556686024897827,0.6166440841774423,0.6456331217390285,0.46814677273304584
long_max_Tlast,B,0.9599310885968813,0.3055555555555556,2265,-107.88759247020204,0.15130009513738252,0.6360000579205439,0.650461384418635,0.0
long_max_Tlast,B,0.9599310885968813,0.3055555555555556,2266,-108.20085176981684,-0.11898133692192284,0.6166389614539156,0.6456287465573535,0.46814337388398675
long_max_Tlast,B,0.9599310885968813,0.3055555555555556,2267,-108.34054669700237,-0.17144970205528187,0.6359982932533994,0.650460278536424,0.0
long_max_Tlast,B,0.9599310885968813,0.3055555555555556,2268,-108.45593105893407,-0.19470411303689697,0.616624170899616,0.6456172796258174,0.4681297453657958
long_max_Tlast,B,0.9599310885968813,0.3055555555555556,2269,-108.78595219253646,-0.48736640640549583,0.6359979262164738,0.6504599381688231,0.0
long_max_Tlast,B,0.9599310885968813,0.3055555555555556,2270,-108.678665772828,-0.2550904875500459,0.6166178780766788,0.6456122259293129,0.46812478372334704
long_max_Tlast,B,0.9599310885968813,0.3055555555555556,2271,-109.0956087692502,-0.6807062220930431,0.6359872409256352,0.6504520389546983,0.0
long_max_Tlast,B,0.9599310885968813,0.3055555555555556,2272,-108.82242179341658,-0.27800187234621526,0.6166202433316393,0.6456138344211624,0.4681277278170182
long_max_Tlast,B,0.9599310885968813,0.3055555555555556,2273,-109.19099974178707,-0.6806308541546391,0.6359777584136688,0.6504447266859922,0.0
long_max_Tlast,B,0.9599310885968813,0.3055555555555556,2274,-108.869566945823,-0.25506286699425157,0.6166141278004952,0.6456087989207292,0.4681229723655079
long_max_Tlast,B,0.9599310885968813,0.3055555555555556,2275,-109.07215122784088,-0.48716455850797935,0.6359787646955307,0.6504452340846272,0.0
long_max_Tlast,B,0.9599310885968813,0.3055555555555556,2276,-108.83775080657298,-0.19466899148393935,0.6166031336205923,0.6455987006687709,0.46811897988254875
long_max_Tlast,B,0.9599310885968813,0.3055555555555556,2277,-108.8176630829674,-0.17120806192820975,0.6359781876948635,0.6504447068340269,0.0
long_max_Tlast,B,0.9599310885968813,0.3055555555555556,2278,-108.77358086494294,-0.11893936826574786,0.6166007329016292,0.6455961078626595,0.4681197222771251
long_max_Tlast,B,0.9599310885968813,0.3055555555555556,2279,-108.5557198430038,0.15147405164180805,0.6359684864721441,0.650436997722126,0.0
long_max_Tlast,B,0.9599310885968813,0.3055555555555556,2280,-108.73563902154383,-0.055643452905363655,0.6166030561403497,0.6455982525430948,0.46812031536050325
long_max_Tlast,B,0.9599310885968813,0.3055555555555556,2281,-108.41723913565252,0.36265221572462664,0.6359611491417408,0.6504314342754589,0.0
long_max_Tlast,B,0.9599310885968813,0.3055555555555556,2282,-108.77277304379984,-0.0279595765323829,0.6165972879413155,0.6455929538892748,0.46811793457961276
long_max_Tlast,B,0.9599310885968813,0.3055555555555556,2283,-108.48799874600911,0.38494344009031656,0.6359631957880562,0.650433229974908,0.0
long_max_Tlast,B,0.9599310885968813,0.3055555555555556,2284,-108.90631104962192,-0.04602593628134549,0.616585915446976,0.6455838889426083,0.46810842788683743
long_max_Tlast,B,0.9599310885968813,0.3055555555555556,2285,-108.77704068332315,0.21019429847704602,0.635962373047018,0.6504325008325118,0.0
long_max_Tlast,B,0.9599310885968813,0.3055555555555556,2286,-109.12234476069716,-0.10323705197445388,0.6165841401798662,0.6455832626865075,0.46810389710950145
long_max_Tlast,B,0.9599310885968813,0.3055555555555556,2287,-109.21340995461487,-0.09756546043020442,0.6359522483743344,0.6504250506852594,0.0
long_max_Tlast,B,0.9599310885968813,0.3055555555555556,2288,-109.37668918955097,-0.17861476460435413,0.6165876108338793,0.6455860094116848,0.4681066185881125
long_max_Tlast,B,0.9599310885968813,0.3055555555555556,2289,-109.67219840307878,-0.42557757139401947,0.6359471902338703,0.6504214393899161,0.0
long_max_Tlast,B,0.9599310885968813,0.3055555555555556,2290,-109.61113816184863,-0.24454585146885466,0.6165804177795742,0.6455803329555367,0.4681001146151892
long_max_Tlast,B,0.9599310885968813,0.3055555555555556,2291,-110.02027742024745,-0.6536451120218429,0.6359517175345901,0.650424625850722,0.0
long_max_Tlast,B,0.9599310885968813,0.3055555555555556,2292,-109.7747503043769,-0.2768783143410768,0.61657202042844,0.6455731919199793,0.46809483953377407
long_max_Tlast,B,0.9599310885968813,0.3055555555555556,2293,-110.16512714047717,-0.6982094958110054,0.635950595449628,0.6504236929715609,0.0
long_max_Tlast,B,0.9599310885968813,0.3055555555555556,2294,-109.84252015731958,-0.26374727120453334,0.6165756439229872,0.6455753056649994,0.4681008695892909
long_max_Tlast,B,0.9599310885968813,0.3055555555555556,2295,-110.08862939668211,-0.5429478758338793,0.6359422226991595,0.6504171095614895,0.0
long_max_Tlast,B,0.9599310885968813,0.3055555555555556,2296,-109.82466923371175,-0.20998029267400697,0.6165794650638323,0.6455783826871357,0.4681036350633673
long_max_Tlast,B,0.9599310885968813,0.3055555555555556,2297,-109.85374461568428,-0.24474032089404174,0.63594089822774,0.65041577921215,0.0
long_max_Tlast,B,0.9599310885968813,0.3055555555555556,2298,-109.76270274282538,-0.13527819816806916,0.616573743666398,0.6455730312783611,0.4681016627133938
long_max_Tlast,B,0.9599310885968813,0.3055555555555556,2299,-109.58158330119849,0.08714073373523468,0.6359463538279067,0.6504199670211835,0.0
long_max_Tlast,B,0.9599310885968813,0.3055555555555556,2300,-109.71422684164261,-0.06699364266306843,0.6165683048566163,0.6455680679124454,0.4680995623938704
long_max_Tlast,B,0.9599310885968813,0.3055555555555556,2301,-109.4068483490571,0.331095620135132,0.6359451118647792,0.6504188847093777,0.0
long_max_Tlast,B,0.9599310885968813,0.3055555555555556,2302,-109.73205030206722,-0.030164772414190077,0.6165719381424627,0.6455719017950692,0.46809884977945015
long_max_Tlast,B,0.9599310885968813,0.3055555555555556,2303,-109.42847642966402,0.3977456730983813,0.6359377055326423,0.6504132968922032,0.0
long_max_Tlast,B,0.9599310885968813,0.3055555555555556,2304,-109.84463720237947,-0.03828149546272952,0.6165756243412941,0.6455750872467234,0.4681006177079788
long_max_Tlast,B,0.9599310885968813,0.3055555555555556,2305,-109.67355147569201,0.26266023666453897,0.6359380711597822,0.650413965260699,0.0
long_max_Tlast,B,0.9599310885968813,0.3055555555555556,2306,-110.04566022557061,-0.08835803269578926,0.6165690942211638,0.6455698791165508,0.46809494015425285
long_max_Tlast,B,0.9599310885968813,0.3055555555555556,2307,-110.08727312603764,-0.024657022675142692,0.6359448319267297,0.650419021941338,0.0
long_max_Tlast,B,0.9599310885968813,0.3055555555555556,2308,-110.29645601620496,-0.16206072502875282,0.616564724362471,0.6455669526575024,0.4680891110720661
long_max_Tlast,B,0.9599310885968813,0.3055555555555556,2309,-110.55301723245981,-0.35892797565180024,0.6359433024037918,0.6504178010803771,0.0
long_max_Tlast,B,0.9599310885968813,0.3055555555555556,2310,-110.54010382969972,-0.23237218154258377,0.6165725869797951,0.6455730289413604,0.46809629025408617
long_max_Tlast,B,0.9599310885968813,0.3055555555555556,2311,-110.93510316916229,-0.6176850052680144,0.6359376150787727,0.6504135375037541,0.0
long_max_Tlast,B,0.9599310885968813,0.3055555555555556,2312,-110.72232955477034,-0.27352956916374754,0.6165769169795334,0.6455763147698581,0.4681002082534887
long_max_Tlast,B,0.9599310885968813,0.3055555555555556,2313,-111.12848224296707,-0.7061083608424052,0.6359420366638334,0.6504165130813794,0.0
long_max_Tlast,B,0.9599310885968813,0.3055555555555556,2314,-110.81134608590938,-0.27046468743902047,0.6165718894560431,0.6455718514093225,0.46809757561608356
long_max_Tlast,B,0.9599310885968813,0.3055555555555556,2315,-111.09732002341532,-0.5917976446508517,0.6359497733756666,0.6504221772660854,0.0
long_max_Tlast,B,0.9599310885968813,0.3055555555555556,2316,-110.8094434677505,-0.2242801259906856,0.6165729749765719,0.6455717995755994,0.4681020432309404
long_max_Tlast,B,0.9599310885968813,0.3055555555555556,2317,-110.8880256670408,-0.3166420914545809,0.6359483035834714,0.6504209284875586,0.0
long_max_Tlast,B,0.9599310885968813,0.3055555555555556,2318,-110.7523504346182,-0.15190604642413452,0.6165818507205667,0.6455793241364163,0.46810751741622564
long_max_Tlast,B,0.9599310885968813,0.3055555555555556,2319,-110.61218591598853,0.018551047564689505,0.6359451017699693,0.6504182731500041,0.0
long_max_Tlast,B,0.9599310885968813,0.3055555555555556,2320,-110.69600887072559,-0.07987145610804772,0.6165852073757339,0.6455823216746053,0.46810869791188403
long_max_Tlast,B,0.9599310885968813,0.3055555555555556,2321,-110.4058811145648,0.2909606821860454,0.6359510915437913,0.6504230506290832,0.0
long_max_Tlast,B,0.9599310885968813,0.3055555555555556,2322,-110.69595204246409,-0.034549252503757594,0.6165810008831409,0.6455786748529868,0.4681061619590793
long_max_Tlast,B,0.9599310885968813,0.3055555555555556,2323,-110.37973090934369,0.40077181642437343,0.6359587206247953,0.6504289358571745,0.0
long_max_Tlast,B,0.9599310885968813,0.3055555555555556,2324,-110.78719679813022,-0.03255689902200942,0.6165821374616124,0.6455805867911625,0.46810316732881857
long_max_Tlast,B,0.9599310885968813,0.3055555555555556,2325,-110.5782433385305,0.3077568080590438,0.6359571674902432,0.6504276989041227,0.0
long_max_Tlast,B,0.9599310885968813,0.3055555555555556,2326,-110.97133585483951,-0.07462869111550818,0.6165921825003712,0.6455892815018515,0.4681086497576104
long_max_Tlast,B,0.9599310885968813,0.3055555555555556,2327,-110.96365542257927,0.04598472064355563,0.6359553479769291,0.6504265940166709,0.0
long_max_Tlast,B,0.9599310885968813,0.3055555555555556,2328,-111.21584746012923,-0.14533470705582174,0.6165959314304335,0.6455921100971482,0.4681120771808567
long_max_Tlast,B,0.9599310885968813,0.3055555555555556,2329,-111.42974667004324,-0.2886290318867841,0.6359641998508944,0.6504331735249784,0.0
long_max_Tlast,B,0.9599310885968813,0.3055555555555556,2330,-111.46611728827632,-0.2187811097513476,0.6165924436887275,0.6455894252900014,0.46810867554456126
long_max_Tlast,B,0.9599310885968813,0.3055555555555556,2331,-111.84072389511194,-0.5734706978250901,0.635972553805726,0.6504391801044381,0.0
long_max_Tlast,B,0.9599310885968813,0.3055555555555556,2332,-111.66539790953543,-0.26804844132426964,0.6165989172162275,0.6455941123063347,0.4681158952690666
long_max_Tlast,B,0.9599310885968813,0.3055555555555556,2333,-112.08098502868891,-0.7041805308574455,0.6359711814915342,0.6504380684170686,0.0
long_max_Tlast,B,0.9599310885968813,0.3055555555555556,2334,-111.77566790266185,-0.27507682060945526,0.6166113078557588,0.6456038343038277,0.4681266037540904
long_max_Tlast,B,0.9599310885968813,0.3055555555555556,2335,-112.09741836708588,-0.6328565844061419,0.6359726425173823,0.6504388556637084,0.0
long_max_Tlast,B,0.9599310885968813,0.3055555555555556,2336,-111.791547849948,-0.23730803792063634,0.6166140257001537,0.6456061792636978,0.46812786520857363
long_max_Tlast,B,0.9599310885968813,0.3055555555555556,2337,-111.91899532637395,-0.3856236279849059,0.6359833092375721,0.6504468222925387,0.0
long_max_Tlast,B,0.9599310885968813,0.3055555555555556,2338,-111.7421155938378,-0.16856396924328715,0.6166130697211741,0.6456048953675056,0.46812901876202473
long_max_Tlast,B,0.9599310885968813,0.3055555555555556,2339,-111.646129525545,-0.05307528358903446,0.6359905940914271,0.6504524661856926,0.0
long_max_Tlast,B,0.9599310885968813,0.3055555555555556,2340,-111.68045962775102,-0.09403009278678903,0.6166203863264372,0.6456114266207528,0.4681323616323495
long_max_Tlast,B,0.9599310885968813,0.3055555555555556,2341,-111.4137142596207,0.24294860810784158,0.6359895181462311,0.6504515708141116,0.0
long_max_Tlast,B,0.9599310885968813,0.3055555555555556,2342,-111.66423664033253,-0.0410343543429674,0.6166310162743138,0.6456211246534472,0.468136191262451
long_max_Tlast,B,0.9599310885968813,0.3055555555555556,2343,-111.34186764432789,0.3939781356671823,0.6359922883410146,0.6504539348580715,0.0
long_max_Tlast,B,0.9599310885968813,0.3055555555555556,2344,-111.734316876534,-0.028978026306503535,0.6166334358799851,0.6456230497367083,0.46813796978449945
long_max_Tlast,B,0.9599310885968813,0.3055555555555556,2345,-111.49196053067729,0.3446641243805917,0.6360037756050675,0.6504628350552618,0.0
long_max_Tlast,B,0.9599310885968813,0.3055555555555556,2346,-111.89997081213662,-0.0622816559367082,0.6166325480704669,0.6456228305394178,0.468135303908688
long_max_Tlast,B,0.9599310885968813,0.3055555555555556,2347,-111.84396650176953,0.11308235548809731,0.6360110042038489,0.6504680727703644,0.0
long_max_Tlast,B,0.9599310885968813,0.3055555555555556,2348,-112.13551898793337,-0.12875248475526643,0.6166425049531703,0.64563126398259,0.4681416301056131
long_max_Tlast,B,0.9599310885968813,0.3055555555555556,2349,-112.30386632240617,-0.2159223427971263,0.6360101615743128,0.650467453268426,0.0
long_max_Tlast,B,0.9599310885968813,0.3055555555555556,2350,-112.38963033745938,-0.204019597028117,0.6166554641189018,0.6456412628667632,0.4681534869224113
long_max_Tlast,B,0.9599310885968813,0.3055555555555556,2351,-112.73811981262185,-0.5218027715791789,0.636015782451579,0.6504715535547329,0.0
long_max_Tlast,B,0.9599310885968813,0.3055555555555556,2352,-112.6041871067034,-0.2605148765282848,0.6166573070216205,0.6456426931672218,0.46815497986323534
long_max_Tlast,B,0.9599310885968813,0.3055555555555556,2353,-113.02259528294323,-0.6924661942080033,0.6360290206602862,0.6504811939083769,0.0
long_max_Tlast,B,0.9599310885968813,0.3055555555555556,2354,-112.73551224120335,-0.2775356343943385,0.6166595698255202,0.6456441045913807,0.46815840730272706
long_max_Tlast,B,0.9599310885968813,0.3055555555555556,2355,-113.0880739590473,-0.6653815778598884,0.6360349384245111,0.6504856697387715,0.0
long_max_Tlast,B,0.9599310885968813,0.3055555555555556,2356,-112.77044702090959,-0.24882969572197478,0.6166720764949537,0.6456541129725646,0.46816863669670916
long_max_Tlast,B,0.9599310885968813,0.3055555555555556,2357,-112.94548927672028,-0.4504670252908499,0.6360347747751868,0.6504854596942415,0.0
long_max_Tlast,B,0.9599310885968813,0.3055555555555556,2358,-112.73125401852934,-0.18493348403539742,0.6166821546882872,0.64566318746139,0.46817273348089505
long_max_Tlast,B,0.9599310885968813,0.3055555555555556,2359,-112.68202770392374,-0.12645894086640652,0.6360420031099061,0.6504909682326494,0.0
long_max_Tlast,B,0.9599310885968813,0.3055555555555556,2360,-112.66723071210478,-0.10925176032286449,0.6166830771477894,0.6456640638673384,0.46817281039811354
long_max_Tlast,B,0.9599310885968813,0.3055555555555556,2361,-112.42928533674737,0.18791327723533158,0.6360542625697541,0.6505005830992684,0.0
long_max_Tlast,B,0.9599310885968813,0.3055555555555556,2362,-112.63675270992366,-0.0495031409004375,0.6166856661722124,0.6456666092262218,0.46817315571725654
long_max_Tlast,B,0.9599310885968813,0.3055555555555556,2363,-112.31484011437641,0.37746152442042424,0.6360590588417581,0.6505041923006672,0.0
long_max_Tlast,B,0.9599310885968813,0.3055555555555556,2364,-112.68604753152366,-0.027600252047011775,0.6166973625417319,0.6456772608734199,0.4681776721209023
long_max_Tlast,B,0.9599310885968813,0.3055555555555556,2365,-112.41555419056039,0.3727292389780499,0.6360592055251733,0.6505043822782769,0.0
long_max_Tlast,B,0.9599310885968813,0.3055555555555556,2366,-112.8320379812506,-0.05155947921699974,0.6167078189041778,0.6456856398292359,0.46818600756288137
long_max_Tlast,B,0.9599310885968813,0.3055555555555556,2367,-112.72954445387002,0.17543482143765532,0.6360678682570464,0.650511080369078,0.0
long_max_Tlast,B,0.9599310885968813,0.3055555555555556,2368,-113.05617075006941,-0.11259790239560258,0.6167086064318098,0.645686110342164,0.4681872261221107
long_max_Tlast,B,0.9599310885968813,0.3055555555555556,2369,-113.17676079696835,-0.1421236942424604,0.6360809023435513,0.6505205848268771,0.0
long_max_Tlast,B,0.9599310885968813,0.3055555555555556,2370,-113.31130879739375,-0.188362956888584,0.6167133909527891,0.645690044351178,0.4681908411391147
long_max_Tlast,B,0.9599310885968813,0.3055555555555556,2371,-113.62831446387533,-0.4635883097916975,0.6360846202049937,0.6505232398386843,0.0
long_max_Tlast,B,0.9599310885968813,0.3055555555555556,2372,-113.53894097271893,-0.2510781212151145,0.61672833511745,0.645701629924048,0.46820451709296973
long_max_Tlast,B,0.9599310885968813,0.3055555555555556,2373,-113.95370520496256,-0.6711734608116318,0.6360856022386077,0.6505239465888007,0.0
long_max_Tlast,B,0.9599310885968813,0.3055555555555556,2374,-113.69068060740825,-0.27776955753157795,0.6167367349218732,0.6457086284235217,0.4682101582004202
long_max_Tlast,B,0.9599310885968813,0.3055555555555556,2375,-114.06865438493375,-0.6887996688773298,0.6360960784877642,0.6505316539038125,0.0
long_max_Tlast,B,0.9599310885968813,0.3055555555555556,2376,-113.74589079145903,-0.2586630664693749,0.6167364848887623,0.6457085884065742,0.4682093255334158
long_max_Tlast,B,0.9599310885968813,0.3055555555555556,2377,-113.96608095463043,-0.5100059698163757,0.6361073061494916,0.6505403209473938,0.0
long_max_Tlast,B,0.9599310885968813,0.3055555555555556,2378,-113.71925213918094,-0.20073956180363456,0.6167426331316563,0.6457136532290924,0.4682139351743908
long_max_Tlast,B,0.9599310885968813,0.3055555555555556,2379,-113.71854627161238,-0.200305793050017,0.6361091107482589,0.650541844502134,0.0
long_max_Tlast,B,0.9599310885968813,0.3055555555555556,2380,-113.65558344128664,-0.12523754347663446,0.6167547437164208,0.6457247311428977,0.4682184119370733
long_max_Tlast,B,0.9599310885968813,0.3055555555555556,2381,-113.4516575536367,0.12682918080970662,0.6361105773776232,0.6505430252493782,0.0
long_max_Tlast,B,0.9599310885968813,0.3055555555555556,2382,-113.61322313799107,-0.05982655744941301,0.6167606774760231,0.6457300599379648,0.4682208811842965
long_max_Tlast,B,0.9599310885968813,0.3055555555555556,2383,-113.29824231332265,0.35151841256859395,0.6361208914983659,0.6505511655073534,0.0
long_max_Tlast,B,0.9599310885968813,0.3055555555555556,2384,-113.64259108056059,-0.028457505171588515,0.6167604115827021,0.6457297314408177,0.46822120367432135
long_max_Tlast,B,0.9599310885968813,0.3055555555555556,2385,-113.34954278314544,0.3914269909651463,0.6361310892719736,0.6505588089977606,0.0
long_max_Tlast,B,0.9599310885968813,0.3055555555555556,2386,-113.76793943630653,-0.04264093695855589,0.6167668619313526,0.6457355840247634,0.4682239586878103
long_max_Tlast,B,0.9599310885968813,0.3055555555555556,2387,-113.62170205435369,0.2319324925818652,0.6361320642061538,0.6505593531545533,0.0
long_max_Tlast,B,0.9599310885968813,0.3055555555555556,2388,-113.97835680776839,-0.09717826436079768,0.6167806352044654,0.6457465071079584,0.46823559683382465
long_max_Tlast,B,0.9599310885968813,0.3055555555555556,2389,-114.04997700827704,-0.0685372986173402,0.6361341882001205,0.6505610261772893,0.0
long_max_Tlast,B,0.9599310885968813,0.3055555555555556,2390,-114.2317096110971,-0.17207699000022503,0.6167859655621258,0.645750322487818,0.4682416537666667
long_max_Tlast,B,0.9599310885968813,0.3055555555555556,2391,-114.51243107862328,-0.3998776208032971,0.6361458054170459,0.6505695270434347,0.0
long_max_Tlast,B,0.9599310885968813,0.3055555555555556,2392,-114.47014398681381,-0.23990667937775595,0.6167850670964728,0.6457496749180912,0.4682407769403395
long_max_Tlast,B,0.9599310885968813,0.3055555555555556,2393,-114.87461470475854,-0.6406694189800685,0.6361542629135262,0.6505757796402313,0.0
long_max_Tlast,B,0.9599310885968813,0.3055555555555556,2394,-114.64123922605512,-0.2758002140591838,0.616793697511864,0.6457564352133662,0.46824858719253937
long_max_Tlast,B,0.9599310885968813,0.3055555555555556,2395,-115.03879687737165,-0.7026857493050402,0.6361532503599733,0.650575201579624,0.0
long_max_Tlast,B,0.9599310885968813,0.3055555555555556,2396,-114.71732699390957,-0.2666048831141058,0.6168049119911756,0.645766102826781,0.4682550336936634
long_max_Tlast,B,0.9599310885968813,0.3055555555555556,2397,-114.97973502530205,-0.5631898461908567,0.6361560553832983,0.6505773381562648,0.0
long_max_Tlast,B,0.9599310885968813,0.3055555555555556,2398,-114.70554983454942,-0.21570461698965532,0.6168058939463738,0.6457676877209783,0.4682526842505126
long_max_Tlast,B,0.9599310885968813,0.3055555555555556,2399,-114.75408898838293,-0.27329355926208226,0.6361665087945518,0.6505855161839501,0.0
long_max_Tlast,B,0.9599310885968813,0.3055555555555556,2400,-114.64511678323325,-0.1417315517891582,0.6168048629448484,0.6457668749151677,0.4682519935243219
long_max_Tlast,B,0.9599310885968813,0.3055555555555556,2401,-114.47958204987572,0.06077040395955918,0.6361721181080208,0.6505900059148904,0.0
long_max_Tlast,B,0.9599310885968813,0.3055555555555556,2402,-114.59317617302776,-0.07179713284721415,0.61681224630232,0.6457737256634029,0.468254549692222
long_max_Tlast,B,0.9599310885968813,0.3055555555555556,2403,-114.29171910698108,0.31659741948914544,0.6361702821024362,0.6505885470619008,0.0
long_max_Tlast,B,0.9599310885968813,0.3055555555555556,2404,-114.60382112125862,-0.03154089577856817,0.6168217958157235,0.6457819429899714,0.46826009399057417
long_max_Tlast,B,0.9599310885968813,0.3055555555555556,2405,-114.29431971151001,0.4004348452527295,0.6361733427594071,0.6505910247549214,0.0
long_max_Tlast,B,0.9599310885968813,0.3055555555555556,2406,-114.70808293544923,-0.03569704302321711,0.6168227148511463,0.6457820007908587,0.4682635311033909
long_max_Tlast,B,0.9599310885968813,0.3055555555555556,2407,-114.52147303331893,0.2815549087849484,0.6361836821613905,0.6505987397030774,0.0
long_max_Tlast,B,0.9599310885968813,0.3055555555555556,2408,-114.90272826145788,-0.08275228707768095,0.6168216259143791,0.6457811082045557,0.46826297583289206
long_max_Tlast,B,0.9599310885968813,0.3055555555555556,2409,-114.92492131710021,0.003526082202522207,0.6361878424750672,0.6506015390558747,0.0
long_max_Tlast,B,0.9599310885968813,0.3055555555555556,2410,-115.15144270516896,-0.15546867517409965,0.6168307354631313,0.6457883053230259,0.4682709686578296
long_max_Tlast,B,0.9599310885968813,0.3055555555555556,2411,-115.39180315167486,-0.33178285466286295,0.6361846650735646,0.6505992211174468,0.0
long_max_Tlast,B,0.9599310885968813,0.3055555555555556,2412,-115.3980821309004,-0.22718877518505912,0.616839300902173,0.6457948970029005,0.4682789847967054
long_max_Tlast,B,0.9599310885968813,0.3055555555555556,2413,-115.78600412523537,-0.6015021899404536,0.6361884136205452,0.6506020314353378,0.0
long_max_Tlast,B,0.9599310885968813,0.3055555555555556,2414,-115.58727963573408,-0.2716467790341634,0.6168361643195237,0.6457928098864503,0.4682748403919499
long_max_Tlast,B,0.9599310885968813,0.3055555555555556,2415,-115.99807753574774,-0.7067866893591074,0.6361973808712944,0.6506088088623847,0.0
long_max_Tlast,B,0.9599310885968813,0.3055555555555556,2416,-115.6846391234589,-0.27254463759730707,0.6168348732820731,0.6457918835537161,0.4682736416861212
long_max_Tlast,B,0.9599310885968813,0.3055555555555556,2417,-115.98534436807975,-0.6090636281583374,0.636197841892767,0.6506095059423403,0.0
long_max_Tlast,B,0.9599310885968813,0.3055555555555556,2418,-115.68946923424805,-0.22954511999875127,0.6168424443875467,0.6457986090478205,0.4682774032916045
long_max_Tlast,B,0.9599310885968813,0.3055555555555556,2419,-115.78739716616732,-0.34413740261885983,0.6361937242205933,0.650606513260693,0.0
long_max_Tlast,B,0.9599310885968813,0.3055555555555556,2420,-115.63507208904369,-0.15842440273250197,0.6168463106285508,0.6458027244197025,0.4682765588242572
long_max_Tlast,B,0.9599310885968813,0.3055555555555556,2421,-115.51173676273773,-0.009083092404729376,0.636197348085718,0.6506094337068319,0.0
long_max_Tlast,B,0.9599310885968813,0.3055555555555556,2422,-115.57631142618105,-0.08523091026951185,0.6168422675677805,0.6457991394115961,0.4682747491947383
long_max_Tlast,B,0.9599310885968813,0.3055555555555556,2423,-115.29444025379263,0.27331337579344706,0.6362043937116635,0.6506149397882344,0.0
long_max_Tlast,B,0.9599310885968813,0.3055555555555556,2424,-115.56966315794774,-0.03678080346663645,0.6168412843154961,0.6457983172565144,0.4682744003338107
long_max_Tlast,B,0.9599310885968813,0.3055555555555556,2425,-115.25009916959098,0.399577424106062,0.6362033225582512,0.6506138641482406,0.0
long_max_Tlast,B,0.9599310885968813,0.3055555555555556,2426,-115.65262218707241,-0.030845683360047893,0.6168487083382743,0.645804551903883,0.46827947235395107
long_max_Tlast,B,0.9599310885968813,0.3055555555555556,2427,-115.42990984370627,0.32343768044497523,0.6361988138464827,0.6506104209447486,0.0
long_max_Tlast,B,0.9599310885968813,0.3055555555555556,2428,-115.82977007760464,-0.0695874447165899,0.6168525686847839,0.6458068412272144,0.4682857475925524
long_max_Tlast,B,0.9599310885968813,0.3055555555555556,2429,-115.80299856746481,0.0727861970709271,0.6362027650693882,0.6506134138045254,0.0
long_max_Tlast,B,0.9599310885968813,0.3055555555555556,2430,-116.07116099766316,-0.13881269358241588,0.6168466051869277,0.645801763613285,0.4682822375505856
long_max_Tlast,B,0.9599310885968813,0.3055555555555556,2431,-116.26765042774385,-0.26051835052353733,0.6362085895406345,0.650617549747172,0.0
long_max_Tlast,B,0.9599310885968813,0.3055555555555556,2432,-116.32332748650927,-0.21316388545981468,0.6168455465517091,0.645801031984449,0.4682812243873169
long_max_Tlast,B,0.9599310885968813,0.3055555555555556,2433,-116.6885995926279,-0.5543452947426003,0.6362043661162388,0.6506145264352581,0.0
long_max_Tlast,B,0.9599310885968813,0.3055555555555556,2434,-116.5288481330794,-0.2653823599128821,0.6168522180544865,0.6458064318225257,0.4682865579643597
long_max_Tlast,B,0.9599310885968813,0.3055555555555556,2435,-116.94655525754575,-0.7010303927378563,0.6361990059729477,0.6506107162014231,0.0
long_max_Tlast,B,0.9599310885968813,0.3055555555555556,2436,-116.64745635885957,-0.27634656494325516,0.6168506159256909,0.6458059124317933,0.4682822636890361
long_max_Tlast,B,0.9599310885968813,0.3055555555555556,2437,-116.98195921127842,-0.6468135741710692,0.6362026474288346,0.6506135642006906,0.0
long_max_Tlast,B,0.9599310885968813,0.3055555555555556,2438,-116.67064899659087,-0.24204010863710845,0.6168424318456489,0.6457995150638843,0.46827518190685224
long_max_Tlast,B,0.9599310885968813,0.3055555555555556,2439,-116.81689561051806,-0.41157016400695745,0.6362052740802588,0.6506158754463326,0.0
long_max_Tlast,B,0.9599310885968813,0.3055555555555556,2440,-116.62485716663733,-0.17501891691209007,0.6168417257121334,0.6457989675936985,0.46827485301389893
long_max_Tlast,B,0.9599310885968813,0.3055555555555556,2441,-116.54682552866197,-0.08150424984597737,0.6361990679463272,0.6506112180355657,0.0
long_max_Tlast,B,0.9599310885968813,0.3055555555555556,2442,-116.5619305967338,-0.09986083393887726,0.6168459658331353,0.6458030336688093,0.4682757796694652
long_max_Tlast,B,0.9599310885968813,0.3055555555555556,2443,-116.30563894936918,0.22244039933428617,0.6361940634257978,0.6506073747954646,0.0
long_max_Tlast,B,0.9599310885968813,0.3055555555555556,2444,-116.53992108943135,-0.04410352668755302,0.6168436082864812,0.6458005285650426,0.46827627572186226
long_max_Tlast,B,0.9599310885968813,0.3055555555555556,2445,-116.21675484454789,0.38887756121413763,0.6361973524641478,0.6506099511841625,0.0
long_max_Tlast,B,0.9599310885968813,0.3055555555555556,2446,-116.60181480475117,-0.028166077745418072,0.6168359404792084,0.6457935298840125,0.4682736232546583
long_max_Tlast,B,0.9599310885968813,0.3055555555555556,2447,-116.34775184564621,0.35682453646060436,0.6361986665896104,0.6506106344818209,0.0
long_max_Tlast,B,0.9599310885968813,0.3055555555555556,2448,-116.75995369171623,-0.05790526611506561,0.6168353667661807,0.6457931457128119,0.4682731474375518
long_max_Tlast,B,0.9599310885968813,0.3055555555555556,2449,-116.68558091670603,0.13803145707123043,0.636190836223739,0.6506045914495984,0.0
long_max_Tlast,B,0.9599310885968813,0.3055555555555556,2450,-116.99139244643595,-0.12241605282326223,0.6168396314261285,0.6457961230487544,0.4682783761378354
long_max_Tlast,B,0.9599310885968813,0.3055555555555556,2451,-117.14143637249356,-0.18733661338903912,0.6361854748724689,0.6506007573132742,0.0
long_max_Tlast,B,0.9599310885968813,0.3055555555555556,2452,-117.24631106173806,-0.19805685267986592,0.6168337126601249,0.6457912688092036,0.46827401173926286
long_max_Tlast,B,0.9599310885968813,0.3055555555555556,2453,-117.58326253964405,-0.5000439236780807,0.6361884205656394,0.6506029470518319,0.0
long_max_Tlast,B,0.9599310885968813,0.3055555555555556,2454,-117.46628568374834,-0.2571230866857227,0.6168234796152596,0.6457834331181619,0.4682645133082733
long_max_Tlast,B,0.9599310885968813,0.3055555555555556,2455,-117.88417952669349,-0.6855039249377199,0.6361864668910103,0.6506016773067783,0.0
long_max_Tlast,B,0.9599310885968813,0.3055555555555556,2456,-117.6056585470588,-0.27795692972960195,0.6168231346088869,0.6457832201684016,0.4682642413812258
long_max_Tlast,B,0.9599310885968813,0.3055555555555556,2457,-117.96891107087744,-0.6757687804418115,0.6361764253165207,0.6505944017204991,0.0
long_max_Tlast,B,0.9599310885968813,0.3055555555555556,2458,-117.64840117532181,-0.25293229518881744,0.6168237350754228,0.6457843538099971,0.46826219285609694
long_max_Tlast,B,0.9599310885968813,0.3055555555555556,2459,-117.84134234134467,-0.47440108278930027,0.6361717127624028,0.6505908619308567,0.0
long_max_Tlast,B,0.9599310885968813,0.3055555555555556,2460,-117.61386461677624,-0.19122979913727542,0.6168151869718214,0.6457774977848971,0.4682552883104157
long_max_Tlast,B,0.9599310885968813,0.3055555555555556,2461,-117.58325548616443,-0.15519612797809912,0.636173611631236,0.650592448979521,0.0
long_max_Tlast,B,0.9599310885968813,0.3055555555555556,2462,-117.54960927337358,-0.11544085102602353,0.6168067009267882,0.6457698391359258,0.46825201631019275
long_max_Tlast,B,0.9599310885968813,0.3055555555555556,2463,-117.32424865503741,0.16487279970398,0.6361698267759608,0.6505894861727824,0.0
long_max_Tlast,B,0.9599310885968813,0.3055555555555556,2464,-117.51420452333048,-0.05334904712778507,0.6168065577227393,0.6457697705187182,0.4682519407783656
long_max_Tlast,B,0.9599310885968813,0.3055555555555556,2465,-117.1941547112865,0.36853011446091644,0.6361597480479148,0.6505815855026886,0.0
long_max_Tlast,B,0.9599310885968813,0.3055555555555556,2466,-117.55565940706882,-0.02771310668034943,0.6168069272054777,0.6457695744169261,0.46825412810843214
long_max_Tlast,B,0.9599310885968813,0.3055555555555556,2467,-117.275637705665,0.38114348877304344,0.6361554446207544,0.6505784211566957,0.0
long_max_Tlast,B,0.9599310885968813,0.3055555555555556,2468,-117.69371997878156,-0.047910855016331466,0.6167979268695007,0.6457613436305701,0.46825082446356564
long_max_Tlast,B,0.9599310885968813,0.3055555555555556,2469,-117.57385644206153,0.19809600898023738,0.6361569123543205,0.6505794116770991,0.0
long_max_Tlast,B,0.9599310885968813,0.3055555555555556,2470,-117.91278667037481,-0.10655365033228636,0.616788205772206,0.6457536469672377,0.4682428135663335
long_max_Tlast,B,0.9599310885968813,0.3055555555555556,2471,-118.01450757134633,-0.11352669883554495,0.6361509361430404,0.6505748060876925,0.0
long_max_Tlast,B,0.9599310885968813,0.3055555555555556,2472,-118.16758017693527,-0.18215069082568253,0.6167881824557527,0.6457536778406225,0.46824275552601274
long_max_Tlast,B,0.9599310885968813,0.3055555555555556,2473,-118.47110742091974,-0.43954529627012606,0.6361392660468626,0.6505663451050705,0.0
long_max_Tlast,B,0.9599310885968813,0.3055555555555556,2474,-118.39973252564609,-0.24699373857043605,0.616785494565851,0.6457516580923136,0.4682399789346823
long_max_Tlast,B,0.9599310885968813,0.3055555555555556,2475,-118.8113083546607,-0.6604939438130093,0.6361355637044174,0.6505636781614826,0.0
long_max_Tlast,B,0.9599310885968813,0.3055555555555556,2476,-118.55918880748692,-0.27733821174433415,0.6167726873512372,0.6457418009176701,0.46822801891011834
long_max_Tlast,B,0.9599310885968813,0.3055555555555556,2477,-118.94546299297012,-0.695409351458,0.6361356474490184,0.6505638558700789,0.0
long_max_Tlast,B,0.9599310885968813,0.3055555555555556,2478,-118.62244984316766,-0.2620537923024512,0.6167643719211223,0.645734776575391,0.4682229200951849
long_max_Tlast,B,0.9599310885968813,0.3055555555555556,2479,-118.85944351119561,-0.5315123028405381,0.6361273305540552,0.6505577501707237,0.0
long_max_Tlast,B,0.9599310885968813,0.3055555555555556,2480,-118.60133784887888,-0.20674083802152426,0.6167644087956591,0.6457348462227311,0.468222909726658
long_max_Tlast,B,0.9599310885968813,0.3055555555555556,2481,-118.61970108859312,-0.2288582374894142,0.6361165326587167,0.6505494107249463,0.0
long_max_Tlast,B,0.9599310885968813,0.3055555555555556,2482,-118.53864414253141,-0.1316852934942075,0.6167601822542503,0.6457313101129679,0.4682199548052829
long_max_Tlast,B,0.9599310885968813,0.3055555555555556,2483,-118.3490722703327,0.10164904103366396,0.6361138969967866,0.6505473771371627,0.0
long_max_Tlast,B,0.9599310885968813,0.3055555555555556,2484,-118.49226309704379,-0.06437312760696484,0.6167491189989707,0.645721122184337,0.46821618004406906
long_max_Tlast,B,0.9599310885968813,0.3055555555555556,2485,-118.18176884022382,0.3388967691458272,0.6361132617265175,0.6505468043295881,0.0
long_max_Tlast,B,0.9599310885968813,0.3055555555555556,2486,-118.51416107308641,-0.02947130717392843,0.6167419332152491,0.6457149612890729,0.4682121412311325
long_max_Tlast,B,0.9599310885968813,0.3055555555555556,2487,-118.2140433239976,0.39596357126697723,0.636104251034774,0.6505396681155783,0.0
long_max_Tlast,B,0.9599310885968813,0.3055555555555556,2488,-118.63135498344164,-0.03978088693600729,0.6167420156019763,0.645715023657768,0.46821225740348243
long_max_Tlast,B,0.9599310885968813,0.3055555555555556,2489,-118.46903116003223,0.2519385972022121,0.6360933974648043,0.6505316119842564,0.0
long_max_Tlast,B,0.9599310885968813,0.3055555555555556,2490,-118.8358644572984,-0.0915087253729144,0.6167366609332106,0.645710148984019,0.4682100528955166
long_max_Tlast,B,0.9599310885968813,0.3055555555555556,2491,-118.8883007295448,-0.04040283435957309,0.636091264526353,0.6505301666954681,0.0
long_max_Tlast,B,0.9599310885968813,0.3055555555555556,2492,-119.08773287924225,-0.16570785101825508,0.6167227904211156,0.6456992430048017,0.4681980114858411
long_max_Tlast,B,0.9599310885968813,0.3055555555555556,2493,-119.35320528264928,-0.37392696450170315,0.6360894322706148,0.6505287578498077,0.0
long_max_Tlast,B,0.9599310885968813,0.3055555555555556,2494,-119.32964818729144,-0.2351926389891028,0.6167159862757192,0.6456940177977017,0.46819177984392607
long_max_Tlast,B,0.9599310885968813,0.3055555555555556,2495,-119.72839360804059,-0.6264313838440486,0.6360782816946502,0.6505206308696239,0.0
long_max_Tlast,B,0.9599310885968813,0.3055555555555556,2496,-119.5079472417041,-0.27449080816813387,0.6167159253710397,0.6456939831041236,0.4681916637340028
long_max_Tlast,B,0.9599310885968813,0.3055555555555556,2497,-119.91134675168261,-0.7053978434498058,0.6360684616568546,0.6505133055774651,0.0
long_max_Tlast,B,0.9599310885968813,0.3055555555555556,2498,-119.59233474852044,-0.2692191207087755,0.6167077570448757,0.6456876460094639,0.46818406107118316
long_max_Tlast,B,0.9599310885968813,0.3055555555555556,2499,-119.87000626831995,-0.5818890902129251,0.6360676090450827,0.65051257419945,0.0
long_max_Tlast,B,0.9599310885968813,0.3055555555555556,2500,-119.58683252267903,-0.2213041841298266,0.616695783989459,0.6456772063509288,0.4681776895319625
long_max_Tlast,B,0.9599310885968813,0.3055555555555556,2501,-119.65457001868255,-0.30117493785785665,0.6360646752114911,0.6505103649598828,0.0
long_max_Tlast,B,0.9599310885968813,0.3055555555555556,2502,-119.52840776211764,-0.14829317488763033,0.6166920277439918,0.6456735139794497,0.46817746567025065
long_max_Tlast,B,0.9599310885968813,0.3055555555555556,2503,-119.37893377934799,0.03388538951910952,0.6360539258270017,0.6505019263465593,0.0
long_max_Tlast,B,0.9599310885968813,0.3055555555555556,2504,-119.47353084206033,-0.07695819611698249,0.6166918652331244,0.6456733452488441,0.46817740365863414
long_max_Tlast,B,0.9599310885968813,0.3055555555555556,2505,-119.17903999186062,0.3005226783321313,0.6360458653353593,0.6504956919589978,0.0
long_max_Tlast,B,0.9599310885968813,0.3055555555555556,2506,-119.47727058488917,-0.033427904093923905,0.6166844058712173,0.6456663570346897,0.4681751189066967
long_max_Tlast,B,0.9599310885968813,0.3055555555555556,2507,-119.16316703833373,0.4010309302727716,0.6360455518646269,0.6504955482157324,0.0
long_max_Tlast,B,0.9599310885968813,0.3055555555555556,2508,-119.57319439454193,-0.033645429131324456,0.6166726440671844,0.6456564770030195,0.4681673931673617
long_max_Tlast,B,0.9599310885968813,0.3055555555555556,2509,-119.3721074574439,0.2985952475981904,0.636041966094212,0.6504926614474046,0.0
long_max_Tlast,B,0.9599310885968813,0.3055555555555556,2510,-119.76117570635323,-0.0775450191291048,0.6166688214387689,0.6456538927968835,0.468162512190818
long_max_Tlast,B,0.9599310885968813,0.3055555555555556,2511,-119.7642555971129,0.03075411370433989,0.6360303274197966,0.6504840223802847,0.0
long_max_Tlast,B,0.9599310885968813,0.3055555555555556,2512,-120.00731320672679,-0.1490287093576684,0.6166684528173814,0.6456535303916229,0.4681623381183206
long_max_Tlast,B,0.9599310885968813,0.3055555555555556,2513,-120.23090759620953,-0.30435613732661665,0.6360232222781554,0.6504789640568581,0.0
long_max_Tlast,B,0.9599310885968813,0.3055555555555556,2514,-120.25640332616113,-0.22190620086437346,0.6166582586284928,0.6456455555055329,0.46815312355376243
long_max_Tlast,B,0.9599310885968813,0.3055555555555556,2515,-120.63605245242069,-0.5839358070697108,0.6360239078305007,0.6504794353983004,0.0
long_max_Tlast,B,0.9599310885968813,0.3055555555555556,2516,-120.45215142742073,-0.2694816893965336,0.6166471468775193,0.6456366595232561,0.4681441123793795
long_max_Tlast,B,0.9599310885968813,0.3055555555555556,2517,-120.86625331391909,-0.7055487524256476,0.6360190711547512,0.6504758622400636,0.0
long_max_Tlast,B,0.9599310885968813,0.3055555555555556,2518,-120.55778297465822,-0.27430788956169205,0.6166466816363011,0.6456357993978061,0.46814570410208617
long_max_Tlast,B,0.9599310885968813,0.3055555555555556,2519,-120.87213358879414,-0.6246438971107717,0.6360082081057348,0.6504675879343041,0.0
long_max_Tlast,B,0.9599310885968813,0.3055555555555556,2520,-120.56963436175516,-0.23462938645602952,0.6166459593499168,0.6456351878796579,0.4681450689588717
long_max_Tlast,B,0.9599310885968813,0.3055555555555556,2521,-120.68648124247477,-0.3708616122002718,0.6360040433102452,0.6504641615250734,0.0
long_max_Tlast,B,0.9599310885968813,0.3055555555555556,2522,-120.51834244665595,-0.16498842803896496,0.616637042089893,0.645627187606843,0.468140983579096
long_max_Tlast,B,0.9599310885968813,0.3055555555555556,2523,-120.41236100044102,-0.037199737473338046,0.6360053825527935,0.6504651361076532,0.0
long_max_Tlast,B,0.9599310885968813,0.3055555555555556,2524,-120.45761461124907,-0.09088552376716066,0.6166294142925349,0.6456200609530749,0.4681387996192849
long_max_Tlast,B,0.9599310885968813,0.3055555555555556,2525,-120.18520499265736,0.2540839178535621,0.6360004343110129,0.6504611651159714,0.0
long_max_Tlast,B,0.9599310885968813,0.3055555555555556,2526,-120.4447392295954,-0.03948823298645432,0.6166295468025959,0.6456204494980584,0.468137805137276
long_max_Tlast,B,0.9599310885968813,0.3055555555555556,2527,-120.12316832794964,0.3962682974750986,0.6359905891415719,0.6504535920928189,0.0
long_max_Tlast,B,0.9599310885968813,0.3055555555555556,2528,-120.51943444032462,-0.029627758623260447,0.6166287301434767,0.6456196229555383,0.4681375831145416
long_max_Tlast,B,0.9599310885968813,0.3055555555555556,2529,-120.28398584764814,0.3372501403887778,0.6359876084535658,0.6504516293474025,0.0
long_max_Tlast,B,0.9599310885968813,0.3055555555555556,2530,-120.68926182234743,-0.06490434120234412,0.61661892828564,0.6456115230970104,0.4681304086913801
long_max_Tlast,B,0.9599310885968813,0.3055555555555556,2531,-120.64372803162303,0.09866307867515123,0.6359894093066343,0.6504530025952451,0.0
long_max_Tlast,B,0.9599310885968813,0.3055555555555556,2532,-120.92699029926227,-0.13240512105337682,0.6166110261226452,0.6456057799152707,0.46812172049683964
long_max_Tlast,B,0.9599310885968813,0.3055555555555556,2533,-121.10554471795945,-0.2320651445057964,0.6359835894827485,0.6504486513513525,0.0
long_max_Tlast,B,0.9599310885968813,0.3055555555555556,2534,-121.18049256576693,-0.20738860656695374,0.616613226236397,0.64560759810075,0.4681232482772557
long_max_Tlast,B,0.9599310885968813,0.3055555555555556,2535,-121.53519987779113,-0.5337619730776348,0.6359745179675957,0.6504420166054272,0.0
long_max_Tlast,B,0.9599310885968813,0.3055555555555556,2536,-121.39187392726511,-0.26237745787444333,0.6166118631230435,0.6456064769383286,0.468122011886894
long_max_Tlast,B,0.9599310885968813,0.3055555555555556,2537,-121.81022429888347,-0.6958770326479736,0.6359744834039007,0.650441821171613,0.0
long_max_Tlast,B,0.9599310885968813,0.3055555555555556,2538,-121.51867220469303,-0.27723555695711455,0.6166026304126847,0.6455988199454563,0.4681153647099623
long_max_Tlast,B,0.9599310885968813,0.3055555555555556,2539,-121.86485903152916,-0.6590106352296605,0.6359769299159844,0.6504435337000878,0.0
long_max_Tlast,B,0.9599310885968813,0.3055555555555556,2540,-121.5493512198231,-0.24650297928135323,0.6165997035354303,0.6455955281341585,0.46811671756781764
long_max_Tlast,B,0.9599310885968813,0.3055555555555556,2541,-121.71408472031503,-0.4366805939101894,0.6359712726874664,0.6504391150609968,0.0
long_max_Tlast,B,0.9599310885968813,0.3055555555555556,2542,-121.50768844309758,-0.18144554658500806,0.6166036920944677,0.6455986167660022,0.4681202905006974
long_max_Tlast,B,0.9599310885968813,0.3055555555555556,2543,-121.44806571973643,-0.11034386356154102,0.635964864366667,0.6504339432206314,0.0
long_max_Tlast,B,0.9599310885968813,0.3055555555555556,2544,-121.44397218725709,-0.10591261084080927,0.616602353006183,0.6455973245997783,0.46811978252105957
long_max_Tlast,B,0.9599310885968813,0.3055555555555556,2545,-121.1992778364849,0.20042404220593363,0.6359666144982302,0.6504353152098911,0.0
long_max_Tlast,B,0.9599310885968813,0.3055555555555556,2546,-121.41645375839033,-0.0475616339767824,0.6165949167789688,0.645590601945732,0.4681165853946384
long_max_Tlast,B,0.9599310885968813,0.3055555555555556,2547,-121.09390202111324,0.38175348038432555,0.6359690516101538,0.6504371795424337,0.0
long_max_Tlast,B,0.9599310885968813,0.3055555555555556,2548,-121.47020821451859,-0.027780498699224998,0.6165923756306315,0.645589091755207,0.4681124766307904
long_max_Tlast,B,0.9599310885968813,0.3055555555555556,2549,-121.20547940901751,0.36721450315741705,0.6359634142953473,0.6504328345783416,0.0
long_max_Tlast,B,0.9599310885968813,0.3055555555555556,2550,-121.6205633367795,-0.053823159709270096,0.6165966174970963,0.6455930415032585,0.4681136289407445
long_max_Tlast,B,0.9599310885968813,0.3055555555555556,2551,-121.52809985650072,0.1621281947450508,0.6359580064432033,0.6504290595854837,0.0
long_max_Tlast,B,0.9599310885968813,0.3055555555555556,2552,-121.84737467391815,-0.1161329622589112,0.6165948405912187,0.6455915332282764,0.46811224648156
long_max_Tlast,B,0.9599310885968813,0.3055555555555556,2553,-121.9785510612695,-0.15835911822642557,0.6359617240172949,0.6504319441739093,0.0
long_max_Tlast,B,0.9599310885968813,0.3055555555555556,2554,-122.1025149034592,-0.19188951033705842,0.616587103946484,0.6455856453131084,0.4681046303015974
long_max_Tlast,B,0.9599310885968813,0.3055555555555556,2555,-122.42676273071284,-0.47680975855440155,0.6359645471535755,0.6504339279088832,0.0
long_max_Tlast,B,0.9599310885968813,0.3055555555555556,2556,-122.32746562241444,-0.25333084300818887,0.6165884897138273,0.6455865409784965,0.4681065974575539
long_max_Tlast,B,0.9599310885968813,0.3055555555555556,2557,-122.74349201279537,-0.6765503589818009,0.635959127641694,0.6504298530543516,0.0
long_max_Tlast,B,0.9599310885968813,0.3055555555555556,2558,-122.47478965959044,-0.277935855172333,0.6165950940199952,0.64559152150773,0.4681130209767814
long_max_Tlast,B,0.9599310885968813,0.3055555555555556,2559,-122.84762903808198,-0.6843916722137988,0.6359569595742448,0.6504279467903283,0.0
long_max_Tlast,B,0.9599310885968813,0.3055555555555556,2560,-122.5255239980384,-0.2567043766786527,0.6165932956388188,0.6455899253261662,0.46811189899917455
long_max_Tlast,B,0.9599310885968813,0.3055555555555556,2561,-122.73600605819404,-0.4974548371086106,0.6359629504106786,0.6504322545864343,0.0
long_max_Tlast,B,0.9599310885968813,0.3055555555555556,2562,-122.49599640975082,-0.19740342900152538,0.616589216048611,0.6455857638588588,0.4681119794436007
long_max_Tlast,B,0.9599310885968813,0.3055555555555556,2563,-122.48455190966634,-0.18424191247045762,0.6359655365017602,0.6504341817187481,0.0
long_max_Tlast,B,0.9599310885968813,0.3055555555555556,2564,-122.43199871161687,-0.12175651393159026,0.616592929166044,0.645588741759516,0.46811497195790985
long_max_Tlast,B,0.9599310885968813,0.3055555555555556,2565,-122.22032688695239,0.1404906659865207,0.6359611555944581,0.6504306641185197,0.0
long_max_Tlast,B,0.9599310885968813,0.3055555555555556,2566,-122.39203326130601,-0.05749795820500639,0.6165986783358817,0.6455940101204992,0.46811685204688236
long_max_Tlast,B,0.9599310885968813,0.3055555555555556,2567,-122.07510374496705,0.3577589796034819,0.6359607034740493,0.6504304613538353,0.0
long_max_Tlast,B,0.9599310885968813,0.3055555555555556,2568,-122.42567616479553,-0.028158295921449583,0.6165969129360117,0.6455924027046098,0.4681159199725845
long_max_Tlast,B,0.9599310885968813,0.3055555555555556,2569,-122.13712879534728,0.38794769620606906,0.6359674190836966,0.6504357768579624,0.0
long_max_Tlast,B,0.9599310885968813,0.3055555555555556,2570,-122.55554965094413,-0.04448735892639202,0.6165927338520856,0.6455894991633184,0.4681107248422671
long_max_Tlast,B,0.9599310885968813,0.3055555555555556,2571,-122.41863906277617,0.2200039246472888,0.635969954945401,0.6504376001006474,0.0
long_max_Tlast,B,0.9599310885968813,0.3055555555555556,2572,-122.7690866408772,-0.10051260411444207,0.6165978210460893,0.6455942688240679,0.468112114906921
long_max_Tlast,B,0.9599310885968813,0.3055555555555556,2573,-122.85144421782407,-0.08454169958642055,0.6359659151308897,0.6504346787430006,0.0
long_max_Tlast,B,0.9599310885968813,0.3055555555555556,2574,-123.02301634006243,-0.17569228350579524,0.616605186374501,0.6456000234854772,0.4681184683714565
long_max_Tlast,B,0.9599310885968813,0.3055555555555556,2575,-123.31194347356279,-0.41410649654999154,0.6359680787863157,0.650436317827958,0.0
long_max_Tlast,B,0.9599310885968813,0.3055555555555556,2576,-123.25927865262905,-0.24248705457646513,0.6166032412965358,0.6455984442013852,0.4681167567953898
long_max_Tlast,B,0.9599310885968813,0.3055555555555556,2577,-123.66638729350863,-0.647924477847803,0.6359768352239932,0.6504426227820643,0.0
long_max_Tlast,B,0.9599310885968813,0.3055555555555556,2578,-123.42626043354292,-0.2764236686556111,0.6166026522843977,0.6455975385411944,0.4681179368561348
long_max_Tlast,B,0.9599310885968813,0.3055555555555556,2579,-123.81990987229887,-0.7003267148378343,0.6359791087041266,0.6504442501133826,0.0
long_max_Tlast,B,0.9599310885968813,0.3055555555555556,2580,-123.49773919476246,-0.2650530757190265,0.61661166415484,0.6456043320088185,0.4681268889538561
long_max_Tlast,B,0.9599310885968813,0.3055555555555556,2581,-123.75120013143392,-0.5521109908127375,0.635976741701075,0.6504422560281674,0.0
long_max_Tlast,B,0.9599310885968813,0.3055555555555556,2582,-123.48256777980164,-0.21255628298921003,0.6166182270748847,0.6456099535087859,0.4681305811086047
long_max_Tlast,B,0.9599310885968813,0.3055555555555556,2583,-123.52038113032755,-0.2575745582877289,0.6359814476238839,0.650445660990233,0.0
long_max_Tlast,B,0.9599310885968813,0.3055555555555556,2584,-123.42125056568597,-0.138164011316187,0.6166168957618084,0.645608623947951,0.46813033702508666
long_max_Tlast,B,0.9599310885968813,0.3055555555555556,2585,-123.24707050232192,0.0753562764741782,0.6359901008109689,0.6504523886689085,0.0
long_max_Tlast,B,0.9599310885968813,0.3055555555555556,2586,-123.37117754233832,-0.06912121109587654,0.6166177085404326,0.6456093940646608,0.46813052495983926
long_max_Tlast,B,0.9599310885968813,0.3055555555555556,2587,-123.06637829992738,0.32469600244419494,0.6359919336314863,0.6504537491951436,0.0
long_max_Tlast,B,0.9599310885968813,0.3055555555555556,2588,-123.38574504843321,-0.03074274559084128,0.6166259668830778,0.645617163911007,0.4681326659575401
long_max_Tlast,B,0.9599310885968813,0.3055555555555556,2589,-123.07944020476813,0.39908557115844023,0.635990328852776,0.6504526392238696,0.0
long_max_Tlast,B,0.9599310885968813,0.3055555555555556,2590,-123.49459701462362,-0.03708416984521601,0.6166324033858811,0.645622560689155,0.4681367445929284
long_max_Tlast,B,0.9599310885968813,0.3055555555555556,2591,-123.31648765494383,0.27125595338766173,0.6359964142732006,0.6504575053979341,0.0
long_max_Tlast,B,0.9599310885968813,0.3055555555555556,2592,-123.69278361686939,-0.08581545506969496,0.6166308912653395,0.6456214234671346,0.4681350970809349
long_max_Tlast,B,0.9599310885968813,0.3055555555555556,2593,-123.72565995180932,-0.011950053124259563,0.636005967059386,0.650464551678652,0.0
long_max_Tlast,B,0.9599310885968813,0.3055555555555556,2594,-123.94268153341598,-0.15909322817803623,0.6166335840926114,0.64562393448096,0.46813592102617685
long_max_Tlast,B,0.9599310885968813,0.3055555555555556,2595,-124.19200000099298,-0.3467633495797048,0.6360075647816468,0.6504656474784584,0.0
long_max_Tlast,B,0.9599310885968813,0.3055555555555556,2596,-124.18770339641675,-0.23005578292932505,0.6166454343045947,0.6456331103013622,0.4681467323054345
long_max_Tlast,B,0.9599310885968813,0.3055555555555556,2597,-124.57960182378967,-0.6105117522056241,0.6360076074275638,0.6504656218406679,0.0
long_max_Tlast,B,0.9599310885968813,0.3055555555555556,2598,-124.37307189069097,-0.27270421300044806,0.616651743307612,0.6456380970363218,0.4681519320172441
long_max_Tlast,B,0.9599310885968813,0.3055555555555556,2599,-124.78140283864913,-0.7065424011154728,0.6360164322464458,0.6504719725328537,0.0
long_max_Tlast,B,0.9599310885968813,0.3055555555555556,2600,-124.46583322968102,-0.27141858677129155,0.6166511361456826,0.6456374190269598,0.468152093596702
long_max_Tlast,B,0.9599310885968813,0.3055555555555556,2601,-124.75848132708518,-0.5996655908773818,0.6360256330584209,0.6504788912456685,0.0
long_max_Tlast,B,0.9599310885968813,0.3055555555555556,2602,-124.46692138547138,-0.22665221700895355,0.6166569737981655,0.6456418038433019,0.4681580163632248
long_max_Tlast,B,0.9599310885968813,0.3055555555555556,2603,-124.55420941888377,-0.32904250235141014,0.6360266378098836,0.6504796605717802,0.0
long_max_Tlast,B,0.9599310885968813,0.3055555555555556,2604,-124.41097778479642,-0.1548180001238404,0.6166676451553333,0.6456512446408231,0.46816312654841247
long_max_Tlast,B,0.9599310885968813,0.3055555555555556,2605,-124.27834833267309,0.006177417338244673,0.6360280646693465,0.6504807045933826,0.0
long_max_Tlast,B,0.9599310885968813,0.3055555555555556,2606,-124.35350325568488,-0.08224218231507102,0.6166721685668995,0.6456553865747903,0.4681645967316368
long_max_Tlast,B,0.9599310885968813,0.3055555555555556,2607,-124.06700076744832,0.2831587401747759,0.6360372319113351,0.6504879426949147,0.0
long_max_Tlast,B,0.9599310885968813,0.3055555555555556,2608,-124.35045961700646,-0.0355008819852935,0.6166717584295351,0.6456551102849788,0.468164026654692
long_max_Tlast,B,0.9599310885968813,0.3055555555555556,2609,-124.03262540860497,0.40040858843507654,0.6360457275720985,0.650494434221206,0.0
long_max_Tlast,B,0.9599310885968813,0.3055555555555556,2610,-124.43797156952915,-0.03173357829224305,0.6166775381122782,0.6456606805143884,0.46816510834712227
long_max_Tlast,B,0.9599310885968813,0.3055555555555556,2611,-124.22275314350895,0.3149670059874025,0.6360464824760794,0.6504949328858998,0.0
long_max_Tlast,B,0.9599310885968813,0.3055555555555556,2612,-124.6189909356901,-0.07232161829162295,0.616689337357654,0.6456704240470292,0.46817348354779675
long_max_Tlast,B,0.9599310885968813,0.3055555555555556,2613,-124.60270204436092,0.05812754338063708,0.6360490243285133,0.6504969909632783,0.0
long_max_Tlast,B,0.9599310885968813,0.3055555555555556,2614,-124.86214457089842,-0.14238291608293654,0.6166940888407488,0.645673933450119,0.46817837685861174
long_max_Tlast,B,0.9599310885968813,0.3055555555555556,2615,-125.06825212920845,-0.2759981570622431,0.6360600177044087,0.6505050738031003,0.0
long_max_Tlast,B,0.9599310885968813,0.3055555555555556,2616,-125.11331515771882,-0.21625808396239232,0.6166943828701006,0.645674198074452,0.4681785187334359
long_max_Tlast,B,0.9599310885968813,0.3055555555555556,2617,-125.48380900268299,-0.5649745109459874,0.636068130414306,0.6505109623310912,0.0
long_max_Tlast,B,0.9599310885968813,0.3055555555555556,2618,-125.31542963480982,-0.2668688127828391,0.6167037648091273,0.6456813746995516,0.46818753847033423
long_max_Tlast,B,0.9599310885968813,0.3055555555555556,2619,-125.73208203548097,-0.7029210525851262,0.6360684038654489,0.650511178454036,0.0
long_max_Tlast,B,0.9599310885968813,0.3055555555555556,2620,-125.42943837374774,-0.2756671108931782,0.6167153559279119,0.6456908443719611,0.46819616362140515
long_max_Tlast,B,0.9599310885968813,0.3055555555555556,2621,-125.75702959871032,-0.6392805600650301,0.6360727368617837,0.6505143001588898,0.0
long_max_Tlast,B,0.9599310885968813,0.3055555555555556,2622,-125.44857685021114,-0.23944200068015922,0.616717726367124,0.6456931993102907,0.4681962002468602
long_max_Tlast,B,0.9599310885968813,0.3055555555555556,2623,-125.584516904342,-0.3973652106147091,0.6360836428155853,0.6505226430072627,0.0
long_max_Tlast,B,0.9599310885968813,0.3055555555555556,2624,-125.40073732058379,-0.17145073302031802,0.6167188603415136,0.6456940594004026,0.46819737210764034
long_max_Tlast,B,0.9599310885968813,0.3055555555555556,2625,-125.3127808971399,-0.06582124957318441,0.6360897677570363,0.6505274930256291,0.0
long_max_Tlast,B,0.9599310885968813,0.3055555555555556,2626,-125.33844644727155,-0.09660861916476665,0.6167274004134542,0.6457018399174641,0.46820072204141205
long_max_Tlast,B,0.9599310885968813,0.3055555555555556,2627,-125.07630978437284,0.2338740274380504,0.63608976318116,0.6505274887907827,0.0
long_max_Tlast,B,0.9599310885968813,0.3055555555555556,2628,-125.31957969092342,-0.04235260845950342,0.6167369312715268,0.6457103886635064,0.4682048194349514
long_max_Tlast,B,0.9599310885968813,0.3055555555555556,2629,-124.99673011592695,0.39189923007850913,0.636094607009933,0.6505313835790051,0.0
long_max_Tlast,B,0.9599310885968813,0.3055555555555556,2630,-125.38597920411773,-0.028548111788477548,0.6167390661923475,0.6457119011933162,0.46820728018572083
long_max_Tlast,B,0.9599310885968813,0.3055555555555556,2631,-125.13824174210855,0.3503418375328899,0.6361055452943105,0.650539700712809,0.0
long_max_Tlast,B,0.9599310885968813,0.3055555555555556,2632,-125.54828119742174,-0.06025980733874292,0.6167404122761692,0.645713255840079,0.46820741066117444
long_max_Tlast,B,0.9599310885968813,0.3055555555555556,2633,-125.48396272227895,0.12443365583337263,0.6361110018613922,0.6505435579924319,0.0
long_max_Tlast,B,0.9599310885968813,0.3055555555555556,2634,-125.78203036880525,-0.1258743182426602,0.616751001134426,0.6457218471038036,0.46821567333561104
long_max_Tlast,B,0.9599310885968813,0.3055555555555556,2635,-125.94218163095546,-0.2030572704005752,0.6361107614526443,0.6505433811694266,0.0
long_max_Tlast,B,0.9599310885968813,0.3055555555555556,2636,-126.03655871878459,-0.20133727254591768,0.6167612081547021,0.6457296336897735,0.4682254342895289
long_max_Tlast,B,0.9599310885968813,0.3055555555555556,2637,-126.37997285808719,-0.5121314792325181,0.6361171610743465,0.6505480811959838,0.0
long_max_Tlast,B,0.9599310885968813,0.3055555555555556,2638,-126.25359464429171,-0.25900838012978905,0.6167615958782986,0.6457300456557428,0.4682253461320425
long_max_Tlast,B,0.9599310885968813,0.3055555555555556,2639,-126.6719135111677,-0.6895251485097691,0.6361279449116561,0.6505560434100488,0.0
long_max_Tlast,B,0.9599310885968813,0.3055555555555556,2640,-126.38855429655678,-0.2777510878070575,0.6167642343997363,0.6457320652519716,0.46822799876896426
long_max_Tlast,B,0.9599310885968813,0.3055555555555556,2641,-126.74604224697909,-0.6702400651996347,0.6361310252867369,0.650558541804452,0.0
long_max_Tlast,B,0.9599310885968813,0.3055555555555556,2642,-126.42696596027963,-0.25068779158445054,0.6167745901578591,0.6457407729090197,0.4682348860840008
long_max_Tlast,B,0.9599310885968813,0.3055555555555556,2643,-126.61012633854737,-0.46133651763515415,0.6361305499548068,0.6505582394244972,0.0
long_max_Tlast,B,0.9599310885968813,0.3055555555555556,2644,-126.38980865476483,-0.18775142861113014,0.6167807730502596,0.6457467464145037,0.46823586373123144
long_max_Tlast,B,0.9599310885968813,0.3055555555555556,2645,-126.34893301455283,-0.13935514303921204,0.6361371355850625,0.6505633752883396,0.0
long_max_Tlast,B,0.9599310885968813,0.3055555555555556,2646,-126.3256313823958,-0.11199374067896922,0.6167799727947059,0.6457461836729548,0.4682349490095782
long_max_Tlast,B,0.9599310885968813,0.3055555555555556,2647,-126.09322448917501,0.17771363366703674,0.6361461209053744,0.6505704484817246,0.0
long_max_Tlast,B,0.9599310885968813,0.3055555555555556,2648,-126.29289325478396,-0.051167911185251796,0.6167824894441485,0.6457485807013922,0.46823569013034133
long_max_Tlast,B,0.9599310885968813,0.3055555555555556,2649,-125.97166333416963,0.373690239980623,0.6361478784878252,0.6505716879098524,0.0
long_max_Tlast,B,0.9599310885968813,0.3055555555555556,2650,-126.33864549515467,-0.027578904866144616,0.6167920766351787,0.6457569979975163,0.4682406757292229
long_max_Tlast,B,0.9599310885968813,0.3055555555555556,2651,-126.06373894602069,0.37675907625401023,0.6361473873295083,0.6505713379232954,0.0
long_max_Tlast,B,0.9599310885968813,0.3055555555555556,2652,-126.48110188308735,-0.04986024706551698,0.6167984286857446,0.6457616638869736,0.46824745852783256
long_max_Tlast,B,0.9599310885968813,0.3055555555555556,2653,-126.37073289871874,0.18578441528049666,0.6361545799867937,0.6505767927789212,0.0
long_max_Tlast,B,0.9599310885968813,0.3055555555555556,2654,-126.70301813959733,-0.10984759335402455,0.6167970700234736,0.6457602986709295,0.46824753443549555
long_max_Tlast,B,0.9599310885968813,0.3055555555555556,2655,-126.81515229832189,-0.12924838914149583,0.6361631238739222,0.650582929835945,0.0
long_max_Tlast,B,0.9599310885968813,0.3055555555555556,2656,-126.9580701537899,-0.1855696948201317,0.6168006852259641,0.6457632168239978,0.46825057995262165
long_max_Tlast,B,0.9599310885968813,0.3055555555555556,2657,-127.26913394278715,-0.45290507578931416,0.6361629966812676,0.6505828164885389,0.0
long_max_Tlast,B,0.9599310885968813,0.3055555555555556,2658,-127.18778324982279,-0.24926748834664522,0.616810996596058,0.6457712868788921,0.46825976816093895
long_max_Tlast,B,0.9599310885968813,0.3055555555555556,2659,-127.60128812018255,-0.6665917545680157,0.6361624118079477,0.6505824536113374,0.0
long_max_Tlast,B,0.9599310885968813,0.3055555555555556,2660,-127.34300765374508,-0.27760887268382706,0.6168135993901295,0.6457738466198295,0.46826000767420134
long_max_Tlast,B,0.9599310885968813,0.3055555555555556,2661,-127.72487115142931,-0.6919951828158055,0.6361697291704498,0.6505879568649867,0.0
long_max_Tlast,B,0.9599310885968813,0.3055555555555556,2662,-127.40182519144392,-0.26021131164295075,0.6168104326843004,0.6457715675515482,0.4682565538496759
long_max_Tlast,B,0.9599310885968813,0.3055555555555556,2663,-127.62963825976743,-0.5198091276515437,0.6361754834113681,0.6505925878800645,0.0
long_max_Tlast,B,0.9599310885968813,0.3055555555555556,2664,-127.37761818649048,-0.20343495185475313,0.6168140374425509,0.6457747251205972,0.4682586397227871
long_max_Tlast,B,0.9599310885968813,0.3055555555555556,2665,-127.38545716464802,-0.21312842553034095,0.6361733802619595,0.6505911481255956,0.0
long_max_Tlast,B,0.9599310885968813,0.3055555555555556,2666,-127.31431503998235,-0.12809937393540494,0.6168212115948508,0.6457815027068089,0.4682604956888382
long_max_Tlast,B,0.9599310885968813,0.3055555555555556,2667,-127.11673156949635,0.11567508571534335,0.6361728991434725,0.6505908374773025,0.0
long_max_Tlast,B,0.9599310885968813,0.3055555555555556,2668,-127.27010499654025,-0.06180947934201969,0.6168221106192728,0.645782233196046,0.46826119025175394
long_max_Tlast,B,0.9599310885968813,0.3055555555555556,2669,-126.95696789486294,0.3461076184665157,0.6361795624625507,0.6505960673159296,0.0
long_max_Tlast,B,0.9599310885968813,0.3055555555555556,2670,-127.29610722248964,-0.0288435007691914,0.6168192304796136,0.6457795092028841,0.46826066218790785
long_max_Tlast,B,0.9599310885968813,0.3055555555555556,2671,-126.99972020752243,0.39373182566651105,0.636184041452813,0.6505992613327889,0.0
long_max_Tlast,B,0.9599310885968813,0.3055555555555556,2672,-127.41781423598863,-0.04129635407135196,0.61682305595351,0.6457828371601299,0.46826295239107035
long_max_Tlast,B,0.9599310885968813,0.3055555555555556,2673,-127.26427206765354,0.241098321847444,0.6361809093375579,0.6505967238572204,0.0
long_max_Tlast,B,0.9599310885968813,0.3055555555555556,2674,-127.62563713880418,-0.09460065366232864,0.6168308815294561,0.6457887086886258,0.4682709033161859
long_max_Tlast,B,0.9599310885968813,0.3055555555555556,2675,-127.68867211267325,-0.05587325190597786,0.6361805006868296,0.6505964916200915,0.0
long_max_Tlast,B,0.9599310885968813,0.3055555555555556,2676,-127.87839864318397,-0.16921929519388862,0.6168299281572875,0.6457875880885282,0.4682715527838498
long_max_Tlast,B,0.9599310885968813,0.3055555555555556,2677,-128.15239977057757,-0.3883558567055469,0.6361871537613967,0.6506013486807952,0.0
long_max_Tlast,B,0.9599310885968813,0.3055555555555556,2678,-128.11846354456083,-0.23782155437855823,0.6168255426897779,0.645784256747628,0.4682674754751083
long_max_Tlast,B,0.9599310885968813,0.3055555555555556,2679,-128.5205380705911,-0.6345139256905633,0.636188997184223,0.6506027949969372,0.0
long_max_Tlast,B,0.9599310885968813,0.3055555555555556,2680,-128.29282290432056,-0.27525795637807293,0.6168297388438606,0.6457876578536569,0.46827092634976775
long_max_Tlast,B,0.9599310885968813,0.3055555555555556,2681,-128.69317221109003,-0.7041540557306256,0.6361837870231476,0.6505991274445526,0.0
long_max_Tlast,B,0.9599310885968813,0.3055555555555556,2682,-128.37261616502147,-0.26781464443823605,0.6168338898528871,0.6457916788370313,0.468271603453777
long_max_Tlast,B,0.9599310885968813,0.3055555555555556,2683,-128.64198127884904,-0.5717502060893472,0.6361835222568223,0.650599001359778,0.0
long_max_Tlast,B,0.9599310885968813,0.3055555555555556,2684,-128.3636137012158,-0.2182296199859595,0.6168293552430979,0.6457884887708903,0.4682662332546291
long_max_Tlast,B,0.9599310885968813,0.3055555555555556,2685,-128.42075108808987,-0.2858220986364755,0.6361885682089038,0.6506030554144323,0.0
long_max_Tlast,B,0.9599310885968813,0.3055555555555556,2686,-128.30402620296158,-0.14465623708008973,0.6168253369100936,0.6457850059052075,0.46826423108046633
long_max_Tlast,B,0.9599310885968813,0.3055555555555556,2687,-128.14557191147534,0.04885055062641003,0.6361880488244593,0.6506027541131691,0.0
long_max_Tlast,B,0.9599310885968813,0.3055555555555556,2688,-128.2507066551367,-0.07406304678598857,0.6168286841173579,0.6457881388780246,0.4682653732914871
long_max_Tlast,B,0.9599310885968813,0.3055555555555556,2689,-127.95220667524,0.30963799387058577,0.6361824561251994,0.6505983712383944,0.0
long_max_Tlast,B,0.9599310885968813,0.3055555555555556,2690,-128.25823166342943,-0.0323259020559466,0.6168319146277184,0.6457906214408143,0.46826841707235967
long_max_Tlast,B,0.9599310885968813,0.3055555555555556,2691,-127.94650434727623,0.4009716452551154,0.6361823469079919,0.6505983588342277,0.0
long_max_Tlast,B,0.9599310885968813,0.3055555555555556,2692,-128.3587808551063,-0.034724125823986485,0.616827402490844,0.6457861078199564,0.46826834240708237
long_max_Tlast,B,0.9599310885968813,0.3055555555555556,2693,-128.16558007411317,0.289383339238853,0.636186857742125,0.6506016120443033,0.0
long_max_Tlast,B,0.9599310885968813,0.3055555555555556,2694,-128.55049513614838,-0.08038925150961149,0.6168229829396696,0.6457824903988697,0.4682652905939754
long_max_Tlast,B,0.9599310885968813,0.3055555555555556,2695,-128.5641306826956,0.015771114448909662,0.6361845818078837,0.6505996775144971,0.0
long_max_Tlast,B,0.9599310885968813,0.3055555555555556,2696,-128.79812775410932,-0.15258891828020765,0.6168268256111865,0.6457854539198697,0.4682690094022254
long_max_Tlast,B,0.9599310885968813,0.3055555555555556,2697,-129.03109401223568,-0.31961198456443246,0.6361776210540986,0.6505946141337954,0.0
long_max_Tlast,B,0.9599310885968813,0.3055555555555556,2698,-129.04593055737894,-0.2248586176635338,0.6168276887002426,0.6457860606263341,0.4682700333112893
long_max_Tlast,B,0.9599310885968813,0.3055555555555556,2699,-129.4303310859929,-0.5938674842240184,0.6361776574655065,0.6505947089020125,0.0
long_max_Tlast,B,0.9599310885968813,0.3055555555555556,2700,-129.23810599463673,-0.27072974542976125,0.6168192918286444,0.6457797606915638,0.46826162770098007
long_max_Tlast,B,0.9599310885968813,0.3055555555555556,2701,-129.6505550829223,-0.7064939281034545,0.6361803198822142,0.6505968277173911,0.0
long_max_Tlast,B,0.9599310885968813,0.3055555555555556,2702,-129.3391757974562,-0.2733855870998855,0.6168148401026461,0.6457762082322335,0.4682581943723159
long_max_Tlast,B,0.9599310885968813,0.3055555555555556,2703,-129.64609128725397,-0.6162317170866316,0.6361750738160775,0.6505931594512828,0.0
long_max_Tlast,B,0.9599310885968813,0.3055555555555556,2704,-129.34710362309926,-0.23185030878926272,0.6168172506956278,0.6457785434334462,0.4682586995218132
long_max_Tlast,B,0.9599310885968813,0.3055555555555556,2705,-129.45351256401446,-0.3561543036210515,0.6361679609000669,0.6505877975573848,0.0
long_max_Tlast,B,0.9599310885968813,0.3055555555555556,2706,-129.29403595978857,-0.16136010283522978,0.6168150539736215,0.6457771322765334,0.4682555292253545
long_max_Tlast,B,0.9599310885968813,0.3055555555555556,2707,-129.17837200368268,-0.021563966433001958,0.6361681090804165,0.6505879742371993,0.0
long_max_Tlast,B,0.9599310885968813,0.3055555555555556,2708,-129.23434925328957,-0.08773178864072839,0.6168072251262762,0.6457700400290441,0.46825248914282736
long_max_Tlast,B,0.9599310885968813,0.3055555555555556,2709,-128.95653783212913,0.26492655563992074,0.63616937425236,0.650588933402099,0.0
long_max_Tlast,B,0.9599310885968813,0.3055555555555556,2710,-129.22488207568378,-0.03794513139803379,0.6168035733456982,0.64576681565842,0.46825093030216014
long_max_Tlast,B,0.9599310885968813,0.3055555555555556,2711,-128.90425408326448,0.39834552834965625,0.6361632296580811,0.6505839883279518,0.0
long_max_Tlast,B,0.9599310885968813,0.3055555555555556,2712,-129.304147884133,-0.030256604681360322,0.6168059441393733,0.6457686470377506,0.4682531997957443
long_max_Tlast,B,0.9599310885968813,0.3055555555555556,2713,-129.07564036889102,0.32980261959686186,0.6361560027987505,0.6505785376797836,0.0
long_max_Tlast,B,0.9599310885968813,0.3055555555555556,2714,-129.4780704244527,-0.06747053222188282,0.6168032356895206,0.6457656941017861,0.4682540260183417
long_max_Tlast,B,0.9599310885968813,0.3055555555555556,2715,-129.44290438993193,0.08441244203180942,0.6361562551416973,0.6505787698659963,0.0
long_max_Tlast,B,0.9599310885968813,0.3055555555555556,2716,-129.717894529832,-0.13595538699130066,0.6167932860386097,0.6457576351039768,0.4682464067909053
long_max_Tlast,B,0.9599310885968813,0.3055555555555556,2717,-129.90645732261206,-0.24789484087053815,0.6361560585495621,0.6505785074490046,0.0
long_max_Tlast,B,0.9599310885968813,0.3055555555555556,2718,-129.97072823668367,-0.2106212632287809,0.616789346590633,0.6457546645840543,0.46824268726914875
long_max_Tlast,B,0.9599310885968813,0.3055555555555556,2719,-130.33143443640813,-0.5453569187545246,0.6361474112424563,0.6505722338340612,0.0
long_max_Tlast,B,0.9599310885968813,0.3055555555555556,2720,-130.1789093667179,-0.26409758643987963,0.6167905106582978,0.6457556958343236,0.46824328744887544
long_max_Tlast,B,0.9599310885968813,0.3055555555555556,2721,-130.5970759491856,-0.6989786317857286,0.6361400838729995,0.6505668961707852,0.0
long_max_Tlast,B,0.9599310885968813,0.3055555555555556,2722,-130.30118511716304,-0.2768022297063299,0.6167836760664535,0.6457506992530221,0.46823581871621667
long_max_Tlast,B,0.9599310885968813,0.3055555555555556,2723,-130.64102293316472,-0.6524642849409106,0.6361403307019718,0.6505671292387095,0.0
long_max_Tlast,B,0.9599310885968813,0.3055555555555556,2724,-130.32770444884792,-0.24407788952770637,0.6167735350450926,0.6457422993023322,0.46822878779553534
long_max_Tlast,B,0.9599310885968813,0.3055555555555556,2725,-130.48221702225047,-0.4228694986077232,0.6361380025629034,0.650565536144763,0.0
long_max_Tlast,B,0.9599310885968813,0.3055555555555556,2726,-130.28370254504335,-0.1779057938892809,0.6167709836429844,0.6457399440361836,0.4682281278396983
long_max_Tlast,B,0.9599310885968813,0.3055555555555556,2727,-130.2138151225916,-0.09432677366079922,0.6361288338819886,0.6505584689278663,0.0
long_max_Tlast,B,0.9599310885968813,0.3055555555555556,2728,-130.22036057442733,-0.10255055185554385,0.6167710639291537,0.6457401254128445,0.46822773383820593
long_max_Tlast,B,0.9599310885968813,0.3055555555555556,2729,-129.96911417600168,0.2127788115988366,0.6361225711737808,0.6505536060797484,0.0
long_max_Tlast,B,0.9599310885968813,0.3055555555555556,2730,-130.19586141372966,-0.04561806760049153,0.616764620049983,0.6457340234427262,0.46822612074044445
long_max_Tlast,B,0.9599310885968813,0.3055555555555556,2731,-129.87281307579775,0.385908640163942,0.6361228022563876,0.6505537999928299,0.0
long_max_Tlast,B,0.9599310885968813,0.3055555555555556,2732,-130.25412073241478,-0.02796188592617538,0.6167551776211485,0.6457257406929501,0.46822139469808566
long_max_Tlast,B,0.9599310885968813,0.3055555555555556,2733,-129.99518574381614,0.3616325102789748,0.6361195700372385,0.6505511048135957,0.0
long_max_Tlast,B,0.9599310885968813,0.3055555555555556,2734,-130.40881279108135,-0.056065390539128734,0.6167526052072294,0.6457238249849598,0.46821888305576603
long_max_Tlast,B,0.9599310885968813,0.3055555555555556,2735,-130.32634655311722,0.14885079249692013,0.6361093904273765,0.6505434332141166,0.0
long_max_Tlast,B,0.9599310885968813,0.3055555555555556,2736,-130.6382418370991,-0.11962137915562326,0.6167522007802526,0.6457232180199344,0.4682196104006471
long_max_Tlast,B,0.9599310885968813,0.3055555555555556,2737,-130.77993829590952,-0.17447206199943832,0.6361032844604242,0.6505390730043871,0.0
long_max_Tlast,B,0.9599310885968813,0.3055555555555556,2738,-130.89332212627428,-0.19534129836021227,0.6167426618440407,0.6457156463170753,0.46821153086395695
long_max_Tlast,B,0.9599310885968813,0.3055555555555556,2739,-131.2247363147796,-0.48985272660162005,0.6361034082354267,0.6505391715278699,0.0
long_max_Tlast,B,0.9599310885968813,0.3055555555555556,2740,-131.11556909274026,-0.2554882635093824,0.6167321657445252,0.6457074870241066,0.4682021551943255
long_max_Tlast,B,0.9599310885968813,0.3055555555555556,2741,-131.53276615591352,-0.6817312288049318,0.6360979911143471,0.6505352636913122,0.0
long_max_Tlast,B,0.9599310885968813,0.3055555555555556,2742,-131.2585042079476,-0.27801064879661996,0.6167307597117525,0.6457062386381685,0.4682016043196378
long_max_Tlast,B,0.9599310885968813,0.3055555555555556,2743,-131.62613893581027,-0.6798085626504218,0.6360873343519025,0.6505273502921681,0.0
long_max_Tlast,B,0.9599310885968813,0.3055555555555556,2744,-131.3047868939442,-0.254665574688677,0.6167284079074774,0.6457045844169185,0.46819871522038176
long_max_Tlast,B,0.9599310885968813,0.3055555555555556,2745,-131.50559045681348,-0.4847866038987389,0.6360828643579675,0.6505238516211258,0.0
long_max_Tlast,B,0.9599310885968813,0.3055555555555556,2746,-131.27244821457674,-0.19401292199385842,0.6167187339503417,0.6456963144910661,0.4681928317022544
long_max_Tlast,B,0.9599310885968813,0.3055555555555556,2747,-131.25032698505677,-0.16813458729183844,0.6360827817958776,0.6505237996635108,0.0
long_max_Tlast,B,0.9599310885968813,0.3055555555555556,2748,-131.20825987817005,-0.11826220007484634,0.616711074577921,0.6456892151416359,0.4681905055045089
long_max_Tlast,B,0.9599310885968813,0.3055555555555556,2749,-130.98888383289287,0.1541157871568859,0.6360767645676715,0.6505190500596753,0.0
long_max_Tlast,B,0.9599310885968813,0.3055555555555556,2750,-131.17077182650726,-0.0551829921246455,0.616710271785881,0.6456885454420971,0.4681900233269796
long_max_Tlast,B,0.9599310885968813,0.3055555555555556,2751,-130.85199053786562,0.36389227583360967,0.6360669033854337,0.6505113744031396,0.0
long_max_Tlast,B,0.9599310885968813,0.3055555555555556,2752,-131.20872935209397,-0.027890232643426494,0.616707964914334,0.645686212172378,0.46818991973019797
long_max_Tlast,B,0.9599310885968813,0.3055555555555556,2753,-130.9248090760311,0.3843243685392884,0.6360631919686732,0.6505087074580911,0.0
long_max_Tlast,B,0.9599310885968813,0.3055555555555556,2754,-131.34316082957247,-0.04637176225170597,0.6166978622810796,0.6456774950652006,0.4681840950044422
long_max_Tlast,B,0.9599310885968813,0.3055555555555556,2755,-131.21565792165856,0.20793302119137158,0.6360629533956818,0.6505084802489751,0.0
long_max_Tlast,B,0.9599310885968813,0.3055555555555556,2756,-131.55980368138634,-0.103866924957697,0.616689446357725,0.6456710985532673,0.4681760117511915
long_max_Tlast,B,0.9599310885968813,0.3055555555555556,2757,-131.65292902159422,-0.1006395549672423,0.6360555776396337,0.6505029372280915,0.0
long_max_Tlast,B,0.9599310885968813,0.3055555555555556,2758,-131.81426278089506,-0.17930323462214032,0.6166891536999741,0.6456709720044024,0.46817536591772657
long_max_Tlast,B,0.9599310885968813,0.3055555555555556,2759,-132.1113796694556,-0.42833375863601797,0.6360454903825997,0.6504956214788769,0.0
long_max_Tlast,B,0.9599310885968813,0.3055555555555556,2760,-132.04828811527216,-0.24503512755439338,0.6166849324249639,0.6456676857183582,0.4681714180315434
long_max_Tlast,B,0.9599310885968813,0.3055555555555556,2761,-132.45799351974443,-0.6550721525962406,0.6360432815702145,0.6504939633496545,0.0
long_max_Tlast,B,0.9599310885968813,0.3055555555555556,2762,-132.21112469719048,-0.27698928639873266,0.6166736383220403,0.6456587100922638,0.46816190743355157
long_max_Tlast,B,0.9599310885968813,0.3055555555555556,2763,-132.60077355772592,-0.6977745681284604,0.6360426673321155,0.6504934998888575,0.0
long_max_Tlast,B,0.9599310885968813,0.3055555555555556,2764,-132.27804392593438,-0.26344532191076026,0.6166683762705263,0.6456538797450605,0.4681601334174067
long_max_Tlast,B,0.9599310885968813,0.3055555555555556,2765,-132.52240943235486,-0.5408060231405154,0.6360347059318845,0.6504874759081773,0.0
long_max_Tlast,B,0.9599310885968813,0.3055555555555556,2766,-132.25953601922748,-0.20936898573763563,0.6166691585141937,0.6456543475034003,0.4681613678659041
long_max_Tlast,B,0.9599310885968813,0.3055555555555556,2767,-132.28654975532584,-0.24167989727766892,0.6360266590334065,0.6504811209141912,0.0
long_max_Tlast,B,0.9599310885968813,0.3055555555555556,2768,-132.19740874000735,-0.13458719087240334,0.6166648559668526,0.6456505169740414,0.4681591980347142
long_max_Tlast,B,0.9599310885968813,0.3055555555555556,2769,-132.01461771096095,0.08999573487146473,0.636025896114516,0.6504804893243245,0.0
long_max_Tlast,B,0.9599310885968813,0.3055555555555556,2770,-132.1493463029329,-0.06648556574085102,0.616655794020318,0.6456421830765857,0.4681559895012681
long_max_Tlast,B,0.9599310885968813,0.3055555555555556,2771,-131.84127780871054,0.3326865288310268,0.6360250961424312,0.6504798069950843,0.0
long_max_Tlast,B,0.9599310885968813,0.3055555555555556,2772,-132.16794759218328,-0.030022645552061022,0.6166514344301866,0.6456386924455297,0.46815250994499147
long_max_Tlast,B,0.9599310885968813,0.3055555555555556,2773,-131.86498372553663,0.3974775726304989,0.6360171304544329,0.6504736057931173,0.0
long_max_Tlast,B,0.9599310885968813,0.3055555555555556,2774,-132.28142208863767,-0.03856649529786926,0.6166521976259667,0.6456395142220306,0.46815222435773585
long_max_Tlast,B,0.9599310885968813,0.3055555555555556,2775,-132.112021109097,0.2606265534254909,0.6360096957181136,0.6504682181134713,0.0
long_max_Tlast,B,0.9599310885968813,0.3055555555555556,2776,-132.48314280372387,-0.08897286412349664,0.616647047979652,0.645635132878128,0.4681488546887131
long_max_Tlast,B,0.9599310885968813,0.3055555555555556,2777,-132.52687146036973,-0.027720079006446796,0.6360099296774474,0.6504685333387443,0.0
long_max_Tlast,B,0.9599310885968813,0.3055555555555556,2778,-132.73417613196324,-0.16278003761787618,0.6166366568960067,0.645627145338814,0.4681390546499219
long_max_Tlast,B,0.9599310885968813,0.3055555555555556,2779,-132.99250440110208,-0.3618983540287014,0.636008730853384,0.6504675968308495,0.0
long_max_Tlast,B,0.9599310885968813,0.3055555555555556,2780,-132.97751731586447,-0.23294310134759216,0.61663419807393,0.645625257561887,0.4681367806645649
long_max_Tlast,B,0.9599310885968813,0.3055555555555556,2781,-133.37329378199428,-0.6194690961827637,0.6360002631394093,0.6504613677104234,0.0
long_max_Tlast,B,0.9599310885968813,0.3055555555555556,2782,-133.15898542825906,-0.27374479706392413,0.6166359653660095,0.6456265287723365,0.46813867353359156
long_max_Tlast,B,0.9599310885968813,0.3055555555555556,2783,-133.56467047403405,-0.7060560860975231,0.6359951150572553,0.650457382949433,0.0
long_max_Tlast,B,0.9599310885968813,0.3055555555555556,2784,-133.24710419812524,-0.2702485588462952,0.6166301505974894,0.6456217768408025,0.46813412554193506
long_max_Tlast,B,0.9599310885968813,0.3055555555555556,2785,-133.53149916562117,-0.5899299416634928,0.6359971122918847,0.6504587118095937,0.0
long_max_Tlast,B,0.9599310885968813,0.3055555555555556,2786,-133.2445213909649,-0.2237272642130957,0.6166230750784031,0.645615203646751,0.46813188293249963
long_max_Tlast,B,0.9599310885968813,0.3055555555555556,2787,-133.3209619395637,-0.31365032971506435,0.6359956778183912,0.6504575609735955,0.0
long_max_Tlast,B,0.9599310885968813,0.3055555555555556,2788,-133.18715382259447,-0.15122122222442752,0.6166234818872747,0.6456151154620695,0.4681338551105271
long_max_Tlast,B,0.9599310885968813,0.3055555555555556,2789,-133.04514351791565,0.02155396124544995,0.6359884103787138,0.6504517905388847,0.0
long_max_Tlast,B,0.9599310885968813,0.3055555555555556,2790,-133.13106757596054,-0.07931322596672419,0.6166251188266185,0.6456165684341494,0.46813447465754676
long_max_Tlast,B,0.9599310885968813,0.3055555555555556,2791,-132.84006697360775,0.292862201953209,0.6359851093022018,0.6504492726845719,0.0
long_max_Tlast,B,0.9599310885968813,0.3055555555555556,2792,-133.13175678034702,-0.03433968537864601,0.6166199402866848,0.6456118354504622,0.4681323575841503
long_max_Tlast,B,0.9599310885968813,0.3055555555555556,2793,-132.81590333676226,0.40085967643685755,0.6359876691110958,0.6504513537482148,0.0
long_max_Tlast,B,0.9599310885968813,0.3055555555555556,2794,-133.22391990332312,-0.03277651968978451,0.6166130221415006,0.6456063835418142,0.4681263583457055
long_max_Tlast,B,0.9599310885968813,0.3055555555555556,2795,-133.0164705591027,0.30598502698413166,0.6359860095739224,0.6504500180770931,0.0
long_max_Tlast,B,0.9599310885968813,0.3055555555555556,2796,-133.4088070561761,-0.0752072336232687,0.6166138129426713,0.6456076506518553,0.4681245080442443
long_max_Tlast,B,0.9599310885968813,0.3055555555555556,2797,-133.40323567087,0.04300078691020037,0.6359787911961252,0.6504447458090291,0.0
long_max_Tlast,B,0.9599310885968813,0.3055555555555556,2798,-133.65364445409068,-0.14607283513801214,0.6166158852499468,0.6456092944832479,0.4681260787628012
long_max_Tlast,B,0.9599310885968813,0.3055555555555556,2799,-133.86947175267028,-0.2917371777467578,0.6359772721773592,0.6504437601467216,0.0
long_max_Tlast,B,0.9599310885968813,0.3055555555555556,2800,-133.90369947577295,-0.21941165128554202,0.6166097258325118,0.6456044813519458,0.4681204250408944
long_max_Tlast,B,0.9599310885968813,0.3055555555555556,2801,-134.27932497349423,-0.5755685647836062,0.6359812635819132,0.6504466159465377,0.0
long_max_Tlast,B,0.9599310885968813,0.3055555555555556,2802,-134.1023182849779,-0.26835495640931384,0.6166053053320737,0.6456007382830689,0.468117604542238
long_max_Tlast,B,0.9599310885968813,0.3055555555555556,2803,-134.51762183612846,-0.7044998540382716,0.6359793332633188,0.6504451296510797,0.0
long_max_Tlast,B,0.9599310885968813,0.3055555555555556,2804,-134.21168760280608,-0.2749567580424888,0.6166097663045341,0.6456038292745581,0.4681230853014053
long_max_Tlast,B,0.9599310885968813,0.3055555555555556,2805,-134.53200525186227,-0.631292702543979,0.6359738455784831,0.6504408083141126,0.0
long_max_Tlast,B,0.9599310885968813,0.3055555555555556,2806,-134.2267640895293,-0.23681025996007438,0.6166118823217418,0.6456055182356926,0.4681246324192325
long_max_Tlast,B,0.9599310885968813,0.3055555555555556,2807,-134.35215914177604,-0.3827640488021147,0.6359751232935029,0.6504415257657021,0.0
long_max_Tlast,B,0.9599310885968813,0.3055555555555556,2808,-134.1769812541564,-0.1678911879321277,0.6166073261279398,0.6456012457279514,0.46812319627589066
long_max_Tlast,B,0.9599310885968813,0.3055555555555556,2809,-134.07901384638905,-0.04998281545921934,0.6359795184919668,0.6504448728620196,0.0
long_max_Tlast,B,0.9599310885968813,0.3055555555555556,2810,-134.115509868696,-0.09343926969726568,0.6166054496510399,0.6455993513340704,0.4681231899500565
long_max_Tlast,B,0.9599310885968813,0.3055555555555556,2811,-133.84762286871495,0.24511933071139486,0.6359776510539273,0.6504433423991423,0.0
long_max_Tlast,B,0.9599310885968813,0.3055555555555556,2812,-134.09991278237706,-0.04074889508331225,0.6166097459653781,0.6456034834508227,0.46812391283285176
long_max_Tlast,B,0.9599310885968813,0.3055555555555556,2813,-133.77770220877457,0.394419058075322,0.6359732533294689,0.6504400395308192,0.0
long_max_Tlast,B,0.9599310885968813,0.3055555555555556,2814,-134.17088740878688,-0.02912186118351756,0.6166116309583517,0.6456050981851802,0.4681248227232495
long_max_Tlast,B,0.9599310885968813,0.3055555555555556,2815,-133.92988378814897,0.34320417017130855,0.6359756995456114,0.6504421711835827,0.0
long_max_Tlast,B,0.9599310885968813,0.3055555555555556,2816,-134.3373631553366,-0.06281005810591339,0.6166066688989301,0.645601195410972,0.4681203712011499
long_max_Tlast,B,0.9599310885968813,0.3055555555555556,2817,-134.28339823158348,0.11024600884200797,0.6359806732975212,0.6504458930335971,0.0
long_max_Tlast,B,0.9599310885968813,0.3055555555555556,2818,-134.57333959673167,-0.1294811231939002,0.6166056558655311,0.6456009320263846,0.46811739793963836
long_max_Tlast,B,0.9599310885968813,0.3055555555555556,2819,-134.7436768773399,-0.21909577831557214,0.6359786205991325,0.6504443417934033,0.0
long_max_Tlast,B,0.9599310885968813,0.3055555555555556,2820,-134.827332566186,-0.20469693606880418,0.6166125817795025,0.6456063932144241,0.4681232832852623
long_max_Tlast,B,0.9599310885968813,0.3055555555555556,2821,-135.17704393186852,-0.5241552031622199,0.6359757909436492,0.6504422584120101,0.0
long_max_Tlast,B,0.9599310885968813,0.3055555555555556,2822,-135.04126551402885,-0.26089774193284426,0.6166146357362571,0.6456079352614331,0.46812515620410416
long_max_Tlast,B,0.9599310885968813,0.3055555555555556,2823,-135.4596763167028,-0.6931475239712844,0.6359810358253221,0.6504459546557211,0.0
long_max_Tlast,B,0.9599310885968813,0.3055555555555556,2824,-135.17172601829725,-0.27749887603872336,0.6166112090912897,0.6456048905255826,0.46812342948483865
long_max_Tlast,B,0.9599310885968813,0.3055555555555556,2825,-135.52302424868134,-0.6641513075625445,0.6359863898213214,0.6504498722708278,0.0
long_max_Tlast,B,0.9599310885968813,0.3055555555555556,2826,-135.20584661819618,-0.24840260649889295,0.6166143812634767,0.6456068192736311,0.46812840070972667
long_max_Tlast,B,0.9599310885968813,0.3055555555555556,2827,-135.37885409497085,-0.4477942842427127,0.6359846418355174,0.6504484465387446,0.0
long_max_Tlast,B,0.9599310885968813,0.3055555555555556,2828,-135.16615062639582,-0.18427703204780907,0.6166217445724527,0.6456130228696715,0.46813308622270855
long_max_Tlast,B,0.9599310885968813,0.3055555555555556,2829,-135.11491605760727,-0.12334284739610774,0.6359839647540724,0.6504477558378516,0.0
long_max_Tlast,B,0.9599310885968813,0.3055555555555556,2830,-135.10218319219143,-0.10862479711237993,0.6166232059183518,0.6456143186019622,0.4681335792454695
long_max_Tlast,B,0.9599310885968813,0.3055555555555556,2831,-134.86293386452405,0.19031762718372847,0.6359901284792636,0.6504525835806046,0.0
long_max_Tlast,B,0.9599310885968813,0.3055555555555556,2832,-135.07229336693666,-0.04914989058356334,0.616620752795318,0.6456121690647543,0.4681322246082572
long_max_Tlast,B,0.9599310885968813,0.3055555555555556,2833,-134.75024647223867,0.3782573015115698,0.6359951302429536,0.6504564388506542,0.0
long_max_Tlast,B,0.9599310885968813,0.3055555555555556,2834,-135.12243823271518,-0.027654199910011945,0.6166238639541248,0.64561550228754,0.46813146395288585
long_max_Tlast,B,0.9599310885968813,0.3055555555555556,2835,-134.85307740406884,0.37161817251120666,0.6359934783469021,0.6504551766422452,0.0
long_max_Tlast,B,0.9599310885968813,0.3055555555555556,2836,-135.26925884126837,-0.052016607346247384,0.6166316018981088,0.6456221955374318,0.4681356974629497
long_max_Tlast,B,0.9599310885968813,0.3055555555555556,2837,-135.16873177194432,0.17282315715537916,0.6359939453862672,0.6504557598016786,0.0
long_max_Tlast,B,0.9599310885968813,0.3055555555555556,2838,-135.4939066425298,-0.11329962366249874,0.6166331155184652,0.645623315514071,0.46813711733844277
long_max_Tlast,B,0.9599310885968813,0.3055555555555556,2839,-135.61655089578795,-0.14528666091802023,0.6360018429227184,0.6504616523204985,0.0
long_max_Tlast,B,0.9599310885968813,0.3055555555555556,2840,-135.74904658018437,-0.18905864740660488,0.6166314009095968,0.645622123380642,0.46813496886613815
long_max_Tlast,B,0.9599310885968813,0.3055555555555556,2841,-136.06742922667036,-0.4661467740093936,0.6360070477303953,0.6504653884399189,0.0
long_max_Tlast,B,0.9599310885968813,0.3055555555555556,2842,-135.9761624866605,-0.25152861819096844,0.6166383222051955,0.645627383059071,0.4681417093239188
long_max_Tlast,B,0.9599310885968813,0.3055555555555556,2843,-136.3911361435069,-0.6721971021557851,0.6360057904530997,0.6504644056935767,0.0
long_max_Tlast,B,0.9599310885968813,0.3055555555555556,2844,-136.12703143647371,-0.27781474135276585,0.6166473386128384,0.6456344631668265,0.46814947322004713
long_max_Tlast,B,0.9599310885968813,0.3055555555555556,2845,-136.50400546846225,-0.6879310399295728,0.6360088415048699,0.6504664679532131,0.0
long_max_Tlast,B,0.9599310885968813,0.3055555555555556,2846,-136.18137565229733,-0.25829716492288035,0.6166483103607179,0.6456352940068725,0.46814990171073156
long_max_Tlast,B,0.9599310885968813,0.3055555555555556,2847,-136.39967859332114,-0.5075766705533251,0.6360177087975294,0.6504730852384262,0.0
long_max_Tlast,B,0.9599310885968813,0.3055555555555556,2848,-136.15420122549432,-0.20011405864317716,0.616648916167831,0.6456353947671537,0.468151878211683
long_max_Tlast,B,0.9599310885968813,0.3055555555555556,2849,-136.151396356104,-0.19722139896449725,0.6360219898114585,0.6504764074614912,0.0
long_max_Tlast,B,0.9599310885968813,0.3055555555555556,2850,-136.09045640821037,-0.12458378117504548,0.6166562448362627,0.6456418139246909,0.46815569045556304
long_max_Tlast,B,0.9599310885968813,0.3055555555555556,2851,-135.88505653449656,0.12942398379093994,0.6360212400978013,0.6504757844525482,0.0
long_max_Tlast,B,0.9599310885968813,0.3055555555555556,2852,-136.0485385154466,-0.059394343377314085,0.6166636038530035,0.6456485317335845,0.46815832058502227
long_max_Tlast,B,0.9599310885968813,0.3055555555555556,2853,-135.73322559508804,0.35266951060795576,0.6360252226762158,0.6504790080897686,0.0
long_max_Tlast,B,0.9599310885968813,0.3055555555555556,2854,-136.07873641546092,-0.028418485224679657,0.616664365927931,0.6456491258639174,0.4681588863383435
long_max_Tlast,B,0.9599310885968813,0.3055555555555556,2855,-135.78656969174435,0.39070773896776334,0.6360342305279966,0.6504859775450849,0.0
long_max_Tlast,B,0.9599310885968813,0.3055555555555556,2856,-136.20494935263054,-0.04300957374323583,0.6166650423720463,0.6456501606237554,0.4681575296746151
long_max_Tlast,B,0.9599310885968813,0.3055555555555556,2857,-136.06050661959299,0.22960514169177182,0.6360382481399864,0.6504888788434666,0.0
long_max_Tlast,B,0.9599310885968813,0.3055555555555556,2858,-136.41594912904117,-0.09782882665743911,0.6166739208567886,0.6456576926564755,0.46816310341627615
long_max_Tlast,B,0.9599310885968813,0.3055555555555556,2859,-136.4896268128314,-0.07161626132114673,0.6360378673240186,0.6504886459101643,0.0
long_max_Tlast,B,0.9599310885968813,0.3055555555555556,2860,-136.6693965264062,-0.17277837739952392,0.6166824956342029,0.6456642873316208,0.46817102881109063
long_max_Tlast,B,0.9599310885968813,0.3055555555555556,2861,-136.9516791686084,-0.40258750508953034,0.6360438900239754,0.6504930879701012,0.0
long_max_Tlast,B,0.9599310885968813,0.3055555555555556,2862,-136.90740660991412,-0.24040363942853316,0.6166829852446651,0.6456646485153037,0.4681714706664688
long_max_Tlast,B,0.9599310885968813,0.3055555555555556,2863,-137.3123485955758,-0.6420256663994632,0.6360537383221007,0.6505002580558483,0.0
long_max_Tlast,B,0.9599310885968813,0.3055555555555556,2864,-137.07772352687522,-0.2759236398908631,0.6166863183626495,0.6456670399833283,0.4681753104407345
long_max_Tlast,B,0.9599310885968813,0.3055555555555556,2865,-137.47447929770877,-0.702199265298526,0.6360567625321953,0.650502546786406,0.0
long_max_Tlast,B,0.9599310885968813,0.3055555555555556,2866,-137.15291756912717,-0.26631283583679133,0.6166967667707238,0.6456754107823417,0.46818379669723814
long_max_Tlast,B,0.9599310885968813,0.3055555555555556,2867,-137.4136012559874,-0.5610544450330521,0.6360572220929935,0.6505028155344909,0.0
long_max_Tlast,B,0.9599310885968813,0.3055555555555556,2868,-137.1404729746248,-0.21510611382523398,0.6167030084312609,0.6456810637245285,0.46818620096854097
long_max_Tlast,B,0.9599310885968813,0.3055555555555556,2869,-137.18698489137935,-0.2702999789930089,0.6360642706386875,0.6505081660407829,0.0
long_max_Tlast,B,0.9599310885968813,0.3055555555555556,2870,-137.07988762747982,-0.14105918163726594,0.6167031260349678,0.6456812029655578,0.46818607701419485
long_max_Tlast,B,0.9599310885968813,0.3055555555555556,2871,-136.91270667372328,0.06352148873541491,0.6360729482969306,0.6505149746830462,0.0
long_max_Tlast,B,0.9599310885968813,0.3055555555555556,2872,-137.0283048775458,-0.07129612135214836,0.6167066523171573,0.645684469677076,0.46818728803534465
long_max_Tlast,B,0.9599310885968813,0.3055555555555556,2873,-136.72622741682173,0.3180946724254949,0.636075116201411,0.6505166156817881,0.0
long_max_Tlast,B,0.9599310885968813,0.3055555555555556,2874,-137.0396736527993,-0.03139452686716987,0.6167159563158626,0.6456929179457109,0.4681909521246698
long_max_Tlast,B,0.9599310885968813,0.3055555555555556,2875,-136.73082113724234,0.40013679424368537,0.6360759360024265,0.6505173314964438,0.0
long_max_Tlast,B,0.9599310885968813,0.3055555555555556,2876,-137.14480296310782,-0.03596712469604013,0.6167220879005001,0.6456978129574841,0.46819591087271933
long_max_Tlast,B,0.9599310885968813,0.3055555555555556,2877,-136.95982622663905,0.27957464384591973,0.6360837528158538,0.6505233606220707,0.0
long_max_Tlast,B,0.9599310885968813,0.3055555555555556,2878,-137.34011889195472,-0.08333614447952598,0.6167221612085552,0.6456978180178775,0.46819619237534094
long_max_Tlast,B,0.9599310885968813,0.3055555555555556,2879,-137.36432584280166,0.000588433092826246,0.6360925469466093,0.6505297590208995,0.0
long_max_Tlast,B,0.9599310885968813,0.3055555555555556,2880,-137.58905073499662,-0.15615467730251087,0.6167273373152985,0.6457021054182864,0.468199937920739
long_max_Tlast,B,0.9599310885968813,0.3055555555555556,2881,-137.8310764913814,-0.334598412739464,0.6360939653487806,0.6505307403545098,0.0
long_max_Tlast,B,0.9599310885968813,0.3055555555555556,2882,-137.8353685445573,-0.2277298271623151,0.6167386272987114,0.6457108480475706,0.4682102863079875
long_max_Tlast,B,0.9599310885968813,0.3055555555555556,2883,-138.2240184998098,-0.6031708338328114,0.6360956624667752,0.6505319848037642,0.0
long_max_Tlast,B,0.9599310885968813,0.3055555555555556,2884,-138.02382138905014,-0.2718399863084505,0.6167431336795722,0.6457145800720893,0.4682134017627489
long_max_Tlast,B,0.9599310885968813,0.3055555555555556,2885,-138.4341396626797,-0.7067062948026974,0.636104551682957,0.6505385216520556,0.0
long_max_Tlast,B,0.9599310885968813,0.3055555555555556,2886,-138.12031870047957,-0.27232579869572066,0.6167429093248175,0.6457144543796659,0.468213048308322
long_max_Tlast,B,0.9599310885968813,0.3055555555555556,2887,-138.4194694337292,-0.6072659201513857,0.6361116575137277,0.6505440154903702,0.0
long_max_Tlast,B,0.9599310885968813,0.3055555555555556,2888,-138.12444233564793,-0.22899502429744362,0.6167490565656537,0.6457195066272255,0.4682176485131647
long_max_Tlast,B,0.9599310885968813,0.3055555555555556,2889,-138.22035003573762,-0.3412858865523229,0.6361118389807408,0.650544263962349,0.0
long_max_Tlast,B,0.9599310885968813,0.3055555555555556,2890,-138.06972569239085,-0.15773636805852936,0.6167577241792173,0.6457274553140605,0.46822075083990355
long_max_Tlast,B,0.9599310885968813,0.3055555555555556,2891,-137.94467377226235,-0.006219687788121042,0.6361139872224705,0.6505459505394791,0.0
long_max_Tlast,B,0.9599310885968813,0.3055555555555556,2892,-138.01120744651024,-0.08466190157641235,0.6167602810813149,0.6457298649347842,0.4682213698793815
long_max_Tlast,B,0.9599310885968813,0.3055555555555556,2893,-137.72848540522168,0.2751492135346058,0.6361223191658779,0.6505525118255507,0.0
long_max_Tlast,B,0.9599310885968813,0.3055555555555556,2894,-138.0052489686704,-0.036535233728756555,0.6167600993612872,0.6457297054201621,0.4682213695302068
long_max_Tlast,B,0.9599310885968813,0.3055555555555556,2895,-137.68600979055577,0.39971869988299763,0.6361283045476537,0.6505570001976153,0.0
long_max_Tlast,B,0.9599310885968813,0.3055555555555556,2896,-138.08905182938338,-0.031004256976358335,0.6167661678432103,0.645735172056568,0.4682240510284712
long_max_Tlast,B,0.9599310885968813,0.3055555555555556,2897,-137.86775587306263,0.3218436335304747,0.636127985186047,0.6505566516929143,0.0
long_max_Tlast,B,0.9599310885968813,0.3055555555555556,2898,-138.2669182748495,-0.07009391860193187,0.616775581753915,0.6457426057974249,0.4682321125605675
long_max_Tlast,B,0.9599310885968813,0.3055555555555556,2899,-138.24211848781002,0.07004785778183653,0.6361306975897992,0.6505587570089632,0.0
long_max_Tlast,B,0.9599310885968813,0.3055555555555556,2900,-138.50863718228143,-0.1394744938968749,0.616777643958089,0.6457438814057659,0.46823525276414824
long_max_Tlast,B,0.9599310885968813,0.3055555555555556,2901,-138.7069206127743,-0.2634006436216664,0.6361396320339457,0.6505652794512713,0.0
long_max_Tlast,B,0.9599310885968813,0.3055555555555556,2902,-138.76061890836792,-0.21373402520399973,0.6167773884368625,0.6457437145644682,0.4682350161492349
long_max_Tlast,B,0.9599310885968813,0.3055555555555556,2903,-139.12684188787784,-0.5563137471760973,0.6361441117250216,0.650568558212028,0.0
long_max_Tlast,B,0.9599310885968813,0.3055555555555556,2904,-138.96549812198492,-0.2656527948815125,0.6167850081620383,0.645749677603205,0.4682418725426811
long_max_Tlast,B,0.9599310885968813,0.3055555555555556,2905,-139.38298869523425,-0.7013651911409814,0.6361426305457798,0.6505675630574739,0.0
long_max_Tlast,B,0.9599310885968813,0.3055555555555556,2906,-139.0832182959586,-0.27620707185261195,0.6167921390292826,0.6457558245610759,0.46824595719330847
long_max_Tlast,B,0.9599310885968813,0.3055555555555556,2907,-139.4164449405502,-0.6453947384437737,0.6361459046019318,0.6505700257358042,0.0
long_max_Tlast,B,0.9599310885968813,0.3055555555555556,2908,-139.105644949387,-0.24153924219138095,0.6167911560820227,0.6457555313950274,0.4682432383079231
long_max_Tlast,B,0.9599310885968813,0.3055555555555556,2909,-139.24996855678722,-0.40890913102851684,0.6361535166009717,0.6505759798544047,0.0
long_max_Tlast,B,0.9599310885968813,0.3055555555555556,2910,-139.05947861124304,-0.1743380738585311,0.6167909675951778,0.6457554163768641,0.4682430958141219
long_max_Tlast,B,0.9599310885968813,0.3055555555555556,2911,-138.979576612464,-0.07856747526062396,0.6361557149068304,0.6505778329646941,0.0
long_max_Tlast,B,0.9599310885968813,0.3055555555555556,2912,-138.99664807337075,-0.09923362273646769,0.6167971773395539,0.6457611609715298,0.4682452473711256
long_max_Tlast,B,0.9599310885968813,0.3055555555555556,2913,-138.73927710569018,0.22458885893605418,0.6361538185560008,0.6505763712987986,0.0
long_max_Tlast,B,0.9599310885968813,0.3055555555555556,2914,-138.9752120927191,-0.04375536768403793,0.6168026226698082,0.6457659056560887,0.4682481667007717
long_max_Tlast,B,0.9599310885968813,0.3055555555555556,2915,-138.65211524906857,0.3894675116311257,0.6361571605028546,0.6505790358908898,0.0
long_max_Tlast,B,0.9599310885968813,0.3055555555555556,2916,-139.03796031848034,-0.028218858775447164,0.6168016255743388,0.645764595312427,0.4682494134806504
long_max_Tlast,B,0.9599310885968813,0.3055555555555556,2917,-138.78505948344122,0.35564753261946963,0.636164269152639,0.6505843272320382,0.0
long_max_Tlast,B,0.9599310885968813,0.3055555555555556,2918,-139.1968810536868,-0.058325313343035645,0.6168015380235045,0.6457645670861002,0.4682493550403544
long_max_Tlast,B,0.9599310885968813,0.3055555555555556,2919,-139.12436572277267,0.13552636533549578,0.6361653272768399,0.6505848803407961,0.0
long_max_Tlast,B,0.9599310885968813,0.3055555555555556,2920,-139.4287521845133,-0.12304607180779376,0.6168088333785802,0.6457703020749068,0.4682558112368805
long_max_Tlast,B,0.9599310885968813,0.3055555555555556,2921,-139.58067780882305,-0.19024506750865222,0.6361627597030427,0.6505829974327734,0.0
long_max_Tlast,B,0.9599310885968813,0.3055555555555556,2922,-139.6835955488531,-0.19865680943332434,0.6168133333835886,0.6457736056695079,0.46826064045956006
long_max_Tlast,B,0.9599310885968813,0.3055555555555556,2923,-140.02176893171963,-0.5022926435859265,0.6361665918145306,0.6505858363096131,0.0
long_max_Tlast,B,0.9599310885968813,0.3055555555555556,2924,-139.90302414330014,-0.257462381234117,0.6168097026509616,0.6457709254521565,0.4682568740588752
long_max_Tlast,B,0.9599310885968813,0.3055555555555556,2925,-140.3210105063437,-0.6862649029910062,0.6361723056551739,0.6505901353464821,0.0
long_max_Tlast,B,0.9599310885968813,0.3055555555555556,2926,-140.04158259739893,-0.2779089972907942,0.6168097399871048,0.6457710089341583,0.4682568764209671
long_max_Tlast,B,0.9599310885968813,0.3055555555555556,2927,-140.40376146697568,-0.6747546549595957,0.6361706737228491,0.6505891581566109,0.0
long_max_Tlast,B,0.9599310885968813,0.3055555555555556,2928,-140.0834938682517,-0.25249959826001617,0.6168154362716699,0.6457760662199529,0.46825966457245116
long_max_Tlast,B,0.9599310885968813,0.3055555555555556,2929,-140.27463854051865,-0.47197584918877,0.6361676851524594,0.6505869846311153,0.0
long_max_Tlast,B,0.9599310885968813,0.3055555555555556,2930,-140.0484430003326,-0.1905592632975689,0.6168161698659314,0.64577734750624,0.4682575432311063
long_max_Tlast,B,0.9599310885968813,0.3055555555555556,2931,-140.01593919176133,-0.1522309844509015,0.6361711742798829,0.6505897650281898,0.0
long_max_Tlast,B,0.9599310885968813,0.3055555555555556,2932,-139.98420872929105,-0.11477432571101542,0.6168120507879122,0.6457737845021174,0.4682553359075118
long_max_Tlast,B,0.9599310885968813,0.3055555555555556,2933,-139.75750331919747,0.1673076784355666,0.6361750661913635,0.6505928483475824,0.0
long_max_Tlast,B,0.9599310885968813,0.3055555555555556,2934,-139.9492930889111,-0.052912861703341724,0.6168122071945945,0.6457739817708038,0.4682553805878857
long_max_Tlast,B,0.9599310885968813,0.3055555555555556,2935,-139.62898968817063,0.36955514961068653,0.6361723904658897,0.6505906461707972,0.0
long_max_Tlast,B,0.9599310885968813,0.3055555555555556,2936,-139.9915358067561,-0.027656173480301804,0.6168174132813671,0.6457783538655176,0.4682588942244997
long_max_Tlast,B,0.9599310885968813,0.3055555555555556,2937,-139.7124499980439,0.3803983770481993,0.6361693524660356,0.6505883351264997,0.0
long_max_Tlast,B,0.9599310885968813,0.3055555555555556,2938,-140.1304294102783,-0.04824842034608595,0.6168180781172891,0.6457781976847217,0.4682621317403318
long_max_Tlast,B,0.9599310885968813,0.3055555555555556,2939,-140.01231767582826,0.1958586750027146,0.6361729338145139,0.6505910156910543,0.0
long_max_Tlast,B,0.9599310885968813,0.3055555555555556,2940,-140.35004679300562,-0.10714659894206702,0.6168129354522949,0.6457738209151729,0.46825909146289557
long_max_Tlast,B,0.9599310885968813,0.3055555555555556,2941,-140.45370302203196,-0.11643421261687303,0.6361756804101395,0.6505928709635278,0.0
long_max_Tlast,B,0.9599310885968813,0.3055555555555556,2942,-140.60490660421408,-0.18277521388661042,0.616813277849042,0.645774141772266,0.46825936972429605
long_max_Tlast,B,0.9599310885968813,0.3055555555555556,2943,-140.90985544539586,-0.44204971626606365,0.6361709130061688,0.6505893880018817,0.0
long_max_Tlast,B,0.9599310885968813,0.3055555555555556,2944,-140.83660672173482,-0.24741152553792634,0.6168176339190673,0.6457775957808484,0.46826309760614093
long_max_Tlast,B,0.9599310885968813,0.3055555555555556,2945,-141.248593967864,-0.6616745595052906,0.6361675479740145,0.6505869950388651,0.0
long_max_Tlast,B,0.9599310885968813,0.3055555555555556,2946,-140.99526540009657,-0.27738061871690967,0.6168142324792105,0.6457753514190012,0.46825846056306103
long_max_Tlast,B,0.9599310885968813,0.3055555555555556,2947,-141.38077403495313,-0.6948240638214657,0.6361706229918911,0.6505893742519234,0.0
long_max_Tlast,B,0.9599310885968813,0.3055555555555556,2948,-141.0577047911462,-0.26170086908584467,0.6168078104405413,0.645770300519846,0.46825302229041676
long_max_Tlast,B,0.9599310885968813,0.3055555555555556,2949,-141.2929965327703,-0.5293581560762173,0.6361707262021964,0.6505897052790008,0.0
long_max_Tlast,B,0.9599310885968813,0.3055555555555556,2950,-141.03599973665547,-0.20610766380215245,0.616808198525475,0.6457706986963816,0.46825317750591366
long_max_Tlast,B,0.9599310885968813,0.3055555555555556,2951,-141.05239403419117,-0.22591083973629816,0.6361647375311885,0.6505852182725881,0.0
long_max_Tlast,B,0.9599310885968813,0.3055555555555556,2952,-140.9731555495332,-0.13098687967157335,0.6168102604510741,0.6457728504390979,0.4682529277240545
long_max_Tlast,B,0.9599310885968813,0.3055555555555556,2953,-140.78207877487904,0.10432766409985161,0.6361617648855286,0.6505829416367443,0.0
long_max_Tlast,B,0.9599310885968813,0.3055555555555556,2954,-140.92717884981187,-0.06386149973320546,0.616806365694789,0.6457692104270071,0.4682518118958433
long_max_Tlast,B,0.9599310885968813,0.3055555555555556,2955,-140.61613686802445,0.3403397190454043,0.6361642888274784,0.6505849095292182,0.0
long_max_Tlast,B,0.9599310885968813,0.3055555555555556,2956,-140.9498542047295,-0.02931977159762067,0.6168006323112923,0.6457640126058439,0.46824968699025027
long_max_Tlast,B,0.9599310885968813,0.3055555555555556,2957,-140.65036908351527,0.3956475515730741,0.6361633260316838,0.6505839407407471,0.0
long_max_Tlast,B,0.9599310885968813,0.3055555555555556,2958,-141.0678950440078,-0.04003206187606448,0.6168011456889777,0.64576447531479,0.4682500573627605
long_max_Tlast,B,0.9599310885968813,0.3055555555555556,2959,-140.907186309304,0.24998779532315718,0.6361564952576273,0.6505786861455821,0.0
long_max_Tlast,B,0.9599310885968813,0.3055555555555556,2960,-141.27304310206242,-0.09206655844608658,0.6168031019014797,0.6457655986071318,0.46825338309998804
long_max_Tlast,B,0.9599310885968813,0.3055555555555556,2961,-141.32747439034145,-0.04327071805025967,0.6361534926055059,0.6505765442093794,0.0
long_max_Tlast,B,0.9599310885968813,0.3055555555555556,2962,-141.52510368321555,-0.16635426398833952,0.616796819699944,0.6457603903178029,0.4682489866369913
long_max_Tlast,B,0.9599310885968813,0.3055555555555556,2963,-141.79221619308203,-0.37666068887689497,0.636155530570497,0.650578019047942,0.0
long_max_Tlast,B,0.9599310885968813,0.3055555555555556,2964,-141.7666999747708,-0.23568311598593153,0.6167896607033501,0.6457548921624853,0.46824240533939254
long_max_Tlast,B,0.9599310885968813,0.3055555555555556,2965,-142.16612082269418,-0.6280181268817628,0.6361520825636152,0.6505755696943429,0.0
long_max_Tlast,B,0.9599310885968813,0.3055555555555556,2966,-141.94426966418996,-0.2746386991028471,0.6167901827678577,0.6457553599312674,0.46824276457759634
long_max_Tlast,B,0.9599310885968813,0.3055555555555556,2967,-142.347159899442,-0.7052458781566813,0.6361439889116535,0.6505696880103037,0.0
long_max_Tlast,B,0.9599310885968813,0.3055555555555556,2968,-142.02777352774962,-0.2689532692576103,0.6167890118301634,0.6457548881696201,0.4682399728919675
long_max_Tlast,B,0.9599310885968813,0.3055555555555556,2969,-142.30394900927413,-0.5800416234941701,0.6361415101956323,0.6505678306373184,0.0
long_max_Tlast,B,0.9599310885968813,0.3055555555555556,2970,-142.02160786786584,-0.22071696433061008,0.6167809843887541,0.6457484192378969,0.46823362701856636
long_max_Tlast,B,0.9599310885968813,0.3055555555555556,2971,-142.08735162013264,-0.29829038696181615,0.6361424128471403,0.6505686366917472,0.0
long_max_Tlast,B,0.9599310885968813,0.3055555555555556,2972,-141.9629599047999,-0.14759156000836765,0.616775315110597,0.6457433063995438,0.4682314266662459
long_max_Tlast,B,0.9599310885968813,0.3055555555555556,2973,-141.81174193196915,0.03676075096938636,0.6361376530165855,0.6505649720983341,0.0
long_max_Tlast,B,0.9599310885968813,0.3055555555555556,2974,-141.90834488080594,-0.07638281736051328,0.6167757256098569,0.6457437137407893,0.468231554587069
long_max_Tlast,B,0.9599310885968813,0.3055555555555556,2975,-141.61304794979787,0.3023444729940986,0.6361299244192525,0.6505589296188568,0.0
long_max_Tlast,B,0.9599310885968813,0.3055555555555556,2976,-141.9127913930807,-0.03318728750366784,0.6167743395580708,0.6457421378343265,0.4682322052882537
long_max_Tlast,B,0.9599310885968813,0.3055555555555556,2977,-141.5990776738542,0.40113852105101805,0.6361278222347373,0.6505573863568413,0.0
long_max_Tlast,B,0.9599310885968813,0.3055555555555556,2978,-142.0096103744124,-0.03382077936683364,0.6167664065107709,0.6457349601272812,0.4682290126514282
long_max_Tlast,B,0.9599310885968813,0.3055555555555556,2979,-141.80995883909776,0.29694636419204357,0.636128232498953,0.6505575686129162,0.0
long_max_Tlast,B,0.9599310885968813,0.3055555555555556,2980,-142.198318786798,-0.07806118336185211,0.6167602422061007,0.6457300820478263,0.46822392370016397
long_max_Tlast,B,0.9599310885968813,0.3055555555555556,2981,-142.20338576548062,0.027955425376136434,0.6361220186258966,0.6505527999192043,0.0
long_max_Tlast,B,0.9599310885968813,0.3055555555555556,2982,-142.44476462272215,-0.14969539860863548,0.6167606832630393,0.6457304081813522,0.46822444422714093
long_max_Tlast,B,0.9599310885968813,0.3055555555555556,2983,-142.67017806408114,-0.30727443071925414,0.6361135454057198,0.6505466530504892,0.0
long_max_Tlast,B,0.9599310885968813,0.3055555555555556,2984,-142.6936313294844,-0.22246926335191586,0.6167568893007643,0.6457274008291302,0.4682211765095447
long_max_Tlast,B,0.9599310885968813,0.3055555555555556,2985,-143.07426551081983,-0.5859021188293217,0.6361118802602802,0.65054546660737,0.0
long_max_Tlast,B,0.9599310885968813,0.3055555555555556,2986,-142.88872519877705,-0.2697277373645235,0.6167464871255293,0.6457193526650098,0.4682116474217779
long_max_Tlast,B,0.9599310885968813,0.3055555555555556,2987,-143.30258553377425,-0.7058299547149605,0.6361109603787326,0.6505448658697819,0.0
long_max_Tlast,B,0.9599310885968813,0.3055555555555556,2988,-142.99350672949842,-0.27414539459311293,0.6167415034308236,0.6457151508715537,0.4682085609480027
long_max_Tlast,B,0.9599310885968813,0.3055555555555556,2989,-143.30648478409125,-0.6231244364190356,0.6361031918621772,0.6505391510011055,0.0
long_max_Tlast,B,0.9599310885968813,0.3055555555555556,2990,-143.0045873659845,-0.23410453705690348,0.6167415469519442,0.6457152731967258,0.4682082837522452
long_max_Tlast,B,0.9599310885968813,0.3055555555555556,2991,-143.11947855180142,-0.3680902694094069,0.6360957217948673,0.6505333835518851,0.0
long_max_Tlast,B,0.9599310885968813,0.3055555555555556,2992,-142.95293581691553,-0.16428966682071044,0.6167365819670979,0.6457111382338374,0.4682047887600113
long_max_Tlast,B,0.9599310885968813,0.3055555555555556,2993,-142.84508853088317,-0.03418170285563665,0.6360947319552241,0.6505326046882437,0.0
long_max_Tlast,B,0.9599310885968813,0.3055555555555556,2994,-142.89240915229766,-0.09026972155708371,0.6167279465231491,0.6457032243710943,0.4682017136156399
long_max_Tlast,B,0.9599310885968813,0.3055555555555556,2995,-142.61888621811812,0.2562437050345263,0.636093146777358,0.6505313208241067,0.0
long_max_Tlast,B,0.9599310885968813,0.3055555555555556,2996,-142.8801700566288,-0.03917047306864477,0.6167240032981653,0.645699807116143,0.4681996442257985
long_max_Tlast,B,0.9599310885968813,0.3055555555555556,2997,-142.55870603843914,0.39677558639147226,0.636085215432781,0.6505250777168676,0.0
long_max_Tlast,B,0.9599310885968813,0.3055555555555556,2998,-142.95573212552563,-0.029724709526865234,0.6167240402362655,0.6456997541821599,0.4681999757146682
long_max_Tlast,B,0.9599310885968813,0.3055555555555556,2999,-142.72157061075248,0.33591913980956944,0.6360780985633131,0.6505197948130534,0.0
long_max_Tlast,B,0.9599310885968813,0.3055555555555556,3000,-143.12636620512603,-0.06538120733948799,0.6167184273648515,0.6456947185033638,0.46819743299203265
long_max_Tlast,B,0.9599310885968813,0.3055555555555556,3001,-143.08280574703667,0.0959754278254481,0.6360774247170677,0.6505193683527994,0.0
long_max_Tlast,B,0.9599310885968813,0.3055555555555556,3002,-143.36452729766805,-0.13308044673104777,0.6167081830207689,0.6456866619887279,0.46818856548060356
long_max_Tlast,B,0.9599310885968813,0.3055555555555556,3003,-143.54502557794757,-0.23512446902463402,0.6360748148822656,0.6505173713046897,0.0
long_max_Tlast,B,0.9599310885968813,0.3055555555555556,3004,-143.61793342667127,-0.2080175665930144,0.6167046462461839,0.6456840210597652,0.4681850309764134
long_max_Tlast,B,0.9599310885968813,0.3055555555555556,3005,-143.97385119558828,-0.5360642726111623,0.6360656090856094,0.6505106590436918,0.0
long_max_Tlast,B,0.9599310885968813,0.3055555555555556,3006,-143.82871421396908,-0.26272559728392,0.6167041768417411,0.6456836709586882,0.4681844987606461
long_max_Tlast,B,0.9599310885968813,0.3055555555555556,3007,-144.24711803664715,-0.6965754912610698,0.6360595378401911,0.6505061446879478,0.0
long_max_Tlast,B,0.9599310885968813,0.3055555555555556,3008,-143.9546505156323,-0.2771703082595757,0.6166964914818812,0.645677669072057,0.46817755317603854
long_max_Tlast,B,0.9599310885968813,0.3055555555555556,3009,-144.29968281258414,-0.6578414372147283,0.6360595657574509,0.6505061092980364,0.0
long_max_Tlast,B,0.9599310885968813,0.3055555555555556,3010,-143.98454607659295,-0.24605407838357116,0.616688067212944,0.645670333147212,0.4681730515592852
long_max_Tlast,B,0.9599310885968813,0.3055555555555556,3011,-144.14731281206872,-0.43406576248331197,0.6360560469759156,0.6505034702649298,0.0
long_max_Tlast,B,0.9599310885968813,0.3055555555555556,3012,-143.94241596287912,-0.1807724357551361,0.6166867186333145,0.6456688283469175,0.46817368766016687
long_max_Tlast,B,0.9599310885968813,0.3055555555555556,3013,-143.8807944285964,-0.1072445727378275,0.6360475713127931,0.650496835425001,0.0
long_max_Tlast,B,0.9599310885968813,0.3055555555555556,3014,-143.87874011931572,-0.1052605893031009,0.616686035597387,0.6456682108366887,0.46817331900854575
long_max_Tlast,B,0.9599310885968813,0.3055555555555556,3015,-143.6327468619273,0.20287007850465633,0.6360430627039526,0.6504933149102953,0.0
long_max_Tlast,B,0.9599310885968813,0.3055555555555556,3016,-143.8518060214806,-0.04717883658561181,0.616679291191957,0.6456619618535706,0.4681710438988512
long_max_Tlast,B,0.9599310885968813,0.3055555555555556,3017,-143.5290858977753,0.38264204280550196,0.6360433602873967,0.6504935749475096,0.0
long_max_Tlast,B,0.9599310885968813,0.3055555555555556,3018,-143.906434886073,-0.027804970004904728,0.6166715180447221,0.645655410852457,0.46816603828800274
long_max_Tlast,B,0.9599310885968813,0.3055555555555556,3019,-143.6427650255714,0.3662091888978405,0.6360394245084886,0.6504904493595748,0.0
long_max_Tlast,B,0.9599310885968813,0.3055555555555556,3020,-144.05762953527625,-0.0542487904537747,0.6166701942693654,0.6456547024838137,0.46816361291876907
long_max_Tlast,B,0.9599310885968813,0.3055555555555556,3021,-143.96708800096727,0.15959547621091452,0.636030704316552,0.6504839855070729,0.0
long_max_Tlast,B,0.9599310885968813,0.3055555555555556,3022,-144.28496522569947,-0.11681080597303733,0.6166691859870059,0.64565378954551,0.46816308570506565
long_max_Tlast,B,0.9599310885968813,0.3055555555555556,3023,-144.41820787416185,-0.16149506188419466,0.6360270775009298,0.6504814646503805,0.0
long_max_Tlast,B,0.9599310885968813,0.3055555555555556,3024,-144.5401200171836,-0.1925691093055968,0.6166605715987209,0.6456470446083491,0.4681553772075704
long_max_Tlast,B,0.9599310885968813,0.3055555555555556,3025,-144.86580767666152,-0.47940089624866405,0.636027842380185,0.6504820063432457,0.0
long_max_Tlast,B,0.9599310885968813,0.3055555555555556,3026,-144.76457962107946,-0.2537697802287336,0.6166535887951888,0.6456415298874187,0.4681494309598611
long_max_Tlast,B,0.9599310885968813,0.3055555555555556,3027,-145.1808788326273,-0.6776406545089784,0.6360229681462006,0.6504784166866611,0.0
long_max_Tlast,B,0.9599310885968813,0.3055555555555556,3028,-144.91106419831092,-0.27797702851937955,0.6166544877288784,0.6456419713766873,0.46815125575761163
long_max_Tlast,B,0.9599310885968813,0.3055555555555556,3029,-145.28294430683303,-0.6835825495302292,0.6360152367553655,0.6504725440385419,0.0
long_max_Tlast,B,0.9599310885968813,0.3055555555555556,3030,-144.96092335973827,-0.2563309442569851,0.6166529631336496,0.6456407367352689,0.46814993102645586
long_max_Tlast,B,0.9599310885968813,0.3055555555555556,3031,-145.16956597915467,-0.4950457503358331,0.6360138586029351,0.6504712964715716,0.0
long_max_Tlast,B,0.9599310885968813,0.3055555555555556,3032,-144.930858097204,-0.19676415658805235,0.6166457504019021,0.645634290888165,0.46814658400855025
long_max_Tlast,B,0.9599310885968813,0.3055555555555556,3033,-144.91731528938737,-0.18111993288600664,0.6360148910341495,0.6504720402891697,0.0
long_max_Tlast,B,0.9599310885968813,0.3055555555555556,3034,-144.86682099484932,-0.12109078439874327,0.616641730843332,0.6456303632292564,0.46814611930372374
long_max_Tlast,B,0.9599310885968813,0.3055555555555556,3035,-144.6535998703239,0.14316774646483588,0.6360101538043182,0.6504682739464787,0.0
long_max_Tlast,B,0.9599310885968813,0.3055555555555556,3036,-144.8273077476361,-0.05705122229511381,0.616643007598996,0.6456315953111674,0.468146302025678
long_max_Tlast,B,0.9599310885968813,0.3055555555555556,3037,-144.50998677478245,0.35899945869690636,0.636003621974675,0.6504632362044466,0.0
long_max_Tlast,B,0.9599310885968813,0.3055555555555556,3038,-144.86178442241766,-0.028108246898525147,0.616641495727617,0.6456301547433019,0.46814580557613444
long_max_Tlast,B,0.9599310885968813,0.3055555555555556,3039,-144.5741056719931,0.3872871858534876,0.6360031607625896,0.6504630828491748,0.0
long_max_Tlast,B,0.9599310885968813,0.3055555555555556,3040,-144.99255719644526,-0.044857507467069124,0.6166339949745431,0.6456239602971414,0.4681403489490485
long_max_Tlast,B,0.9599310885968813,0.3055555555555556,3041,-144.85745322987216,0.21767274028792016,0.6360043275407448,0.6504639553690545,0.0
long_max_Tlast,B,0.9599310885968813,0.3055555555555556,3042,-145.20670852745064,-0.10117212782741097,0.6166299708794911,0.6456212505589449,0.4681350891221757
long_max_Tlast,B,0.9599310885968813,0.3055555555555556,3043,-145.2911680920316,-0.08769030069800199,0.63599907185539,0.6504600466883873,0.0
long_max_Tlast,B,0.9599310885968813,0.3055555555555556,3044,-145.46075376868714,-0.17641097162961833,0.616632470454519,0.6456233331501123,0.46813674179147813
long_max_Tlast,B,0.9599310885968813,0.3055555555555556,3045,-145.75131170586616,-0.4169198123679403,0.6359934422943924,0.6504559798136099,0.0
long_max_Tlast,B,0.9599310885968813,0.3055555555555556,3046,-145.696590712432,-0.24300369754052434,0.6166303075764226,0.6456216102739367,0.4681347818189075
long_max_Tlast,B,0.9599310885968813,0.3055555555555556,3047,-146.10425400116966,-0.6493765334205341,0.6359950519546264,0.6504570736958436,0.0
long_max_Tlast,B,0.9599310885968813,0.3055555555555556,3048,-145.8627882569258,-0.27655837075778605,0.6166235786320476,0.645616074998055,0.468129803507089
long_max_Tlast,B,0.9599310885968813,0.3055555555555556,3049,-146.2556762240053,-0.6998860669621705,0.635996431067417,0.6504580321514085,0.0
long_max_Tlast,B,0.9599310885968813,0.3055555555555556,3050,-145.9333943835597,-0.26476821238147846,0.6166233994837379,0.6456153079172162,0.4681321115749037
long_max_Tlast,B,0.9599310885968813,0.3055555555555556,3051,-146.1850812753136,-0.549947984762035,0.6359915755042616,0.6504542651004164,0.0
long_max_Tlast,B,0.9599310885968813,0.3055555555555556,3052,-145.9175531896931,-0.21195813739997532,0.6166269613144117,0.6456181064044633,0.468135130705
long_max_Tlast,B,0.9599310885968813,0.3055555555555556,3053,-145.95327336006548,-0.25449587603413537,0.6359882896421228,0.6504515313997765,0.0
long_max_Tlast,B,0.9599310885968813,0.3055555555555556,3054,-145.85607162486355,-0.13748596662453905,0.6166250275883338,0.645616308411432,0.4681343554472466
long_max_Tlast,B,0.9599310885968813,0.3055555555555556,3055,-145.68019748109384,0.07821066804742094,0.6359911045397878,0.6504536779311867,0.0
long_max_Tlast,B,0.9599310885968813,0.3055555555555556,3056,-145.80639854989698,-0.06862490866601836,0.6166201503145441,0.6456118212525012,0.4681325954937179
long_max_Tlast,B,0.9599310885968813,0.3055555555555556,3057,-145.50091939128157,0.3262628682308277,0.6359923658959525,0.6504546235642622,0.0
long_max_Tlast,B,0.9599310885968813,0.3055555555555556,3058,-145.82173535435567,-0.030613581053812844,0.6166203386972244,0.6456124246277039,0.468130977514514
long_max_Tlast,B,0.9599310885968813,0.3055555555555556,3059,-145.51606553241913,0.3987789283499442,0.635987810151442,0.6504511258557001,0.0
long_max_Tlast,B,0.9599310885968813,0.3055555555555556,3060,-145.93147588059168,-0.037383773332228754,0.6166238499781163,0.6456156253211153,0.4681321933701648
long_max_Tlast,B,0.9599310885968813,0.3055555555555556,3061,-145.75506813290744,0.26918297120378504,0.63598547990695,0.6504496114744962,0.0
long_max_Tlast,B,0.9599310885968813,0.3055555555555556,3062,-146.130357370671,-0.08644361574251322,0.6166215360721203,0.6456137127897587,0.4681303784289216
long_max_Tlast,B,0.9599310885968813,0.3055555555555556,3063,-146.16535361676745,-0.01503831658118382,0.6359895117722688,0.650452710912403,0.0
long_max_Tlast,B,0.9599310885968813,0.3055555555555556,3064,-146.38048750451225,-0.15982527324692836,0.6166166533875549,0.6456101322458888,0.468125069256322
long_max_Tlast,B,0.9599310885968813,0.3055555555555556,3065,-146.6315632670556,-0.34973703687578067,0.6359908332676079,0.6504536248906887,0.0
long_max_Tlast,B,0.9599310885968813,0.3055555555555556,3066,-146.6251936570973,-0.23063755540601868,0.616619658625732,0.6456124747457185,0.4681277543137943
long_max_Tlast,B,0.9599310885968813,0.3055555555555556,3067,-147.0178519665632,-0.6122831712068728,0.635986703421128,0.6504505526975437,0.0
long_max_Tlast,B,0.9599310885968813,0.3055555555555556,3068,-146.80979898857018,-0.2729281047610394,0.6166245083724889,0.6456161698895251,0.46813231105424696
long_max_Tlast,B,0.9599310885968813,0.3055555555555556,3069,-147.21763609591778,-0.7064738418246002,0.6359869698806678,0.650450555897651,0.0
long_max_Tlast,B,0.9599310885968813,0.3055555555555556,3070,-146.90166191811505,-0.271212043302267,0.6166223572400741,0.645614312692928,0.46813093101085196
long_max_Tlast,B,0.9599310885968813,0.3055555555555556,3071,-147.19270575285924,-0.597791988869256,0.6359924177321725,0.6504545045937703,0.0
long_max_Tlast,B,0.9599310885968813,0.3055555555555556,3072,-146.90205567085138,-0.2261080233652799,0.6166206792438594,0.6456123168592234,0.46813208057609734
long_max_Tlast,B,0.9599310885968813,0.3055555555555556,3073,-146.9872056300414,-0.32606487841193543,0.635993526075026,0.6504553116695561,0.0
long_max_Tlast,B,0.9599310885968813,0.3055555555555556,3074,-146.84582198393596,-0.15414032428589797,0.6166253432295283,0.6456161013459962,0.4681356583345037
long_max_Tlast,B,0.9599310885968813,0.3055555555555556,3075,-146.711367119318,0.009149546483534277,0.6359905502086042,0.6504529004866818,0.0
long_max_Tlast,B,0.9599310885968813,0.3055555555555556,3076,-146.7885979458341,-0.08169091560860034,0.6166294068549837,0.6456197900083755,0.46813711609976155
long_max_Tlast,B,0.9599310885968813,0.3055555555555556,3077,-146.50123461296775,0.28502526471145695,0.6359921739699234,0.6504542293196772,0.0
long_max_Tlast,B,0.9599310885968813,0.3055555555555556,3078,-146.78628599272395,-0.03529419699337344,0.6166275096186845,0.6456180848630154,0.4681361596109376
long_max_Tlast,B,0.9599310885968813,0.3055555555555556,3079,-146.46882844802957,0.4004735745606369,0.6359978560645319,0.6504586896278428,0.0
long_max_Tlast,B,0.9599310885968813,0.3055555555555556,3080,-146.87469697061047,-0.03195121737124901,0.6166259033270463,0.6456172285414343,0.4681331542000407
long_max_Tlast,B,0.9599310885968813,0.3055555555555556,3081,-146.66098246890743,0.31319887446140954,0.635998836338199,0.6504593764926763,0.0
long_max_Tlast,B,0.9599310885968813,0.3055555555555556,3082,-147.0564540915468,-0.07289505436609922,0.6166313016449685,0.6456221460499484,0.46813518404293986
long_max_Tlast,B,0.9599310885968813,0.3055555555555556,3083,-147.0422525705125,0.05517456930029785,0.6359963379238552,0.650457626366394,0.0
long_max_Tlast,B,0.9599310885968813,0.3055555555555556,3084,-147.29992851177533,-0.14311282598038472,0.6166361547985847,0.6456259480750594,0.46813931990371005
long_max_Tlast,B,0.9599310885968813,0.3055555555555556,3085,-147.50792755194135,-0.2790600608743109,0.6359998738136076,0.6504603111438495,0.0
long_max_Tlast,B,0.9599310885968813,0.3055555555555556,3086,-147.550884615938,-0.21688148588739214,0.6166342060044854,0.6456244240810571,0.4681374819657458
long_max_Tlast,B,0.9599310885968813,0.3055555555555556,3087,-147.92236220008937,-0.5670296436593466,0.6360066996018329,0.650465244567012,0.0
long_max_Tlast,B,0.9599310885968813,0.3055555555555556,3088,-147.75233504548905,-0.2671715997829041,0.6166355317100655,0.6456252276919933,0.46813956554341474
long_max_Tlast,B,0.9599310885968813,0.3055555555555556,3089,-148.1686949757036,-0.703222281569637,0.6360074861513151,0.6504657876275104,0.0
long_max_Tlast,B,0.9599310885968813,0.3055555555555556,3090,-147.8654402697395,-0.27554609660799,0.6166435947747082,0.6456314075326589,0.46814716702839826
long_max_Tlast,B,0.9599310885968813,0.3055555555555556,3091,-148.1916154086013,-0.6377334074951323,0.6360065903028985,0.6504649503714056,0.0
long_max_Tlast,B,0.9599310885968813,0.3055555555555556,3092,-147.88378022878297,-0.238947534123442,0.6166477265578942,0.6456349354027136,0.4681495260004408
long_max_Tlast,B,0.9599310885968813,0.3055555555555556,3093,-148.01769043297224,-0.39455057092040235,0.6360119515844288,0.6504688753605138,0.0
long_max_Tlast,B,0.9599310885968813,0.3055555555555556,3094,-147.83558059850617,-0.1707811727498807,0.6166466673692033,0.6456338330703157,0.4681495676981422
long_max_Tlast,B,0.9599310885968813,0.3055555555555556,3095,-147.74567666286737,-0.0627827063097478,0.6360183891062595,0.6504738657381979,0.0
long_max_Tlast,B,0.9599310885968813,0.3055555555555556,3096,-147.77344858374653,-0.09601504133286232,0.6166491576644352,0.6456359785894696,0.4681510123544685
long_max_Tlast,B,0.9599310885968813,0.3055555555555556,3097,-147.51020309201647,0.23600947037451458,0.6360189333747719,0.6504742554284902,0.0
long_max_Tlast,B,0.9599310885968813,0.3055555555555556,3098,-147.75518960240024,-0.04205778021820897,0.6166562899198763,0.6456425836825264,0.46815326368788607
long_max_Tlast,B,0.9599310885968813,0.3055555555555556,3099,-147.43249491803965,0.3923454770427981,0.6360187948067475,0.6504742506295502,0.0
long_max_Tlast,B,0.9599310885968813,0.3055555555555556,3100,-147.82246638943275,-0.02867383086477615,0.6166600926608666,0.6456457828585558,0.4681556213007166
long_max_Tlast,B,0.9599310885968813,0.3055555555555556,3101,-147.57604395723038,0.34893271221273503,0.6360249519517088,0.650479113183833,0.0
long_max_Tlast,B,0.9599310885968813,0.3055555555555556,3102,-147.98557170281885,-0.060762852898484154,0.6166589521821721,0.6456450041056669,0.468154118032723
long_max_Tlast,B,0.9599310885968813,0.3055555555555556,3103,-147.92324192291784,0.12168146316349593,0.6360316780051606,0.6504840786003055,0.0
long_max_Tlast,B,0.9599310885968813,0.3055555555555556,3104,-148.21974183087627,-0.12657679504410185,0.6166627909285004,0.6456484517267499,0.4681558023510975
long_max_Tlast,B,0.9599310885968813,0.3055555555555556,3105,-148.38183629578896,-0.20614220392906396,0.6360320823107599,0.6504843370454368,0.0
long_max_Tlast,B,0.9599310885968813,0.3055555555555556,3106,-148.4741562083708,-0.20199149817885054,0.6166721802998825,0.6456557669467267,0.4681641824092768
long_max_Tlast,B,0.9599310885968813,0.3055555555555556,3107,-148.81876555787858,-0.5144248015753825,0.6360333845491224,0.6504852864996126,0.0
long_max_Tlast,B,0.9599310885968813,0.3055555555555556,3108,-148.69058413958686,-0.2593762075296476,0.6166757399582196,0.6456585514886635,0.4681672237359825
long_max_Tlast,B,0.9599310885968813,0.3055555555555556,3109,-149.108905808938,-0.690197610646629,0.636041356197129,0.6504910593994523,0.0
long_max_Tlast,B,0.9599310885968813,0.3055555555555556,3110,-148.8246902064213,-0.27770881343827425,0.616675699840635,0.6456583562554927,0.46816780333600366
long_max_Tlast,B,0.9599310885968813,0.3055555555555556,3111,-149.18095408917853,-0.6690530835370129,0.6360475357042473,0.6504956981887449,0.0
long_max_Tlast,B,0.9599310885968813,0.3055555555555556,3112,-148.86228270463488,-0.25025892575491093,0.6166819432533471,0.6456631642298829,0.4681736626909473
long_max_Tlast,B,0.9599310885968813,0.3055555555555556,3113,-149.0434770747439,-0.4587383857231686,0.6360477175333101,0.6504958315558723,0.0
long_max_Tlast,B,0.9599310885968813,0.3055555555555556,3114,-148.8246175118285,-0.18709291763647165,0.6166900831545588,0.6456703341048341,0.4681776736019979
long_max_Tlast,B,0.9599310885968813,0.3055555555555556,3115,-148.7817836589591,-0.1363074121795127,0.636050200490737,0.6504976779788407,0.0
long_max_Tlast,B,0.9599310885968813,0.3055555555555556,3116,-148.760481776774,-0.11135830696977114,0.6166923325180959,0.6456724492196269,0.46817817693354435
long_max_Tlast,B,0.9599310885968813,0.3055555555555556,3117,-148.5267844725147,0.18009172028067988,0.6360580729920638,0.6505038597407847,0.0
long_max_Tlast,B,0.9599310885968813,0.3055555555555556,3118,-148.7282975014371,-0.0507928913069374,0.6166925773937085,0.6456727363087867,0.46817803249897555
long_max_Tlast,B,0.9599310885968813,0.3055555555555556,3119,-148.40691729245094,0.3745235383135708,0.6360634390457743,0.6505079727954093,0.0
long_max_Tlast,B,0.9599310885968813,0.3055555555555556,3120,-148.77487227657454,-0.027599700787967474,0.6166984771402093,0.6456782731659533,0.4681796937306778
long_max_Tlast,B,0.9599310885968813,0.3055555555555556,3121,-148.50104478076724,0.37574602985264216,0.6360635320274076,0.650508023703918,0.0
long_max_Tlast,B,0.9599310885968813,0.3055555555555556,3122,-148.91814799009163,-0.050277206315606005,0.6167069745947331,0.6456853065294332,0.46818565199546935
long_max_Tlast,B,0.9599310885968813,0.3055555555555556,3123,-148.8096690518422,0.18330045655386518,0.6360668601996886,0.6505106641553438,0.0
long_max_Tlast,B,0.9599310885968813,0.3055555555555556,3124,-149.14057987807064,-0.11050843819971393,0.6167092565336427,0.6456869258321657,0.4681882614248879
long_max_Tlast,B,0.9599310885968813,0.3055555555555556,3125,-149.25470583134117,-0.13229664109926254,0.6360757277982863,0.6505171931854589,0.0
long_max_Tlast,B,0.9599310885968813,0.3055555555555556,3126,-149.39564639169726,-0.18623321344575525,0.6167102502362244,0.6456877940288224,0.46818882803883927
long_max_Tlast,B,0.9599310885968813,0.3055555555555556,3127,-149.7080694263623,-0.45540120831242775,0.6360805818936108,0.6505206907750335,0.0
long_max_Tlast,B,0.9599310885968813,0.3055555555555556,3128,-149.62486078529676,-0.24969768597561343,0.6167187405182797,0.6456943547860605,0.46819670751208725
long_max_Tlast,B,0.9599310885968813,0.3055555555555556,3129,-150.03861262177736,-0.6676264668675395,0.6360805699303549,0.6505206871322008,0.0
long_max_Tlast,B,0.9599310885968813,0.3055555555555556,3130,-149.779237340163,-0.27764545365879467,0.6167267456431196,0.6457008594883452,0.4682027951810893
long_max_Tlast,B,0.9599310885968813,0.3055555555555556,3131,-150.16016826230705,-0.691200079055796,0.6360852981378466,0.6505241228826557,0.0
long_max_Tlast,B,0.9599310885968813,0.3055555555555556,3132,-149.83720340397974,-0.2598448638611228,0.6167274635506516,0.6457016931854581,0.46820232529192185
long_max_Tlast,B,0.9599310885968813,0.3055555555555556,3133,-150.06320287841658,-0.5174789949721333,0.636093707470943,0.6505305423861469,0.0
long_max_Tlast,B,0.9599310885968813,0.3055555555555556,3134,-149.8124450401051,-0.20280567490011175,0.6167293377767894,0.6457031615672575,0.4682040431787266
long_max_Tlast,B,0.9599310885968813,0.3055555555555556,3135,-149.81825197687235,-0.21012047453543958,0.636096947161,0.6505331517179004,0.0
long_max_Tlast,B,0.9599310885968813,0.3055555555555556,3136,-149.74903986169284,-0.1274310603055152,0.6167368041161143,0.6457099030048685,0.46820717885247665
long_max_Tlast,B,0.9599310885968813,0.3055555555555556,3137,-149.55000049707712,0.1182589686674933,0.636096911037691,0.6505331357530001,0.0
long_max_Tlast,B,0.9599310885968813,0.3055555555555556,3138,-149.70525019356597,-0.06134915425031906,0.6167428620808432,0.6457154096027788,0.4682094907414548
long_max_Tlast,B,0.9599310885968813,0.3055555555555556,3139,-149.3917317098456,0.3473291478570911,0.6361018625815311,0.6505370733815448,0.0
long_max_Tlast,B,0.9599310885968813,0.3055555555555556,3140,-149.73205454529932,-0.028761561736352692,0.616743383375825,0.645715688988165,0.4682104544701965
long_max_Tlast,B,0.9599310885968813,0.3055555555555556,3141,-149.43646689245,0.3931476774399918,0.6361098561186842,0.6505431577085075,0.0
long_max_Tlast,B,0.9599310885968813,0.3055555555555556,3142,-149.85460912660824,-0.04161504280476949,0.6167453835187396,0.6457176009040724,0.4682109646990355
long_max_Tlast,B,0.9599310885968813,0.3055555555555556,3143,-149.7027795325622,0.23892832073813813,0.6361124702585779,0.6505449549221605,0.0
long_max_Tlast,B,0.9599310885968813,0.3055555555555556,3144,-150.06302223456845,-0.09520467796254875,0.6167540575681592,0.6457246536258613,0.4682176455681599
long_max_Tlast,B,0.9599310885968813,0.3055555555555556,3145,-150.12805923801676,-0.05882786719229782,0.6361124544452595,0.6505449635298982,0.0
long_max_Tlast,B,0.9599310885968813,0.3055555555555556,3146,-150.31590475852178,-0.16988506844147888,0.6167603329476967,0.645729337690836,0.4682240482631061
long_max_Tlast,B,0.9599310885968813,0.3055555555555556,3147,-150.59146063220018,-0.39101666748771546,0.6361184846981981,0.6505493970191096,0.0
long_max_Tlast,B,0.9599310885968813,0.3055555555555556,3148,-150.55557983287605,-0.23830014083171644,0.6167598061968882,0.6457289489825653,0.4682235180123698
long_max_Tlast,B,0.9599310885968813,0.3055555555555556,3149,-150.95817637315807,-0.635908082898698,0.6361259963364256,0.6505549180840643,0.0
long_max_Tlast,B,0.9599310885968813,0.3055555555555556,3150,-150.72918302298865,-0.27537733976879286,0.6167630329763261,0.6457314429367907,0.4682266010244948
long_max_Tlast,B,0.9599310885968813,0.3055555555555556,3151,-151.12883061011632,-0.7037711110306117,0.6361268648979227,0.6505556961628407,0.0
long_max_Tlast,B,0.9599310885968813,0.3055555555555556,3152,-150.8080921845069,-0.26752425036803795,0.6167711740375584,0.6457382582255499,0.468232104343249
long_max_Tlast,B,0.9599310885968813,0.3055555555555556,3153,-151.07583332211104,-0.5697338134036151,0.6361269170770942,0.6505557639291762,0.0
long_max_Tlast,B,0.9599310885968813,0.3055555555555556,3154,-150.7984234544806,-0.21763052534872762,0.616774217822532,0.6457413912141496,0.46823182866053786
long_max_Tlast,B,0.9599310885968813,0.3055555555555556,3155,-150.8535835214042,-0.2829052902740937,0.6361328344435154,0.6505603551516387,0.0
long_max_Tlast,B,0.9599310885968813,0.3055555555555556,3156,-150.73865746875396,-0.14396994052458706,0.6167729857994055,0.6457404416677603,0.4682307404172013
long_max_Tlast,B,0.9599310885968813,0.3055555555555556,3157,-150.57855501989275,0.05160748216848032,0.636138592459909,0.6505649254446904,0.0
long_max_Tlast,B,0.9599310885968813,0.3055555555555556,3158,-150.68565690095247,-0.07352993784173523,0.6167759354052773,0.6457431873615677,0.4682317667286884
long_max_Tlast,B,0.9599310885968813,0.3055555555555556,3159,-150.38648367617748,0.31123304433686805,0.6361384897094763,0.6505647993503259,0.0
long_max_Tlast,B,0.9599310885968813,0.3055555555555556,3160,-150.6938856537649,-0.032134458058033,0.6167830001923579,0.6457494253281572,0.4682352765412383
long_max_Tlast,B,0.9599310885968813,0.3055555555555556,3161,-150.38270843535813,0.40083420149142424,0.6361386321171923,0.6505649489960507,0.0
long_max_Tlast,B,0.9599310885968813,0.3055555555555556,3162,-150.7952986334031,-0.03494316121500113,0.6167859690386563,0.645751441244719,0.4682390956804329
long_max_Tlast,B,0.9599310885968813,0.3055555555555556,3163,-150.6036330175508,0.28757054642152147,0.6361447463244218,0.6505695788343342,0.0
long_max_Tlast,B,0.9599310885968813,0.3055555555555556,3164,-150.9876957535064,-0.08092754347644668,0.6167845027455292,0.6457500774275683,0.4682387383145976
long_max_Tlast,B,0.9599310885968813,0.3055555555555556,3165,-151.00329617083105,0.012949975837626304,0.6361498775267811,0.6505732085054664,0.0
long_max_Tlast,B,0.9599310885968813,0.3055555555555556,3166,-151.2355759430735,-0.15324533813715374,0.6167883634142872,0.6457531870793657,0.4682419347795551
long_max_Tlast,B,0.9599310885968813,0.3055555555555556,3167,-151.4702285170505,-0.3224022250640948,0.6361485131719931,0.6505721672534587,0.0
long_max_Tlast,B,0.9599310885968813,0.3055555555555556,3168,-151.4830962177461,-0.22538809981113256,0.6167956881855243,0.6457588436671592,0.4682487367137005
long_max_Tlast,B,0.9599310885968813,0.3055555555555556,3169,-151.86830412549358,-0.5956061844469078,0.6361488064813392,0.6505724226969456,0.0
long_max_Tlast,B,0.9599310885968813,0.3055555555555556,3170,-151.67456537178376,-0.2709274974719946,0.6167958414007199,0.6457592342322894,0.4682478154022794
long_max_Tlast,B,0.9599310885968813,0.3055555555555556,3171,-152.0866369090316,-0.7065431269605524,0.6361547398542392,0.6505768631776884,0.0
long_max_Tlast,B,0.9599310885968813,0.3055555555555556,3172,-151.77478603704463,-0.2731778443624551,0.6167933833410721,0.6457574117283922,0.46824535480745755
long_max_Tlast,B,0.9599310885968813,0.3055555555555556,3173,-152.08024664940694,-0.6145650070326463,0.6361575063119981,0.6505791664317138,0.0
long_max_Tlast,B,0.9599310885968813,0.3055555555555556,3174,-151.78199147362943,-0.23130411648977817,0.6167970510064198,0.645760589268825,0.4682475280573115
long_max_Tlast,B,0.9599310885968813,0.3055555555555556,3175,-151.88644054877213,-0.353375450401662,0.6361548416628435,0.6505772690857674,0.0
long_max_Tlast,B,0.9599310885968813,0.3055555555555556,3176,-151.72858485472764,-0.16066207983992972,0.6168015069933068,0.6457649318407963,0.468248143744315
long_max_Tlast,B,0.9599310885968813,0.3055555555555556,3177,-151.6111826843735,-0.018677629093881876,0.6361552414967553,0.6505776256578581,0.0
long_max_Tlast,B,0.9599310885968813,0.3055555555555556,3178,-151.6691151635049,-0.08713534253510577,0.6168003344667756,0.64576395537802,0.4682473572719089
long_max_Tlast,B,0.9599310885968813,0.3055555555555556,3179,-151.39036747887346,0.2668779834648621,0.6361603016828552,0.6505816051382579,0.0
long_max_Tlast,B,0.9599310885968813,0.3055555555555556,3180,-151.66030946287245,-0.037657234463106204,0.6167981882884925,0.645761980916396,0.4682467531960033
long_max_Tlast,B,0.9599310885968813,0.3055555555555556,3181,-151.33990523935302,0.3986560845797409,0.636161922662055,0.6505826911326877,0.0
long_max_Tlast,B,0.9599310885968813,0.3055555555555556,3182,-151.7404164780619,-0.030370330848897953,0.6168018286659726,0.6457651373839424,0.46824889485966853
long_max_Tlast,B,0.9599310885968813,0.3055555555555556,3183,-151.51323944304477,0.3283700774612722,0.6361587008674677,0.6505801426044342,0.0
long_max_Tlast,B,0.9599310885968813,0.3055555555555556,3184,-151.915082698778,-0.06794072938776335,0.6168065363907129,0.6457685296942114,0.46825421164720626
long_max_Tlast,B,0.9599310885968813,0.3055555555555556,3185,-151.8818500256571,0.0817673152243929,0.6361592557303481,0.6505806029538468,0.0
long_max_Tlast,B,0.9599310885968813,0.3055555555555556,3186,-152.1552751688151,-0.13659800405338263,0.6168041303029871,0.6457662607290815,0.46825363237890333
long_max_Tlast,B,0.9599310885968813,0.3055555555555556,3187,-152.34566230907083,-0.25078369892845925,0.6361640445122495,0.6505840604764198,0.0
long_max_Tlast,B,0.9599310885968813,0.3055555555555556,3188,-152.40796612727678,-0.21119319531935354,0.6168012491434465,0.6457640534577472,0.4682510427810953
long_max_Tlast,B,0.9599310885968813,0.3055555555555556,3189,-152.76971787051428,-0.5474245862484046,0.6361636041802584,0.650583761815095,0.0
long_max_Tlast,B,0.9599310885968813,0.3055555555555556,3190,-152.61553479658292,-0.2643838646118769,0.6168050593195241,0.6457671002473451,0.4682542674236562
long_max_Tlast,B,0.9599310885968813,0.3055555555555556,3191,-153.0336083016157,-0.6994624903741474,0.6361591286299243,0.6505805723443422,0.0
long_max_Tlast,B,0.9599310885968813,0.3055555555555556,3192,-152.73694067885012,-0.2766830842589787,0.6168066601050544,0.6457688534779171,0.46825372909391627
long_max_Tlast,B,0.9599310885968813,0.3055555555555556,3193,-153.0755924469941,-0.6511800038032091,0.6361597844528445,0.6505811117693091,0.0
long_max_Tlast,B,0.9599310885968813,0.3055555555555556,3194,-152.76269031468718,-0.24359112396135155,0.6168017236913189,0.6457651805448926,0.468248669104255
long_max_Tlast,B,0.9599310885968813,0.3055555555555556,3195,-152.91530882723842,-0.42027180014180243,0.636162970911584,0.6505837102178819,0.0
long_max_Tlast,B,0.9599310885968813,0.3055555555555556,3196,-152.71828057252264,-0.1772216724101973,0.6167992026250149,0.6457630134929416,0.46824735846927795
long_max_Tlast,B,0.9599310885968813,0.3055555555555556,3197,-152.64649579237752,-0.09135452037953928,0.6361607125002039,0.6505820848498401,0.0
long_max_Tlast,B,0.9599310885968813,0.3055555555555556,3198,-152.6550050069578,-0.1019025762921218,0.616801956538835,0.6457656196392474,0.46824812859946185
long_max_Tlast,B,0.9599310885968813,0.3055555555555556,3199,-152.4025934598024,0.215050410094473,0.6361561923339429,0.6505785684533774,0.0
long_max_Tlast,B,0.9599310885968813,0.3055555555555556,3200,-152.63106902891684,-0.045238291436351524,0.6168026529202535,0.6457660379423542,0.4682492355101009
long_max_Tlast,B,0.9599310885968813,0.3055555555555556,3201,-152.307976015815,0.3866610321654806,0.636156894797269,0.6505791536570138,0.0
long_max_Tlast,B,0.9599310885968813,0.3055555555555556,3202,-152.69018405744407,-0.027980854012809753,0.6167979767087153,0.6457615806916636,0.46824829172092275
long_max_Tlast,B,0.9599310885968813,0.3055555555555556,3203,-152.4323300085606,0.36059413975235993,0.6361594320433079,0.6505809321732697,0.0
long_max_Tlast,B,0.9599310885968813,0.3055555555555556,3204,-152.8456800850455,-0.05646263105067667,0.6167953983796118,0.6457594691746569,0.4682465358263102
long_max_Tlast,B,0.9599310885968813,0.3055555555555556,3205,-152.76505598977684,0.14640761884388287,0.6361559584399977,0.6505781403429185,0.0
long_max_Tlast,B,0.9599310885968813,0.3055555555555556,3206,-153.07558259365612,-0.12024730233621761,0.6167984440119614,0.6457617513448255,0.46824969478925327
long_max_Tlast,B,0.9599310885968813,0.3055555555555556,3207,-153.21921343270324,-0.17741972128199762,0.6361507538464523,0.6505743417265931,0.0
long_max_Tlast,B,0.9599310885968813,0.3055555555555556,3208,-153.33063377353224,-0.19595593402516306,0.616797281384952,0.645760658097189,0.4682493725248752
long_max_Tlast,B,0.9599310885968813,0.3055555555555556,3209,-153.66336655406982,-0.4922243930260016,0.6361515318402757,0.6505749455849937,0.0
long_max_Tlast,B,0.9599310885968813,0.3055555555555556,3210,-153.55236951012796,-0.25585657436620346,0.6167900346794987,0.6457551232165094,0.46824250645393
long_max_Tlast,B,0.9599310885968813,0.3055555555555556,3211,-153.9697663186403,-0.6826486243897923,0.6361523929789499,0.6505756720327932,0.0
long_max_Tlast,B,0.9599310885968813,0.3055555555555556,3212,-153.69449519886638,-0.27799349100386667,0.6167875694080519,0.645753169479411,0.468240571470908
long_max_Tlast,B,0.9599310885968813,0.3055555555555556,3213,-154.06114368752128,-0.6789234924379878,0.6361468146722544,0.6505716910706425,0.0
long_max_Tlast,B,0.9599310885968813,0.3055555555555556,3214,-153.73993455539124,-0.25425412498447486,0.6167890858472461,0.6457547159043497,0.46824055793079594
long_max_Tlast,B,0.9599310885968813,0.3055555555555556,3215,-153.93896354174035,-0.4824126472316688,0.6361417471967022,0.6505678778354872,0.0
long_max_Tlast,B,0.9599310885968813,0.3055555555555556,3216,-153.7070652125049,-0.19334918504462492,0.6167854784289896,0.6457520517921981,0.4682367284583628
long_max_Tlast,B,0.9599310885968813,0.3055555555555556,3217,-153.6829918351283,-0.1651252668804319,0.6361423997655026,0.6505684303504825,0.0
long_max_Tlast,B,0.9599310885968813,0.3055555555555556,3218,-153.6428687017244,-0.1175853592147185,0.6167789425147981,0.6457462012410292,0.46823391767241085
long_max_Tlast,B,0.9599310885968813,0.3055555555555556,3219,-153.4220546685568,0.1566686111080814,0.6361419957311658,0.6505681286098376,0.0
long_max_Tlast,B,0.9599310885968813,0.3055555555555556,3220,-153.60584953672145,-0.05472612866428048,0.6167770790671141,0.6457445463488308,0.4682331825821284
long_max_Tlast,B,0.9599310885968813,0.3055555555555556,3221,-153.28672187247093,0.365059651042443,0.6361359882078083,0.6505633641915608,0.0
long_max_Tlast,B,0.9599310885968813,0.3055555555555556,3222,-153.64460520240738,-0.02781472802978796,0.61677840902866,0.6457455050458023,0.4682347003056094
long_max_Tlast,B,0.9599310885968813,0.3055555555555556,3223,-153.36155404390328,0.3836858374633915,0.6361311159720712,0.6505596845350897,0.0
long_max_Tlast,B,0.9599310885968813,0.3055555555555556,3224,-153.7798981637028,-0.04670148071630453,0.6167745784542359,0.6457417391784342,0.46823429576250825
long_max_Tlast,B,0.9599310885968813,0.3055555555555556,3225,-153.65413937500423,0.2057215465455131,0.6361317584837407,0.6505601640110711,0.0
long_max_Tlast,B,0.9599310885968813,0.3055555555555556,3226,-153.9971291504788,-0.10446984230761147,0.6167668881366923,0.645735482746481,0.4682285195366734
long_max_Tlast,B,0.9599310885968813,0.3055555555555556,3227,-154.09224871687172,-0.10361272624951118,0.636130148251963,0.6505588422852071,0.0
long_max_Tlast,B,0.9599310885968813,0.3055555555555556,3228,-154.25169088208617,-0.17995550643641345,0.6167649711021153,0.6457340624484803,0.4682266269780224
long_max_Tlast,B,0.9599310885968813,0.3055555555555556,3229,-154.55033236205037,-0.4309721072440632,0.636122548466364,0.6505532996061211,0.0
long_max_Tlast,B,0.9599310885968813,0.3055555555555556,3230,-154.48529031325413,-0.2454902952725575,0.6167651063179773,0.6457342035131006,0.46822660447967807
long_max_Tlast,B,0.9599310885968813,0.3055555555555556,3231,-154.89550707712203,-0.6564048748811807,0.6361178366326588,0.6505498770500938,0.0
long_max_Tlast,B,0.9599310885968813,0.3055555555555556,3232,-154.6473425287504,-0.27707036189722467,0.6167581899335266,0.6457289927152131,0.46821967362638106
long_max_Tlast,B,0.9599310885968813,0.3055555555555556,3233,-155.03627870324448,-0.6973028323187453,0.6361182193518023,0.6505502028714923,0.0
long_max_Tlast,B,0.9599310885968813,0.3055555555555556,3234,-154.71342535897244,-0.2631216263095273,0.6167506678386752,0.6457227817713296,0.46821438596673554
long_max_Tlast,B,0.9599310885968813,0.3055555555555556,3235,-154.95609087557602,-0.5386891267953142,0.6361148726720964,0.6505478179743431,0.0
long_max_Tlast,B,0.9599310885968813,0.3055555555555556,3236,-154.69429371598133,-0.208748797962336,0.6167496046141594,0.6457217728791352,0.4682142403012536
long_max_Tlast,B,0.9599310885968813,0.3055555555555556,3237,-154.71928967539986,-0.23868610931098316,0.6361072092344815,0.650541933730045,0.0
long_max_Tlast,B,0.9599310885968813,0.3055555555555556,3238,-154.63199857251385,-0.13388900637472623,0.616748653897051,0.6457210848634203,0.4682131509060342
long_max_Tlast,B,0.9599310885968813,0.3055555555555556,3239,-154.44760810989436,0.09277814142756285,0.6361034515918786,0.650539000295418,0.0
long_max_Tlast,B,0.9599310885968813,0.3055555555555556,3240,-154.58433134457042,-0.06596674011203243,0.6167423248244726,0.6457152348177297,0.46821103694374044
long_max_Tlast,B,0.9599310885968813,0.3055555555555556,3241,-154.27562463797355,0.33424098252078493,0.6361036509291754,0.6505391469626943,0.0
long_max_Tlast,B,0.9599310885968813,0.3055555555555556,3242,-154.60371024929702,-0.029865093014796673,0.6167357245322929,0.645709418635082,0.4682078431493773
long_max_Tlast,B,0.9599310885968813,0.3055555555555556,3243,-154.30133670629925,0.3972312141340568,0.6360996937035298,0.6505359465557757,0.0
long_max_Tlast,B,0.9599310885968813,0.3055555555555556,3244,-154.7180549330485,-0.03882355177468069,0.6167347197428696,0.6457086994697846,0.46820675759846325
long_max_Tlast,B,0.9599310885968813,0.3055555555555556,3245,-154.55028126749815,0.25867100113182817,0.6360916648668118,0.6505298919451087,0.0
long_max_Tlast,B,0.9599310885968813,0.3055555555555556,3246,-154.9204493172406,-0.08955156554247426,0.61673336186746,0.6457072982416152,0.4682068228053565
long_max_Tlast,B,0.9599310885968813,0.3055555555555556,3247,-154.96623175059335,-0.03067018200468724,0.6360881991713334,0.6505274394130225,0.0
long_max_Tlast,B,0.9599310885968813,0.3055555555555556,3248,-155.17170777473018,-0.16346116811198896,0.6167249517645514,0.6457005745588812,0.4681999150669325
long_max_Tlast,B,0.9599310885968813,0.3055555555555556,3249,-155.43175835535797,-0.36476230553145855,0.636088110859285,0.6505273582884447,0.0
long_max_Tlast,B,0.9599310885968813,0.3055555555555556,3250,-155.41474778030795,-0.23347649663128878,0.6167178838300693,0.6456951251600981,0.46819342936491315
long_max_Tlast,B,0.9599310885968813,0.3055555555555556,3251,-155.81127867780762,-0.6211885786920516,0.6360825243356849,0.6505232963419726,0.0
long_max_Tlast,B,0.9599310885968813,0.3055555555555556,3252,-155.5954841834585,-0.27393303738625535,0.6167175224300702,0.6456947851985289,0.4681933749133653
long_max_Tlast,B,0.9599310885968813,0.3055555555555556,3253,-156.00070466664965,-0.7059953256073018,0.6360744934825387,0.6505173462666056,0.0
long_max_Tlast,B,0.9599310885968813,0.3055555555555556,3254,-155.68271091431222,-0.2700144447849173,0.6167144070554326,0.6456924714491441,0.4681900598146481
long_max_Tlast,B,0.9599310885968813,0.3055555555555556,3255,-155.96559075930338,-0.5881050402599448,0.6360722773838586,0.6505155859565684,0.0
long_max_Tlast,B,0.9599310885968813,0.3055555555555556,3256,-155.6794457304305,-0.22315977337290982,0.6167062143535135,0.6456855042275979,0.46818496411640287
long_max_Tlast,B,0.9599310885968813,0.3055555555555556,3257,-155.753828826507,-0.31072267256984915,0.6360717958589722,0.6505152367289098,0.0
long_max_Tlast,B,0.9599310885968813,0.3055555555555556,3258,-155.62182621236047,-0.15052662578419196,0.61670153209089,0.6456810828791855,0.4681838679110565
long_max_Tlast,B,0.9599310885968813,0.3055555555555556,3259,-155.47800140945378,0.024509834849516743,0.6360659484270373,0.6505106619685301,0.0
long_max_Tlast,B,0.9599310885968813,0.3055555555555556,3260,-155.5659919672963,-0.07874026420114183,0.6167015034943899,0.6456810493829707,0.4681838946334923
long_max_Tlast,B,0.9599310885968813,0.3055555555555556,3261,-155.27412110071825,0.29476089996289645,0.6360589244418791,0.6505051818983837,0.0
long_max_Tlast,B,0.9599310885968813,0.3055555555555556,3262,-155.56739720454755,-0.03410467260120173,0.6166985523008939,0.6456782127038918,0.46818324790417354
long_max_Tlast,B,0.9599310885968813,0.3055555555555556,3263,-155.25189946065473,0.4010014014331563,0.636057333548492,0.65050406047229,0.0
long_max_Tlast,B,0.9599310885968813,0.3055555555555556,3264,-155.66046988224986,-0.03296545249702368,0.6166904852628127,0.6456712398293971,0.4681786726233146
long_max_Tlast,B,0.9599310885968813,0.3055555555555556,3265,-155.45447358668866,0.3043088629666089,0.6360566204681306,0.6505034557322156,0.0
long_max_Tlast,B,0.9599310885968813,0.3055555555555556,3266,-155.84610551846595,-0.07574938562092828,0.6166855165118742,0.6456675441237604,0.46817358627119104
long_max_Tlast,B,0.9599310885968813,0.3055555555555556,3267,-155.84257840680257,0.04011993701664163,0.6360499508470712,0.6504984452110908,0.0
long_max_Tlast,B,0.9599310885968813,0.3055555555555556,3268,-156.09127224709437,-0.14677520477073938,0.616685716915385,0.6456677663461629,0.46817348124032737
long_max_Tlast,B,0.9599310885968813,0.3055555555555556,3269,-156.30898735973236,-0.29476642409920095,0.6360430952851203,0.6504935027909164,0.0
long_max_Tlast,B,0.9599310885968813,0.3055555555555556,3270,-156.3411180844955,-0.22001437735423138,0.6166811844419541,0.6456641993463678,0.46816944486261924
long_max_Tlast,B,0.9599310885968813,0.3055555555555556,3271,-156.71777619839963,-0.5776369620919192,0.6360425550308426,0.6504930976717581,0.0
long_max_Tlast,B,0.9599310885968813,0.3055555555555556,3272,-156.53908310557145,-0.2686393621909364,0.616672522564884,0.6456573530461461,0.46816203002044054
long_max_Tlast,B,0.9599310885968813,0.3055555555555556,3273,-156.9541581019471,-0.7048431993021408,0.6360413308324137,0.6504921928626471,0.0
long_max_Tlast,B,0.9599310885968813,0.3055555555555556,3274,-156.64758269189318,-0.2748238712923043,0.6166700100406775,0.6456549534039653,0.468161555301711
long_max_Tlast,B,0.9599310885968813,0.3055555555555556,3275,-156.966511601425,-0.629783392663126,0.636034471510484,0.6504870222454648,0.0
long_max_Tlast,B,0.9599310885968813,0.3055555555555556,3276,-156.6618694746414,-0.23630499602980032,0.6166707056725589,0.645655432086192,0.46816237857042525
long_max_Tlast,B,0.9599310885968813,0.3055555555555556,3277,-156.78525798105989,-0.3799585608524537,0.6360294783400258,0.6504830439847961,0.0
long_max_Tlast,B,0.9599310885968813,0.3055555555555556,3278,-156.61171581211227,-0.16720528520132735,0.6166662765362468,0.6456515373822633,0.46816001912096394
long_max_Tlast,B,0.9599310885968813,0.3055555555555556,3279,-156.51181611561645,-0.04691200163298609,0.6360299269129005,0.6504833326262701,0.0
long_max_Tlast,B,0.9599310885968813,0.3055555555555556,3280,-156.55043030814636,-0.0928316654938239,0.6166598108050665,0.6456455332157017,0.4681579797117299
long_max_Tlast,B,0.9599310885968813,0.3055555555555556,3281,-156.28138989017594,0.24731964140654017,0.6360285267325405,0.6504821933258157,0.0
long_max_Tlast,B,0.9599310885968813,0.3055555555555556,3282,-156.53546537319568,-0.0404410870559119,0.6166581292136483,0.6456442214645989,0.4681565062162793
long_max_Tlast,B,0.9599310885968813,0.3055555555555556,3283,-156.21335473304111,0.39493260303127786,0.6360220199949789,0.6504771323289068,0.0
long_max_Tlast,B,0.9599310885968813,0.3055555555555556,3284,-156.60731938492188,-0.02923561395861246,0.6166587496976138,0.6456448150953922,0.46815654613482455
long_max_Tlast,B,0.9599310885968813,0.3055555555555556,3285,-156.36762010929652,0.3418371367129117,0.6360177585776581,0.650474082351387,0.0
long_max_Tlast,B,0.9599310885968813,0.3055555555555556,3286,-156.77461503161,-0.06331012095001584,0.616653819795641,0.6456406252073027,0.46815336330481994
long_max_Tlast,B,0.9599310885968813,0.3055555555555556,3287,-156.7226603901367,0.1074906239361304,0.6360188208350289,0.6504749703440994,0.0
long_max_Tlast,B,0.9599310885968813,0.3055555555555556,3288,-157.0110338684504,-0.13018566549416327,0.6166466494785272,0.6456351933299377,0.4681463075542348
long_max_Tlast,B,0.9599310885968813,0.3055555555555556,3289,-157.18335613919862,-0.22223124829659074,0.6360170007105836,0.6504735848092249,0.0
long_max_Tlast,B,0.9599310885968813,0.3055555555555556,3290,-157.2649326552781,-0.20535704754426137,0.6166463531198911,0.6456350833269004,0.4681455785222374
long_max_Tlast,B,0.9599310885968813,0.3055555555555556,3291,-157.6158834502798,-0.5265196288818055,0.6360103936263248,0.6504687502572251,0.0
long_max_Tlast,B,0.9599310885968813,0.3055555555555556,3292,-157.47826155803955,-0.26127397505537103,0.6166473572907032,0.6456358162585263,0.4681465745374749
long_max_Tlast,B,0.9599310885968813,0.3055555555555556,3293,-157.89672450172526,-0.6938784088007965,0.6360080356330343,0.6504669033355193,0.0
long_max_Tlast,B,0.9599310885968813,0.3055555555555556,3294,-157.6078543116527,-0.27745768024113726,0.6166420429323303,0.6456315006915331,0.4681423698372323
long_max_Tlast,B,0.9599310885968813,0.3055555555555556,3295,-157.9579660367092,-0.6629824612992243,0.6360101926999824,0.6504684032133651,0.0
long_max_Tlast,B,0.9599310885968813,0.3055555555555556,3296,-157.64117212872168,-0.24797117481126768,0.616637784062604,0.6456274417950688,0.4681414354855149
long_max_Tlast,B,0.9599310885968813,0.3055555555555556,3297,-157.8121789675911,-0.4451599492792644,0.6360082004689512,0.6504668498449035,0.0
long_max_Tlast,B,0.9599310885968813,0.3055555555555556,3298,-157.60098919635,-0.1836155022923765,0.6166395936689479,0.645628630649829,0.46814391883228584
long_max_Tlast,B,0.9599310885968813,0.3055555555555556,3299,-157.54772780389544,-0.12022132588744094,0.6360029115387621,0.6504626350880447,0.0
long_max_Tlast,B,0.9599310885968813,0.3055555555555556,3300,-157.53705746783731,-0.1079833120145603,0.616640453275039,0.6456293683212648,0.46814429949673786
long_max_Tlast,B,0.9599310885968813,0.3055555555555556,3301,-157.29648463098766,0.19277253291657032,0.6360020943251644,0.6504619899821863,0.0
long_max_Tlast,B,0.9599310885968813,0.3055555555555556,3302,-157.50774612048954,-0.04877736104589181,0.6166360072818415,0.645625297445821,0.4681425661721703
long_max_Tlast,B,0.9599310885968813,0.3055555555555556,3303,-157.18552885411992,0.3791330071433267,0.636004503865153,0.6504638975560362,0.0
long_max_Tlast,B,0.9599310885968813,0.3055555555555556,3304,-157.5587590360502,-0.027690296068650033,0.6166321616719593,0.6456223367580455,0.4681389684045931
long_max_Tlast,B,0.9599310885968813,0.3055555555555556,3305,-157.29047694688,0.3705825706683098,0.6360023917181987,0.6504622356703098,0.0
long_max_Tlast,B,0.9599310885968813,0.3055555555555556,3306,-157.7064216915968,-0.052457187069816696,0.6166341380754884,0.6456244314799596,0.46813853953346296
long_max_Tlast,B,0.9599310885968813,0.3055555555555556,3307,-157.60783738099406,0.1702530621753231,0.6359974312323265,0.6504586482791281,0.0
long_max_Tlast,B,0.9599310885968813,0.3055555555555556,3308,-157.93159716481046,-0.1139934469279105,0.6166350781388463,0.6456251661905144,0.468139241578363
long_max_Tlast,B,0.9599310885968813,0.3055555555555556,3309,-158.05631826654457,-0.14845502115656406,0.6359979758205228,0.6504591868383184,0.0
long_max_Tlast,B,0.9599310885968813,0.3055555555555556,3310,-158.18675282538175,-0.1897548090205744,0.6166299938520907,0.6456212401671736,0.46813443977449753
long_max_Tlast,B,0.9599310885968813,0.3055555555555556,3311,-158.50657147668625,-0.4687558667355056,0.6360011729425412,0.6504614916482282,0.0
long_max_Tlast,B,0.9599310885968813,0.3055555555555556,3312,-158.4133717898821,-0.2519835731294831,0.6166282318137374,0.6456197607256736,0.4681332713559272
long_max_Tlast,B,0.9599310885968813,0.3055555555555556,3313,-158.82860847690804,-0.6732914567333136,0.6359988913762947,0.6504597741145484,0.0
long_max_Tlast,B,0.9599310885968813,0.3055555555555556,3314,-158.5633911146934,-0.27786898848536945,0.6166327186798297,0.6456230509715704,0.4681380611697368
long_max_Tlast,B,0.9599310885968813,0.3055555555555556,3315,-158.9393920709686,-0.6871192122470224,0.6359955875285658,0.6504571504784692,0.0
long_max_Tlast,B,0.9599310885968813,0.3055555555555556,3316,-158.61685660953003,-0.2579356791918393,0.616633580936832,0.6456237205288275,0.468138705095708
long_max_Tlast,B,0.9599310885968813,0.3055555555555556,3317,-158.83329803865357,-0.5051666959121077,0.6359982253356491,0.6504589482093704,0.0
long_max_Tlast,B,0.9599310885968813,0.3055555555555556,3318,-158.58913378135992,-0.19948500728199264,0.6166301768611391,0.6456204832594382,0.4681378473477774
long_max_Tlast,B,0.9599310885968813,0.3055555555555556,3319,-158.5842215309795,-0.19410787024542492,0.636001526179755,0.6504614485840134,0.0
long_max_Tlast,B,0.9599310885968813,0.3055555555555556,3320,-158.5253300152803,-0.12392483184813136,0.6166305727157715,0.6456205461103657,0.4681391619882863
long_max_Tlast,B,0.9599310885968813,0.3055555555555556,3321,-158.31839141043233,0.13208371483227743,0.635999492310082,0.6504598075063736,0.0
long_max_Tlast,B,0.9599310885968813,0.3055555555555556,3322,-158.48385524955313,-0.05895312349745083,0.6166347555238124,0.6456244212490775,0.4681404400845002
long_max_Tlast,B,0.9599310885968813,0.3055555555555556,3323,-158.1681578149651,0.35389085863392655,0.6359972924173053,0.6504581649341503,0.0
long_max_Tlast,B,0.9599310885968813,0.3055555555555556,3324,-158.51488010298058,-0.02837176324639784,0.6166354285796658,0.645624980797046,0.468140763771432
long_max_Tlast,B,0.9599310885968813,0.3055555555555556,3325,-158.22358171423753,0.3900349314049376,0.6360006871168544,0.650460941136475,0.0
long_max_Tlast,B,0.9599310885968813,0.3055555555555556,3326,-158.64198088501192,-0.04338007062960558,0.6166318978772148,0.645622258578956,0.4681374140360906
long_max_Tlast,B,0.9599310885968813,0.3055555555555556,3327,-158.4993411245312,0.22727664791503205,0.6360041698530903,0.650463546903302,0.0
long_max_Tlast,B,0.9599310885968813,0.3055555555555556,3328,-158.853588477034,-0.0984880885055166,0.6166329271000115,0.6456236003779638,0.4681362240838951
long_max_Tlast,B,0.9599310885968813,0.3055555555555556,3329,-158.9293561415803,-0.07474712348833878,0.6360020851306991,0.6504620060109034,0.0
long_max_Tlast,B,0.9599310885968813,0.3055555555555556,3330,-159.10714950969015,-0.17349626219773073,0.616638722755455,0.64562822094159,0.4681409426852313
long_max_Tlast,B,0.9599310885968813,0.3055555555555556,3331,-159.39104387780316,-0.40537730945362793,0.6360012728448958,0.6504614528777233,0.0
long_max_Tlast,B,0.9599310885968813,0.3055555555555556,3332,-159.34473753691253,-0.24092088268054856,0.6166393618160374,0.6456286785018144,0.46814154611063774
long_max_Tlast,B,0.9599310885968813,0.3055555555555556,3333,-159.75021269549,-0.6434602620045682,0.636006591803048,0.6504652689137461,0.0
long_max_Tlast,B,0.9599310885968813,0.3055555555555556,3334,-159.5142708411945,-0.27606215861360295,0.6166373431564701,0.64562686228592,0.46814063511576376
long_max_Tlast,B,0.9599310885968813,0.3055555555555556,3335,-159.91025891451116,-0.701758942728844,0.6360101453335952,0.6504678636767318,0.0
long_max_Tlast,B,0.9599310885968813,0.3055555555555556,3336,-159.5885833321267,-0.26603257302408945,0.6166416165083515,0.6456298657280324,0.46814574702603606
long_max_Tlast,B,0.9599310885968813,0.3055555555555556,3337,-159.84751068522638,-0.5589139959194289,0.6360085559608198,0.6504665774695274,0.0
long_max_Tlast,B,0.9599310885968813,0.3055555555555556,3338,-159.57546439005202,-0.21451314569098023,0.6166474935973396,0.6456347953070507,0.4681495664855725
long_max_Tlast,B,0.9599310885968813,0.3055555555555556,3339,-159.61990226904516,-0.2672580419344922,0.6360095850578976,0.6504672081501297,0.0
long_max_Tlast,B,0.9599310885968813,0.3055555555555556,3340,-159.51470698464738,-0.1403849026170551,0.6166478656166344,0.6456351095281383,0.4681496800641794
long_max_Tlast,B,0.9599310885968813,0.3055555555555556,3341,-159.34584612040763,0.06634026426113038,0.6360153644861019,0.650471693851214,0.0
long_max_Tlast,B,0.9599310885968813,0.3055555555555556,3342,-159.4635006795418,-0.07079716389198404,0.6166468820556312,0.6456342022619124,0.4681493185149359
long_max_Tlast,B,0.9599310885968813,0.3055555555555556,3343,-159.1607567461436,0.3196454827145074,0.6360185007626497,0.650474111673815,0.0
long_max_Tlast,B,0.9599310885968813,0.3055555555555556,3344,-159.47561838649912,-0.03125639139091041,0.6166509436897523,0.6456381734854831,0.4681498061193712
long_max_Tlast,B,0.9599310885968813,0.3055555555555556,3345,-159.16739378208385,0.399846738911084,0.636017157912647,0.6504731064689121,0.0
long_max_Tlast,B,0.9599310885968813,0.3055555555555556,3346,-159.58162511639938,-0.036252269889841704,0.6166567481441041,0.6456431994303405,0.4681529553715456
long_max_Tlast,B,0.9599310885968813,0.3055555555555556,3347,-159.39831653067438,0.2775492573848003,0.6360190877664653,0.650474761048105,0.0
long_max_Tlast,B,0.9599310885968813,0.3055555555555556,3348,-159.77762750582252,-0.08394578428130414,0.6166570593029114,0.6456434077736153,0.46815327049976524
long_max_Tlast,B,0.9599310885968813,0.3055555555555556,3349,-159.80391221808276,-0.002435162883628772,0.6360258587869325,0.6504798242531541,0.0
long_max_Tlast,B,0.9599310885968813,0.3055555555555556,3350,-160.02678996959224,-0.1568697013474662,0.6166567663912378,0.6456434024630641,0.4681521286159428
long_max_Tlast,B,0.9599310885968813,0.3055555555555556,3351,-160.2705407537394,-0.3375131297109916,0.6360289605775552,0.6504820408468869,0.0
long_max_Tlast,B,0.9599310885968813,0.3055555555555556,3352,-160.27279579928725,-0.22829895840864048,0.6166635617360666,0.6456486850864858,0.46815827297227797
long_max_Tlast,B,0.9599310885968813,0.3055555555555556,3353,-160.66219771325314,-0.604913137503283,0.6360281490752567,0.6504814174353943,0.0
long_max_Tlast,B,0.9599310885968813,0.3055555555555556,3354,-160.46049627617236,-0.27205743757276546,0.6166700176065715,0.6456537433296714,0.4681638708434326
long_max_Tlast,B,0.9599310885968813,0.3055555555555556,3355,-160.870333500379,-0.70664979751132,0.6360321074306318,0.6504842109342901,0.0
long_max_Tlast,B,0.9599310885968813,0.3055555555555556,3356,-160.55610505563467,-0.27211978496915096,0.6166701527150844,0.6456538446025347,0.468163925784762
long_max_Tlast,B,0.9599310885968813,0.3055555555555556,3357,-160.8536829774715,-0.6054400188342176,0.6360393058496733,0.6504895767785233,0.0
long_max_Tlast,B,0.9599310885968813,0.3055555555555556,3358,-160.55952505564662,-0.22845243237405846,0.6166719525238739,0.645654995624753,0.4681665335482155
long_max_Tlast,B,0.9599310885968813,0.3055555555555556,3359,-160.6533456672937,-0.3383706796652604,0.6360416722098675,0.650491420021826,0.0
long_max_Tlast,B,0.9599310885968813,0.3055555555555556,3360,-160.50450212391797,-0.15705637568734965,0.616678819328319,0.6456609471315038,0.4681703400763416
long_max_Tlast,B,0.9599310885968813,0.3055555555555556,3361,-160.37766219771413,-0.0032935856294689647,0.6360414929711619,0.650491238627008,0.0
long_max_Tlast,B,0.9599310885968813,0.3055555555555556,3362,-160.44621954778358,-0.08410139033608796,0.616683779785436,0.6456655003296208,0.4681720095639965
long_max_Tlast,B,0.9599310885968813,0.3055555555555556,3363,-160.16263422448426,0.27701193402339785,0.6360460556334955,0.6504948580620602,0.0
long_max_Tlast,B,0.9599310885968813,0.3055555555555556,3364,-160.44096691039164,-0.03630806335929296,0.6166838380529334,0.6456655329803538,0.4681720587382849
long_max_Tlast,B,0.9599310885968813,0.3055555555555556,3365,-160.1220738504042,0.39983235112084714,0.6360529920292727,0.6505002252054096,0.0
long_max_Tlast,B,0.9599310885968813,0.3055555555555556,3366,-160.52564487594083,-0.03119231840064418,0.6166856437262004,0.6456674639784613,0.4681716614649428
long_max_Tlast,B,0.9599310885968813,0.3055555555555556,3367,-160.30580338690794,0.32016708975794195,0.6360550643483641,0.6505017110458529,0.0
long_max_Tlast,B,0.9599310885968813,0.3055555555555556,3368,-160.70424197235582,-0.07063455495929444,0.6166933213548775,0.6456739883805079,0.46817642432459294
long_max_Tlast,B,0.9599310885968813,0.3055555555555556,3369,-160.68147206506103,0.0671994000879988,0.6360553113379959,0.6505019692975146,0.0
long_max_Tlast,B,0.9599310885968813,0.3055555555555556,3370,-160.94628810259803,-0.14017359690805692,0.6166988803211487,0.6456782296696073,0.46818169264272524
long_max_Tlast,B,0.9599310885968813,0.3055555555555556,3371,-161.14642116174065,-0.26638155168922917,0.6360613016821453,0.6505064105936444,0.0
long_max_Tlast,B,0.9599310885968813,0.3055555555555556,3372,-161.19807153463302,-0.21433565071956306,0.6166988874835982,0.6456782272888689,0.4681817064848431
long_max_Tlast,B,0.9599310885968813,0.3055555555555556,3373,-161.56527307387813,-0.5583389516244459,0.636068537721481,0.65051166919473,0.0
long_max_Tlast,B,0.9599310885968813,0.3055555555555556,3374,-161.40230099242535,-0.26594469479703803,0.6167029121724691,0.6456812562097848,0.4681857806923133
long_max_Tlast,B,0.9599310885968813,0.3055555555555556,3375,-161.81954172976327,-0.7016971304393085,0.6360699028841802,0.650512704159624,0.0
long_max_Tlast,B,0.9599310885968813,0.3055555555555556,3376,-161.51912835558716,-0.27608292958124453,0.6167115025467881,0.6456881313405243,0.46819277202215326
long_max_Tlast,B,0.9599310885968813,0.3055555555555556,3377,-161.8510062883812,-0.6439224391310414,0.6360710381189805,0.6505134856948926,0.0
long_max_Tlast,B,0.9599310885968813,0.3055555555555556,3378,-161.54076403396954,-0.2410456230245202,0.616715185532611,0.6456915099827197,0.4681940180275233
long_max_Tlast,B,0.9599310885968813,0.3055555555555556,3379,-161.68311462187467,-0.4061771339928738,0.636077612249631,0.6505184619911204,0.0
long_max_Tlast,B,0.9599310885968813,0.3055555555555556,3380,-161.49422216251853,-0.17366434156161104,0.6167151941403579,0.6456915143879157,0.46819403435699597
long_max_Tlast,B,0.9599310885968813,0.3055555555555556,3381,-161.4124105256379,-0.07557904038959201,0.6360836303217983,0.6505231973517936,0.0
long_max_Tlast,B,0.9599310885968813,0.3055555555555556,3382,-161.43151883573583,-0.09862364919117339,0.616719253460518,0.6456951763893306,0.4681957846574433
long_max_Tlast,B,0.9599310885968813,0.3055555555555556,3383,-161.17304125344964,0.22673726906953096,0.6360843937143421,0.6505237844829647,0.0
long_max_Tlast,B,0.9599310885968813,0.3055555555555556,3384,-161.41066724347417,-0.04343185125389884,0.6167265104519326,0.6457017758820501,0.46819858952429994
long_max_Tlast,B,0.9599310885968813,0.3055555555555556,3385,-161.08767415388348,0.3899952222554085,0.636085867145695,0.650524997333616,0.0
long_max_Tlast,B,0.9599310885968813,0.3055555555555556,3386,-161.47427516547114,-0.028305130426744318,0.6167298900847525,0.6457044511903883,0.4682014112092673
long_max_Tlast,B,0.9599310885968813,0.3055555555555556,3387,-161.22261021959912,0.3543651991608073,0.6360927288584375,0.6505302842703987,0.0
long_max_Tlast,B,0.9599310885968813,0.3055555555555556,3388,-161.63399028782095,-0.05878503967680754,0.6167299158924316,0.6457044944151819,0.4682013799295526
long_max_Tlast,B,0.9599310885968813,0.3055555555555556,3389,-161.56339468262055,0.1329054526829222,0.6360985236604463,0.6505344816942589,0.0
long_max_Tlast,B,0.9599310885968813,0.3055555555555556,3390,-161.86629188124678,-0.12371124803549868,0.6167351660186333,0.645708861420709,0.46820507809524337
long_max_Tlast,B,0.9599310885968813,0.3055555555555556,3391,-162.02012768185133,-0.19323993465664707,0.6360988073067467,0.6505346448598082,0.0
long_max_Tlast,B,0.9599310885968813,0.3055555555555556,3392,-162.12104532438934,-0.19928516265242682,0.6167436105479442,0.6457153689493276,0.4682129303110646
long_max_Tlast,B,0.9599310885968813,0.3055555555555556,3393,-162.46042820353853,-0.5045679351930799,0.6361011003132352,0.6505363370311154,0.0
long_max_Tlast,B,0.9599310885968813,0.3055555555555556,3394,-162.33989714454836,-0.25781902503265275,0.61674573885764,0.6457171101152642,0.4682144869127167
long_max_Tlast,B,0.9599310885968813,0.3055555555555556,3395,-162.75794091686635,-0.6869921061528934,0.6361085174588442,0.6505417834292965,0.0
long_max_Tlast,B,0.9599310885968813,0.3055555555555556,3396,-162.47762032683093,-0.27786692280972025,0.616745904130005,0.6457172446546804,0.46821466578181364
long_max_Tlast,B,0.9599310885968813,0.3055555555555556,3397,-162.83866050342093,-0.673667802730959,0.6361127996471927,0.6505451078868926,0.0
long_max_Tlast,B,0.9599310885968813,0.3055555555555556,3398,-162.5187096113297,-0.2520724484298393,0.6167517931869885,0.645722072303216,0.46821908768227916
long_max_Tlast,B,0.9599310885968813,0.3055555555555556,3399,-162.70797251691877,-0.46947612067801303,0.6361123277346433,0.6505448284613105,0.0
long_max_Tlast,B,0.9599310885968813,0.3055555555555556,3400,-162.48314150706284,-0.1898966150779078,0.6167578256522158,0.6457276521536798,0.4682210486356244
long_max_Tlast,B,0.9599310885968813,0.3055555555555556,3401,-162.44871259814246,-0.1492311201615526,0.6361149772024685,0.6505468828183586,0.0
long_max_Tlast,B,0.9599310885968813,0.3055555555555556,3402,-162.41892635964237,-0.11412176257219098,0.6167584516727777,0.6457283813010969,0.46822065501408394
long_max_Tlast,B,0.9599310885968813,0.3055555555555556,3403,-162.1909059114398,0.16971660582298753,0.6361215792428326,0.6505520835269508,0.0
long_max_Tlast,B,0.9599310885968813,0.3055555555555556,3404,-162.38452934700837,-0.05250414682121024,0.6167586737366675,0.6457286133281059,0.4682207081607878
long_max_Tlast,B,0.9599310885968813,0.3055555555555556,3405,-162.06401370358248,0.3704961330147105,0.636124791672366,0.6505544947561351,0.0
long_max_Tlast,B,0.9599310885968813,0.3055555555555556,3406,-162.42757471946013,-0.027632977834500083,0.6167641747156583,0.6457335573278327,0.46822314713712193
long_max_Tlast,B,0.9599310885968813,0.3055555555555556,3407,-162.1494821302324,0.37953674063521436,0.636124056966316,0.6505538834056184,0.0
long_max_Tlast,B,0.9599310885968813,0.3055555555555556,3408,-162.56729029186488,-0.04861957785817014,0.616770427554209,0.6457384527807615,0.4682286583200046
long_max_Tlast,B,0.9599310885968813,0.3055555555555556,3409,-162.4509907636484,0.1935166559410152,0.6361271209287189,0.6505562456895853,0.0
long_max_Tlast,B,0.9599310885968813,0.3055555555555556,3410,-162.78744210445169,-0.10776915420785191,0.6167707061516365,0.6457383643879577,0.4682301204644804
long_max_Tlast,B,0.9599310885968813,0.3055555555555556,3411,-162.89305843000952,-0.11939887270610638,0.6361338741049074,0.6505611570724102,0.0
long_max_Tlast,B,0.9599310885968813,0.3055555555555556,3412,-163.04234663218094,-0.183416510764704,0.6167711338975543,0.6457387368135031,0.46823044964981986
long_max_Tlast,B,0.9599310885968813,0.3055555555555556,3413,-163.348687451782,-0.44454765047636313,0.6361358357213234,0.6505625565220002,0.0
long_max_Tlast,B,0.9599310885968813,0.3055555555555556,3414,-163.27357876593237,-0.24783558925372767,0.6167777081187177,0.6457438641750358,0.4682363999787081
long_max_Tlast,B,0.9599310885968813,0.3055555555555556,3415,-163.68589879981332,-0.6627909167562139,0.6361344704887772,0.6505616072778437,0.0
long_max_Tlast,B,0.9599310885968813,0.3055555555555556,3416,-163.43141711039897,-0.2774226679287119,0.6167819524939113,0.6457475314605582,0.4682387915866879
long_max_Tlast,B,0.9599310885968813,0.3055555555555556,3417,-163.8160889513022,-0.6941509853701676,0.6361379368196517,0.6505641971565091,0.0
long_max_Tlast,B,0.9599310885968813,0.3055555555555556,3418,-163.49301454121286,-0.2613430916046282,0.6167801045654342,0.645746361978376,0.4682361062561755
long_max_Tlast,B,0.9599310885968813,0.3055555555555556,3419,-163.72656666781378,-0.527135161331769,0.6361433059179067,0.6505684079191034,0.0
long_max_Tlast,B,0.9599310885968813,0.3055555555555556,3420,-163.47073684620247,-0.20547763135518038,0.6167806708739966,0.6457468679171924,0.46823647593895135
long_max_Tlast,B,0.9599310885968813,0.3055555555555556,3421,-163.4851348652169,-0.2229455570924267,0.6361434636178115,0.6505686795177544,0.0
long_max_Tlast,B,0.9599310885968813,0.3055555555555556,3422,-163.40776247543113,-0.13030246272698776,0.6167857182848969,0.6457515524664158,0.468238132136957
long_max_Tlast,B,0.9599310885968813,0.3055555555555556,3423,-163.2151997835794,0.10695879410985376,0.6361419356714206,0.6505675192127687,0.0
long_max_Tlast,B,0.9599310885968813,0.3055555555555556,3424,-163.36218484043576,-0.0633699729934468,0.6167883747444417,0.6457539375920858,0.4682392769852911
long_max_Tlast,B,0.9599310885968813,0.3055555555555556,3425,-163.05067304602645,0.34168637987476386,0.6361452759585355,0.6505701648585482,0.0
long_max_Tlast,B,0.9599310885968813,0.3055555555555556,3426,-163.38564388574576,-0.029195318107584356,0.6167865951683797,0.6457521229244133,0.46823941510074046
long_max_Tlast,B,0.9599310885968813,0.3055555555555556,3427,-163.08686091902132,0.3952233955080423,0.636149937265361,0.6505736231155527,0.0
long_max_Tlast,B,0.9599310885968813,0.3055555555555556,3428,-163.50453255507148,-0.04030832849643046,0.6167872728203266,0.6457527527186285,0.46823975094397297
long_max_Tlast,B,0.9599310885968813,0.3055555555555556,3429,-163.3454689571817,0.24795576640669575,0.6361492451755376,0.6505729188677947,0.0
long_max_Tlast,B,0.9599310885968813,0.3055555555555556,3430,-163.71029634903005,-0.09263912823743603,0.6167929526115182,0.645757182323021,0.4682448871340837
long_max_Tlast,B,0.9599310885968813,0.3055555555555556,3431,-163.76671458962517,-0.04616008232623375,0.6361474350054006,0.6505715915569372,0.0
long_max_Tlast,B,0.9599310885968813,0.3055555555555556,3432,-163.96251795522025,-0.16700538119983532,0.616794787011223,0.645758336971124,0.46824760778628555
long_max_Tlast,B,0.9599310885968813,0.3055555555555556,3433,-164.23122905682584,-0.37934996560667866,0.6361510628898548,0.6505742586465053,0.0
long_max_Tlast,B,0.9599310885968813,0.3055555555555556,3434,-164.20376438996078,-0.23616566541369297,0.6167913155237513,0.6457556763627433,0.4682443916448757
long_max_Tlast,B,0.9599310885968813,0.3055555555555556,3435,-164.60379803814413,-0.6295179863787085,0.6361543860894207,0.6505767425614815,0.0
long_max_Tlast,B,0.9599310885968813,0.3055555555555556,3436,-164.38059894068016,-0.2747731479591301,0.6167922402663646,0.6457564385754992,0.4682451815941611
long_max_Tlast,B,0.9599310885968813,0.3055555555555556,3437,-164.7828985017127,-0.7050003895282796,0.636151745237734,0.6505749416267338,0.0
long_max_Tlast,B,0.9599310885968813,0.3055555555555556,3438,-164.46322331155804,-0.26867812024546744,0.6167963095337406,0.6457600673913658,0.4682470867060466
long_max_Tlast,B,0.9599310885968813,0.3055555555555556,3439,-164.73785284299836,-0.5781349961562952,0.6361498007681324,0.6505735321869947,0.0
long_max_Tlast,B,0.9599310885968813,0.3055555555555556,3440,-164.45638395525594,-0.22012466962451305,0.6167951123703677,0.645759590964581,0.46824422839411556
long_max_Tlast,B,0.9599310885968813,0.3055555555555556,3441,-164.5201593477813,-0.295407697194885,0.6361529008923178,0.6505759938196815,0.0
long_max_Tlast,B,0.9599310885968813,0.3055555555555556,3442,-164.39752774273285,-0.14689529570579785,0.616791438953198,0.6457564515581723,0.4682421088054047
long_max_Tlast,B,0.9599310885968813,0.3055555555555556,3443,-164.2446154798909,0.03957584973972739,0.6361545546216762,0.6505773623150666,0.0
long_max_Tlast,B,0.9599310885968813,0.3055555555555556,3444,-164.34319983145897,-0.07582314671476442,0.6167922819314887,0.6457572617451872,0.46824239384736244
long_max_Tlast,B,0.9599310885968813,0.3055555555555556,3445,-164.04714557278874,0.30407095540805307,0.6361512510144931,0.6505747408469194,0.0
long_max_Tlast,B,0.9599310885968813,0.3055555555555556,3446,-164.34834169520693,-0.03296138824496625,0.6167956565081809,0.6457601024527015,0.46824462686971735
long_max_Tlast,B,0.9599310885968813,0.3055555555555556,3447,-164.03507863594655,0.4011560571307616,0.6361494057184828,0.6505733443360723,0.0
long_max_Tlast,B,0.9599310885968813,0.3055555555555556,3448,-164.4460346403019,-0.03400664650914609,0.6167944396279966,0.6457585277995282,0.4682459962609693
long_max_Tlast,B,0.9599310885968813,0.3055555555555556,3449,-164.24785110648025,0.2952526498105611,0.6361523988575959,0.6505755659364805,0.0
long_max_Tlast,B,0.9599310885968813,0.3055555555555556,3450,-164.63545203531768,-0.07857848818690905,0.6167902915763483,0.6457549965208809,0.468243549512401
long_max_Tlast,B,0.9599310885968813,0.3055555555555556,3451,-164.64248190750118,0.025173641215058662,0.6361530437531354,0.6505758685337145,0.0
long_max_Tlast,B,0.9599310885968813,0.3055555555555556,3452,-164.88218369850887,-0.1503496344780488,0.6167913876803875,0.6457558787096774,0.46824453478644895
long_max_Tlast,B,0.9599310885968813,0.3055555555555556,3453,-165.10934754901785,-0.31011907627334306,0.6361483816272352,0.6505724332747277,0.0
long_max_Tlast,B,0.9599310885968813,0.3055555555555556,3454,-165.13080698782596,-0.22301323464471562,0.6167938979208889,0.6457577886851291,0.4682469832847665
long_max_Tlast,B,0.9599310885968813,0.3055555555555556,3455,-165.51234934467948,-0.5877656861913626,0.6361464690211429,0.6505710798536941,0.0
long_max_Tlast,B,0.9599310885968813,0.3055555555555556,3456,-165.32522458215624,-0.26995088362941844,0.6167896340764428,0.6457546779359576,0.46824234182542945
long_max_Tlast,B,0.9599310885968813,0.3055555555555556,3457,-165.7388024743175,-0.7060225670089364,0.6361488165868864,0.6505728859578305,0.0
long_max_Tlast,B,0.9599310885968813,0.3055555555555556,3458,-165.42915920518666,-0.2739626371837136,0.6167847882890073,0.6457508589657741,0.4682382718665028
long_max_Tlast,B,0.9599310885968813,0.3055555555555556,3459,-165.74074783482718,-0.6215628605258587,0.6361472867872446,0.6505719354924326,0.0
long_max_Tlast,B,0.9599310885968813,0.3055555555555556,3460,-165.4394963057169,-0.23357147265863892,0.6167856756240402,0.6457516894635092,0.4682386291232857
long_max_Tlast,B,0.9599310885968813,0.3055555555555556,3461,-165.55243791060172,-0.36533669935245777,0.6361419254694974,0.6505679236643566,0.0
long_max_Tlast,B,0.9599310885968813,0.3055555555555556,3462,-165.38748525039279,-0.1635897210922876,0.6167860588288437,0.6457523753459795,0.46823746094240426
long_max_Tlast,B,0.9599310885968813,0.3055555555555556,3463,-165.27783782699026,-0.031231360367798333,0.6361403454745992,0.6505667191302824,0.0
long_max_Tlast,B,0.9599310885968813,0.3055555555555556,3464,-165.32715436922297,-0.08965676780862086,0.616781547952385,0.6457483207941063,0.4682355455518368
long_max_Tlast,B,0.9599310885968813,0.3055555555555556,3465,-165.0525971023959,0.25832077161641787,0.6361420095921871,0.6505680231518154,0.0
long_max_Tlast,B,0.9599310885968813,0.3055555555555556,3466,-165.31556102132308,-0.03885780565775973,0.6167774326150314,0.6457445972478549,0.4682339950209584
long_max_Tlast,B,0.9599310885968813,0.3055555555555556,3467,-164.99423508807416,0.39722281072795923,0.6361396646816612,0.6505660595944693,0.0
long_max_Tlast,B,0.9599310885968813,0.3055555555555556,3468,-165.3919748603424,-0.029817856719873526,0.6167783573858551,0.6457453721805074,0.4682346951959326
long_max_Tlast,B,0.9599310885968813,0.3055555555555556,3469,-165.15909563588178,0.33457909080126386,0.6361339648252953,0.6505616813629403,0.0
long_max_Tlast,B,0.9599310885968813,0.3055555555555556,3470,-165.56338454620646,-0.06584354125280323,0.6167786108432618,0.6457451330044152,0.4682366167032259
long_max_Tlast,B,0.9599310885968813,0.3055555555555556,3471,-165.52176486084585,0.09334045111498623,0.636132472570185,0.650560625940115,0.0
long_max_Tlast,B,0.9599310885968813,0.3055555555555556,3472,-165.80195377220136,-0.13373254653624025,0.6167725403155271,0.6457400719312941,0.468232489447431
long_max_Tlast,B,0.9599310885968813,0.3055555555555556,3473,-165.98433989790507,-0.23808905743048753,0.6361335756029952,0.650561382117206,0.0
long_max_Tlast,B,0.9599310885968813,0.3055555555555556,3474,-166.0552514784786,-0.20861547123406482,0.6167676650031656,0.6457363322470336,0.46822799350576794
long_max_Tlast,B,0.9599310885968813,0.3055555555555556,3475,-166.41231399831108,-0.5382645996309874,0.6361293568343964,0.6505583175037818,0.0
long_max_Tlast,B,0.9599310885968813,0.3055555555555556,3476,-166.26543796278372,-0.2630452155155787,0.6167684210857016,0.6457369667302609,0.4682285563263366
long_max_Tlast,B,0.9599310885968813,0.3055555555555556,3477,-166.6838440756831,-0.6971989925368608,0.6361229947026259,0.6505536899881782,0.0
long_max_Tlast,B,0.9599310885968813,0.3055555555555556,3478,-166.39051063337138,-0.2770827985538584,0.6167660117330399,0.6457353738891001,0.4682252562564598
long_max_Tlast,B,0.9599310885968813,0.3055555555555556,3479,-166.73440082836532,-0.6566509540830516,0.6361218656872748,0.6505528492640178,0.0
long_max_Tlast,B,0.9599310885968813,0.3055555555555556,3480,-166.41962366855074,-0.24558886231078347,0.6167588239112438,0.6457295720301509,0.4682196226594575
long_max_Tlast,B,0.9599310885968813,0.3055555555555556,3481,-166.58048110537396,-0.43148407597766764,0.6361218184918574,0.6505529223464257,0.0
long_max_Tlast,B,0.9599310885968813,0.3055555555555556,3482,-166.37705402197656,-0.18009359475009842,0.6167551835031205,0.6457262779710733,0.46821825805388634
long_max_Tlast,B,0.9599310885968813,0.3055555555555556,3483,-166.31347884121104,-0.10421008624281158,0.6361167081917057,0.6505490170173861,0.0
long_max_Tlast,B,0.9599310885968813,0.3055555555555556,3484,-166.31342352120578,-0.10460545694218845,0.6167555890066627,0.645726693083026,0.4682182749012702
long_max_Tlast,B,0.9599310885968813,0.3055555555555556,3485,-166.06617804362625,0.2052523261675958,0.6361109237723158,0.650544496939595,0.0
long_max_Tlast,B,0.9599310885968813,0.3055555555555556,3486,-166.2870499625371,-0.04678716348593956,0.6167530479860541,0.6457242192867694,0.4682178874269792
long_max_Tlast,B,0.9599310885968813,0.3055555555555556,3487,-165.9642015562597,0.3835036777354214,0.6361100640255265,0.6505438700290956,0.0
long_max_Tlast,B,0.9599310885968813,0.3055555555555556,3488,-166.34254239505748,-0.027815237761860345,0.6167463152876624,0.6457181560654289,0.4682150785907711
long_max_Tlast,B,0.9599310885968813,0.3055555555555556,3489,-166.07991745511757,0.3652316683235273,0.6361095285936177,0.6505433399738996,0.0
long_max_Tlast,B,0.9599310885968813,0.3055555555555556,3490,-166.49456506634752,-0.05465001019472146,0.6167425541254226,0.6457151905682169,0.46821193508924336
long_max_Tlast,B,0.9599310885968813,0.3055555555555556,3491,-166.40588831590304,0.15713812367920932,0.6361035160377525,0.6505387350274643,0.0
long_max_Tlast,B,0.9599310885968813,0.3055555555555556,3492,-166.72240842318882,-0.11745632214917529,0.6167429164144208,0.6457153972820776,0.4682125648698914
long_max_Tlast,B,0.9599310885968813,0.3055555555555556,3493,-166.8576530664268,-0.16453009584234013,0.6360974785643856,0.6505343603303009,0.0
long_max_Tlast,B,0.9599310885968813,0.3055555555555556,3494,-166.97756629171792,-0.19321596905338556,0.6167385041507343,0.6457118307178923,0.46820906063503376
long_max_Tlast,B,0.9599310885968813,0.3055555555555556,3495,-167.30465510532792,-0.48190131768626754,0.6360968849912416,0.6505339480274102,0.0
long_max_Tlast,B,0.9599310885968813,0.3055555555555556,3496,-167.20153286306805,-0.2541771256111474,0.6167301876849378,0.6457053884295452,0.4682014844055772
long_max_Tlast,B,0.9599310885968813,0.3055555555555556,3497,-167.618100919951,-0.678681758127496,0.6360951305910733,0.6505327053086135,0.0
long_max_Tlast,B,0.9599310885968813,0.3055555555555556,3498,-167.3472018358835,-0.2779951890672009,0.6167273712517868,0.6457030190671937,0.46819972421426614
long_max_Tlast,B,0.9599310885968813,0.3055555555555556,3499,-167.7181324565324,-0.6827748270128242,0.6360881358017789,0.6505275567700493,0.0
long_max_Tlast,B,0.9599310885968813,0.3055555555555556,3500,-167.39620196225542,-0.25594426376115637,0.6167270604123628,0.6457028736937834,0.4681990572977323
long_max_Tlast,B,0.9599310885968813,0.3055555555555556,3501,-167.60305020783255,-0.49267996403952596,0.6360831068989911,0.6505236697457885,0.0
long_max_Tlast,B,0.9599310885968813,0.3055555555555556,3502,-167.3655895580272,-0.19611336671068955,0.6167218024812718,0.6456985085788305,0.46819533266189967
long_max_Tlast,B,0.9599310885968813,0.3055555555555556,3503,-167.35002546274305,-0.17805576461103217,0.6360828771155433,0.6505234767418346,0.0
long_max_Tlast,B,0.9599310885968813,0.3055555555555556,3504,-167.30152097781553,-0.12041545534225506,0.6167152219754962,0.6456924766436802,0.46819300617349613
long_max_Tlast,B,0.9599310885968813,0.3055555555555556,3505,-167.08678698490894,0.14580741964734728,0.6360805594026384,0.6505216501655864,0.0
long_max_Tlast,B,0.9599310885968813,0.3055555555555556,3506,-167.2624652907349,-0.05659168266825426,0.6167132751969859,0.6456907551029683,0.468192125737339
long_max_Tlast,B,0.9599310885968813,0.3055555555555556,3507,-166.9447418239429,0.36024462965535264,0.6360737754213522,0.6505163256576479,0.0
long_max_Tlast,B,0.9599310885968813,0.3055555555555556,3508,-167.2977519709221,-0.028035029136947442,0.6167129325788006,0.6456903452291033,0.46819233569833907
long_max_Tlast,B,0.9599310885968813,0.3055555555555556,3509,-167.01091774290876,0.3866802407983656,0.6360692728084287,0.6505129853007918,0.0
long_max_Tlast,B,0.9599310885968813,0.3055555555555556,3510,-167.4294075129889,-0.04519902216239843,0.6167074188988414,0.6456854333945532,0.46818973517263657
long_max_Tlast,B,0.9599310885968813,0.3055555555555556,3511,-167.29606869914954,0.21542974725008718,0.6360691978976993,0.6505129622911393,0.0
long_max_Tlast,B,0.9599310885968813,0.3055555555555556,3512,-167.6441712867301,-0.10179940100631646,0.616699972161807,0.6456795929137165,0.468183237216189
long_max_Tlast,B,0.9599310885968813,0.3055555555555556,3513,-167.73068363644583,-0.09074859466133861,0.6360660555162324,0.6505105644098003,0.0
long_max_Tlast,B,0.9599310885968813,0.3055555555555556,3514,-167.89833924154433,-0.17709759650153145,0.6166983664230122,0.6456784683448341,0.4681813409213466
long_max_Tlast,B,0.9599310885968813,0.3055555555555556,3515,-168.19049316482284,-0.41966886165965156,0.6360585849421573,0.6505051221734419,0.0
long_max_Tlast,B,0.9599310885968813,0.3055555555555556,3516,-168.1337614594635,-0.24349622569215923,0.6166973469958688,0.6456776720598485,0.4681803749507088
long_max_Tlast,B,0.9599310885968813,0.3055555555555556,3517,-168.541986348801,-0.6508083050910545,0.6360550413758688,0.6505025012345943,0.0
long_max_Tlast,B,0.9599310885968813,0.3055555555555556,3518,-168.29917592478813,-0.2766744317835187,0.6166903300550906,0.6456721784507304,0.4681741185255699
long_max_Tlast,B,0.9599310885968813,0.3055555555555556,3519,-168.69135913324845,-0.699470744442805,0.6360552755040042,0.6505026445655323,0.0
long_max_Tlast,B,0.9599310885968813,0.3055555555555556,3520,-168.36892748746527,-0.2644706608823569,0.6166845769172326,0.6456671637996726,0.46817107248975576
long_max_Tlast,B,0.9599310885968813,0.3055555555555556,3521,-168.6188909247506,-0.5478338846093296,0.6360514317315589,0.6504997698368957,0.0
long_max_Tlast,B,0.9599310885968813,0.3055555555555556,3522,-168.35243806850016,-0.21135284750111105,0.6166845106397996,0.6456668475586845,0.468172072929749
long_max_Tlast,B,0.9599310885968813,0.3055555555555556,3523,-168.38609232361517,-0.2514607180295199,0.6360448890510563,0.6504946507787368,0.0
long_max_Tlast,B,0.9599310885968813,0.3055555555555556,3524,-168.29077698611016,-0.13679582601057835,0.6166832474682051,0.6456657442034349,0.46817132381905896
long_max_Tlast,B,0.9599310885968813,0.3055555555555556,3525,-168.11323909139418,0.08105241789574252,0.6360426721362166,0.6504928830268604,0.0
long_max_Tlast,B,0.9599310885968813,0.3055555555555556,3526,-168.24149135039005,-0.06811093988101657,0.6166773544234755,0.6456603077698545,0.4681692768831881
long_max_Tlast,B,0.9599310885968813,0.3055555555555556,3527,-167.93532932211087,0.32786259422812664,0.6360429932178755,0.6504931296496912,0.0
long_max_Tlast,B,0.9599310885968813,0.3055555555555556,3528,-168.25760387615682,-0.030463080514081975,0.6166724478386241,0.6456561507275788,0.46816621117399476
long_max_Tlast,B,0.9599310885968813,0.3055555555555556,3529,-167.95251842329426,0.39854114109200534,0.6360389633205448,0.650489952480507,0.0
long_max_Tlast,B,0.9599310885968813,0.3055555555555556,3530,-168.36822785753418,-0.03765587317301733,0.6166724004650473,0.6456563724155584,0.4681651496163727
long_max_Tlast,B,0.9599310885968813,0.3055555555555556,3531,-168.19347093937938,0.2671917146455929,0.636032572992633,0.6504852245643189,0.0
long_max_Tlast,B,0.9599310885968813,0.3055555555555556,3532,-168.56780088639283,-0.08704526050171463,0.6166708169946784,0.6456549688863333,0.4681642943400778
long_max_Tlast,B,0.9599310885968813,0.3055555555555556,3533,-168.6048918037607,-0.018058416736298544,0.6360310962733315,0.6504842674345483,0.0
long_max_Tlast,B,0.9599310885968813,0.3055555555555556,3534,-168.81817040859875,-0.16053569075518606,0.6166636775820611,0.6456493889065535,0.46815789610253344
long_max_Tlast,B,0.9599310885968813,0.3055555555555556,3535,-169.07101021146434,-0.3526812678866351,0.6360315625558791,0.6504845925455086,0.0
long_max_Tlast,B,0.9599310885968813,0.3055555555555556,3536,-169.06257914337732,-0.23120275677335533,0.6166595645149373,0.6456462203131069,0.46815408705847167
long_max_Tlast,B,0.9599310885968813,0.3055555555555556,3537,-169.45602193778586,-0.6140688208431242,0.636026879297695,0.6504811522518942,0.0
long_max_Tlast,B,0.9599310885968813,0.3055555555555556,3538,-169.2464455992145,-0.2731445240025281,0.6166609563282669,0.6456471777398105,0.4681558104683614
long_max_Tlast,B,0.9599310885968813,0.3055555555555556,3539,-169.6538232198095,-0.706448482687743,0.636021564500434,0.6504771246879368,0.0
long_max_Tlast,B,0.9599310885968813,0.3055555555555556,3540,-169.33740877335603,-0.27100069833412177,0.6166588293424055,0.6456454712985257,0.46815398804690317
long_max_Tlast,B,0.9599310885968813,0.3055555555555556,3541,-169.62690781070802,-0.5959675482141817,0.6360217873811369,0.650477136377061,0.0
long_max_Tlast,B,0.9599310885968813,0.3055555555555556,3542,-169.33710463736458,-0.22555664640915812,0.6166531648853326,0.645640409135558,0.46815138760978
long_max_Tlast,B,0.9599310885968813,0.3055555555555556,3543,-169.42015587843258,-0.3231137627724966,0.6360222989990759,0.6504774927339683,0.0
long_max_Tlast,B,0.9599310885968813,0.3055555555555556,3544,-169.28059713547017,-0.1534549918679664,0.6166515503579454,0.6456386156527748,0.4681520535972261
long_max_Tlast,B,0.9599310885968813,0.3055555555555556,3545,-169.14429690560655,0.012134713281425236,0.6360179687745754,0.650474065528716,0.0
long_max_Tlast,B,0.9599310885968813,0.3055555555555556,3546,-169.22361710797114,-0.08112543557103807,0.6166531386042685,0.6456400396712446,0.4681526997764766
long_max_Tlast,B,0.9599310885968813,0.3055555555555556,3547,-168.93536025255622,0.28694159964775345,0.6360139014256669,0.6504709079582117,0.0
long_max_Tlast,B,0.9599310885968813,0.3055555555555556,3548,-169.2220216795991,-0.03506784795125348,0.6166511695447952,0.6456382012880215,0.46815200386206535
long_max_Tlast,B,0.9599310885968813,0.3055555555555556,3549,-168.90491291514428,0.4006098078662336,0.6360147879602916,0.6504717118475757,0.0
long_max_Tlast,B,0.9599310885968813,0.3055555555555556,3550,-169.31134206952387,-0.032151296398457874,0.6166456114827361,0.6456336140383517,0.4681479730124423
long_max_Tlast,B,0.9599310885968813,0.3055555555555556,3551,-169.0990967242085,0.3114949827315441,0.6360152751455619,0.6504720593584488,0.0
long_max_Tlast,B,0.9599310885968813,0.3055555555555556,3552,-169.4938525261946,-0.07345307447580904,0.6166440775395026,0.6456328415385015,0.46814494957608244
long_max_Tlast,B,0.9599310885968813,0.3055555555555556,3553,-169.48172058055707,0.05225314791232577,0.6360107164239349,0.6504686829909189,0.0
long_max_Tlast,B,0.9599310885968813,0.3055555555555556,3554,-169.7376623554821,-0.14383396871378634,0.6166463429606087,0.6456347344361504,0.46814641578576477
long_max_Tlast,B,0.9599310885968813,0.3055555555555556,3555,-169.9475690290514,-0.2821307541116845,0.6360075587296021,0.6504664558026239,0.0
long_max_Tlast,B,0.9599310885968813,0.3055555555555556,3556,-169.98841369195816,-0.21750398513207675,0.6166437538239465,0.6456326931707419,0.46814407256792945
long_max_Tlast,B,0.9599310885968813,0.3055555555555556,3557,-170.36092741169375,-0.5691286229992667,0.6360098781140698,0.6504681173921784,0.0
long_max_Tlast,B,0.9599310885968813,0.3055555555555556,3558,-170.18920786863248,-0.2674755270127977,0.6166390671996724,0.6456288801109817,0.46814045982473507
long_max_Tlast,B,0.9599310885968813,0.3055555555555556,3559,-170.605331332004,-0.7035809517255605,0.6360103579536917,0.6504684329185169,0.0
long_max_Tlast,B,0.9599310885968813,0.3055555555555556,3560,-170.30142996526598,-0.2754290008632696,0.6166405163072358,0.6456296257843869,0.46814326301199494
long_max_Tlast,B,0.9599310885968813,0.3055555555555556,3561,-170.62620645466097,-0.6362275333590002,0.6360063795269336,0.650465357583807,0.0
long_max_Tlast,B,0.9599310885968813,0.3055555555555556,3562,-170.31897026085682,-0.23845456826384037,0.6166433718578411,0.6456318824581117,0.46814562099445134
long_max_Tlast,B,0.9599310885968813,0.3055555555555556,3563,-170.4508547671052,-0.39174278500154447,0.6360052540360496,0.6504643068277614,0.0
long_max_Tlast,B,0.9599310885968813,0.3055555555555556,3564,-170.2703912652715,-0.17010503287513948,0.6166412036316109,0.6456298899653397,0.46814474483961305
long_max_Tlast,B,0.9599310885968813,0.3055555555555556,3565,-170.17853575439136,-0.05971134224605523,0.6360083487900524,0.6504666480204471,0.0
long_max_Tlast,B,0.9599310885968813,0.3055555555555556,3566,-170.20842754363815,-0.09541328811696301,0.6166383451093393,0.6456271551884087,0.46814413540981514
long_max_Tlast,B,0.9599310885968813,0.3055555555555556,3567,-169.9440268374765,0.23820503434356238,0.6360087109196624,0.6504668974562853,0.0
long_max_Tlast,B,0.9599310885968813,0.3055555555555556,3568,-170.19078898642755,-0.041754111077871914,0.6166400613327898,0.6456289217227839,0.46814398512007654
long_max_Tlast,B,0.9599310885968813,0.3055555555555556,3569,-169.86819831753954,0.39285109806252566,0.636005234275216,0.6504642303682465,0.0
long_max_Tlast,B,0.9599310885968813,0.3055555555555556,3570,-170.25894279124756,-0.02879150547493642,0.616642712573046,0.6456313115677123,0.4681449983408034
long_max_Tlast,B,0.9599310885968813,0.3055555555555556,3571,-170.01382387077325,0.34755799333826287,0.6360049448783619,0.650464209189094,0.0
long_max_Tlast,B,0.9599310885968813,0.3055555555555556,3572,-170.42286508878428,-0.06126613150411925,0.6166402906906365,0.6456293311825376,0.46814308682935446
long_max_Tlast,B,0.9599310885968813,0.3055555555555556,3573,-170.3625429142532,0.11892295123320845,0.6360087429352729,0.6504671171631022,0.0
long_max_Tlast,B,0.9599310885968813,0.3055555555555556,3574,-170.65747628669135,-0.12728581577024561,0.6166375701206318,0.6456274957017581,0.4681395141400069
long_max_Tlast,B,0.9599310885968813,0.3055555555555556,3575,-170.82155115997332,-0.20927490506612367,0.636009036042128,0.6504672956496194,0.0
long_max_Tlast,B,0.9599310885968813,0.3055555555555556,3576,-170.9117959731766,-0.20265732666416084,0.6166412892278829,0.6456304932889857,0.4681424434794404
long_max_Tlast,B,0.9599310885968813,0.3055555555555556,3577,-171.2576395348906,-0.5167854886208765,0.6360061174640452,0.650465151935881,0.0
long_max_Tlast,B,0.9599310885968813,0.3055555555555556,3578,-171.12762180993624,-0.2597591336172546,0.616644658119751,0.6456330705787873,0.46814555570888305
long_max_Tlast,B,0.9599310885968813,0.3055555555555556,3579,-171.54598694893474,-0.6909297018928615,0.6360078949360687,0.6504663415401508,0.0
long_max_Tlast,B,0.9599310885968813,0.3055555555555556,3580,-171.2608618017377,-0.2776763706715114,0.6166425607784288,0.6456312831971203,0.46814418070090646
long_max_Tlast,B,0.9599310885968813,0.3055555555555556,3581,-171.61593284300744,-0.6678951310399747,0.6360125355806211,0.6504697175642133,0.0
long_max_Tlast,B,0.9599310885968813,0.3055555555555556,3582,-171.29764054611493,-0.24983550125928744,0.6166426420376946,0.6456308663923918,0.4681461214832913
long_max_Tlast,B,0.9599310885968813,0.3055555555555556,3583,-171.47684485206483,-0.45612568762822975,0.6360127048196044,0.6504698150412684,0.0
long_max_Tlast,B,0.9599310885968813,0.3055555555555556,3584,-171.25947493534545,-0.18643693643905535,0.6166475065239916,0.6456348283519819,0.4681497885586401
long_max_Tlast,B,0.9599310885968813,0.3055555555555556,3585,-171.21462849200014,-0.13321136394658079,0.6360109875849554,0.6504683816297651,0.0
long_max_Tlast,B,0.9599310885968813,0.3055555555555556,3586,-171.19536613001947,-0.11071980285738431,0.6166502020920952,0.6456372638447969,0.4681507880051012
long_max_Tlast,B,0.9599310885968813,0.3055555555555556,3587,-170.96034748967494,0.18252794630829688,0.6360137950499897,0.6504705772379848,0.0
long_max_Tlast,B,0.9599310885968813,0.3055555555555556,3588,-171.16374290835972,-0.05041774959916684,0.6166485508970295,0.6456357700942407,0.4681500393690835
long_max_Tlast,B,0.9599310885968813,0.3055555555555556,3589,-170.84219012141915,0.3753975889065233,0.636018369554607,0.6504741523756012,0.0
long_max_Tlast,B,0.9599310885968813,0.3055555555555556,3590,-171.21116730714584,-0.027627883922674346,0.6166487472388885,0.645636341478699,0.4681485780993654
long_max_Tlast,B,0.9599310885968813,0.3055555555555556,3591,-170.93840851316827,0.374731861700876,0.6360184436991543,0.6504741775974116,0.0
long_max_Tlast,B,0.9599310885968813,0.3055555555555556,3592,-171.35527737044865,-0.05070720034512746,0.6166538923763158,0.6456409669390262,0.46815074675672586
long_max_Tlast,B,0.9599310885968813,0.3055555555555556,3593,-171.24871655941544,0.1807699567768029,0.6360172607777053,0.6504734178655344,0.0
long_max_Tlast,B,0.9599310885968813,0.3055555555555556,3594,-171.57823562972789,-0.11119047892740605,0.616656924017114,0.6456433400295655,0.46815332604630744
long_max_Tlast,B,0.9599310885968813,0.3055555555555556,3595,-171.69440871234738,-0.1354207107757613,0.636021430192686,0.6504765845919019,0.0
long_max_Tlast,B,0.9599310885968813,0.3055555555555556,3596,-171.8333217607207,-0.1869204569354826,0.6166553312812936,0.6456421470289732,0.46815165474353226
long_max_Tlast,B,0.9599310885968813,0.3055555555555556,3597,-172.1471600805163,-0.4579776552935146,0.6360265922679743,0.6504803208513548,0.0
long_max_Tlast,B,0.9599310885968813,0.3055555555555556,3598,-172.06204308355944,-0.2501486475753911,0.6166579107944377,0.6456440714202866,0.46815431092948057
long_max_Tlast,B,0.9599310885968813,0.3055555555555556,3599,-172.4760604962559,-0.6687148768400435,0.6360265832848229,0.6504802882794942,0.0
long_max_Tlast,B,0.9599310885968813,0.3055555555555556,3600,-172.2155737008041,-0.2776998458669621,0.616664850648227,0.6456494355043344,0.46816066957845337
long_max_Tlast,B,0.9599310885968813,0.3055555555555556,3601,-172.5955528087258,-0.6904131559334952,0.6360268902965025,0.6504803878408845,0.0
long_max_Tlast,B,0.9599310885968813,0.3055555555555556,3602,-172.27266635728495,-0.25948744352656067,0.6166672912260586,0.6456515138261957,0.4681620732004984
long_max_Tlast,B,0.9599310885968813,0.3055555555555556,3603,-172.4968296135974,-0.5151149219577762,0.6360323351634873,0.6504843928407145,0.0
long_max_Tlast,B,0.9599310885968813,0.3055555555555556,3604,-172.24734998125587,-0.2021798483058444,0.6166667612894304,0.6456508565975869,0.46816251429957334
long_max_Tlast,B,0.9599310885968813,0.3055555555555556,3605,-172.25108056470003,-0.20705460032647266,0.6360369779790579,0.6504879873675896,0.0
long_max_Tlast,B,0.9599310885968813,0.3055555555555556,3606,-172.1838633490034,-0.1267691588811193,0.616670259961656,0.6456538226598533,0.4681647289262377
long_max_Tlast,B,0.9599310885968813,0.3055555555555556,3607,-171.98330826640975,0.12089309544942506,0.6360369194884472,0.650487921082953,0.0
long_max_Tlast,B,0.9599310885968813,0.3055555555555556,3608,-172.14049923659908,-0.06089775970118655,0.61667616818568,0.6456592516784724,0.46816675349460973
long_max_Tlast,B,0.9599310885968813,0.3055555555555556,3609,-171.82658584500604,0.34856384763793336,0.6360379206731748,0.650488768499652,0.0
long_max_Tlast,B,0.9599310885968813,0.3055555555555556,3610,-172.16811285566865,-0.028696039416834684,0.6166782509349862,0.6456610114120115,0.46816800403659214
long_max_Tlast,B,0.9599310885968813,0.3055555555555556,3611,-171.87335633932435,0.39252863791723963,0.6360437266065351,0.6504933244291856,0.0
long_max_Tlast,B,0.9599310885968813,0.3055555555555556,3612,-172.29153862167664,-0.0419602843751371,0.6166777090692281,0.6456607545486687,0.4681668598318638
long_max_Tlast,B,0.9599310885968813,0.3055555555555556,3613,-172.1414665052559,0.2366804017035673,0.6360483283612157,0.6504967214585368,0.0
long_max_Tlast,B,0.9599310885968813,0.3055555555555556,3614,-172.50055581065885,-0.09583843499153866,0.6166821142193334,0.6456646559089751,0.4681689974023232
long_max_Tlast,B,0.9599310885968813,0.3055555555555556,3615,-172.56764212132651,-0.06187828559275538,0.6360482400865354,0.650496646545949,0.0
long_max_Tlast,B,0.9599310885968813,0.3055555555555556,3616,-172.75356043066495,-0.1705814837428773,0.6166894104081768,0.6456703538369483,0.46817544975385417
long_max_Tlast,B,0.9599310885968813,0.3055555555555556,3617,-173.03070649111407,-0.3937555283083234,0.6360504612081119,0.6504983029580137,0.0
long_max_Tlast,B,0.9599310885968813,0.3055555555555556,3618,-172.99283049840543,-0.23880439037588064,0.6166912527122088,0.6456717688354904,0.46817711953305907
long_max_Tlast,B,0.9599310885968813,0.3055555555555556,3619,-173.39596624415054,-0.6373386747166947,0.6360574250237901,0.6505033612879182,0.0
long_max_Tlast,B,0.9599310885968813,0.3055555555555556,3620,-173.1656629628439,-0.275512247668947,0.6166918860131413,0.6456721463419184,0.4681781466070947
long_max_Tlast,B,0.9599310885968813,0.3055555555555556,3621,-173.5645834802258,-0.7033739377259165,0.6360614308516203,0.6505063621771271,0.0
long_max_Tlast,B,0.9599310885968813,0.3055555555555556,3622,-173.24369149979842,-0.26724480873203155,0.6166981104581469,0.6456769970861749,0.46818375174421845
long_max_Tlast,B,0.9599310885968813,0.3055555555555556,3623,-173.5097377989763,-0.5676640016857981,0.6360613908497711,0.6505063171486913,0.0
long_max_Tlast,B,0.9599310885968813,0.3055555555555556,3624,-173.2333461849516,-0.21703841583828853,0.6167041611102458,0.6456823178271078,0.46818676169524803
long_max_Tlast,B,0.9599310885968813,0.3055555555555556,3625,-173.2864767038261,-0.2799277996900431,0.6360645777662849,0.650508694790248,0.0
long_max_Tlast,B,0.9599310885968813,0.3055555555555556,3626,-173.17339372794112,-0.14329032707877026,0.6167050962525809,0.6456832495674203,0.4681867553866894
long_max_Tlast,B,0.9599310885968813,0.3055555555555556,3627,-173.0116255941472,0.05440016712461582,0.6360711427063203,0.6505138353730252,0.0
long_max_Tlast,B,0.9599310885968813,0.3055555555555556,3628,-173.12073875744318,-0.07301343443943753,0.6167060420498094,0.6456841245640758,0.4681870929248244
long_max_Tlast,B,0.9599310885968813,0.3055555555555556,3629,-172.82088497873755,0.31281544313082443,0.6360743593747236,0.6505163142722874,0.0
long_max_Tlast,B,0.9599310885968813,0.3055555555555556,3630,-173.12969204721833,-0.03196788613856441,0.6167116833731006,0.6456893472408416,0.46818894443060277
long_max_Tlast,B,0.9599310885968813,0.3055555555555556,3631,-172.81909321874446,0.400630561680847,0.6360743565324891,0.6505163218312799,0.0
long_max_Tlast,B,0.9599310885968813,0.3055555555555556,3632,-173.23197171523952,-0.03519290793564395,0.616717650193654,0.6456942963060354,0.46819308250756225
long_max_Tlast,B,0.9599310885968813,0.3055555555555556,3633,-173.04190497871488,0.2856596551618552,0.6360781288903159,0.6505192859436152,0.0
long_max_Tlast,B,0.9599310885968813,0.3055555555555556,3634,-173.42505488743203,-0.0815009258891039,0.6167185611813766,0.6456948829515424,0.4681943604507663
long_max_Tlast,B,0.9599310885968813,0.3055555555555556,3635,-173.44267772218507,0.010030946996133439,0.6360851390909671,0.6505244488089715,0.0
long_max_Tlast,B,0.9599310885968813,0.3055555555555556,3636,-173.67317815866255,-0.15393181784608634,0.6167202104346358,0.6456963112821814,0.46819532662597607
long_max_Tlast,B,0.9599310885968813,0.3055555555555556,3637,-173.90953919099172,-0.3252582478802799,0.6360878466248644,0.6505263733589288,0.0
long_max_Tlast,B,0.9599310885968813,0.3055555555555556,3638,-173.9204068046175,-0.2259401179050397,0.6167276962568273,0.6457021244631898,0.468202145972439
long_max_Tlast,B,0.9599310885968813,0.3055555555555556,3639,-174.30639644925225,-0.5973556762032075,0.636087976129813,0.6505264726166026,0.0
long_max_Tlast,B,0.9599310885968813,0.3055555555555556,3640,-174.1111479268076,-0.2711395672147362,0.6167330544014868,0.6457064429361028,0.4682063556299069
long_max_Tlast,B,0.9599310885968813,0.3055555555555556,3641,-174.522797178066,-0.7065520552367378,0.6360928033746863,0.6505299939494549,0.0
long_max_Tlast,B,0.9599310885968813,0.3055555555555556,3642,-174.21049485132386,-0.27297463501487895,0.6167329939291694,0.6457065355598831,0.4682057479643388
long_max_Tlast,B,0.9599310885968813,0.3055555555555556,3643,-174.51445237976756,-0.6128316502328424,0.6360991397592901,0.6505348241605199,0.0
long_max_Tlast,B,0.9599310885968813,0.3055555555555556,3644,-174.2169869535454,-0.23076277628306963,0.6167354802722478,0.6457085069026519,0.46820790609568097
long_max_Tlast,B,0.9599310885968813,0.3055555555555556,3645,-174.31941225038983,-0.35053703551022625,0.6361005755624586,0.6505360292774831,0.0
long_max_Tlast,B,0.9599310885968813,0.3055555555555556,3646,-174.1632544377172,-0.15997454897157581,0.6167418086191082,0.6457141962212642,0.46821064199093704
long_max_Tlast,B,0.9599310885968813,0.3055555555555556,3647,-174.04408356230127,-0.01577316811827706,0.6361008333101725,0.6505362384529736,0.0
long_max_Tlast,B,0.9599310885968813,0.3055555555555556,3648,-174.103999321784,-0.08655480931391629,0.6167454025426579,0.6457175463220539,0.4682116835181074
long_max_Tlast,B,0.9599310885968813,0.3055555555555556,3649,-173.82435020305945,0.268791547483944,0.6361056302218616,0.6505400296554305,0.0
long_max_Tlast,B,0.9599310885968813,0.3055555555555556,3650,-174.09587192191228,-0.03739602551761442,0.6167452233825013,0.6457173115927467,0.46821191734096346
long_max_Tlast,B,0.9599310885968813,0.3055555555555556,3651,-173.7757449072511,0.3988819694799889,0.6361113029912133,0.6505443561426137,0.0
long_max_Tlast,B,0.9599310885968813,0.3055555555555556,3652,-174.1768371833802,-0.03051673201854277,0.6167477063061644,0.6457196278435005,0.4682127289732997
long_max_Tlast,B,0.9599310885968813,0.3055555555555556,3653,-173.95103994355756,0.32683179089370595,0.636112224947786,0.6505449324809697,0.0
long_max_Tlast,B,0.9599310885968813,0.3055555555555556,3654,-174.35223990629578,-0.0684413415825614,0.6167546580579173,0.6457252851971134,0.46821804739626377
long_max_Tlast,B,0.9599310885968813,0.3055555555555556,3655,-174.32098074890263,0.07903455295136985,0.6361126308921825,0.6505452679404714,0.0
long_max_Tlast,B,0.9599310885968813,0.3055555555555556,3656,-174.59278219992495,-0.13726623896975115,0.6167582505079696,0.6457278546809239,0.4682221519000368
long_max_Tlast,B,0.9599310885968813,0.3055555555555556,3657,-174.78500564432528,-0.25371146112668497,0.6361181196513308,0.650549303425503,0.0
long_max_Tlast,B,0.9599310885968813,0.3055555555555556,3658,-174.84530566005344,-0.21177934385767633,0.6167574959492369,0.6457272549995502,0.4682215622850078
long_max_Tlast,B,0.9599310885968813,0.3055555555555556,3659,-175.20807620077863,-0.5494745020896761,0.6361231535949768,0.6505529772523488,0.0
long_max_Tlast,B,0.9599310885968813,0.3055555555555556,3660,-175.05224901806446,-0.26467432881507985,0.6167610647638402,0.6457300280710498,0.46822487401415935
long_max_Tlast,B,0.9599310885968813,0.3055555555555556,3661,-175.4701577049742,-0.6998829826347867,0.6361228220775568,0.6505528156978702,0.0
long_max_Tlast,B,0.9599310885968813,0.3055555555555556,3662,-175.17277719209122,-0.2765648442076703,0.616767298509614,0.6457352224786904,0.46822916725618957
long_max_Tlast,B,0.9599310885968813,0.3055555555555556,3663,-175.51016943817146,-0.6498190273457705,0.6361234458113167,0.6505532942814071,0.0
long_max_Tlast,B,0.9599310885968813,0.3055555555555556,3664,-175.19773949889552,-0.24310313382932858,0.6167683022411604,0.6457365035359147,0.46822810356625744
long_max_Tlast,B,0.9599310885968813,0.3055555555555556,3665,-175.34843851073825,-0.4176228534257804,0.6361285853410319,0.6505572700987697,0.0
long_max_Tlast,B,0.9599310885968813,0.3055555555555556,3666,-175.152932489822,-0.17654292354864304,0.6167671775970907,0.6457356218899825,0.4682271764600505
long_max_Tlast,B,0.9599310885968813,0.3055555555555556,3667,-175.07924864421304,-0.08838121432457546,0.6361319828321833,0.6505600136248566,0.0
long_max_Tlast,B,0.9599310885968813,0.3055555555555556,3668,-175.08975116783438,-0.10127169371693934,0.6167703071072682,0.6457385007380095,0.4682283503679815
long_max_Tlast,B,0.9599310885968813,0.3055555555555556,3669,-174.83619387387205,0.21726591514019522,0.6361309769013161,0.65055922928946,0.0
long_max_Tlast,B,0.9599310885968813,0.3055555555555556,3670,-175.06637914410885,-0.04488086678853506,0.6167752974283409,0.645742954754809,0.4682306299352286
long_max_Tlast,B,0.9599310885968813,0.3055555555555556,3671,-174.74330506923576,0.3873186991338942,0.6361317011797051,0.6505598292288296,0.0
long_max_Tlast,B,0.9599310885968813,0.3055555555555556,3672,-175.12634491133346,-0.028025726992829958,0.6167761564742602,0.645743328115362,0.4682325642835684
long_max_Tlast,B,0.9599310885968813,0.3055555555555556,3673,-174.86963748847245,0.3594592812627802,0.636136730820657,0.6505636353787149,0.0
long_max_Tlast,B,0.9599310885968813,0.3055555555555556,3674,-175.2826413778393,-0.0568835666959904,0.6167749872259578,0.645742274420921,0.4682321561090657
long_max_Tlast,B,0.9599310885968813,0.3055555555555556,3675,-175.20388472581732,0.14389990569189637,0.6361394603307227,0.6505655021805065,0.0
long_max_Tlast,B,0.9599310885968813,0.3055555555555556,3676,-175.51299982343198,-0.1208863173170194,0.6167788092491266,0.645745348798288,0.46823529293439664
long_max_Tlast,B,0.9599310885968813,0.3055555555555556,3677,-175.6585450644494,-0.18037606349423213,0.6361376456963466,0.6505641254230461,0.0
long_max_Tlast,B,0.9599310885968813,0.3055555555555556,3678,-175.7679975169542,-0.1965743489820585,0.6167837865525746,0.6457491063139372,0.4682402419437217
long_max_Tlast,B,0.9599310885968813,0.3055555555555556,3679,-176.10199706688036,-0.4945470120622408,0.6361386074242036,0.6505648566941135,0.0
long_max_Tlast,B,0.9599310885968813,0.3055555555555556,3680,-175.98919254083526,-0.2562190234907648,0.6167825449807716,0.645748251904539,0.4682387005631413
long_max_Tlast,B,0.9599310885968813,0.3055555555555556,3681,-176.40673419680047,-0.6834850383846782,0.6361432428691534,0.6505683080303947,0.0
long_max_Tlast,B,0.9599310885968813,0.3055555555555556,3682,-176.13049914843978,-0.2779654410600503,0.6167808939627357,0.6457470131019055,0.4682371228703933
long_max_Tlast,B,0.9599310885968813,0.3055555555555556,3683,-176.49610294211516,-0.6779605380656886,0.6361439935859959,0.650569041421402,0.0
long_max_Tlast,B,0.9599310885968813,0.3055555555555556,3684,-176.17510979729497,-0.2538375985379283,0.6167843549443427,0.6457499918653897,0.4682392069584157
long_max_Tlast,B,0.9599310885968813,0.3055555555555556,3685,-176.37232015054673,-0.47999777541964017,0.6361413578219915,0.6505671406186672,0.0
long_max_Tlast,B,0.9599310885968813,0.3055555555555556,3686,-176.14170877073963,-0.19268643004334726,0.6167867314991415,0.6457524820289108,0.46823884746159716
long_max_Tlast,B,0.9599310885968813,0.3055555555555556,3687,-176.1157054637547,-0.16213237558318172,0.6361423607218563,0.6505679511990127,0.0
long_max_Tlast,B,0.9599310885968813,0.3055555555555556,3688,-176.07750627308008,-0.11691700527047849,0.6167845024551732,0.645750636684009,0.4682373007060923
long_max_Tlast,B,0.9599310885968813,0.3055555555555556,3689,-175.85531579931836,0.15915506666343399,0.636145989269574,0.6505708240580053,0.0
long_max_Tlast,B,0.9599310885968813,0.3055555555555556,3690,-176.04097688870954,-0.0542867996129531,0.6167831318595504,0.6457493982351886,0.4682368458712435
long_max_Tlast,B,0.9599310885968813,0.3055555555555556,3691,-175.7215519650709,0.3661365753034901,0.6361457738743498,0.6505705590984827,0.0
long_max_Tlast,B,0.9599310885968813,0.3055555555555556,3692,-176.08052774033007,-0.02775562461869463,0.6167863422005713,0.6457521860805323,0.46823867984667644
long_max_Tlast,B,0.9599310885968813,0.3055555555555556,3693,-175.7983859147929,0.3829686033142473,0.6361428953106696,0.650568307221691,0.0
long_max_Tlast,B,0.9599310885968813,0.3055555555555556,3694,-176.216658608809,-0.047041272767934295,0.6167887645735982,0.6457537619877809,0.4682420743056527
long_max_Tlast,B,0.9599310885968813,0.3055555555555556,3695,-176.09266263107762,0.203477697664612,0.6361440268574301,0.650569182117807,0.0
long_max_Tlast,B,0.9599310885968813,0.3055555555555556,3696,-176.43445469352653,-0.10507426758059463,0.6167857673946887,0.6457510482999909,0.46824090782504135
long_max_Tlast,B,0.9599310885968813,0.3055555555555556,3697,-176.5315449529907,-0.10656056776143291,0.6361472294273184,0.6505714532593307,0.0
long_max_Tlast,B,0.9599310885968813,0.3055555555555556,3698,-176.6890980672526,-0.18059699810071855,0.6167841002443192,0.6457497705535372,0.4682394345589121
long_max_Tlast,B,0.9599310885968813,0.3055555555555556,3699,-176.98920196481032,-0.43353852752254596,0.6361454299410564,0.6505701161126171,0.0
long_max_Tlast,B,0.9599310885968813,0.3055555555555556,3700,-176.92226078806465,-0.24592909638910576,0.6167873113858835,0.6457522990122886,0.4682422724174937
long_max_Tlast,B,0.9599310885968813,0.3055555555555556,3701,-177.33291254928136,-0.6576461869189953,0.6361418344129222,0.6505675382503949,0.0
long_max_Tlast,B,0.9599310885968813,0.3055555555555556,3702,-177.08351444254288,-0.2771343258808665,0.6167871154901463,0.6457524569759836,0.46824087895177713
long_max_Tlast,B,0.9599310885968813,0.3055555555555556,3703,-177.47169993554297,-0.6967589355557242,0.6361429734924835,0.6505684226817035,0.0
long_max_Tlast,B,0.9599310885968813,0.3055555555555556,3704,-177.14875558505327,-0.2627830859609387,0.6167823488135616,0.6457488234980112,0.4682363359052744
long_max_Tlast,B,0.9599310885968813,0.3055555555555556,3705,-177.3897252489386,-0.5365471894396667,0.636144630547139,0.6505698323562414,0.0
long_max_Tlast,B,0.9599310885968813,0.3055555555555556,3706,-177.12902576856473,-0.2081247120146839,0.6167809744346606,0.6457476531577379,0.4682356031515045
long_max_Tlast,B,0.9599310885968813,0.3055555555555556,3707,-177.15201967402666,-0.23572108540675507,0.6361414647957332,0.6505675138613689,0.0
long_max_Tlast,B,0.9599310885968813,0.3055555555555556,3708,-177.06657435490575,-0.13319494112060054,0.6167829858894439,0.645749614746507,0.46823591494728234
long_max_Tlast,B,0.9599310885968813,0.3055555555555556,3709,-176.88063383606328,0.09549092816535498,0.6361380156903194,0.6505648425242975,0.0
long_max_Tlast,B,0.9599310885968813,0.3055555555555556,3710,-177.01929038717242,-0.06545343632672318,0.616781983461437,0.6457486533290921,0.468235715677514
long_max_Tlast,B,0.9599310885968813,0.3055555555555556,3711,-176.71001665205196,0.33571839099888134,0.6361390635401082,0.6505656804587764,0.0
long_max_Tlast,B,0.9599310885968813,0.3055555555555556,3712,-177.03944522994564,-0.029713391300673908,0.6167776460612177,0.6457446133544033,0.4682344716750389
long_max_Tlast,B,0.9599310885968813,0.3055555555555556,3713,-176.73769425725953,0.3969354687897204,0.6361400452326154,0.6505663009031878,0.0
long_max_Tlast,B,0.9599310885968813,0.3055555555555556,3714,-177.15465026040243,-0.03907865590306195,0.6167763492284277,0.6457435554566106,0.4682335986891514
long_max_Tlast,B,0.9599310885968813,0.3055555555555556,3715,-176.98848932154476,0.2567151409531433,0.6361360928484874,0.6505631814240036,0.0
long_max_Tlast,B,0.9599310885968813,0.3055555555555556,3716,-177.35769298381035,-0.09011730334586171,0.6167785007137653,0.6457450893866914,0.4682361150356684
long_max_Tlast,B,0.9599310885968813,0.3055555555555556,3717,-177.4054861231852,-0.03356614102205158,0.6361323626948754,0.6505604552420257,0.0
long_max_Tlast,B,0.9599310885968813,0.3055555555555556,3718,-177.60915233404808,-0.16412219249102644,0.6167760767781473,0.6457429413689132,0.4682349468413146
long_max_Tlast,B,0.9599310885968813,0.3055555555555556,3719,-177.8708718054905,-0.36753752007175067,0.6361333865701841,0.6505612141550561,0.0
long_max_Tlast,B,0.9599310885968813,0.3055555555555556,3720,-177.85187549578342,-0.2339836162881561,0.616770059578647,0.6457383006822432,0.4682294257328081
long_max_Tlast,B,0.9599310885968813,0.3055555555555556,3721,-178.24911246170672,-0.6228194417510775,0.6361328856003992,0.6505608922862924,0.0
long_max_Tlast,B,0.9599310885968813,0.3055555555555556,3722,-178.03188864802547,-0.2740972440106747,0.6167689005784758,0.6457373952578505,0.4682284893037177
long_max_Tlast,B,0.9599310885968813,0.3055555555555556,3723,-178.4366042857348,-0.7058759911296423,0.6361274716244857,0.6505569914486699,0.0
long_max_Tlast,B,0.9599310885968813,0.3055555555555556,3724,-178.11823268022633,-0.26976429284681025,0.6167694999735029,0.6457381428306367,0.4682279450166122
long_max_Tlast,B,0.9599310885968813,0.3055555555555556,3725,-178.39960266617595,-0.5862715779237566,0.6361240108706437,0.6505543921564444,0.0
long_max_Tlast,B,0.9599310885968813,0.3055555555555556,3726,-178.11428036771858,-0.2225813475626734,0.6167651454013836,0.6457348021531356,0.4682238230909358
long_max_Tlast,B,0.9599310885968813,0.3055555555555556,3727,-178.1866663329951,-0.3078345075574295,0.6361247167478242,0.6505549829156217,0.0
long_max_Tlast,B,0.9599310885968813,0.3055555555555556,3728,-178.05642416232638,-0.14982869648651048,0.6167599101493968,0.6457301470620871,0.4682214530410478
long_max_Tlast,B,0.9599310885968813,0.3055555555555556,3729,-177.91083812623688,0.02740252163550272,0.6361231153857569,0.6505537802132988,0.0
long_max_Tlast,B,0.9599310885968813,0.3055555555555556,3730,-178.00085430580313,-0.0781672044012566,0.6167591342904787,0.6457294529812635,0.4682211932454684
long_max_Tlast,B,0.9599310885968813,0.3055555555555556,3731,-177.7081442835397,0.2966032779714134,0.636117617073003,0.6505494534069866,0.0
long_max_Tlast,B,0.9599310885968813,0.3055555555555556,3732,-178.00295534483027,-0.033863042551849826,0.6167594675389225,0.6457295854835426,0.4682219841792383
long_max_Tlast,B,0.9599310885968813,0.3055555555555556,3733,-177.6878360974596,0.4011236581843534,0.636114477721603,0.650547078865039,0.0
long_max_Tlast,B,0.9599310885968813,0.3055555555555556,3734,-178.09691763927628,-0.033141241649396164,0.6167551495418919,0.6457255045939215,0.4682209027342054
long_max_Tlast,B,0.9599310885968813,0.3055555555555556,3735,-177.89236219069016,0.3026647107123823,0.6361150676857251,0.6505474927895377,0.0
long_max_Tlast,B,0.9599310885968813,0.3055555555555556,3736,-178.2832894549014,-0.07627004375162216,0.6167493638026127,0.6457207844984154,0.46821661304091944
long_max_Tlast,B,0.9599310885968813,0.3055555555555556,3737,-178.2817561509298,0.03731204784577252,0.6361125141137688,0.6505454679424643,0.0
long_max_Tlast,B,0.9599310885968813,0.3055555555555556,3738,-178.52877472970357,-0.14744862861360628,0.6167486166051085,0.6457202507082703,0.4682158154717243
long_max_Tlast,B,0.9599310885968813,0.3055555555555556,3739,-178.74831509345694,-0.29770501758194384,0.6361060568945273,0.6505407453480726,0.0
long_max_Tlast,B,0.9599310885968813,0.3055555555555556,3740,-178.77840545867863,-0.22058876189288418,0.6167478300858855,0.6457196007550436,0.46821523331101156
long_max_Tlast,B,0.9599310885968813,0.3055555555555556,3741,-179.1560565800895,-0.5796278454152176,0.6361031749607122,0.650538663297586,0.0
long_max_Tlast,B,0.9599310885968813,0.3055555555555556,3742,-178.97571075185257,-0.26889765873596516,0.6167412150133315,0.6457145382304706,0.46820892756461974
long_max_Tlast,B,0.9599310885968813,0.3055555555555556,3743,-179.3905636187477,-0.7051495538639337,0.6361033360290284,0.6505388166742465,0.0
long_max_Tlast,B,0.9599310885968813,0.3055555555555556,3744,-179.08335593315124,-0.27467136538743864,0.6167357875599221,0.6457100742589424,0.46820504801085194
long_max_Tlast,B,0.9599310885968813,0.3055555555555556,3745,-179.40091906409623,-0.6282834309710156,0.6360994003021224,0.650535971708735,0.0
long_max_Tlast,B,0.9599310885968813,0.3055555555555556,3746,-179.09687674753607,-0.23578996121283108,0.616735480059079,0.6457097638123358,0.4682050995969819
long_max_Tlast,B,0.9599310885968813,0.3055555555555556,3747,-179.2182917898849,-0.377196844282086,0.6360931802273394,0.6505312073089788,0.0
long_max_Tlast,B,0.9599310885968813,0.3055555555555556,3748,-179.0463457057042,-0.16651129287314875,0.6167336673196023,0.6457083528889241,0.4682034301262127
long_max_Tlast,B,0.9599310885968813,0.3055555555555556,3749,-178.94457506636437,-0.043894085463272725,0.6360910902070449,0.6505295597856033,0.0
long_max_Tlast,B,0.9599310885968813,0.3055555555555556,3750,-178.98523963595952,-0.09221503156510566,0.6167278051490696,0.645703004957394,0.4682012138001639
long_max_Tlast,B,0.9599310885968813,0.3055555555555556,3751,-178.71508624134322,0.24948956523015747,0.6360909592487634,0.6505294471491214,0.0
long_max_Tlast,B,0.9599310885968813,0.3055555555555556,3752,-178.97091187502247,-0.04012172949204787,0.6167233619317809,0.6456990571574509,0.4681991959583859
long_max_Tlast,B,0.9599310885968813,0.3055555555555556,3753,-178.64888821851284,0.3954564014968611,0.6360866815708499,0.6505260374216061,0.0
long_max_Tlast,B,0.9599310885968813,0.3055555555555556,3754,-179.04363060972133,-0.029328610339525163,0.6167231046757816,0.6456988927261819,0.4681988466738518
long_max_Tlast,B,0.9599310885968813,0.3055555555555556,3755,-178.80520070622617,0.3405229048050288,0.6360805041534798,0.650521375146083,0.0
long_max_Tlast,B,0.9599310885968813,0.3055555555555556,3756,-179.21172774862225,-0.06378348023461888,0.6167210062391452,0.6456968804955767,0.468198385741719
long_max_Tlast,B,0.9599310885968813,0.3055555555555556,3757,-179.1617430007796,0.10481675312413485,0.6360787150245497,0.6505201318825424,0.0
long_max_Tlast,B,0.9599310885968813,0.3055555555555556,3758,-179.44858242714287,-0.13086138656546492,0.6167137926907149,0.6456910897014775,0.46819257014299515
long_max_Tlast,B,0.9599310885968813,0.3055555555555556,3759,-179.62285327901438,-0.22528638789618372,0.6360782063124701,0.6505197232314108,0.0
long_max_Tlast,B,0.9599310885968813,0.3055555555555556,3760,-179.7023927573218,-0.2059883226633259,0.616709202431994,0.6456876020068083,0.4681881593357527
long_max_Tlast,B,0.9599310885968813,0.3055555555555556,3761,-180.05455898355913,-0.5288310280845229,0.6360727535181815,0.6505157425472544,0.0
long_max_Tlast,B,0.9599310885968813,0.3055555555555556,3762,-179.91513377970588,-0.2616287704342368,0.616709217752478,0.6456875977094357,0.46818824082674754
long_max_Tlast,B,0.9599310885968813,0.3055555555555556,3763,-180.33365006576258,-0.6945962307107139,0.6360668534940721,0.6505113847444842,0.0
long_max_Tlast,B,0.9599310885968813,0.3055555555555556,3764,-180.04386103357356,-0.2774011523100087,0.6167055835110526,0.645684832328493,0.46818465875592524
long_max_Tlast,B,0.9599310885968813,0.3055555555555556,3765,-180.3928352062666,-0.6618396260490014,0.6360659786963598,0.6505106624316453,0.0
long_max_Tlast,B,0.9599310885968813,0.3055555555555556,3766,-180.0763805306579,-0.24752777440450752,0.6166988313536169,0.6456791130731021,0.46818038596540373
long_max_Tlast,B,0.9599310885968813,0.3055555555555556,3767,-180.24544443643452,-0.4425702144146173,0.6360649912984838,0.6505099373233484,0.0
long_max_Tlast,B,0.9599310885968813,0.3055555555555556,3768,-180.03573160975913,-0.18294669332198807,0.6166962185303116,0.6456765517561691,0.468180149086286
long_max_Tlast,B,0.9599310885968813,0.3055555555555556,3769,-179.98046527295574,-0.11713566709134154,0.6360595570288283,0.6505057081128964,0.0
long_max_Tlast,B,0.9599310885968813,0.3055555555555556,3770,-179.97183094159644,-0.10733116158693967,0.6166963561311395,0.6456766555395658,0.46818026731306717
long_max_Tlast,B,0.9599310885968813,0.3055555555555556,3771,-179.72994563826012,0.19522109745657723,0.6360547383465762,0.6505019292272062,0.0
long_max_Tlast,B,0.9599310885968813,0.3055555555555556,3772,-179.9430785579207,-0.04838727076007773,0.616693027296765,0.6456735361811614,0.46817926249752806
long_max_Tlast,B,0.9599310885968813,0.3055555555555556,3773,-179.62068857792724,0.38004288797985863,0.6360543286731095,0.6505016653341794,0.0
long_max_Tlast,B,0.9599310885968813,0.3055555555555556,3774,-179.99495911366617,-0.027705667599463024,0.6166867613145725,0.6456680999530323,0.4681758027715852
long_max_Tlast,B,0.9599310885968813,0.3055555555555556,3775,-179.72771698149145,0.36961223785911357,0.6360531098536136,0.650500670377324,0.0
long_max_Tlast,B,0.9599310885968813,0.3055555555555556,3776,-180.14346464857286,-0.052872536371138895,0.6166840890123702,0.645666200445672,0.4681727232583068
long_max_Tlast,B,0.9599310885968813,0.3055555555555556,3777,-180.04677509783926,0.16775604215052653,0.6360472646753602,0.6504962799949318,0.0
long_max_Tlast,B,0.9599310885968813,0.3055555555555556,3778,-180.36916756596696,-0.1146622754871901,0.61668427727321,0.64566636987535,0.4681727609178095
long_max_Tlast,B,0.9599310885968813,0.3055555555555556,3779,-180.49593878005476,-0.15156513943474076,0.6360428118371878,0.6504931025922197,0.0
long_max_Tlast,B,0.9599310885968813,0.3055555555555556,3780,-180.6243427694073,-0.1904312363175107,0.6166796901071455,0.6456627379991383,0.4681687943465936
long_max_Tlast,B,0.9599310885968813,0.3055555555555556,3781,-180.94560723348724,-0.4713412706878626,0.6360430992978809,0.6504933183707736,0.0
long_max_Tlast,B,0.9599310885968813,0.3055555555555556,3782,-180.85047443432506,-0.2524227683701843,0.616673213768023,0.6456576643292975,0.4681630869245775
long_max_Tlast,B,0.9599310885968813,0.3055555555555556,3783,-181.26600764482865,-0.6744006782562295,0.6360413466535749,0.6504920281892057,0.0
long_max_Tlast,B,0.9599310885968813,0.3055555555555556,3784,-180.99966802567405,-0.2779146460646955,0.6166724334974453,0.6456568005645389,0.46816341135386563
long_max_Tlast,B,0.9599310885968813,0.3055555555555556,3785,-181.37472473750063,-0.6863453975252972,0.6360356046003843,0.6504877137673388,0.0
long_max_Tlast,B,0.9599310885968813,0.3055555555555556,3786,-181.05226145397938,-0.25756927614177016,0.6166727442348885,0.6456570152011372,0.4681637418416764
long_max_Tlast,B,0.9599310885968813,0.3055555555555556,3787,-181.2668807540067,-0.5027965192731547,0.6360328022246552,0.650485437288493,0.0
long_max_Tlast,B,0.9599310885968813,0.3055555555555556,3788,-181.02397822356647,-0.19884749514091324,0.616668437546639,0.6456532569080249,0.4681613723420628
long_max_Tlast,B,0.9599310885968813,0.3055555555555556,3789,-181.01699693139327,-0.19101254173369636,0.6360337274645028,0.6504860931987538,0.0
long_max_Tlast,B,0.9599310885968813,0.3055555555555556,3790,-180.96012352770904,-0.12325599929898864,0.616664065086463,0.6456491155359874,0.4681603219510496
long_max_Tlast,B,0.9599310885968813,0.3055555555555556,3791,-180.7516344117043,0.13476094914744302,0.6360318670214207,0.650484608389682,0.0
long_max_Tlast,B,0.9599310885968813,0.3055555555555556,3792,-180.91909623691035,-0.05849805781517364,0.616663975386219,0.6456490965512334,0.4681600485955377
long_max_Tlast,B,0.9599310885968813,0.3055555555555556,3793,-180.6029747614103,0.3551604195066396,0.6360267243340016,0.6504806027225636,0.0
long_max_Tlast,B,0.9599310885968813,0.3055555555555556,3794,-180.95093534871057,-0.028305770396131025,0.6166642054367919,0.6456492948118241,0.46816010179841183
long_max_Tlast,B,0.9599310885968813,0.3055555555555556,3795,-180.66047637900405,0.3894257621284937,0.6360246468542741,0.6504791597886777,0.0
long_max_Tlast,B,0.9599310885968813,0.3055555555555556,3796,-181.07892605764644,-0.04373300832387378,0.6166597012345774,0.6456454645452901,0.46815723649901453
long_max_Tlast,B,0.9599310885968813,0.3055555555555556,3797,-180.9380677100981,0.22500381024838684,0.6360259104098253,0.6504801656874225,0.0
long_max_Tlast,B,0.9599310885968813,0.3055555555555556,3798,-181.29115487975,-0.09913264646386988,0.6166549989604769,0.6456419950847477,0.4681522551910129
long_max_Tlast,B,0.9599310885968813,0.3055555555555556,3799,-181.3690043934945,-0.07785271819219286,0.6360236946987706,0.6504784943159638,0.0
long_max_Tlast,B,0.9599310885968813,0.3055555555555556,3800,-181.5448459152303,-0.17420437787511237,0.6166558813776799,0.6456428459045396,0.46815239863225705
long_max_Tlast,B,0.9599310885968813,0.3055555555555556,3801,-181.8303642239734,-0.40817717225465927,0.6360187191845706,0.6504748795794474,0.0
long_max_Tlast,B,0.9599310885968813,0.3055555555555556,3802,-181.78202320181515,-0.24143570877433337,0.6166561378952936,0.6456430184492162,0.4681526514122665
long_max_Tlast,B,0.9599310885968813,0.3055555555555556,3803,-182.1880714187501,-0.6449321922297999,0.6360181923335614,0.6504744346086664,0.0
long_max_Tlast,B,0.9599310885968813,0.3055555555555556,3804,-181.95077251165955,-0.27619958716846915,0.6166514835242012,0.6456392651200672,0.46814889825338973
long_max_Tlast,B,0.9599310885968813,0.3055555555555556,3805,-182.34604766040093,-0.7013648801742952,0.636020094805163,0.6504757789071521,0.0
long_max_Tlast,B,0.9599310885968813,0.3055555555555556,3806,-182.02421636568252,-0.26575191695875056,0.616649321931932,0.6456370702423191,0.46814895764400094
long_max_Tlast,B,0.9599310885968813,0.3055555555555556,3807,-182.2814067362377,-0.5568033197769444,0.6360178139262832,0.6504740223285641,0.0
long_max_Tlast,B,0.9599310885968813,0.3055555555555556,3808,-182.01043263898978,-0.21391915875505307,0.6166517241687748,0.6456388290465764,0.46815153397636494
long_max_Tlast,B,0.9599310885968813,0.3055555555555556,3809,-182.05278552829677,-0.2642145807302407,0.6360141988579154,0.6504711128938339,0.0
long_max_Tlast,B,0.9599310885968813,0.3055555555555556,3810,-181.94948656464038,-0.13970265204517712,0.6166518755613678,0.6456389367732818,0.4681516116686727
long_max_Tlast,B,0.9599310885968813,0.3055555555555556,3811,-181.77893690755164,0.06919301937456174,0.6360149137128723,0.6504716226981223,0.0
long_max_Tlast,B,0.9599310885968813,0.3055555555555556,3812,-181.8986553525045,-0.07028776883368054,0.6166482663351596,0.6456356028960126,0.4681503462596116
long_max_Tlast,B,0.9599310885968813,0.3055555555555556,3813,-181.59521585899947,0.3212511130035817,0.6360168743013794,0.6504731534889604,0.0
long_max_Tlast,B,0.9599310885968813,0.3055555555555556,3814,-181.91153821185182,-0.03110914348605881,0.6166466114283273,0.6456344167206295,0.4681484572142881
long_max_Tlast,B,0.9599310885968813,0.3055555555555556,3815,-181.6038993518678,0.3996074898238396,0.6360146125985114,0.6504713887217703,0.0
long_max_Tlast,B,0.9599310885968813,0.3055555555555556,3816,-182.0184285509098,-0.03652924381440298,0.6166490025563507,0.6456367437945347,0.46814874709000337
long_max_Tlast,B,0.9599310885968813,0.3055555555555556,3817,-181.83677449478677,0.275549721051659,0.6360114780716615,0.6504691605014642,0.0
long_max_Tlast,B,0.9599310885968813,0.3055555555555556,3818,-182.21512614318118,-0.08455388186803878,0.6166490797555682,0.6456367790145262,0.46814881473790765
long_max_Tlast,B,0.9599310885968813,0.3055555555555556,3819,-182.2435087806192,-0.005467557453946503,0.6360131931566803,0.6504705572079529,0.0
long_max_Tlast,B,0.9599310885968813,0.3055555555555556,3820,-182.4645320490265,-0.15758910716733274,0.616645091957553,0.645633753753459,0.468144861175655
long_max_Tlast,B,0.9599310885968813,0.3055555555555556,3821,-182.7100488444687,-0.3404698803338733,0.6360155409155852,0.6504722547027372,0.0
long_max_Tlast,B,0.9599310885968813,0.3055555555555556,3822,-182.7102414550843,-0.2288753701433479,0.6166451430613015,0.6456338145916882,0.4681448246705193
long_max_Tlast,B,0.9599310885968813,0.3055555555555556,3823,-183.100430988108,-0.6067113035792444,0.63601323538483,0.6504705405252122,0.0
long_max_Tlast,B,0.9599310885968813,0.3055555555555556,3824,-182.8972011696844,-0.27228518198396634,0.6166492282265414,0.6456368912354582,0.46814886064461336
long_max_Tlast,B,0.9599310885968813,0.3055555555555556,3825,-183.30657970721947,-0.7066379800183783,0.6360116395759644,0.6504692378062077,0.0
long_max_Tlast,B,0.9599310885968813,0.3055555555555556,3826,-182.99190953132376,-0.2719199157145997,0.6166492096125609,0.6456368475980128,0.46814885965965225
long_max_Tlast,B,0.9599310885968813,0.3055555555555556,3827,-183.2879361690886,-0.6036303647754216,0.6360148944493144,0.6504715391669521,0.0
long_max_Tlast,B,0.9599310885968813,0.3055555555555556,3828,-182.99462116484102,-0.2279105361358432,0.616646926101317,0.6456346013969707,0.46814859121367725
long_max_Tlast,B,0.9599310885968813,0.3055555555555556,3829,-183.08634242157666,-0.3354352974272338,0.6360171862951279,0.6504732671743637,0.0
long_max_Tlast,B,0.9599310885968813,0.3055555555555556,3830,-182.9393057373615,-0.1563760584792011,0.6166487703497461,0.6456359155548556,0.46815072600750685
long_max_Tlast,B,0.9599310885968813,0.3055555555555556,3831,-182.81062634061826,-0.0003211279161861036,0.6360152946650088,0.6504717439120486,0.0
long_max_Tlast,B,0.9599310885968813,0.3055555555555556,3832,-182.881255384743,-0.08353744847435685,0.616652457506734,0.6456392664665135,0.4681521028495321
long_max_Tlast,B,0.9599310885968813,0.3055555555555556,3833,-182.5967724552797,0.2789241424281457,0.6360147438648301,0.6504713428906411,0.0
long_max_Tlast,B,0.9599310885968813,0.3055555555555556,3834,-182.8767081977383,-0.03607919033163562,0.6166523598459605,0.6456391527592166,0.46815206590361164
long_max_Tlast,B,0.9599310885968813,0.3055555555555556,3835,-182.5581526921761,0.3999764787799962,0.6360184275593949,0.6504742867756762,0.0
long_max_Tlast,B,0.9599310885968813,0.3055555555555556,3836,-182.96228291929344,-0.03138628334904392,0.6166501336397184,0.6456375017872826,0.46814971028801633
long_max_Tlast,B,0.9599310885968813,0.3055555555555556,3837,-182.7438987261183,0.3184839442325311,0.6360206977042386,0.6504759835664865,0.0
long_max_Tlast,B,0.9599310885968813,0.3055555555555556,3838,-183.14162888372607,-0.07118615386928198,0.6166523782052392,0.6456397821061348,0.4681496413651435
long_max_Tlast,B,0.9599310885968813,0.3055555555555556,3839,-183.12091343664372,0.06430591237825367,0.6360188843219763,0.6504746665275296,0.0
long_max_Tlast,B,0.9599310885968813,0.3055555555555556,3840,-183.38401295908363,-0.14088948006016414,0.6166570094217207,0.6456434981692646,0.4681533121150579
long_max_Tlast,B,0.9599310885968813,0.3055555555555556,3841,-183.5860383225962,-0.26942813885123396,0.6360195185426258,0.6504752062242681,0.0
long_max_Tlast,B,0.9599310885968813,0.3055555555555556,3842,-183.63559873998443,-0.21495629298706892,0.6166568137345952,0.6456433229851612,0.46815314380871076
long_max_Tlast,B,0.9599310885968813,0.3055555555555556,3843,-184.00382660667228,-0.5604277959467073,0.6360244903237013,0.650478804907816,0.0
long_max_Tlast,B,0.9599310885968813,0.3055555555555556,3844,-183.83917673309585,-0.26625143626599646,0.6166560266118373,0.645642572537436,0.4681529553455343
long_max_Tlast,B,0.9599310885968813,0.3055555555555556,3845,-184.25618745880377,-0.7020666266118845,0.6360266865753953,0.6504804019224951,0.0
long_max_Tlast,B,0.9599310885968813,0.3055555555555556,3846,-183.95511838292902,-0.27597082171386433,0.6166607752856089,0.645646082353138,0.46815795703386776
long_max_Tlast,B,0.9599310885968813,0.3055555555555556,3847,-184.28562087142586,-0.6424473260919519,0.6360255061175623,0.6504794376711774,0.0
long_max_Tlast,B,0.9599310885968813,0.3055555555555556,3848,-183.97595222051527,-0.2405583642944693,0.6166652755859153,0.645649843097314,0.4681609312804349
long_max_Tlast,B,0.9599310885968813,0.3055555555555556,3849,-184.11629771764765,-0.40340862587825255,0.6360276817217896,0.650480955272819,0.0
long_max_Tlast,B,0.9599310885968813,0.3055555555555556,3850,-183.92902165265863,-0.17299155123707505,0.6166650911980049,0.6456496473489162,0.46816089431936975
long_max_Tlast,B,0.9599310885968813,0.3055555555555556,3851,-183.84527186134054,-0.07253931727660784,0.6360327866773529,0.6504848966985101,0.0
long_max_Tlast,B,0.9599310885968813,0.3055555555555556,3852,-183.86646351822728,-0.09801820509146608,0.6166653306916113,0.6456497685927012,0.46816135974821416
long_max_Tlast,B,0.9599310885968813,0.3055555555555556,3853,-183.6068380429774,0.22892504878996867,0.6360345995742255,0.6504862957512869,0.0
long_max_Tlast,B,0.9599310885968813,0.3055555555555556,3854,-183.8462125878606,-0.04311741343723602,0.6166697137361193,0.6456538944200524,0.46816250391700226
long_max_Tlast,B,0.9599310885968813,0.3055555555555556,3855,-183.52330908156392,0.3905260115195311,0.6360337748495837,0.6504856928990227,0.0
long_max_Tlast,B,0.9599310885968813,0.3055555555555556,3856,-183.9106856657341,-0.028406120965735526,0.6166739030325774,0.6456575317537074,0.4681647322633905
long_max_Tlast,B,0.9599310885968813,0.3055555555555556,3857,-183.66028812585412,0.3530439162381685,0.6360366089101341,0.6504880024326293,0.0
long_max_Tlast,B,0.9599310885968813,0.3055555555555556,3858,-184.07120955953803,-0.05926799981709699,0.6166736483216567,0.6456573249925871,0.4681644832035762
long_max_Tlast,B,0.9599310885968813,0.3055555555555556,3859,-184.002582251828,0.1302130068702218,0.6360422031258818,0.6504921917320406,0.0
long_max_Tlast,B,0.9599310885968813,0.3055555555555556,3860,-184.30395282295058,-0.12440194514994438,0.6166744807828111,0.6456582537209684,0.46816414320467714
long_max_Tlast,B,0.9599310885968813,0.3055555555555556,3861,-184.45974187756556,-0.19631636028257088,0.6360438964063486,0.6504933912701607,0.0
long_max_Tlast,B,0.9599310885968813,0.3055555555555556,3862,-184.55862005942276,-0.19993805947340612,0.6166807980277038,0.6456632259781822,0.4681696076754259
long_max_Tlast,B,0.9599310885968813,0.3055555555555556,3863,-184.8992325769876,-0.5069037816122307,0.6360436748326407,0.6504932266021641,0.0
long_max_Tlast,B,0.9599310885968813,0.3055555555555556,3864,-184.77688412847698,-0.25819628058923794,0.616685269432285,0.6456667100179656,0.46817355641399705
long_max_Tlast,B,0.9599310885968813,0.3055555555555556,3865,-185.19498783103592,-0.6877397884322128,0.6360480710357094,0.6504963826429506,0.0
long_max_Tlast,B,0.9599310885968813,0.3055555555555556,3866,-184.91375248325207,-0.2778360959273327,0.6166851136964114,0.6456665516671488,0.4681735222248983
long_max_Tlast,B,0.9599310885968813,0.3055555555555556,3867,-185.27363529688665,-0.672559040260746,0.6360537417650631,0.6505006033062076,0.0
long_max_Tlast,B,0.9599310885968813,0.3055555555555556,3868,-184.95402309549718,-0.25165240029957203,0.6166877948967665,0.6456684777225912,0.4681765843879263
long_max_Tlast,B,0.9599310885968813,0.3055555555555556,3869,-185.14134531322193,-0.4669253713605124,0.6360549005943235,0.6505015127113533,0.0
long_max_Tlast,B,0.9599310885968813,0.3055555555555556,3870,-184.9179424755278,-0.18924067708456005,0.6166939270936366,0.645673757486956,0.46818011224996026
long_max_Tlast,B,0.9599310885968813,0.3055555555555556,3871,-184.88153435245016,-0.14618054184561025,0.6360553663664514,0.6505018225474574,0.0
long_max_Tlast,B,0.9599310885968813,0.3055555555555556,3872,-184.85373922396874,-0.11347624872606549,0.6166971021032559,0.6456767072891954,0.46818103654785637
long_max_Tlast,B,0.9599310885968813,0.3055555555555556,3873,-184.62439540782944,0.17214788969358213,0.6360600809418233,0.6505055240759491,0.0
long_max_Tlast,B,0.9599310885968813,0.3055555555555556,3874,-184.81987752717086,-0.05211095502647406,0.6166969993298861,0.6456766182947482,0.468180961550751
long_max_Tlast,B,0.9599310885968813,0.3055555555555556,3875,-184.49916140603145,0.3714151986403904,0.6360652610584638,0.6505095383643766,0.0
long_max_Tlast,B,0.9599310885968813,0.3055555555555556,3876,-184.86375002200825,-0.02763400386885434,0.616699580055639,0.6456791550364089,0.46818125051715836
long_max_Tlast,B,0.9599310885968813,0.3055555555555556,3877,-184.5866788288944,0.3786083150083793,0.6360661772860338,0.6505101855039783,0.0
long_max_Tlast,B,0.9599310885968813,0.3055555555555556,3878,-185.00429337258146,-0.0490187932500033,0.6167060075354648,0.6456846288238477,0.46818518296398015
long_max_Tlast,B,0.9599310885968813,0.3055555555555556,3879,-184.88985644274447,0.19108494353234035,0.6360670655764815,0.6505109352780808,0.0
long_max_Tlast,B,0.9599310885968813,0.3055555555555556,3880,-185.22497759542892,-0.10842225098362435,0.6167094414636907,0.645687209104204,0.4681885909106884
long_max_Tlast,B,0.9599310885968813,0.3055555555555556,3881,-185.33260147192078,-0.12244500885072412,0.6360727253698399,0.6505151434214718,0.0
long_max_Tlast,B,0.9599310885968813,0.3055555555555556,3882,-185.47991750518503,-0.18408338396479976,0.6167094383591373,0.6456872258449036,0.46818851678381646
long_max_Tlast,B,0.9599310885968813,0.3055555555555556,3883,-185.7876695632381,-0.4470935042331976,0.6360778870067656,0.6505188803288546,0.0
long_max_Tlast,B,0.9599310885968813,0.3055555555555556,3884,-185.71067389847016,-0.24827709575652682,0.6167138380229831,0.6456906132443722,0.46819266015799765
long_max_Tlast,B,0.9599310885968813,0.3055555555555556,3885,-186.12329776689108,-0.6639060777275858,0.6360783453684473,0.6505192302730446,0.0
long_max_Tlast,B,0.9599310885968813,0.3055555555555556,3886,-185.86768162080025,-0.27747626799888003,0.6167207271994349,0.6456961096274612,0.4681983261318095
long_max_Tlast,B,0.9599310885968813,0.3055555555555556,3887,-186.25146259909786,-0.6934343639460372,0.6360800932219187,0.650520475270407,0.0
long_max_Tlast,B,0.9599310885968813,0.3055555555555556,3888,-185.92841487949624,-0.2609895939274611,0.6167226845376059,0.6456979547709906,0.4681987906966461
long_max_Tlast,B,0.9599310885968813,0.3055555555555556,3889,-186.16018695321674,-0.5248524210716992,0.6360859932163762,0.6505249312026498,0.0
long_max_Tlast,B,0.9599310885968813,0.3055555555555556,3890,-185.9055669287695,-0.2048519755165875,0.6167229323392199,0.6456981281050665,0.4681991098072009
long_max_Tlast,B,0.9599310885968813,0.3055555555555556,3891,-185.91792895881218,-0.21993442630492888,0.6360899802727592,0.6505280882804368,0.0
long_max_Tlast,B,0.9599310885968813,0.3055555555555556,3892,-185.84248476097696,-0.1296300524542849,0.6167271998377495,0.645701922439225,0.4682011468627153
long_max_Tlast,B,0.9599310885968813,0.3055555555555556,3893,-185.64841156824474,0.10959450783823105,0.6360900619255642,0.6505281623780689,0.0
long_max_Tlast,B,0.9599310885968813,0.3055555555555556,3894,-185.7973106096496,-0.06289620476182761,0.6167326701772737,0.6457069284444962,0.4682031305259875
long_max_Tlast,B,0.9599310885968813,0.3055555555555556,3895,-185.48535969864898,0.3429868135766847,0.6360920762601666,0.650529781023119,0.0
long_max_Tlast,B,0.9599310885968813,0.3055555555555556,3896,-185.82155963090452,-0.029096465956909456,0.616734283845078,0.6457081802168807,0.4682045786231107
long_max_Tlast,B,0.9599310885968813,0.3055555555555556,3897,-185.52353726439324,0.39471605601620136,0.6360979104399014,0.6505342768192041,0.0
long_max_Tlast,B,0.9599310885968813,0.3055555555555556,3898,-185.94130875973283,-0.040615428769232714,0.6167345712634951,0.6457084909386888,0.468204540526057
long_max_Tlast,B,0.9599310885968813,0.3055555555555556,3899,-185.78393780878943,0.24582945147564833,0.63610151876558,0.650536868633181,0.0
long_max_Tlast,B,0.9599310885968813,0.3055555555555556,3900,-186.1476848057996,-0.09323909932456964,0.616739635519149,0.6457127156134254,0.46820803998772864
long_max_Tlast,B,0.9599310885968813,0.3055555555555556,3901,-186.206115558559,-0.049121445641869876,0.6361013332323405,0.650536703074334,0.0
long_max_Tlast,B,0.9599310885968813,0.3055555555555556,3902,-186.40005163188331,-0.16767831623813814,0.6167457771501113,0.6457174024552912,0.46821392476819257
long_max_Tlast,B,0.9599310885968813,0.3055555555555556,3903,-186.67035801206228,-0.3820632494518038,0.6361040510375521,0.6505387147211559,0.0
long_max_Tlast,B,0.9599310885968813,0.3055555555555556,3904,-186.6409227723623,-0.2366604462830358,0.616746464635056,0.6457179410560229,0.4682145238428843
long_max_Tlast,B,0.9599310885968813,0.3055555555555556,3905,-187.0415419610218,-0.6309916742568811,0.636110073438478,0.6505431253169119,0.0
long_max_Tlast,B,0.9599310885968813,0.3055555555555556,3906,-186.81700691046265,-0.2749103297423812,0.6167471401007601,0.6457184603335134,0.46821521089216606
long_max_Tlast,B,0.9599310885968813,0.3055555555555556,3907,-187.21865755858792,-0.7046940346020034,0.6361123761662064,0.6505449306722757,0.0
long_max_Tlast,B,0.9599310885968813,0.3055555555555556,3908,-186.89875470799808,-0.26840454362720645,0.6167525615248322,0.6457228907217862,0.46821931509711245
long_max_Tlast,B,0.9599310885968813,0.3055555555555556,3909,-187.1717683800244,-0.5761627737140937,0.6361117815201991,0.6505445330179782,0.0
long_max_Tlast,B,0.9599310885968813,0.3055555555555556,3910,-186.89123392332422,-0.2195347194374542,0.6167565146054419,0.6457266147568432,0.4682203299369989
long_max_Tlast,B,0.9599310885968813,0.3055555555555556,3911,-186.95301760980936,-0.29248913259791476,0.636114727578872,0.6505468009110049,0.0
long_max_Tlast,B,0.9599310885968813,0.3055555555555556,3912,-186.8321707581682,-0.14620660577540628,0.6167560855594586,0.6457264129520843,0.46821943454077275
long_max_Tlast,B,0.9599310885968813,0.3055555555555556,3913,-186.67758169243234,0.04237822568414318,0.6361197767750746,0.6505507905934201,0.0
long_max_Tlast,B,0.9599310885968813,0.3055555555555556,3914,-186.77815592427646,-0.0752822300481108,0.6167567902367396,0.6457270786203488,0.4682196828526866
long_max_Tlast,B,0.9599310885968813,0.3055555555555556,3915,-186.48137182719046,0.3057356798367405,0.6361211338710758,0.6505518120158574,0.0
long_max_Tlast,B,0.9599310885968813,0.3055555555555556,3916,-186.7840020939677,-0.03275944545752066,0.6167615762023696,0.6457313873585964,0.46822175495972496
long_max_Tlast,B,0.9599310885968813,0.3055555555555556,3917,-186.4712393493792,0.4010823332218989,0.6361204392874712,0.6505512632125376,0.0
long_max_Tlast,B,0.9599310885968813,0.3055555555555556,3918,-186.88255968747842,-0.03421722073890501,0.6167654565891292,0.6457343742450509,0.4682253720424643
long_max_Tlast,B,0.9599310885968813,0.3055555555555556,3919,-186.68589873411827,0.29347357741763985,0.6361236263121065,0.6505537123911357,0.0
long_max_Tlast,B,0.9599310885968813,0.3055555555555556,3920,-187.07267586916245,-0.07911769935487115,0.6167648259855965,0.6457336157768937,0.4682258807048861
long_max_Tlast,B,0.9599310885968813,0.3055555555555556,3921,-187.08169042251728,0.022342218590197915,0.63612853812744,0.6505572622152028,0.0
long_max_Tlast,B,0.9599310885968813,0.3055555555555556,3922,-187.31967694307647,-0.15101551420503073,0.6167658505181786,0.6457344688778364,0.4682266640842616
long_max_Tlast,B,0.9599310885968813,0.3055555555555556,3923,-187.54856778948184,-0.3129616830334814,0.636128899501875,0.6505574704347329,0.0
long_max_Tlast,B,0.9599310885968813,0.3055555555555556,3924,-187.56803990144198,-0.22355996944069323,0.6167713412679618,0.6457387228462776,0.4682317256277946
long_max_Tlast,B,0.9599310885968813,0.3055555555555556,3925,-187.9504315357769,-0.5895778301926432,0.6361279177924848,0.6505567817258006,0.0
long_max_Tlast,B,0.9599310885968813,0.3055555555555556,3926,-187.76175855141733,-0.27017014994430805,0.6167734911251963,0.6457405951142992,0.4682328776555411
long_max_Tlast,B,0.9599310885968813,0.3055555555555556,3927,-188.17499931194664,-0.7061406487479032,0.6361313367899518,0.6505593239828694,0.0
long_max_Tlast,B,0.9599310885968813,0.3055555555555556,3928,-187.86483172430854,-0.27377182251297494,0.6167714085232494,0.6457391230341261,0.4682304584823216
long_max_Tlast,B,0.9599310885968813,0.3055555555555556,3929,-188.1749929063016,-0.619937627942787,0.6361348752468488,0.6505621184643313,0.0
long_max_Tlast,B,0.9599310885968813,0.3055555555555556,3930,-187.87444169298226,-0.23303642020133866,0.6167725643310229,0.6457401106257404,0.4682312405775171
long_max_Tlast,B,0.9599310885968813,0.3055555555555556,3931,-187.98540371725437,-0.3625581030719159,0.6361338432330186,0.6505614622240763,0.0
long_max_Tlast,B,0.9599310885968813,0.3055555555555556,3932,-187.82208238842958,-0.16289577724915746,0.6167764598815333,0.6457437650593398,0.4682323494528712
long_max_Tlast,B,0.9599310885968813,0.3055555555555556,3933,-187.71065073055175,-0.028309035360648716,0.6361328438235223,0.650560713754147,0.0
long_max_Tlast,B,0.9599310885968813,0.3055555555555556,3934,-187.76194399772507,-0.08905538414271755,0.616777186301328,0.6457445157031717,0.46823227729577604
long_max_Tlast,B,0.9599310885968813,0.3055555555555556,3935,-187.48641511587985,0.26032744964626947,0.6361359553349522,0.6505631734654236,0.0
long_max_Tlast,B,0.9599310885968813,0.3055555555555556,3936,-187.75100695252755,-0.03856349595043326,0.6167752476204809,0.6457426703612702,0.4682319070037413
long_max_Tlast,B,0.9599310885968813,0.3055555555555556,3937,-187.42987247467795,0.39758504310569187,0.6361387019376267,0.6505651990744631,0.0
long_max_Tlast,B,0.9599310885968813,0.3055555555555556,3938,-187.8282741140463,-0.029928368143636308,0.6167764439557782,0.645743746685573,0.46823250561826096
long_max_Tlast,B,0.9599310885968813,0.3055555555555556,3939,-187.59670491244447,0.3331713048657804,0.6361370808295089,0.6505638388386689,0.0
long_max_Tlast,B,0.9599310885968813,0.3055555555555556,3940,-188.00043912657628,-0.06631558679117364,0.6167806514685069,0.6457469837900381,0.46823646917335093
long_max_Tlast,B,0.9599310885968813,0.3055555555555556,3941,-187.9607630892309,0.09068371566186856,0.6361360148561408,0.6505630624696788,0.0
long_max_Tlast,B,0.9599310885968813,0.3055555555555556,3942,-188.23939149609916,-0.1343862505599327,0.6167807213124508,0.6457467242398742,0.4682377654207057
long_max_Tlast,B,0.9599310885968813,0.3055555555555556,3943,-188.42363814196327,-0.24102179782693955,0.6361392284501767,0.6505654081795395,0.0
long_max_Tlast,B,0.9599310885968813,0.3055555555555556,3944,-188.49255797768188,-0.20920431983149518,0.6167777349571276,0.6457443932454027,0.4682351681740159
long_max_Tlast,B,0.9599310885968813,0.3055555555555556,3945,-188.85071255600667,-0.5403951196706342,0.636140748470878,0.6505665262796599,0.0
long_max_Tlast,B,0.9599310885968813,0.3055555555555556,3946,-188.70214377391227,-0.26335070535759303,0.61677919077305,0.645745557378704,0.4682364408274861
long_max_Tlast,B,0.9599310885968813,0.3055555555555556,3947,-189.12048345290523,-0.6977419108483558,0.6361377448750309,0.6505644074817413,0.0
long_max_Tlast,B,0.9599310885968813,0.3055555555555556,3948,-188.82635007921948,-0.2769830268162513,0.6167818241129538,0.6457479359636014,0.4682375445410301
long_max_Tlast,B,0.9599310885968813,0.3055555555555556,3949,-189.16905850981766,-0.6554030207958448,0.6361366887818087,0.6505636500991068,0.0
long_max_Tlast,B,0.9599310885968813,0.3055555555555556,3950,-188.8546724117637,-0.24511418945418065,0.6167794721561691,0.6457463911482797,0.46823431589717956
long_max_Tlast,B,0.9599310885968813,0.3055555555555556,3951,-189.01363565155708,-0.4288918041294398,0.6361392295619239,0.6505656715117132,0.0
long_max_Tlast,B,0.9599310885968813,0.3055555555555556,3952,-188.81167985546705,-0.17941426373259636,0.6167764715510375,0.6457438458717034,0.468232512725388
long_max_Tlast,B,0.9599310885968813,0.3055555555555556,3953,-188.74618159007332,-0.10121333370139929,0.6361392681135893,0.6505658039129787,0.0
long_max_Tlast,B,0.9599310885968813,0.3055555555555556,3954,-188.74811404492314,-0.10395840005530801,0.616777649531735,0.6457449591826889,0.46823288733312407
long_max_Tlast,B,0.9599310885968813,0.3055555555555556,3955,-188.49965581271297,0.20756429215869399,0.6361358980603807,0.6505631695592302,0.0
long_max_Tlast,B,0.9599310885968813,0.3055555555555556,3956,-188.72229117519913,-0.046403712600845026,0.6167794844351276,0.6457465155041383,0.4682340482528441
long_max_Tlast,B,0.9599310885968813,0.3055555555555556,3957,-188.39937072153526,0.3842938289088421,0.6361349758430179,0.6505624795641178,0.0
long_max_Tlast,B,0.9599310885968813,0.3055555555555556,3958,-188.77863508986744,-0.027831790694483216,0.6167772108611516,0.6457441703528174,0.468234269217439
long_max_Tlast,B,0.9599310885968813,0.3055555555555556,3959,-188.517085807213,0.36421403375230743,0.6361372546148255,0.6505641559642794,0.0
long_max_Tlast,B,0.9599310885968813,0.3055555555555556,3960,-188.93147499617916,-0.05505054762650555,0.6167740678359619,0.6457414924348773,0.46823242920162805
long_max_Tlast,B,0.9599310885968813,0.3055555555555556,3961,-188.84464653294077,0.15468817904962257,0.6361364558513574,0.6505633962254711,0.0
long_max_Tlast,B,0.9599310885968813,0.3055555555555556,3962,-189.15980658985538,-0.11809036021218139,0.6167754735969131,0.6457425918833922,0.46823374154146985
long_max_Tlast,B,0.9599310885968813,0.3055555555555556,3963,-189.29700385531353,-0.16751021327789845,0.6361322494430671,0.6505602828992672,0.0
long_max_Tlast,B,0.9599310885968813,0.3055555555555556,3964,-189.41494803253647,-0.19384528993683486,0.6167764922695004,0.6457432583015148,0.4682351538982793
long_max_Tlast,B,0.9599310885968813,0.3055555555555556,3965,-189.74338175038972,-0.48431902490238277,0.6361313695609258,0.6505596702377989,0.0
long_max_Tlast,B,0.9599310885968813,0.3055555555555556,3966,-189.63840419602428,-0.2545627517597086,0.6167719545004061,0.6457398161534608,0.46823073487569217
long_max_Tlast,B,0.9599310885968813,0.3055555555555556,3967,-190.05520448191632,-0.6796459097154401,0.6361329178614791,0.6505608578772085,0.0
long_max_Tlast,B,0.9599310885968813,0.3055555555555556,3968,-189.78326201078158,-0.27799329977736076,0.6167684738843316,0.6457370760632717,0.4682278053040456
long_max_Tlast,B,0.9599310885968813,0.3055555555555556,3969,-190.15321954186103,-0.6819227860254173,0.6361303586046239,0.6505590958083057,0.0
long_max_Tlast,B,0.9599310885968813,0.3055555555555556,3970,-189.83142132622925,-0.25554642363329994,0.6167694644893508,0.64573799865121,0.46822816329903033
long_max_Tlast,B,0.9599310885968813,0.3055555555555556,3971,-190.0364769287562,-0.49031654877333547,0.636125814917593,0.6505557001552377,0.0
long_max_Tlast,B,0.9599310885968813,0.3055555555555556,3972,-189.80026008254254,-0.19545687825317493,0.6167685518905132,0.6457375555376058,0.4682262882800198
long_max_Tlast,B,0.9599310885968813,0.3055555555555556,3973,-189.78272803031916,-0.175036174274457,0.6361251588194556,0.650555206807519,0.0
long_max_Tlast,B,0.9599310885968813,0.3055555555555556,3974,-189.73616203360123,-0.11973907984372142,0.6167639827558398,0.6457335236432543,0.4682240601812231
long_max_Tlast,B,0.9599310885968813,0.3055555555555556,3975,-189.51997514996674,0.14838535482515053,0.6361259513433218,0.6505558456949616,0.0
long_max_Tlast,B,0.9599310885968813,0.3055555555555556,3976,-189.69757571010058,-0.056134043162348185,0.6167611902656349,0.6457309916516002,0.4682230357252184
long_max_Tlast,B,0.9599310885968813,0.3055555555555556,3977,-189.37947588431595,0.36144009480552847,0.6361228213643023,0.6505533263921912,0.0
long_max_Tlast,B,0.9599310885968813,0.3055555555555556,3978,-189.7336596252588,-0.027957447480754682,0.6167621094727405,0.6457317457170928,0.4682237535636809
long_max_Tlast,B,0.9599310885968813,0.3055555555555556,3979,-189.447676040008,0.38606023008978985,0.6361182623565611,0.6505498255492645,0.0
long_max_Tlast,B,0.9599310885968813,0.3055555555555556,3980,-189.86617442642964,-0.045528482024092376,0.6167611116576607,0.645730511313109,0.4682246288033071
long_max_Tlast,B,0.9599310885968813,0.3055555555555556,3981,-189.73458392036355,0.21322180581432015,0.6361177039217404,0.6505494405120846,0.0
long_max_Tlast,B,0.9599310885968813,0.3055555555555556,3982,-190.08153442422125,-0.10240759450219894,0.6167555874626217,0.6457258887828535,0.4682209463760939
long_max_Tlast,B,0.9599310885968813,0.3055555555555556,3983,-190.17005633194876,-0.09373603394485258,0.6361179177782081,0.650549520617722,0.0
long_max_Tlast,B,0.9599310885968813,0.3055555555555556,3984,-190.33581593191792,-0.17775839550172773,0.6167524243645088,0.6457234762810046,0.4682179807402246
long_max_Tlast,B,0.9599310885968813,0.3055555555555556,3985,-190.62951089812233,-0.4223360004485708,0.6361134122451028,0.6505462158984181,0.0
long_max_Tlast,B,0.9599310885968813,0.3055555555555556,3986,-190.57082420443325,-0.24396396517832358,0.6167530442252198,0.6457239760709788,0.4682184954128846
long_max_Tlast,B,0.9599310885968813,0.3055555555555556,3987,-190.97956979925038,-0.6521741782638313,0.6361085738147326,0.6505426994585367,0.0
long_max_Tlast,B,0.9599310885968813,0.3055555555555556,3988,-190.73545177507592,-0.27676946033551497,0.6167498055284892,0.6457216260989631,0.4682148872754479
long_max_Tlast,B,0.9599310885968813,0.3055555555555556,3989,-191.12693766751238,-0.699028717961014,0.6361082123300226,0.6505424363718146,0.0
long_max_Tlast,B,0.9599310885968813,0.3055555555555556,3990,-190.80435376685566,-0.26415693213526653,0.6167436202919233,0.6457166350933666,0.46821004050786774
long_max_Tlast,B,0.9599310885968813,0.3055555555555556,3991,-191.05262984771593,-0.545735901231599,0.6361073189647659,0.650541860739116,0.0
long_max_Tlast,B,0.9599310885968813,0.3055555555555556,3992,-190.7872401668192,-0.21074029169776054,0.6167414394643917,0.6457146444763368,0.46820929786715343
long_max_Tlast,B,0.9599310885968813,0.3055555555555556,3993,-190.81885979612298,-0.24847002596002782,0.6361022682557527,0.6505380174578574,0.0
long_max_Tlast,B,0.9599310885968813,0.3055555555555556,3994,-190.7254015867905,-0.13610090399495814,0.616741537946251,0.6457148127660222,0.4682090367614844
long_max_Tlast,B,0.9599310885968813,0.3055555555555556,3995,-190.5462432543142,0.08384522337316958,0.6360980976199107,0.6505347536190019,0.0
long_max_Tlast,B,0.9599310885968813,0.3055555555555556,3996,-190.67648860989968,-0.0675891429428016,0.6167382881422503,0.64571180070961,0.468207968476147
long_max_Tlast,B,0.9599310885968813,0.3055555555555556,3997,-190.36968121610226,0.3294372422214448,0.6360978751816164,0.6505345961109548,0.0
long_max_Tlast,B,0.9599310885968813,0.3055555555555556,3998,-190.69337475040192,-0.03030181569788387,0.6167327885790528,0.6457068503647709,0.46820567251100176
long_max_Tlast,B,0.9599310885968813,0.3055555555555556,3999,-190.38886494073842,0.39831793776537183,0.6360965478186041,0.6505334746125352,0.0
long_max_Tlast,B,0.9599310885968813,0.3055555555555556,4000,-190.80487388415045,-0.03790942920400875,0.6167306587189458,0.645705185004836,0.46820384255710856
long_max_Tlast,B,0.9599310885968813,0.3055555555555556,4001,-190.63172796722097,0.26525267423186566,0.636091019218395,0.6505292438384708,0.0
long_max_Tlast,B,0.9599310885968813,0.3055555555555556,4002,-191.00512317967966,-0.08762208224629567,0.6167306722786188,0.6457050678394106,0.46820434102970876
long_max_Tlast,B,0.9599310885968813,0.3055555555555556,4003,-191.04426475614355,-0.021002916397388105,0.6360868732554332,0.6505262495428833,0.0
long_max_Tlast,B,0.9599310885968813,0.3055555555555556,4004,-191.25572305534882,-0.16122019809088484,0.6167260115409338,0.6457012630307438,0.4682008033739289
long_max_Tlast,B,0.9599310885968813,0.3055555555555556,4005,-191.5102966002651,-0.35555336289253475,0.6360867633307715,0.6505261796708941,0.0
long_max_Tlast,B,0.9599310885968813,0.3055555555555556,4006,-191.4998351772611,-0.23174222785613674,0.6167195303602176,0.6456962544558701,0.46819485891980317
long_max_Tlast,B,0.9599310885968813,0.3055555555555556,4007,-191.89405129242076,-0.6158103621993462,0.6360843675211633,0.6505244446315742,0.0
long_max_Tlast,B,0.9599310885968813,0.3055555555555556,4008,-191.68298053652256,-0.27334154814352835,0.6167181139984121,0.6456950664882071,0.4681939644255084
long_max_Tlast,B,0.9599310885968813,0.3055555555555556,4009,-192.08990058882085,-0.7064162327547744,0.6360782840675067,0.6505199693374552,0.0
long_max_Tlast,B,0.9599310885968813,0.3055555555555556,4010,-191.77305300225783,-0.27077698967512515,0.6167173037109893,0.6456945206952742,0.468192877022202
long_max_Tlast,B,0.9599310885968813,0.3055555555555556,4011,-192.06104367861585,-0.5941698999427079,0.6360750756220485,0.6505174816303069,0.0
long_max_Tlast,B,0.9599310885968813,0.3055555555555556,4012,-191.7720468537692,-0.22499485348984807,0.6167120861229587,0.6456902009009052,0.46818915435080655
long_max_Tlast,B,0.9599310885968813,0.3055555555555556,4013,-191.8530581088853,-0.3202041662044611,0.6360750873969193,0.6505174817908354,0.0
long_max_Tlast,B,0.9599310885968813,0.3055555555555556,4014,-191.71527817273255,-0.15276215200525414,0.6167072617407633,0.645685754433634,0.46818755094589903
long_max_Tlast,B,0.9599310885968813,0.3055555555555556,4015,-191.57715838197527,0.015089486460594048,0.6360722614262839,0.6505152825946242,0.0
long_max_Tlast,B,0.9599310885968813,0.3055555555555556,4016,-191.658546525634,-0.08055058642681331,0.616706514940047,0.6456850583096048,0.4681873593159439
long_max_Tlast,B,0.9599310885968813,0.3055555555555556,4017,-191.36939388620752,0.2888562129988397,0.6360666494728573,0.6505108803842703,0.0
long_max_Tlast,B,0.9599310885968813,0.3055555555555556,4018,-191.65764909124567,-0.03482484580862133,0.6167056826246307,0.6456842192529496,0.46818731170170363
long_max_Tlast,B,0.9599310885968813,0.3055555555555556,4019,-191.34087981691573,0.4007805798095779,0.6360640055837206,0.6505089220684211,0.0
long_max_Tlast,B,0.9599310885968813,0.3055555555555556,4020,-191.74787032442134,-0.03233114062169881,0.6167005321517095,0.6456796436239475,0.4681848535592645
long_max_Tlast,B,0.9599310885968813,0.3055555555555556,4021,-191.53706447813744,0.3098530859148948,0.6360640492844334,0.6505089582368593,0.0
long_max_Tlast,B,0.9599310885968813,0.3055555555555556,4022,-191.93113512553504,-0.07398777013912891,0.6166953054159107,0.6456755711309673,0.46818019334509436
long_max_Tlast,B,0.9599310885968813,0.3055555555555556,4023,-191.9210325908475,0.049398287698869,0.6360606110126732,0.6505063386553882,0.0
long_max_Tlast,B,0.9599310885968813,0.3055555555555556,4024,-192.1752838010091,-0.144531468069052,0.6166948016208474,0.6456752979346154,0.4681792849628996
long_max_Tlast,B,0.9599310885968813,0.3055555555555556,4025,-192.38707088111667,-0.2851509640938151,0.6360547175233536,0.6505020555080688,0.0
long_max_Tlast,B,0.9599310885968813,0.3055555555555556,4026,-192.4258356465499,-0.21810819976991105,0.6166932443915643,0.6456740582499976,0.4681779344711153
long_max_Tlast,B,0.9599310885968813,0.3055555555555556,4027,-192.7993913969863,-0.5712082507786427,0.636052895184051,0.6505007220389039,0.0
long_max_Tlast,B,0.9599310885968813,0.3055555555555556,4028,-192.62597631238958,-0.26776489303283657,0.6166870394450813,0.6456692035739428,0.4681724085490741
long_max_Tlast,B,0.9599310885968813,0.3055555555555556,4029,-193.04190180378782,-0.7039544774415047,0.6360529845903627,0.6505007733609077,0.0
long_max_Tlast,B,0.9599310885968813,0.3055555555555556,4030,-192.73733275265442,-0.2753023832117491,0.6166833423906153,0.6456659679705091,0.4681705079257594
long_max_Tlast,B,0.9599310885968813,0.3055555555555556,4031,-193.06074281498118,-0.6347557590246197,0.6360490541276144,0.6504978406055014,0.0
long_max_Tlast,B,0.9599310885968813,0.3055555555555556,4032,-192.75408819660458,-0.23795647816015578,0.6166838747851261,0.6456662345026237,0.4681715646780198
long_max_Tlast,B,0.9599310885968813,0.3055555555555556,4033,-192.8839706983916,-0.3889679276490769,0.6360441909667436,0.6504940286279358,0.0
long_max_Tlast,B,0.9599310885968813,0.3055555555555556,4034,-192.70511804702784,-0.16942040513581164,0.6166821018910275,0.6456647099630181,0.46817046514189753
long_max_Tlast,B,0.9599310885968813,0.3055555555555556,4035,-192.6113403258754,-0.056652449995368725,0.6360434482101712,0.6504933909555154,0.0
long_max_Tlast,B,0.9599310885968813,0.3055555555555556,4036,-192.64331937253996,-0.09480009998388658,0.6166771541371452,0.645660140523488,0.4681687854023202
long_max_Tlast,B,0.9599310885968813,0.3055555555555556,4037,-192.37776128128658,0.2404204760548289,0.6360435130466418,0.6504934267996975,0.0
long_max_Tlast,B,0.9599310885968813,0.3055555555555556,4038,-192.6263091653241,-0.041436699136564725,0.6166743526823361,0.6456577430687387,0.46816713347424344
long_max_Tlast,B,0.9599310885968813,0.3055555555555556,4039,-192.30378468984796,0.3934031549878876,0.6360396128480628,0.6504903629546711,0.0
long_max_Tlast,B,0.9599310885968813,0.3055555555555556,4040,-192.6953340563565,-0.028890723616937897,0.6166748665831444,0.6456583404172157,0.46816679944841855
long_max_Tlast,B,0.9599310885968813,0.3055555555555556,4041,-192.4514854221318,0.3462406734132186,0.6360351372687417,0.6504870616401621,0.0
long_max_Tlast,B,0.9599310885968813,0.3055555555555556,4042,-192.86007093796675,-0.06175181051717604,0.6166728518019772,0.6456565698283653,0.46816569979879874
long_max_Tlast,B,0.9599310885968813,0.3055555555555556,4043,-192.8017397538727,0.11621346039696084,0.6360349688837091,0.6504870498574963,0.0
long_max_Tlast,B,0.9599310885968813,0.3055555555555556,4044,-193.0951312942313,-0.12798056892728923,0.6166671161263719,0.645652109504953,0.4681604880332373
long_max_Tlast,B,0.9599310885968813,0.3055555555555556,4045,-193.26118763768187,-0.21238609606378195,0.6360349948014947,0.6504870494986952,0.0
long_max_Tlast,B,0.9599310885968813,0.3055555555555556,4046,-193.34937097412922,-0.20331248979113994,0.6166650325455219,0.6456505954316458,0.4681582043550887
long_max_Tlast,B,0.9599310885968813,0.3055555555555556,4047,-193.69646267484887,-0.5191561793773085,0.6360306943529774,0.650483899439119,0.0
long_max_Tlast,B,0.9599310885968813,0.3055555555555556,4048,-193.56461007875157,-0.26013799970521445,0.6166664298736386,0.6456516279439524,0.4681596432267416
long_max_Tlast,B,0.9599310885968813,0.3055555555555556,4049,-193.98304605377945,-0.6916935101871216,0.6360272944185283,0.6504813294426844,0.0
long_max_Tlast,B,0.9599310885968813,0.3055555555555556,4050,-193.6969820336072,-0.27764151847862606,0.6166639217212453,0.6456496248870487,0.4681575047364419
long_max_Tlast,B,0.9599310885968813,0.3055555555555556,4051,-194.05090700788142,-0.6667743941896697,0.6360283785777082,0.6504820277673738,0.0
long_max_Tlast,B,0.9599310885968813,0.3055555555555556,4052,-193.73294931467086,-0.24940852893971985,0.6166596837811684,0.6456458211264509,0.4681556379918484
long_max_Tlast,B,0.9599310885968813,0.3055555555555556,4053,-193.91018923815665,-0.45353443119871895,0.6360283367932767,0.6504819736315083,0.0
long_max_Tlast,B,0.9599310885968813,0.3055555555555556,4054,-193.69429722867284,-0.18577754590638418,0.6166596735689014,0.6456454584061514,0.4681570263143047
long_max_Tlast,B,0.9599310885968813,0.3055555555555556,4055,-193.64742256232168,-0.13010842316552046,0.6360245684607917,0.6504789944555024,0.0
long_max_Tlast,B,0.9599310885968813,0.3055555555555556,4056,-193.63020778367263,-0.11007288560830986,0.6166611332969182,0.645646731546689,0.4681577521470753
long_max_Tlast,B,0.9599310885968813,0.3055555555555556,4057,-193.393849439773,0.18499787640826226,0.6360223764900061,0.6504772652789811,0.0
long_max_Tlast,B,0.9599310885968813,0.3055555555555556,4058,-193.59913671726946,-0.050030791922137136,0.6166589433495784,0.6456447023564396,0.46815696662048795
long_max_Tlast,B,0.9599310885968813,0.3055555555555556,4059,-193.27739233992077,0.37632121886448,0.63602390052595,0.6504785091687088,0.0
long_max_Tlast,B,0.9599310885968813,0.3055555555555556,4060,-193.64742305113873,-0.027646283765886515,0.6166550654851168,0.6456415050201614,0.468154153243162
long_max_Tlast,B,0.9599310885968813,0.3055555555555556,4061,-193.375703604804,0.37376193120651086,0.6360237817118092,0.6504783922728203,0.0
long_max_Tlast,B,0.9599310885968813,0.3055555555555556,4062,-193.7923786791165,-0.051128866755536795,0.6166551240153895,0.6456419574964403,0.46815261118887425
long_max_Tlast,B,0.9599310885968813,0.3055555555555556,4063,-193.68772250608737,0.17825968016310972,0.6360200164163688,0.6504756156170742,0.0
long_max_Tlast,B,0.9599310885968813,0.3055555555555556,4064,-194.01587196120067,-0.11186920481268331,0.6166569096670775,0.6456434507437552,0.46815375126606706
long_max_Tlast,B,0.9599310885968813,0.3055555555555556,4065,-194.13410760100732,-0.13855430250029283,0.6360186662029005,0.6504747303924001,0.0
long_max_Tlast,B,0.9599310885968813,0.3055555555555556,4066,-194.2709853895078,-0.1876099986563941,0.6166541960278555,0.6456413270681158,0.4681512763920064
long_max_Tlast,B,0.9599310885968813,0.3055555555555556,4067,-194.58627861276025,-0.4605898687412143,0.6360211460380746,0.6504765356819155,0.0
long_max_Tlast,B,0.9599310885968813,0.3055555555555556,4068,-194.49922217652284,-0.25060334904582726,0.6166512119505776,0.6456389448054115,0.4681488062385296
long_max_Tlast,B,0.9599310885968813,0.3055555555555556,4069,-194.91354270879145,-0.6698488622115581,0.6360209285208371,0.650476350769518,0.0
long_max_Tlast,B,0.9599310885968813,0.3055555555555556,4070,-194.65192128230268,-0.2777600734878627,0.6166535648467609,0.6456405534436023,0.4681517897701847
long_max_Tlast,B,0.9599310885968813,0.3055555555555556,4071,-195.0309607730592,-0.6896592552894849,0.636017869575178,0.6504739897057071,0.0
long_max_Tlast,B,0.9599310885968813,0.3055555555555556,4072,-194.7081358516215,-0.2591334624444305,0.6166556360584887,0.6456421919385611,0.46815348169970483
long_max_Tlast,B,0.9599310885968813,0.3055555555555556,4073,-194.93047033206227,-0.5127578435427538,0.6360182454793367,0.6504741087863146,0.0
long_max_Tlast,B,0.9599310885968813,0.3055555555555556,4074,-194.68224921347215,-0.2015515972168181,0.6166535129905062,0.6456402441217602,0.46815265096696695
long_max_Tlast,B,0.9599310885968813,0.3055555555555556,4075,-194.68389908113352,-0.20396569050729857,0.6360211814550658,0.650476320747968,0.0
long_max_Tlast,B,0.9599310885968813,0.3055555555555556,4076,-194.61869241878304,-0.1261042427218943,0.6166522722663931,0.6456389091156302,0.4681529678695578
long_max_Tlast,B,0.9599310885968813,0.3055555555555556,4077,-194.41658169609428,0.12357050443618844,0.6360209083014781,0.6504760805747047,0.0
long_max_Tlast,B,0.9599310885968813,0.3055555555555556,4078,-194.575761487673,-0.0604427136004394,0.6166547626420517,0.6456412411185161,0.46815365228201217
long_max_Tlast,B,0.9599310885968813,0.3055555555555556,4079,-194.26141649155005,0.3498406432129339,0.6360184853967794,0.6504742174866831,0.0
long_max_Tlast,B,0.9599310885968813,0.3055555555555556,4080,-194.60418296915054,-0.028627805880729162,0.6166565768735802,0.6456428663974642,0.4681543723979428
long_max_Tlast,B,0.9599310885968813,0.3055555555555556,4081,-194.31025269016305,0.3919320982409278,0.6360195390502679,0.6504751732077333,0.0
long_max_Tlast,B,0.9599310885968813,0.3055555555555556,4082,-194.7284934745805,-0.04230957554103787,0.6166543449692972,0.6456410554205954,0.468152588577219
long_max_Tlast,B,0.9599310885968813,0.3055555555555556,4083,-194.5801919846905,0.23442302473020116,0.6360228249225249,0.6504776838920748,0.0
long_max_Tlast,B,0.9599310885968813,0.3055555555555556,4084,-194.93813168432104,-0.09648098662900814,0.6166532858109444,0.6456405573135424,0.468150352958277
long_max_Tlast,B,0.9599310885968813,0.3055555555555556,4085,-195.00729315325023,-0.06497010826288602,0.6360224615485941,0.6504773940526282,0.0
long_max_Tlast,B,0.9599310885968813,0.3055555555555556,4086,-195.1912706263551,-0.1712904942652825,0.6166571606678378,0.6456437235421887,0.4681532308277312
long_max_Tlast,B,0.9599310885968813,0.3055555555555556,4087,-195.4700385827722,-0.39655028989905183,0.6360206647653971,0.6504761036224094,0.0
long_max_Tlast,B,0.9599310885968813,0.3055555555555556,4088,-195.4301370551346,-0.2393233653825297,0.6166593168477937,0.6456453712486125,0.4681552168534865
long_max_Tlast,B,0.9599310885968813,0.3055555555555556,4089,-195.83384665480497,-0.6388185876804509,0.6360233322640445,0.6504779968132108,0.0
long_max_Tlast,B,0.9599310885968813,0.3055555555555556,4090,-195.60219053368454,-0.27565745047538515,0.6166575383073385,0.6456438698807045,0.4681540210993895
long_max_Tlast,B,0.9599310885968813,0.3055555555555556,4091,-196.00040493599028,-0.703001394718476,0.6360270739099547,0.6504807223410849,0.0
long_max_Tlast,B,0.9599310885968813,0.3055555555555556,4092,-195.67934404103983,-0.2669723474171994,0.6166589028812672,0.6456446057083303,0.46815652627402343
long_max_Tlast,B,0.9599310885968813,0.3055555555555556,4093,-195.94367177311608,-0.5655840098057306,0.6360267038763827,0.6504804139023331,0.0
long_max_Tlast,B,0.9599310885968813,0.3055555555555556,4094,-195.66832367004804,-0.21645043635868985,0.6166635242668616,0.6456483736005854,0.4681599895942779
long_max_Tlast,B,0.9599310885968813,0.3055555555555556,4095,-195.71938446147976,-0.2769134828148203,0.6360260981615988,0.6504798378632259,0.0
long_max_Tlast,B,0.9599310885968813,0.3055555555555556,4096,-195.60817205269228,-0.1426104172601975,0.6166651501411652,0.6456498408279623,0.468160585362012
long_max_Tlast,B,0.9599310885968813,0.3055555555555556,4097,-195.4447157450304,0.057237308158055056,0.6360295002939521,0.65048246201631,0.0
long_max_Tlast,B,0.9599310885968813,0.3055555555555556,4098,-195.55587253123008,-0.07249962635820187,0.616663968708875,0.6456487425825681,0.4681601806284154
long_max_Tlast,B,0.9599310885968813,0.3055555555555556,4099,-195.25531625081078,0.3144278790986256,0.6360330037559061,0.6504851946047988,0.0
long_max_Tlast,B,0.9599310885968813,0.3055555555555556,4100,-195.56557189462478,-0.031809934856705246,0.6166654144454253,0.6456502952843279,0.46815981420580055
long_max_Tlast,B,0.9599310885968813,0.3055555555555556,4101,-195.25554165377332,0.4004230198281997,0.6360326205987422,0.6504848881925482,0.0
long_max_Tlast,B,0.9599310885968813,0.3055555555555556,4102,-195.668727071981,-0.03545581993234123,0.6166699953944793,0.6456543879553012,0.4681618401759007
long_max_Tlast,B,0.9599310885968813,0.3055555555555556,4103,-195.4802851269463,0.28370840323429525,0.6360325443944204,0.6504849568706511,0.0
long_max_Tlast,B,0.9599310885968813,0.3055555555555556,4104,-195.862504413201,-0.08209407028262833,0.6166717202078451,0.6456557313763404,0.4681633215339107
long_max_Tlast,B,0.9599310885968813,0.3055555555555556,4105,-195.88219551623746,0.007047726902199125,0.6360368661587708,0.6504882397192322,0.0
long_max_Tlast,B,0.9599310885968813,0.3055555555555556,4106,-196.11087648616018,-0.15463982900101506,0.6166706740861216,0.6456550148318553,0.46816197460238496
long_max_Tlast,B,0.9599310885968813,0.3055555555555556,4107,-196.34898753229012,-0.32818203561623893,0.6360406145270053,0.6504909513442484,0.0
long_max_Tlast,B,0.9599310885968813,0.3055555555555556,4108,-196.35781700574168,-0.2265111844346642,0.6166740249003344,0.6456576359502232,0.4681649486820206
long_max_Tlast,B,0.9599310885968813,0.3055555555555556,4109,-196.74460122367196,-0.5991508080476077,0.636040265722876,0.6504906794437648,0.0
long_max_Tlast,B,0.9599310885968813,0.3055555555555556,4110,-196.54782646803696,-0.27136761339796023,0.6166797831210621,0.645662102402746,0.46817015795538064
long_max_Tlast,B,0.9599310885968813,0.3055555555555556,4111,-196.9590414845736,-0.7065692386687742,0.6360415320060208,0.6504915229013715,0.0
long_max_Tlast,B,0.9599310885968813,0.3055555555555556,4112,-196.64628047839693,-0.27277973331612193,0.6166810707274427,0.6456631957837249,0.4681708987078079
long_max_Tlast,B,0.9599310885968813,0.3055555555555556,4113,-196.9487168220149,-0.6110715702701653,0.6360466972647666,0.6504953296730581,0.0
long_max_Tlast,B,0.9599310885968813,0.3055555555555556,4114,-196.65205675083655,-0.23022546549034612,0.6166811790697694,0.6456630770357834,0.4681717793606408
long_max_Tlast,B,0.9599310885968813,0.3055555555555556,4115,-196.7524162284081,-0.3476515360385082,0.6360498947084011,0.650497805656482,0.0
long_max_Tlast,B,0.9599310885968813,0.3055555555555556,4116,-196.5980126140679,-0.15929304788172552,0.616685206730226,0.6456664669895412,0.46817441857942627
long_max_Tlast,B,0.9599310885968813,0.3055555555555556,4117,-196.47702325616982,-0.01282737830199332,0.6360496647817417,0.6504976078336865,0.0
long_max_Tlast,B,0.9599310885968813,0.3055555555555556,4118,-196.53897234646672,-0.08598204631051354,0.6166898976561542,0.6456707675742106,0.46817605960574293
long_max_Tlast,B,0.9599310885968813,0.3055555555555556,4119,-196.25841384761821,0.27071648305625573,0.6360515208028519,0.6504990903344366,0.0
long_max_Tlast,B,0.9599310885968813,0.3055555555555556,4120,-196.53153100796874,-0.037149190399601156,0.6166908878009404,0.6456716096120445,0.4681766220826074
long_max_Tlast,B,0.9599310885968813,0.3055555555555556,4121,-196.2117052100505,0.3990793866365825,0.6360567211829549,0.6505031579891584,0.0
long_max_Tlast,B,0.9599310885968813,0.3055555555555556,4122,-196.61337577838032,-0.0306858686160974,0.6166910147976925,0.6456719194715913,0.4681759182495256
long_max_Tlast,B,0.9599310885968813,0.3055555555555556,4123,-196.38899112484467,0.32522868096040924,0.6360597171927289,0.6505053674218575,0.0
long_max_Tlast,B,0.9599310885968813,0.3055555555555556,4124,-196.78952411330658,-0.06896732296184166,0.616695574526759,0.6456759319496731,0.4681782228095627
long_max_Tlast,B,0.9599310885968813,0.3055555555555556,4125,-196.76027819080798,0.07622145339789355,0.6360595546142774,0.6505052607916657,0.0
long_max_Tlast,B,0.9599310885968813,0.3055555555555556,4126,-197.0304138773173,-0.13796054867727123,0.6167010768990616,0.6456802250887932,0.4681830997653993
long_max_Tlast,B,0.9599310885968813,0.3055555555555556,4127,-197.2245071412191,-0.25670584898091975,0.6360624007108375,0.6505073970186038,0.0
long_max_Tlast,B,0.9599310885968813,0.3055555555555556,4128,-197.28275730521307,-0.21238707819165212,0.6167018838381653,0.6456808229729788,0.4681839115202575
long_max_Tlast,B,0.9599310885968813,0.3055555555555556,4129,-197.64656097508544,-0.5515570256478974,0.6360682826198071,0.6505116733794682,0.0
long_max_Tlast,B,0.9599310885968813,0.3055555555555556,4130,-197.4890646342543,-0.26497799824832513,0.6167031756393186,0.6456817614957449,0.4681853547799376
long_max_Tlast,B,0.9599310885968813,0.3055555555555556,4131,-197.90678366042562,-0.7002932222675435,0.63607071790744,0.650513492581867,0.0
long_max_Tlast,B,0.9599310885968813,0.3055555555555556,4132,-197.60871371754325,-0.2764554128355968,0.6167090780672528,0.6456863873052784,0.4681905587219627
long_max_Tlast,B,0.9599310885968813,0.3055555555555556,4133,-197.94478912094672,-0.648413741088977,0.6360707938539065,0.6505135269243894,0.0
long_max_Tlast,B,0.9599310885968813,0.3055555555555556,4134,-197.63287543452057,-0.24261971893705098,0.6167133962333357,0.6456901881004979,0.4681926888779788
long_max_Tlast,B,0.9599310885968813,0.3055555555555556,4135,-197.7816144159351,-0.41492153732377585,0.6360743867813022,0.6505162091296159,0.0
long_max_Tlast,B,0.9599310885968813,0.3055555555555556,4136,-197.58766669240742,-0.17586859452561748,0.6167136365575532,0.6456904788625992,0.4681924776325783
long_max_Tlast,B,0.9599310885968813,0.3055555555555556,4137,-197.51206391459743,-0.08537450423133747,0.6360796743770671,0.6505203464287755,0.0
long_max_Tlast,B,0.9599310885968813,0.3055555555555556,4138,-197.52460244658084,-0.10065334077212257,0.616715218287115,0.6456918808706065,0.46819326597469063
long_max_Tlast,B,0.9599310885968813,0.3055555555555556,4139,-197.26988759062885,0.21947506246288362,0.6360814163975373,0.6505217029645713,0.0
long_max_Tlast,B,0.9599310885968813,0.3055555555555556,4140,-197.50180777690525,-0.04454252880474596,0.6167203449097564,0.6456965971335752,0.46819505416643514
long_max_Tlast,B,0.9599310885968813,0.3055555555555556,4141,-197.17877734387815,0.38792486181176017,0.6360816131748993,0.6505218776625218,0.0
long_max_Tlast,B,0.9599310885968813,0.3055555555555556,4142,-197.56262596431202,-0.028095032531851194,0.6167243413311272,0.6456999191984537,0.4681977939330518
long_max_Tlast,B,0.9599310885968813,0.3055555555555556,4143,-197.30712003782605,0.35824439556074594,0.6360855458894976,0.6505249519967846,0.0
long_max_Tlast,B,0.9599310885968813,0.3055555555555556,4144,-197.7197280556216,-0.057332911021329425,0.6167245604785458,0.6457000054298482,0.468198322054817
long_max_Tlast,B,0.9599310885968813,0.3055555555555556,4145,-197.64288533657535,0.14130962197157404,0.6360909148338766,0.6505289029230484,0.0
long_max_Tlast,B,0.9599310885968813,0.3055555555555556,4146,-197.9505392378453,-0.12154978017868695,0.616726741519391,0.6457018867977294,0.46819960992058984
long_max_Tlast,B,0.9599310885968813,0.3055555555555556,4147,-198.09801704493293,-0.18338985811972747,0.6360922177621149,0.6505298015081379,0.0
long_max_Tlast,B,0.9599310885968813,0.3055555555555556,4148,-198.20547226221424,-0.19721091578134275,0.6167331471001061,0.6457068667125809,0.468205412861043
long_max_Tlast,B,0.9599310885968813,0.3055555555555556,4149,-198.5407224234183,-0.49688147639394215,0.6360926837069676,0.650530151638218,0.0
long_max_Tlast,B,0.9599310885968813,0.3055555555555556,4150,-198.42610526177484,-0.2565920098486195,0.6167365220667212,0.6457095500215917,0.468208207032221
long_max_Tlast,B,0.9599310885968813,0.3055555555555556,4151,-198.84375883587964,-0.6842893435346938,0.6360973655873732,0.6505335719260147,0.0
long_max_Tlast,B,0.9599310885968813,0.3055555555555556,4152,-198.56657383246622,-0.2779394284408429,0.6167362070316141,0.6457093686696344,0.4682076855469579
long_max_Tlast,B,0.9599310885968813,0.3055555555555556,4153,-198.93108841606022,-0.6769403620104514,0.6361019531782609,0.650537065923533,0.0
long_max_Tlast,B,0.9599310885968813,0.3055555555555556,4154,-198.6103621178701,-0.253422855964283,0.6167391284364716,0.6457116968799586,0.46821015310870945
long_max_Tlast,B,0.9599310885968813,0.3055555555555556,4155,-198.80569576067325,-0.47752826642299845,0.6361022936805177,0.6505374135436585,0.0
long_max_Tlast,B,0.9599310885968813,0.3055555555555556,4156,-198.57643449807594,-0.19202904895934467,0.6167442925108998,0.6457163370373787,0.46821238451680697
long_max_Tlast,B,0.9599310885968813,0.3055555555555556,4157,-198.54847655350102,-0.15911706429226163,0.6361029634568912,0.6505379328565347,0.0
long_max_Tlast,B,0.9599310885968813,0.3055555555555556,4158,-198.51222382848894,-0.11625856656698116,0.6167461257902634,0.6457181438386504,0.4682125302116925
long_max_Tlast,B,0.9599310885968813,0.3055555555555556,4159,-198.2886832549969,0.16161765641639897,0.6361073964855841,0.650541425710476,0.0
long_max_Tlast,B,0.9599310885968813,0.3055555555555556,4160,-198.476201857896,-0.05386689610964018,0.6167457682163051,0.6457178059545385,0.4682124738896656
long_max_Tlast,B,0.9599310885968813,0.3055555555555556,4161,-198.1565181281573,0.36714840541844485,0.6361112044332463,0.6505443405379128,0.0
long_max_Tlast,B,0.9599310885968813,0.3055555555555556,4162,-198.5165615786459,-0.027721188341541025,0.6167485341004344,0.6457203543568508,0.4682134744093397
long_max_Tlast,B,0.9599310885968813,0.3055555555555556,4163,-198.23537029834904,0.38216524302520083,0.636111165229189,0.6505442305175436,0.0
long_max_Tlast,B,0.9599310885968813,0.3055555555555556,4164,-198.65352251528665,-0.047404534923832314,0.616753913121795,0.6457247303310047,0.4682175861535823
long_max_Tlast,B,0.9599310885968813,0.3055555555555556,4165,-198.53132912563757,0.20115932855832763,0.6361120234847075,0.6505449120818099,0.0
long_max_Tlast,B,0.9599310885968813,0.3055555555555556,4166,-198.87186904106943,-0.10569854214413713,0.6167556624364355,0.6457258537465183,0.4682200879815899
long_max_Tlast,B,0.9599310885968813,0.3055555555555556,4167,-198.97094485535723,-0.1095448123516764,0.6361168341204319,0.6505484455952495,0.0
long_max_Tlast,B,0.9599310885968813,0.3055555555555556,4168,-199.12657552179732,-0.181248854978092,0.6167550467106793,0.645725358691448,0.4682196408732522
long_max_Tlast,B,0.9599310885968813,0.3055555555555556,4169,-199.42811959371141,-0.4360938252574297,0.6361199561829118,0.6505506953465967,0.0
long_max_Tlast,B,0.9599310885968813,0.3055555555555556,4170,-199.3592889420545,-0.24636963378581744,0.6167587217597407,0.6457282198901501,0.4682230040131151
long_max_Tlast,B,0.9599310885968813,0.3055555555555556,4171,-199.77031689263708,-0.6588353680423437,0.6361190528800394,0.6505500783847216,0.0
long_max_Tlast,B,0.9599310885968813,0.3055555555555556,4172,-199.51973179598684,-0.27719602176720953,0.6167632849304626,0.6457320001339992,0.46822622520415436
long_max_Tlast,B,0.9599310885968813,0.3055555555555556,4173,-199.90710871084212,-0.6961475470251135,0.6361201797607595,0.6505509212002432,0.0
long_max_Tlast,B,0.9599310885968813,0.3055555555555556,4174,-199.5841159023359,-0.2624396534764095,0.616762987648332,0.6457320885794576,0.4682247063876571
long_max_Tlast,B,0.9599310885968813,0.3055555555555556,4175,-199.82336435520216,-0.534354669867896,0.6361244612092057,0.6505542284841337,0.0
long_max_Tlast,B,0.9599310885968813,0.3055555555555556,4176,-199.56379899506697,-0.20750110798335297,0.6167622276712696,0.6457314929197433,0.4682240957987416
long_max_Tlast,B,0.9599310885968813,0.3055555555555556,4177,-199.5847798008785,-0.2327449840850344,0.6361261107056141,0.6505556201525015,0.0
long_max_Tlast,B,0.9599310885968813,0.3055555555555556,4178,-199.50121162056135,-0.13251062882718362,0.616765307652691,0.6457343115959497,0.46822528017849135
long_max_Tlast,B,0.9599310885968813,0.3055555555555556,4179,-199.31373461227645,0.09816655799261087,0.6361247750992598,0.6505546015529402,0.0
long_max_Tlast,B,0.9599310885968813,0.3055555555555556,4180,-199.45430990238197,-0.06495462988831605,0.6167685618584765,0.6457372766144895,0.46822652356847105
long_max_Tlast,B,0.9599310885968813,0.3055555555555556,4181,-199.14452436369137,0.33712326925825103,0.6361259527889751,0.6505555492615731,0.0
long_max_Tlast,B,0.9599310885968813,0.3055555555555556,4182,-199.47524070432922,-0.029580330641842567,0.6167681386195758,0.6457366649472951,0.46822726185650304
long_max_Tlast,B,0.9599310885968813,0.3055555555555556,4183,-199.1741671500927,0.396560653990714,0.6361299007203232,0.6505585370271255,0.0
long_max_Tlast,B,0.9599310885968813,0.3055555555555556,4184,-199.59130628461358,-0.039351310440108506,0.6167674273711186,0.6457360383091263,0.4682269781123472
long_max_Tlast,B,0.9599310885968813,0.3055555555555556,4185,-199.42678072130366,0.2547023014727864,0.6361309263917022,0.6505591558974317,0.0
long_max_Tlast,B,0.9599310885968813,0.3055555555555556,4186,-199.7949817049652,-0.09069235130010012,0.6167709809763366,0.6457388908977416,0.4682298928460042
long_max_Tlast,B,0.9599310885968813,0.3055555555555556,4187,-199.8447759457789,-0.03647443745774437,0.636129111819424,0.6505577825711416,0.0
long_max_Tlast,B,0.9599310885968813,0.3055555555555556,4188,-200.04661942369384,-0.16478466264049307,0.6167740770973966,0.6457411266548139,0.46823336453164677
long_max_Tlast,B,0.9599310885968813,0.3055555555555556,4189,-200.30997257456016,-0.37027603203484866,0.6361305216950498,0.6505588329604054,0.0
long_max_Tlast,B,0.9599310885968813,0.3055555555555556,4190,-200.28900181849193,-0.2344834520107955,0.6167721189434907,0.6457396193111316,0.4682315583689378
long_max_Tlast,B,0.9599310885968813,0.3055555555555556,4191,-200.68689904181,-0.6243830720035112,0.6361339369282426,0.6505613586479982,0.0
long_max_Tlast,B,0.9599310885968813,0.3055555555555556,4192,-200.46828432560898,-0.27424941614907766,0.6167712400644014,0.645738961797886,0.4682307360127136
long_max_Tlast,B,0.9599310885968813,0.3055555555555556,4193,-200.87244036576658,-0.7056864532078376,0.6361333404883995,0.6505610407527306,0.0
long_max_Tlast,B,0.9599310885968813,0.3055555555555556,4194,-200.55375296093803,-0.2695057159175971,0.616774290150847,0.6457415754489445,0.4682325942431584
long_max_Tlast,B,0.9599310885968813,0.3055555555555556,4195,-200.83357418744458,-0.5843941756808142,0.6361310452202006,0.6505593769451826,0.0
long_max_Tlast,B,0.9599310885968813,0.3055555555555556,4196,-200.5491097297331,-0.22199867891460473,0.6167750619564956,0.6457426389703542,0.4682314782429289
long_max_Tlast,B,0.9599310885968813,0.3055555555555556,4197,-200.61951476344709,-0.3049481882522942,0.6361323961555873,0.6505604473476374,0.0
long_max_Tlast,B,0.9599310885968813,0.3055555555555556,4198,-200.4910228725375,-0.14913336942715705,0.6167724091800842,0.6457404473971659,0.46822961893718695
long_max_Tlast,B,0.9599310885968813,0.3055555555555556,4199,-200.34371922662393,0.03025013919365016,0.6361347409359251,0.6505623331061512,0.0
long_max_Tlast,B,0.9599310885968813,0.3055555555555556,4200,-200.4357370605236,-0.0776048949608889,0.6167717363366183,0.645739851338272,0.4682293784237337
long_max_Tlast,B,0.9599310885968813,0.3055555555555556,4201,-200.14222593000994,0.29837579450301754,0.6361333775968859,0.650561227695317,0.0
long_max_Tlast,B,0.9599310885968813,0.3055555555555556,4202,-200.43853042660476,-0.033632035592408016,0.6167743498450996,0.6457421348397506,0.46823079790681255
long_max_Tlast,B,0.9599310885968813,0.3055555555555556,4203,-200.1238297874646,0.40118025480657754,0.636131040848684,0.6505594110389055,0.0
long_max_Tlast,B,0.9599310885968813,0.3055555555555556,4204,-200.5333648845214,-0.03332366429090161,0.6167750834529742,0.6457423721594323,0.4682327636255121
long_max_Tlast,B,0.9599310885968813,0.3055555555555556,4205,-200.33027366865218,0.30098872877031113,0.636132440767933,0.6505604757685843,0.0
long_max_Tlast,B,0.9599310885968813,0.3055555555555556,4206,-200.7204576382853,-0.07679078329504999,0.6167720138981352,0.6457396370678612,0.46823139658603236
long_max_Tlast,B,0.9599310885968813,0.3055555555555556,4207,-200.72090234402458,0.034518467333412406,0.6361342856019028,0.6505617339726215,0.0
long_max_Tlast,B,0.9599310885968813,0.3055555555555556,4208,-200.96624470868255,-0.14811196298148227,0.6167712822928956,0.6457390842321662,0.46823075000593517
long_max_Tlast,B,0.9599310885968813,0.3055555555555556,4209,-201.1875611480105,-0.30058825082756424,0.6361317430854782,0.6505598280165117,0.0
long_max_Tlast,B,0.9599310885968813,0.3055555555555556,4210,-201.21564745590902,-0.22114767893435583,0.6167737678625344,0.6457409965442371,0.4682331055330871
long_max_Tlast,B,0.9599310885968813,0.3055555555555556,4211,-201.59423220151618,-0.5815421912745447,0.6361290379770457,0.6505578839163841,0.0
long_max_Tlast,B,0.9599310885968813,0.3055555555555556,4212,-201.41227867847266,-0.26913851271715117,0.6167723228931344,0.6457400424147647,0.4682311347481679
long_max_Tlast,B,0.9599310885968813,0.3055555555555556,4213,-201.82687685087444,-0.7053896253903709,0.6361303357873076,0.6505588740630206,0.0
long_max_Tlast,B,0.9599310885968813,0.3055555555555556,4214,-201.5190673990195,-0.27450276350787517,0.6167680475529689,0.6457367438869781,0.46822721814939905
long_max_Tlast,B,0.9599310885968813,0.3055555555555556,4215,-201.835258208211,-0.6267518386540643,0.6361307359477606,0.6505593105070647,0.0
long_max_Tlast,B,0.9599310885968813,0.3055555555555556,4216,-201.53184293853556,-0.23526753987479948,0.6167675055327329,0.6457362922214172,0.46822692381766423
long_max_Tlast,B,0.9599310885968813,0.3055555555555556,4217,-201.65129048489476,-0.37444717152584117,0.6361272061749731,0.6505567103931912,0.0
long_max_Tlast,B,0.9599310885968813,0.3055555555555556,4218,-201.48094117099552,-0.16581635029982408,0.6167687078753908,0.6457375572673266,0.4682267398589741
long_max_Tlast,B,0.9599310885968813,0.3055555555555556,4219,-201.37734166374946,-0.040924820379124593,0.6361247379319451,0.6505548040417679,0.0
long_max_Tlast,B,0.9599310885968813,0.3055555555555556,4220,-201.42000827392798,-0.09159984513046701,0.6167665994410478,0.6457357024275213,0.4682256754798273
long_max_Tlast,B,0.9599310885968813,0.3055555555555556,4221,-201.14880161586524,0.2515992286172177,0.6361258075318005,0.6505556540931167,0.0
long_max_Tlast,B,0.9599310885968813,0.3055555555555556,4222,-201.40632225107754,-0.0398055151570402,0.616762859690843,0.6457322601380537,0.46822444466446067
long_max_Tlast,B,0.9599310885968813,0.3055555555555556,4223,-201.08441307101023,0.3959365637126637,0.6361255692325001,0.6505553691161067,0.0
long_max_Tlast,B,0.9599310885968813,0.3055555555555556,4224,-201.47989868925123,-0.02941914813159835,0.6167624130688164,0.6457319038588374,0.46822414555614905
long_max_Tlast,B,0.9599310885968813,0.3055555555555556,4225,-201.24273326955182,0.33920159546393147,0.6361215942770914,0.6505522581125642,0.0
long_max_Tlast,B,0.9599310885968813,0.3055555555555556,4226,-201.64877569835485,-0.06424592451065098,0.6167636566188496,0.6457326852725344,0.468226001678797
long_max_Tlast,B,0.9599310885968813,0.3055555555555556,4227,-201.60073527195712,0.10218027499615101,0.6361190725473612,0.6505504157143155,0.0
long_max_Tlast,B,0.9599310885968813,0.3055555555555556,4228,-201.8860473271669,-0.13152005273450018,0.6167605109120259,0.645729936856179,0.46822434078315545
long_max_Tlast,B,0.9599310885968813,0.3055555555555556,4229,-202.0622266411393,-0.22827273261660602,0.6361200206912593,0.6505510983228094,0.0
long_max_Tlast,B,0.9599310885968813,0.3055555555555556,4230,-202.13975800725032,-0.2065967930738794,0.6167557076488569,0.6457262149652523,0.4682200057064483
long_max_Tlast,B,0.9599310885968813,0.3055555555555556,4231,-202.4930956571952,-0.5310681104527484,0.6361185103345853,0.650550001092637,0.0
long_max_Tlast,B,0.9599310885968813,0.3055555555555556,4232,-202.35191574815332,-0.26196174026800156,0.6167553615965222,0.6457259562804014,0.46821971026883313
long_max_Tlast,B,0.9599310885968813,0.3055555555555556,4233,-202.77044812967029,-0.6952587294278234,0.6361135623184331,0.6505464186885472,0.0
long_max_Tlast,B,0.9599310885968813,0.3055555555555556,4234,-202.47978079034908,-0.2773281159344765,0.6167550910876665,0.6457259497226839,0.4682186658048417
long_max_Tlast,B,0.9599310885968813,0.3055555555555556,4235,-202.82762015263071,-0.6606793009370795,0.6361113442267845,0.6505447565666979,0.0
long_max_Tlast,B,0.9599310885968813,0.3055555555555556,4236,-202.51150020317172,-0.24707197846154533,0.6167504546183109,0.645722333969425,0.46821451599354386
long_max_Tlast,B,0.9599310885968813,0.3055555555555556,4237,-202.6786643484226,-0.44000260847099026,0.6361118292247805,0.6505451796640496,0.0
long_max_Tlast,B,0.9599310885968813,0.3055555555555556,4238,-202.47040240934552,-0.18227259630619613,0.6167464445191834,0.6457187794308926,0.4682126605721917
long_max_Tlast,B,0.9599310885968813,0.3055555555555556,4239,-202.4131685120976,-0.11409539998344426,0.6361094042197634,0.6505433591341573,0.0
long_max_Tlast,B,0.9599310885968813,0.3055555555555556,4240,-202.40654269949752,-0.10667701068697177,0.6167462667878907,0.6457186226378098,0.4682126218457491
long_max_Tlast,B,0.9599310885968813,0.3055555555555556,4241,-202.1633745262522,0.19762410879740322,0.6361046211071262,0.6505396107904813,0.0
long_max_Tlast,B,0.9599310885968813,0.3055555555555556,4242,-202.37833392745455,-0.047991084779803184,0.6167457077962527,0.6457180204726419,0.46821275599253687
long_max_Tlast,B,0.9599310885968813,0.3055555555555556,4243,-202.05579866990317,0.3809320398807086,0.6361027424942406,0.6505381869053418,0.0
long_max_Tlast,B,0.9599310885968813,0.3055555555555556,4244,-202.43107117591336,-0.027710879810042777,0.616741333300244,0.6457139644496067,0.4682113646995798
long_max_Tlast,B,0.9599310885968813,0.3055555555555556,4245,-202.16486388612915,0.36866000631943063,0.6361030321689333,0.650538359944579,0.0
long_max_Tlast,B,0.9599310885968813,0.3055555555555556,4246,-202.5804123623941,-0.053271195783367725,0.6167371457512998,0.6457105425983187,0.46820828584472846
long_max_Tlast,B,0.9599310885968813,0.3055555555555556,4247,-202.48557928367845,0.16531106322565192,0.6360999036972521,0.6505359099118451,0.0
long_max_Tlast,B,0.9599310885968813,0.3055555555555556,4248,-202.80663207075474,-0.11530811071582941,0.6167370064885552,0.6457104543408255,0.46820811128329526
long_max_Tlast,B,0.9599310885968813,0.3055555555555556,4249,-202.93540654081517,-0.1546048000150672,0.636094607606533,0.650532032004958,0.0
long_max_Tlast,B,0.9599310885968813,0.3055555555555556,4250,-203.06181940488955,-0.19108423823174697,0.6167354496467817,0.645709145483183,0.46820706304822995
long_max_Tlast,B,0.9599310885968813,0.3055555555555556,4251,-203.3844991022915,-0.47386173107124524,0.6360929907548598,0.6505308752087012,0.0
long_max_Tlast,B,0.9599310885968813,0.3055555555555556,4252,-203.2874600571631,-0.25283940753598017,0.6167293944280674,0.645704472898253,0.4682014517758816
long_max_Tlast,B,0.9599310885968813,0.3055555555555556,4253,-203.70328836033534,-0.6754732573108706,0.6360927527212077,0.6505307242384831,0.0
long_max_Tlast,B,0.9599310885968813,0.3055555555555556,4254,-203.43584187947488,-0.27794275943594415,0.6167256441777088,0.6457014047479503,0.4681987104246833
long_max_Tlast,B,0.9599310885968813,0.3055555555555556,4255,-203.80996399908202,-0.6855703158250063,0.6360885635208305,0.6505276762811224,0.0
long_max_Tlast,B,0.9599310885968813,0.3055555555555556,4256,-203.48757973056095,-0.25719295123731545,0.6167256231444735,0.6457013787659899,0.46819874833628067
long_max_Tlast,B,0.9599310885968813,0.3055555555555556,4257,-203.70040279894857,-0.5004543352927732,0.6360836925479219,0.6505239507661846,0.0
long_max_Tlast,B,0.9599310885968813,0.3055555555555556,4258,-203.4587311495166,-0.19820181694731334,0.6167231448732723,0.6456994112307914,0.468196632636302
long_max_Tlast,B,0.9599310885968813,0.3055555555555556,4259,-203.4497325495327,-0.1879566358823087,0.6360826849949326,0.650523140446638,0.0
long_max_Tlast,B,0.9599310885968813,0.3055555555555556,4260,-203.3948267655531,-0.12257975559257514,0.6167179693367952,0.6456947217772628,0.468194561302548
long_max_Tlast,B,0.9599310885968813,0.3055555555555556,4261,-203.184819067947,0.13741167855239528,0.6360821003796986,0.650522682081962,0.0
long_max_Tlast,B,0.9599310885968813,0.3055555555555556,4262,-203.3542541442713,-0.05803451741314847,0.6167151657493464,0.6456921941632451,0.468193436112745
long_max_Tlast,B,0.9599310885968813,0.3055555555555556,4263,-203.0377018421453,0.356431885804814,0.6360778108687033,0.6505192894649914,0.0
long_max_Tlast,B,0.9599310885968813,0.3055555555555556,4264,-203.38689489141234,-0.02822446610043855,0.6167151575850425,0.6456921930092572,0.4681934068537099
long_max_Tlast,B,0.9599310885968813,0.3055555555555556,4265,-203.09725638181033,0.3888512702772848,0.6360732314542099,0.6505158293379992,0.0
long_max_Tlast,B,0.9599310885968813,0.3055555555555556,4266,-203.51576213453708,-0.044066284723585175,0.6167125426987982,0.6456897596076462,0.468192565672631
long_max_Tlast,B,0.9599310885968813,0.3055555555555556,4267,-203.37665829046995,0.2227900317956068,0.6360724722118318,0.6505153244674724,0.0
long_max_Tlast,B,0.9599310885968813,0.3055555555555556,4268,-203.72860954326697,-0.09975547498231463,0.6167065506008713,0.6456849399463845,0.4681877817238475
long_max_Tlast,B,0.9599310885968813,0.3055555555555556,4269,-203.80850976389266,-0.08089667522839183,0.6360714882933277,0.6505145516489966,0.0
long_max_Tlast,B,0.9599310885968813,0.3055555555555556,4270,-203.98243487979786,-0.1748901656309266,0.6167037613393898,0.6456828764001517,0.4681848848564788
long_max_Tlast,B,0.9599310885968813,0.3055555555555556,4271,-204.26955394326694,-0.4109326722914834,0.6360664004827535,0.6505108305050215,0.0
long_max_Tlast,B,0.9599310885968813,0.3055555555555556,4272,-204.21921075450467,-0.24193332981180804,0.6167037675871004,0.6456828764591702,0.4681848942559602
long_max_Tlast,B,0.9599310885968813,0.3055555555555556,4273,-204.62583210821995,-0.6463885028447802,0.6360622474248476,0.6505077772594129,0.0
long_max_Tlast,B,0.9599310885968813,0.3055555555555556,4274,-204.38717708513735,-0.2763240115817711,0.6166998540879154,0.6456798615046172,0.4681812009955784
long_max_Tlast,B,0.9599310885968813,0.3055555555555556,4275,-204.7817758498643,-0.7009856863716796,0.6360621155920922,0.6505076341666738,0.0
long_max_Tlast,B,0.9599310885968813,0.3055555555555556,4276,-204.45976014517288,-0.265461417096079,0.6166944818076063,0.6456753267196731,0.46817774967027403
long_max_Tlast,B,0.9599310885968813,0.3055555555555556,4277,-204.71525291088432,-0.5547240451738742,0.6360606402786543,0.6505065468719184,0.0
long_max_Tlast,B,0.9599310885968813,0.3055555555555556,4278,-204.44532955126977,-0.2133196427186062,0.616693294501626,0.6456740512259146,0.46817808529712623
long_max_Tlast,B,0.9599310885968813,0.3055555555555556,4279,-204.4856143670597,-0.26119922810273677,0.6360557970051125,0.650502789107385,0.0
long_max_Tlast,B,0.9599310885968813,0.3055555555555556,4280,-204.38418975068595,-0.1390126041433594,0.6166932715826396,0.6456740237200717,0.4681780718386705
long_max_Tlast,B,0.9599310885968813,0.3055555555555556,4281,-204.21196734372538,0.07203726486504558,0.6360527091212219,0.6505003431303772,0.0
long_max_Tlast,B,0.9599310885968813,0.3055555555555556,4282,-204.33372201787995,-0.06976625791680255,0.6166898113878139,0.6456708251914836,0.4681768798091749
long_max_Tlast,B,0.9599310885968813,0.3055555555555556,4283,-204.02958932911815,0.32287769995516175,0.6360528865041397,0.6505005005191281,0.0
long_max_Tlast,B,0.9599310885968813,0.3055555555555556,4284,-204.34737439041487,-0.030947986836640407,0.616685148537927,0.6456667534678655,0.4681744170020034
long_max_Tlast,B,0.9599310885968813,0.3055555555555556,4285,-204.04029102675466,0.39941303956816265,0.6360512325334527,0.6504991741816211,0.0
long_max_Tlast,B,0.9599310885968813,0.3055555555555556,4286,-204.4551484677189,-0.036788657524276736,0.6166839927270447,0.6456660328578068,0.468172689656225
long_max_Tlast,B,0.9599310885968813,0.3055555555555556,4287,-204.27511376771997,0.2736028332389678,0.6360462936671851,0.6504954649143361,0.0
long_max_Tlast,B,0.9599310885968813,0.3055555555555556,4288,-204.65253909819256,-0.08514441012759844,0.6166839224411758,0.6456659557643143,0.4681726675868847
long_max_Tlast,B,0.9599310885968813,0.3055555555555556,4289,-204.68300178957298,-0.008456090941162009,0.636043645966933,0.6504936126780131,0.0
long_max_Tlast,B,0.9599310885968813,0.3055555555555556,4290,-204.9021920535912,-0.15829452532730193,0.6166795066516548,0.6456624492450155,0.4681689108734109
long_max_Tlast,B,0.9599310885968813,0.3055555555555556,4291,-205.14948044728447,-0.34340736971262276,0.6360442472691872,0.6504940627658671,0.0
long_max_Tlast,B,0.9599310885968813,0.3055555555555556,4292,-205.14761461544123,-0.22944055534129879,0.6166748728100443,0.6456588719740937,0.4681646269787999
long_max_Tlast,B,0.9599310885968813,0.3055555555555556,4293,-205.5386114642651,-0.6085186955000124,0.636042107067329,0.6504924894879958,0.0
long_max_Tlast,B,0.9599310885968813,0.3055555555555556,4294,-205.3338510984803,-0.2725071995506144,0.6166751407834327,0.6456589454451972,0.4681654023309113
long_max_Tlast,B,0.9599310885968813,0.3055555555555556,4295,-205.74279126713844,-0.706653418633771,0.6360374820699526,0.650489025961078,0.0
long_max_Tlast,B,0.9599310885968813,0.3055555555555556,4296,-205.42766165708167,-0.27171687457281596,0.6166749621899886,0.6456587926566275,0.4681652414388173
long_max_Tlast,B,0.9599310885968813,0.3055555555555556,4297,-205.72217087262152,-0.6018509670294707,0.6360362538056001,0.650487972008767,0.0
long_max_Tlast,B,0.9599310885968813,0.3055555555555556,4298,-205.42965876804158,-0.22736325221478018,0.6166709857126281,0.6456553390344054,0.46816301117851855
long_max_Tlast,B,0.9599310885968813,0.3055555555555556,4299,-205.51931002115418,-0.3325155116856828,0.6360372277893708,0.6504886726528841,0.0
long_max_Tlast,B,0.9599310885968813,0.3055555555555556,4300,-205.3740614824203,-0.15569014228469713,0.6166683169153405,0.6456527066545436,0.4681627856115777
long_max_Tlast,B,0.9599310885968813,0.3055555555555556,4301,-205.24353156276868,0.002661407159975704,0.6360350817567495,0.6504869767689159,0.0
long_max_Tlast,B,0.9599310885968813,0.3055555555555556,4302,-205.31624557264576,-0.08296496806496306,0.6166691122791468,0.6456534026584893,0.46816319228869197
long_max_Tlast,B,0.9599310885968813,0.3055555555555556,4303,-205.03083886990984,0.2808691149229796,0.6360312162395727,0.6504839532731957,0.0
long_max_Tlast,B,0.9599310885968813,0.3055555555555556,4304,-205.31239368504828,-0.03583794379205529,0.6166688907060778,0.6456531778996107,0.468163129587636
long_max_Tlast,B,0.9599310885968813,0.3055555555555556,4305,-204.9941583175256,0.4001654285973619,0.636030634856513,0.6504836087138812,0.0
long_max_Tlast,B,0.9599310885968813,0.3055555555555556,4306,-205.39887030011326,-0.03156960408780779,0.6166649735330898,0.6456498402021298,0.4681606832729714
long_max_Tlast,B,0.9599310885968813,0.3055555555555556,4307,-205.18192554298852,0.3168400851472237,0.6360317572637305,0.6504844847924779,0.0
long_max_Tlast,B,0.9599310885968813,0.3055555555555556,4308,-205.57897699502274,-0.07172911738060156,0.616662188210579,0.6456478952474146,0.4681573053632986
long_max_Tlast,B,0.9599310885968813,0.3055555555555556,4309,-205.56030687633603,0.06142939440728129,0.6360293651725901,0.6504826883934955,0.0
long_max_Tlast,B,0.9599310885968813,0.3055555555555556,4310,-205.82170955386442,-0.14160035902695794,0.6166636251031236,0.6456491884912172,0.46815789422468435
long_max_Tlast,B,0.9599310885968813,0.3055555555555556,4311,-206.02563736533335,-0.2724838000645944,0.6360258346090369,0.6504801522092799,0.0
long_max_Tlast,B,0.9599310885968813,0.3055555555555556,4312,-206.07310453178238,-0.21557722622574532,0.6166632394373178,0.6456488676146894,0.4681575591366598
long_max_Tlast,B,0.9599310885968813,0.3055555555555556,4313,-206.4423912366476,-0.5625463863089673,0.6360264798839087,0.6504806050297296,0.0
long_max_Tlast,B,0.9599310885968813,0.3055555555555556,4314,-206.27603268422416,-0.266559276314542,0.6166593588812338,0.6456457670699174,0.4681543352297114
long_max_Tlast,B,0.9599310885968813,0.3055555555555556,4315,-206.6928526395361,-0.7024727817266436,0.636027932947584,0.6504816378380727,0.0
long_max_Tlast,B,0.9599310885968813,0.3055555555555556,4316,-206.3911004740391,-0.27586061813884866,0.6166587608626483,0.6456449604318135,0.46815513486740645
long_max_Tlast,B,0.9599310885968813,0.3055555555555556,4317,-206.7202388268392,-0.6409963851260471,0.636025598921151,0.6504798529259582,0.0
long_max_Tlast,B,0.9599310885968813,0.3055555555555556,4318,-206.41113705693073,-0.2400722913099143,0.6166612596914861,0.6456468562276931,0.4681575483871505
long_max_Tlast,B,0.9599310885968813,0.3055555555555556,4319,-206.5494721054156,-0.40064071757031433,0.636023409777289,0.6504780499009842,0.0
long_max_Tlast,B,0.9599310885968813,0.3055555555555556,4320,-206.36380453787035,-0.17231462297707967,0.6166608454238115,0.6456464691442879,0.468157353106902
long_max_Tlast,B,0.9599310885968813,0.3055555555555556,4321,-206.27811257953243,-0.06947557337145827,0.6360250159631773,0.6504792319416519,0.0
long_max_Tlast,B,0.9599310885968813,0.3055555555555556,4322,-206.30139513397307,-0.09740746475706902,0.6166581317809727,0.6456439142115147,0.46815660414493654
long_max_Tlast,B,0.9599310885968813,0.3055555555555556,4323,-206.04059615422187,0.23115248501369046,0.6360264188354569,0.6504803167760852,0.0
long_max_Tlast,B,0.9599310885968813,0.3055555555555556,4324,-206.28175841615922,-0.0427988439649393,0.6166580345767099,0.6456439868276775,0.46815593658004184
long_max_Tlast,B,0.9599310885968813,0.3055555555555556,4325,-205.958910830785,0.3910929104442625,0.6360242487611472,0.650478627872044,0.0
long_max_Tlast,B,0.9599310885968813,0.3055555555555556,4326,-206.34709926003913,-0.02850375827289736,0.616660390166561,0.6456461999717014,0.46815652946011194
long_max_Tlast,B,0.9599310885968813,0.3055555555555556,4327,-206.09796213861517,0.351739319239339,0.636022601597646,0.6504775046172038,0.0
long_max_Tlast,B,0.9599310885968813,0.3055555555555556,4328,-206.5084393909475,-0.059753034233871044,0.6166598653713229,0.6456457447002022,0.46815616746982786
long_max_Tlast,B,0.9599310885968813,0.3055555555555556,4329,-206.4417974042505,0.12751008404192254,0.6360248991419076,0.6504793211250929,0.0
long_max_Tlast,B,0.9599310885968813,0.3055555555555556,4330,-206.7416365237586,-0.12509921921072523,0.6166569608623887,0.6456436074722592,0.4681530406714315
long_max_Tlast,B,0.9599310885968813,0.3055555555555556,4331,-206.8994079209985,-0.19942921325731378,0.6360264487039239,0.6504804405947268,0.0
long_max_Tlast,B,0.9599310885968813,0.3055555555555556,4332,-206.99622928245807,-0.20059970652168624,0.6166582207568436,0.6456446936234664,0.46815376054827024
long_max_Tlast,B,0.9599310885968813,0.3055555555555556,4333,-207.33809771478323,-0.5092863020853837,0.636024358293013,0.6504789026829394,0.0
long_max_Tlast,B,0.9599310885968813,0.3055555555555556,4334,-207.21391109485157,-0.2585842267156887,0.616661684802734,0.6456473394728363,0.46815703185772956
long_max_Tlast,B,0.9599310885968813,0.3055555555555556,4335,-207.63209519647506,-0.6885248790616701,0.6360240971544525,0.6504786291440394,0.0
long_max_Tlast,B,0.9599310885968813,0.3055555555555556,4336,-207.34991444305228,-0.27781221312299903,0.616661103949153,0.6456468451894142,0.46815660562431527
long_max_Tlast,B,0.9599310885968813,0.3055555555555556,4337,-207.70865722792698,-0.6714648002968149,0.6360274920339666,0.6504810648086552,0.0
long_max_Tlast,B,0.9599310885968813,0.3055555555555556,4338,-207.38936562684356,-0.25123523753090404,0.6166598775432827,0.6456455261245485,0.4681569060645619
long_max_Tlast,B,0.9599310885968813,0.3055555555555556,4339,-207.57473246003968,-0.4643598620763455,0.6360289198118724,0.6504821353243411,0.0
long_max_Tlast,B,0.9599310885968813,0.3055555555555556,4340,-207.35278219194288,-0.1885866821668882,0.6166625886109256,0.6456475956069313,0.46815950284401375
long_max_Tlast,B,0.9599310885968813,0.3055555555555556,4341,-207.3143532610643,-0.14309438750960746,0.636027379204142,0.6504808848555017,0.0
long_max_Tlast,B,0.9599310885968813,0.3055555555555556,4342,-207.28858511334144,-0.11282998983109388,0.6166656078280204,0.6456503101350123,0.46816074045408507
long_max_Tlast,B,0.9599310885968813,0.3055555555555556,4343,-207.05789409512397,0.17461710408920605,0.6360280545420962,0.6504814046403784,0.0
long_max_Tlast,B,0.9599310885968813,0.3055555555555556,4344,-207.25526082715862,-0.051718963869550466,0.6166650876302596,0.645649822496563,0.4681605320694002
long_max_Tlast,B,0.9599310885968813,0.3055555555555556,4345,-206.934336258591,0.3723564770346554,0.6360316214140083,0.6504842231451388,0.0
long_max_Tlast,B,0.9599310885968813,0.3055555555555556,4346,-207.29998030038632,-0.027642560076834632,0.6166640253268917,0.6456491245852416,0.46815905996024654
long_max_Tlast,B,0.9599310885968813,0.3055555555555556,4347,-207.02392953712032,0.3776715954109139,0.6360329444003946,0.6504852092165906,0.0
long_max_Tlast,B,0.9599310885968813,0.3055555555555556,4348,-207.4413642962126,-0.04942957691381089,0.6166669156968675,0.6456518831402801,0.4681596638140962
long_max_Tlast,B,0.9599310885968813,0.3055555555555556,4349,-207.32881082722912,0.18861370076200246,0.6360315875499073,0.6504842469786988,0.0
long_max_Tlast,B,0.9599310885968813,0.3055555555555556,4350,-207.66258727283585,-0.10909162514910614,0.6166704387727306,0.6456547204104558,0.4681624099366304
long_max_Tlast,B,0.9599310885968813,0.3055555555555556,4351,-207.77225643102696,-0.1255475959203205,0.6360332322220362,0.6504855474283914,0.0
long_max_Tlast,B,0.9599310885968813,0.3055555555555556,4352,-207.91756349066074,-0.18476803469370878,0.6166698265722579,0.6456542420248903,0.46816181596114237
long_max_Tlast,B,0.9599310885968813,0.3055555555555556,4353,-208.22676478003433,-0.4496942052630667,0.6360376175556012,0.6504887366450491,0.0
long_max_Tlast,B,0.9599310885968813,0.3055555555555556,4354,-208.14784385561785,-0.24873289393959722,0.6166700881018897,0.6456543952568243,0.46816224542953344
long_max_Tlast,B,0.9599310885968813,0.3055555555555556,4355,-208.5607838461027,-0.6650542025890449,0.6360388214950851,0.6504896052281913,0.0
long_max_Tlast,B,0.9599310885968813,0.3055555555555556,4356,-208.30402342278364,-0.2775414645773419,0.6166748835401881,0.6456580258461857,0.4681669542032012
long_max_Tlast,B,0.9599310885968813,0.3055555555555556,4357,-208.68689259936082,-0.692716954598489,0.6360381835763389,0.6504890601715658,0.0
long_max_Tlast,B,0.9599310885968813,0.3055555555555556,4358,-208.36387986919067,-0.2606423350090335,0.616678164306425,0.6456607574577046,0.4681691566808132
long_max_Tlast,B,0.9599310885968813,0.3055555555555556,4359,-208.59384841166005,-0.522540443318108,0.6360410808299162,0.6504911377410292,0.0
long_max_Tlast,B,0.9599310885968813,0.3055555555555556,4360,-208.34045297823923,-0.20422825886220133,0.6166777952890432,0.6456603784095296,0.4681691407301294
long_max_Tlast,B,0.9599310885968813,0.3055555555555556,4361,-208.35075184250385,-0.2168810846257036,0.6360453719127868,0.6504944401800559,0.0
long_max_Tlast,B,0.9599310885968813,0.3055555555555556,4362,-208.27727880762527,-0.1289625673725644,0.616679020671928,0.6456613263348047,0.4681702723846982
long_max_Tlast,B,0.9599310885968813,0.3055555555555556,4363,-208.08165695869772,0.11226292536479904,0.6360462805256446,0.6504951424254062,0.0
long_max_Tlast,B,0.9599310885968813,0.3055555555555556,4364,-208.2325180944111,-0.06243079056096501,0.6166833132875742,0.6456652894195918,0.4681716913072181
long_max_Tlast,B,0.9599310885968813,0.3055555555555556,4365,-207.92011814130427,0.34428997903319225,0.6360460628637719,0.6504950023839365,0.0
long_max_Tlast,B,0.9599310885968813,0.3055555555555556,4366,-208.25756097804774,-0.02901095322111491,0.6166861800842189,0.6456677907915711,0.4681731626930401
long_max_Tlast,B,0.9599310885968813,0.3055555555555556,4367,-207.96032657273253,0.394176029343002,0.6360493854114201,0.6504976573948724,0.0
long_max_Tlast,B,0.9599310885968813,0.3055555555555556,4368,-208.37818481881774,-0.04094315836867096,0.6166857733673635,0.6456674938870282,0.46817269428352154
long_max_Tlast,B,0.9599310885968813,0.3055555555555556,4369,-208.22254415020228,0.24364212094260385,0.6360538284541309,0.6505009881401675,0.0
long_max_Tlast,B,0.9599310885968813,0.3055555555555556,4370,-208.58518249114377,-0.09386163388546848,0.6166874587504115,0.6456691264216243,0.4681729705609713
long_max_Tlast,B,0.9599310885968813,0.3055555555555556,4371,-208.64566005057736,-0.05215308426803378,0.6360546152988231,0.6505015361558695,0.0
long_max_Tlast,B,0.9599310885968813,0.3055555555555556,4372,-208.8376944016937,-0.1683729728733333,0.6166930779663332,0.6456735806685093,0.46817770249462126
long_max_Tlast,B,0.9599310885968813,0.3055555555555556,4373,-209.10961625084488,-0.38482981798284843,0.6360550169226875,0.650501850194606,0.0
long_max_Tlast,B,0.9599310885968813,0.3055555555555556,4374,-209.07817868561648,-0.23717315600596323,0.6166960195122435,0.6456758496378499,0.46818038696161846
long_max_Tlast,B,0.9599310885968813,0.3055555555555556,4375,-209.47938861721997,-0.6324851449790431,0.6360595027981186,0.650505097915314,0.0
long_max_Tlast,B,0.9599310885968813,0.3055555555555556,4376,-209.25349748565287,-0.2750574252555954,0.61669591140845,0.6456757228150257,0.4681804426823505
long_max_Tlast,B,0.9599310885968813,0.3055555555555556,4377,-209.6544803889261,-0.7043707646085045,0.6360638042022588,0.6505082926900517,0.0
long_max_Tlast,B,0.9599310885968813,0.3055555555555556,4378,-209.3343703692601,-0.26813711340749036,0.6166991907979398,0.6456781791423746,0.4681837906758362
long_max_Tlast,B,0.9599310885968813,0.3055555555555556,4379,-209.6057161590229,-0.5741473982957557,0.6360642514182197,0.6505086494269686,0.0
long_max_Tlast,B,0.9599310885968813,0.3055555555555556,4380,-209.32616688372428,-0.21894965875415526,0.6167044376077999,0.6456826764484732,0.46818688209984977
long_max_Tlast,B,0.9599310885968813,0.3055555555555556,4381,-209.3859156762445,-0.2895257823988305,0.6360653385696109,0.6505094295436051,0.0
long_max_Tlast,B,0.9599310885968813,0.3055555555555556,4382,-209.2668902516173,-0.14552295259614026,0.6167063025147876,0.6456844502739747,0.4681872587143947
long_max_Tlast,B,0.9599310885968813,0.3055555555555556,4383,-209.11061560444847,0.04520291235574719,0.6360698971558162,0.6505129875668106,0.0
long_max_Tlast,B,0.9599310885968813,0.3055555555555556,4384,-209.21320517711314,-0.0747537121746839,0.6167063524040562,0.6456844942754301,0.46818728526259834
long_max_Tlast,B,0.9599310885968813,0.3055555555555556,4385,-208.91569503882707,0.3073853593982939,0.6360735977863664,0.6505158649734052,0.0
long_max_Tlast,B,0.9599310885968813,0.3055555555555556,4386,-209.21977482932317,-0.03257710892264157,0.6167094023510781,0.6456873856301095,0.4681880320017264
long_max_Tlast,B,0.9599310885968813,0.3055555555555556,4387,-208.90753473558067,0.4009545356524546,0.6360738867831072,0.6505160611452447,0.0
long_max_Tlast,B,0.9599310885968813,0.3055555555555556,4388,-209.31919971397343,-0.03445098050188283,0.6167145873346012,0.645691814266792,0.46819114759880776
long_max_Tlast,B,0.9599310885968813,0.3055555555555556,4389,-209.12410710332807,0.2916190774498503,0.6360753453190076,0.6505172436346421,0.0
long_max_Tlast,B,0.9599310885968813,0.3055555555555556,4390,-209.51001375899546,-0.07968252545429097,0.6167165358373459,0.6456932361852874,0.46819324584970856
long_max_Tlast,B,0.9599310885968813,0.3055555555555556,4391,-209.5210548460698,0.0194398122577365,0.6360804650019294,0.6505210563833199,0.0
long_max_Tlast,B,0.9599310885968813,0.3055555555555556,4392,-209.75727810672035,-0.15170294471110268,0.6167167739191649,0.6456934749107338,0.46819326827388225
long_max_Tlast,B,0.9599310885968813,0.3055555555555556,4393,-209.9879113225925,-0.3158482299590539,0.6360839738002734,0.6505235795746985,0.0
long_max_Tlast,B,0.9599310885968813,0.3055555555555556,4394,-210.00537240311345,-0.22412137916594377,0.6167212756707512,0.6456969838178106,0.4681973295946946
long_max_Tlast,B,0.9599310885968813,0.3055555555555556,4395,-210.38859068381637,-0.5913919096281665,0.6360840128519241,0.6505236130001024,0.0
long_max_Tlast,B,0.9599310885968813,0.3055555555555556,4396,-210.1983786424024,-0.27039828234127095,0.6167266167322745,0.6457012208272662,0.46820181226510177
long_max_Tlast,B,0.9599310885968813,0.3055555555555556,4397,-210.6112412961682,-0.7062229210714883,0.6360862493580779,0.6505252275480309,0.0
long_max_Tlast,B,0.9599310885968813,0.3055555555555556,4398,-210.30057095999496,-0.27358306241996644,0.6167274418223511,0.6457020558022614,0.46820178134218204
long_max_Tlast,B,0.9599310885968813,0.3055555555555556,4399,-210.60926873434505,-0.6182597034985741,0.6360913449555525,0.6505290681881061,0.0
long_max_Tlast,B,0.9599310885968813,0.3055555555555556,4400,-210.309457069548,-0.23250325093080387,0.6167280851552625,0.6457025370974051,0.4682024641882495
long_max_Tlast,B,0.9599310885968813,0.3055555555555556,4401,-210.4183988484803,-0.359735529038384,0.636093781360009,0.6505310220361673,0.0
long_max_Tlast,B,0.9599310885968813,0.3055555555555556,4402,-210.2567647035221,-0.16220937739266156,0.6167322933581447,0.6457062465644666,0.4682045850405727
long_max_Tlast,B,0.9599310885968813,0.3055555555555556,4403,-210.14352584739544,-0.025376004436109323,0.6360936298828208,0.6505309191313188,0.0
long_max_Tlast,B,0.9599310885968813,0.3055555555555556,4404,-210.19681996870708,-0.08846624369089345,0.6167362094549577,0.6457098768636383,0.4682058177931122
long_max_Tlast,B,0.9599310885968813,0.3055555555555556,4405,-209.92034555996537,0.26230154124482863,0.6360960284089237,0.6505328224646781,0.0
long_max_Tlast,B,0.9599310885968813,0.3055555555555556,4406,-210.18654745452025,-0.03828874191566925,0.6167367293871145,0.6457102500230061,0.4682064047742727
long_max_Tlast,B,0.9599310885968813,0.3055555555555556,4407,-209.8656506918099,0.39788076334464356,0.6361008031082699,0.6505365067313699,0.0
long_max_Tlast,B,0.9599310885968813,0.3055555555555556,4408,-210.26468058285622,-0.03006332364592529,0.616737395580925,0.6457109087945784,0.4682064989668039
long_max_Tlast,B,0.9599310885968813,0.3055555555555556,4409,-210.03446017454164,0.331683907519724,0.6361028176582649,0.6505379287580627,0.0
long_max_Tlast,B,0.9599310885968813,0.3055555555555556,4410,-210.43759656711433,-0.06680972253712175,0.6167420639153752,0.6457148124857596,0.4682096753276531
long_max_Tlast,B,0.9599310885968813,0.3055555555555556,4411,-210.39989064378605,0.0879632011928897,0.6361025563603114,0.6505377236078508,0.0
long_max_Tlast,B,0.9599310885968813,0.3055555555555556,4412,-210.6769171620328,-0.13505755773294456,0.616746322191176,0.6457180049080633,0.4682139764275148
long_max_Tlast,B,0.9599310885968813,0.3055555555555556,4413,-210.8630284060195,-0.24397930433987813,0.6361055097483312,0.6505399128865206,0.0
long_max_Tlast,B,0.9599310885968813,0.3055555555555556,4414,-210.92993182169272,-0.20980240390129584,0.6167461937328511,0.6457178660718604,0.46821402085726405
long_max_Tlast,B,0.9599310885968813,0.3055555555555556,4415,-211.28915681244948,-0.5425069634297555,0.6361102168207405,0.6505433453404919,0.0
long_max_Tlast,B,0.9599310885968813,0.3055555555555556,4416,-211.13890424439586,-0.26365709243397656,0.6167473697148869,0.6457187765723432,0.4682151468657507
long_max_Tlast,B,0.9599310885968813,0.3055555555555556,4417,-211.55712571271118,-0.6982332782738772,0.6361111461067743,0.6505440967943881,0.0
long_max_Tlast,B,0.9599310885968813,0.3055555555555556,4418,-211.2622417411159,-0.2768820718074759,0.6167521616136605,0.6457226763758371,0.4682188244791353
long_max_Tlast,B,0.9599310885968813,0.3055555555555556,4419,-211.60370974403332,-0.6540951908202484,0.6361107193513735,0.650543806209956,0.0
long_max_Tlast,B,0.9599310885968813,0.3055555555555556,4420,-211.28976336019318,-0.24463789953755005,0.6167544702404971,0.6457249383541189,0.46821907326289963
long_max_Tlast,B,0.9599310885968813,0.3055555555555556,4421,-211.4468111737292,-0.42626104964671174,0.636113758335944,0.6505461348046092,0.0
long_max_Tlast,B,0.9599310885968813,0.3055555555555556,4422,-211.246351403512,-0.17873773745184018,0.6167535521494157,0.6457242897494645,0.4682180073876451
long_max_Tlast,B,0.9599310885968813,0.3055555555555556,4423,-211.1789366186708,-0.09821773196341654,0.6361174128541758,0.6505490426744993,0.0
long_max_Tlast,B,0.9599310885968813,0.3055555555555556,4424,-211.1828726460889,-0.10332360381310776,0.616754695616644,0.6457253385151717,0.46821847471771394
long_max_Tlast,B,0.9599310885968813,0.3055555555555556,4425,-210.9332196734611,0.2098320659946677,0.636117555867237,0.6505491547409398,0.0
long_max_Tlast,B,0.9599310885968813,0.3055555555555556,4426,-211.1576058997507,-0.04603722682101019,0.6167586632624883,0.6457289323112124,0.4682200950282133
long_max_Tlast,B,0.9599310885968813,0.3055555555555556,4427,-210.8346580536488,0.3850111198834975,0.6361171280803117,0.6505488285737359,0.0
long_max_Tlast,B,0.9599310885968813,0.3055555555555556,4428,-211.21479509082053,-0.027867018080561357,0.6167607545576399,0.6457304795899222,0.46822228857683784
long_max_Tlast,B,0.9599310885968813,0.3055555555555556,4429,-210.9543715472848,0.36312368384792637,0.6361202312878026,0.6505512101833827,0.0
long_max_Tlast,B,0.9599310885968813,0.3055555555555556,4430,-211.36844721065046,-0.0554681553837143,0.6167597590448506,0.645729483013566,0.4682222947355116
long_max_Tlast,B,0.9599310885968813,0.3055555555555556,4431,-211.2834876929399,0.1521917528756228,0.636123576032158,0.6505536006572876,0.0
long_max_Tlast,B,0.9599310885968813,0.3055555555555556,4432,-211.59725375155065,-0.1187331978898779,0.6167612336008796,0.6457307021767655,0.4682234036253814
long_max_Tlast,B,0.9599310885968813,0.3055555555555556,4433,-211.7363877009922,-0.17049406099480136,0.6361229648919872,0.6505530881925158,0.0
long_max_Tlast,B,0.9599310885968813,0.3055555555555556,4434,-211.85236130865863,-0.19447565997254818,0.6167656261159542,0.645734066400383,0.4682275940259565
long_max_Tlast,B,0.9599310885968813,0.3055555555555556,4435,-212.18209666089928,-0.4866966353026904,0.6361224628349473,0.6505527405840255,0.0
long_max_Tlast,B,0.9599310885968813,0.3055555555555556,4436,-212.07528578937365,-0.2549428085137822,0.6167662650298923,0.6457346454630706,0.4682278484265717
long_max_Tlast,B,0.9599310885968813,0.3055555555555556,4437,-212.49227391149472,-0.6805460294286378,0.6361256345235331,0.6505550882806387,0.0
long_max_Tlast,B,0.9599310885968813,0.3055555555555556,4438,-212.21932135721505,-0.27798163649720764,0.6167643192158516,0.645733210307214,0.4682258268705927
long_max_Tlast,B,0.9599310885968813,0.3055555555555556,4439,-212.5882666875048,-0.6810105470620995,0.6361276726002905,0.6505567253715755,0.0
long_max_Tlast,B,0.9599310885968813,0.3055555555555556,4440,-212.2666516932152,-0.2551431188608021,0.6167658697337124,0.6457345165849427,0.4682268963230622
long_max_Tlast,B,0.9599310885968813,0.3055555555555556,4441,-212.46988313336686,-0.48792176396418396,0.6361260202330152,0.6505555779091841,0.0
long_max_Tlast,B,0.9599310885968813,0.3055555555555556,4442,-212.2349469501583,-0.1948008439254521,0.616768647543039,0.6457371828643231,0.46822744209156114
long_max_Tlast,B,0.9599310885968813,0.3055555555555556,4443,-212.21545907343693,-0.17202917123027228,0.6361255673674312,0.6505552488653324,0.0
long_max_Tlast,B,0.9599310885968813,0.3055555555555556,4444,-212.17081872062573,-0.11906839943881789,0.6167680633889326,0.6457368210017896,0.46822655654011397
long_max_Tlast,B,0.9599310885968813,0.3055555555555556,4445,-211.953228521173,0.15091236880427394,0.6361282746378861,0.6505573930104991,0.0
long_max_Tlast,B,0.9599310885968813,0.3055555555555556,4446,-212.13271506758534,-0.05568883554101675,0.6167663121225665,0.645735205305557,0.46822602305598504
long_max_Tlast,B,0.9599310885968813,0.3055555555555556,4447,-211.81428098509184,0.362567073873765,0.6361295199017477,0.6505582963018939,0.0
long_max_Tlast,B,0.9599310885968813,0.3055555555555556,4448,-212.16959802547728,-0.027892281325594126,0.6167677900939716,0.6457365263360321,0.4682267481611255
long_max_Tlast,B,0.9599310885968813,0.3055555555555556,4449,-211.88449326687186,0.3853808968047315,0.636127502112925,0.6505566701372542,0.0
long_max_Tlast,B,0.9599310885968813,0.3055555555555556,4450,-212.3029548683152,-0.045864884364822694,0.6167706618539652,0.645738679924594,0.4682296646357644
long_max_Tlast,B,0.9599310885968813,0.3055555555555556,4451,-212.1731243750031,0.2109896910536586,0.6361270843521517,0.6505563756292392,0.0
long_max_Tlast,B,0.9599310885968813,0.3055555555555556,4452,-212.51889195758918,-0.10301624622400007,0.6167696026842302,0.6457375255985678,0.4682300122909798
long_max_Tlast,B,0.9599310885968813,0.3055555555555556,4453,-212.60940605239637,-0.09670309693836654,0.6361297374435347,0.6505582948501835,0.0
long_max_Tlast,B,0.9599310885968813,0.3055555555555556,4454,-212.7732694811684,-0.17841044230283393,0.6167672453871522,0.6457356675912997,0.4682280386873163
long_max_Tlast,B,0.9599310885968813,0.3055555555555556,4455,-213.06846113844898,-0.4249475771693172,0.6361299050328963,0.6505583905020779,0.0
long_max_Tlast,B,0.9599310885968813,0.3055555555555556,4456,-213.00785579718837,-0.24441794545050405,0.6167689376956729,0.6457370003789812,0.4682295560690079
long_max_Tlast,B,0.9599310885968813,0.3055555555555556,4457,-213.41706406708326,-0.6534698828145525,0.6361269422725938,0.6505562696032148,0.0
long_max_Tlast,B,0.9599310885968813,0.3055555555555556,4458,-213.1716895397517,-0.2768508704656536,0.6167703156670583,0.6457382913659078,0.46822994798539064
long_max_Tlast,B,0.9599310885968813,0.3055555555555556,4459,-213.5624443230237,-0.6985305747133589,0.6361265869561074,0.6505560263999629,0.0
long_max_Tlast,B,0.9599310885968813,0.3055555555555556,4460,-213.23973575741834,-0.26383125947740604,0.6167673522522436,0.6457361575534523,0.4682266166297844
long_max_Tlast,B,0.9599310885968813,0.3055555555555556,4461,-213.48632976231954,-0.5436177863758238,0.6361284653874476,0.6505575341385801,0.0
long_max_Tlast,B,0.9599310885968813,0.3055555555555556,4462,-213.22201430210382,-0.21012342687470875,0.6167650907597846,0.6457342499881938,0.468225221286119
long_max_Tlast,B,0.9599310885968813,0.3055555555555556,4463,-213.25161610540206,-0.24550004189755364,0.6361273611615953,0.6505567916278014,0.0
long_max_Tlast,B,0.9599310885968813,0.3055555555555556,4464,-213.1600128870484,-0.13540895729677796,0.6167663265411562,0.6457354248329329,0.4682255518817979
long_max_Tlast,B,0.9599310885968813,0.3055555555555556,4465,-212.97926726436708,0.08658624193447334,0.6361242556052129,0.6505543832573581,0.0
long_max_Tlast,B,0.9599310885968813,0.3055555555555556,4466,-213.1114651842448,-0.06707146798586014,0.6167668792603253,0.6457359130395824,0.46822582267424284
long_max_Tlast,B,0.9599310885968813,0.3055555555555556,4467,-212.8040642723861,0.3309534130907442,0.6361240002259638,0.6505542036003038,0.0
long_max_Tlast,B,0.9599310885968813,0.3055555555555556,4468,-213.12912014735514,-0.030144520949014264,0.6167641064178041,0.6457332368522164,0.4682253735249803
long_max_Tlast,B,0.9599310885968813,0.3055555555555556,4469,-212.82521496335613,0.3980568240153894,0.6361255086697685,0.6505552974187178,0.0
long_max_Tlast,B,0.9599310885968813,0.3055555555555556,4470,-213.24148840053323,-0.03816191097722299,0.616761888885626,0.6457313449132905,0.46822409248316876
long_max_Tlast,B,0.9599310885968813,0.3055555555555556,4471,-213.06994434627282,0.2633124374555118,0.6361237555990811,0.6505538400376799,0.0
long_max_Tlast,B,0.9599310885968813,0.3055555555555556,4472,-213.44239660815637,-0.08818911386067313,0.6167632881017584,0.6457324134184471,0.46822547095432343
long_max_Tlast,B,0.9599310885968813,0.3055555555555556,4473,-213.4835551987117,-0.023908024765035785,0.6361201854088555,0.6505511908708966,0.0
long_max_Tlast,B,0.9599310885968813,0.3055555555555556,4474,-213.69320891248012,-0.1618893496052292,0.6167631195725076,0.6457320931190823,0.468226053652691
long_max_Tlast,B,0.9599310885968813,0.3055555555555556,4475,-213.94947414179146,-0.35835894082066644,0.6361199947442469,0.6505510708892208,0.0
long_max_Tlast,B,0.9599310885968813,0.3055555555555556,4476,-213.9370106916178,-0.23226191546806393,0.6167586978834703,0.6457286724075673,0.4682220129331296
long_max_Tlast,B,0.9599310885968813,0.3055555555555556,4477,-214.33196564892285,-0.6174844690248763,0.6361207385555903,0.650551641206283,0.0
long_max_Tlast,B,0.9599310885968813,0.3055555555555556,4478,-214.11943863222072,-0.27351945444992243,0.6167563567108079,0.6457268371429623,0.46822001851680956
long_max_Tlast,B,0.9599310885968813,0.3055555555555556,4479,-214.52587366177147,-0.706338517044244,0.6361175959808593,0.6505494127172359,0.0
long_max_Tlast,B,0.9599310885968813,0.3055555555555556,4480,-214.20863165887454,-0.2705405987777439,0.6167571822550187,0.6457276219519719,0.46822023533533264
long_max_Tlast,B,0.9599310885968813,0.3055555555555556,4481,-214.495112380006,-0.5923633887464796,0.6361139332377651,0.6505466794508926,0.0
long_max_Tlast,B,0.9599310885968813,0.3055555555555556,4482,-214.20692153851465,-0.22442472453699108,0.6167553009242933,0.6457263332684745,0.4682178438559592
long_max_Tlast,B,0.9599310885968813,0.3055555555555556,4483,-214.28593486906823,-0.3173221597167331,0.6361138370249299,0.6505466181098075,0.0
long_max_Tlast,B,0.9599310885968813,0.3055555555555556,4484,-214.14989855674537,-0.1520659394647239,0.6167510245566856,0.6457225988402663,0.4682156096911325
long_max_Tlast,B,0.9599310885968813,0.3055555555555556,4485,-214.01000460406397,0.01799783265447019,0.636113806225423,0.650546632179017,0.0
long_max_Tlast,B,0.9599310885968813,0.3055555555555556,4486,-214.09342765441826,-0.07997580189769016,0.6167492742493947,0.6457210011171066,0.468215017504445
long_max_Tlast,B,0.9599310885968813,0.3055555555555556,4487,-213.80340287228293,0.2907284182720977,0.6361103211745207,0.6505438737245097,0.0
long_max_Tlast,B,0.9599310885968813,0.3055555555555556,4488,-214.09321756728144,-0.0345776906671344,0.616749928502408,0.6457215261116079,0.4682155611709867
long_max_Tlast,B,0.9599310885968813,0.3055555555555556,4489,-213.77680216455724,0.40093462234108357,0.6361068394428151,0.6505411982626179,0.0
long_max_Tlast,B,0.9599310885968813,0.3055555555555556,4490,-214.1843228231257,-0.03250146681661875,0.6167480499406226,0.6457195990352769,0.46821567397363023
long_max_Tlast,B,0.9599310885968813,0.3055555555555556,4491,-213.97495007635496,0.30823227564973377,0.6361067976730743,0.6505411802981877,0.0
long_max_Tlast,B,0.9599310885968813,0.3055555555555556,4492,-214.36833171392425,-0.07450727257009887,0.6167432626204113,0.6457155814443951,0.4682125335178428
long_max_Tlast,B,0.9599310885968813,0.3055555555555556,4493,-214.36022481444903,0.046595636940744256,0.6361062188493755,0.6505406614212069,0.0
long_max_Tlast,B,0.9599310885968813,0.3055555555555556,4494,-214.61281120131542,-0.14520776631082172,0.6167413604266296,0.6457141476078166,0.46821068923296644
long_max_Tlast,B,0.9599310885968813,0.3055555555555556,4495,-214.82643337181693,-0.28810513744948335,0.636101769996939,0.6505373816683275,0.0
long_max_Tlast,B,0.9599310885968813,0.3055555555555556,4496,-214.86316052964258,-0.21869109923858585,0.6167416325648731,0.6457143408872696,0.46821101011123045
long_max_Tlast,B,0.9599310885968813,0.3055555555555556,4497,-215.23772499786793,-0.5732296493558118,0.6360982443974841,0.6505348259256104,0.0
long_max_Tlast,B,0.9599310885968813,0.3055555555555556,4498,-215.06264328861837,-0.26803494128540695,0.6167379029910034,0.6457115304685335,0.46820727222000935
long_max_Tlast,B,0.9599310885968813,0.3055555555555556,4499,-215.47837277729712,-0.7042980744344969,0.6360982457342159,0.6505348351374539,0.0
long_max_Tlast,B,0.9599310885968813,0.3055555555555556,4500,-215.17314087082772,-0.2751602949967189,0.6167327838173784,0.6457074079681133,0.4682032333781998
long_max_Tlast,B,0.9599310885968813,0.3055555555555556,4501,-215.4952050208104,-0.6332880707886317,0.6360966479146727,0.6505337207411889,0.0
long_max_Tlast,B,0.9599310885968813,0.3055555555555556,4502,-215.18913122176673,-0.23745036752518278,0.6167316187321576,0.6457063250956994,0.4682029200321998
long_max_Tlast,B,0.9599310885968813,0.3055555555555556,4503,-215.3170339511417,-0.38622275251421434,0.6360919368863772,0.6505301462491087,0.0
long_max_Tlast,B,0.9599310885968813,0.3055555555555556,4504,-215.1397703945442,-0.1687301652424923,0.6167312613408024,0.6457061200709456,0.46820230414796016
long_max_Tlast,B,0.9599310885968813,0.3055555555555556,4505,-215.0441102359464,-0.05363157259578222,0.6360890855651867,0.6505279060105983,0.0
long_max_Tlast,B,0.9599310885968813,0.3055555555555556,4506,-215.07812907087686,-0.09418018490652652,0.616727657308309,0.6457028567854958,0.46820083109781585
long_max_Tlast,B,0.9599310885968813,0.3055555555555556,4507,-214.81144752814112,0.24261226717455037,0.6360891003076511,0.6505279214698174,0.0
long_max_Tlast,B,0.9599310885968813,0.3055555555555556,4508,-215.06175053539528,-0.04111132475593843,0.6167233551699279,0.6456989710636013,0.46819909210040767
long_max_Tlast,B,0.9599310885968813,0.3055555555555556,4509,-214.73928770266136,0.3939601755450004,0.6360871595503357,0.65052634529534,0.0
long_max_Tlast,B,0.9599310885968813,0.3055555555555556,4510,-215.13163988235192,-0.028976028703385004,0.616722297511942,0.6456981584824537,0.4681981309486286
long_max_Tlast,B,0.9599310885968813,0.3055555555555556,4511,-214.88903548699847,0.3449584170115733,0.6360822961624304,0.650522623537162,0.0
long_max_Tlast,B,0.9599310885968813,0.3055555555555556,4512,-215.29717790181462,-0.062218556071942044,0.616721850231613,0.6456976364008609,0.46819838574568123
long_max_Tlast,B,0.9599310885968813,0.3055555555555556,4513,-215.24080800701336,0.11356045889299127,0.6360796105015083,0.6505206962882985,0.0
long_max_Tlast,B,0.9599310885968813,0.3055555555555556,4514,-215.53268101092252,-0.1286549677052275,0.6167172337587009,0.6456938455825297,0.46819498055973074
long_max_Tlast,B,0.9599310885968813,0.3055555555555556,4515,-215.70069352047153,-0.21543957544912995,0.6360796137607626,0.6505206964056406,0.0
long_max_Tlast,B,0.9599310885968813,0.3055555555555556,4516,-215.78684241959485,-0.20394675535256873,0.6167123590602848,0.6456901029149924,0.4681904181746621
long_max_Tlast,B,0.9599310885968813,0.3055555555555556,4517,-216.1351669303689,-0.5214874609789902,0.6360767800128674,0.6505186244936375,0.0
long_max_Tlast,B,0.9599310885968813,0.3055555555555556,4518,-216.00150704744294,-0.26050049770673717,0.616711800169392,0.6456896367569092,0.4681900585881278
long_max_Tlast,B,0.9599310885968813,0.3055555555555556,4519,-216.4200115481548,-0.6924452943912254,0.6360716793052477,0.6505148782089951,0.0
long_max_Tlast,B,0.9599310885968813,0.3055555555555556,4520,-216.13301567490709,-0.2775953642181764,0.6167104699637449,0.6456886660539176,0.4681885770437701
long_max_Tlast,B,0.9599310885968813,0.3055555555555556,4521,-216.48582355434462,-0.6656689975910514,0.6360698138383379,0.6505134217444093,0.0
long_max_Tlast,B,0.9599310885968813,0.3055555555555556,4522,-216.1681712313743,-0.24897224281235636,0.616705548183711,0.6456846025347635,0.4681850338578796
long_max_Tlast,B,0.9599310885968813,0.3055555555555556,4523,-216.34349085352727,-0.4509729583240124,0.6360697597798469,0.6505133816373063,0.0
long_max_Tlast,B,0.9599310885968813,0.3055555555555556,4524,-216.12904692029798,-0.18511217658582796,0.6167022097480822,0.6456814861907878,0.46818408356610974
long_max_Tlast,B,0.9599310885968813,0.3055555555555556,4525,-216.08016282335902,-0.12703037782746157,0.636066645953785,0.6505109757476576,0.0
long_max_Tlast,B,0.9599310885968813,0.3055555555555556,4526,-216.06497991564382,-0.10941903674800146,0.6167021202635368,0.6456813585354121,0.4681842395708087
long_max_Tlast,B,0.9599310885968813,0.3055555555555556,4527,-215.82728610957187,0.187462142577348,0.6360621883964952,0.6505074731762671,0.0
long_max_Tlast,B,0.9599310885968813,0.3055555555555556,4528,-216.03444713452592,-0.049631861382244236,0.6167008111729703,0.6456801125430917,0.46818390565588586
long_max_Tlast,B,0.9599310885968813,0.3055555555555556,4529,-215.7125109196512,0.3772662359131102,0.6360608472728779,0.6505064835637435,0.0
long_max_Tlast,B,0.9599310885968813,0.3055555555555556,4530,-216.08359269892392,-0.02765051827248355,0.6166962172930299,0.645676029448224,0.4681817336119994
long_max_Tlast,B,0.9599310885968813,0.3055555555555556,4531,-215.81289044832357,0.3728354120192216,0.6360607444722637,0.6505063896321956,0.0
long_max_Tlast,B,0.9599310885968813,0.3055555555555556,4532,-216.2293960511104,-0.05153374368399741,0.6166927572081392,0.6456733680930328,0.4681785162208596
long_max_Tlast,B,0.9599310885968813,0.3055555555555556,4533,-216.12661204000244,0.17579871068472874,0.6360572304610237,0.6505037144109471,0.0
long_max_Tlast,B,0.9599310885968813,0.3055555555555556,4534,-216.45342488001302,-0.11253048862852566,0.6166928110540885,0.6456735088399308,0.46817817113023524
long_max_Tlast,B,0.9599310885968813,0.3055555555555556,4535,-216.57370245602306,-0.14164802538739252,0.636052764610277,0.6505004832090657,0.0
long_max_Tlast,B,0.9599310885968813,0.3055555555555556,4536,-216.70856817172378,-0.1882857299303156,0.6166908102967167,0.6456719000278526,0.46817652232611673
long_max_Tlast,B,0.9599310885968813,0.3055555555555556,4537,-217.0253205569572,-0.4631843698725347,0.6360520854041835,0.6505000028587894,0.0
long_max_Tlast,B,0.9599310885968813,0.3055555555555556,4538,-216.9363242388922,-0.2510467492162953,0.6166855156693583,0.6456677732109054,0.4681717576856641
long_max_Tlast,B,0.9599310885968813,0.3055555555555556,4539,-217.35097302294002,-0.6709910893617004,0.636051862360356,0.6504998313979202,0.0
long_max_Tlast,B,0.9599310885968813,0.3055555555555556,4540,-217.0882070599359,-0.2778131223529579,0.6166833952036856,0.6456658981738105,0.4681707463632815
long_max_Tlast,B,0.9599310885968813,0.3055555555555556,4541,-217.46632765370987,-0.6889293535997643,0.6360480558577774,0.6504969976591395,0.0
long_max_Tlast,B,0.9599310885968813,0.3055555555555556,4542,-217.1435531616753,-0.2587757395617194,0.6166840942242284,0.6456663645044267,0.468171664414131
long_max_Tlast,B,0.9599310885968813,0.3055555555555556,4543,-217.36408007394274,-0.5104259903209643,0.6360446490653099,0.6504943136230579,0.0
long_max_Tlast,B,0.9599310885968813,0.3055555555555556,4544,-217.11708762299332,-0.20091731498992393,0.6166819457723735,0.6456645336718926,0.46817029521297593
long_max_Tlast,B,0.9599310885968813,0.3055555555555556,4545,-217.1166833315793,-0.20088843198075867,0.6360448091295688,0.6504943713678236,0.0
long_max_Tlast,B,0.9599310885968813,0.3055555555555556,4546,-217.05346315401925,-0.12543199663222215,0.6166779913558511,0.6456608558963342,0.46816906429096145
long_max_Tlast,B,0.9599310885968813,0.3055555555555556,4547,-216.849794327024,0.1262596431083638,0.6360445088767863,0.65049412215249,0.0
long_max_Tlast,B,0.9599310885968813,0.3055555555555556,4548,-217.0109731000065,-0.059978910327108254,0.6166767247951148,0.6456597428893532,0.46816843449349416
long_max_Tlast,B,0.9599310885968813,0.3055555555555556,4549,-216.69616848848966,0.3511491062093183,0.6360409256879345,0.6504913101589735,0.0
long_max_Tlast,B,0.9599310885968813,0.3055555555555556,4550,-217.04019625190966,-0.028547204253325076,0.6166773688423801,0.6456603824916233,0.46816844070851144
long_max_Tlast,B,0.9599310885968813,0.3055555555555556,4551,-216.74707116534765,0.3913764411711635,0.6360380285261287,0.6504891847238349,0.0
long_max_Tlast,B,0.9599310885968813,0.3055555555555556,4552,-217.16539083199996,-0.0426473873883676,0.6166750989639523,0.6456583942636086,0.4681672048519086
long_max_Tlast,B,0.9599310885968813,0.3055555555555556,4553,-217.01884817158736,0.232201243105972,0.636038598016068,0.6504896985872208,0.0
long_max_Tlast,B,0.9599310885968813,0.3055555555555556,4554,-217.3756586244714,-0.09711444893173055,0.6166706906727886,0.6456549993514463,0.46816307868216506
long_max_Tlast,B,0.9599310885968813,0.3055555555555556,4555,-217.44689260940197,-0.0680464554295,0.6360381712321308,0.65048936183147,0.0
long_max_Tlast,B,0.9599310885968813,0.3055555555555556,4556,-217.62894292368577,-0.17199298402672497,0.6166700226825553,0.6456546337111337,0.4681618784328324
long_max_Tlast,B,0.9599310885968813,0.3055555555555556,4557,-217.90934126205076,-0.3993529006997344,0.6360344042324914,0.6504866131882836,0.0
long_max_Tlast,B,0.9599310885968813,0.3055555555555556,4558,-217.86741508228468,-0.23984066440965668,0.6166711568344578,0.6456554957008132,0.46816294186402685
long_max_Tlast,B,0.9599310885968813,0.3055555555555556,4559,-218.27172140777196,-0.6403229758013471,0.6360325213519473,0.6504851954474896,0.0
long_max_Tlast,B,0.9599310885968813,0.3055555555555556,4560,-218.0386880068475,-0.2758019548184335,0.6166684860309622,0.6456533722146609,0.4681606547638811
long_max_Tlast,B,0.9599310885968813,0.3055555555555556,4561,-218.4362327938477,-0.7026581123745634,0.6360339790015118,0.6504862033110959,0.0
long_max_Tlast,B,0.9599310885968813,0.3055555555555556,4562,-218.11497152905565,-0.26669866989123814,0.6166655502646436,0.6456507078024105,0.46815948402223256
long_max_Tlast,B,0.9599310885968813,0.3055555555555556,4563,-218.37759701659772,-0.5635216938245907,0.6360334471431383,0.6504857867494767,0.0
long_max_Tlast,B,0.9599310885968813,0.3055555555555556,4564,-218.10328685332408,-0.21586153054259896,0.6166665660154378,0.6456512709828233,0.46816128902833765
long_max_Tlast,B,0.9599310885968813,0.3055555555555556,4565,-218.15226617409385,-0.2738956419277042,0.6360303506437103,0.6504833333780163,0.0
long_max_Tlast,B,0.9599310885968813,0.3055555555555556,4566,-218.0429282030354,-0.14192561810288667,0.6166676768223511,0.6456522242965452,0.4681618916674397
long_max_Tlast,B,0.9599310885968813,0.3055555555555556,4567,-217.87777396951685,0.06009827599818357,0.6360295777972756,0.6504826844185387,0.0
long_max_Tlast,B,0.9599310885968813,0.3055555555555556,4568,-217.99098005535595,-0.07197888760960156,0.6166654829038061,0.6456501913447475,0.4681611314923838
long_max_Tlast,B,0.9599310885968813,0.3055555555555556,4569,-217.68970648454427,0.31607621900368105,0.6360312894452522,0.6504840406642984,0.0
long_max_Tlast,B,0.9599310885968813,0.3055555555555556,4570,-218.00143826883618,-0.03164701581239804,0.6166630555759038,0.6456481940268679,0.46815935986292656
long_max_Tlast,B,0.9599310885968813,0.3055555555555556,4571,-217.6919511662483,0.4002469750664974,0.6360306966536359,0.6504835617821924,0.0
long_max_Tlast,B,0.9599310885968813,0.3055555555555556,4572,-218.10547659553978,-0.03571484138540343,0.6166640804539776,0.6456493726228257,0.4681587822287444
long_max_Tlast,B,0.9599310885968813,0.3055555555555556,4573,-217.91865011855012,0.2817700533577109,0.6360277788215134,0.6504814226210504,0.0
long_max_Tlast,B,0.9599310885968813,0.3055555555555556,4574,-218.29995356497128,-0.082687344362887,0.6166653023401731,0.6456503932759676,0.4681595538937786
long_max_Tlast,B,0.9599310885968813,0.3055555555555556,4575,-218.32172767363465,0.004054285949987579,0.6360277333954707,0.6504815030510893,0.0
long_max_Tlast,B,0.9599310885968813,0.3055555555555556,4576,-218.54858160989426,-0.1553522224049143,0.6166627072256307,0.6456483804262583,0.4681571394947343
long_max_Tlast,B,0.9599310885968813,0.3055555555555556,4577,-218.78847282670404,-0.3311366493199232,0.6360300447098988,0.6504831978202674,0.0
long_max_Tlast,B,0.9599310885968813,0.3055555555555556,4578,-218.79524206109397,-0.22708765441193937,0.6166611362946429,0.645647182512673,0.46815562230589935
long_max_Tlast,B,0.9599310885968813,0.3055555555555556,4579,-219.18284711899747,-0.6009840903645499,0.6360293408879384,0.6504826650731304,0.0
long_max_Tlast,B,0.9599310885968813,0.3055555555555556,4580,-218.98452914796695,-0.2716025197633067,0.6166638937142511,0.6456492089336189,0.4681585604385878
long_max_Tlast,B,0.9599310885968813,0.3055555555555556,4581,-219.39532018733783,-0.7066142335908911,0.6360272039475848,0.6504810143921537,0.0
long_max_Tlast,B,0.9599310885968813,0.3055555555555556,4582,-219.0820838548779,-0.27258927848365694,0.6166652144205033,0.6456502501672744,0.4681596393873294
long_max_Tlast,B,0.9599310885968813,0.3055555555555556,4583,-219.3830076363107,-0.6093184191883215,0.6360285874536861,0.6504819213034873,0.0
long_max_Tlast,B,0.9599310885968813,0.3055555555555556,4584,-219.08713681606736,-0.22968809949298868,0.6166633498570332,0.6456485283239547,0.46815897293904996
long_max_Tlast,B,0.9599310885968813,0.3055555555555556,4585,-219.18542442590376,-0.34474881773492355,0.6360311242277388,0.6504838269905292,0.0
long_max_Tlast,B,0.9599310885968813,0.3055555555555556,4586,-219.0327919259543,-0.15861129123497295,0.6166633903459714,0.6456483011657447,0.46816001911673544
long_max_Tlast,B,0.9599310885968813,0.3055555555555556,4587,-218.90994899105897,-0.009848292169446327,0.6360304598408996,0.6504832856664493,0.0
long_max_Tlast,B,0.9599310885968813,0.3055555555555556,4588,-218.97397018945378,-0.08540834322872268,0.6166661556367297,0.6456508021883655,0.46816112224469053
long_max_Tlast,B,0.9599310885968813,0.3055555555555556,4589,-218.69247527139237,0.2726735067369721,0.6360290330993542,0.650482179042725,0.0
long_max_Tlast,B,0.9599310885968813,0.3055555555555556,4590,-218.96721374303678,-0.03690251404660899,0.6166672370245646,0.6456517671445887,0.4681615509951779
long_max_Tlast,B,0.9599310885968813,0.3055555555555556,4591,-218.6476870853067,0.39929270995881994,0.6360309202968318,0.6504837345125819,0.0
long_max_Tlast,B,0.9599310885968813,0.3055555555555556,4592,-219.0499518504439,-0.030860988275236756,0.6166653996381214,0.6456502898124148,0.4681600450407054
long_max_Tlast,B,0.9599310885968813,0.3055555555555556,4593,-218.82698811021925,0.3236149425448358,0.6360335713296787,0.6504857580135993,0.0
long_max_Tlast,B,0.9599310885968813,0.3055555555555556,4594,-219.22685985944602,-0.06950311379661525,0.6166655980383121,0.6456507990677285,0.46815883495363675
long_max_Tlast,B,0.9599310885968813,0.3055555555555556,4595,-219.19964674320087,0.0733714937716965,0.6360328533746844,0.6504852190648592,0.0
long_max_Tlast,B,0.9599310885968813,0.3055555555555556,4596,-219.46810451859102,-0.138667716795845,0.6166692735548656,0.6456538247318918,0.46816147308008427
long_max_Tlast,B,0.9599310885968813,0.3055555555555556,4597,-219.6640958672525,-0.25974888355538595,0.6360320660488819,0.6504846928309043,0.0
long_max_Tlast,B,0.9599310885968813,0.3055555555555556,4598,-219.72026744908828,-0.21300903723346384,0.6166704790079852,0.6456547391514915,0.46816259545363526
long_max_Tlast,B,0.9599310885968813,0.3055555555555556,4599,-220.08513440638256,-0.553682744315587,0.6360351757192619,0.6504869431916096,0.0
long_max_Tlast,B,0.9599310885968813,0.3055555555555556,4600,-219.92593336563112,-0.26529206261652133,0.6166691850122399,0.6456536587258169,0.468161689717255
long_max_Tlast,B,0.9599310885968813,0.3055555555555556,4601,-220.34347677843476,-0.7007257954631739,0.6360380280379332,0.6504890199060727,0.0
long_max_Tlast,B,0.9599310885968813,0.3055555555555556,4602,-220.04470738993282,-0.27635352108489936,0.6166714461144805,0.6456552059093363,0.46816456042444127
long_max_Tlast,B,0.9599310885968813,0.3055555555555556,4603,-220.37944416457,-0.6470012944554856,0.6360374254739345,0.6504885379880572,0.0
long_max_Tlast,B,0.9599310885968813,0.3055555555555556,4604,-220.06806568189722,-0.2421408555586858,0.6166755620609468,0.6456585602016783,0.46816764678329953
long_max_Tlast,B,0.9599310885968813,0.3055555555555556,4605,-220.21481407930088,-0.41219030661679534,0.6360377707036541,0.6504886928701439,0.0
long_max_Tlast,B,0.9599310885968813,0.3055555555555556,4606,-220.0224445809613,-0.17519509110491166,0.6166763976591353,0.6456593150643443,0.4681679341475181
long_max_Tlast,B,0.9599310885968813,0.3055555555555556,4607,-219.9449038194626,-0.08233091483342114,0.636041354916258,0.6504914389118039,0.0
long_max_Tlast,B,0.9599310885968813,0.3055555555555556,4608,-219.95950836501166,-0.10003862415146325,0.6166758051591699,0.6456587106959912,0.4681679432684537
long_max_Tlast,B,0.9599310885968813,0.3055555555555556,4609,-219.70361311396348,0.22170916875631053,0.6360438887683251,0.6504934149127246,0.0
long_max_Tlast,B,0.9599310885968813,0.3055555555555556,4610,-219.9373077824255,-0.04421263077991047,0.6166780681257822,0.6456608946608101,0.46816833068491515
long_max_Tlast,B,0.9599310885968813,0.3055555555555556,4611,-219.6143120475756,0.3885273547460993,0.636043369595355,0.6504930139949743,0.0
long_max_Tlast,B,0.9599310885968813,0.3055555555555556,4612,-219.998983636466,-0.028176725249208556,0.6166819256779753,0.6456643340220061,0.4681700600674408
long_max_Tlast,B,0.9599310885968813,0.3055555555555556,4613,-219.74470339848955,0.3569947063475958,0.6360441920026007,0.6504937521139784,0.0
long_max_Tlast,B,0.9599310885968813,0.3055555555555556,4614,-220.15689906293787,-0.057800410650834244,0.616682753090928,0.6456649707203277,0.4681707882243715
long_max_Tlast,B,0.9599310885968813,0.3055555555555556,4615,-220.0820087723795,0.13866335902794175,0.6360483396006827,0.6504969034332679,0.0
long_max_Tlast,B,0.9599310885968813,0.3055555555555556,4616,-220.38816921878805,-0.12223289933231091,0.6166823342249073,0.6456647895774504,0.46816983902492404
long_max_Tlast,B,0.9599310885968813,0.3055555555555556,4617,-220.53761225839546,-0.18646350587816918,0.6360509179284048,0.6504987638692515,0.0
long_max_Tlast,B,0.9599310885968813,0.3055555555555556,4618,-220.6430388479396,-0.19786504302924496,0.6166860794284238,0.6456677792579735,0.4681729241327611
long_max_Tlast,B,0.9599310885968813,0.3055555555555556,4619,-220.9795512083937,-0.49925729293445514,0.6360505378097657,0.6504984806113553,0.0
long_max_Tlast,B,0.9599310885968813,0.3055555555555556,4620,-220.86310295804088,-0.2569794310104896,0.6166906749978344,0.6456713429989774,0.46817708121048707
long_max_Tlast,B,0.9599310885968813,0.3055555555555556,4621,-221.28086230685608,-0.685103035023362,0.6360525293521256,0.6504998861972151,0.0
long_max_Tlast,B,0.9599310885968813,0.3055555555555556,4622,-221.0027170289397,-0.2779209408624024,0.6166912244436968,0.645671807241042,0.4681773946119351
long_max_Tlast,B,0.9599310885968813,0.3055555555555556,4623,-221.36612632646413,-0.6758986712730979,0.6360571818016699,0.6505033165461951,0.0
long_max_Tlast,B,0.9599310885968813,0.3055555555555556,4624,-221.04568201738545,-0.2530119308636054,0.6166919843093264,0.6456722396384369,0.46817870392014915
long_max_Tlast,B,0.9599310885968813,0.3055555555555556,4625,-221.23909862553273,-0.4750181967186984,0.6360592431802321,0.6505049158723206,0.0
long_max_Tlast,B,0.9599310885968813,0.3055555555555556,4626,-221.01123644582034,-0.19137652338809197,0.6166961774600694,0.6456757530533127,0.4681815076500463
long_max_Tlast,B,0.9599310885968813,0.3055555555555556,4627,-220.98128127367983,-0.15606452012083089,0.6360591159906174,0.6505047930241573,0.0
long_max_Tlast,B,0.9599310885968813,0.3055555555555556,4628,-220.94701519137948,-0.11560613705440159,0.6166997256032309,0.6456790145539825,0.46818271126430666
long_max_Tlast,B,0.9599310885968813,0.3055555555555556,4629,-220.72211845638094,0.16409292957128363,0.6360615657141548,0.6505067131917512,0.0
long_max_Tlast,B,0.9599310885968813,0.3055555555555556,4630,-220.91150947941443,-0.053458987079817555,0.6167000795294577,0.6456793191066508,0.46818288888693027
long_max_Tlast,B,0.9599310885968813,0.3055555555555556,4631,-220.59158351116236,0.3681385109012144,0.636066015090491,0.6505101897262686,0.0
long_max_Tlast,B,0.9599310885968813,0.3055555555555556,4632,-220.952697258205,-0.027706001170677175,0.6167008501348342,0.6456801665764622,0.4681826288394151
long_max_Tlast,B,0.9599310885968813,0.3055555555555556,4633,-220.67248135390588,0.3813075498935945,0.6360678203139766,0.6505115178705995,0.0
long_max_Tlast,B,0.9599310885968813,0.3055555555555556,4634,-221.09049413124077,-0.04778955058542689,0.6167052602513728,0.6456840372132614,0.46818489073248887
long_max_Tlast,B,0.9599310885968813,0.3055555555555556,4635,-220.97013949568893,0.19877143422279803,0.6360678310114375,0.6505115577659427,0.0
long_max_Tlast,B,0.9599310885968813,0.3055555555555556,4636,-221.30938783931057,-0.10634542463422306,0.6167092410947829,0.6456871291463167,0.46818847127758184
long_max_Tlast,B,0.9599310885968813,0.3055555555555556,4637,-221.41048193626563,-0.11258887078556334,0.6360710397213091,0.6505139729777869,0.0
long_max_Tlast,B,0.9599310885968813,0.3055555555555556,4638,-221.56414782338481,-0.18191944594601844,0.6167094877701639,0.6456872957138385,0.46818877988900665
long_max_Tlast,B,0.9599310885968813,0.3055555555555556,4639,-221.86714481290443,-0.4386807253891714,0.6360758270858546,0.6505174506166551,0.0
long_max_Tlast,B,0.9599310885968813,0.3055555555555556,4640,-221.79640299794073,-0.24682171080096627,0.6167113507241492,0.6456887225708163,0.46819056980939905
long_max_Tlast,B,0.9599310885968813,0.3055555555555556,4641,-222.20778483861156,-0.6600184741892996,0.636077154878783,0.6505184379747279,0.0
long_max_Tlast,B,0.9599310885968813,0.3055555555555556,4642,-221.95602959902885,-0.2772647795883298,0.6167167137937309,0.6456929329291875,0.4681952629370978
long_max_Tlast,B,0.9599310885968813,0.3055555555555556,4643,-222.34255147512997,-0.6954986356755716,0.6360775259646385,0.6505186890057424,0.0
long_max_Tlast,B,0.9599310885968813,0.3055555555555556,4644,-222.01954219733284,-0.26209875594308263,0.6167196151238598,0.6456954975274489,0.46819664877904216
long_max_Tlast,B,0.9599310885968813,0.3055555555555556,4645,-222.2570353674717,-0.5321146995265753,0.6360812671770497,0.6505214809288781,0.0
long_max_Tlast,B,0.9599310885968813,0.3055555555555556,4646,-221.99863597234437,-0.206879726595264,0.6167195766366682,0.6456955109483649,0.4681964405799756
long_max_Tlast,B,0.9599310885968813,0.3055555555555556,4647,-222.01758029415146,-0.2297351023713941,0.6360853470450981,0.6505246772990083,0.0
long_max_Tlast,B,0.9599310885968813,0.3055555555555556,4648,-221.93593145810934,-0.13183512596888264,0.6167216681655399,0.6456973312691598,0.4681976013410396
long_max_Tlast,B,0.9599310885968813,0.3055555555555556,4649,-221.74690284164595,0.10084281295856357,0.6360861129705336,0.6505252892704697,0.0
long_max_Tlast,B,0.9599310885968813,0.3055555555555556,4650,-221.88942038648932,-0.06447005034198117,0.6167261111105938,0.6457014144565394,0.4681991596627691
long_max_Tlast,B,0.9599310885968813,0.3055555555555556,4651,-221.579144732155,0.33848915836097854,0.6360866457479688,0.6505257266561418,0.0
long_max_Tlast,B,0.9599310885968813,0.3055555555555556,4652,-221.91112946327388,-0.02946670813943386,0.6167285852900213,0.6457034771864796,0.46820083038439686
long_max_Tlast,B,0.9599310885968813,0.3055555555555556,4653,-221.6107806600148,0.3961195768968431,0.6360905015124402,0.6505287331561955,0.0
long_max_Tlast,B,0.9599310885968813,0.3055555555555556,4654,-222.02806288708092,-0.03964739391825908,0.6167285469114565,0.6457034036785122,0.46820097997578586
long_max_Tlast,B,0.9599310885968813,0.3055555555555556,4655,-221.8652116826757,0.252617383249383,0.6360944313872887,0.6505316189186587,0.0
long_max_Tlast,B,0.9599310885968813,0.3055555555555556,4656,-222.2323684574916,-0.09128789001073606,0.616731096580086,0.6457055992948557,0.46820248553489735
long_max_Tlast,B,0.9599310885968813,0.3055555555555556,4657,-222.28418180891478,-0.03943578916692159,0.636094858162364,0.6505318819413218,0.0
long_max_Tlast,B,0.9599310885968813,0.3055555555555556,4658,-222.48417243692995,-0.1654623504737863,0.6167363883260418,0.6457097034379427,0.46820731130563115
long_max_Tlast,B,0.9599310885968813,0.3055555555555556,4659,-222.74915183919475,-0.37302917578935757,0.6360957206891129,0.6505325291191564,0.0
long_max_Tlast,B,0.9599310885968813,0.3055555555555556,4660,-222.7261944469343,-0.23499146360056658,0.6167382927591929,0.6457111775933145,0.4682090445877395
long_max_Tlast,B,0.9599310885968813,0.3055555555555556,4661,-223.1247271180374,-0.6259220516230295,0.6361000591112115,0.6505356978735033,0.0
long_max_Tlast,B,0.9599310885968813,0.3055555555555556,4662,-222.90473099329364,-0.274402044409152,0.6167380391931668,0.6457110049773263,0.46820874101700466
long_max_Tlast,B,0.9599310885968813,0.3055555555555556,4663,-223.30828569287672,-0.7054470003011432,0.6361031792103214,0.650538073286022,0.0
long_max_Tlast,B,0.9599310885968813,0.3055555555555556,4664,-222.98932711221124,-0.2692465686820631,0.6167412008471861,0.6457135289381573,0.4682113793041822
long_max_Tlast,B,0.9599310885968813,0.3055555555555556,4665,-223.2675465291722,-0.582464914044418,0.6361029155526632,0.6505379416202536,0.0
long_max_Tlast,B,0.9599310885968813,0.3055555555555556,4666,-222.98399258461,-0.2214174100591931,0.6167452160245765,0.6457171493023263,0.46821305882522357
long_max_Tlast,B,0.9599310885968813,0.3055555555555556,4667,-223.05239472300104,-0.30203459409737216,0.6361039984746063,0.6505387698605721,0.0
long_max_Tlast,B,0.9599310885968813,0.3055555555555556,4668,-222.92567389886375,-0.14844327716926076,0.6167458200715161,0.6457178732548707,0.46821260179335517
long_max_Tlast,B,0.9599310885968813,0.3055555555555556,4669,-222.77667026313281,0.03308601654188831,0.6361079078105342,0.6505418480600695,0.0
long_max_Tlast,B,0.9599310885968813,0.3055555555555556,4670,-222.87068988706505,-0.07705637363783607,0.616745579447954,0.6457176633260534,0.468212509540333
long_max_Tlast,B,0.9599310885968813,0.3055555555555556,4671,-222.57640477156974,0.30009893925315034,0.636110223369416,0.6505436333770501,0.0
long_max_Tlast,B,0.9599310885968813,0.3055555555555556,4672,-222.8741866124836,-0.03341970692894969,0.6167484266623612,0.6457202723149246,0.468213577705637
long_max_Tlast,B,0.9599310885968813,0.3055555555555556,4673,-222.55994110680717,0.4011654119433974,0.636109710784539,0.6505431940812745,0.0
long_max_Tlast,B,0.9599310885968813,0.3055555555555556,4674,-222.9698862036276,-0.033524627607721014,0.616752378903071,0.6457234815207727,0.46821661732854697
long_max_Tlast,B,0.9599310885968813,0.3055555555555556,4675,-222.76829926129145,0.2992468645451879,0.6361109613424273,0.6505441743321566,0.0
long_max_Tlast,B,0.9599310885968813,0.3055555555555556,4676,-223.15768956422767,-0.07732761962979778,0.6167528939429752,0.6457236461816738,0.4682180096088259
long_max_Tlast,B,0.9599310885968813,0.3055555555555556,4677,-223.16012938129137,0.03168847293825905,0.6361149984539575,0.6505471333232014,0.0
long_max_Tlast,B,0.9599310885968813,0.3055555555555556,4678,-223.4037642978633,-0.1487834825756023,0.6167525974540007,0.645723412106741,0.46821779966032745
long_max_Tlast,B,0.9599310885968813,0.3055555555555556,4679,-223.6268396540444,-0.30346729995804217,0.636116654044114,0.6505482923613757,0.0
long_max_Tlast,B,0.9599310885968813,0.3055555555555556,4680,-223.652925984273,-0.22170708750737808,0.6167561657233385,0.6457261871628491,0.46822106065520963
long_max_Tlast,B,0.9599310885968813,0.3055555555555556,4681,-224.03239718406766,-0.5834143050462617,0.6361155824649066,0.6505475308706574,0.0
long_max_Tlast,B,0.9599310885968813,0.3055555555555556,4682,-223.84886848742508,-0.26937527942532324,0.6167592735080968,0.6457287390142199,0.46822333934883636
long_max_Tlast,B,0.9599310885968813,0.3055555555555556,4683,-224.26316483013616,-0.7055696474868042,0.6361170873319886,0.6505486471010471,0.0
long_max_Tlast,B,0.9599310885968813,0.3055555555555556,4684,-223.95478748594675,-0.2743269596338395,0.6167582053881068,0.6457281046813516,0.4682216158146054
long_max_Tlast,B,0.9599310885968813,0.3055555555555556,4685,-224.26957885206187,-0.6251697630604062,0.6361204686093487,0.650551259073822,0.0
long_max_Tlast,B,0.9599310885968813,0.3055555555555556,4686,-223.9668278057738,-0.23474206256910235,0.6167579055997073,0.6457278771621959,0.4682213740504371
long_max_Tlast,B,0.9599310885968813,0.3055555555555556,4687,-224.08428981095577,-0.3716778544951706,0.6361208438319932,0.6505516642132858,0.0
long_max_Tlast,B,0.9599310885968813,0.3055555555555556,4688,-223.91556958392977,-0.16512572007449544,0.6167607403174145,0.6457304716109327,0.46822244678806235
long_max_Tlast,B,0.9599310885968813,0.3055555555555556,4689,-223.81015027287918,-0.03797736361416093,0.6361195280856985,0.6505506695647553,0.0
long_max_Tlast,B,0.9599310885968813,0.3055555555555556,4690,-223.8548087073559,-0.0909934412869936,0.6167625503774562,0.6457321992896388,0.46822282854406105
long_max_Tlast,B,0.9599310885968813,0.3055555555555556,4691,-223.58259621809367,0.2536536001283184,0.6361209980906375,0.6505518402460041,0.0
long_max_Tlast,B,0.9599310885968813,0.3055555555555556,4692,-223.8417687792524,-0.03950279332847953,0.6167614154581352,0.6457310574525885,0.4682228392672586
long_max_Tlast,B,0.9599310885968813,0.3055555555555556,4693,-223.5200202125365,0.3963504796492611,0.6361238933695568,0.6505540333035483,0.0
long_max_Tlast,B,0.9599310885968813,0.3055555555555556,4694,-223.9162055844193,-0.029523134985115718,0.6167611864016612,0.6457308666508521,0.46822274057624563
long_max_Tlast,B,0.9599310885968813,0.3055555555555556,4695,-223.68032695437657,0.33782788772703626,0.6361237383409074,0.6505537910596483,0.0
long_max_Tlast,B,0.9599310885968813,0.3055555555555556,4696,-224.08584849026607,-0.06471551128840133,0.61676429380177,0.6457333518552911,0.4682253110388872
long_max_Tlast,B,0.9599310885968813,0.3055555555555556,4697,-224.03975232530618,0.09952694837036441,0.6361221769743997,0.6505526115679715,0.0
long_max_Tlast,B,0.9599310885968813,0.3055555555555556,4698,-224.32351731436728,-0.13217925582419013,0.6167658901996687,0.6457343764445674,0.46822760155990517
long_max_Tlast,B,0.9599310885968813,0.3055555555555556,4699,-224.50158216471073,-0.2312335462390312,0.6361238217855025,0.6505538263734403,0.0
long_max_Tlast,B,0.9599310885968813,0.3055555555555556,4700,-224.57710898160087,-0.2071978404836467,0.6167636716550785,0.6457326134907581,0.4682257725687263
long_max_Tlast,B,0.9599310885968813,0.3055555555555556,4701,-224.9315788905001,-0.5332497920942396,0.6361261093890839,0.650555499234432,0.0
long_max_Tlast,B,0.9599310885968813,0.3055555555555556,4702,-224.78867640864536,-0.26228252149137476,0.6167634568162936,0.6457324640862442,0.4682255668134722
long_max_Tlast,B,0.9599310885968813,0.3055555555555556,4703,-225.20717423529493,-0.6958576141334578,0.6361246605262113,0.6505545121286144,0.0
long_max_Tlast,B,0.9599310885968813,0.3055555555555556,4704,-224.91568081731918,-0.2772446825369675,0.6167659512555398,0.6457345948549431,0.46822710039007515
long_max_Tlast,B,0.9599310885968813,0.3055555555555556,4705,-225.26235021978772,-0.6594728108674914,0.6361228537075133,0.6505532005182229,0.0
long_max_Tlast,B,0.9599310885968813,0.3055555555555556,4706,-224.94659520285796,-0.2466085265185121,0.6167655078087364,0.6457345759953814,0.46822542340405815
long_max_Tlast,B,0.9599310885968813,0.3055555555555556,4707,-225.11186904384448,-0.4374254195257489,0.6361243267330464,0.6505543594186367,0.0
long_max_Tlast,B,0.9599310885968813,0.3055555555555556,4708,-224.90505693881397,-0.18159701645182885,0.6167628386473215,0.6457323745834249,0.4682235395022212
long_max_Tlast,B,0.9599310885968813,0.3055555555555556,4709,-224.84588469973323,-0.11108357697816296,0.6361255392378551,0.6505553771285577,0.0
long_max_Tlast,B,0.9599310885968813,0.3055555555555556,4710,-224.84125594476998,-0.10602879839070589,0.6167627256175345,0.6457322873830819,0.468223496098625
long_max_Tlast,B,0.9599310885968813,0.3055555555555556,4711,-224.5968353657825,0.19997312710856496,0.6361235231202544,0.6505537986970149,0.0
long_max_Tlast,B,0.9599310885968813,0.3055555555555556,4712,-224.8135875140424,-0.04760160953787479,0.6167646416248965,0.6457339842601689,0.46822443824053045
long_max_Tlast,B,0.9599310885968813,0.3055555555555556,4713,-224.49094702134113,0.3817650905835095,0.6361217904840997,0.6505524570638015,0.0
long_max_Tlast,B,0.9599310885968813,0.3055555555555556,4714,-224.86716981881438,-0.027720734286779958,0.6167641542038504,0.6457332599133266,0.468225350067963
long_max_Tlast,B,0.9599310885968813,0.3055555555555556,4715,-224.6020235036158,0.3676754099884172,0.6361232123054175,0.6505535305659917,0.0
long_max_Tlast,B,0.9599310885968813,0.3055555555555556,4716,-225.0173373921404,-0.05366964709318997,0.6167613270323231,0.6457307596364625,0.4682240192105447
long_max_Tlast,B,0.9599310885968813,0.3055555555555556,4717,-224.92435138063385,0.16287069833693169,0.6361239136329658,0.6505539376142335,0.0
long_max_Tlast,B,0.9599310885968813,0.3055555555555556,4718,-225.2440596483235,-0.11594520702279318,0.6167612670928627,0.6457307288439457,0.46822395807089917
long_max_Tlast,B,0.9599310885968813,0.3055555555555556,4719,-225.3747999581987,-0.15760320133602562,0.6361210613051661,0.6505517925273356,0.0
long_max_Tlast,B,0.9599310885968813,0.3055555555555556,4720,-225.49924515940478,-0.1917232908241017,0.6167629699429019,0.6457319822670349,0.4682257854850139
long_max_Tlast,B,0.9599310885968813,0.3055555555555556,4721,-225.82329386002874,-0.4763183467445517,0.6361191778388118,0.6505504396012624,0.0
long_max_Tlast,B,0.9599310885968813,0.3055555555555556,4722,-225.724381305106,-0.2532392632713104,0.6167607056819171,0.6457302917728526,0.46822346602339165
long_max_Tlast,B,0.9599310885968813,0.3055555555555556,4723,-226.14047486714432,-0.6764850133492755,0.6361203923921781,0.650551356516196,0.0
long_max_Tlast,B,0.9599310885968813,0.3055555555555556,4724,-225.87195075781358,-0.27795454430599553,0.6167570905679289,0.6457274865359123,0.4682202205338401
long_max_Tlast,B,0.9599310885968813,0.3055555555555556,4725,-226.2451237746659,-0.684759115730446,0.6361197852033743,0.6505510140360435,0.0
long_max_Tlast,B,0.9599310885968813,0.3055555555555556,4726,-225.9228487910072,-0.2568070801471897,0.616757099462678,0.6457275087050199,0.46822022087232434
long_max_Tlast,B,0.9599310885968813,0.3055555555555556,4727,-226.13387496551434,-0.4981115514889742,0.6361162607387576,0.6505484116956418,0.0
long_max_Tlast,B,0.9599310885968813,0.3055555555555556,4728,-225.89343837995202,-0.19755182936409427,0.6167574911779518,0.6457280781808877,0.46821954412347294
long_max_Tlast,B,0.9599310885968813,0.3055555555555556,4729,-225.88245775909178,-0.18493328233104833,0.6361146335592106,0.6505471572494295,0.0
long_max_Tlast,B,0.9599310885968813,0.3055555555555556,4730,-225.82948279185902,-0.1219022998911139,0.6167547274160585,0.6457257000767668,0.4682179458272618
long_max_Tlast,B,0.9599310885968813,0.3055555555555556,4731,-225.61800595592322,0.1400150368800528,0.6361155009548579,0.6505478524358387,0.0
long_max_Tlast,B,0.9599310885968813,0.3055555555555556,4732,-225.78937331695352,-0.05757246005802752,0.6167516974867149,0.6457229257883623,0.46821689450419685
long_max_Tlast,B,0.9599310885968813,0.3055555555555556,4733,-225.47241443162588,0.3576640586466314,0.6361143369116703,0.6505468829566444,0.0
long_max_Tlast,B,0.9599310885968813,0.3055555555555556,4734,-225.82281045618709,-0.028140800920905595,0.616751755862445,0.6457229875083952,0.4682169270424018
long_max_Tlast,B,0.9599310885968813,0.3055555555555556,4735,-225.53399588143725,0.38826413566278706,0.6361106345580334,0.6505439976721893,0.0
long_max_Tlast,B,0.9599310885968813,0.3055555555555556,4736,-225.9525363577659,-0.044390791946816666,0.6167521395447872,0.6457230605887526,0.4682181509059742
long_max_Tlast,B,0.9599310885968813,0.3055555555555556,4737,-225.8151743601258,0.2206000290417181,0.6361090662103995,0.6505428544140613,0.0
long_max_Tlast,B,0.9599310885968813,0.3055555555555556,4738,-226.1659883200017,-0.10036432735418244,0.6167486749502509,0.6457200506012521,0.4682162609699247
long_max_Tlast,B,0.9599310885968813,0.3055555555555556,4739,-226.2479085250016,-0.08388814633848013,0.6361097335119636,0.6505433129411284,0.0
long_max_Tlast,B,0.9599310885968813,0.3055555555555556,4740,-226.4199393446654,-0.17555656342428416,0.6167450065794906,0.6457172056403888,0.4682129633663089
long_max_Tlast,B,0.9599310885968813,0.3055555555555556,4741,-226.7086196524392,-0.4136259904410641,0.6361075180751385,0.6505416739494311,0.0
long_max_Tlast,B,0.9599310885968813,0.3055555555555556,4742,-226.6563147605855,-0.2424114652824677,0.6167451009978406,0.6457172893945365,0.4682130412312754
long_max_Tlast,B,0.9599310885968813,0.3055555555555556,4743,-227.06347559529888,-0.6477931236893851,0.63610321315997,0.6505385504871342,0.0
long_max_Tlast,B,0.9599310885968813,0.3055555555555556,4744,-226.82349765931335,-0.2764322654345356,0.616744058647272,0.6457166142377351,0.4682115593494829
long_max_Tlast,B,0.9599310885968813,0.3055555555555556,4745,-227.21741975402125,-0.70058303848201,0.6361019211572967,0.6505375855000459,0.0
long_max_Tlast,B,0.9599310885968813,0.3055555555555556,4746,-226.8952203501334,-0.2651579964030515,0.6167394799844761,0.6457130152040617,0.4682075786722807
long_max_Tlast,B,0.9599310885968813,0.3055555555555556,4747,-227.1490445669515,-0.5526540914747596,0.6361020281552805,0.6505377226833584,0.0
long_max_Tlast,B,0.9599310885968813,0.3055555555555556,4748,-226.88015981782243,-0.21271366742052583,0.6167365668844714,0.6457104334366394,0.4682062330104826
long_max_Tlast,B,0.9599310885968813,0.3055555555555556,4749,-226.91840255671303,-0.2582156561791057,0.6360990934917713,0.6505355212993499,0.0
long_max_Tlast,B,0.9599310885968813,0.3055555555555556,4750,-226.81883392679322,-0.1383193596813546,0.6167366342597007,0.6457105092014017,0.4682062272298503
long_max_Tlast,B,0.9599310885968813,0.3055555555555556,4751,-226.64496715713994,0.07484452249735157,0.6360951239270806,0.6505324160684809,0.0
long_max_Tlast,B,0.9599310885968813,0.3055555555555556,4752,-226.76871881881127,-0.06923929491686945,0.6167353279895207,0.6457092953490199,0.4682058034741524
long_max_Tlast,B,0.9599310885968813,0.3055555555555556,4753,-226.4639222714872,0.32448295941658123,0.6360941260269284,0.650531657208366,0.0
long_max_Tlast,B,0.9599310885968813,0.3055555555555556,4754,-226.78313656185156,-0.030779191618295565,0.6167311972270115,0.6457055016084868,0.46820435476780176
long_max_Tlast,B,0.9599310885968813,0.3055555555555556,4755,-226.47660814076582,0.3992262900974808,0.6360939920995479,0.6505315031820909,0.0
long_max_Tlast,B,0.9599310885968813,0.3055555555555556,4756,-226.89179020971818,-0.03703536182905026,0.6167283240505007,0.6457031522327242,0.4682022519478175
long_max_Tlast,B,0.9599310885968813,0.3055555555555556,4757,-226.71334686344855,0.27169185685916686,0.6360905909606662,0.6505288555003276,0.0
long_max_Tlast,B,0.9599310885968813,0.3055555555555556,4758,-227.08986337333616,-0.08571685845145044,0.6167284108646627,0.6457032085702363,0.46820238329137037
long_max_Tlast,B,0.9599310885968813,0.3055555555555556,4759,-227.12237197991644,-0.011390295018211927,0.6360864173877554,0.6505258001044234,0.0
long_max_Tlast,B,0.9599310885968813,0.3055555555555556,4760,-227.339755964387,-0.1589808042934414,0.6167262619720445,0.645701393491036,0.4682009811519105
long_max_Tlast,B,0.9599310885968813,0.3055555555555556,4761,-227.58879142839635,-0.34629060942839124,0.6360856351301789,0.6505252508890197,0.0
long_max_Tlast,B,0.9599310885968813,0.3055555555555556,4762,-227.58488955380773,-0.22998650262030476,0.6167209360803335,0.6456972691229499,0.4681961095935848
long_max_Tlast,B,0.9599310885968813,0.3055555555555556,4763,-227.97668638852366,-0.6102909393607605,0.63608493400911,0.6505247482250567,0.0
long_max_Tlast,B,0.9599310885968813,0.3055555555555556,4764,-227.77041425511786,-0.2727136721634566,0.6167185047660998,0.6456952959247658,0.4681942728663228
long_max_Tlast,B,0.9599310885968813,0.3055555555555556,4765,-228.1789172811732,-0.7066605319648561,0.6360807610531193,0.6505217028643745,0.0
long_max_Tlast,B,0.9599310885968813,0.3055555555555556,4766,-227.86333790653686,-0.27150412750647257,0.6167184667371187,0.6456952866583205,0.4681941598577045
long_max_Tlast,B,0.9599310885968813,0.3055555555555556,4767,-228.1563501353677,-0.6000880553024948,0.6360771147429979,0.6505189160267094,0.0
long_max_Tlast,B,0.9599310885968813,0.3055555555555556,4768,-227.86461733740182,-0.2268080011128796,0.6167155317520358,0.6456929377454825,0.46819173996083374
long_max_Tlast,B,0.9599310885968813,0.3055555555555556,4769,-227.95224121636966,-0.32962478892687425,0.6360767590661716,0.6505186133059133,0.0
long_max_Tlast,B,0.9599310885968813,0.3055555555555556,4770,-227.80874424097217,-0.1549980506581189,0.6167111693761413,0.645688994336433,0.46818996485202685
long_max_Tlast,B,0.9599310885968813,0.3055555555555556,4771,-227.67638869631455,0.005621074950146299,0.6360757041623931,0.6505178002165827,0.0
long_max_Tlast,B,0.9599310885968813,0.3055555555555556,4772,-227.75117044695895,-0.0823862329951939,0.616709584849222,0.6456875249974162,0.46818949276769534
long_max_Tlast,B,0.9599310885968813,0.3055555555555556,4773,-227.46483826321779,0.282810641746606,0.6360716412904502,0.6505146000125698,0.0
long_max_Tlast,B,0.9599310885968813,0.3055555555555556,4774,-227.74800315079426,-0.035585428531497876,0.6167095230637669,0.6456874497686017,0.4681895288401883
long_max_Tlast,B,0.9599310885968813,0.3055555555555556,4775,-227.43008035082337,0.40037607944901704,0.6360684223666433,0.6505121636901735,0.0
long_max_Tlast,B,0.9599310885968813,0.3055555555555556,4776,-227.83537289019398,-0.03173860761223146,0.6167066140586039,0.645684782379203,0.46818845306142665
long_max_Tlast,B,0.9599310885968813,0.3055555555555556,4777,-227.61984949939614,0.315238522826949,0.6360682379528636,0.6505120648205496,0.0
long_max_Tlast,B,0.9599310885968813,0.3055555555555556,4778,-228.01624034645647,-0.07225588336937017,0.6167018247201267,0.6456809297650336,0.4681846371456561
long_max_Tlast,B,0.9599310885968813,0.3055555555555556,4779,-227.999588798341,0.05859998479768619,0.636066814564739,0.6505109574074549,0.0
long_max_Tlast,B,0.9599310885968813,0.3055555555555556,4780,-228.25932381892892,-0.1422940394812119,0.61670031852457,0.6456798757315618,0.46818283745260314
long_max_Tlast,B,0.9599310885968813,0.3055555555555556,4781,-228.4651333768153,-0.27550264870316693,0.636062263715487,0.6505076279217511,0.0
long_max_Tlast,B,0.9599310885968813,0.3055555555555556,4782,-228.5105327247981,-0.21618443591442674,0.6167001024981016,0.6456796963567764,0.46818266283336085
long_max_Tlast,B,0.9599310885968813,0.3055555555555556,4783,-228.88087780980192,-0.5646486837144724,0.6360595293172092,0.6505056330285705,0.0
long_max_Tlast,B,0.9599310885968813,0.3055555555555556,4784,-228.7128118057142,-0.2668562315418985,0.6166961341373576,0.6456766204501383,0.46817900450667665
long_max_Tlast,B,0.9599310885968813,0.3055555555555556,4785,-229.12946730910437,-0.7028864384213822,0.636059733700085,0.6505057574551799,0.0
long_max_Tlast,B,0.9599310885968813,0.3055555555555556,4786,-228.82701480589807,-0.27574230499663405,0.6166920521528749,0.645673186679778,0.46817634140155695
long_max_Tlast,B,0.9599310885968813,0.3055555555555556,4787,-229.15481527443222,-0.6395673307663803,0.6360578585610673,0.6505043738931747,0.0
long_max_Tlast,B,0.9599310885968813,0.3055555555555556,4788,-228.8462685014874,-0.23958188899137328,0.6166918041778735,0.6456727671671363,0.4681770184496308
long_max_Tlast,B,0.9599310885968813,0.3055555555555556,4789,-228.98260697249708,-0.39789468585296395,0.636053727064798,0.6505011730221659,0.0
long_max_Tlast,B,0.9599310885968813,0.3055555555555556,4790,-228.79852908887136,-0.17163185183048943,0.6166914626999089,0.6456724785866198,0.4681767658182443
long_max_Tlast,B,0.9599310885968813,0.3055555555555556,4791,-228.71091316791032,-0.06642091433658687,0.6360519806877668,0.6504997598222155,0.0
long_max_Tlast,B,0.9599310885968813,0.3055555555555556,4792,-228.7362628021475,-0.09678835972187577,0.6166880894036718,0.6456693811815603,0.46817553789450667
long_max_Tlast,B,0.9599310885968813,0.3055555555555556,4793,-228.4742943530113,0.23339231320400267,0.6360523593013757,0.6505000549473242,0.0
long_max_Tlast,B,0.9599310885968813,0.3055555555555556,4794,-228.7172472338134,-0.04247108179843448,0.6166848367723163,0.6456665084896154,0.46817395185254984
long_max_Tlast,B,0.9599310885968813,0.3055555555555556,4795,-228.39443174457733,0.39169051268083455,0.6360503932667512,0.6504984931661709,0.0
long_max_Tlast,B,0.9599310885968813,0.3055555555555556,4796,-228.78345508281123,-0.028589269666032757,0.6166846362990793,0.6456665202523408,0.4681731151673131
long_max_Tlast,B,0.9599310885968813,0.3055555555555556,4797,-228.53555347688862,0.35047270349103904,0.6360464013233541,0.6504954952849084,0.0
long_max_Tlast,B,0.9599310885968813,0.3055555555555556,4798,-228.94560881238917,-0.06022590346766729,0.616684213554271,0.6456661260920634,0.4681729448928164
long_max_Tlast,B,0.9599310885968813,0.3055555555555556,4799,-228.88094044922556,0.12484005571588602,0.6360450911063781,0.6504946229436183,0.0
long_max_Tlast,B,0.9599310885968813,0.3055555555555556,4800,-229.17926395235034,-0.12578687192355065,0.6166801587593067,0.6456629045788959,0.46816951544492647
long_max_Tlast,B,0.9599310885968813,0.3055555555555556,4801,-229.3390198475525,-0.20252697041317796,0.636045690106583,0.6504950694494795,0.0
long_max_Tlast,B,0.9599310885968813,0.3055555555555556,4802,-229.43379084536272,-0.20125361331884342,0.616677069788262,0.6456605819072506,0.4681664207531676
long_max_Tlast,B,0.9599310885968813,0.3055555555555556,4803,-229.77692634982006,-0.5116750057762547,0.6360433279271519,0.6504933350145026,0.0
long_max_Tlast,B,0.9599310885968813,0.3055555555555556,4804,-229.65090256048208,-0.2589685885748838,0.6166779033324155,0.6456611717555361,0.46816739521227274
long_max_Tlast,B,0.9599310885968813,0.3055555555555556,4805,-230.06918251855512,-0.6893301838251343,0.6360397909751379,0.6504906971701463,0.0
long_max_Tlast,B,0.9599310885968813,0.3055555555555556,4806,-229.78604123831536,-0.27778645584651096,0.6166772437360957,0.6456606477704484,0.46816679472458916
long_max_Tlast,B,0.9599310885968813,0.3055555555555556,4807,-230.1436727107681,-0.6703940349572768,0.6360396626961151,0.650490499223835,0.0
long_max_Tlast,B,0.9599310885968813,0.3055555555555556,4808,-229.82467079452726,-0.25081477143799114,0.6166737602692229,0.6456576307863231,0.4681648211954735
long_max_Tlast,B,0.9599310885968813,0.3055555555555556,4809,-230.00810383934595,-0.4618074806339849,0.6360404423894906,0.6504910611199395,0.0
long_max_Tlast,B,0.9599310885968813,0.3055555555555556,4810,-229.787595462255,-0.1879297615442775,0.6166724608470668,0.6456562096211016,0.4681652607946275
long_max_Tlast,B,0.9599310885968813,0.3055555555555556,4811,-229.74713553989068,-0.14000233512751958,0.6360381920081676,0.6504892920647087,0.0
long_max_Tlast,B,0.9599310885968813,0.3055555555555556,4812,-229.72340485304562,-0.11217853058102786,0.616673662055227,0.6456572284555956,0.46816599672880455
long_max_Tlast,B,0.9599310885968813,0.3055555555555556,4813,-229.4913498275982,0.1771093313556938,0.6360355028446216,0.6504871699937018,0.0
long_max_Tlast,B,0.9599310885968813,0.3055555555555556,4814,-229.69061049833365,-0.05131912229432356,0.616673031022424,0.6456566309084295,0.468165789032835
long_max_Tlast,B,0.9599310885968813,0.3055555555555556,4815,-229.369466732623,0.3733301427345461,0.6360359062839062,0.6504875451894495,0.0
long_max_Tlast,B,0.9599310885968813,0.3055555555555556,4816,-229.73618437933806,-0.027645079638581704,0.6166698144208778,0.6456538798150832,0.46816383185393623
long_max_Tlast,B,0.9599310885968813,0.3055555555555556,4817,-229.46113824255679,0.3767629798802249,0.6360367149443333,0.6504881679521332,0.0
long_max_Tlast,B,0.9599310885968813,0.3055555555555556,4818,-229.8784190744683,-0.049835845768794546,0.6166685032509748,0.645653104547792,0.468161693651291
long_max_Tlast,B,0.9599310885968813,0.3055555555555556,4819,-229.76774059787732,0.1861533919095426,0.6360343460201064,0.6504863939800803,0.0
long_max_Tlast,B,0.9599310885968813,0.3055555555555556,4820,-230.1001872936443,-0.10975928198894508,0.6166700876431179,0.6456545024929585,0.46816244889493897
long_max_Tlast,B,0.9599310885968813,0.3055555555555556,4821,-230.21191151177146,-0.12865924560416564,0.6360320816634174,0.6504848015915017,0.0
long_max_Tlast,B,0.9599310885968813,0.3055555555555556,4822,-230.3552045352452,-0.1854549340243673,0.6166692113517216,0.6456538012285319,0.46816168095320676
long_max_Tlast,B,0.9599310885968813,0.3055555555555556,4823,-230.665881781475,-0.45232014168494006,0.6360334192171446,0.6504857859736028,0.0
long_max_Tlast,B,0.9599310885968813,0.3055555555555556,4824,-230.58501173096306,-0.24919138749341802,0.6166661699839469,0.6456514049574643,0.4681590318718203
long_max_Tlast,B,0.9599310885968813,0.3055555555555556,4825,-230.9982961084566,-0.6662328371543438,0.6360343590425308,0.6504864530296258,0.0
long_max_Tlast,B,0.9599310885968813,0.3055555555555556,4826,-230.7403727424934,-0.27761000474984576,0.6166667065011312,0.6456516085309099,0.4681603538932315
long_max_Tlast,B,0.9599310885968813,0.3055555555555556,4827,-231.12233711110997,-0.6920198853417361,0.6360321696672223,0.6504847868188495,0.0
long_max_Tlast,B,0.9599310885968813,0.3055555555555556,4828,-230.79935320880446,-0.2602974853998461,0.616668997910086,0.6456533751655179,0.4681624512788304
long_max_Tlast,B,0.9599310885968813,0.3055555555555556,4829,-231.027516605455,-0.5202300187788664,0.6360311779579804,0.650483910422274,0.0
long_max_Tlast,B,0.9599310885968813,0.3055555555555556,4830,-230.77533705800408,-0.20360269462418878,0.6166681920515934,0.6456526486906927,0.4681620580321212
long_max_Tlast,B,0.9599310885968813,0.3055555555555556,4831,-230.7835702160475,-0.21380963391151575,0.6360332225333716,0.6504854237859743,0.0
long_max_Tlast,B,0.9599310885968813,0.3055555555555556,4832,-230.71207706035023,-0.1282928054851275,0.6166663856139781,0.6456508777995132,0.4681618395328346
long_max_Tlast,B,0.9599310885968813,0.3055555555555556,4833,-230.5148826873641,0.1149617571983777,0.6360340693068789,0.6504860719648448,0.0
long_max_Tlast,B,0.9599310885968813,0.3055555555555556,4834,-230.66774044157438,-0.06196408395751657,0.6166673570808812,0.6456518097417713,0.46816202389565087
long_max_Tlast,B,0.9599310885968813,0.3055555555555556,4835,-230.3548643406252,0.34562031689139616,0.6360321767685484,0.6504845971124846,0.0
long_max_Tlast,B,0.9599310885968813,0.3055555555555556,4836,-230.69357780116462,-0.028924915785488725,0.6166694204613745,0.6456537142411644,0.46816267262505934
long_max_Tlast,B,0.9599310885968813,0.3055555555555556,4837,-230.39712868089512,0.3936471660840124,0.636031722269976,0.6504843579832491,0.0
long_max_Tlast,B,0.9599310885968813,0.3055555555555556,4838,-230.81508393306854,-0.041275102243145734,0.6166685370002055,0.6456529663207721,0.4681620614589287
long_max_Tlast,B,0.9599310885968813,0.3055555555555556,4839,-230.6611874022326,0.24144339462164904,0.6360342004235636,0.6504862949095666,0.0
long_max_Tlast,B,0.9599310885968813,0.3055555555555556,4840,-231.02271483987343,-0.09449204832605995,0.6166666638202222,0.6456516730183651,0.46815971755041286
long_max_Tlast,B,0.9599310885968813,0.3055555555555556,4841,-231.0852606136685,-0.05521754658018413,0.6360350632082573,0.6504869141485382,0.0
long_max_Tlast,B,0.9599310885968813,0.3055555555555556,4842,-231.27538016123918,-0.16907721515614263,0.6166686722839939,0.6456533935390241,0.4681609056525453
long_max_Tlast,B,0.9599310885968813,0.3055555555555556,4843,-231.5489391381439,-0.38763736787937786,0.6360333562274578,0.6504856745909274,0.0
long_max_Tlast,B,0.9599310885968813,0.3055555555555556,4844,-231.5154792823614,-0.23769667122222757,0.6166714255102475,0.6456555115862331,0.4681634409466784
long_max_Tlast,B,0.9599310885968813,0.3055555555555556,4845,-231.91729947547205,-0.6340116998721463,0.6360341099715117,0.6504861828264094,0.0
long_max_Tlast,B,0.9599310885968813,0.3055555555555556,4846,-231.6900243944036,-0.27521188013309367,0.6166705542423373,0.6456547910365116,0.46816277655010285
long_max_Tlast,B,0.9599310885968813,0.3055555555555556,4847,-232.09035300723508,-0.7040611571092368,0.6360373332969115,0.6504885117851222,0.0
long_max_Tlast,B,0.9599310885968813,0.3055555555555556,4848,-231.7700231967529,-0.2678737193502447,0.6166702871723317,0.6456543100925584,0.4681635967837858
long_max_Tlast,B,0.9599310885968813,0.3055555555555556,4849,-232.03968510222234,-0.5721206956921628,0.6360380717382419,0.650489059881886,0.0
long_max_Tlast,B,0.9599310885968813,0.3055555555555556,4850,-231.76114263664496,-0.21836749173752967,0.6166734321847984,0.645656766993886,0.4681663862086046
long_max_Tlast,B,0.9599310885968813,0.3055555555555556,4851,-231.81882242263268,-0.28653326270386287,0.6360370136425404,0.6504881798368015,0.0
long_max_Tlast,B,0.9599310885968813,0.3055555555555556,4852,-231.70164571789417,-0.1448397340889922,0.6166757378506046,0.6456588278929363,0.4681673735666777
long_max_Tlast,B,0.9599310885968813,0.3055555555555556,4853,-231.54366748971069,0.048059099202544586,0.6360385634342316,0.6504893547657777,0.0
long_max_Tlast,B,0.9599310885968813,0.3055555555555556,4854,-231.6482945696487,-0.07422766185052557,0.6166750719736879,0.6456582033823577,0.46816714931983383
long_max_Tlast,B,0.9599310885968813,0.3055555555555556,4855,-231.3500490779941,0.3090532327688913,0.6360417659463478,0.6504918699660533,0.0
long_max_Tlast,B,0.9599310885968813,0.3055555555555556,4856,-231.6556055718563,-0.03240267423301543,0.6166750130296227,0.6456583246764352,0.468166440793175
long_max_Tlast,B,0.9599310885968813,0.3055555555555556,4857,-231.34388471456913,0.4008187142926407,0.6360423926769608,0.6504923331876405,0.0
long_max_Tlast,B,0.9599310885968813,0.3055555555555556,4858,-231.75590672093472,-0.034696105710293634,0.6166781395190808,0.6456612297911415,0.4681673989949818
long_max_Tlast,B,0.9599310885968813,0.3055555555555556,4859,-231.5624016587048,0.2897295953863545,0.6360415914727988,0.65049179514806,0.0
long_max_Tlast,B,0.9599310885968813,0.3055555555555556,4860,-231.94742305140468,-0.08026285582264858,0.616680668087974,0.6456632694805365,0.4681693515816723
long_max_Tlast,B,0.9599310885968813,0.3055555555555556,4861,-231.96052480927082,0.01648721874213077,0.6360438914668158,0.6504935869448317,0.0
long_max_Tlast,B,0.9599310885968813,0.3055555555555556,4862,-232.1949525983144,-0.152407085876675,0.6166799465014329,0.6456627315557503,0.4681685805241926
long_max_Tlast,B,0.9599310885968813,0.3055555555555556,4863,-232.42735932229877,-0.31878428226541466,0.6360475687319039,0.6504962674232643,0.0
long_max_Tlast,B,0.9599310885968813,0.3055555555555556,4864,-232.4427781612168,-0.22469652247711935,0.6166810623487706,0.6456636198555759,0.46816951165443843
long_max_Tlast,B,0.9599310885968813,0.3055555555555556,4865,-232.82683192522603,-0.5932367408183791,0.6360480906549625,0.6504966374482676,0.0
long_max_Tlast,B,0.9599310885968813,0.3055555555555556,4866,-232.63507065315986,-0.2706374204898729,0.6166856049224415,0.6456671029449287,0.4681737960588709
long_max_Tlast,B,0.9599310885968813,0.3055555555555556,4867,-233.0475398098992,-0.706306484488857,0.6360480456317692,0.6504965473895904,0.0
long_max_Tlast,B,0.9599310885968813,0.3055555555555556,4868,-232.73636894692305,-0.27340012152283,0.6166878524226633,0.6456689664444165,0.4681753307286911
long_max_Tlast,B,0.9599310885968813,0.3055555555555556,4869,-233.04358484215518,-0.6165574947588468,0.6360513249611904,0.6504989251321285,0.0
long_max_Tlast,B,0.9599310885968813,0.3055555555555556,4870,-232.74452538272118,-0.23197218121094387,0.6166875583115958,0.6456686313624065,0.4681754595278426
long_max_Tlast,B,0.9599310885968813,0.3055555555555556,4871,-232.85141949685703,-0.35687600674939035,0.6360547608137834,0.650501564339141,0.0
long_max_Tlast,B,0.9599310885968813,0.3055555555555556,4872,-232.69151276380018,-0.1615273523746127,0.6166895348755463,0.6456702080998024,0.4681770980526743
long_max_Tlast,B,0.9599310885968813,0.3055555555555556,4873,-232.57643091447585,-0.02241304673785166,0.6360551010870896,0.6505018269096579,0.0
long_max_Tlast,B,0.9599310885968813,0.3055555555555556,4874,-232.63176706593643,-0.08788406356614886,0.616693465925936,0.6456738000277267,0.4681785394268311
long_max_Tlast,B,0.9599310885968813,0.3055555555555556,4875,-232.35433961098641,0.2642802753509363,0.6360554974835039,0.6505021511860071,0.0
long_max_Tlast,B,0.9599310885968813,0.3055555555555556,4876,-232.62216290870225,-0.03802555527503024,0.6166952866776879,0.6456754020344154,0.46817941670439517
long_max_Tlast,B,0.9599310885968813,0.3055555555555556,4877,-232.3015265847858,0.39814993614405103,0.6360589862900445,0.6505049119271701,0.0
long_max_Tlast,B,0.9599310885968813,0.3055555555555556,4878,-232.70117648581945,-0.03021642680031894,0.6166949961570682,0.6456752258875459,0.46817895149553546
long_max_Tlast,B,0.9599310885968813,0.3055555555555556,4879,-232.47233441687206,0.3301437888698949,0.6360623575502238,0.6505074414014318,0.0
long_max_Tlast,B,0.9599310885968813,0.3055555555555556,4880,-232.87485116911438,-0.06732389984769971,0.6166972776795893,0.6456773461779668,0.4681796708515102
long_max_Tlast,B,0.9599310885968813,0.3055555555555556,4881,-232.83914520883678,0.0851801943318769,0.6360626157745634,0.6505076141569048,0.0
long_max_Tlast,B,0.9599310885968813,0.3055555555555556,4882,-233.11453765911318,-0.13574834795235968,0.6167020727214665,0.6456811613558006,0.4681836487511582
long_max_Tlast,B,0.9599310885968813,0.3055555555555556,4883,-233.30253521987058,-0.24698604070959362,0.6360636008066556,0.6505083738086622,0.0
long_max_Tlast,B,0.9599310885968813,0.3055555555555556,4884,-233.36738978636694,-0.21041647388072426,0.6167038653663564,0.6456825199089019,0.46818537688263
long_max_Tlast,B,0.9599310885968813,0.3055555555555556,4885,-233.7276922905301,-0.544639470168261,0.6360679127277945,0.6505115093202328,0.0
long_max_Tlast,B,0.9599310885968813,0.3055555555555556,4886,-233.57573698809216,-0.2639723962566879,0.6167040069102381,0.6456825985943816,0.46818562830101185
long_max_Tlast,B,0.9599310885968813,0.3055555555555556,4887,-233.99382195939333,-0.698712243426736,0.6360710207054494,0.6505138107156041,0.0
long_max_Tlast,B,0.9599310885968813,0.3055555555555556,4888,-233.6982048371053,-0.2767862714399728,0.6167076249740033,0.6456853632413694,0.4681891029353476
long_max_Tlast,B,0.9599310885968813,0.3055555555555556,4889,-234.03838672529895,-0.6527498280282176,0.6360711152786823,0.6505138901090353,0.0
long_max_Tlast,B,0.9599310885968813,0.3055555555555556,4890,-233.7249202520402,-0.24416471998840472,0.6167119223708765,0.6456890350826698,0.468191676593969
long_max_Tlast,B,0.9599310885968813,0.3055555555555556,4891,-233.8800165268046,-0.4235886309584108,0.6360727386176483,0.6505150747609109,0.0
long_max_Tlast,B,0.9599310885968813,0.3055555555555556,4892,-233.68108343710483,-0.17806419451856872,0.6167128650856996,0.6456899770743456,0.46819168511115855
long_max_Tlast,B,0.9599310885968813,0.3055555555555556,4893,-233.61174073702526,-0.09519790866605721,0.6360769193754,0.6505183268758145,0.0
long_max_Tlast,B,0.9599310885968813,0.3055555555555556,4894,-233.61770769418115,-0.10269818313935353,0.6167132354199248,0.6456902899097317,0.46819193438015094
long_max_Tlast,B,0.9599310885968813,0.3055555555555556,4895,-233.36685721705325,0.21209194362524408,0.6360793998782645,0.6505202677120447,0.0
long_max_Tlast,B,0.9599310885968813,0.3055555555555556,4896,-233.5930119435439,-0.045686289667988045,0.6167164877690839,0.6456933164379305,0.4681929437317231
long_max_Tlast,B,0.9599310885968813,0.3055555555555556,4897,-233.2700552237374,0.38568524096759904,0.6360794254646784,0.650520280111091,0.0
long_max_Tlast,B,0.9599310885968813,0.3055555555555556,4898,-233.65104781069158,-0.027921404160630325,0.6167204864557545,0.645696746383342,0.46819528566759444
long_max_Tlast,B,0.9599310885968813,0.3055555555555556,4899,-233.39179218568256,0.36196885953026614,0.63608133401855,0.6505218016728215,0.0
long_max_Tlast,B,0.9599310885968813,0.3055555555555556,4900,-233.80551332020457,-0.05590760382245785,0.6167214354761351,0.6456973951358292,0.4681964796265781
long_max_Tlast,B,0.9599310885968813,0.3055555555555556,4901,-233.72246030451115,0.14963141043296796,0.6360857736225634,0.6505251108861171,0.0
long_max_Tlast,B,0.9599310885968813,0.3055555555555556,4902,-234.03479101708072,-0.11939470729896279,0.6167220279735898,0.6456979455353442,0.4681966864912029
long_max_Tlast,B,0.9599310885968813,0.3055555555555556,4903,-234.17587588248975,-0.17352034371601383,0.6360879862185189,0.6505266825986885,0.0
long_max_Tlast,B,0.9599310885968813,0.3055555555555556,4904,-234.289855584147,-0.19511879805442756,0.6167263991808833,0.6457013755306767,0.4682005326704586
long_max_Tlast,B,0.9599310885968813,0.3055555555555556,4905,-234.62087695657024,-0.4890801191750366,0.6360879257302513,0.6505266411601437,0.0
long_max_Tlast,B,0.9599310885968813,0.3055555555555556,4906,-234.5122334329295,-0.25532992297225066,0.6167303569814591,0.6457044854376618,0.46820396810924336
long_max_Tlast,B,0.9599310885968813,0.3055555555555556,4907,-234.92937817140646,-0.6814171683979191,0.6360904956605832,0.6505285082988517,0.0
long_max_Tlast,B,0.9599310885968813,0.3055555555555556,4908,-234.6554298361239,-0.2779704807400178,0.6167304922752235,0.645704697980527,0.4682036647135131
long_max_Tlast,B,0.9599310885968813,0.3055555555555556,4909,-235.0233292988703,-0.6800509616093746,0.636094715556461,0.6505316823744556,0.0
long_max_Tlast,B,0.9599310885968813,0.3055555555555556,4910,-234.70193382118396,-0.25473963164036495,0.6167315691492221,0.6457055248002993,0.46820470779409606
long_max_Tlast,B,0.9599310885968813,0.3055555555555556,4911,-234.90329989431856,-0.48548343058320353,0.6360959944505127,0.6505327377949914,0.0
long_max_Tlast,B,0.9599310885968813,0.3055555555555556,4912,-234.6696948055947,-0.19414863577084435,0.6167355018429128,0.6457089735947306,0.46820675023704705
long_max_Tlast,B,0.9599310885968813,0.3055555555555556,4913,-234.64822904120234,-0.16900521037052774,0.6360958865555275,0.650532665274199,0.0
long_max_Tlast,B,0.9599310885968813,0.3055555555555556,4914,-234.6055360280114,-0.11840546022750142,0.6167380904286643,0.6457114334321052,0.4682073266339246
long_max_Tlast,B,0.9599310885968813,0.3055555555555556,4915,-234.3865632420527,0.15341870784948858,0.6360984956144583,0.6505347209678318,0.0
long_max_Tlast,B,0.9599310885968813,0.3055555555555556,4916,-234.56792514462296,-0.055258326054443696,0.6167379948140033,0.6457113166713174,0.46820741287421425
long_max_Tlast,B,0.9599310885968813,0.3055555555555556,4917,-234.2491928000817,0.36364117591552136,0.6361022206655408,0.6505376036361976,0.0
long_max_Tlast,B,0.9599310885968813,0.3055555555555556,4918,-234.60561948634998,-0.02784661264898841,0.616739043472412,0.645712315341852,0.46820768187543815
long_max_Tlast,B,0.9599310885968813,0.3055555555555556,4919,-234.32142684006158,0.38463315549786925,0.636103102881933,0.6505381963031942,0.0
long_max_Tlast,B,0.9599310885968813,0.3055555555555556,4920,-234.73981380080363,-0.046219468753869314,0.6167431549574804,0.645715761309663,0.4682104397564942
long_max_Tlast,B,0.9599310885968813,0.3055555555555556,4921,-234.6117719454785,0.20869907560049006,0.6361029904331967,0.6505381160262707,0.0
long_max_Tlast,B,0.9599310885968813,0.3055555555555556,4922,-234.95631518409152,-0.10363967403257476,0.6167458866500527,0.645717741253979,0.4682134642439032
long_max_Tlast,B,0.9599310885968813,0.3055555555555556,4923,-235.0488313240599,-0.09969711515362412,0.6361059918758993,0.650540342263153,0.0
long_max_Tlast,B,0.9599310885968813,0.3055555555555556,4924,-235.21077234299412,-0.17906999349249794,0.6167453723193307,0.6457172861001075,0.46821323244059476
long_max_Tlast,B,0.9599310885968813,0.3055555555555556,4925,-235.50744378247472,-0.4275478353585394,0.63610948141442,0.6505428688499203,0.0
long_max_Tlast,B,0.9599310885968813,0.3055555555555556,4926,-235.44492503245442,-0.24487185876952322,0.6167469644908603,0.6457185268188541,0.46821470104797824
long_max_Tlast,B,0.9599310885968813,0.3055555555555556,4927,-235.85455086673372,-0.6547223052250712,0.6361094980672901,0.6505429191315087,0.0
long_max_Tlast,B,0.9599310885968813,0.3055555555555556,4928,-235.60795832948125,-0.2769292993074271,0.6167510140289545,0.6457218034418859,0.4682178751841033
long_max_Tlast,B,0.9599310885968813,0.3055555555555556,4929,-235.99793217360883,-0.6979772039249319,0.6361093816446605,0.6505428472572652,0.0
long_max_Tlast,B,0.9599310885968813,0.3055555555555556,4930,-235.67513782939363,-0.26350118410757684,0.6167520466323806,0.6457229314977482,0.46821752976169306
long_max_Tlast,B,0.9599310885968813,0.3055555555555556,4931,-235.92002825443558,-0.5414586741506527,0.6361123261334658,0.6505450961808437,0.0
long_max_Tlast,B,0.9599310885968813,0.3055555555555556,4932,-235.656813162973,-0.2095057451116161,0.6167510118678114,0.6457221547829852,0.4682165105438063
long_max_Tlast,B,0.9599310885968813,0.3055555555555556,4933,-235.68439435434885,-0.24252128696926428,0.6361147478548109,0.6505470508795139,0.0
long_max_Tlast,B,0.9599310885968813,0.3055555555555556,4934,-235.59466757760518,-0.13472421052768693,0.6167524854179328,0.6457234870905215,0.4682171580956982
long_max_Tlast,B,0.9599310885968813,0.3055555555555556,4935,-235.41234572519298,0.08929767208676553,0.636114148461029,0.6505466070538741,0.0
long_max_Tlast,B,0.9599310885968813,0.3055555555555556,4936,-235.5464884657328,-0.06656541628947807,0.616755578610274,0.6457263234678032,0.4682182786877104
long_max_Tlast,B,0.9599310885968813,0.3055555555555556,4937,-235.23853441906226,0.3324114726184576,0.6361140760026807,0.6505465633272155,0.0
long_max_Tlast,B,0.9599310885968813,0.3055555555555556,4938,-235.5649095847058,-0.030001455567801205,0.6167563460086806,0.6457268073866778,0.46821941340776163
long_max_Tlast,B,0.9599310885968813,0.3055555555555556,4939,-235.26165475547953,0.39773252740595966,0.6361169192264818,0.6505487456112709,0.0
long_max_Tlast,B,0.9599310885968813,0.3055555555555556,4940,-235.67814611110447,-0.038428147865315426,0.6167553259223677,0.6457258418173167,0.4682192027353707
long_max_Tlast,B,0.9599310885968813,0.3055555555555556,4941,-235.50822437833244,0.26132721213751975,0.6361189451811955,0.6505501606144616,0.0
long_max_Tlast,B,0.9599310885968813,0.3055555555555556,4942,-235.87970202648316,-0.08876329732820593,0.6167570781542989,0.6457272879412003,0.4682205038232935
long_max_Tlast,B,0.9599310885968813,0.3055555555555556,4943,-235.9228694818061,-0.026822806324090287,0.6361178096200175,0.6505492632900965,0.0
long_max_Tlast,B,0.9599310885968813,0.3055555555555556,4944,-236.1307096027844,-0.16255887026045118,0.6167603918785358,0.645729775888774,0.46822385477522843
long_max_Tlast,B,0.9599310885968813,0.3055555555555556,4945,-236.38863597272254,-0.3611347877961314,0.6361177811508782,0.6505492576229244,0.0
long_max_Tlast,B,0.9599310885968813,0.3055555555555556,4946,-236.3741818390924,-0.2327754795602696,0.6167599787693946,0.6457294546530856,0.4682234856040859
long_max_Tlast,B,0.9599310885968813,0.3055555555555556,4947,-236.76983842553355,-0.6191039250909872,0.6361205484196653,0.6505512950160375,0.0
long_max_Tlast,B,0.9599310885968813,0.3055555555555556,4948,-236.5558831661846,-0.2736868580685174,0.6167583784785481,0.645728250064765,0.46822192401362167
long_max_Tlast,B,0.9599310885968813,0.3055555555555556,4949,-236.9617936106799,-0.7062039271976835,0.6361213769726457,0.650552000454172,0.0
long_max_Tlast,B,0.9599310885968813,0.3055555555555556,4950,-236.64420402400637,-0.2702964245748011,0.6167601253070633,0.6457297095195816,0.46822315039972384
long_max_Tlast,B,0.9599310885968813,0.3055555555555556,4951,-236.92914276152266,-0.5905205575700078,0.6361194972329729,0.6505506628127637,0.0
long_max_Tlast,B,0.9599310885968813,0.3055555555555556,4952,-236.6417912687594,-0.22385108514267058,0.6167618518533989,0.6457314524028126,0.468223150414414
long_max_Tlast,B,0.9599310885968813,0.3055555555555556,4953,-236.7188145462131,-0.31444028230220683,0.6361195278109855,0.650550701932225,0.0
long_max_Tlast,B,0.9599310885968813,0.3055555555555556,4954,-236.5845156456489,-0.15137112537036418,0.616760430473017,0.6457303762876526,0.4682217608271918
long_max_Tlast,B,0.9599310885968813,0.3055555555555556,4955,-236.4428852910766,0.02087095795927102,0.636121706070682,0.6505524382311684,0.0
long_max_Tlast,B,0.9599310885968813,0.3055555555555556,4956,-236.52832019838613,-0.07940905925592623,0.6167590435864557,0.645729118742094,0.46822125763309375
long_max_Tlast,B,0.9599310885968813,0.3055555555555556,4957,-236.2374568302467,0.2925453561311414,0.6361217985657417,0.6505524807254551,0.0
long_max_Tlast,B,0.9599310885968813,0.3055555555555556,4958,-236.52879930855892,-0.03433942229477774,0.616760588188983,0.6457305020631019,0.4682219814778316
long_max_Tlast,B,0.9599310885968813,0.3055555555555556,4959,-236.21276710388452,0.4010357539601709,0.6361197355850363,0.6505508459761087,0.0
long_max_Tlast,B,0.9599310885968813,0.3055555555555556,4960,-236.62077479986897,-0.032677054923085036,0.6167622727114846,0.645731692355515,0.46822397433019075
long_max_Tlast,B,0.9599310885968813,0.3055555555555556,4961,-236.41285343765023,0.3065846333416352,0.636119826653305,0.6505509304138954,0.0
long_max_Tlast,B,0.9599310885968813,0.3055555555555556,4962,-236.80551404292953,-0.07502701641851797,0.6167605558340474,0.6457300291480487,0.46822372231837317
long_max_Tlast,B,0.9599310885968813,0.3055555555555556,4963,-236.79939284404492,0.043803207877677164,0.6361218304252944,0.6505523594010127,0.0
long_max_Tlast,B,0.9599310885968813,0.3055555555555556,4964,-237.05031037588813,-0.14587629901057259,0.6167588581888449,0.6457286847391718,0.46822233320975476
long_max_Tlast,B,0.9599310885968813,0.3055555555555556,4965,-237.26573116500435,-0.291016276467406,0.636121017126496,0.6505517148118527,0.0
long_max_Tlast,B,0.9599310885968813,0.3055555555555556,4966,-237.300447535848,-0.21926122544431592,0.6167605466616101,0.6457299939103703,0.4682239074682473
long_max_Tlast,B,0.9599310885968813,0.3055555555555556,4967,-237.6759723231861,-0.5751903419144198,0.6361183441906723,0.6505497870799958,0.0
long_max_Tlast,B,0.9599310885968813,0.3055555555555556,4968,-237.49926307955735,-0.2682910551826959,0.616760855865539,0.6457303613230567,0.46822368970779055
long_max_Tlast,B,0.9599310885968813,0.3055555555555556,4969,-237.91476645311832,-0.704587551361341,0.6361184917344445,0.6505499114012154,0.0
long_max_Tlast,B,0.9599310885968813,0.3055555555555556,4970,-237.60889710101532,-0.27500496566068755,0.6167576756014792,0.6457279850596139,0.4682204553193917
long_max_Tlast,B,0.9599310885968813,0.3055555555555556,4971,-237.9296120697883,-0.6317932495744336,0.6361196631766385,0.6505508745761017,0.0
long_max_Tlast,B,0.9599310885968813,0.3055555555555556,4972,-237.62413708035183,-0.2369373577386828,0.616756122528665,0.6457266818213803,0.4682194780773214
long_max_Tlast,B,0.9599310885968813,0.3055555555555556,4973,-237.75006667863332,-0.3834849261668005,0.6361177970604114,0.6505495472805208,0.0
long_max_Tlast,B,0.9599310885968813,0.3055555555555556,4974,-237.57439635330445,-0.16803923895358275,0.616757202687779,0.6457277333046515,0.46821965589309567
long_max_Tlast,B,0.9599310885968813,0.3055555555555556,4975,-237.4768817556218,-0.050647663384679686,0.6361151407835552,0.6505474970684197,0.0
long_max_Tlast,B,0.9599310885968813,0.3055555555555556,4976,-237.51290769338453,-0.09356150990195972,0.6167567187085012,0.6457273587550654,0.4682192082448787
long_max_Tlast,B,0.9599310885968813,0.3055555555555556,4977,-237.24514956092932,0.24475608677870148,0.6361153153042619,0.6505476471261608,0.0
long_max_Tlast,B,0.9599310885968813,0.3055555555555556,4978,-237.49716170414234,-0.04078843636866264,0.6167538341002827,0.645724657470365,0.4682184189700667
long_max_Tlast,B,0.9599310885968813,0.3055555555555556,4979,-237.17478747851402,0.3944811246168275,0.636116055184471,0.6505481624490355,0.0
long_max_Tlast,B,0.9599310885968813,0.3055555555555556,4980,-237.5679125918173,-0.02906036497289649,0.6167524097392152,0.6457234399859728,0.46821761334924217
long_max_Tlast,B,0.9599310885968813,0.3055555555555556,4981,-237.32655004049195,0.34366792200603524,0.6361137313934059,0.650546293412369,0.0
long_max_Tlast,B,0.9599310885968813,0.3055555555555556,4982,-237.73423629560858,-0.06267734058605551,0.6167535806457691,0.6457243024328411,0.46821887818383995
long_max_Tlast,B,0.9599310885968813,0.3055555555555556,4983,-237.6798070093585,0.11093383344679464,0.636110868012093,0.6505441656552526,0.0
long_max_Tlast,B,0.9599310885968813,0.3055555555555556,4984,-237.97016659629816,-0.1293164004683608,0.6167525036692303,0.6457232299891046,0.4682188185797393
long_max_Tlast,B,0.9599310885968813,0.3055555555555556,4985,-238.14010368416135,-0.21844045695300368,0.6361110811357727,0.6505443304051816,0.0
long_max_Tlast,B,0.9599310885968813,0.3055555555555556,4986,-238.22423883345664,-0.2045635229591772,0.6167484559706711,0.6457200641317351,0.46821525820719945
long_max_Tlast,B,0.9599310885968813,0.3055555555555556,4987,-238.57376359932033,-0.5237601164746035,0.6361110679833222,0.6505443224389497,0.0
long_max_Tlast,B,0.9599310885968813,0.3055555555555556,4988,-238.43833091907322,-0.2608452389209128,0.6167470226958867,0.6457189499382944,0.46821400782787703
long_max_Tlast,B,0.9599310885968813,0.3055555555555556,4989,-238.85687504305432,-0.6931519098615027,0.6361076852142199,0.650541891838268,0.0
long_max_Tlast,B,0.9599310885968813,0.3055555555555556,4990,-238.56898213372403,-0.2775359045191912,0.6167475095200913,0.6457194483705916,0.46821399061261076
long_max_Tlast,B,0.9599310885968813,0.3055555555555556,4991,-238.9206686869701,-0.6645466937798268,0.6361048841980501,0.650539805496492,0.0
long_max_Tlast,B,0.9599310885968813,0.3055555555555556,4992,-238.60332434493137,-0.24852606508084168,0.6167449525478087,0.645717565548106,0.46821125942525094
long_max_Tlast,B,0.9599310885968813,0.3055555555555556,4993,-238.7767553527471,-0.44842598498104025,0.6361050610652261,0.6505399568013921,0.0
long_max_Tlast,B,0.9599310885968813,0.3055555555555556,4994,-238.56373754058296,-0.1844418904240457,0.6167411836795343,0.6457142953689564,0.4682092113934696
long_max_Tlast,B,0.9599310885968813,0.3055555555555556,4995,-238.51287762370927,-0.12398645626120408,0.6361043004437512,0.650539418655164,0.0
long_max_Tlast,B,0.9599310885968813,0.3055555555555556,4996,-238.4997047828692,-0.10876396879195355,0.6167402104101188,0.6457133950067435,0.4682089373904609
long_max_Tlast,B,0.9599310885968813,0.3055555555555556,4997,-238.26069754620244,0.18989034272039396,0.6361007791257672,0.6505366559350831,0.0
long_max_Tlast,B,0.9599310885968813,0.3055555555555556,4998,-238.46970172395316,-0.049229112469893005,0.6167404503038492,0.6457135711534613,0.4682091964337759
long_max_Tlast,B,0.9599310885968813,0.3055555555555556,4999,-238.14759368373086,0.37819216963852953,0.6360982624286438,0.650534718503732,0.0
long_max_Tlast,B,0.9599310885968813,0.3055555555555556,5000,-238.51969563335678,-0.02764745813722036,0.6167380084533377,0.6457112115318672,0.4682087836639259
long_max_Tlast,B,0.9599310885968813,0.3055555555555556,5001,-238.25001108357463,0.3719191716289657,0.6360984299784244,0.6505348431348027,0.0
long_max_Tlast,B,0.9599310885968813,0.3055555555555556,5002,-238.66634084200354,-0.051926836268633814,0.616734048822199,0.6457078794395882,0.4682062257314783
long_max_Tlast,B,0.9599310885968813,0.3055555555555556,5003,-238.56540299561345,0.17337494297615846,0.6360971906023961,0.6505338273921419,0.0
long_max_Tlast,B,0.9599310885968813,0.3055555555555556,5004,-238.89089753553338,-0.11317462279258025,0.6167330351669146,0.6457071320055789,0.46820518299034564
long_max_Tlast,B,0.9599310885968813,0.3055555555555556,5005,-239.0131808163831,-0.1446891527563216,0.6360930436886088,0.6505307614644327,0.0
long_max_Tlast,B,0.9599310885968813,0.3055555555555556,5006,-239.14606537840783,-0.1889434014742214,0.6167328566541859,0.6457069361972256,0.46820523690764587
long_max_Tlast,B,0.9599310885968813,0.3055555555555556,5007,-239.46424972673125,-0.4657280174640593,0.6360906151826788,0.650529009608487,0.0
long_max_Tlast,B,0.9599310885968813,0.3055555555555556,5008,-239.37333652618946,-0.2514728134444589,0.6167289230513381,0.6457039143623511,0.4682015274639433
long_max_Tlast,B,0.9599310885968813,0.3055555555555556,5009,-239.78831065331562,-0.672102197564642,0.6360906958016281,0.6505290771943911,0.0
long_max_Tlast,B,0.9599310885968813,0.3055555555555556,5010,-239.52441013336207,-0.2778517186743392,0.6167248611956762,0.6457006559939875,0.4681982767328121
long_max_Tlast,B,0.9599310885968813,0.3055555555555556,5011,-239.90162103954557,-0.6881950448601512,0.6360885590754292,0.6505275505144397,0.0
long_max_Tlast,B,0.9599310885968813,0.3055555555555556,5012,-239.57890318000432,-0.2584096644666316,0.6167243541997169,0.6457001654849891,0.4681982227194868
long_max_Tlast,B,0.9599310885968813,0.3055555555555556,5013,-239.7976383802639,-0.5081124778930891,0.6360843747084584,0.650524382548534,0.0
long_max_Tlast,B,0.9599310885968813,0.3055555555555556,5014,-239.55185843437502,-0.2002769444958086,0.6167234943311297,0.6456995463892803,0.46819723659221374
long_max_Tlast,B,0.9599310885968813,0.3055555555555556,5015,-239.54943554473437,-0.19784018841832413,0.6360825698735694,0.6505229531825901,0.0
long_max_Tlast,B,0.9599310885968813,0.3055555555555556,5016,-239.48816402748344,-0.12475389265434789,0.6167198231566456,0.6456962649655318,0.468195578206234
long_max_Tlast,B,0.9599310885968813,0.3055555555555556,5017,-239.2829666342456,0.12892716130399318,0.6360825582760209,0.650522946092788,0.0
long_max_Tlast,B,0.9599310885968813,0.3055555555555556,5018,-239.44612137992974,-0.059509235033235575,0.6167166313060126,0.6456933585478177,0.4681943840302365
long_max_Tlast,B,0.9599310885968813,0.3055555555555556,5019,-239.1308558315708,0.35245604939504893,0.63608019411711,0.6505210593694412,0.0
long_max_Tlast,B,0.9599310885968813,0.3055555555555556,5020,-239.47614060348255,-0.028456249311329507,0.6167162248827722,0.6456930598805792,0.4681939640576937
long_max_Tlast,B,0.9599310885968813,0.3055555555555556,5021,-239.18380566417068,0.39084307985835687,0.6360761003664724,0.6505179240791328,0.0
long_max_Tlast,B,0.9599310885968813,0.3055555555555556,5022,-239.60220813900435,-0.042970936770932666,0.6167153053792076,0.645692131585875,0.46819394241337636
long_max_Tlast,B,0.9599310885968813,0.3055555555555556,5023,-239.45740503351763,0.2300209365253742,0.6360745131911025,0.6505167990458232,0.0
long_max_Tlast,B,0.9599310885968813,0.3055555555555556,5024,-239.81310170029144,-0.09773217092639189,0.6167109637098026,0.6456885526535528,0.4681908023073219
long_max_Tlast,B,0.9599310885968813,0.3055555555555556,5025,-239.88638653827937,-0.07107713901285984,0.6360744017899348,0.6505167018057794,0.0
long_max_Tlast,B,0.9599310885968813,0.3055555555555556,5026,-240.06653305858532,-0.17267868991808455,0.6167074698815403,0.6456859030372998,0.46818740637762846
long_max_Tlast,B,0.9599310885968813,0.3055555555555556,5027,-240.3485448871053,-0.40212106376321394,0.6360713323285773,0.6505144465876196,0.0
long_max_Tlast,B,0.9599310885968813,0.3055555555555556,5028,-240.30461857358227,-0.24034427528056496,0.6167073731489892,0.645685824384174,0.468187337965966
long_max_Tlast,B,0.9599310885968813,0.3055555555555556,5029,-240.7095173771402,-0.6418127064920334,0.6360672299604574,0.6505114423195876,0.0
long_max_Tlast,B,0.9599310885968813,0.3055555555555556,5030,-240.47511302410354,-0.2759363366796656,0.6167055802491556,0.6456844716506214,0.46818552613758796
long_max_Tlast,B,0.9599310885968813,0.3055555555555556,5031,-240.87201059290476,-0.7023221836641949,0.6360663207255567,0.65051072024225,0.0
long_max_Tlast,B,0.9599310885968813,0.3055555555555556,5032,-240.5505288338972,-0.266416711821292,0.6167011449572978,0.645680821604398,0.4681822954697451
long_max_Tlast,B,0.9599310885968813,0.3055555555555556,5033,-240.81148415985726,-0.5614801926290873,0.6360660305119016,0.6505105100162215,0.0
long_max_Tlast,B,0.9599310885968813,0.3055555555555556,5034,-240.53819380495887,-0.2152677092101333,0.6166990340687502,0.6456787994739067,0.4681819005719886
long_max_Tlast,B,0.9599310885968813,0.3055555555555556,5035,-240.58510543486523,-0.2708977108861089,0.6360628355492318,0.6505080525707694,0.0
long_max_Tlast,B,0.9599310885968813,0.3055555555555556,5036,-240.4776299096937,-0.14123553117159557,0.6166992241641561,0.6456789219995372,0.4681821671158184
long_max_Tlast,B,0.9599310885968813,0.3055555555555556,5037,-240.31078630425895,0.06295181116508652,0.6360594746137915,0.6505053998096976,0.0
long_max_Tlast,B,0.9599310885968813,0.3055555555555556,5038,-240.42602343613999,-0.07144950628158014,0.6166975227524705,0.645677346729284,0.4681815795408121
long_max_Tlast,B,0.9599310885968813,0.3055555555555556,5039,-240.12403740178078,0.3177371029936513,0.6360590064760505,0.6505050588428556,0.0
long_max_Tlast,B,0.9599310885968813,0.3055555555555556,5040,-240.43724212089657,-0.031474348127943086,0.6166936171545758,0.6456738626498779,0.46817979092386763
long_max_Tlast,B,0.9599310885968813,0.3055555555555556,5041,-240.12828107382802,0.4001009319245131,0.6360586284174368,0.6505047444883818,0.0
long_max_Tlast,B,0.9599310885968813,0.3055555555555556,5042,-240.54216602318883,-0.035961957415637485,0.6166915407070468,0.645672307203826,0.468177698718474
long_max_Tlast,B,0.9599310885968813,0.3055555555555556,5043,-240.35692952389144,0.2798678845227299,0.6360552343421404,0.65050216102879,0.0
long_max_Tlast,B,0.9599310885968813,0.3055555555555556,5044,-240.73734126649094,-0.08326794211063038,0.6166917903769971,0.6456725712670317,0.4681776338410659
long_max_Tlast,B,0.9599310885968813,0.3055555555555556,5045,-240.76118361766922,0.0010918523181513429,0.6360520383375099,0.6504998667173204,0.0
long_max_Tlast,B,0.9599310885968813,0.3055555555555556,5046,-240.98622682334843,-0.15605444432435595,0.6166894839964553,0.6456707058026346,0.4681757923592157
long_max_Tlast,B,0.9599310885968813,0.3055555555555556,5047,-241.22790091609602,-0.33407603144635134,0.6360520697170463,0.6504999145341909,0.0
long_max_Tlast,B,0.9599310885968813,0.3055555555555556,5048,-241.2326115732358,-0.22765558109362513,0.6166851507975263,0.6456673540547844,0.46817179956479105
long_max_Tlast,B,0.9599310885968813,0.3055555555555556,5049,-241.62105305068837,-0.6028217952421164,0.6360514812361826,0.6504994772170734,0.0
long_max_Tlast,B,0.9599310885968813,0.3055555555555556,5050,-241.42118856001255,-0.27183212289032194,0.6166842090113632,0.6456664951031701,0.46817145539800853
long_max_Tlast,B,0.9599310885968813,0.3055555555555556,5051,-241.83156912447487,-0.7066762760294814,0.6360479755895666,0.6504968743348845,0.0
long_max_Tlast,B,0.9599310885968813,0.3055555555555556,5052,-241.51784961163807,-0.27239610085244687,0.6166848056158754,0.6456669216288072,0.4681721177344257
long_max_Tlast,B,0.9599310885968813,0.3055555555555556,5053,-241.81727978943778,-0.6075845671961162,0.6360458096213818,0.650495148528805,0.0
long_max_Tlast,B,0.9599310885968813,0.3055555555555556,5054,-241.522173312138,-0.22914640007828851,0.6166824438959821,0.6456649213930954,0.46817058274516665
long_max_Tlast,B,0.9599310885968813,0.3055555555555556,5055,-241.61841163509968,-0.3418562563052747,0.6360464590751004,0.650495587416516,0.0
long_max_Tlast,B,0.9599310885968813,0.3055555555555556,5056,-241.4675334569444,-0.15792490589330585,0.6166794844371342,0.645662125973182,0.46816983605035145
long_max_Tlast,B,0.9599310885968813,0.3055555555555556,5057,-241.34283359380217,-0.00686222087418209,0.6360457882888022,0.6504950537898972,0.0
long_max_Tlast,B,0.9599310885968813,0.3055555555555556,5058,-241.4089368517456,-0.08482915210517666,0.6166793000687715,0.6456619201156232,0.4681699190361507
long_max_Tlast,B,0.9599310885968813,0.3055555555555556,5059,-241.1264850647865,0.27465253437330855,0.6360426686046285,0.6504926021341365,0.0
long_max_Tlast,B,0.9599310885968813,0.3055555555555556,5060,-241.40285943461393,-0.0366476411112861,0.6166798221883911,0.6456624091950195,0.46817003077682395
long_max_Tlast,B,0.9599310885968813,0.3055555555555556,5061,-241.08361929935222,0.3995354605023085,0.6360410527779833,0.6504914308667913,0.0
long_max_Tlast,B,0.9599310885968813,0.3055555555555556,5062,-241.48649231020798,-0.031028968915125577,0.6166774793487433,0.6456603571551971,0.46816877252394834
long_max_Tlast,B,0.9599310885968813,0.3055555555555556,5063,-241.26494042518638,0.32202693619199096,0.6360419630540594,0.650492178080871,0.0
long_max_Tlast,B,0.9599310885968813,0.3055555555555556,5064,-241.66416866498142,-0.07003361353756904,0.6166743011273305,0.6456579530922687,0.46816563231053177
long_max_Tlast,B,0.9599310885968813,0.3055555555555556,5065,-241.63898382428158,0.07053197749076179,0.6360411466731032,0.6504915512386896,0.0
long_max_Tlast,B,0.9599310885968813,0.3055555555555556,5066,-241.9057760361702,-0.1393714608395415,0.6166745763213953,0.6456583459186559,0.4681651785576891
long_max_Tlast,B,0.9599310885968813,0.3055555555555556,5067,-242.1036717340489,-0.2627991802183103,0.6360380193282471,0.6504892824664245,0.0
long_max_Tlast,B,0.9599310885968813,0.3055555555555556,5068,-242.1577639809822,-0.21363117121625874,0.6166753180609037,0.645658915421472,0.46816583861485517
long_max_Tlast,B,0.9599310885968813,0.3055555555555556,5069,-242.5237140049488,-0.5558286005093018,0.6360373136810341,0.6504887574131764,0.0
long_max_Tlast,B,0.9599310885968813,0.3055555555555556,5070,-242.36278764732657,-0.2656067912552339,0.6166726853092906,0.6456568346822289,0.4681635516842105
long_max_Tlast,B,0.9599310885968813,0.3055555555555556,5071,-242.7801836084387,-0.7011823262622748,0.6360388198602185,0.6504898235913312,0.0
long_max_Tlast,B,0.9599310885968813,0.3055555555555556,5072,-242.48069247826297,-0.2762520022728927,0.6166709109198778,0.6456551814709347,0.46816301511005376
long_max_Tlast,B,0.9599310885968813,0.3055555555555556,5073,-242.81410049204655,-0.6456036057387768,0.6360379129269085,0.6504891310966285,0.0
long_max_Tlast,B,0.9599310885968813,0.3055555555555556,5074,-242.5032547152458,-0.2416625300469487,0.6166725169907955,0.6456562920560879,0.46816500057284793
long_max_Tlast,B,0.9599310885968813,0.3055555555555556,5075,-242.64800395607617,-0.4094571494425786,0.6360355516137817,0.6504872477486989,0.0
long_max_Tlast,B,0.9599310885968813,0.3055555555555556,5076,-242.45721357558307,-0.1745188496223754,0.6166731944599336,0.6456568649476996,0.46816538704110694
long_max_Tlast,B,0.9599310885968813,0.3055555555555556,5077,-242.37772984621878,-0.0792694118800768,0.6360358205961396,0.6504873921205254,0.0
long_max_Tlast,B,0.9599310885968813,0.3055555555555556,5078,-242.39440493696745,-0.09942004120606074,0.6166711829421707,0.6456549877134488,0.4681647567739368
long_max_Tlast,B,0.9599310885968813,0.3055555555555556,5079,-242.13731608530642,0.22397056389837078,0.6360374367417194,0.6504886550448731,0.0
long_max_Tlast,B,0.9599310885968813,0.3055555555555556,5080,-242.3728107488375,-0.04388075360478838,0.616669984188222,0.6456540067207903,0.46816386260606535
long_max_Tlast,B,0.9599310885968813,0.3055555555555556,5081,-242.0498274161386,0.38915313454064704,0.6360365277957359,0.650487934914374,0.0
long_max_Tlast,B,0.9599310885968813,0.3055555555555556,5082,-242.43534918465744,-0.028257351482568638,0.6166715223364476,0.6456555494906959,0.46816387995292463
long_max_Tlast,B,0.9599310885968813,0.3055555555555556,5083,-242.18228908411535,0.35575303406481873,0.6360344675032382,0.6504864391249235,0.0
long_max_Tlast,B,0.9599310885968813,0.3055555555555556,5084,-242.5940820810309,-0.058270314884992125,0.6166721953724238,0.6456561084313072,0.4681643010677034
long_max_Tlast,B,0.9599310885968813,0.3055555555555556,5085,-242.5211581667417,0.1360061035533472,0.6360353238579681,0.6504871835831206,0.0
long_max_Tlast,B,0.9599310885968813,0.3055555555555556,5086,-242.82581855388653,-0.12292186263996055,0.6166699070480756,0.645654357344805,0.46816209174623935
long_max_Tlast,B,0.9599310885968813,0.3055555555555556,5087,-242.9772500811951,-0.18956511655899638,0.6360372801187055,0.650488623072148,0.0
long_max_Tlast,B,0.9599310885968813,0.3055555555555556,5088,-243.08063173495725,-0.19852574853590113,0.6166694819645585,0.6456541172601921,0.46816135253433366
long_max_Tlast,B,0.9599310885968813,0.3055555555555556,5089,-243.4184259289762,-0.5016667315941824,0.6360362946581168,0.650487892175066,0.0
long_max_Tlast,B,0.9599310885968813,0.3055555555555556,5090,-243.30013208992355,-0.2573743402926797,0.6166722930933377,0.6456562495542724,0.4681640838972903
long_max_Tlast,B,0.9599310885968813,0.3055555555555556,5091,-243.71800716065405,-0.6859413677532349,0.6360350418020021,0.6504869194264711,0.0
long_max_Tlast,B,0.9599310885968813,0.3055555555555556,5092,-243.43888464441832,-0.27790747929858395,0.616672963037718,0.6456567717249382,0.46816463746856984
long_max_Tlast,B,0.9599310885968813,0.3055555555555556,5093,-243.80119713916122,-0.6748638798664511,0.6360370447774502,0.6504883153411852,0.0
long_max_Tlast,B,0.9599310885968813,0.3055555555555556,5094,-243.48102192597798,-0.25260233971960955,0.6166715098899435,0.6456554052742766,0.46816422308137007
long_max_Tlast,B,0.9599310885968813,0.3055555555555556,5095,-243.6725133420783,-0.47249442527393004,0.6360390691592098,0.650489832174815,0.0
long_max_Tlast,B,0.9599310885968813,0.3055555555555556,5096,-243.44606757459684,-0.19072515237863386,0.6166725299185528,0.6456560269384646,0.4681658158318129
long_max_Tlast,B,0.9599310885968813,0.3055555555555556,5097,-243.41408390718456,-0.15298459060590908,0.6360382309037362,0.6504891563533477,0.0
long_max_Tlast,B,0.9599310885968813,0.3055555555555556,5098,-243.3818363947607,-0.11495407048218398,0.6166752363719225,0.6456584323191181,0.46816705877628784
long_max_Tlast,B,0.9599310885968813,0.3055555555555556,5099,-243.1555629525235,0.16659462929679703,0.6360377096785863,0.6504887354712936,0.0
long_max_Tlast,B,0.9599310885968813,0.3055555555555556,5100,-243.34684672333253,-0.05305268906339666,0.6166757325167259,0.6456588720014558,0.4681672482981732
long_max_Tlast,B,0.9599310885968813,0.3055555555555556,5101,-243.02667691089047,0.36914113437661095,0.6360400430611326,0.6504906038246246,0.0
long_max_Tlast,B,0.9599310885968813,0.3055555555555556,5102,-243.38887660619162,-0.027697645097944867,0.6166744186525892,0.6456578320991104,0.4681661137631361
long_max_Tlast,B,0.9599310885968813,0.3055555555555556,5103,-243.10964052992642,0.38043925452426414,0.6360420363214765,0.6504921245986776,0.0
long_max_Tlast,B,0.9599310885968813,0.3055555555555556,5104,-243.52752093310113,-0.04818469584834159,0.6166755290947382,0.6456590653720301,0.46816567000212467
long_max_Tlast,B,0.9599310885968813,0.3055555555555556,5105,-243.40902138884826,0.19635011656050333,0.6360412076607715,0.6504915147452278,0.0
long_max_Tlast,B,0.9599310885968813,0.3055555555555556,5106,-243.74696623055075,-0.10700509445986112,0.6166787859405976,0.6456617589616855,0.4681679547673576
long_max_Tlast,B,0.9599310885968813,0.3055555555555556,5107,-243.85010529291625,-0.11567689489505034,0.6360412934298132,0.6504916472168363,0.0
long_max_Tlast,B,0.9599310885968813,0.3055555555555556,5108,-244.0017789751385,-0.18260381077301752,0.6166792918400255,0.6456621347873683,0.4681684398008855
long_max_Tlast,B,0.9599310885968813,0.3055555555555556,5109,-244.30625556221858,-0.44130730912066396,0.6360445135307277,0.6504939990122116,0.0
long_max_Tlast,B,0.9599310885968813,0.3055555555555556,5110,-244.23357235514155,-0.2472841866439009,0.616678570254146,0.6456615460066665,0.46816788442878343
long_max_Tlast,B,0.9599310885968813,0.3055555555555556,5111,-244.64531775338384,-0.6612230579652614,0.6360465510902636,0.6504954792276202,0.0
long_max_Tlast,B,0.9599310885968813,0.3055555555555556,5112,-244.39238445877197,-0.27734122511312714,0.6166813997174531,0.6456636181359829,0.46817094284625604
long_max_Tlast,B,0.9599310885968813,0.3055555555555556,5113,-244.7780323456635,-0.6948450189941082,0.6360459493955448,0.6504950003903116,0.0
long_max_Tlast,B,0.9599310885968813,0.3055555555555556,5114,-244.45501959419602,-0.261762326839023,0.6166848696213382,0.645666441286119,0.4681735596018572
long_max_Tlast,B,0.9599310885968813,0.3055555555555556,5115,-244.69073350452655,-0.529849288290575,0.6360470705850405,0.6504957510115057,0.0
long_max_Tlast,B,0.9599310885968813,0.3055555555555556,5116,-244.43351529631988,-0.20625946980844212,0.61668517154459,0.6456667132026428,0.4681736486354118
long_max_Tlast,B,0.9599310885968813,0.3055555555555556,5117,-244.45040479017766,-0.22669253924697985,0.6360505439676649,0.6504984014904729,0.0
long_max_Tlast,B,0.9599310885968813,0.3055555555555556,5118,-244.3707045285269,-0.1311632203348761,0.6166852085457687,0.64566663615895,0.468174091339594
long_max_Tlast,B,0.9599310885968813,0.3055555555555556,5119,-244.1801002355957,0.1035421243399659,0.6360522492735303,0.650499733592552,0.0
long_max_Tlast,B,0.9599310885968813,0.3055555555555556,5120,-244.32459666576625,-0.06399300379003331,0.616687937817647,0.6456691662281582,0.4681749616822228
long_max_Tlast,B,0.9599310885968813,0.3055555555555556,5121,-244.01382277642003,0.33985331396064555,0.6360518214171542,0.6504994062728245,0.0
long_max_Tlast,B,0.9599310885968813,0.3055555555555556,5122,-244.3470874222941,-0.029364253757178438,0.6166910150985914,0.6456719134818332,0.4681763237401213
long_max_Tlast,B,0.9599310885968813,0.3055555555555556,5123,-244.04748564572247,0.39564891564296745,0.6360533326395791,0.6505006547698556,0.0
long_max_Tlast,B,0.9599310885968813,0.3055555555555556,5124,-244.46489706266928,-0.039960007180714296,0.6166912788923455,0.6456721097141078,0.468176568460725
long_max_Tlast,B,0.9599310885968813,0.3055555555555556,5125,-244.30375269565033,0.25048278163009785,0.6360570874812342,0.6505035090046328,0.0
long_max_Tlast,B,0.9599310885968813,0.3055555555555556,5126,-244.66983930589848,-0.09190146388565804,0.6166914894924105,0.6456724601897538,0.4681760320449822
long_max_Tlast,B,0.9599310885968813,0.3055555555555556,5127,-244.72369912983228,-0.04245174546688779,0.6360587339894622,0.6505046908200677,0.0
long_max_Tlast,B,0.9599310885968813,0.3055555555555556,5128,-244.92180893792255,-0.1661563634352808,0.6166953281687743,0.6456755580026727,0.46817905895991097
long_max_Tlast,B,0.9599310885968813,0.3055555555555556,5129,-245.1884272779923,-0.3758216318675134,0.6360585258399922,0.6505045462962954,0.0
long_max_Tlast,B,0.9599310885968813,0.3055555555555556,5130,-245.1634621266017,-0.2355127254336269,0.6166988366240854,0.6456782680695853,0.4681822714825634
long_max_Tlast,B,0.9599310885968813,0.3055555555555556,5131,-245.5626287196294,-0.627472350816048,0.6360610166508027,0.6505063403277752,0.0
long_max_Tlast,B,0.9599310885968813,0.3055555555555556,5132,-245.3412386572587,-0.27456156305237184,0.616698973369011,0.6456783810757014,0.46818234779711326
long_max_Tlast,B,0.9599310885968813,0.3055555555555556,5133,-245.74417696574108,-0.7051903943808498,0.6360650166017292,0.6505092875709378,0.0
long_max_Tlast,B,0.9599310885968813,0.3055555555555556,5134,-245.42496130299224,-0.2689907683877993,0.616700331421292,0.6456793211422973,0.4681840375881743
long_max_Tlast,B,0.9599310885968813,0.3055555555555556,5135,-245.70154043171098,-0.580499510861174,0.6360662219767379,0.6505102271131052,0.0
long_max_Tlast,B,0.9599310885968813,0.3055555555555556,5136,-245.41893923113392,-0.22083959294561079,0.6167044113998165,0.6456827279496127,0.46818680700047854
long_max_Tlast,B,0.9599310885968813,0.3055555555555556,5137,-245.48530119852097,-0.299085477923336,0.6360663618222901,0.6505103031575313,0.0
long_max_Tlast,B,0.9599310885968813,0.3055555555555556,5138,-245.36038491381748,-0.14775727999484212,0.6167069381523852,0.6456850703769036,0.4681875834005079
long_max_Tlast,B,0.9599310885968813,0.3055555555555556,5139,-245.2096747930791,0.035937388583445085,0.6360691648779236,0.6505124799979208,0.0
long_max_Tlast,B,0.9599310885968813,0.3055555555555556,5140,-245.30571249341685,-0.07651741387886926,0.6167069936201599,0.6456851192119966,0.468187599442075
long_max_Tlast,B,0.9599310885968813,0.3055555555555556,5141,-245.01066300167415,0.30180717853652705,0.6360727978854391,0.6505153209454246,0.0
long_max_Tlast,B,0.9599310885968813,0.3055555555555556,5142,-245.30992970926454,-0.0332234286112745,0.6167083209230764,0.6456864267263559,0.46818773783281054
long_max_Tlast,B,0.9599310885968813,0.3055555555555556,5143,-244.99615869226068,0.4011052838914978,0.6360737575851654,0.6505160236219348,0.0
long_max_Tlast,B,0.9599310885968813,0.3055555555555556,5144,-245.40649822427898,-0.03374424118904901,0.6167123592084519,0.6456899707916613,0.46818980476597916
long_max_Tlast,B,0.9599310885968813,0.3055555555555556,5145,-245.206449910033,0.297443777224469,0.6360740736161211,0.65051630408989,0.0
long_max_Tlast,B,0.9599310885968813,0.3055555555555556,5146,-245.5950095786146,-0.0778843309455905,0.6167150790449463,0.6456920630621399,0.4681923285486361
long_max_Tlast,B,0.9599310885968813,0.3055555555555556,5147,-245.59947666881277,0.028803011403289724,0.6360774118958332,0.6505188208105378,0.0
long_max_Tlast,B,0.9599310885968813,0.3055555555555556,5148,-245.84136516681255,-0.14947168917021036,0.6167151002390882,0.6456920703201261,0.46819238370580984
long_max_Tlast,B,0.9599310885968813,0.3055555555555556,5149,-246.06621163533995,-0.30637850577564424,0.6360811427508865,0.6505215235565524,0.0
long_max_Tlast,B,0.9599310885968813,0.3055555555555556,5150,-246.0902775216248,-0.2222768844087829,0.6167174031695213,0.6456938758616861,0.46819442701696357
long_max_Tlast,B,0.9599310885968813,0.3055555555555556,5151,-246.47061679619603,-0.585284796250696,0.6360817317820973,0.6505219573902643,0.0
long_max_Tlast,B,0.9599310885968813,0.3055555555555556,5152,-246.2855227537858,-0.2696178220898696,0.6167220798265265,0.6456975420913872,0.4681985351655718
long_max_Tlast,B,0.9599310885968813,0.3055555555555556,5153,-246.6994798302894,-0.7057179977923568,0.6360824714408003,0.6505224821067083,0.0
long_max_Tlast,B,0.9599310885968813,0.3055555555555556,5154,-246.3905573379813,-0.27415211849832516,0.6167238553315855,0.6456991273228027,0.4681993195483982
long_max_Tlast,B,0.9599310885968813,0.3055555555555556,5155,-246.7039188001306,-0.6235437671808535,0.6360861411233484,0.6505252181359865,0.0
long_max_Tlast,B,0.9599310885968813,0.3055555555555556,5156,-246.4018613423557,-0.23421688159442458,0.6167238155162489,0.6456991062084381,0.46819925216898184
long_max_Tlast,B,0.9599310885968813,0.3055555555555556,5157,-246.51731091002736,-0.36887337934395237,0.6360891178207824,0.6505275592069729,0.0
long_max_Tlast,B,0.9599310885968813,0.3055555555555556,5158,-246.35026138561898,-0.16444060642835667,0.6167262585435455,0.6457012109255953,0.4682006821396602
long_max_Tlast,B,0.9599310885968813,0.3055555555555556,5159,-246.24300469576997,-0.03502232597780153,0.6360892882229797,0.6505277148062759,0.0
long_max_Tlast,B,0.9599310885968813,0.3055555555555556,5160,-246.28967747681853,-0.09039711187463817,0.6167299198262709,0.6457045893897051,0.4682019079440376
long_max_Tlast,B,0.9599310885968813,0.3055555555555556,5161,-246.01647769196515,0.25568008415173027,0.6360901911313237,0.6505284360438675,0.0
long_max_Tlast,B,0.9599310885968813,0.3055555555555556,5162,-246.27728740946048,-0.03921536002337836,0.6167312499637858,0.6457057042820142,0.4682027820468742
long_max_Tlast,B,0.9599310885968813,0.3055555555555556,5163,-245.95573974292222,0.3967095750314723,0.6360937769757635,0.650531230091004,0.0
long_max_Tlast,B,0.9599310885968813,0.3055555555555556,5164,-246.35259365173468,-0.029646594068031162,0.6167312273395571,0.6457056844089865,0.468202790436101
long_max_Tlast,B,0.9599310885968813,0.3055555555555556,5165,-246.11803540881604,0.3363901722957169,0.636096470580326,0.6505331996526449,0.0
long_max_Tlast,B,0.9599310885968813,0.3055555555555556,5166,-246.52300028445242,-0.06520260845058601,0.6167339674738831,0.6457080435501208,0.46820439968022354
long_max_Tlast,B,0.9599310885968813,0.3055555555555556,5167,-246.47886810513674,0.09682306562802212,0.6360964081479038,0.6505331132789878,0.0
long_max_Tlast,B,0.9599310885968813,0.3055555555555556,5168,-246.76105433865985,-0.13285166161654244,0.6167381555219569,0.6457112705135044,0.4682082977580727
long_max_Tlast,B,0.9599310885968813,0.3055555555555556,5169,-246.941004944955,-0.2342125837577177,0.6360976431787216,0.6505340400135394,0.0
long_max_Tlast,B,0.9599310885968813,0.3055555555555556,5170,-247.01450972435327,-0.20780565410368093,0.6167390052338949,0.6457118813193832,0.4682092561465476
long_max_Tlast,B,0.9599310885968813,0.3055555555555556,5171,-247.3700931907041,-0.5354140040642064,0.6361014861546034,0.6505368420951275,0.0
long_max_Tlast,B,0.9599310885968813,0.3055555555555556,5172,-247.22547379770197,-0.2626028732933816,0.6167389911755481,0.6457118786511294,0.4682092365603069
long_max_Tlast,B,0.9599310885968813,0.3055555555555556,5173,-247.64389827297535,-0.6964131401025118,0.6361033998819913,0.6505382995223268,0.0
long_max_Tlast,B,0.9599310885968813,0.3055555555555556,5174,-247.35161689550964,-0.2771589856395057,0.6167422001554492,0.6457144386275593,0.4682119103487957
long_max_Tlast,B,0.9599310885968813,0.3055555555555556,5175,-247.6970680519624,-0.6582167016647081,0.6361028781619502,0.6505379548296362,0.0
long_max_Tlast,B,0.9599310885968813,0.3055555555555556,5176,-247.38172209609698,-0.2461434344864767,0.6167451229926078,0.6457170981247986,0.46821303509422085
long_max_Tlast,B,0.9599310885968813,0.3055555555555556,5177,-247.5450846001832,-0.43481649845239445,0.636104305978297,0.6505390395369514,0.0
long_max_Tlast,B,0.9599310885968813,0.3055555555555556,5178,-247.33974323856353,-0.1809229595774134,0.6167449164229375,0.6457171002564592,0.46821221228903126
long_max_Tlast,B,0.9599310885968813,0.3055555555555556,5179,-247.27864178830828,-0.10807293015209785,0.6361075806815835,0.6505416225573203,0.0
long_max_Tlast,B,0.9599310885968813,0.3055555555555556,5180,-247.27601806466325,-0.10538980667253023,0.6167449424936402,0.6457171330400333,0.46821222183872135
long_max_Tlast,B,0.9599310885968813,0.3055555555555556,5181,-247.03036324380145,0.20228617569626933,0.6361087282842257,0.6505425237327326,0.0
long_max_Tlast,B,0.9599310885968813,0.3055555555555556,5182,-247.24889881901385,-0.047226043261295314,0.6167476843635484,0.6457196446625036,0.4682132422282196
long_max_Tlast,B,0.9599310885968813,0.3055555555555556,5183,-246.92618636339762,0.3825388244330135,0.6361080701116141,0.6505419950247171,0.0
long_max_Tlast,B,0.9599310885968813,0.3055555555555556,5184,-247.3033208521655,-0.027745361315658745,0.6167503676337744,0.6457218137793699,0.4682153411923379
long_max_Tlast,B,0.9599310885968813,0.3055555555555556,5185,-247.03927536027533,0.3666315327775837,0.636109603471157,0.6505431900638755,0.0
long_max_Tlast,B,0.9599310885968813,0.3055555555555556,5186,-247.45430873776397,-0.054081575472287674,0.6167501074039425,0.6457213885094042,0.4682159894826583
long_max_Tlast,B,0.9599310885968813,0.3055555555555556,5187,-247.3631885515376,0.1603930259936237,0.6361128156180489,0.6505455352869176,0.0
long_max_Tlast,B,0.9599310885968813,0.3055555555555556,5188,-247.68152260176183,-0.11658924693603576,0.6167501917887949,0.6457214704023805,0.46821604181241405
long_max_Tlast,B,0.9599310885968813,0.3055555555555556,5189,-247.81421715018035,-0.16060422778429634,0.6361133764765474,0.6505458820304184,0.0
long_max_Tlast,B,0.9599310885968813,0.3055555555555556,5190,-247.93669274010267,-0.19236235697497145,0.6167534722221344,0.6457240104607515,0.4682190729874438
long_max_Tlast,B,0.9599310885968813,0.3055555555555556,5191,-248.2620739231303,-0.47874196717492473,0.6361123915033953,0.6505451726276292,0.0
long_max_Tlast,B,0.9599310885968813,0.3055555555555556,5192,-248.16130877065953,-0.2536341691229259,0.6167553374885081,0.6457255160945836,0.46822054060653334
long_max_Tlast,B,0.9599310885968813,0.3055555555555556,5193,-248.57762844866926,-0.6774436775815389,0.636114123690227,0.6505464513400003,0.0
long_max_Tlast,B,0.9599310885968813,0.3055555555555556,5194,-248.3080542755539,-0.27795779818473465,0.6167538890315627,0.645724503526827,0.46821880224463136
long_max_Tlast,B,0.9599310885968813,0.3055555555555556,5195,-248.68024907094266,-0.6838979898647116,0.6361166038019193,0.6505483707862312,0.0
long_max_Tlast,B,0.9599310885968813,0.3055555555555556,5196,-248.35812053890388,-0.2564156075084295,0.6167540447138415,0.6457246420343948,0.46821891760941425
long_max_Tlast,B,0.9599310885968813,0.3055555555555556,5197,-248.56732677632806,-0.495742164949991,0.6361160899366278,0.6505480852011982,0.0
long_max_Tlast,B,0.9599310885968813,0.3055555555555556,5198,-248.3281576133597,-0.19690200289080698,0.6167564789531189,0.645726882633253,0.4682197795755833
long_max_Tlast,B,0.9599310885968813,0.3055555555555556,5199,-248.31520011755202,-0.1819189475634569,0.636114997288427,0.6505472641913043,0.0
long_max_Tlast,B,0.9599310885968813,0.3055555555555556,5200,-248.26415027939456,-0.12122923937060429,0.6167571157258795,0.6457276044559748,0.46821946665918457
long_max_Tlast,B,0.9599310885968813,0.3055555555555556,5201,-248.05124395876584,0.14257746617992084,0.636116591161132,0.6505485287801163,0.0
long_max_Tlast,B,0.9599310885968813,0.3055555555555556,5202,-248.2245117113631,-0.057119946034461355,0.6167556710682518,0.6457262532522381,0.4682190778500708
long_max_Tlast,B,0.9599310885968813,0.3055555555555556,5203,-247.90718482295276,0.3588406199287219,0.6361184948765765,0.6505499741999091,0.0
long_max_Tlast,B,0.9599310885968813,0.3055555555555556,5204,-248.2587494174637,-0.028067557977502156,0.6167558673352181,0.6457264427895834,0.4682191574406785
long_max_Tlast,B,0.9599310885968813,0.3055555555555556,5205,-247.9707816985604,0.3876281907100043,0.6361175692574378,0.6505491745861662,0.0
long_max_Tlast,B,0.9599310885968813,0.3055555555555556,5206,-248.38932179684372,-0.04472108951191894,0.6167584025926592,0.6457284570107724,0.4682212988651842
long_max_Tlast,B,0.9599310885968813,0.3055555555555556,5207,-248.253709784558,0.21838887676556906,0.6361163860285604,0.6505482827575741,0.0
long_max_Tlast,B,0.9599310885968813,0.3055555555555556,5208,-248.60336192316814,-0.10097356444069278,0.6167588327181298,0.6457285433983948,0.4682226590881175
long_max_Tlast,B,0.9599310885968813,0.3055555555555556,5209,-248.68728857623975,-0.0868641772508929,0.6361180716445507,0.6505495197654396,0.0
long_max_Tlast,B,0.9599310885968813,0.3055555555555556,5210,-248.85742301642898,-0.1762161229297243,0.6167566609748664,0.6457267923630935,0.4682209698771256
long_max_Tlast,B,0.9599310885968813,0.3055555555555556,5211,-249.14763118709465,-0.4162747206470119,0.6361193467390059,0.6505504285870612,0.0
long_max_Tlast,B,0.9599310885968813,0.3055555555555556,5212,-249.09339040510284,-0.24287790597422793,0.6167569624160567,0.6457270392456198,0.4682212370099893
long_max_Tlast,B,0.9599310885968813,0.3055555555555556,5213,-249.50104490628163,-0.6491406496815104,0.6361174244444018,0.6505490640323216,0.0
long_max_Tlast,B,0.9599310885968813,0.3055555555555556,5214,-249.25978712208973,-0.27652912827222637,0.6167588126989423,0.6457286157487785,0.4682223837301809
long_max_Tlast,B,0.9599310885968813,0.3055555555555556,5215,-249.65300042556973,-0.7001332919939595,0.6361161485988959,0.650548139271767,0.0
long_max_Tlast,B,0.9599310885968813,0.3055555555555556,5216,-249.33064413206745,-0.264844727272554,0.6167574905292377,0.6457278086239974,0.4682203254424509
long_max_Tlast,B,0.9599310885968813,0.3055555555555556,5217,-249.58280253881475,-0.5505657242704908,0.6361175525472684,0.6505492420883315,0.0
long_max_Tlast,B,0.9599310885968813,0.3055555555555556,5218,-249.31496310574167,-0.21210326384656542,0.6167550620977247,0.6457258094372469,0.4682185993499941
long_max_Tlast,B,0.9599310885968813,0.3055555555555556,5219,-249.35118120783466,-0.25524701041187964,0.6361177966276867,0.6505495183601894,0.0
long_max_Tlast,B,0.9599310885968813,0.3055555555555556,5220,-249.25346652136267,-0.1376283997998181,0.6167553437951905,0.6457260807704391,0.46821869365279445
long_max_Tlast,B,0.9599310885968813,0.3055555555555556,5221,-249.07798006564983,0.07761103577482309,0.6361154935429614,0.6505477384193092,0.0
long_max_Tlast,B,0.9599310885968813,0.3055555555555556,5222,-249.20370140658542,-0.06871612059844753,0.61675652043583,0.6457271569633801,0.46821913455036757
long_max_Tlast,B,0.9599310885968813,0.3055555555555556,5223,-248.89828011396042,0.32604025998299374,0.6361143417406042,0.6505468493908718,0.0
long_max_Tlast,B,0.9599310885968813,0.3055555555555556,5224,-249.21887818216814,-0.03061371039089056,0.6167551968889504,0.645725782691844,0.46821929299485066
long_max_Tlast,B,0.9599310885968813,0.3055555555555556,5225,-248.91293188101167,0.3990069036352698,0.6361155946108746,0.6505477908823885,0.0
long_max_Tlast,B,0.9599310885968813,0.3055555555555556,5226,-249.32840669945352,-0.037282010667381765,0.6167527907785616,0.6457236616442961,0.46821813638543003
long_max_Tlast,B,0.9599310885968813,0.3055555555555556,5227,-249.15155082140228,0.2697773897060024,0.6361153644710053,0.6505475065032036,0.0
long_max_Tlast,B,0.9599310885968813,0.3055555555555556,5228,-249.52714987492217,-0.08628212705085408,0.6167531588197989,0.6457239609780315,0.4682184549060052
long_max_Tlast,B,0.9599310885968813,0.3055555555555556,5229,-249.56167774546634,-0.014295470164166824,0.6361125106857846,0.6505453566881197,0.0
long_max_Tlast,B,0.9599310885968813,0.3055555555555556,5230,-249.77726809101424,-0.159654960170873,0.6167540802735528,0.6457245601024096,0.46821974924474585
long_max_Tlast,B,0.9599310885968813,0.3055555555555556,5231,-250.0280150746461,-0.34912151844662753,0.6361113318447427,0.6505445130956893,0.0
long_max_Tlast,B,0.9599310885968813,0.3055555555555556,5232,-250.02210057247876,-0.23051693159697834,0.6167513459666417,0.6457224365376715,0.46821727317819306
long_max_Tlast,B,0.9599310885968813,0.3055555555555556,5233,-250.41466935730747,-0.6120081451926325,0.6361122897991478,0.6505452285569333,0.0
long_max_Tlast,B,0.9599310885968813,0.3055555555555556,5234,-250.2069131523749,-0.2729042490753547,0.6167484561452025,0.645720190675168,0.46821469557950696
long_max_Tlast,B,0.9599310885968813,0.3055555555555556,5235,-250.61495912090692,-0.7066290655472132,0.6361109131201385,0.6505442904963226,0.0
long_max_Tlast,B,0.9599310885968813,0.3055555555555556,5236,-250.29896096497063,-0.27128056165601155,0.6167487693177702,0.6457204742362748,0.46821485504072885
long_max_Tlast,B,0.9599310885968813,0.3055555555555556,5237,-250.59047096180396,-0.5983149816631439,0.6361076430621038,0.6505418742096476,0.0
long_max_Tlast,B,0.9599310885968813,0.3055555555555556,5238,-250.29952419531227,-0.22624613854063344,0.6167484018497881,0.6457203926266457,0.4682137221019006
long_max_Tlast,B,0.9599310885968813,0.3055555555555556,5239,-250.38514930450432,-0.3267536678074417,0.6361066906245336,0.6505411411308556,0.0
long_max_Tlast,B,0.9599310885968813,0.3055555555555556,5240,-250.24337744122965,-0.15430284403816516,0.6167453352557903,0.6457177809989298,0.4682118467707096
long_max_Tlast,B,0.9599310885968813,0.3055555555555556,5241,-250.10923615251681,0.008544246149093437,0.6361072103892262,0.6505415728881981,0.0
long_max_Tlast,B,0.9599310885968813,0.3055555555555556,5242,-250.1860564023495,-0.08180775101607946,0.6167430305680548,0.6457156713660075,0.4682110483527202
long_max_Tlast,B,0.9599310885968813,0.3055555555555556,5243,-249.89882038209842,0.2847171339808565,0.6361053879198625,0.650540119349755,0.0
long_max_Tlast,B,0.9599310885968813,0.3055555555555556,5244,-250.18356970191792,-0.0353307503256608,0.6167433172553749,0.645715922794994,0.4682112212324874
long_max_Tlast,B,0.9599310885968813,0.3055555555555556,5245,-249.86596967051966,0.4005701751587667,0.6361021411201586,0.6505375939445439,0.0
long_max_Tlast,B,0.9599310885968813,0.3055555555555556,5246,-250.27181854679577,-0.03190078804664795,0.6167429361446188,0.6457153693663655,0.46821187427080413
long_max_Tlast,B,0.9599310885968813,0.3055555555555556,5247,-250.05771333605085,0.31364979943159865,0.6361012840586915,0.6505369725158826,0.0
long_max_Tlast,B,0.9599310885968813,0.3055555555555556,5248,-250.45343708922314,-0.07277154857650234,0.6167394578990879,0.6457123543097752,0.46820995483720296
long_max_Tlast,B,0.9599310885968813,0.3055555555555556,5249,-250.43878064733306,0.05580932456540588,0.6361015525869369,0.650537122584572,0.0
long_max_Tlast,B,0.9599310885968813,0.3055555555555556,5250,-250.69686436063884,-0.14297156538062394,0.616736800840263,0.6457102994524201,0.4682075468892311
long_max_Tlast,B,0.9599310885968813,0.3055555555555556,5251,-250.90452125842884,-0.2784702796547576,0.6360989009821879,0.6505351472252215,0.0
long_max_Tlast,B,0.9599310885968813,0.3055555555555556,5252,-250.94788515668927,-0.21677456413981128,0.6167370541121101,0.6457104952322357,0.46820779621864733
long_max_Tlast,B,0.9599310885968813,0.3055555555555556,5253,-251.31925904157848,-0.5667037020936,0.6360953267315976,0.6505325534443586,0.0
long_max_Tlast,B,0.9599310885968813,0.3055555555555556,5254,-251.14951251825306,-0.2671378906474834,0.6167353743952161,0.6457092665236374,0.4682059631421345
long_max_Tlast,B,0.9599310885968813,0.3055555555555556,5255,-251.56600031970515,-0.7032731635725435,0.6360946825494732,0.6505320750017793,0.0
long_max_Tlast,B,0.9599310885968813,0.3055555555555556,5256,-251.26285250587725,-0.27561112634082885,0.6167311002663041,0.6457058955981849,0.468202296034345
long_max_Tlast,B,0.9599310885968813,0.3055555555555556,5257,-251.5893326206038,-0.6381380631051834,0.6360943399546337,0.650531872265309,0.0
long_max_Tlast,B,0.9599310885968813,0.3055555555555556,5258,-251.28133873681256,-0.23908430048161275,0.6167291223864932,0.6457041371526588,0.46820140762460616
long_max_Tlast,B,0.9599310885968813,0.3055555555555556,5259,-251.41569812643985,-0.39516946456270846,0.6360911636204009,0.6505294918096673,0.0
long_max_Tlast,B,0.9599310885968813,0.3055555555555556,5260,-251.23319804904105,-0.17094500679565744,0.6167291829148677,0.6457042280677322,0.46820129964898616
long_max_Tlast,B,0.9599310885968813,0.3055555555555556,5261,-251.14368489221982,-0.06339564124321068,0.636088028545947,0.6505270388893915,0.0
long_max_Tlast,B,0.9599310885968813,0.3055555555555556,5262,-251.17106803885764,-0.09616430708268112,0.6167272997213389,0.6457025455704121,0.4682004345773009
long_max_Tlast,B,0.9599310885968813,0.3055555555555556,5263,-250.9079591206409,0.23561138010178373,0.636087599147153,0.6505267102277236,0.0
long_max_Tlast,B,0.9599310885968813,0.3055555555555556,5264,-251.15267454878926,-0.042137639302729735,0.6167236162682046,0.645699174716044,0.46819910049197194
long_max_Tlast,B,0.9599310885968813,0.3055555555555556,5265,-250.82989346871327,0.39228843975772076,0.6360870051117693,0.6505262058787651,0.0
long_max_Tlast,B,0.9599310885968813,0.3055555555555556,5266,-251.2197471023436,-0.02866526306014988,0.6167217883382043,0.6456976805554252,0.46819776363873755
long_max_Tlast,B,0.9599310885968813,0.3055555555555556,5267,-250.97306188762076,0.34922948463562875,0.6360835803573399,0.6505235478412394,0.0
long_max_Tlast,B,0.9599310885968813,0.3055555555555556,5268,-251.38270449113065,-0.06068476280414592,0.6167218456479288,0.6456976802218637,0.46819798784995403
long_max_Tlast,B,0.9599310885968813,0.3055555555555556,5269,-251.3199861009632,0.12221101393577882,0.6360804457473688,0.6505212567782276,0.0
long_max_Tlast,B,0.9599310885968813,0.3055555555555556,5270,-251.61681122188492,-0.12645916968856713,0.6167192957331792,0.6456955212876581,0.4681963529803055
long_max_Tlast,B,0.9599310885968813,0.3055555555555556,5271,-251.77853158733234,-0.20558016943190505,0.636080162842648,0.6505210671875961,0.0
long_max_Tlast,B,0.9599310885968813,0.3055555555555556,5272,-251.8712711718941,-0.20189139339429152,0.6167147965769406,0.6456920379844815,0.46819223896589673
long_max_Tlast,B,0.9599310885968813,0.3055555555555556,5273,-252.21566261041903,-0.5140312387262544,0.6360790115300621,0.6505202230084635,0.0
long_max_Tlast,B,0.9599310885968813,0.3055555555555556,5274,-252.08782130431962,-0.2593393662269775,0.6167133665866236,0.6456908933449113,0.46819109854604546
long_max_Tlast,B,0.9599310885968813,0.3055555555555556,5275,-252.5061933306329,-0.6901228593247183,0.636075068900027,0.6505173429290331,0.0
long_max_Tlast,B,0.9599310885968813,0.3055555555555556,5276,-252.22210192740675,-0.27775146721483024,0.6167131252192843,0.6456907354663552,0.4681907541907034
long_max_Tlast,B,0.9599310885968813,0.3055555555555556,5277,-252.57863803411712,-0.6693312767632458,0.636072497347739,0.6505153773992323,0.0
long_max_Tlast,B,0.9599310885968813,0.3055555555555556,5278,-252.25990830698132,-0.25038666448985136,0.6167099418725266,0.6456881793704626,0.4681881717389249
long_max_Tlast,B,0.9599310885968813,0.3055555555555556,5279,-252.44144153990578,-0.45927575036141477,0.6360724720856227,0.6505153364820375,0.0
long_max_Tlast,B,0.9599310885968813,0.3055555555555556,5280,-252.22234979550316,-0.18726753906608531,0.6167064460837725,0.6456850137971473,0.4681867755252764
long_max_Tlast,B,0.9599310885968813,0.3055555555555556,5281,-252.1798777424306,-0.13692928372625707,0.6360709989830308,0.6505142098962013,0.0
long_max_Tlast,B,0.9599310885968813,0.3055555555555556,5282,-252.15817282049207,-0.1115223205782184,0.6167057270293377,0.6456842999047737,0.46818674954810313
long_max_Tlast,B,0.9599310885968813,0.3055555555555556,5283,-251.92475594525197,0.17959525750037375,0.6360673412936354,0.6505113333536356,0.0
long_max_Tlast,B,0.9599310885968813,0.3055555555555556,5284,-252.1258996349806,-0.050910962364025036,0.6167054411637848,0.6456840184795001,0.4681867021249037
long_max_Tlast,B,0.9599310885968813,0.3055555555555556,5285,-251.80453691157712,0.3743164247146386,0.6360652509063422,0.6505097465741876,0.0
long_max_Tlast,B,0.9599310885968813,0.3055555555555556,5286,-252.17232335072808,-0.027637352108973,0.616702447374639,0.6456812928808855,0.4681855291881335
long_max_Tlast,B,0.9599310885968813,0.3055555555555556,5287,-251.898269661001,0.37588397152154157,0.6360653180273779,0.6505098172478398,0.0
long_max_Tlast,B,0.9599310885968813,0.3055555555555556,5288,-252.3154105832143,-0.05023028855496711,0.6166988003570923,0.6456783648540179,0.46818260512849075
long_max_Tlast,B,0.9599310885968813,0.3055555555555556,5289,-252.20658454691528,0.183728451916288,0.6360635457409362,0.6505084451149894,0.0
long_max_Tlast,B,0.9599310885968813,0.3055555555555556,5290,-252.5377247461518,-0.11041391039412593,0.6166981661017648,0.6456779893305171,0.4681815792339348
long_max_Tlast,B,0.9599310885968813,0.3055555555555556,5291,-252.6514869027966,-0.13174109094401393,0.6360596494855921,0.6505055976266496,0.0
long_max_Tlast,B,0.9599310885968813,0.3055555555555556,5292,-252.7927848999293,-0.1861311202454345,0.6166976305374665,0.6456775456330814,0.4681811750081356
long_max_Tlast,B,0.9599310885968813,0.3055555555555556,5293,-253.10493754469925,-0.45493067434923506,0.6360580384962402,0.6505044395530103,0.0
long_max_Tlast,B,0.9599310885968813,0.3055555555555556,5294,-253.02211988459794,-0.24964099705661963,0.6166938072929309,0.6456745766044678,0.46817768195649023
long_max_Tlast,B,0.9599310885968813,0.3055555555555556,5295,-253.43576675934816,-0.6674143981396053,0.6360583042683461,0.6505046208378317,0.0
long_max_Tlast,B,0.9599310885968813,0.3055555555555556,5296,-253.17667122206197,-0.277671935564026,0.616690896010392,0.6456721377431244,0.468175746480413
long_max_Tlast,B,0.9599310885968813,0.3055555555555556,5297,-253.5577476286557,-0.6913377759122754,0.6360561557330348,0.6505030355991067,0.0
long_max_Tlast,B,0.9599310885968813,0.3055555555555556,5298,-253.234786476478,-0.259949167936344,0.6166912106346257,0.6456722431534786,0.4681765780760494
long_max_Tlast,B,0.9599310885968813,0.3055555555555556,5299,-253.46115645473049,-0.5179362192832007,0.6360528039260454,0.6505004387569802,0.0
long_max_Tlast,B,0.9599310885968813,0.3055555555555556,5300,-253.21017652928393,-0.20297261318787302,0.6166905023385013,0.6456716543426548,0.4681760536973791
long_max_Tlast,B,0.9599310885968813,0.3055555555555556,5301,-253.21636218338972,-0.21074659061457074,0.636052064522468,0.6504998017045821,0.0
long_max_Tlast,B,0.9599310885968813,0.3055555555555556,5302,-253.14682953199343,-0.1276172451148237,0.616687399270185,0.6456688093943707,0.46817491718562076
long_max_Tlast,B,0.9599310885968813,0.3055555555555556,5303,-252.94806643610514,0.11766779299926033,0.6360523992781274,0.6505000546600248,0.0
long_max_Tlast,B,0.9599310885968813,0.3055555555555556,5304,-253.1029250489985,-0.06149142798487234,0.616685357696346,0.6456669664194995,0.46817408085412054
long_max_Tlast,B,0.9599310885968813,0.3055555555555556,5305,-252.78955398896454,0.3469717419509918,0.6360502678233507,0.6504983698366159,0.0
long_max_Tlast,B,0.9599310885968813,0.3055555555555556,5306,-253.1295554038754,-0.028830639526641222,0.6166856986724842,0.6456673801138573,0.4681737989081671
long_max_Tlast,B,0.9599310885968813,0.3055555555555556,5307,-252.8338748873312,0.3931455799048146,0.6360472210364765,0.6504960818860248,0.0
long_max_Tlast,B,0.9599310885968813,0.3055555555555556,5308,-253.25194177478215,-0.04159892252680325,0.6166849255587399,0.6456666762252721,0.46817346301148494
long_max_Tlast,B,0.9599310885968813,0.3055555555555556,5309,-253.09978202213415,0.2392688744823414,0.6360468656396635,0.6504959062133656,0.0
long_max_Tlast,B,0.9599310885968813,0.3055555555555556,5310,-253.46021088181251,-0.09511627987134275,0.6166813797504535,0.6456638644676107,0.4681704517727592
long_max_Tlast,B,0.9599310885968813,0.3055555555555556,5311,-253.5248246331465,-0.05827102099326825,0.6360472789098005,0.650496211144027,0.0
long_max_Tlast,B,0.9599310885968813,0.3055555555555556,5312,-253.71303683838806,-0.16977653465821613,0.616679559748446,0.6456625706276027,0.46816833774988925
long_max_Tlast,B,0.9599310885968813,0.3055555555555556,5313,-253.98823926907272,-0.39044997070404763,0.636044863608536,0.6504944406654736,0.0
long_max_Tlast,B,0.9599310885968813,0.3055555555555556,5314,-253.952758668389,-0.23821835728129034,0.6166806146345393,0.6456633772678078,0.4681693297156804
long_max_Tlast,B,0.9599310885968813,0.3055555555555556,5315,-254.35520188724598,-0.6355540901907805,0.6360423527249074,0.6504925794663023,0.0
long_max_Tlast,B,0.9599310885968813,0.3055555555555556,5316,-254.12652925018926,-0.275365543177283,0.6166795505249331,0.6456625384834944,0.46816837248379656
long_max_Tlast,B,0.9599310885968813,0.3055555555555556,5317,-254.5262274895868,-0.7037702285586487,0.6360429463869505,0.6504929464387829,0.0
long_max_Tlast,B,0.9599310885968813,0.3055555555555556,5318,-254.20565423983808,-0.26760851127896246,0.6166766751955604,0.6456600510533236,0.4681667401935543
long_max_Tlast,B,0.9599310885968813,0.3055555555555556,5319,-254.4736472756091,-0.5701048154406376,0.6360434112215301,0.6504932783017298,0.0
long_max_Tlast,B,0.9599310885968813,0.3055555555555556,5320,-254.19610640374168,-0.21778406838490957,0.6166764430302298,0.645659575862782,0.4681676878204458
long_max_Tlast,B,0.9599310885968813,0.3055555555555556,5321,-254.2517078583231,-0.2835368882017782,0.6360412268034012,0.6504915649888847,0.0
long_max_Tlast,B,0.9599310885968813,0.3055555555555556,5322,-254.13638789335351,-0.14415339289097062,0.6166777248560557,0.6456606514203812,0.46816851506538903
long_max_Tlast,B,0.9599310885968813,0.3055555555555556,5323,-253.97669560884935,0.050932348799371974,0.6360395919005383,0.650490249200996,0.0
long_max_Tlast,B,0.9599310885968813,0.3055555555555556,5324,-254.08336579151506,-0.07369673528561796,0.6166767842308514,0.6456597747113803,0.4681681897429376
long_max_Tlast,B,0.9599310885968813,0.3055555555555556,5325,-253.78437765537345,0.3107453512397641,0.6360405879040472,0.650491053385899,0.0
long_max_Tlast,B,0.9599310885968813,0.3055555555555556,5326,-254.0914271385218,-0.03222528651003842,0.6166743327021609,0.6456576638012923,0.4681667596836978
long_max_Tlast,B,0.9599310885968813,0.3055555555555556,5327,-253.78021097926705,0.4007033069522793,0.6360410204017766,0.6504913802438458,0.0
long_max_Tlast,B,0.9599310885968813,0.3055555555555556,5328,-254.19261280798264,-0.0349395532702694,0.6166741207462693,0.6456577556737496,0.46816556341062515
long_max_Tlast,B,0.9599310885968813,0.3055555555555556,5329,-254.00068850480213,0.2878465322494525,0.6360388451951611,0.650489755194684,0.0
long_max_Tlast,B,0.9599310885968813,0.3055555555555556,5330,-254.38483536675034,-0.08084383108231588,0.6166755928369433,0.64565904307578,0.46816630585769964
long_max_Tlast,B,0.9599310885968813,0.3055555555555556,5331,-254.40000799049545,0.01352492052402976,0.6360376634515018,0.6504889684256778,0.0
long_max_Tlast,B,0.9599310885968813,0.3055555555555556,5332,-254.63263412877336,-0.15311500292170932,0.6166743971494884,0.645658095312836,0.4681652552614835
long_max_Tlast,B,0.9599310885968813,0.3055555555555556,5333,-254.86683653969536,-0.321743158974356,0.6360393362395039,0.6504902123077675,0.0
long_max_Tlast,B,0.9599310885968813,0.3055555555555556,5334,-254.88019441973876,-0.2252756372806528,0.616672212100134,0.6456564152613803,0.46816319460183786
long_max_Tlast,B,0.9599310885968813,0.3055555555555556,5335,-255.26510436742373,-0.595108337586944,0.6360397824435021,0.6504905240032262,0.0
long_max_Tlast,B,0.9599310885968813,0.3055555555555556,5336,-255.07178007775283,-0.27088090179035856,0.6166735242477612,0.645657315581311,0.4681648478017071
long_max_Tlast,B,0.9599310885968813,0.3055555555555556,5337,-255.48386073766414,-0.7064079086054609,0.6360378939877114,0.6504890926088014,0.0
long_max_Tlast,B,0.9599310885968813,0.3055555555555556,5338,-255.17218243931595,-0.2732203120595241,0.6166754347807037,0.6456587997264557,0.46816654780338773
long_max_Tlast,B,0.9599310885968813,0.3055555555555556,5339,-255.47791715645224,-0.6148572479002339,0.6360378772587889,0.6504889701257065,0.0
long_max_Tlast,B,0.9599310885968813,0.3055555555555556,5340,-255.17960129072463,-0.2314406579337417,0.6166744180343141,0.645657891362664,0.46816604987883215
long_max_Tlast,B,0.9599310885968813,0.3055555555555556,5341,-255.28444471842303,-0.35400182909703304,0.6360400364946897,0.6504905713287722,0.0
long_max_Tlast,B,0.9599310885968813,0.3055555555555556,5342,-255.12627561660403,-0.16084478050409665,0.6166734851271447,0.6456568732051562,0.4681663438558203
long_max_Tlast,B,0.9599310885968813,0.3055555555555556,5343,-255.0093277867132,-0.01942517689852019,0.6360403957336878,0.6504908399155038,0.0
long_max_Tlast,B,0.9599310885968813,0.3055555555555556,5344,-255.06673675487926,-0.08730210855969994,0.6166751334573184,0.6456583437627069,0.4681670882275646
long_max_Tlast,B,0.9599310885968813,0.3055555555555556,5345,-254.78833419409756,0.26628094677082564,0.6360389138953233,0.6504896781990339,0.0
long_max_Tlast,B,0.9599310885968813,0.3055555555555556,5346,-255.05780069395493,-0.037763434865220075,0.6166767766091487,0.6456598464756168,0.4681676544384554
long_max_Tlast,B,0.9599310885968813,0.3055555555555556,5347,-254.73742459443895,0.39842716674610834,0.6360393821731503,0.6504901210690466,0.0
long_max_Tlast,B,0.9599310885968813,0.3055555555555556,5348,-255.13770307186414,-0.03037496133955503,0.616675752071867,0.6456589842611667,0.4681669502129223
long_max_Tlast,B,0.9599310885968813,0.3055555555555556,5349,-254.9102501494728,0.32859195689175696,0.6360417677149179,0.6504919751007222,0.0
long_max_Tlast,B,0.9599310885968813,0.3055555555555556,5350,-255.31214739239158,-0.0678467009426269,0.6166748211272941,0.645658460181509,0.4681653228689757
long_max_Tlast,B,0.9599310885968813,0.3055555555555556,5351,-255.27845804221187,0.0823667604532044,0.6360420882400412,0.6504921986924068,0.0
long_max_Tlast,B,0.9599310885968813,0.3055555555555556,5352,-255.5522053527343,-0.1364492160754526,0.6166772185415837,0.6456605102281283,0.46816675290031573
long_max_Tlast,B,0.9599310885968813,0.3055555555555556,5353,-255.742109030809,-0.25003031104620543,0.6360408712502327,0.6504913344840978,0.0
long_max_Tlast,B,0.9599310885968813,0.3055555555555556,5354,-255.80489453430107,-0.211041398294377,0.6166792589674567,0.6456620836747323,0.4681686117911352
long_max_Tlast,B,0.9599310885968813,0.3055555555555556,5355,-256.16629353983177,-0.5468027473678394,0.6360423549795414,0.650492405567262,0.0
long_max_Tlast,B,0.9599310885968813,0.3055555555555556,5356,-256.0126098486852,-0.2642953466491573,0.6166783231458847,0.645661323372846,0.4681678648921134
long_max_Tlast,B,0.9599310885968813,0.3055555555555556,5357,-256.43056853699443,-0.699204802031316,0.6360452110687014,0.6504944761688897,0.0
long_max_Tlast,B,0.9599310885968813,0.3055555555555556,5358,-256.134208980834,-0.27669513977944654,0.6166788868236486,0.6456615678169438,0.4681691317196286
long_max_Tlast,B,0.9599310885968813,0.3055555555555556,5359,-256.4730884749038,-0.6513956156467278,0.6360454456743009,0.6504946437543215,0.0
long_max_Tlast,B,0.9599310885968813,0.3055555555555556,5360,-256.16012007287407,-0.24369471529771672,0.6166821387528375,0.6456641348301679,0.4681719089681592
long_max_Tlast,B,0.9599310885968813,0.3055555555555556,5361,-256.3132364491596,-0.42089098457871854,0.6360449370602653,0.650494183632669,0.0
long_max_Tlast,B,0.9599310885968813,0.3055555555555556,5362,-256.11585119428605,-0.17739144831076648,0.6166837669622715,0.6456655867384266,0.468172614366724
long_max_Tlast,B,0.9599310885968813,0.3055555555555556,5363,-256.0445653756254,-0.09214998672755348,0.6360470591987248,0.6504957860433244,0.0
long_max_Tlast,B,0.9599310885968813,0.3055555555555556,5364,-256.0525841075573,-0.10207555324355636,0.6166831698369214,0.6456650086514697,0.46817249642288983
long_max_Tlast,B,0.9599310885968813,0.3055555555555556,5365,-255.80052452258616,0.21436861342130975,0.6360497598487385,0.6504979004401502,0.0
long_max_Tlast,B,0.9599310885968813,0.3055555555555556,5366,-256.0284750379441,-0.04534288502052908,0.6166839358532759,0.6456658007748751,0.46817242229691897
long_max_Tlast,B,0.9599310885968813,0.3055555555555556,5367,-255.70550445497423,0.38635291273116174,0.6360499218902398,0.6504980144601067,0.0
long_max_Tlast,B,0.9599310885968813,0.3055555555555556,5368,-256.087363820923,-0.027986481283942266,0.6166870027291009,0.6456686129977846,0.46817350602663743
long_max_Tlast,B,0.9599310885968813,0.3055555555555556,5369,-255.82929447431957,0.3607831609817047,0.6360497078677901,0.6504979209422612,0.0
long_max_Tlast,B,0.9599310885968813,0.3055555555555556,5370,-256.2426467876285,-0.056361659482120186,0.6166886869060562,0.6456699712531908,0.46817480270172945
long_max_Tlast,B,0.9599310885968813,0.3055555555555556,5371,-256.1615313963703,0.14702545681889678,0.6360523671369337,0.65049998004251,0.0
long_max_Tlast,B,0.9599310885968813,0.3055555555555556,5372,-256.4723987708769,-0.12007201022052394,0.6166880762794898,0.6456695489251022,0.4681740317901799
long_max_Tlast,B,0.9599310885968813,0.3055555555555556,5373,-256.61546096676204,-0.17659287420757325,0.6360552984009222,0.6505021179787218,0.0
long_max_Tlast,B,0.9599310885968813,0.3055555555555556,5374,-256.7274198918593,-0.1957751882096278,0.6166898437863908,0.6456709984231656,0.46817534027234775
long_max_Tlast,B,0.9599310885968813,0.3055555555555556,5375,-257.0597353288801,-0.4914937201363717,0.6360554021005396,0.6505021853173524,0.0
long_max_Tlast,B,0.9599310885968813,0.3055555555555556,5376,-256.94924692210304,-0.2557275167679155,0.6166939301592387,0.6456741517925425,0.46817911252845235
long_max_Tlast,B,0.9599310885968813,0.3055555555555556,5377,-257.3665380173346,-0.6822919807311425,0.6360559372300862,0.6505025392094707,0.0
long_max_Tlast,B,0.9599310885968813,0.3055555555555556,5378,-257.09159120909675,-0.2779647178307443,0.6166953457476931,0.6456753190841058,0.4681800999726601
long_max_Tlast,B,0.9599310885968813,0.3055555555555556,5379,-257.45842928539287,-0.6790709954349594,0.636059323979062,0.6505050077965288,0.0
long_max_Tlast,B,0.9599310885968813,0.3055555555555556,5380,-257.1372646355314,-0.2543380530895054,0.6166952985287488,0.6456751787413437,0.4681804546831374
long_max_Tlast,B,0.9599310885968813,0.3055555555555556,5381,-257.33673724736644,-0.4830114507047386,0.6360619321664064,0.6505070094047939,0.0
long_max_Tlast,B,0.9599310885968813,0.3055555555555556,5382,-257.1045007769036,-0.1934998330805154,0.616697796256595,0.6456771913105477,0.4681824438335489
long_max_Tlast,B,0.9599310885968813,0.3055555555555556,5383,-257.08102329445603,-0.16595201429613193,0.6360619739057276,0.6505070383266282,0.0
long_max_Tlast,B,0.9599310885968813,0.3055555555555556,5384,-257.0403135012678,-0.11774780821707598,0.6167011973534376,0.6456802843647683,0.46818374492119214
long_max_Tlast,B,0.9599310885968813,0.3055555555555556,5385,-256.81995151680314,0.15593284530553564,0.6360629326909115,0.6505077857419725,0.0
long_max_Tlast,B,0.9599310885968813,0.3055555555555556,5386,-257.00319986019025,-0.05483745057275044,0.6167022323590001,0.6456812086122627,0.46818418589356203
long_max_Tlast,B,0.9599310885968813,0.3055555555555556,5387,-256.68418693928896,0.3646948642895759,0.6360663377887914,0.6505104663400415,0.0
long_max_Tlast,B,0.9599310885968813,0.3055555555555556,5388,-257.0417202028999,-0.027816716123261143,0.6167022202570865,0.6456812799263522,0.4681838612830344
long_max_Tlast,B,0.9599310885968813,0.3055555555555556,5389,-256.75846301890914,0.3838398395470479,0.6360687556831154,0.6505122820366774,0.0
long_max_Tlast,B,0.9599310885968813,0.3055555555555556,5390,-257.1767583073392,-0.04659185729208232,0.6167048581418493,0.645683686648958,0.4681848630559397
long_max_Tlast,B,0.9599310885968813,0.3055555555555556,5391,-257.0505328860086,0.20635185072394002,0.6360687707826783,0.6505122887748825,0.0
long_max_Tlast,B,0.9599310885968813,0.3055555555555556,5392,-257.39382079595003,-0.10428076430497923,0.6167087763763602,0.6456868079509804,0.46818809580102044
long_max_Tlast,B,0.9599310885968813,0.3055555555555556,5393,-257.4883626137745,-0.10273811798959781,0.6360702500656891,0.6505134248153164,0.0
long_max_Tlast,B,0.9599310885968813,0.3055555555555556,5394,-257.6483485267565,-0.17974413338937528,0.6167097467930724,0.64568751950385,0.4681891230514139
long_max_Tlast,B,0.9599310885968813,0.3055555555555556,5395,-257.9465083727768,-0.43017063667051675,0.6360741929819969,0.6505162977060318,0.0
long_max_Tlast,B,0.9599310885968813,0.3055555555555556,5396,-257.8820577354366,-0.2453340189259463,0.6167102413993631,0.6456878933771227,0.46818962057926755
long_max_Tlast,B,0.9599310885968813,0.3055555555555556,5397,-258.2920843341751,-0.6559668151251968,0.6360762969059349,0.6505178483563457,0.0
long_max_Tlast,B,0.9599310885968813,0.3055555555555556,5398,-258.04428707453394,-0.2770120616818963,0.616713964469459,0.645690767687066,0.46819307599965165
long_max_Tlast,B,0.9599310885968813,0.3055555555555556,5399,-258.433440342934,-0.6973910113082205,0.6360762969050454,0.6505178481311541,0.0
long_max_Tlast,B,0.9599310885968813,0.3055555555555556,5400,-258.11059146405586,-0.2631726902455677,0.6167173153708035,0.6456936241223183,0.4681951062212265
long_max_Tlast,B,0.9599310885968813,0.3055555555555556,5401,-258.35374684390206,-0.5392598404129543,0.636078333084171,0.6505193436413249,0.0
long_max_Tlast,B,0.9599310885968813,0.3055555555555556,5402,-258.09165909576825,-0.20888915552911277,0.6167176575514748,0.6456940170249862,0.4681949058475649
long_max_Tlast,B,0.9599310885968813,0.3055555555555556,5403,-258.11720471081594,-0.23951563763919848,0.6360819843310358,0.6505221792043905,0.0
long_max_Tlast,B,0.9599310885968813,0.3055555555555556,5404,-258.0293838926103,-0.1340460188852069,0.6167184150462636,0.6456946517952122,0.468195427558565
long_max_Tlast,B,0.9599310885968813,0.3055555555555556,5405,-257.84547764372866,0.09200831549070698,0.6360834925094276,0.6505233735721319,0.0
long_max_Tlast,B,0.9599310885968813,0.3055555555555556,5406,-257.9815846487219,-0.06607128640883592,0.6167216415030929,0.6456976255801843,0.4681965345264518
long_max_Tlast,B,0.9599310885968813,0.3055555555555556,5407,-257.6730930343991,0.3338362162596017,0.6360835010205436,0.650523383082862,0.0
long_max_Tlast,B,0.9599310885968813,0.3055555555555556,5408,-258.0007732828773,-0.029874081286689724,0.6167245511340099,0.64570013783883,0.46819817163368965
long_max_Tlast,B,0.9599310885968813,0.3055555555555556,5409,-257.69820747111555,0.3973529812293605,0.6360857130253285,0.6505251314112653,0.0
long_max_Tlast,B,0.9599310885968813,0.3055555555555556,5410,-258.11488166821226,-0.038713160839818794,0.6167248782751751,0.645700314498986,0.468198769355541
long_max_Tlast,B,0.9599310885968813,0.3055555555555556,5411,-257.94661622840096,0.25928343823130395,0.6360893926246756,0.6505278750933552,0.0
long_max_Tlast,B,0.9599310885968813,0.3055555555555556,5412,-258.3170832034224,-0.08935397051236005,0.6167258455947638,0.6457011899791947,0.46819918407925865
long_max_Tlast,B,0.9599310885968813,0.3055555555555556,5413,-258.36227434336286,-0.02977974035583064,0.6360906217251442,0.6505287263335561,0.0
long_max_Tlast,B,0.9599310885968813,0.3055555555555556,5414,-258.5682764404938,-0.16323984270796238,0.6167298954932021,0.6457043773333687,0.46820270454621127
long_max_Tlast,B,0.9599310885968813,0.3055555555555556,5415,-258.82785544042525,-0.3639209029318306,0.6360906633132282,0.6505287623563372,0.0
long_max_Tlast,B,0.9599310885968813,0.3055555555555556,5416,-258.8114039706018,-0.2332949715070941,0.6167326502935959,0.6457065070752952,0.4682052309224358
long_max_Tlast,B,0.9599310885968813,0.3055555555555556,5417,-259.2077385956703,-0.6207009569280351,0.6360933999920968,0.6505307567089176,0.0
long_max_Tlast,B,0.9599310885968813,0.3055555555555556,5418,-258.9923638411164,-0.27385380727418507,0.616732429263123,0.6457063882429125,0.46820482769657584
long_max_Tlast,B,0.9599310885968813,0.3055555555555556,5419,-259.39771762966944,-0.70602683186586,0.6360967253534332,0.6505332519509877,0.0
long_max_Tlast,B,0.9599310885968813,0.3055555555555556,5420,-259.07981358638347,-0.2700504681629842,0.6167339009133564,0.6457075323925094,0.4682061848395962
long_max_Tlast,B,0.9599310885968813,0.3055555555555556,5421,-259.36316936314324,-0.5886343659308788,0.6360971786870795,0.6505336649647346,0.0
long_max_Tlast,B,0.9599310885968813,0.3055555555555556,5422,-259.07670247974596,-0.22327822499167854,0.616737392211887,0.6457105858182838,0.46820802426310376
long_max_Tlast,B,0.9599310885968813,0.3055555555555556,5423,-259.1517140040983,-0.31153565913765074,0.6360972723865606,0.6505337412574074,0.0
long_max_Tlast,B,0.9599310885968813,0.3055555555555556,5424,-259.01917322933036,-0.15068032321772257,0.616738880712597,0.645712076404975,0.46820805591552767
long_max_Tlast,B,0.9599310885968813,0.3055555555555556,5425,-258.875821281278,0.023734011719945047,0.6360999193727175,0.6505358185786865,0.0
long_max_Tlast,B,0.9599310885968813,0.3055555555555556,5426,-258.9632647145203,-0.07885294961502562,0.6167385121306916,0.645711748540217,0.4682078980676152
long_max_Tlast,B,0.9599310885968813,0.3055555555555556,5427,-258.67158978224944,0.29432131755146174,0.6361026446709842,0.6505379390377176,0.0
long_max_Tlast,B,0.9599310885968813,0.3055555555555556,5428,-258.96444471406085,-0.03411657930413847,0.6167398777587861,0.6457130246544881,0.46820832608168395
long_max_Tlast,B,0.9599310885968813,0.3055555555555556,5429,-258.6488252464885,0.40107796660156014,0.6361027651579345,0.650537976411958,0.0
long_max_Tlast,B,0.9599310885968813,0.3055555555555556,5430,-259.0572862447345,-0.03286773900443099,0.6167433212018412,0.6457159182445706,0.4682106008493159
long_max_Tlast,B,0.9599310885968813,0.3055555555555556,5431,-258.85084706606096,0.3048824940656234,0.63610291206611,0.6505381009479154,0.0
long_max_Tlast,B,0.9599310885968813,0.3055555555555556,5432,-259.24274590119734,-0.07555953506770652,0.6167448453655889,0.6457169409650806,0.46821260995900404
long_max_Tlast,B,0.9599310885968813,0.3055555555555556,5433,-259.23862465924435,0.040981180647282345,0.6361057894730596,0.6505402349831807,0.0
long_max_Tlast,B,0.9599310885968813,0.3055555555555556,5434,-259.487846310868,-0.14655137793972162,0.6167442389950584,0.6457164160027823,0.4682122927858081
long_max_Tlast,B,0.9599310885968813,0.3055555555555556,5435,-259.7050533223039,-0.293923260191755,0.6361081824719143,0.650541945890999,0.0
long_max_Tlast,B,0.9599310885968813,0.3055555555555556,5436,-259.737759892963,-0.21983093028927714,0.6167461214514496,0.6457178881546374,0.46821399312951184
long_max_Tlast,B,0.9599310885968813,0.3055555555555556,5437,-260.114206909626,-0.5771156609056831,0.636107645256009,0.6505415690442456,0.0
long_max_Tlast,B,0.9599310885968813,0.3055555555555556,5438,-259.9358985889744,-0.2685431531638569,0.616749365300796,0.6457204902005704,0.46821661948607757
long_max_Tlast,B,0.9599310885968813,0.3055555555555556,5439,-260.35113335885194,-0.704826440103406,0.6361078831655197,0.6505417521335214,0.0
long_max_Tlast,B,0.9599310885968813,0.3055555555555556,5440,-260.0446579079618,-0.27484336496866196,0.6167494458388466,0.6457207693404117,0.468215843559359
long_max_Tlast,B,0.9599310885968813,0.3055555555555556,5441,-260.3640008910481,-0.6302556878698107,0.6361105725283851,0.650543801260903,0.0
long_max_Tlast,B,0.9599310885968813,0.3055555555555556,5442,-260.05915231532646,-0.23642077986291138,0.6167485321162931,0.645720068488792,0.4682150072690644
long_max_Tlast,B,0.9599310885968813,0.3055555555555556,5443,-260.18309824726015,-0.38072998799655394,0.6361119342121087,0.650544937619967,0.0
long_max_Tlast,B,0.9599310885968813,0.3055555555555556,5444,-260.0090466069392,-0.16735145307464921,0.6167501959949968,0.6457215618385594,0.46821576424872735
long_max_Tlast,B,0.9599310885968813,0.3055555555555556,5445,-259.9096831883538,-0.04768079010477122,0.636110945459428,0.6505442024706973,0.0
long_max_Tlast,B,0.9599310885968813,0.3055555555555556,5446,-259.94771269111726,-0.09295016848899215,0.6167524056751872,0.6457236363597741,0.46821637184478304
long_max_Tlast,B,0.9599310885968813,0.3055555555555556,5447,-259.6789139455873,0.24685449023979378,0.6361112284160454,0.650544436560635,0.0
long_max_Tlast,B,0.9599310885968813,0.3055555555555556,5448,-259.9326000393297,-0.04047625667523336,0.6167522348773853,0.6457233703532246,0.46821674331052276
long_max_Tlast,B,0.9599310885968813,0.3055555555555556,5449,-259.6103555163123,0.3949470586606717,0.636113672632029,0.6505463154645207,0.0
long_max_Tlast,B,0.9599310885968813,0.3055555555555556,5450,-260.0042148393655,-0.029155961499334637,0.6167513917260987,0.6457225933401469,0.4682164916651719
long_max_Tlast,B,0.9599310885968813,0.3055555555555556,5451,-259.7641148267787,0.34233357641042766,0.6361146172086067,0.650546931471378,0.0
long_max_Tlast,B,0.9599310885968813,0.3055555555555556,5452,-260.17131462736126,-0.06314225729777892,0.6167532456513054,0.6457241224646468,0.4682178563983202
long_max_Tlast,B,0.9599310885968813,0.3055555555555556,5453,-260.1188253455843,0.10829200029132269,0.6361132795074592,0.650545890709408,0.0
long_max_Tlast,B,0.9599310885968813,0.3055555555555556,5454,-260.4076561121267,-0.12997812947933812,0.6167555370916028,0.6457257793799749,0.46822041891297783
long_max_Tlast,B,0.9599310885968813,0.3055555555555556,5455,-260.5794977650665,-0.22142122196003,0.6361136557458866,0.6505461788693758,0.0
long_max_Tlast,B,0.9599310885968813,0.3055555555555556,5456,-260.6616223888106,-0.20517434768656848,0.616754443727979,0.6457248751100572,0.4682196512638861
long_max_Tlast,B,0.9599310885968813,0.3055555555555556,5457,-261.0123158624415,-0.5259870894816014,0.6361159066987184,0.6505478236211918,0.0
long_max_Tlast,B,0.9599310885968813,0.3055555555555556,5458,-260.8751336003587,-0.2611794512483847,0.6167532860961188,0.6457239955883,0.46821856094248804
long_max_Tlast,B,0.9599310885968813,0.3055555555555556,5459,-261.293678483829,-0.6938055088353849,0.6361157934753507,0.6505478037023491,0.0
long_max_Tlast,B,0.9599310885968813,0.3055555555555556,5460,-261.00493044164347,-0.27746721906812977,0.6167550439825312,0.6457254539653696,0.4682198208824578
long_max_Tlast,B,0.9599310885968813,0.3055555555555556,5461,-261.35546398971223,-0.6633847111609783,0.6361139552005827,0.6505464818259434,0.0
long_max_Tlast,B,0.9599310885968813,0.3055555555555556,5462,-261.03845790172204,-0.2480735410301092,0.6167558186866284,0.6457263632335981,0.4682193214407781
long_max_Tlast,B,0.9599310885968813,0.3055555555555556,5463,-261.21000363260384,-0.44586908238042455,0.6361143603237356,0.6505468046562808,0.0
long_max_Tlast,B,0.9599310885968813,0.3055555555555556,5464,-260.998412080409,-0.18376974473485247,0.6167539302846579,0.6457248839985282,0.46821767028095207
long_max_Tlast,B,0.9599310885968813,0.3055555555555556,5465,-260.9456033585623,-0.12096454392978434,0.6361159345338513,0.6505480778020959,0.0
long_max_Tlast,B,0.9599310885968813,0.3055555555555556,5466,-260.93442853412273,-0.10811347033933191,0.6167529727225751,0.6457240253238058,0.46821729331193707
long_max_Tlast,B,0.9599310885968813,0.3055555555555556,5467,-260.6941345073974,0.19227475942943217,0.6361151802591882,0.6505474890167922,0.0
long_max_Tlast,B,0.9599310885968813,0.3055555555555556,5468,-260.90495699801625,-0.04883248650112132,0.6167544001858557,0.6457253152403121,0.4682179052376057
long_max_Tlast,B,0.9599310885968813,0.3055555555555556,5469,-260.5827073028579,0.37907100535100446,0.6361132975188375,0.6505460101812682,0.0
long_max_Tlast,B,0.9599310885968813,0.3055555555555556,5470,-260.9557890956311,-0.02764849637301514,0.6167550628845182,0.6457256774193644,0.46821910293014074
long_max_Tlast,B,0.9599310885968813,0.3055555555555556,5471,-260.6871449856878,0.3709740504618474,0.6361137389608271,0.6505463556104244,0.0
long_max_Tlast,B,0.9599310885968813,0.3055555555555556,5472,-261.10326725824007,-0.05232036399979306,0.6167530433527206,0.6457237963009178,0.46821851239293577
long_max_Tlast,B,0.9599310885968813,0.3055555555555556,5473,-261.0041714618532,0.1709526476667177,0.6361150571377179,0.6505472691402001,0.0
long_max_Tlast,B,0.9599310885968813,0.3055555555555556,5474,-261.3283403779499,-0.11381227941639113,0.6167519614570002,0.6457229390633843,0.4682176377596764
long_max_Tlast,B,0.9599310885968813,0.3055555555555556,5475,-261.45260067046144,-0.1476985212583773,0.6361135792562606,0.6505461240730732,0.0
long_max_Tlast,B,0.9599310885968813,0.3055555555555556,5476,-261.5835219283026,-0.18958966061366264,0.6167534580983816,0.6457240735709455,0.46821912406210964
long_max_Tlast,B,0.9599310885968813,0.3055555555555556,5477,-261.90309876749234,-0.46822010145158677,0.6361113363671616,0.6505445004626282,0.0
long_max_Tlast,B,0.9599310885968813,0.3055555555555556,5478,-261.8102977779406,-0.25188535102684073,0.6167528943220895,0.6457236869692548,0.46821841004807674
long_max_Tlast,B,0.9599310885968813,0.3055555555555556,5479,-262.2255697684165,-0.6731622045667143,0.6361117934878855,0.6505448485565263,0.0
long_max_Tlast,B,0.9599310885968813,0.3055555555555556,5480,-261.9605584249961,-0.27787660566516414,0.6167497833731718,0.6457213190937241,0.4682154186680789
long_max_Tlast,B,0.9599310885968813,0.3055555555555556,5481,-262.33684943605067,-0.6874288764525144,0.6361122644063262,0.6505452739848153,0.0
long_max_Tlast,B,0.9599310885968813,0.3055555555555556,5482,-262.014210702121,-0.25803494837618274,0.6167488478139694,0.6457205389071465,0.4682148198961793
long_max_Tlast,B,0.9599310885968813,0.3055555555555556,5483,-262.2311533026816,-0.5057957318897712,0.6361099509942054,0.6505436009047817,0.0
long_max_Tlast,B,0.9599310885968813,0.3055555555555556,5484,-261.98659426172026,-0.1996331541134071,0.6167496179747453,0.6457213335364183,0.46821476504566656
long_max_Tlast,B,0.9599310885968813,0.3055555555555556,5485,-261.98217601287183,-0.19481647999861812,0.6361078275736938,0.6505419668404969,0.0
long_max_Tlast,B,0.9599310885968813,0.3055555555555556,5486,-261.92282780162355,-0.12407483259075403,0.6167483365460761,0.6457202959646738,0.46821376496784867
long_max_Tlast,B,0.9599310885968813,0.3055555555555556,5487,-261.7161429721442,0.1315560306148943,0.6361082208078123,0.6505422860131331,0.0
long_max_Tlast,B,0.9599310885968813,0.3055555555555556,5488,-261.8812376377531,-0.059040907859214814,0.6167456061848746,0.6457177790718808,0.4682128636816242
long_max_Tlast,B,0.9599310885968813,0.3055555555555556,5489,-261.5655357603693,0.35372925234208374,0.6361082416787023,0.6505422618210807,0.0
long_max_Tlast,B,0.9599310885968813,0.3055555555555556,5490,-261.91205205166983,-0.02836451818755048,0.6167448134347249,0.6457171000807996,0.46821243006787905
long_max_Tlast,B,0.9599310885968813,0.3055555555555556,5491,-261.6205107883033,0.3902962024241334,0.636105652866773,0.6505402090934461,0.0
long_max_Tlast,B,0.9599310885968813,0.3055555555555556,5492,-262.0389791430051,-0.04328824411918808,0.616745611371696,0.6457176424487924,0.46821346346407305
long_max_Tlast,B,0.9599310885968813,0.3055555555555556,5493,-261.8959055113552,0.22785615001051346,0.6361034905493697,0.6505386012111941,0.0
long_max_Tlast,B,0.9599310885968813,0.3055555555555556,5494,-262.25048578961537,-0.0983393101577236,0.6167438857998161,0.6457160361964033,0.46821293509912937
long_max_Tlast,B,0.9599310885968813,0.3055555555555556,5495,-262.3257980262062,-0.07406752248149029,0.6361038736381771,0.6505388795107635,0.0
long_max_Tlast,B,0.9599310885968813,0.3055555555555556,5496,-262.50405550544025,-0.1733493264993584,0.6167403717410102,0.6457132711030881,0.4682099121657882
long_max_Tlast,B,0.9599310885968813,0.3055555555555556,5497,-262.7876507250476,-0.4048392144870985,0.6361031923677459,0.6505383624106867,0.0
long_max_Tlast,B,0.9599310885968813,0.3055555555555556,5498,-262.7417542475167,-0.24083177576783826,0.6167396181313788,0.6457126941454475,0.4682092275765074
long_max_Tlast,B,0.9599310885968813,0.3055555555555556,5499,-263.14721710832856,-0.6432590348914837,0.6360998339543996,0.6505359329267364,0.0
long_max_Tlast,B,0.9599310885968813,0.3055555555555556,5500,-262.9114721143428,-0.27605743439359387,0.6167396688136081,0.6457128226585683,0.4682089259891588
long_max_Tlast,B,0.9599310885968813,0.3055555555555556,5501,-263.30771613881086,-0.7019639351244461,0.6360978192642956,0.6505344360414107,0.0
long_max_Tlast,B,0.9599310885968813,0.3055555555555556,5502,-262.98601908072624,-0.2661240299033518,0.6167367009777036,0.6457105713894722,0.4682060184044028
long_max_Tlast,B,0.9599310885968813,0.3055555555555556,5503,-263.24532649369615,-0.5594429625414715,0.6360980473776576,0.6505346306045511,0.0
long_max_Tlast,B,0.9599310885968813,0.3055555555555556,5504,-262.97304467953694,-0.21466788915323487,0.6167335551603235,0.6457078528903618,0.4682042684776719
long_max_Tlast,B,0.9599310885968813,0.3055555555555556,5505,-263.0179124778466,-0.2679235020550096,0.6360966832044376,0.6505336365731714,0.0
long_max_Tlast,B,0.9599310885968813,0.3055555555555556,5506,-262.9122860856496,-0.14054318382638573,0.6167331140953715,0.6457074344021357,0.4682041938476462
long_max_Tlast,B,0.9599310885968813,0.3055555555555556,5507,-262.74377365550515,0.06577542564529315,0.6360933594801469,0.6505310417867293,0.0
long_max_Tlast,B,0.9599310885968813,0.3055555555555556,5508,-262.8610147795485,-0.07091653786207289,0.616732873370469,0.6457072094712292,0.4682041178248022
long_max_Tlast,B,0.9599310885968813,0.3055555555555556,5509,-262.55833951564404,0.31937807523416584,0.6360916638096722,0.6505297319064006,0.0
long_max_Tlast,B,0.9599310885968813,0.3055555555555556,5510,-262.87298822829155,-0.03129618246904298,0.6167301419298836,0.6457046421100464,0.46820338013352886
long_max_Tlast,B,0.9599310885968813,0.3055555555555556,5511,-262.5645581145721,0.39995711531528333,0.6360918187112657,0.6505298367262116,0.0
long_max_Tlast,B,0.9599310885968813,0.3055555555555556,5512,-262.97879506176406,-0.03620016287077585,0.6167270260645632,0.6457020121130777,0.46820140147836037
long_max_Tlast,B,0.9599310885968813,0.3055555555555556,5513,-262.7951293185008,0.2779907583489386,0.636090073636712,0.6505284423818466,0.0
long_max_Tlast,B,0.9599310885968813,0.3055555555555556,5514,-263.1746610831178,-0.0838349149782065,0.6167265904109924,0.6457017047519396,0.46820090336819736
long_max_Tlast,B,0.9599310885968813,0.3055555555555556,5515,-263.2005440453835,-0.0018297185708986974,0.6360863962709729,0.6505257193437417,0.0
long_max_Tlast,B,0.9599310885968813,0.3055555555555556,5516,-263.423797848066,-0.15674166330281294,0.6167259377005925,0.6457011028242889,0.46820067011209787
long_max_Tlast,B,0.9599310885968813,0.3055555555555556,5517,-263.6672328158802,-0.3369719738322784,0.6360848478622808,0.6505246119790238,0.0
long_max_Tlast,B,0.9599310885968813,0.3055555555555556,5518,-263.6699032749694,-0.22820831303001554,0.616722040747712,0.6456980773408568,0.4681971252840037
long_max_Tlast,B,0.9599310885968813,0.3055555555555556,5519,-264.0591744434845,-0.6046289695764501,0.6360848164155299,0.6505245936074926,0.0
long_max_Tlast,B,0.9599310885968813,0.3055555555555556,5520,-263.8577765025115,-0.2720485088768554,0.6167189724654661,0.6456956317817067,0.4681946105030159
long_max_Tlast,B,0.9599310885968813,0.3055555555555556,5521,-264.2677478608533,-0.7067281884829268,0.6360823176443063,0.6505227888943025,0.0
long_max_Tlast,B,0.9599310885968813,0.3055555555555556,5522,-263.9535551921966,-0.27219454385670794,0.6167188350784364,0.6456954810622841,0.46819467119276836
long_max_Tlast,B,0.9599310885968813,0.3055555555555556,5523,-264.2515029094785,-0.6058602378180711,0.6360787727376063,0.6505201100422281,0.0
long_max_Tlast,B,0.9599310885968813,0.3055555555555556,5524,-263.9571489783983,-0.22859833933666127,0.6167174979964869,0.6456944674817705,0.4681933431423648
long_max_Tlast,B,0.9599310885968813,0.3055555555555556,5525,-264.05136871845934,-0.33898492479067033,0.6360777604400262,0.6505192952103769,0.0
long_max_Tlast,B,0.9599310885968813,0.3055555555555556,5526,-263.9022158684986,-0.1572332697353619,0.6167139884152987,0.6456913537992228,0.46819167283860486
long_max_Tlast,B,0.9599310885968813,0.3055555555555556,5527,-263.77568369105455,-0.0038949680846128154,0.6360775593863451,0.650519144586867,0.0
long_max_Tlast,B,0.9599310885968813,0.3055555555555556,5528,-263.843852540566,-0.08424554424966557,0.6167117811289626,0.6456893126524629,0.4681909725031702
long_max_Tlast,B,0.9599310885968813,0.3055555555555556,5529,-263.5604449603624,0.2766261773222088,0.6360749614772341,0.6505170905445664,0.0
long_max_Tlast,B,0.9599310885968813,0.3055555555555556,5530,-263.8384493465267,-0.03638508345300026,0.6167117072609157,0.6456892704410878,0.46819084911835535
long_max_Tlast,B,0.9599310885968813,0.3055555555555556,5531,-263.51948928751364,0.3997911773859125,0.6360716787902752,0.6505145720298151,0.0
long_max_Tlast,B,0.9599310885968813,0.3055555555555556,5532,-263.92296857492374,-0.031186392054315115,0.6167103708319956,0.6456879878368477,0.46819057001437675
long_max_Tlast,B,0.9599310885968813,0.3055555555555556,5533,-263.7028168745511,0.320468475689336,0.6360708797306562,0.6505140208994082,0.0
long_max_Tlast,B,0.9599310885968813,0.3055555555555556,5534,-264.10141186610963,-0.07055223066960342,0.6167064777620181,0.6456847698481938,0.4681877948750167
long_max_Tlast,B,0.9599310885968813,0.3055555555555556,5535,-264.07823677362376,0.06772774702713985,0.6360705279096402,0.6505137345399478,0.0
long_max_Tlast,B,0.9599310885968813,0.3055555555555556,5536,-264.3433831510273,-0.14006198576014983,0.6167041376723721,0.6456830345231774,0.4681853679633819
long_max_Tlast,B,0.9599310885968813,0.3055555555555556,5537,-264.5431667908176,-0.2658203410559642,0.6360674132223387,0.6505114402558879,0.0
long_max_Tlast,B,0.9599310885968813,0.3055555555555556,5538,-264.59520012730223,-0.2142420819047527,0.6167042166890843,0.6456831014600494,0.4681854128589821
long_max_Tlast,B,0.9599310885968813,0.3055555555555556,5539,-264.96222853208735,-0.5579591682417444,0.6360642766514287,0.6505091543387179,0.0
long_max_Tlast,B,0.9599310885968813,0.3055555555555556,5540,-264.7995821279094,-0.26591269094044323,0.616702066733276,0.6456814515612898,0.4681833584311623
long_max_Tlast,B,0.9599310885968813,0.3055555555555556,5541,-265.2168473188346,-0.701640878176101,0.636064004637425,0.6505089225449069,0.0
long_max_Tlast,B,0.9599310885968813,0.3055555555555556,5542,-264.9166214587524,-0.27614320375045565,0.6166982495698929,0.6456783231149769,0.468180533138624
long_max_Tlast,B,0.9599310885968813,0.3055555555555556,5543,-265.2487230271486,-0.6442198084835933,0.6360634039533327,0.6505084849487048,0.0
long_max_Tlast,B,0.9599310885968813,0.3055555555555556,5544,-264.9384001045017,-0.24118004001201826,0.6166971159774022,0.6456771718540294,0.46818057994307305
long_max_Tlast,B,0.9599310885968813,0.3055555555555556,5545,-265.08116022534455,-0.40673924793530425,0.6360603120624577,0.6505061139388165,0.0
long_max_Tlast,B,0.9599310885968813,0.3055555555555556,5546,-264.8919395441001,-0.17383839127151526,0.6166973274510508,0.6456773267395972,0.4681807960125438
long_max_Tlast,B,0.9599310885968813,0.3055555555555556,5547,-264.8105237896841,-0.07621544037363243,0.6360579542769806,0.6505042361091116,0.0
long_max_Tlast,B,0.9599310885968813,0.3055555555555556,5548,-264.82925242440194,-0.09879515166276229,0.6166953581454344,0.645675530763261,0.4681800220698746
long_max_Tlast,B,0.9599310885968813,0.3055555555555556,5549,-264.5709770338231,0.22623890565032478,0.6360580211755468,0.6505042918454281,0.0
long_max_Tlast,B,0.9599310885968813,0.3055555555555556,5550,-264.80826931112364,-0.04354231510899781,0.616692215746125,0.645672705756778,0.4681786732847382
long_max_Tlast,B,0.9599310885968813,0.3055555555555556,5551,-264.48528483206763,0.38979934180110437,0.6360573312068684,0.6505037339678637,0.0
long_max_Tlast,B,0.9599310885968813,0.3055555555555556,5552,-264.87167257964495,-0.028329732805660868,0.6166911877419137,0.6456719866302939,0.4681774388042726
long_max_Tlast,B,0.9599310885968813,0.3055555555555556,5553,-264.61981348114057,0.3545374376906256,0.6360542212631924,0.6505013658827324,0.0
long_max_Tlast,B,0.9599310885968813,0.3055555555555556,5554,-265.0312207080232,-0.0587312831321157,0.6166914005042224,0.6456721879220431,0.4681774689216459
long_max_Tlast,B,0.9599310885968813,0.3055555555555556,5555,-264.9602534861023,0.13337225291202032,0.6360521243535198,0.6504998826407401,0.0
long_max_Tlast,B,0.9599310885968813,0.3055555555555556,5556,-265.26342508961864,-0.12360370769575144,0.6166889452737088,0.6456701951243177,0.46817554733692823
long_max_Tlast,B,0.9599310885968813,0.3055555555555556,5557,-265.4168465856992,-0.19265463770331082,0.6360525392468771,0.650500212987455,0.0
long_max_Tlast,B,0.9599310885968813,0.3055555555555556,5558,-265.5181863169151,-0.1991803315978986,0.6166855779247561,0.6456676252506293,0.4681723127199021
long_max_Tlast,B,0.9599310885968813,0.3055555555555556,5559,-265.8572714436972,-0.5040788739455975,0.6360516075400047,0.6504995242207602,0.0
long_max_Tlast,B,0.9599310885968813,0.3055555555555556,5560,-265.7371320945224,-0.2577655650035628,0.6166854756587543,0.6456674905036928,0.46817244035869976
long_max_Tlast,B,0.9599310885968813,0.3055555555555556,5561,-266.15513206651457,-0.6867921763856462,0.6360485408934715,0.6504972550317947,0.0
long_max_Tlast,B,0.9599310885968813,0.3055555555555556,5562,-265.8750258239323,-0.2778921446881518,0.6166858162775121,0.6456677384701264,0.4681727885102989
long_max_Tlast,B,0.9599310885968813,0.3055555555555556,5563,-266.23625825215083,-0.6738438709382335,0.636047400850536,0.6504963204258938,0.0
long_max_Tlast,B,0.9599310885968813,0.3055555555555556,5564,-265.9163315898318,-0.25218964238963376,0.6166834089373124,0.6456657093731872,0.468171197709125
long_max_Tlast,B,0.9599310885968813,0.3055555555555556,5565,-266.1059158580151,-0.4699789491030999,0.6360482402905578,0.6504969129405112,0.0
long_max_Tlast,B,0.9599310885968813,0.3055555555555556,5566,-265.88087576721125,-0.19007092134159811,0.6166814021005768,0.6456637531601885,0.46817093210889205
long_max_Tlast,B,0.9599310885968813,0.3055555555555556,5567,-265.8468591160932,-0.14990007899827695,0.6360472575988556,0.6504961421259444,0.0
long_max_Tlast,B,0.9599310885968813,0.3055555555555556,5568,-265.81663973734175,-0.11429861597085228,0.6166819313611543,0.6456641472114324,0.4681714770161718
long_max_Tlast,B,0.9599310885968813,0.3055555555555556,5569,-265.5889748602157,0.1691122542766067,0.6360447041847175,0.6504941268103559,0.0
long_max_Tlast,B,0.9599310885968813,0.3055555555555556,5570,-265.78216102545997,-0.05264104240855799,0.6166822017139044,0.6456643898112576,0.4681715608761525
long_max_Tlast,B,0.9599310885968813,0.3055555555555556,5571,-265.46174029980745,0.3701653457359811,0.6360440965652201,0.650493705647604,0.0
long_max_Tlast,B,0.9599310885968813,0.3055555555555556,5572,-265.8250365648816,-0.027685244422444688,0.6166799566072122,0.6456624179180896,0.46817038751178114
long_max_Tlast,B,0.9599310885968813,0.3055555555555556,5573,-265.54677271807657,0.3795894231771785,0.6360450740098728,0.6504944850080334,0.0
long_max_Tlast,B,0.9599310885968813,0.3055555555555556,5574,-265.9645368311973,-0.04857736959583939,0.6166778857268613,0.6456609071343307,0.46816812604677743
long_max_Tlast,B,0.9599310885968813,0.3055555555555556,5575,-265.8478873673218,0.19393499329885588,0.6360439740571936,0.65049364702915,0.0
long_max_Tlast,B,0.9599310885968813,0.3055555555555556,5576,-266.184538959614,-0.10766373418541103,0.6166787332701438,0.6456617520644129,0.4681681559142947
long_max_Tlast,B,0.9599310885968813,0.3055555555555556,5577,-266.2897289774592,-0.11877265724791553,0.6360415469267392,0.6504919026431675,0.0
long_max_Tlast,B,0.9599310885968813,0.3055555555555556,5578,-266.4394077345496,-0.18328989555277808,0.6166790482563654,0.6456619907324058,0.46816842988881613
long_max_Tlast,B,0.9599310885968813,0.3055555555555556,5579,-266.745381482831,-0.4439517733879742,0.6360417181289145,0.6504920416029109,0.0
long_max_Tlast,B,0.9599310885968813,0.3055555555555556,5580,-266.6707392610974,-0.24774851585108865,0.6166766257796943,0.6456600932470676,0.46816626891459323
long_max_Tlast,B,0.9599310885968813,0.3055555555555556,5581,-267.08286978695594,-0.662448291143656,0.6360430641952466,0.6504930044249179,0.0
long_max_Tlast,B,0.9599310885968813,0.3055555555555556,5582,-266.82874232871234,-0.2774192221028106,0.6166758529426386,0.645659309973857,0.4681662839369414
long_max_Tlast,B,0.9599310885968813,0.3055555555555556,5583,-267.2135218433167,-0.6942040543926813,0.6360419215364923,0.6504921405967856,0.0
long_max_Tlast,B,0.9599310885968813,0.3055555555555556,5584,-266.89050415019943,-0.26142732585241285,0.6166777182396646,0.6456606811039554,0.46816826778670106
long_max_Tlast,B,0.9599310885968813,0.3055555555555556,5585,-267.12443270917936,-0.5275825781004503,0.6360403129805637,0.6504908379317879,0.0
long_max_Tlast,B,0.9599310885968813,0.3055555555555556,5586,-266.8683945678203,-0.2056377875128767,0.616677966593355,0.6456608839242901,0.4681684156844196
long_max_Tlast,B,0.9599310885968813,0.3055555555555556,5587,-266.8832263737199,-0.2236354399301388,0.6360413025927946,0.6504915320189246,0.0
long_max_Tlast,B,0.9599310885968813,0.3055555555555556,5588,-266.8054796258279,-0.1304893344661232,0.6166762858083171,0.6456592888812307,0.46816800048316276
long_max_Tlast,B,0.9599310885968813,0.3055555555555556,5589,-266.6132864935953,0.10626350648164973,0.6360426570703551,0.6504925818314635,0.0
long_max_Tlast,B,0.9599310885968813,0.3055555555555556,5590,-266.7597861562256,-0.06351575181534258,0.6166760935348842,0.6456591401722823,0.4681678233770463
long_max_Tlast,B,0.9599310885968813,0.3055555555555556,5591,-266.44849435556534,0.34123568360455603,0.6360415946636682,0.650491744233681,0.0
long_max_Tlast,B,0.9599310885968813,0.3055555555555556,5592,-266.78306155712,-0.029262474909132252,0.616677815995015,0.6456607842331435,0.46816816836698283
long_max_Tlast,B,0.9599310885968813,0.3055555555555556,5593,-266.4842043402315,0.3951831825045298,0.6360403599269142,0.6504908666901319,0.0
long_max_Tlast,B,0.9599310885968813,0.3055555555555556,5594,-266.9017514534285,-0.040276518999377925,0.6166780169507605,0.6456609447648634,0.4681682945358019
long_max_Tlast,B,0.9599310885968813,0.3055555555555556,5595,-266.74232684945497,0.248336536450821,0.6360417872104905,0.6504920275743947,0.0
long_max_Tlast,B,0.9599310885968813,0.3055555555555556,5596,-267.1073381425505,-0.09252192456580255,0.6166761702707821,0.6456595637671668,0.4681663928728422
long_max_Tlast,B,0.9599310885968813,0.3055555555555556,5597,-267.16326278833515,-0.04549410179368446,0.6360433015837704,0.6504931434276283,0.0
long_max_Tlast,B,0.9599310885968813,0.3055555555555556,5598,-267.35947902361596,-0.16685783867664084,0.6166766366973434,0.645660066648737,0.4681662651865811
long_max_Tlast,B,0.9599310885968813,0.3055555555555556,5599,-267.62775245100534,-0.3786451608412512,0.6360422212612621,0.6504923517580591,0.0
long_max_Tlast,B,0.9599310885968813,0.3055555555555556,5600,-267.6007654115465,-0.23604194209978036,0.6166792602571141,0.6456620900037271,0.4681686804451171
long_max_Tlast,B,0.9599310885968813,0.3055555555555556,5601,-268.00057642617514,-0.62904567287041,0.6360417774607244,0.6504919976496185,0.0
long_max_Tlast,B,0.9599310885968813,0.3055555555555556,5602,-267.7777749568651,-0.2747265223727138,0.6166794165453738,0.6456622038757411,0.4681688154905866
long_max_Tlast,B,0.9599310885968813,0.3055555555555556,5603,-268.1801045442824,-0.7049409770424818,0.6360440904846777,0.6504936451152796,0.0
long_max_Tlast,B,0.9599310885968813,0.3055555555555556,5604,-267.8606214831681,-0.26873716043589896,0.6166784709535187,0.6456612739580327,0.4681687085671442
long_max_Tlast,B,0.9599310885968813,0.3055555555555556,5605,-268.1355502386227,-0.5785227094485984,0.6360455765288601,0.6504947554000163,0.0
long_max_Tlast,B,0.9599310885968813,0.3055555555555556,5606,-267.85391864096107,-0.22026357147703218,0.6166801940653494,0.645662508663393,0.468170676628258
long_max_Tlast,B,0.9599310885968813,0.3055555555555556,5607,-267.91821235283334,-0.29611244317875574,0.6360447489498957,0.6504940860128178,0.0
long_max_Tlast,B,0.9599310885968813,0.3055555555555556,5608,-267.7951270675966,-0.14707211549612628,0.6166826270457413,0.6456646493269831,0.46817187607388766
long_max_Tlast,B,0.9599310885968813,0.3055555555555556,5609,-267.6426940256719,0.038812278931057265,0.6360450134881026,0.6504942591892791,0.0
long_max_Tlast,B,0.9599310885968813,0.3055555555555556,5610,-267.74076722350804,-0.07598063272402336,0.6166827048549212,0.6456647116168011,0.4681719043003763
long_max_Tlast,B,0.9599310885968813,0.3055555555555556,5611,-267.4449506455697,0.30352671991860136,0.6360474965766771,0.650496220880444,0.0
long_max_Tlast,B,0.9599310885968813,0.3055555555555556,5612,-267.74571890463994,-0.033034119052915645,0.616681978925977,0.6456641604690551,0.46817118812525516
long_max_Tlast,B,0.9599310885968813,0.3055555555555556,5613,-267.4324237082525,0.4010355516412352,0.6360488759378974,0.6504972732421405,0.0
long_max_Tlast,B,0.9599310885968813,0.3055555555555556,5614,-267.8431656714266,-0.033973838767094644,0.6166836995543784,0.6456658695513208,0.46817128878678227
long_max_Tlast,B,0.9599310885968813,0.3055555555555556,5615,-267.6446708228245,0.2956101957616927,0.6360481269120014,0.6504967319856936,0.0
long_max_Tlast,B,0.9599310885968813,0.3055555555555556,5616,-268.0323878247691,-0.07845356086840666,0.616686417791638,0.6456681251854218,0.46817316313506857
long_max_Tlast,B,0.9599310885968813,0.3055555555555556,5617,-268.03890808821836,0.025876741946063875,0.6360489297222066,0.6504974037843787,0.0
long_max_Tlast,B,0.9599310885968813,0.3055555555555556,5618,-268.27902416195235,-0.15017329393753318,0.616686457751818,0.6456681469034503,0.4681732079954284
long_max_Tlast,B,0.9599310885968813,0.3055555555555556,5619,-268.5056657429257,-0.3093275779471444,0.6360520170369042,0.650499669830587,0.0
long_max_Tlast,B,0.9599310885968813,0.3055555555555556,5620,-268.5276847212464,-0.22285709161043887,0.6166863324894243,0.6456680674966611,0.46817302159559426
long_max_Tlast,B,0.9599310885968813,0.3055555555555556,5621,-268.9088994039969,-0.5871770204650631,0.6360533560122072,0.6505006382515099,0.0
long_max_Tlast,B,0.9599310885968813,0.3055555555555556,5622,-268.72223203487886,-0.26986806931361756,0.6166894497560541,0.6456704214620265,0.4681761105880188
long_max_Tlast,B,0.9599310885968813,0.3055555555555556,5623,-269.13583430111254,-0.705864061580346,0.6360529248686724,0.6505002906788346,0.0
long_max_Tlast,B,0.9599310885968813,0.3055555555555556,5624,-268.82637413267724,-0.2739815017996775,0.6166922213595183,0.6456726698860243,0.4681782236460462
long_max_Tlast,B,0.9599310885968813,0.3055555555555556,5625,-269.1382862535641,-0.6218956224687582,0.6360546373744731,0.6505014957798523,0.0
long_max_Tlast,B,0.9599310885968813,0.3055555555555556,5626,-268.8369345673609,-0.2336927327994502,0.616692217766266,0.6456726600153322,0.4681782235985498
long_max_Tlast,B,0.9599310885968813,0.3055555555555556,5627,-268.95035264475564,-0.36603857190902633,0.63605779810935,0.6505039011982234,0.0
long_max_Tlast,B,0.9599310885968813,0.3055555555555556,5628,-268.78500277400127,-0.16375852755844417,0.616692863480266,0.6456730928430928,0.46817908013051074
long_max_Tlast,B,0.9599310885968813,0.3055555555555556,5629,-268.675883433655,-0.03204426879195771,0.636058837959106,0.6505047167880263,0.0
long_max_Tlast,B,0.9599310885968813,0.3055555555555556,5630,-268.72460476198614,-0.08980701331707991,0.6166957727361719,0.6456757359298176,0.4681802153315692
long_max_Tlast,B,0.9599310885968813,0.3055555555555556,5631,-268.45041006087035,0.25770787381268373,0.6360586526706524,0.6505045748900945,0.0
long_max_Tlast,B,0.9599310885968813,0.3055555555555556,5632,-268.7128672447745,-0.0389376256360251,0.6166980860832946,0.6456778111541948,0.4681811971232713
long_max_Tlast,B,0.9599310885968813,0.3055555555555556,5633,-268.3915403004521,0.3970442777668053,0.6360606452290408,0.6505061770553209,0.0
long_max_Tlast,B,0.9599310885968813,0.3055555555555556,5634,-268.7890523734883,-0.029784943090864213,0.616698056822521,0.6456777842499687,0.46818117130914305
long_max_Tlast,B,0.9599310885968813,0.3055555555555556,5635,-268.5558418463239,0.3349081216292344,0.6360638720978525,0.6505086318694103,0.0
long_max_Tlast,B,0.9599310885968813,0.3055555555555556,5636,-268.9602293153159,-0.06570626951798009,0.6166988415179022,0.645678616054242,0.46818102080731294
long_max_Tlast,B,0.9599310885968813,0.3055555555555556,5637,-268.9180855210259,0.0940683545113481,0.6360648155488693,0.650509302454742,0.0
long_max_Tlast,B,0.9599310885968813,0.3055555555555556,5638,-269.19866667559904,-0.1335393577643187,0.6167025364947737,0.6456816173784076,0.46818385472953905
long_max_Tlast,B,0.9599310885968813,0.3055555555555556,5639,-269.38051799520986,-0.23723025693247346,0.6360649007729805,0.650509385887917,0.0
long_max_Tlast,B,0.9599310885968813,0.3055555555555556,5640,-269.4519770192485,-0.2084258607197716,0.6167050749227331,0.6456835616689022,0.46818624150723703
long_max_Tlast,B,0.9599310885968813,0.3055555555555556,5641,-269.80867627383486,-0.5375921260509582,0.636067677100191,0.6505114050550795,0.0
long_max_Tlast,B,0.9599310885968813,0.3055555555555556,5642,-269.6623257256404,-0.2629296992803525,0.6167050508938049,0.6456835379019642,0.46818623068921056
long_max_Tlast,B,0.9599310885968813,0.3055555555555556,5643,-270.0806626891208,-0.6969556829622956,0.6360709580229981,0.6505138181968172,0.0
long_max_Tlast,B,0.9599310885968813,0.3055555555555556,5644,-269.7876055829172,-0.27707616153498016,0.6167069075165829,0.6456849031279157,0.4681882261911908
long_max_Tlast,B,0.9599310885968813,0.3055555555555556,5645,-270.13180231939384,-0.6569279924509982,0.6360715596743894,0.6505142920879868,0.0
long_max_Tlast,B,0.9599310885968813,0.3055555555555556,5646,-269.8169012123381,-0.2456804298330769,0.6167106663668652,0.6456880319453387,0.46819081251213146
long_max_Tlast,B,0.9599310885968813,0.3055555555555556,5647,-269.97831912248256,-0.4321726968255348,0.6360720481063069,0.6505146286778587,0.0
long_max_Tlast,B,0.9599310885968813,0.3055555555555556,5648,-269.77447729995936,-0.18025113432835996,0.6167123244886203,0.6456895963354286,0.468191212738707
long_max_Tlast,B,0.9599310885968813,0.3055555555555556,5649,-269.7114382222486,-0.10504330732412148,0.6360749878200026,0.6505168994106946,0.0
long_max_Tlast,B,0.9599310885968813,0.3055555555555556,5650,-269.7108382366481,-0.10475799443722955,0.6167123269920348,0.6456895944805225,0.4681912285445047
long_max_Tlast,B,0.9599310885968813,0.3055555555555556,5651,-269.4639523464144,0.20459115486701812,0.636077801759533,0.6505191062695165,0.0
long_max_Tlast,B,0.9599310885968813,0.3055555555555556,5652,-269.6842831723542,-0.04686354076349075,0.6167140853287653,0.6456912538418358,0.4681916897299592
long_max_Tlast,B,0.9599310885968813,0.3055555555555556,5653,-269.36151407326656,0.3832756009079326,0.6360782054835001,0.6505193985472228,0.0
long_max_Tlast,B,0.9599310885968813,0.3055555555555556,5654,-269.73954755325013,-0.02778586231452529,0.616717598995717,0.6456943444364306,0.46819345723970407
long_max_Tlast,B,0.9599310885968813,0.3055555555555556,5655,-269.4766359402596,0.3655334796773897,0.6360788754993185,0.6505199524687449,0.0
long_max_Tlast,B,0.9599310885968813,0.3055555555555556,5656,-269.8913547185018,-0.054511109575212935,0.6167193096225961,0.6456956360212341,0.46819513893352804
long_max_Tlast,B,0.9599310885968813,0.3055555555555556,5657,-269.80213178139786,0.15786300768713046,0.6360821422653822,0.6505224179886404,0.0
long_max_Tlast,B,0.9599310885968813,0.3055555555555556,5658,-270.11905588685534,-0.11724844072591539,0.6167193347008156,0.6456956699294508,0.46819511308632283
long_max_Tlast,B,0.9599310885968813,0.3055555555555556,5659,-270.2537171954478,-0.1636387834382439,0.6360848963822167,0.6505244025334328,0.0
long_max_Tlast,B,0.9599310885968813,0.3055555555555556,5660,-270.37420255588165,-0.19301104718293527,0.616721922910078,0.6456977246123904,0.46819730402283233
long_max_Tlast,B,0.9599310885968813,0.3055555555555556,5661,-270.7009027068849,-0.481168691658894,0.636085042002424,0.6505245055878481,0.0
long_max_Tlast,B,0.9599310885968813,0.3055555555555556,5662,-270.59828782669786,-0.2540340045328743,0.6167258279722003,0.6457007715978955,0.468200787282288
long_max_Tlast,B,0.9599310885968813,0.3055555555555556,5663,-271.014803922069,-0.6783763010998332,0.6360861495833287,0.6505253047426554,0.0
long_max_Tlast,B,0.9599310885968813,0.3055555555555556,5664,-270.74419504909827,-0.27796091714745624,0.6167267477467892,0.6457016129334782,0.4682011136648818
long_max_Tlast,B,0.9599310885968813,0.3055555555555556,5665,-271.1153833154166,-0.6829961365096107,0.6360895675154926,0.6505278494141891,0.0
long_max_Tlast,B,0.9599310885968813,0.3055555555555556,5666,-270.7934286551895,-0.25602285012781023,0.6167268807647829,0.645701710620452,0.46820126948627083
long_max_Tlast,B,0.9599310885968813,0.3055555555555556,5667,-271.00078514238464,-0.49333614510415835,0.636091574164204,0.6505294404406218,0.0
long_max_Tlast,B,0.9599310885968813,0.3055555555555556,5668,-270.76292386109094,-0.19625483198891017,0.6167295049946997,0.6457039567166278,0.4682028555365425
long_max_Tlast,B,0.9599310885968813,0.3055555555555556,5669,-270.7479700496805,-0.17889046233119021,0.6360914399245091,0.6505293598494921,0.0
long_max_Tlast,B,0.9599310885968813,0.3055555555555556,5670,-270.6988673228575,-0.12056265734670796,0.616732347491263,0.6457066070120536,0.468203696856877
long_max_Tlast,B,0.9599310885968813,0.3055555555555556,5671,-270.48454644767105,0.14512213663473605,0.6360926790769491,0.650530336410736,0.0
long_max_Tlast,B,0.9599310885968813,0.3055555555555556,5672,-270.6597050890913,-0.05667913771258673,0.6167328591636535,0.6457070429765241,0.4682040054627086
long_max_Tlast,B,0.9599310885968813,0.3055555555555556,5673,-270.3420435821874,0.3599725713414264,0.6360958470540505,0.650532807255891,0.0
long_max_Tlast,B,0.9599310885968813,0.3055555555555556,5674,-270.6947536931757,-0.02801044551979681,0.6167330105922668,0.6457071983770784,0.4682040172885777
long_max_Tlast,B,0.9599310885968813,0.3055555555555556,5675,-270.40766232486226,0.38693521306912576,0.6360975108385202,0.6505340133681552,0.0
long_max_Tlast,B,0.9599310885968813,0.3055555555555556,5676,-270.82617070661286,-0.045066488693465745,0.6167357653480169,0.6457095725993199,0.4682056176502865
long_max_Tlast,B,0.9599310885968813,0.3055555555555556,5677,-270.69233086320907,0.2161289077297307,0.6360972411361137,0.6505337860917213,0.0
long_max_Tlast,B,0.9599310885968813,0.3055555555555556,5678,-271.04078809128487,-0.10159456761332064,0.6167389016788775,0.6457119587350799,0.4682086537252929
long_max_Tlast,B,0.9599310885968813,0.3055555555555556,5679,-271.12672789625236,-0.08986227094387483,0.6360987717027993,0.6505349348754151,0.0
long_max_Tlast,B,0.9599310885968813,0.3055555555555556,5680,-271.2949446543557,-0.17688168169919863,0.6167390399298834,0.6457119917677618,0.4682090724797612
long_max_Tlast,B,0.9599310885968813,0.3055555555555556,5681,-271.5866670291101,-0.4189130361904194,0.6361020139497859,0.6505372906533451,0.0
long_max_Tlast,B,0.9599310885968813,0.3055555555555556,5682,-271.5304923493214,-0.24334356534387008,0.6167393452490352,0.6457122344259183,0.4682093535243611
long_max_Tlast,B,0.9599310885968813,0.3055555555555556,5683,-271.938605310615,-0.650451277821587,0.6361029692654071,0.6505380196507743,0.0
long_max_Tlast,B,0.9599310885968813,0.3055555555555556,5684,-271.6960989300786,-0.2766226246518126,0.6167424246260345,0.6457146838979554,0.4682119395803601
long_max_Tlast,B,0.9599310885968813,0.3055555555555556,5685,-272.0885599043536,-0.6996364266324504,0.636102428345199,0.6505376457709074,0.0
long_max_Tlast,B,0.9599310885968813,0.3055555555555556,5686,-271.7660835252483,-0.2645275640903664,0.6167443489145166,0.6457164695796433,0.468212541977056
long_max_Tlast,B,0.9599310885968813,0.3055555555555556,5687,-272.0165549648483,-0.5484420368317491,0.6361040932461866,0.6505389052482711,0.0
long_max_Tlast,B,0.9599310885968813,0.3055555555555556,5688,-271.74978263897265,-0.21149143039892407,0.6167436651164068,0.6457160365353485,0.46821154517516006
long_max_Tlast,B,0.9599310885968813,0.3055555555555556,5689,-271.7839772860851,-0.25227037313942213,0.6361066704498181,0.6505409480984438,0.0
long_max_Tlast,B,0.9599310885968813,0.3055555555555556,5690,-271.68813108976485,-0.1369428506892784,0.61674400840819,0.6457163470703391,0.4682117164123203
long_max_Tlast,B,0.9599310885968813,0.3055555555555556,5691,-271.5110357873326,0.08035344645374443,0.636106940252652,0.6505411843104358,0.0
long_max_Tlast,B,0.9599310885968813,0.3055555555555556,5692,-271.63872296718364,-0.06820286859604688,0.6167464848240083,0.6457186262280962,0.4682125887919871
long_max_Tlast,B,0.9599310885968813,0.3055555555555556,5693,-271.3327073333095,0.32754902595547963,0.6361063488378143,0.6505407210936484,0.0
long_max_Tlast,B,0.9599310885968813,0.3055555555555556,5694,-271.6546556440537,-0.03045991923543323,0.616748072439272,0.6457198962498212,0.46821388202184533
long_max_Tlast,B,0.9599310885968813,0.3055555555555556,5695,-271.3493302207351,0.39873407786423254,0.6361080321595897,0.650542029897214,0.0
long_max_Tlast,B,0.9599310885968813,0.3055555555555556,5696,-271.76505686622704,-0.03754014670667097,0.6167473860405568,0.6457191621184862,0.46821406180387465
long_max_Tlast,B,0.9599310885968813,0.3055555555555556,5697,-271.5898083685509,0.2678247207428579,0.6361104116748404,0.6505437551868118,0.0
long_max_Tlast,B,0.9599310885968813,0.3055555555555556,5698,-271.96446150604595,-0.08685361522368759,0.6167478341280086,0.6457195477959573,0.46821435486773355
long_max_Tlast,B,0.9599310885968813,0.3055555555555556,5699,-272.00100286925095,-0.017209651732463194,0.6361101957402183,0.6505435278690025,0.0
long_max_Tlast,B,0.9599310885968813,0.3055555555555556,5700,-272.21479171903536,-0.16032914401533527,0.6167506842595007,0.6457217354938017,0.4682170568889049
long_max_Tlast,B,0.9599310885968813,0.3055555555555556,5701,-272.467223478686,-0.3519282617317785,0.6361094455215432,0.6505429853651142,0.0
long_max_Tlast,B,0.9599310885968813,0.3055555555555556,5702,-272.45930760782863,-0.2310422429167605,0.6167515226258503,0.6457223783647413,0.46821784885045226
long_max_Tlast,B,0.9599310885968813,0.3055555555555556,5703,-272.85261557954067,-0.6136792926902517,0.6361112494222428,0.650544311332105,0.0
long_max_Tlast,B,0.9599310885968813,0.3055555555555556,5704,-272.6433977388996,-0.2730857122425333,0.6167499794875853,0.6457212392349755,0.4682162356460101
long_max_Tlast,B,0.9599310885968813,0.3055555555555556,5705,-273.0509561078924,-0.7065491439728414,0.6361128673081905,0.6505455702477493,0.0
long_max_Tlast,B,0.9599310885968813,0.3055555555555556,5706,-272.73457518393826,-0.271049630885506,0.6167505228296325,0.6457216886023802,0.468216656128676
long_max_Tlast,B,0.9599310885968813,0.3055555555555556,5707,-273.02455663508044,-0.596510006367494,0.6361117832182,0.650544838072418,0.0
long_max_Tlast,B,0.9599310885968813,0.3055555555555556,5708,-272.7344274363327,-0.22568124523205285,0.6167524460180596,0.6457234833705551,0.4682172355692513
long_max_Tlast,B,0.9599310885968813,0.3055555555555556,5709,-272.8180552564924,-0.32388082448808436,0.6361110141952385,0.6505442640440903,0.0
long_max_Tlast,B,0.9599310885968813,0.3055555555555556,5710,-272.6780073457753,-0.15360854828411918,0.6167521671935174,0.6457234183019631,0.46821639007718896
long_max_Tlast,B,0.9599310885968813,0.3055555555555556,5711,-272.5421120692607,0.011438989160532487,0.6361125728744598,0.6505455012993323,0.0
long_max_Tlast,B,0.9599310885968813,0.3055555555555556,5712,-272.6209492064484,-0.08123558762295219,0.6167506920034679,0.645722080171187,0.46821583085205587
long_max_Tlast,B,0.9599310885968813,0.3055555555555556,5713,-272.33284107706254,0.2865776243101671,0.6361135775935446,0.6505462694350319,0.0
long_max_Tlast,B,0.9599310885968813,0.3055555555555556,5714,-272.6191480837553,-0.03508404179145247,0.6167512098363657,0.6457225574685613,0.46821604255839144
long_max_Tlast,B,0.9599310885968813,0.3055555555555556,5715,-272.3018945465225,0.40071902850802427,0.6361122073810659,0.6505451541314591,0.0
long_max_Tlast,B,0.9599310885968813,0.3055555555555556,5716,-272.7082658811834,-0.032067799209154535,0.6167530982111372,0.645724039147493,0.46821770582538863
long_max_Tlast,B,0.9599310885968813,0.3055555555555556,5717,-272.4955936108762,0.3120363897837698,0.6361114388399562,0.6505445772235617,0.0
long_max_Tlast,B,0.9599310885968813,0.3055555555555556,5718,-272.89062281386975,-0.07328782413657714,0.6167526615439997,0.6457234334642312,0.46821835582832855
long_max_Tlast,B,0.9599310885968813,0.3055555555555556,5719,-272.8779552627116,0.05302511414541178,0.6361129991678083,0.6505457141942989,0.0
long_max_Tlast,B,0.9599310885968813,0.3055555555555556,5720,-273.13438135337566,-0.14364323684705943,0.6167507339390909,0.6457218668179926,0.46821690810785077
long_max_Tlast,B,0.9599310885968813,0.3055555555555556,5721,-273.3438578285487,-0.28140346000679567,0.6361133990913685,0.6505459638999739,0.0
long_max_Tlast,B,0.9599310885968813,0.3055555555555556,5722,-273.3852056353674,-0.21735393271066322,0.6167513866421478,0.6457223804027203,0.4682175059562649
long_max_Tlast,B,0.9599310885968813,0.3055555555555556,5723,-273.75756807300615,-0.568708470668033,0.6361112945489364,0.6505444456247278,0.0
long_max_Tlast,B,0.9599310885968813,0.3055555555555556,5724,-273.58617543534433,-0.2674079039120391,0.6167525569814755,0.645723374958972,0.4682182382533139
long_max_Tlast,B,0.9599310885968813,0.3055555555555556,5725,-274.00246610070155,-0.703613302728569,0.6361105215281079,0.6505438884483132,0.0
long_max_Tlast,B,0.9599310885968813,0.3055555555555556,5726,-273.6986470881824,-0.27546880639287863,0.6167506515041055,0.6457220357353572,0.46821596295018075
long_max_Tlast,B,0.9599310885968813,0.3055555555555556,5727,-274.0238033788935,-0.636683834254236,0.6361117045957739,0.6505448205844071,0.0
long_max_Tlast,B,0.9599310885968813,0.3055555555555556,5728,-273.71637522807924,-0.2385801465589696,0.6167486120560584,0.6457203606147475,0.4682145012053816
long_max_Tlast,B,0.9599310885968813,0.3055555555555556,5729,-273.84876335447154,-0.39244801413895597,0.636111156176948,0.6505444900898345,0.0
long_max_Tlast,B,0.9599310885968813,0.3055555555555556,5730,-273.6678460231051,-0.17025755500369516,0.6167491178336139,0.6457208391201865,0.468214655389674
long_max_Tlast,B,0.9599310885968813,0.3055555555555556,5731,-273.57645545654566,-0.06039952907417234,0.6361088345866052,0.6505427077923239,0.0
long_max_Tlast,B,0.9599310885968813,0.3055555555555556,5732,-273.60585053241334,-0.09554169204075325,0.6167495652892164,0.6457213035747514,0.46821460554300887
long_max_Tlast,B,0.9599310885968813,0.3055555555555556,5733,-273.34163817502343,0.23779013470502308,0.6361081859272547,0.6505422093412492,0.0
long_max_Tlast,B,0.9599310885968813,0.3055555555555556,5734,-273.58807740756424,-0.041806463259326104,0.6167477273682038,0.6457195408751201,0.4682142572134513
long_max_Tlast,B,0.9599310885968813,0.3055555555555556,5735,-273.2653575399779,0.3928543002023651,0.6361091318678205,0.6505429169091677,0.0
long_max_Tlast,B,0.9599310885968813,0.3055555555555556,5736,-273.6560133894335,-0.02874145080810464,0.6167458234762517,0.6457178631346545,0.4682133431182798
long_max_Tlast,B,0.9599310885968813,0.3055555555555556,5737,-273.41054549159117,0.3479763652028044,0.6361081813287165,0.6505420999072915,0.0
long_max_Tlast,B,0.9599310885968813,0.3055555555555556,5738,-273.81976335636125,-0.06113797981394231,0.6167464026335399,0.6457183195139414,0.4682138667432474
long_max_Tlast,B,0.9599310885968813,0.3055555555555556,5739,-273.75897804540716,0.1196004025693147,0.6361055396034125,0.6505401076079806,0.0
long_max_Tlast,B,0.9599310885968813,0.3055555555555556,5740,-274.05430853170367,-0.1271212946419346,0.6167465929028827,0.6457183089112747,0.4682146566936177
long_max_Tlast,B,0.9599310885968813,0.3055555555555556,5741,-274.21796672766453,-0.2085917477925312,0.6361049210252673,0.6505396691395336,0.0
long_max_Tlast,B,0.9599310885968813,0.3055555555555556,5742,-274.308691006876,-0.20251529862050846,0.6167436730813591,0.6457159983362458,0.4682121836147475
long_max_Tlast,B,0.9599310885968813,0.3055555555555556,5743,-274.6543120802444,-0.516338766205018,0.6361055097540594,0.6505401000872445,0.0
long_max_Tlast,B,0.9599310885968813,0.3055555555555556,5744,-274.5246787223807,-0.25969515394174986,0.6167414992106843,0.645714312388159,0.4682102341767768
long_max_Tlast,B,0.9599310885968813,0.3055555555555556,5745,-274.94311981074645,-0.6908763724898705,0.6361035905404332,0.6505387402986696,0.0
long_max_Tlast,B,0.9599310885968813,0.3055555555555556,5746,-274.6581081176645,-0.2777050516907096,0.6167419085613477,0.6457146791656053,0.46821043369816495
long_max_Tlast,B,0.9599310885968813,0.3055555555555556,5747,-275.01354049054095,-0.6682513544864277,0.6361007326416956,0.650536629242011,0.0
long_max_Tlast,B,0.9599310885968813,0.3055555555555556,5748,-274.6950914541022,-0.24995039008088493,0.616740875247486,0.6457140255612006,0.4682089080828284
long_max_Tlast,B,0.9599310885968813,0.3055555555555556,5749,-274.87474687335657,-0.45675303272687257,0.636100278698254,0.6505362810764819,0.0
long_max_Tlast,B,0.9599310885968813,0.3055555555555556,5750,-274.65705450054435,-0.1866007655103175,0.6167377804270326,0.6457114061112862,0.4682069551673283
long_max_Tlast,B,0.9599310885968813,0.3055555555555556,5751,-274.61260124806967,-0.1338830904174631,0.6361003710691124,0.6505363898999662,0.0
long_max_Tlast,B,0.9599310885968813,0.3055555555555556,5752,-274.59290261816403,-0.1108653071489536,0.6167361502580745,0.645709906931102,0.4682064215688989
long_max_Tlast,B,0.9599310885968813,0.3055555555555556,5753,-274.3581431740911,0.1820507922001175,0.6360981332637795,0.6505346344525867,0.0
long_max_Tlast,B,0.9599310885968813,0.3055555555555556,5754,-274.56114758522233,-0.05050073752971207,0.6167364496082349,0.6457101696641596,0.46820658727590303
long_max_Tlast,B,0.9599310885968813,0.3055555555555556,5755,-274.23958108281323,0.37528396756140636,0.6360954401251445,0.6505325400923835,0.0
long_max_Tlast,B,0.9599310885968813,0.3055555555555556,5756,-274.6084109996002,-0.0276244298174656,0.6167354328624659,0.6457090991228371,0.4682067547929179
long_max_Tlast,B,0.9599310885968813,0.3055555555555556,5757,-274.33535329933994,0.3750092633373355,0.6360950703236301,0.6505322753298601,0.0
long_max_Tlast,B,0.9599310885968813,0.3055555555555556,5758,-274.7523449192487,-0.05061619249044294,0.616732167351551,0.6457062691563423,0.4682049535733183
long_max_Tlast,B,0.9599310885968813,0.3055555555555556,5759,-274.6453538319779,0.1813306234734225,0.6360948911421839,0.6505320832004302,0.0
long_max_Tlast,B,0.9599310885968813,0.3055555555555556,5760,-274.97519881994265,-0.11105537773660878,0.6167303682061687,0.6457048879091378,0.4682032862985418
long_max_Tlast,B,0.9599310885968813,0.3055555555555556,5761,-275.090970201983,-0.1347818640579505,0.6360920393595071,0.6505299511704334,0.0
long_max_Tlast,B,0.9599310885968813,0.3055555555555556,5762,-275.23029769724724,-0.18679264739950213,0.6167305743735726,0.6457050273396493,0.46820355884803955
long_max_Tlast,B,0.9599310885968813,0.3055555555555556,5763,-275.54390055984135,-0.45749914189166196,0.6360892147822773,0.6505279047860593,0.0
long_max_Tlast,B,0.9599310885968813,0.3055555555555556,5764,-275.45915671463433,-0.25007657087471064,0.6167284150747039,0.6457033790779456,0.46820147595176853
long_max_Tlast,B,0.9599310885968813,0.3055555555555556,5765,-275.87316027719544,-0.6685676751987183,0.6360889770734655,0.6505277304960105,0.0
long_max_Tlast,B,0.9599310885968813,0.3055555555555556,5766,-275.6129007631952,-0.2777214746917286,0.6167246157859331,0.6457003821418783,0.468198221703904
long_max_Tlast,B,0.9599310885968813,0.3055555555555556,5767,-275.99309756513844,-0.6906485424721442,0.6360881785385866,0.650527182927681,0.0
long_max_Tlast,B,0.9599310885968813,0.3055555555555556,5768,-275.67016391110843,-0.25959325790582277,0.6167233926125606,0.6456992858920414,0.46819770999671173
long_max_Tlast,B,0.9599310885968813,0.3055555555555556,5769,-275.8947515172348,-0.5156542542976144,0.6360849860911317,0.6505247929587854,0.0
long_max_Tlast,B,0.9599310885968813,0.3055555555555556,5770,-275.64496402387647,-0.2023377711357417,0.6167232761800977,0.6456992447657836,0.4681974103386489
long_max_Tlast,B,0.9599310885968813,0.3055555555555556,5771,-275.6491265745993,-0.2077058952988462,0.6360826484477842,0.6505229596357391,0.0
long_max_Tlast,B,0.9599310885968813,0.3055555555555556,5772,-275.5815266244513,-0.12693704896091745,0.6167209984719177,0.6456972461212329,0.4681962288990873
long_max_Tlast,B,0.9599310885968813,0.3055555555555556,5773,-275.38122173639835,0.12035480267284426,0.63608253300686,0.6505228696391149,0.0
long_max_Tlast,B,0.9599310885968813,0.3055555555555556,5774,-275.53805881487244,-0.06101450986588097,0.6167178878169218,0.6456943959499379,0.4681951196204399
long_max_Tlast,B,0.9599310885968813,0.3055555555555556,5775,-275.2241967654288,0.3483187013773207,0.6360815049826811,0.6505220374456115,0.0
long_max_Tlast,B,0.9599310885968813,0.3055555555555556,5776,-275.56548099830843,-0.02872932385416349,0.6167168513199796,0.6456935502320741,0.4681943580814381
long_max_Tlast,B,0.9599310885968813,0.3055555555555556,5777,-275.27055755695767,0.39265783106149227,0.6360782566077435,0.6505195193323889,0.0
long_max_Tlast,B,0.9599310885968813,0.3055555555555556,5778,-275.68873874596045,-0.04191208852638745,0.6167167197681267,0.645693368861352,0.4681945383557708
long_max_Tlast,B,0.9599310885968813,0.3055555555555556,5779,-275.53830071053744,0.23712421029074926,0.6360760430055676,0.6505179071964061,0.0
long_max_Tlast,B,0.9599310885968813,0.3055555555555556,5780,-275.8976412675635,-0.09572850015895232,0.6167139600281555,0.6456910280070152,0.4681927924563747
long_max_Tlast,B,0.9599310885968813,0.3055555555555556,5781,-275.96430660921004,-0.06128889591701364,0.6360760005550827,0.6505178855628153,0.0
long_max_Tlast,B,0.9599310885968813,0.3055555555555556,5782,-276.15062742838245,-0.17046264189138077,0.6167103236367488,0.6456882241019405,0.4681894257290624
long_max_Tlast,B,0.9599310885968813,0.3055555555555556,5783,-276.4274603104916,-0.39323379062991454,0.6360744646570445,0.6505167495755999,0.0
long_max_Tlast,B,0.9599310885968813,0.3055555555555556,5784,-276.3899775819176,-0.23872840996982939,0.6167096126140912,0.6456876714360136,0.4681887955837145
long_max_Tlast,B,0.9599310885968813,0.3055555555555556,5785,-276.79303750168566,-0.6370817788695036,0.6360709144668264,0.6505141577528403,0.0
long_max_Tlast,B,0.9599310885968813,0.3055555555555556,5786,-276.56297706889455,-0.2755106764617945,0.6167090701810484,0.6456872765289787,0.4681881854347281
long_max_Tlast,B,0.9599310885968813,0.3055555555555556,5787,-276.9620570793553,-0.7034812434907943,0.6360692492988331,0.6505128835080226,0.0
long_max_Tlast,B,0.9599310885968813,0.3055555555555556,5788,-276.64122796573815,-0.26733609674610664,0.616705835000903,0.6456846772207613,0.4681855741077371
long_max_Tlast,B,0.9599310885968813,0.3055555555555556,5789,-276.9075780672964,-0.5681026957182953,0.6360693188029701,0.6505129242559221,0.0
long_max_Tlast,B,0.9599310885968813,0.3055555555555556,5790,-276.6310226263122,-0.21719595166042407,0.6167031995605017,0.6456822747093803,0.4681845874004086
long_max_Tlast,B,0.9599310885968813,0.3055555555555556,5791,-276.6845594046334,-0.2805554525976666,0.6360675231497642,0.6505115573431539,0.0
long_max_Tlast,B,0.9599310885968813,0.3055555555555556,5792,-276.57108860708627,-0.14346325628962903,0.616703047375842,0.645682061321063,0.46818482970778286
long_max_Tlast,B,0.9599310885968813,0.3055555555555556,5793,-276.40968708813034,0.05379839854961194,0.6360643940778682,0.650509094916737,0.0
long_max_Tlast,B,0.9599310885968813,0.3055555555555556,5794,-276.51838875119165,-0.07315959358151558,0.616702462016208,0.645681517834304,0.46818462408643435
long_max_Tlast,B,0.9599310885968813,0.3055555555555556,5795,-276.21866313508747,0.3124440548004508,0.6360632050543978,0.6505081869469892,0.0
long_max_Tlast,B,0.9599310885968813,0.3055555555555556,5796,-276.5271995366308,-0.03204072151793377,0.6166995700522679,0.6456788905131889,0.4681834765807632
long_max_Tlast,B,0.9599310885968813,0.3055555555555556,5797,-276.2164797544482,0.40060800705723704,0.6360633001496323,0.6505082638199275,0.0
long_max_Tlast,B,0.9599310885968813,0.3055555555555556,5798,-276.62927272365704,-0.03517462140181504,0.6166969678174932,0.6456768114220576,0.46818135304432595
long_max_Tlast,B,0.9599310885968813,0.3055555555555556,5799,-276.4389107963457,0.2859892821435531,0.636061300406582,0.6505067195419117,0.0
long_max_Tlast,B,0.9599310885968813,0.3055555555555556,5800,-276.8222008961394,-0.0814152146636487,0.6166968766897306,0.6456768487620915,0.46818084604716564
long_max_Tlast,B,0.9599310885968813,0.3055555555555556,5801,-276.83943140340153,0.010585863370632553,0.6360581251791085,0.6505044053228504,0.0
long_max_Tlast,B,0.9599310885968813,0.3055555555555556,5802,-277.0702693004451,-0.15381487919296094,0.6166960058358474,0.6456761252666188,0.4681802142146638
long_max_Tlast,B,0.9599310885968813,0.3055555555555556,5803,-277.3062670553673,-0.32468871906374785,0.6360573681132636,0.6505038817993011,0.0
long_max_Tlast,B,0.9599310885968813,0.3055555555555556,5804,-277.31756563590625,-0.22584779673184147,0.6166924954946504,0.6456734038116357,0.46817699574510885
long_max_Tlast,B,0.9599310885968813,0.3055555555555556,5805,-277.7033435547562,-0.5969804629358171,0.636057519337465,0.6505039848291323,0.0
long_max_Tlast,B,0.9599310885968813,0.3055555555555556,5806,-277.5084522664664,-0.27111915543144194,0.616690609121414,0.6456718333734021,0.46817570523472085
long_max_Tlast,B,0.9599310885968813,0.3055555555555556,5807,-277.92015474311006,-0.7065194351037285,0.6360552405311383,0.6505023050165297,0.0
long_max_Tlast,B,0.9599310885968813,0.3055555555555556,5808,-277.60796609611526,-0.2730377278075052,0.6166911955361765,0.6456722090005274,0.4681765439626864
long_max_Tlast,B,0.9599310885968813,0.3055555555555556,5809,-277.91222969740073,-0.6131692703148917,0.6360526873472051,0.6505003234069479,0.0
long_max_Tlast,B,0.9599310885968813,0.3055555555555556,5810,-277.6146433642617,-0.23090554336564983,0.6166901458271941,0.6456713417440848,0.4681757653674061
long_max_Tlast,B,0.9599310885968813,0.3055555555555556,5811,-277.71745276303966,-0.3511345849799042,0.6360526633322843,0.6505002395986313,0.0
long_max_Tlast,B,0.9599310885968813,0.3055555555555556,5812,-277.5610065517823,-0.16015814615023694,0.6166874560093086,0.6456688670788069,0.4681748201948665
long_max_Tlast,B,0.9599310885968813,0.3055555555555556,5813,-277.4421951543131,-0.016432853841738315,0.636052811638126,0.6505003462529075,0.0
long_max_Tlast,B,0.9599310885968813,0.3055555555555556,5814,-277.50168262628966,-0.08671638129606385,0.616686419003801,0.6456678791992436,0.46817460002895406
long_max_Tlast,B,0.9599310885968813,0.3055555555555556,5815,-277.22229007448436,0.2682964074301336,0.636050665343177,0.6504986530238782,0.0
long_max_Tlast,B,0.9599310885968813,0.3055555555555556,5816,-277.4934127422175,-0.03749582932250467,0.6166869978618469,0.6456684522904164,0.4681746273246492
long_max_Tlast,B,0.9599310885968813,0.3055555555555556,5817,-277.1732865572644,0.3987239813650252,0.6360485216606148,0.6504970433145767,0.0
long_max_Tlast,B,0.9599310885968813,0.3055555555555556,5818,-277.5742031458066,-0.030528409075698926,0.6166859373297797,0.6456674954721264,0.4681741532968284
long_max_Tlast,B,0.9599310885968813,0.3055555555555556,5819,-277.3481349331182,0.3270574571839495,0.6360488033607568,0.6504973287559149,0.0
long_max_Tlast,B,0.9599310885968813,0.3055555555555556,5820,-277.7494229385709,-0.068366054903502,0.6166830035270334,0.6456651805282787,0.468171622222706
long_max_Tlast,B,0.9599310885968813,0.3055555555555556,5821,-277.7177485581374,0.07956036707583913,0.6360489424036271,0.6504974256124464,0.0
long_max_Tlast,B,0.9599310885968813,0.3055555555555556,5822,-277.9898581066931,-0.13714749800686243,0.6166821908251401,0.6456647003191438,0.4681702967977254
long_max_Tlast,B,0.9599310885968813,0.3055555555555556,5823,-278.1816720264999,-0.2530798613963974,0.6360466311738032,0.6504957358959449,0.0
long_max_Tlast,B,0.9599310885968813,0.3055555555555556,5824,-278.2423890165741,-0.2116660289044089,0.6166832277416158,0.6456655153306468,0.46817118085625
long_max_Tlast,B,0.9599310885968813,0.3055555555555556,5825,-278.6048959493376,-0.5489795002574498,0.6360450527738404,0.6504945791157775,0.0
long_max_Tlast,B,0.9599310885968813,0.3055555555555556,5826,-278.4494711451971,-0.26461850820794736,0.616681874893869,0.6456644529858118,0.4681699670681368
long_max_Tlast,B,0.9599310885968813,0.3055555555555556,5827,-278.8673231493321,-0.6997128769763586,0.6360460648076671,0.6504952778877633,0.0
long_max_Tlast,B,0.9599310885968813,0.3055555555555556,5828,-278.57020313326706,-0.27660334457655933,0.6166796743931726,0.6456625480490886,0.46816872743189974
long_max_Tlast,B,0.9599310885968813,0.3055555555555556,5829,-278.9077898975926,-0.6500502904289097,0.6360461795503092,0.6504953527070472,0.0
long_max_Tlast,B,0.9599310885968813,0.3055555555555556,5830,-278.59531776775333,-0.2432245096999474,0.616680232327361,0.6456627779358252,0.4681700308356147
long_max_Tlast,B,0.9599310885968813,0.3055555555555556,5831,-278.7464457591069,-0.41819023818603296,0.6360442085495001,0.6504938064097722,0.0
long_max_Tlast,B,0.9599310885968813,0.3055555555555556,5832,-278.5506142474692,-0.1767168424328116,0.616681383194755,0.6456637374690417,0.46817079347381935
long_max_Tlast,B,0.9599310885968813,0.3055555555555556,5833,-278.47737880627363,-0.08908838394092694,0.6360434849188432,0.6504931870054134,0.0
long_max_Tlast,B,0.9599310885968813,0.3055555555555556,5834,-278.48745327089534,-0.10144996393706901,0.6166802614019229,0.6456626961406008,0.468170408017858
long_max_Tlast,B,0.9599310885968813,0.3055555555555556,5835,-278.2341785251727,0.21666444828439235,0.6360447718373603,0.6504941965147756,0.0
long_max_Tlast,B,0.9599310885968813,0.3055555555555556,5836,-278.4639407307981,-0.04499852944444893,0.6166785915685241,0.6456612392563311,0.46816951162736475
long_max_Tlast,B,0.9599310885968813,0.3055555555555556,5837,-278.14094256108024,0.3870359206143461,0.6360448397433034,0.650494239345393,0.0
long_max_Tlast,B,0.9599310885968813,0.3055555555555556,5838,-278.5236890280593,-0.028051790454778625,0.616679154986598,0.6456619356321475,0.46816900643112186
long_max_Tlast,B,0.9599310885968813,0.3055555555555556,5839,-278.26680128464756,0.35960064293602,0.6360429932267239,0.6504928634778863,0.0
long_max_Tlast,B,0.9599310885968813,0.3055555555555556,5840,-278.67979207521455,-0.05681806632546321,0.6166803625377199,0.6456629868493626,0.46816962959092007
long_max_Tlast,B,0.9599310885968813,0.3055555555555556,5841,-278.600625113609,0.14440888295678467,0.6360427036229042,0.6504927390765443,0.0
long_max_Tlast,B,0.9599310885968813,0.3055555555555556,5842,-278.9100225391776,-0.12075431708311302,0.6166790198779883,0.6456619302030289,0.46816843633963023
long_max_Tlast,B,0.9599310885968813,0.3055555555555556,5843,-279.05508071043965,-0.17968721350749522,0.6360444485978414,0.6504940422055084,0.0
long_max_Tlast,B,0.9599310885968813,0.3055555555555556,5844,-279.16500381897333,-0.196436630753141,0.6166776630558877,0.6456609409779127,0.4681669476909298
long_max_Tlast,B,0.9599310885968813,0.3055555555555556,5845,-279.4986291328859,-0.4939321076337966,0.6360444742022802,0.6504940502926846,0.0
long_max_Tlast,B,0.9599310885968813,0.3055555555555556,5846,-279.38628429095945,-0.25613024003484547,0.6166794479204202,0.6456622750619808,0.46816876559795173
long_max_Tlast,B,0.9599310885968813,0.3055555555555556,5847,-279.8037263084035,-0.6831833566857373,0.6360429988920856,0.6504929368993322,0.0
long_max_Tlast,B,0.9599310885968813,0.3055555555555556,5848,-279.52777266980036,-0.2779625837826708,0.6166808987427174,0.6456634047786051,0.46817004075084956
long_max_Tlast,B,0.9599310885968813,0.3055555555555556,5849,-279.8935513812462,-0.6780933487239726,0.6360437385848359,0.6504934000701619,0.0
long_max_Tlast,B,0.9599310885968813,0.3055555555555556,5850,-279.57260947154197,-0.2539369051529107,0.616679841574143,0.6456624613422198,0.4681695331808673
long_max_Tlast,B,0.9599310885968813,0.3055555555555556,5851,-279.77018412724,-0.48052686863106076,0.6360457868998939,0.6504949195775046,0.0
long_max_Tlast,B,0.9599310885968813,0.3055555555555556,5852,-279.5393277874563,-0.19285141476493683,0.6166797081243534,0.6456621317079889,0.46817029363135265
long_max_Tlast,B,0.9599310885968813,0.3055555555555556,5853,-279.5138161008403,-0.1628770151859511,0.6360457662213473,0.6504948934207144,0.0
long_max_Tlast,B,0.9599310885968813,0.3055555555555556,5854,-279.47511711178834,-0.11709104913080981,0.6166817172810657,0.6456638818922009,0.4681713646281658
long_max_Tlast,B,0.9599310885968813,0.3055555555555556,5855,-279.2533476092069,0.15846620794799238,0.6360447775237033,0.6504941061004719,0.0
long_max_Tlast,B,0.9599310885968813,0.3055555555555556,5856,-279.43850032019833,-0.0544184031927788,0.6166829022452306,0.6456649612683166,0.46817178422017175
long_max_Tlast,B,0.9599310885968813,0.3055555555555556,5857,-279.1192074962704,0.3657553135005086,0.6360459182817917,0.650495043549724,0.0
long_max_Tlast,B,0.9599310885968813,0.3055555555555556,5858,-279.47785597912025,-0.0277928161026606,0.6166819213757927,0.645664136890727,0.468171116813126
long_max_Tlast,B,0.9599310885968813,0.3055555555555556,5859,-279.19554213905695,0.38303515710266844,0.636048034997745,0.6504966839023384,0.0
long_max_Tlast,B,0.9599310885968813,0.3055555555555556,5860,-279.61374804389857,-0.04697319583939069,0.6166818118705479,0.6456642810413835,0.46817012012783604
long_max_Tlast,B,0.9599310885968813,0.3055555555555556,5861,-279.4893529283472,0.2039760087468065,0.6360479718514906,0.6504966281936528,0.0
long_max_Tlast,B,0.9599310885968813,0.3055555555555556,5862,-279.8313752068958,-0.10493219538952514,0.6166843185289864,0.6456664238105397,0.4681716156916641
long_max_Tlast,B,0.9599310885968813,0.3055555555555556,5863,-279.9279621961867,-0.10581461591787811,0.6360472962563228,0.650496175651286,0.0
long_max_Tlast,B,0.9599310885968813,0.3055555555555556,5864,-280.08597226249356,-0.18042918269720357,0.6166857049522858,0.645667490938693,0.46817288120476896
long_max_Tlast,B,0.9599310885968813,0.3055555555555556,5865,-280.3856391932924,-0.43282332127836376,0.6360492546964098,0.6504976142808555,0.0
long_max_Tlast,B,0.9599310885968813,0.3055555555555556,5866,-280.3192327732108,-0.24580410165959365,0.6166848832850743,0.6456668383123081,0.46817217559064905
long_max_Tlast,B,0.9599310885968813,0.3055555555555556,5867,-280.72966798216544,-0.6572256278117488,0.6360516353319543,0.6504993420064845,0.0
long_max_Tlast,B,0.9599310885968813,0.3055555555555556,5868,-280.48065828980424,-0.27709989252913847,0.6166861253125188,0.6456676767538461,0.4681737976471574
long_max_Tlast,B,0.9599310885968813,0.3055555555555556,5869,-280.8689754020389,-0.6967981623243467,0.6360515481400767,0.6504992675973953,0.0
long_max_Tlast,B,0.9599310885968813,0.3055555555555556,5870,-280.54608619146177,-0.2628473467549351,0.6166892415818683,0.6456701484408329,0.4681764104477327
long_max_Tlast,B,0.9599310885968813,0.3055555555555556,5871,-280.78748266161676,-0.5370384331708986,0.6360516011008083,0.6504992358358761,0.0
long_max_Tlast,B,0.9599310885968813,0.3055555555555556,5872,-280.526538922574,-0.20827329397400013,0.6166902812729852,0.6456710761729193,0.4681768528559144
long_max_Tlast,B,0.9599310885968813,0.3055555555555556,5873,-280.5500345582792,-0.23648351138659918,0.6360540356554607,0.6505010701632037,0.0
long_max_Tlast,B,0.9599310885968813,0.3055555555555556,5874,-280.4641405251522,-0.13337037689848252,0.6166899091743985,0.6456706781797384,0.4681769297796953
long_max_Tlast,B,0.9599310885968813,0.3055555555555556,5875,-280.2786355812357,0.09473604432161942,0.6360561783507144,0.6505027460139934,0.0
long_max_Tlast,B,0.9599310885968813,0.3055555555555556,5876,-280.41673448264646,-0.06558384599909461,0.6166913103400771,0.6456719833845326,0.4681773550596651
long_max_Tlast,B,0.9599310885968813,0.3055555555555556,5877,-280.1076992028556,0.33525708668186605,0.6360560819488429,0.6505026656263203,0.0
long_max_Tlast,B,0.9599310885968813,0.3055555555555556,5878,-280.43669505317735,-0.02975640346517766,0.6166941116027909,0.6456745363677001,0.4681784037374921
long_max_Tlast,B,0.9599310885968813,0.3055555555555556,5879,-280.1348358224648,0.39694663743239783,0.6360564326324885,0.6505029973674006,0.0
long_max_Tlast,B,0.9599310885968813,0.3055555555555556,5880,-280.5516799743963,-0.039011783762000346,0.6166951219019824,0.6456753491442503,0.46817918464684083
long_max_Tlast,B,0.9599310885968813,0.3055555555555556,5881,-280.38509910106353,0.25719779554243893,0.6360592059974782,0.6505051385133032,0.0
long_max_Tlast,B,0.9599310885968813,0.3055555555555556,5882,-280.75453142497565,-0.08995960019396157,0.6166947694878115,0.6456751588970506,0.46817853410269744
long_max_Tlast,B,0.9599310885968813,0.3055555555555556,5883,-280.80176953791573,-0.03278086668383873,0.6360614152548538,0.6505067482331106,0.0
long_max_Tlast,B,0.9599310885968813,0.3055555555555556,5884,-281.0059092812927,-0.1639336640282949,0.6166969846923415,0.6456769956680444,0.46818009309842895
long_max_Tlast,B,0.9599310885968813,0.3055555555555556,5885,-281.26714992660413,-0.3667375634045759,0.6360613198270412,0.6505066757270885,0.0
long_max_Tlast,B,0.9599310885968813,0.3055555555555556,5886,-281.24868604281266,-0.2338245597782897,0.6167004895800414,0.6456797057865044,0.46818330460159385
long_max_Tlast,B,0.9599310885968813,0.3055555555555556,5887,-281.64569315245393,-0.6223044800219021,0.6360623744635672,0.6505074268312191,0.0
long_max_Tlast,B,0.9599310885968813,0.3055555555555556,5888,-281.42889217543745,-0.27402584994510093,0.6167012775200246,0.6456803501045375,0.4681838714903822
long_max_Tlast,B,0.9599310885968813,0.3055555555555556,5889,-281.8336756780555,-0.7058329565022425,0.6360656505747959,0.6505098204696688,0.0
long_max_Tlast,B,0.9599310885968813,0.3055555555555556,5890,-281.51546722428714,-0.2698061360589793,0.6167015767243303,0.6456804926189976,0.4681844948117561
long_max_Tlast,B,0.9599310885968813,0.3055555555555556,5891,-281.79721149043183,-0.5867169633947892,0.6360675078233942,0.6505112458394636,0.0
long_max_Tlast,B,0.9599310885968813,0.3055555555555556,5892,-281.5116636883643,-0.22270766588999885,0.6167043765240666,0.6456827577057712,0.4681866856879156
long_max_Tlast,B,0.9599310885968813,0.3055555555555556,5893,-281.5846313793613,-0.30860145883712425,0.6360674622212618,0.6505112021857047,0.0
long_max_Tlast,B,0.9599310885968813,0.3055555555555556,5894,-281.4538804246565,-0.14999305841441118,0.6167071597698948,0.6456852881783637,0.4681877505621538
long_max_Tlast,B,0.9599310885968813,0.3055555555555556,5895,-281.3087999331526,0.02660869595253651,0.6360688903859533,0.650512301303082,0.0
long_max_Tlast,B,0.9599310885968813,0.3055555555555556,5896,-281.3982641592875,-0.07830447960785097,0.6167076488814034,0.6456857382419365,0.4681879029754634
long_max_Tlast,B,0.9599310885968813,0.3055555555555556,5897,-281.1057900046356,0.29608309765862767,0.6360720242330926,0.6505147624894441,0.0
long_max_Tlast,B,0.9599310885968813,0.3055555555555556,5898,-281.4001594873396,-0.03390719139364462,0.6167079955860902,0.6456861179845836,0.4681877929203425
long_max_Tlast,B,0.9599310885968813,0.3055555555555556,5899,-281.0849711631486,0.4010812822308177,0.6360736337829744,0.6505159724310278,0.0
long_max_Tlast,B,0.9599310885968813,0.3055555555555556,5900,-281.4938722420128,-0.033074146888344536,0.6167107722507126,0.645688628651458,0.46818893194366684
long_max_Tlast,B,0.9599310885968813,0.3055555555555556,5901,-281.2889421781091,0.3031287225335372,0.6360736155269455,0.6505159669148683,0.0
long_max_Tlast,B,0.9599310885968813,0.3055555555555556,5902,-281.6800493240447,-0.0761081641059961,0.6167138207991233,0.6456910542177078,0.46819145649582006
long_max_Tlast,B,0.9599310885968813,0.3055555555555556,5903,-281.6779534072792,0.03811348758445432,0.6360754683376789,0.6505173869575299,0.0
long_max_Tlast,B,0.9599310885968813,0.3055555555555556,5904,-281.9254468113036,-0.14724002756847532,0.6167142481189211,0.6456913449923593,0.4681919965521034
long_max_Tlast,B,0.9599310885968813,0.3055555555555556,5905,-282.1444500848572,-0.29685526743323554,0.6360789076775824,0.650519893451659,0.0
long_max_Tlast,B,0.9599310885968813,0.3055555555555556,5906,-282.1751282310395,-0.22040849128143858,0.6167151247594431,0.6456920403030763,0.4681927474227493
long_max_Tlast,B,0.9599310885968813,0.3055555555555556,5907,-282.5524831549422,-0.5790377465957081,0.636080203582029,0.6505208409682192,0.0
long_max_Tlast,B,0.9599310885968813,0.3055555555555556,5908,-282.37258411460255,-0.2687990144475111,0.6167187499216883,0.645694852349137,0.46819605578193024
long_max_Tlast,B,0.9599310885968813,0.3055555555555556,5909,-282.7875165582557,-0.7050370449984551,0.6360802860933862,0.650520896847131,0.0
long_max_Tlast,B,0.9599310885968813,0.3055555555555556,5910,-282.48045844794217,-0.27468215459655904,0.6167212098043439,0.6456969455228,0.4681975588860848
long_max_Tlast,B,0.9599310885968813,0.3055555555555556,5911,-282.79840111524504,-0.6286800867613337,0.6360825912430447,0.6505225945305237,0.0
long_max_Tlast,B,0.9599310885968813,0.3055555555555556,5912,-282.4942034542019,-0.2359036592153345,0.6167212154220132,0.6456970200795767,0.46819728526447274
long_max_Tlast,B,0.9599310885968813,0.3055555555555556,5913,-282.61614698111083,-0.3779454098187242,0.6360856222454164,0.6505249480639297,0.0
long_max_Tlast,B,0.9599310885968813,0.3055555555555556,5914,-282.44374530854975,-0.16666764556349078,0.6167223543429076,0.6456979703555883,0.46819807839654715
long_max_Tlast,B,0.9599310885968813,0.3055555555555556,5915,-282.34252046469646,-0.044707829075039895,0.6360863929835401,0.6505255753827679,0.0
long_max_Tlast,B,0.9599310885968813,0.3055555555555556,5916,-282.382574365019,-0.09234746505415634,0.6167253675997849,0.6457007372686592,0.4681991481418259
long_max_Tlast,B,0.9599310885968813,0.3055555555555556,5917,-282.11274782177827,0.2489288096393829,0.6360865404427074,0.650525696212127,0.0
long_max_Tlast,B,0.9599310885968813,0.3055555555555556,5918,-282.36809707726377,-0.04017667049396506,0.6167273180211076,0.6457024402528887,0.46820016981605084
long_max_Tlast,B,0.9599310885968813,0.3055555555555556,5919,-282.04601700779534,0.3953661520486987,0.6360889000362219,0.6505275526841958,0.0
long_max_Tlast,B,0.9599310885968813,0.3055555555555556,5920,-282.4405816935499,-0.02926769050245631,0.616727315090223,0.6457023781664907,0.46820040654468653
long_max_Tlast,B,0.9599310885968813,0.3055555555555556,5921,-282.2017749879885,0.3409453675827684,0.6360917928883063,0.6505297094358582,0.0
long_max_Tlast,B,0.9599310885968813,0.3055555555555556,5922,-282.6084567235458,-0.06362188712739486,0.6167286142606369,0.6457035399387515,0.46820100869125436
long_max_Tlast,B,0.9599310885968813,0.3055555555555556,5923,-282.5579238857662,0.10560785088121993,0.6360923144097494,0.6505300446485316,0.0
long_max_Tlast,B,0.9599310885968813,0.3055555555555556,5924,-282.8451997669463,-0.13065038617152713,0.6167321965191045,0.6457063591273047,0.4682041189607891
long_max_Tlast,B,0.9599310885968813,0.3055555555555556,5925,-283.01894429597644,-0.22441682388434658,0.6360925708183721,0.6505302432967884,0.0
long_max_Tlast,B,0.9599310885968813,0.3055555555555556,5926,-283.0990456652996,-0.20579048515135925,0.616733941143682,0.6457076672333871,0.46820587775369715
long_max_Tlast,B,0.9599310885968813,0.3055555555555556,5927,-283.4508905178576,-0.5281981931942744,0.6360953110541938,0.65053224219719,0.0
long_max_Tlast,B,0.9599310885968813,0.3055555555555556,5928,-283.3119628347341,-0.26151274074908176,0.6167336101414898,0.6457074317344811,0.46820550327445787
long_max_Tlast,B,0.9599310885968813,0.3055555555555556,5929,-283.7304781172422,-0.6944215532053525,0.6360977693146659,0.6505340808137906,0.0
long_max_Tlast,B,0.9599310885968813,0.3055555555555556,5930,-283.4409042883961,-0.277395612373031,0.6167353886745831,0.645708822932798,0.46820710088050504
long_max_Tlast,B,0.9599310885968813,0.3055555555555556,5931,-283.79024497392913,-0.6621799656214674,0.6360976782689497,0.6505340675119909,0.0
long_max_Tlast,B,0.9599310885968813,0.3055555555555556,5932,-283.47361722067564,-0.24761936052291034,0.6167383229820098,0.6457113876888284,0.4682086487948924
long_max_Tlast,B,0.9599310885968813,0.3055555555555556,5933,-283.6432559549836,-0.4432844553688621,0.6360980449818716,0.6505343460913161,0.0
long_max_Tlast,B,0.9599310885968813,0.3055555555555556,5934,-283.43311120954957,-0.18309850953224693,0.6167389379389214,0.645712106600129,0.4682082571061661
long_max_Tlast,B,0.9599310885968813,0.3055555555555556,5935,-283.3783622450988,-0.11794321353794113,0.6361005715435023,0.6505363254968224,0.0
long_max_Tlast,B,0.9599310885968813,0.3055555555555556,5936,-283.3691890487073,-0.10747010288657599,0.61673853521583,0.6457117618717325,0.4682080343763628
long_max_Tlast,B,0.9599310885968813,0.3055555555555556,5937,-283.12762724871754,0.19462904129360414,0.636102382561559,0.6505377494625688,0.0
long_max_Tlast,B,0.9599310885968813,0.3055555555555556,5938,-283.3402597727806,-0.04844776380456489,0.6167401122170445,0.6457132216248596,0.4682085712918841
long_max_Tlast,B,0.9599310885968813,0.3055555555555556,5939,-283.017895043256,0.3798996476684362,0.6361020400411217,0.6505374527614101,0.0
long_max_Tlast,B,0.9599310885968813,0.3055555555555556,5940,-283.39192672347383,-0.027662024581708355,0.6167428257937211,0.6457155097920676,0.4682103295486815
long_max_Tlast,B,0.9599310885968813,0.3055555555555556,5941,-283.1243553834933,0.3699781037759936,0.6361024763327262,0.650537802305577,0.0
long_max_Tlast,B,0.9599310885968813,0.3055555555555556,5942,-283.5402311365807,-0.05272514050859406,0.61674343239344,0.6457158092551976,0.46821155215315097
long_max_Tlast,B,0.9599310885968813,0.3055555555555556,5943,-283.44299486025454,0.16849826184676042,0.6361050830809619,0.6505397340660903,0.0
long_max_Tlast,B,0.9599310885968813,0.3055555555555556,5944,-283.7658109836424,-0.11445598308110355,0.616742924671868,0.6457153742846709,0.4682112738623195
long_max_Tlast,B,0.9599310885968813,0.3055555555555556,5945,-283.8920404460461,-0.1507105722526796,0.6361065221326089,0.6505407360082327,0.0
long_max_Tlast,B,0.9599310885968813,0.3055555555555556,5946,-284.02099484592924,-0.1902355695110799,0.6167449527426848,0.6457169615049607,0.46821309075834605
long_max_Tlast,B,0.9599310885968813,0.3055555555555556,5947,-284.3419334131007,-0.47068463169105684,0.6361057091320367,0.650540144163534,0.0
long_max_Tlast,B,0.9599310885968813,0.3055555555555556,5948,-284.24726383898917,-0.25229345185895935,0.6167473754668019,0.645718877480464,0.46821515670766356
long_max_Tlast,B,0.9599310885968813,0.3055555555555556,5949,-284.6627975962583,-0.6741766969216318,0.6361062783826206,0.6505405672274152,0.0
long_max_Tlast,B,0.9599310885968813,0.3055555555555556,5950,-284.3967005835504,-0.2778940969549897,0.6167467907318491,0.6457185578873681,0.4682141027781903
long_max_Tlast,B,0.9599310885968813,0.3055555555555556,5951,-284.77204739786737,-0.6866193299713732,0.6361085860275121,0.6505423220804996,0.0
long_max_Tlast,B,0.9599310885968813,0.3055555555555556,5952,-284.4495162293324,-0.25765462033217257,0.6167461354766266,0.6457180516724996,0.4682135244366739
long_max_Tlast,B,0.9599310885968813,0.3055555555555556,5953,-284.6646495424121,-0.5034550990352409,0.6361090705175674,0.6505427812632993,0.0
long_max_Tlast,B,0.9599310885968813,0.3055555555555556,5954,-284.42133930761366,-0.1989892107566834,0.6167478415257308,0.6457195784029867,0.46821430741027176
long_max_Tlast,B,0.9599310885968813,0.3055555555555556,5955,-284.41492682815783,-0.19179887598817424,0.6361079534144974,0.6505419503339295,0.0
long_max_Tlast,B,0.9599310885968813,0.3055555555555556,5956,-284.35750218729186,-0.12339954779149839,0.6167492027121845,0.6457209226699537,0.4682144200901666
long_max_Tlast,B,0.9599310885968813,0.3055555555555556,5957,-284.1493610129859,0.13415091669991863,0.6361085351077492,0.6505424162223158,0.0
long_max_Tlast,B,0.9599310885968813,0.3055555555555556,5958,-284.3163683604209,-0.058580330264339675,0.6167484168358951,0.6457201701546179,0.4682142719876029
long_max_Tlast,B,0.9599310885968813,0.3055555555555556,5959,-284.0002662221588,0.35495513155697833,0.6361104823479717,0.6505439184348546,0.0
long_max_Tlast,B,0.9599310885968813,0.3055555555555556,5960,-284.34798267612155,-0.028281983438533165,0.6167478519299834,0.6457196582769756,0.46821407768031537
long_max_Tlast,B,0.9599310885968813,0.3055555555555556,5961,-284.0572561225906,0.3897069571083561,0.6361105754341274,0.6505439067545,0.0
long_max_Tlast,B,0.9599310885968813,0.3055555555555556,5962,-284.4757611602748,-0.04361096622301697,0.6167496434492725,0.6457211352577262,0.46821538981434857
long_max_Tlast,B,0.9599310885968813,0.3055555555555556,5963,-284.3344232989564,0.22567139990381385,0.6361092612930844,0.6505428914635415,0.0
long_max_Tlast,B,0.9599310885968813,0.3055555555555556,5964,-284.6878667718395,-0.09894701003547754,0.6167510039186568,0.6457220360022359,0.4682172346420843
long_max_Tlast,B,0.9599310885968813,0.3055555555555556,5965,-284.7651951447165,-0.07704665869236249,0.63610993667237,0.6505433966732281,0.0
long_max_Tlast,B,0.9599310885968813,0.3055555555555556,5966,-284.9415606002066,-0.1740146737145192,0.6167495319875755,0.6457208055998397,0.4682162527675531
long_max_Tlast,B,0.9599310885968813,0.3055555555555556,5967,-285.22671267097604,-0.4075204907986889,0.636111605201012,0.650544600517901,0.0
long_max_Tlast,B,0.9599310885968813,0.3055555555555556,5968,-285.1788644659851,-0.2413092372097651,0.6167488343680309,0.64572027527066,0.46821560650798955
long_max_Tlast,B,0.9599310885968813,0.3055555555555556,5969,-285.5848545027684,-0.644656994178782,0.6361107988516836,0.6505440458792079,0.0
long_max_Tlast,B,0.9599310885968813,0.3055555555555556,5970,-285.34780509402935,-0.2761685654955125,0.6167504429453048,0.6457215992889411,0.46821679212003886
long_max_Tlast,B,0.9599310885968813,0.3055555555555556,5971,-285.74336498009046,-0.701564300326454,0.636109176172739,0.6505428733950438,0.0
long_max_Tlast,B,0.9599310885968813,0.3055555555555556,5972,-285.4214799413718,-0.2658230399713446,0.6167503939102934,0.6457217871239803,0.46821586307144375
long_max_Tlast,B,0.9599310885968813,0.3055555555555556,5973,-285.6791382225572,-0.5573878602495029,0.6361098248189756,0.650543379637869,0.0
long_max_Tlast,B,0.9599310885968813,0.3055555555555556,5974,-285.407870771994,-0.21406370914621495,0.6167483265322932,0.6457201466721489,0.4682141391857902
long_max_Tlast,B,0.9599310885968813,0.3055555555555556,5975,-285.45071204564607,-0.26495998330142423,0.6361107673321917,0.6505441697191846,0.0
long_max_Tlast,B,0.9599310885968813,0.3055555555555556,5976,-285.34693175685413,-0.13985254001036457,0.6167477870390968,0.6457196675654471,0.46821391924018246
long_max_Tlast,B,0.9599310885968813,0.3055555555555556,5977,-285.17677126445716,0.06856571603972028,0.6361094372553835,0.650543152855577,0.0
long_max_Tlast,B,0.9599310885968813,0.3055555555555556,5978,-285.2959973423161,-0.07038736406509127,0.6167489513981665,0.6457207404002911,0.4682143313614336
long_max_Tlast,B,0.9599310885968813,0.3055555555555556,5979,-284.9926630716091,0.3209778143963694,0.6361078659762779,0.6505419248071453,0.0
long_max_Tlast,B,0.9599310885968813,0.3055555555555556,5980,-285.3087190412478,-0.031121168816142908,0.6167487722539251,0.6457204224043487,0.46821486799802187
long_max_Tlast,B,0.9599310885968813,0.3055555555555556,5981,-285.00084511837986,0.39978339411500363,0.6361084975288915,0.6505424114949072,0.0
long_max_Tlast,B,0.9599310885968813,0.3055555555555556,5982,-285.41540411046606,-0.036439118168113016,0.6167467136754683,0.6457185393082713,0.46821413275130286
long_max_Tlast,B,0.9599310885968813,0.3055555555555556,5983,-285.23330968497163,0.2761078445428996,0.6361091409389367,0.6505428191820528,0.0
long_max_Tlast,B,0.9599310885968813,0.3055555555555556,5984,-285.61195137213974,-0.08439677700920464,0.6167461551416236,0.645718099292757,0.4682136820751363
long_max_Tlast,B,0.9599310885968813,0.3055555555555556,5985,-285.63985393727023,-0.0047296924924264405,0.63610726856297,0.6505413780795576,0.0
long_max_Tlast,B,0.9599310885968813,0.3055555555555556,5986,-285.86132796352877,-0.15741904587950173,0.6167473236901453,0.6457189497889224,0.4682149750952711
long_max_Tlast,B,0.9599310885968813,0.3055555555555556,5987,-286.1064926594505,-0.3398253674556032,0.6361055150532141,0.6505401071305682,0.0
long_max_Tlast,B,0.9599310885968813,0.3055555555555556,5988,-286.10714357621765,-0.22874844427056928,0.6167460883520488,0.6457179820917301,0.468213885367187
long_max_Tlast,B,0.9599310885968813,0.3055555555555556,5989,-286.49721919252147,-0.6063891472836501,0.6361061045827945,0.6505405470251522,0.0
long_max_Tlast,B,0.9599310885968813,0.3055555555555556,5990,-286.2943097595345,-0.27225133749852115,0.6167432461716394,0.6457157977793028,0.46821123702765227
long_max_Tlast,B,0.9599310885968813,0.3055555555555556,5991,-286.70385652103664,-0.7067455866153634,0.6361059249125761,0.6505404737879311,0.0
long_max_Tlast,B,0.9599310885968813,0.3055555555555556,5992,-286.3892154798125,-0.2719832566068833,0.6167428019233724,0.6457154314185618,0.46821094738988933
long_max_Tlast,B,0.9599310885968813,0.3055555555555556,5993,-286.6856743738492,-0.6041244327600217,0.6361034229385294,0.6505386511340977,0.0
long_max_Tlast,B,0.9599310885968813,0.3055555555555556,5994,-286.39208412283926,-0.22804480532551996,0.6167431634011966,0.6457158835729976,0.4682106104907378
long_max_Tlast,B,0.9599310885968813,0.3055555555555556,5995,-286.4843038486499,-0.3361275126882239,0.6361018428939301,0.650537437487535,0.0
long_max_Tlast,B,0.9599310885968813,0.3055555555555556,5996,-286.336857871931,-0.15653891956570992,0.6167413154735515,0.6457143755703698,0.46820921741064336
long_max_Tlast,B,0.9599310885968813,0.3055555555555556,5997,-286.2085281568856,-0.0009576856067781137,0.6361022754079616,0.6505377895012527,0.0
long_max_Tlast,B,0.9599310885968813,0.3055555555555556,5998,-286.2787357779873,-0.08366227299837742,0.6167389112238679,0.6457121770840838,0.4682083563322083
long_max_Tlast,B,0.9599310885968813,0.3055555555555556,5999,-285.9943943412058,0.27856920772550847,0.6361016648623579,0.6505372927746251,0.0
long_max_Tlast,B,0.9599310885968813,0.3055555555555556,6000,-286.2740072193001,-0.036121843776793366,0.6167385768240674,0.6457118908617445,0.46820818327504454
