label,sequence,phi,phi_over_pi,t,x_mean,deltaP,w_loc3_inst,w_loc5_inst,P0
pp_primary_long,B,1.7453292519943295,0.5555555555555556,0,0.0,0.0,0.9999999999999998,0.9999999999999998,0.9999999999999998
pp_primary_long,B,1.7453292519943295,0.5555555555555556,1,-0.6938063714798675,-0.6938063714798675,1.0,1.0,0.0
pp_primary_long,B,1.7453292519943295,0.5555555555555556,2,-0.2049266670444427,-0.10246333352222135,0.9999999999999998,0.9999999999999998,0.8523171049817972
pp_primary_long,B,1.7453292519943295,0.5555555555555556,3,-0.9660885657152918,-0.9358244022597371,0.9999999999999997,0.9999999999999997,0.0
pp_primary_long,B,1.7453292519943295,0.5555555555555556,4,-0.3566751619404434,-0.1761028313330115,0.9967790009877773,0.9999999999999997,0.7638550604606466
pp_primary_long,B,1.7453292519943295,0.5555555555555556,5,-0.8354166847777791,-0.7275777502868412,0.9995243135410238,0.9999999999999996,0.0
pp_primary_long,B,1.7453292519943295,0.5555555555555556,6,-0.11536363213510903,-0.04239859208823439,0.9769516053046852,0.9999297492466167,0.8277338242975953
pp_primary_long,B,1.7453292519943295,0.5555555555555556,7,-0.27490055372504835,-0.20094275772598463,0.9942378514667664,0.9999896251653625,0.0
pp_primary_long,B,1.7453292519943295,0.5555555555555556,8,-0.059747893544220276,-0.003558252771140885,0.9461076026734431,0.9986986828685863,0.84563232536195
pp_primary_long,B,1.7453292519943295,0.5555555555555556,9,0.3757263410598884,0.4321149318896829,0.9779713782745665,0.999726235783272,0.0
pp_primary_long,B,1.7453292519943295,0.5555555555555556,10,-0.009911465795375968,0.025485462527001818,0.9252089862050868,0.992613382184255,0.8449704439702597
pp_primary_long,B,1.7453292519943295,0.5555555555555556,11,0.7258850282925462,0.8284845784565633,0.9534750374963998,0.9978394526015175,0.0
pp_primary_long,B,1.7453292519943295,0.5555555555555556,12,-0.02353628358528484,0.03156470031719702,0.9221366138488609,0.9776909469056527,0.8531144575149272
pp_primary_long,B,1.7453292519943295,0.5555555555555556,13,0.6548352212565456,0.7807012885341585,0.9333617533969134,0.9911456321982806,0.0
pp_primary_long,B,1.7453292519943295,0.5555555555555556,14,-0.09565227898294071,0.008129011588601562,0.9229473657071511,0.956067693161733,0.8616835688007356
pp_primary_long,B,1.7453292519943295,0.5555555555555556,15,0.14693139243792797,0.30126785633349185,0.9243085528638109,0.9768180709860208,0.0
pp_primary_long,B,1.7453292519943295,0.5555555555555556,16,-0.20258109170141742,-0.03380058213331693,0.9217943077511804,0.9363406877574081,0.8443290016075908
pp_primary_long,B,1.7453292519943295,0.5555555555555556,17,-0.5247449801113107,-0.3394422230372124,0.9219113396057861,0.9566596832376288,0.0
pp_primary_long,B,1.7453292519943295,0.5555555555555556,18,-0.317192291464233,-0.07906908838810207,0.9212921893415782,0.9250860321343518,0.8428417024116439
pp_primary_long,B,1.7453292519943295,0.5555555555555556,19,-1.0440520141655825,-0.8234887529807732,0.9226737583652175,0.9375312314245029,0.0
pp_primary_long,B,1.7453292519943295,0.5555555555555556,20,-0.3971393200730297,-0.10534258921601453,0.9164913466050845,0.9227950707023282,0.8363154870039671
pp_primary_long,B,1.7453292519943295,0.5555555555555556,21,-1.1423427592655895,-0.9010356602189492,0.921660628469595,0.9263982405674265,0.0
pp_primary_long,B,1.7453292519943295,0.5555555555555556,22,-0.3928869983851653,-0.09288067329616137,0.9154665399074572,0.9242168710287957,0.8357754523610733
pp_primary_long,B,1.7453292519943295,0.5555555555555556,23,-0.8014186374154781,-0.539007650154497,0.9186167110538673,0.924412594875023,0.0
pp_primary_long,B,1.7453292519943295,0.5555555555555556,24,-0.3189643979639274,-0.04581614088857061,0.9172100924123507,0.9232801617731143,0.8415922916607376
pp_primary_long,B,1.7453292519943295,0.5555555555555556,25,-0.18539468457899422,0.08181821057191191,0.9180230678744602,0.9258564012918367,0.0
pp_primary_long,B,1.7453292519943295,0.5555555555555556,26,-0.2533852452482738,-0.0018100835027987927,0.9170809742668071,0.9204201866130725,0.8421208552522769
pp_primary_long,B,1.7453292519943295,0.5555555555555556,27,0.35970998919936503,0.6443692506172256,0.9190751201101656,0.9249446485253523,0.0
pp_primary_long,B,1.7453292519943295,0.5555555555555556,28,-0.21044958125276142,0.029946164926448984,0.9172248807251413,0.9192745265516655,0.842707270893448
pp_primary_long,B,1.7453292519943295,0.5555555555555556,29,0.5517544137560894,0.8608729900359412,0.9191659805699242,0.921915623391336,0.0
pp_primary_long,B,1.7453292519943295,0.5555555555555556,30,-0.24558048633322338,0.024570786544276912,0.9186061502730416,0.919951947887475,0.8476161988703248
pp_primary_long,B,1.7453292519943295,0.5555555555555556,31,0.27932426592232407,0.6140119194225987,0.9188882133702152,0.9202342122824559,0.0
pp_primary_long,B,1.7453292519943295,0.5555555555555556,32,-0.3317574775141001,-0.006630060992446465,0.9184569597997412,0.9201820771890039,0.8469425620102664
pp_primary_long,B,1.7453292519943295,0.5555555555555556,33,-0.33047822268585314,0.03306640780118669,0.9188137301590052,0.9206156682378756,0.0
pp_primary_long,B,1.7453292519943295,0.5555555555555556,34,-0.4489235003789704,-0.053528897857152175,0.9184312055820039,0.9195081354494387,0.8449564967013633
pp_primary_long,B,1.7453292519943295,0.5555555555555556,35,-0.9763517800290996,-0.5812961314200704,0.9185377166447815,0.9209833163978267,0.0
pp_primary_long,B,1.7453292519943295,0.5555555555555556,36,-0.5468392586946098,-0.09049417386018024,0.9179074449722738,0.9187345044343416,0.8440328414378295
pp_primary_long,B,1.7453292519943295,0.5555555555555556,37,-1.3365963275171846,-0.9142163747294427,0.9185975188687101,0.9201489672061047,0.0
pp_primary_long,B,1.7453292519943295,0.5555555555555556,38,-0.5950745739488703,-0.10242211102447547,0.9165439124861163,0.9186844916442966,0.839655897163553
pp_primary_long,B,1.7453292519943295,0.5555555555555556,39,-1.240670285583084,-0.794945439338968,0.9180772205098248,0.9190981858476908,0.0
pp_primary_long,B,1.7453292519943295,0.5555555555555556,40,-0.561683931268691,-0.07497145876788945,0.9168506935245507,0.9189351852680667,0.8412007589592954
pp_primary_long,B,1.7453292519943295,0.5555555555555556,41,-0.7495981822866122,-0.2876049567073323,0.9176119610893486,0.9190444897250555,0.0
pp_primary_long,B,1.7453292519943295,0.5555555555555556,42,-0.4940813038587148,-0.029824742066318022,0.916920965884416,0.9185678530484898,0.841831022173116
pp_primary_long,B,1.7453292519943295,0.5555555555555556,43,-0.12386911230744735,0.3495473274622524,0.9179080908239063,0.9194010549070192,0.0
pp_primary_long,B,1.7453292519943295,0.5555555555555556,44,-0.42765123724782983,0.013966619336848687,0.9167068005183379,0.9181458001688029,0.841633329690997
pp_primary_long,B,1.7453292519943295,0.5555555555555556,45,0.2967704305781754,0.7902278691087562,0.9180788358462598,0.9191253174097647,0.0
pp_primary_long,B,1.7453292519943295,0.5555555555555556,46,-0.4156513264197751,0.031182358101765728,0.9172920352868774,0.9183054475159206,0.8429731036632134
pp_primary_long,B,1.7453292519943295,0.5555555555555556,47,0.29219331489897327,0.8081725742427462,0.9179691063920625,0.9185883710690896,0.0
pp_primary_long,B,1.7453292519943295,0.5555555555555556,48,-0.4728663235686826,0.014519116280613323,0.9177714253351161,0.9185110845453369,0.8450386987301752
pp_primary_long,B,1.7453292519943295,0.5555555555555556,49,-0.15261698359283016,0.3912068106006311,0.9181875891757756,0.9185589761191778,0.0
pp_primary_long,B,1.7453292519943295,0.5555555555555556,50,-0.5778447375198694,-0.02625900480256106,0.9177202297536761,0.9184124670820405,0.8444081752574996
pp_primary_long,B,1.7453292519943295,0.5555555555555556,51,-0.8177252051771949,-0.24420991562276828,0.9182285277231794,0.9187835216182035,0.0
pp_primary_long,B,1.7453292519943295,0.5555555555555556,52,-0.6905264646239921,-0.07101440904315232,0.9180489718063075,0.918260965391116,0.8455648723164519
pp_primary_long,B,1.7453292519943295,0.5555555555555556,53,-1.375628445853077,-0.7725748924897194,0.9181744316936348,0.9187141229183032,0.0
pp_primary_long,B,1.7453292519943295,0.5555555555555556,54,-0.7700702993014574,-0.09873451814684642,0.9174038373418659,0.9181811873988454,0.8431129873284511
pp_primary_long,B,1.7453292519943295,0.5555555555555556,55,-1.5483468606031492,-0.9203944914163666,0.9180917660223908,0.9183916383659052,0.0
pp_primary_long,B,1.7453292519943295,0.5555555555555556,56,-0.7826872512523162,-0.09346693884933277,0.9170728024554864,0.9182536467553815,0.8419245703301906
pp_primary_long,B,1.7453292519943295,0.5555555555555556,57,-1.2639261960452923,-0.6139956478204343,0.9177597522505679,0.9182669341283792,0.0
pp_primary_long,B,1.7453292519943295,0.5555555555555556,58,-0.732962618304386,-0.05728773343931344,0.9171234708533857,0.9181772123229384,0.8423409721138295
pp_primary_long,B,1.7453292519943295,0.5555555555555556,59,-0.6748082344131487,-0.010872573211126058,0.9177542106333488,0.9184099961041212,0.0
pp_primary_long,B,1.7453292519943295,0.5555555555555556,60,-0.6617368164808051,-0.01052588503504158,0.9168406234571195,0.917961162359821,0.8419389086442528
pp_primary_long,B,1.7453292519943295,0.5555555555555556,61,-0.10057805679601639,0.5794205600888755,0.9178615260601215,0.9183955590008369,0.0
pp_primary_long,B,1.7453292519943295,0.5555555555555556,62,-0.612296917881638,0.024948779660393827,0.9168859566261234,0.9179783463904213,0.8418826532650086
pp_primary_long,B,1.7453292519943295,0.5555555555555556,63,0.15563904949810148,0.8553767828907899,0.9177590377632391,0.9181786305960077,0.0
pp_primary_long,B,1.7453292519943295,0.5555555555555556,64,-0.6303189684355519,0.027580565386147393,0.9172860024415479,0.9181082494014388,0.8431196204246934
pp_primary_long,B,1.7453292519943295,0.5555555555555556,65,-0.050694527172881365,0.6737897714299491,0.9178338958001933,0.9181319295646869,0.0
pp_primary_long,B,1.7453292519943295,0.5555555555555556,66,-0.7103860504181573,-0.0007405504918250039,0.9173056116271184,0.918073523650783,0.843316996949196
pp_primary_long,B,1.7453292519943295,0.5555555555555556,67,-0.6254693149402053,0.1280224241108463,0.9180348752422464,0.9182528192793086,0.0
pp_primary_long,B,1.7453292519943295,0.5555555555555556,68,-0.8250937312092159,-0.046493726845782006,0.9176326491251552,0.9180468131400756,0.844389716754748
pp_primary_long,B,1.7453292519943295,0.5555555555555556,69,-1.285429552542221,-0.5020416132365223,0.9180164850000613,0.9182604818813428,0.0
pp_primary_long,B,1.7453292519943295,0.5555555555555556,70,-0.9269585748277102,-0.08572163215056988,0.9177321800864537,0.9180619955471632,0.8447594785509195
pp_primary_long,B,1.7453292519943295,0.5555555555555556,71,-1.7021221037312741,-0.8919382945292673,0.9180550623599422,0.9181455391058198,0.0
pp_primary_long,B,1.7453292519943295,0.5555555555555556,72,-0.9796720381846697,-0.10022907648842695,0.9173484892217985,0.9180740413470558,0.8430701889094975
pp_primary_long,B,1.7453292519943295,0.5555555555555556,73,-1.6748418018636302,-0.8407320153993478,0.9179244428743203,0.9180764284197211,0.0
pp_primary_long,B,1.7453292519943295,0.5555555555555556,74,-0.9620516252028521,-0.08001749107990345,0.917341599084722,0.9180588708600625,0.8430707813420947
pp_primary_long,B,1.7453292519943295,0.5555555555555556,75,-1.2288241464342902,-0.3759905193134738,0.9178022211723953,0.9181290234353525,0.0
pp_primary_long,B,1.7453292519943295,0.5555555555555556,76,-0.90062941007786,-0.03781689599168048,0.9171288036844661,0.9179442224387343,0.8425766618982751
pp_primary_long,B,1.7453292519943295,0.5555555555555556,77,-0.6044694951863474,0.2634058406875505,0.9178381756328526,0.9181443551162597,0.0
pp_primary_long,B,1.7453292519943295,0.5555555555555556,78,-0.8322834074025253,0.007288463267688866,0.9169384671512454,0.9179038907144776,0.8421958501764866
pp_primary_long,B,1.7453292519943295,0.5555555555555556,79,-0.13624606528620875,0.7494187258803833,0.9177658420078045,0.9180379615594398,0.0
pp_primary_long,B,1.7453292519943295,0.5555555555555556,80,-0.8097184190406714,0.029814035600416844,0.9170781678565134,0.9179694633598141,0.8423956972189823
pp_primary_long,B,1.7453292519943295,0.5555555555555556,81,-0.07358216050887112,0.8331407926412548,0.9177035887842857,0.9179896451288365,0.0
pp_primary_long,B,1.7453292519943295,0.5555555555555556,82,-0.8550416108908713,0.01877780429490626,0.9171224532287211,0.917952350094206,0.8426867966497552
pp_primary_long,B,1.7453292519943295,0.5555555555555556,83,-0.46298493966527454,0.47089098278037866,0.9178535183027414,0.9180592354645688,0.0
pp_primary_long,B,1.7453292519943295,0.5555555555555556,84,-0.9552450557928184,-0.01970362443339506,0.9171875998529389,0.9179208903901546,0.8428352952588638
pp_primary_long,B,1.7453292519943295,0.5555555555555556,85,-1.114659267883122,-0.15109979376697807,0.9178994644654938,0.9180763762926587,0.0
pp_primary_long,B,1.7453292519943295,0.5555555555555556,86,-1.0698736605409738,-0.06539788299921159,0.9175743952110474,0.9179777473999792,0.8443423851197192
pp_primary_long,B,1.7453292519943295,0.5555555555555556,87,-1.706502386997646,-0.714269442738495,0.9179368902958631,0.9180234274949532,0.0
pp_primary_long,B,1.7453292519943295,0.5555555555555556,88,-1.1542822728507605,-0.09582212894687425,0.9174745362934476,0.9179989497069764,0.8438107293327041
pp_primary_long,B,1.7453292519943295,0.5555555555555556,89,-1.9450560218791098,-0.9278039733370521,0.9179793534840447,0.9179994598632452,0.0
pp_primary_long,B,1.7453292519943295,0.5555555555555556,90,-1.1752812921608322,-0.09481146369758157,0.9174374648759726,0.9179972370760222,0.8435556276947576
pp_primary_long,B,1.7453292519943295,0.5555555555555556,91,-1.7217160171928172,-0.6825118329450719,0.9178815462488977,0.9180248545597207,0.0
pp_primary_long,B,1.7453292519943295,0.5555555555555556,92,-1.1353398631823166,-0.06334967259778806,0.9173799861274216,0.9179533633431084,0.8433046743187074
pp_primary_long,B,1.7453292519943295,0.5555555555555556,93,-1.1603482127670584,-0.10453981866825945,0.9178663991659549,0.9180378151663041,0.0
pp_primary_long,B,1.7453292519943295,0.5555555555555556,94,-1.0660461096436697,-0.01736415271028606,0.9171484844493623,0.9179065583242227,0.842762876605957
pp_primary_long,B,1.7453292519943295,0.5555555555555556,95,-0.5639825449997096,0.508581603202088,0.9178322210277067,0.9179832384775262,0.0
pp_primary_long,B,1.7453292519943295,0.5555555555555556,96,-1.0125390893970772,0.02047740866256227,0.9171054529848204,0.917925578932043,0.842577458211505
pp_primary_long,B,1.7453292519943295,0.5555555555555556,97,-0.24853576180231962,0.8426815252980577,0.9177302291106757,0.9179405058558083,0.0
pp_primary_long,B,1.7453292519943295,0.5555555555555556,98,-1.0186950697162922,0.02887502279433414,0.9171310889071107,0.9179177832075603,0.8426837146399981
pp_primary_long,B,1.7453292519943295,0.5555555555555556,99,-0.38904614777980173,0.726002997211746,0.9177598834879619,0.9179744853655307,0.0
pp_primary_long,B,1.7453292519943295,0.5555555555555556,100,-1.090083112452069,0.004730708101321479,0.9170106716598918,0.9178688872945352,0.8422533670249019
pp_primary_long,B,1.7453292519943295,0.5555555555555556,101,-0.9247212573118626,0.21893600736433755,0.9178207275560569,0.9179909460587468,0.0
pp_primary_long,B,1.7453292519943295,0.5555555555555556,102,-1.202832134961745,-0.03999122868435332,0.917243149753705,0.9179053130113208,0.843070018188345
pp_primary_long,B,1.7453292519943295,0.5555555555555556,103,-1.5924113315862918,-0.4190105964024328,0.9178155969166856,0.9179552167209553,0.0
pp_primary_long,B,1.7453292519943295,0.5555555555555556,104,-1.3095003805783174,-0.08161457612246438,0.917405077231692,0.9179459619002402,0.8437152237819552
pp_primary_long,B,1.7453292519943295,0.5555555555555556,105,-2.060209225574652,-0.8599135910611354,0.9179154346458771,0.917950226369813,0.0
pp_primary_long,B,1.7453292519943295,0.5555555555555556,106,-1.3686181031711615,-0.09956952785014317,0.9173812366403341,0.9179452237890703,0.8435268737136986
pp_primary_long,B,1.7453292519943295,0.5555555555555556,107,-2.1007327963497593,-0.8767529903381378,0.9179158283698978,0.9179738402838569,0.0
pp_primary_long,B,1.7453292519943295,0.5555555555555556,108,-1.3599986399889827,-0.08388960046027821,0.9174747611031077,0.9179446640837381,0.8437579487624263
pp_primary_long,B,1.7453292519943295,0.5555555555555556,109,-1.704018504896988,-0.460946002607889,0.9178850496360668,0.9179823984249098,0.0
pp_primary_long,B,1.7453292519943295,0.5555555555555556,110,-1.3033356383643055,-0.044035879122431065,0.9173393120706448,0.9179220008137217,0.8432610494855007
pp_primary_long,B,1.7453292519943295,0.5555555555555556,111,-1.0859161944890707,0.1736553798201984,0.9178840237434641,0.9179557434735487,0.0
pp_primary_long,B,1.7453292519943295,0.5555555555555556,112,-1.234702574908059,0.001494794554221704,0.9172252005177074,0.9179184262481312,0.842989859104384
pp_primary_long,B,1.7453292519943295,0.5555555555555556,113,-0.5764587829105112,0.7007896526049253,0.917812214833733,0.9179263170403387,0.0
pp_primary_long,B,1.7453292519943295,0.5555555555555556,114,-1.2045037914566747,0.02793771739729571,0.9172280296808731,0.917915662622923,0.8429762816832822
pp_primary_long,B,1.7453292519943295,0.5555555555555556,115,-0.44791775864677774,0.8499333218260772,0.9177652565984251,0.9179383012188363,0.0
pp_primary_long,B,1.7453292519943295,0.5555555555555556,116,-1.239088410935602,0.02212553941130907,0.9170940836617999,0.9178706796821444,0.8426100219846869
pp_primary_long,B,1.7453292519943295,0.5555555555555556,117,-0.7794332330042348,0.5447206468814079,0.9177965614376559,0.9179502557276324,0.0
pp_primary_long,B,1.7453292519943295,0.5555555555555556,118,-1.3331645246412578,-0.01330306328075806,0.9170534783620689,0.9178665709594678,0.8423420511251729
pp_primary_long,B,1.7453292519943295,0.5555555555555556,119,-1.4115082213289334,-0.05788999703988401,0.9177620917010664,0.9179214863457309,0.0
pp_primary_long,B,1.7453292519943295,0.5555555555555556,120,-1.449348422436354,-0.0596736713758879,0.9172481392295004,0.9179053472850929,0.8431221430093332
pp_primary_long,B,1.7453292519943295,0.5555555555555556,121,-2.0317991244724323,-0.6492316308508757,0.9178088779822206,0.9179150744019896,0.0
pp_primary_long,B,1.7453292519943295,0.5555555555555556,122,-1.5401857023571306,-0.09340440710119917,0.9172521297703838,0.9179031400817047,0.8431371077249755
pp_primary_long,B,1.7453292519943295,0.5555555555555556,123,-2.3329954551227847,-0.9249704175226422,0.9178851295774813,0.9179400981267374,0.0
pp_primary_long,B,1.7453292519943295,0.5555555555555556,124,-1.569442867314487,-0.09665957116426746,0.9173863760721074,0.9179136683022756,0.8436078965645432
pp_primary_long,B,1.7453292519943295,0.5555555555555556,125,-2.1730893791322656,-0.743553634538433,0.9178724730904628,0.9179472359909984,0.0
pp_primary_long,B,1.7453292519943295,0.5555555555555556,126,-1.5363412580785574,-0.06867867718995299,0.9174208687725182,0.9179226984296901,0.8435794252507088
pp_primary_long,B,1.7453292519943295,0.5555555555555556,127,-1.6444266568579677,-0.19776993066155307,0.9178907783064489,0.9179344749801509,0.0
pp_primary_long,B,1.7453292519943295,0.5555555555555556,128,-1.4686310456547376,-0.02343948133599079,0.917320147733026,0.9179176000913454,0.8432672790321598
pp_primary_long,B,1.7453292519943295,0.5555555555555556,129,-1.0322683701463258,0.43151544555200844,0.9178731368037805,0.9179205954457601,0.0
pp_primary_long,B,1.7453292519943295,0.5555555555555556,130,-1.4116375354746609,0.01633201142641577,0.9173127648162545,0.917917219991048,0.8432308114053755
pp_primary_long,B,1.7453292519943295,0.5555555555555556,131,-0.6613361735808936,0.8210734879513798,0.9178173067244774,0.9179242801125073,0.0
pp_primary_long,B,1.7453292519943295,0.5555555555555556,132,-1.4082408942065436,0.02948554389650615,0.9172600702935289,0.9178924009217025,0.8431647527864573
pp_primary_long,B,1.7453292519943295,0.5555555555555556,133,-0.7350454666857984,0.7706548281219548,0.9178144799882895,0.9179310414105659,0.0
pp_primary_long,B,1.7453292519943295,0.5555555555555556,134,-1.470732460426191,0.009760448868759555,0.9170951683074564,0.9178660930484953,0.8425482124753313
pp_primary_long,B,1.7453292519943295,0.5555555555555556,135,-1.2267511373915392,0.30688048475633334,0.9177834207949866,0.91791005053951,0.0
pp_primary_long,B,1.7453292519943295,0.5555555555555556,136,-1.5802951679923625,-0.03331141596649999,0.9171524605528606,0.9178841517316862,0.8427085129132029
pp_primary_long,B,1.7453292519943295,0.5555555555555556,137,-1.8960016196741105,-0.33255093288893844,0.9177497535489374,0.9178960229918244,0.0
pp_primary_long,B,1.7453292519943295,0.5555555555555556,138,-1.6913886645768619,-0.07711024943966457,0.9171676575862052,0.9178811120541215,0.8428178798958161
pp_primary_long,B,1.7453292519943295,0.5555555555555556,139,-2.410381270913631,-0.8192163545133857,0.9178221062732628,0.9179156457310548,0.0
pp_primary_long,B,1.7453292519943295,0.5555555555555556,140,-1.7586446225079952,-0.09920799128917088,0.9172148369385735,0.9178785948109887,0.8430293977658156
pp_primary_long,B,1.7453292519943295,0.5555555555555556,141,-2.518252770974384,-0.9031883404922816,0.9178381142756946,0.9179229942750222,0.0
pp_primary_long,B,1.7453292519943295,0.5555555555555556,142,-1.7587155501467162,-0.08791568913879776,0.917368695768615,0.9179044811338188,0.8435309422935525
pp_primary_long,B,1.7453292519943295,0.5555555555555556,143,-2.17501633996832,-0.5410841773681148,0.9178553880046981,0.917914630914797,0.0
pp_primary_long,B,1.7453292519943295,0.5555555555555556,144,-1.7058950932115216,-0.05008658903424974,0.9173429458895878,0.9179099678595952,0.8433548296217039
pp_primary_long,B,1.7453292519943295,0.5555555555555556,145,-1.5693594374292097,0.08124322471864354,0.9178837330842193,0.9179123804457462,0.0
pp_primary_long,B,1.7453292519943295,0.5555555555555556,146,-1.6361652012293912,-0.003965424893411493,0.9173354714165138,0.9179103415262909,0.8433196475740471
pp_primary_long,B,1.7453292519943295,0.5555555555555556,147,-1.024301071138119,0.6438908392244505,0.9178584797320353,0.9179170377096112,0.0
pp_primary_long,B,1.7453292519943295,0.5555555555555556,148,-1.5991915176798692,0.025927292653269207,0.9173591698506011,0.917906170071248,0.8434168162202134
pp_primary_long,B,1.7453292519943295,0.5555555555555556,149,-0.8311025766407121,0.8575847107640211,0.9178416308839549,0.917920408003923,0.0
pp_primary_long,B,1.7453292519943295,0.5555555555555556,150,-1.6241877523496506,0.02491677442913086,0.9172452845670174,0.9178847315341376,0.8431205358963126
pp_primary_long,B,1.7453292519943295,0.5555555555555556,151,-1.1015359817610124,0.6127597534512461,0.9178332977166352,0.9179082409276594,0.0
pp_primary_long,B,1.7453292519943295,0.5555555555555556,152,-1.71138003315567,-0.007046157454195276,0.917175281401383,0.9178826633281961,0.8427845398360292
pp_primary_long,B,1.7453292519943295,0.5555555555555556,153,-1.7078892557172205,0.0355068443661426,0.9177686609742943,0.9178920165891971,0.0
pp_primary_long,B,1.7453292519943295,0.5555555555555556,154,-1.8276199057308995,-0.053409791321132036,0.9171833194160878,0.9178802553951552,0.8428442955040132
pp_primary_long,B,1.7453292519943295,0.5555555555555556,155,-2.3508693526834414,-0.5780098112007325,0.9177802520526975,0.91790109589553,0.0
pp_primary_long,B,1.7453292519943295,0.5555555555555556,156,-1.9251520757661964,-0.09047943405531969,0.9171145681684191,0.9178609940737038,0.8426141428632753
pp_primary_long,B,1.7453292519943295,0.5555555555555556,157,-2.71179250364087,-0.9125447095451777,0.9178079717818778,0.9179078363867303,0.0
pp_primary_long,B,1.7453292519943295,0.5555555555555556,158,-1.964123917317178,-0.09855804071558885,0.9172392631188216,0.9178794102065244,0.843123733933783
pp_primary_long,B,1.7453292519943295,0.5555555555555556,159,-2.6174330074856726,-0.7965739255807542,0.9178071987511665,0.917898760612806,0.0
pp_primary_long,B,1.7453292519943295,0.5555555555555556,160,-1.938220787114708,-0.0742318708289619,0.9173010677791792,0.9178955302128812,0.8432727130212038
pp_primary_long,B,1.7453292519943295,0.5555555555555556,161,-2.1271693052692564,-0.28918939861036447,0.9178514684513568,0.9179006423741639,0.0
pp_primary_long,B,1.7453292519943295,0.5555555555555556,162,-1.871682445440676,-0.029695405945398462,0.9172979428233227,0.9178954765269915,0.8432467375444723
pp_primary_long,B,1.7453292519943295,0.5555555555555556,163,-1.5058733640254593,0.3489190790653515,0.9178640663623574,0.917909276812045,0.0
pp_primary_long,B,1.7453292519943295,0.5555555555555556,164,-1.8105590714606241,0.012152468799698002,0.9173552864807885,0.9179022775440454,0.8433707069605944
pp_primary_long,B,1.7453292519943295,0.5555555555555556,165,-1.083270330790656,0.7899127905341794,0.9178518754074179,0.9179116008187664,0.0
pp_primary_long,B,1.7453292519943295,0.5555555555555556,166,-1.7983881553922323,0.029717509023748284,0.9173475118701353,0.9178987595904413,0.8434314460224065
pp_primary_long,B,1.7453292519943295,0.5555555555555556,167,-1.0891876788311636,0.8068855422079186,0.9178624077448432,0.9179061887584674,0.0
pp_primary_long,B,1.7453292519943295,0.5555555555555556,168,-1.8521407685013156,0.014395388139063992,0.9172584885887429,0.9178903113089968,0.8431122214980818
pp_primary_long,B,1.7453292519943295,0.5555555555555556,169,-1.5318548870975692,0.39157478262687406,0.9178260489212602,0.917895477775366,0.0
pp_primary_long,B,1.7453292519943295,0.5555555555555556,170,-1.9573202301729644,-0.026482626468409,0.9172579662503823,0.91788958405904,0.843100341451322
pp_primary_long,B,1.7453292519943295,0.5555555555555556,171,-2.196048699003143,-0.2428365919275285,0.9177866703234835,0.9178960967287494,0.0
pp_primary_long,B,1.7453292519943295,0.5555555555555556,172,-2.071508830543274,-0.0718144110864574,0.9171570955637992,0.9178671852361441,0.8427377291942413
pp_primary_long,B,1.7453292519943295,0.5555555555555556,173,-2.75202824737403,-0.7702756888004163,0.917802058995128,0.9179006379885946,0.0
pp_primary_long,B,1.7453292519943295,0.5555555555555556,174,-2.14754877036761,-0.09823526794939949,0.9171449210658361,0.9178643744487563,0.8427320010908903
pp_primary_long,B,1.7453292519943295,0.5555555555555556,175,-2.9265961039238597,-0.9201665366240782,0.9177827670139144,0.9178904339737857,0.0
pp_primary_long,B,1.7453292519943295,0.5555555555555556,176,-2.1576143542570714,-0.0918686835842224,0.9172357683118312,0.9178814587069422,0.8430771360999114
pp_primary_long,B,1.7453292519943295,0.5555555555555556,177,-2.641098319359798,-0.6154813971404606,0.9178052979816586,0.9178895236548856,0.0
pp_primary_long,B,1.7453292519943295,0.5555555555555556,178,-2.109603435363173,-0.05655117582207432,0.9172363221683362,0.9178802317445927,0.8430751627092653
pp_primary_long,B,1.7453292519943295,0.5555555555555556,179,-2.0546609445032313,-0.012510773552761645,0.9178413398174359,0.9179001258826631,0.0
pp_primary_long,B,1.7453292519943295,0.5555555555555556,180,-2.0385111877184805,-0.009831698377690101,0.9172878527101201,0.9178865363213146,0.8432041876801886
pp_primary_long,B,1.7453292519943295,0.5555555555555556,181,-1.4799962214065818,0.5791296886667319,0.9178407401540044,0.9179027699050216,0.0
pp_primary_long,B,1.7453292519943295,0.5555555555555556,182,-1.9945066971934025,0.02356326891240984,0.9173469580966395,0.9178974360584802,0.8433711548638884
pp_primary_long,B,1.7453292519943295,0.5555555555555556,183,-1.223945697720929,0.8552695750171815,0.9178550498027201,0.9179002295257989,0.0
pp_primary_long,B,1.7453292519943295,0.5555555555555556,184,-2.01012684850011,0.02725981254997578,0.917313203103446,0.9178946089974321,0.8433117839553573
pp_primary_long,B,1.7453292519943295,0.5555555555555556,185,-1.4302700932094785,0.6740174867020643,0.9178636944858004,0.9178976333218001,0.0
pp_primary_long,B,1.7453292519943295,0.5555555555555556,186,-2.0899707042478584,-0.0010247141056802106,0.9173118019088787,0.9178953193052926,0.8432852493013392
pp_primary_long,B,1.7453292519943295,0.5555555555555556,187,-2.004448321356385,0.12858548466515296,0.9178228940034178,0.9178964291338767,0.0
pp_primary_long,B,1.7453292519943295,0.5555555555555556,188,-2.204839539813624,-0.04671444362449056,0.9172751803674107,0.9178845218229927,0.8431780357281353
pp_primary_long,B,1.7453292519943295,0.5555555555555556,189,-2.663537430206416,-0.5008017926629457,0.9178182854513293,0.9178983960785067,0.0
pp_primary_long,B,1.7453292519943295,0.5555555555555556,190,-2.3081308190365357,-0.08662409515853542,0.9171611891711218,0.9178672440182363,0.8427389709357791
pp_primary_long,B,1.7453292519943295,0.5555555555555556,191,-3.0807178257163352,-0.8907023817650599,0.9177972990380019,0.9178897091791165,0.0
pp_primary_long,B,1.7453292519943295,0.5555555555555556,192,-2.3574188161904814,-0.0997414945440589,0.9171987669559647,0.9178749590115046,0.8429184201288995
pp_primary_long,B,1.7453292519943295,0.5555555555555556,193,-3.053664705982351,-0.8412505357269089,0.9177795347573786,0.9178836116532242,0.0
pp_primary_long,B,1.7453292519943295,0.5555555555555556,194,-2.3402335545241857,-0.07975346474057132,0.9171989714160351,0.9178727264736676,0.8429330166221849
pp_primary_long,B,1.7453292519943295,0.5555555555555556,195,-2.607659576708394,-0.37766900642222817,0.9178118990474342,0.917892051962431,0.0
pp_primary_long,B,1.7453292519943295,0.5555555555555556,196,-2.2761225294057095,-0.03651833116268267,0.917212875217263,0.9178708614222546,0.8430137521855683
pp_primary_long,B,1.7453292519943295,0.5555555555555556,197,-1.9843341697356585,0.26198352550359216,0.9178207167909176,0.9178950939182431,0.0
pp_primary_long,B,1.7453292519943295,0.5555555555555556,198,-2.210821753904975,0.00736889745082292,0.9172838573872919,0.9178850943732216,0.8431715530149904
pp_primary_long,B,1.7453292519943295,0.5555555555555556,199,-1.5147077801722886,0.7493007565371296,0.9178271005750273,0.9178921885535797,0.0
pp_primary_long,B,1.7453292519943295,0.5555555555555556,200,-2.189647135107217,0.02939957346965691,0.9173048657350062,0.917890566338626,0.8432659131648028
pp_primary_long,B,1.7453292519943295,0.5555555555555556,201,-1.4526473861475009,0.833676155485142,0.917857821893977,0.9178945302362967,0.0
pp_primary_long,B,1.7453292519943295,0.5555555555555556,202,-2.2343386920935147,0.01860339493155963,0.9173055917017671,0.9178913830513671,0.8432575385757457
pp_primary_long,B,1.7453292519943295,0.5555555555555556,203,-1.841340513184123,0.47186747927979455,0.9178500655099887,0.9178965829567146,0.0
pp_primary_long,B,1.7453292519943295,0.5555555555555556,204,-2.334345301892143,-0.01970335774692701,0.9173479509277618,0.9178947532630031,0.8434406928193817
pp_primary_long,B,1.7453292519943295,0.5555555555555556,205,-2.493246337870562,-0.15044235391691674,0.917836861283738,0.9178971340247907,0.0
pp_primary_long,B,1.7453292519943295,0.5555555555555556,206,-2.4502218892351877,-0.06587687394810005,0.9172564981975374,0.9178808732616973,0.8430934891890549
pp_primary_long,B,1.7453292519943295,0.5555555555555556,207,-3.084991167010104,-0.7131969690221122,0.9178318574688178,0.9178923748700235,0.0
pp_primary_long,B,1.7453292519943295,0.5555555555555556,208,-2.534298578722729,-0.09624853660609597,0.9172161492621658,0.9178774623114777,0.8429423765053609
pp_primary_long,B,1.7453292519943295,0.5555555555555556,209,-3.3248982364643656,-0.9275505974387244,0.9177916005053428,0.9178841394671045,0.0
pp_primary_long,B,1.7453292519943295,0.5555555555555556,210,-2.554965208891913,-0.09508375476633375,0.9172143660485966,0.9178754656735031,0.8429503542474381
pp_primary_long,B,1.7453292519943295,0.5555555555555556,211,-3.10094549411356,-0.6834819339891438,0.9177964260861252,0.9178875891478315,0.0
pp_primary_long,B,1.7453292519943295,0.5555555555555556,212,-2.5136336313643195,-0.06310921724475205,0.9171777975859092,0.9178648860784796,0.8428784706524919
pp_primary_long,B,1.7453292519943295,0.5555555555555556,213,-2.5406238499760034,-0.10639418914122839,0.9178076994696543,0.9178903215740627,0.0
pp_primary_long,B,1.7453292519943295,0.5555555555555556,214,-2.4424629814340286,-0.016375703808726064,0.9172196624045057,0.9178723839992875,0.8430112097789447
pp_primary_long,B,1.7453292519943295,0.5555555555555556,215,-1.9430465979945835,0.5074810125086171,0.9178028047684749,0.9178858191204613,0.0
pp_primary_long,B,1.7453292519943295,0.5555555555555556,216,-2.3915074073214475,0.020432972415102668,0.9172613140275038,0.9178818475264259,0.8431145900460033
pp_primary_long,B,1.7453292519943295,0.5555555555555556,217,-1.6270926283511997,0.8427935962819871,0.9178263146263862,0.9178880883870485,0.0
pp_primary_long,B,1.7453292519943295,0.5555555555555556,218,-2.3972981007839835,0.028989453101267965,0.9172614113793927,0.9178815355516813,0.8431150975247804
pp_primary_long,B,1.7453292519943295,0.5555555555555556,219,-1.7670370984441495,0.7272840075321165,0.9178475270247045,0.9178937183879222,0.0
pp_primary_long,B,1.7453292519943295,0.5555555555555556,220,-2.469215651704467,0.004651406067957414,0.9173238924777491,0.9178901806296755,0.8433277245851087
pp_primary_long,B,1.7453292519943295,0.5555555555555556,221,-2.3025822326983363,0.22011056492117148,0.9178402746168011,0.917894311871489,0.0
pp_primary_long,B,1.7453292519943295,0.5555555555555556,222,-2.581739122854728,-0.039870535861984316,0.9173311193296364,0.9178907615055293,0.843388361737821
pp_primary_long,B,1.7453292519943295,0.5555555555555556,223,-2.970532174706264,-0.4181351505960708,0.9178524932133686,0.9178932064435876,0.0
pp_primary_long,B,1.7453292519943295,0.5555555555555556,224,-2.689487199597156,-0.08200200967871846,0.9172652691521856,0.9178836784270967,0.8431169118609231
pp_primary_long,B,1.7453292519943295,0.5555555555555556,225,-3.439621893096157,-0.8593700375158647,0.9178271512192326,0.9178879627982728,0.0
pp_primary_long,B,1.7453292519943295,0.5555555555555556,226,-2.7484142693325264,-0.09987312374029816,0.9172653607953117,0.9178832912582,0.8431168327878065
pp_primary_long,B,1.7453292519943295,0.5555555555555556,227,-3.480715017741523,-0.8771448854885004,0.9178037252560072,0.9178871560725705,0.0
pp_primary_long,B,1.7453292519943295,0.5555555555555556,228,-2.7408464774497343,-0.08463108824515397,0.9172055087633401,0.9178707179720483,0.842915565361148
pp_primary_long,B,1.7453292519943295,0.5555555555555556,229,-3.084358198953365,-0.4623369178384398,0.9178097123426575,0.9178888623694539,0.0
pp_primary_long,B,1.7453292519943295,0.5555555555555556,230,-2.681145486256275,-0.043565935062431685,0.917192741325083,0.9178673913121432,0.8429315591998284
pp_primary_long,B,1.7453292519943295,0.5555555555555556,231,-2.466374057958989,0.17188254079455634,0.9177970778419954,0.9178834879014254,0.0
pp_primary_long,B,1.7453292519943295,0.5555555555555556,232,-2.6128458445420795,0.0018083872343803292,0.9172264030323877,0.9178750797170828,0.8430133935052788
pp_primary_long,B,1.7453292519943295,0.5555555555555556,233,-1.9553432496837084,0.699934169947867,0.91779970042997,0.9178826284751734,0.0
pp_primary_long,B,1.7453292519943295,0.5555555555555556,234,-2.582701818374912,0.028236289795722555,0.9172237803598711,0.9178734559491448,0.8430110290026499
pp_primary_long,B,1.7453292519943295,0.5555555555555556,235,-1.8262390687216699,0.8505539085036471,0.9178254142863189,0.9178888858133137,0.0
pp_primary_long,B,1.7453292519943295,0.5555555555555556,236,-2.6177111869342737,0.022234434314441845,0.9172499135536575,0.9178773710379722,0.8430591219279475
pp_primary_long,B,1.7453292519943295,0.5555555555555556,237,-2.156674887814721,0.5464023649923573,0.9178281657436234,0.9178900984076065,0.0
pp_primary_long,B,1.7453292519943295,0.5555555555555556,238,-2.7118209853588837,-0.013128498549613288,0.9173226707814837,0.9178886310482515,0.8433488013316283
pp_primary_long,B,1.7453292519943295,0.5555555555555556,239,-2.789013413389123,-0.05658087227100633,0.9178429813001548,0.91789006385799,0.0
pp_primary_long,B,1.7453292519943295,0.5555555555555556,240,-2.8283222090034594,-0.05962226855886725,0.9172969675287278,0.9178864554642819,0.8432524840309468
pp_primary_long,B,1.7453292519943295,0.5555555555555556,241,-3.4100211466335817,-0.6483676302146268,0.9178523945186196,0.9178901772156751,0.0
pp_primary_long,B,1.7453292519943295,0.5555555555555556,242,-2.9192694699256085,-0.0934292311882179,0.9173022976479975,0.9178877067911545,0.8432614338689597
pp_primary_long,B,1.7453292519943295,0.5555555555555556,243,-3.7128595511306446,-0.9250342363429188,0.9178250316032236,0.9178887205136844,0.0
pp_primary_long,B,1.7453292519943295,0.5555555555555556,244,-2.9500953659642293,-0.0972932080750177,0.9172731433573517,0.917881884886915,0.843131618251421
pp_primary_long,B,1.7453292519943295,0.5555555555555556,245,-3.5532834379520266,-0.7444015922635009,0.917822525647784,0.9178892934625882,0.0
pp_primary_long,B,1.7453292519943295,0.5555555555555556,246,-2.916642958898153,-0.06919586377441707,0.9172134645988774,0.9178715864933513,0.8429589037141476
pp_primary_long,B,1.7453292519943295,0.5555555555555556,247,-3.025666200114899,-0.19943635975151147,0.917810513914178,0.9178848056505058,0.0
pp_primary_long,B,1.7453292519943295,0.5555555555555556,248,-2.8471985828758974,-0.023267031616886175,0.917222111673701,0.9178739711017029,0.8430047217577531
pp_primary_long,B,1.7453292519943295,0.5555555555555556,249,-2.412329968294414,0.4299643438187143,0.9177946794009406,0.9178809293122209,0.0
pp_primary_long,B,1.7453292519943295,0.5555555555555556,250,-2.790343052125027,0.016446368570361608,0.9172178668343838,0.9178718703598894,0.8429997436949113
pp_primary_long,B,1.7453292519943295,0.5555555555555556,251,-2.0404189800387504,0.8205437986044524,0.9178066125719057,0.91788492354026,0.0
pp_primary_long,B,1.7453292519943295,0.5555555555555556,252,-2.7862029187111035,0.029894155604957992,0.9172002652817905,0.917867897214309,0.8429204168737835
pp_primary_long,B,1.7453292519943295,0.5555555555555556,253,-2.1127183971194876,0.7718366477663045,0.917813770196981,0.9178863893500077,0.0
pp_primary_long,B,1.7453292519943295,0.5555555555555556,254,-2.8494599035740054,0.009864296081568955,0.9172583584759081,0.9178783553635925,0.8430980778959429
pp_primary_long,B,1.7453292519943295,0.5555555555555556,255,-2.603785729431985,0.3086628241037178,0.9178170064907291,0.9178849640270599,0.0
pp_primary_long,B,1.7453292519943295,0.5555555555555556,256,-2.9587629644868025,-0.03305101741862774,0.9172850880440929,0.9178830665024764,0.8432197018030425
pp_primary_long,B,1.7453292519943295,0.5555555555555556,257,-3.2732451758083974,-0.33109800138158474,0.9178462360636632,0.917888226803818,0.0
pp_primary_long,B,1.7453292519943295,0.5555555555555556,258,-3.0699812354889087,-0.07694093541505566,0.917291521233039,0.9178843383295558,0.8432351823198805
pp_primary_long,B,1.7453292519943295,0.5555555555555556,259,-3.7890969184073526,-0.8187176232856728,0.9178406098023852,0.9178893839747894,0.0
pp_primary_long,B,1.7453292519943295,0.5555555555555556,260,-3.1376139364405,-0.09915917073297517,0.9173206708918469,0.9178882171479618,0.8433282251954759
pp_primary_long,B,1.7453292519943295,0.5555555555555556,261,-3.8980428197610335,-0.9037059519569279,0.9178336666788354,0.9178893871727498,0.0
pp_primary_long,B,1.7453292519943295,0.5555555555555556,262,-3.139594079277683,-0.08865192684712897,0.9172641871167162,0.9178801048034968,0.8431030939135544
pp_primary_long,B,1.7453292519943295,0.5555555555555556,263,-3.5559417075060717,-0.542341910755763,0.9178312963230486,0.9178872098683696,0.0
pp_primary_long,B,1.7453292519943295,0.5555555555555556,264,-3.0855442155059007,-0.05034114313012113,0.917243482835786,0.9178774198029233,0.8430612588097204
pp_primary_long,B,1.7453292519943295,0.5555555555555556,265,-2.950559760130015,0.07956506049128564,0.9178091581964319,0.9178826984734776,0.0
pp_primary_long,B,1.7453292519943295,0.5555555555555556,266,-3.015822815810724,-0.004224683506622334,0.917240405538191,0.917876025853154,0.8430557038140565
pp_primary_long,B,1.7453292519943295,0.5555555555555556,267,-2.4042704835383972,0.6425867854099774,0.9178041510134063,0.9178836067355554,0.0
pp_primary_long,B,1.7453292519943295,0.5555555555555556,268,-2.9776000703436676,0.026191003492889428,0.9172046734505637,0.9178677281777492,0.8429659296739522
pp_primary_long,B,1.7453292519943295,0.5555555555555556,269,-2.2099814016667443,0.8575871402559692,0.9178092039048634,0.9178847272719217,0.0
pp_primary_long,B,1.7453292519943295,0.5555555555555556,270,-3.0026233416127823,0.025144557756475866,0.9172080190802879,0.9178698579928982,0.8429299553188032
pp_primary_long,B,1.7453292519943295,0.5555555555555556,271,-2.4788309307912435,0.6142595185646943,0.9177999344503629,0.9178814728591406,0.0
pp_primary_long,B,1.7453292519943295,0.5555555555555556,272,-3.0899413008367205,-0.006836829696140356,0.9172488454006025,0.9178768784125048,0.8430839940613312
pp_primary_long,B,1.7453292519943295,0.5555555555555556,273,-3.084821730981878,0.03736568220063208,0.917819017419748,0.9178837034991887,0.0
pp_primary_long,B,1.7453292519943295,0.5555555555555556,274,-3.206165909550066,-0.05320917923120276,0.9172485565566663,0.9178764469926564,0.8430819568069552
pp_primary_long,B,1.7453292519943295,0.5555555555555556,275,-3.7283044493723465,-0.5766617612226596,0.9178372491338088,0.9178876816631747,0.0
pp_primary_long,B,1.7453292519943295,0.5555555555555556,276,-3.3032299568713475,-0.09008753802194064,0.9173046959800177,0.917884368574928,0.8432957389837039
pp_primary_long,B,1.7453292519943295,0.5555555555555556,277,-4.090759312060194,-0.9125171380519853,0.9178330364070247,0.9178878169632957,0.0
pp_primary_long,B,1.7453292519943295,0.5555555555555556,278,-3.3436125958930605,-0.09871921062551957,0.9173040081383831,0.9178854507042467,0.8432605289765601
pp_primary_long,B,1.7453292519943295,0.5555555555555556,279,-3.9974200820906995,-0.7974703183073093,0.9178423965179663,0.9178878465193104,0.0
pp_primary_long,B,1.7453292519943295,0.5555555555555556,280,-3.3182653541306535,-0.07464747817665343,0.9172703464592024,0.9178813388683424,0.843140570526595
pp_primary_long,B,1.7453292519943295,0.5555555555555556,281,-3.508561263328453,-0.2907112696076861,0.917829892461449,0.9178854645261286,0.0
pp_primary_long,B,1.7453292519943295,0.5555555555555556,282,-3.2516805275268776,-0.03009233070859524,0.9172715813212426,0.9178814319617462,0.8431398786161919
pp_primary_long,B,1.7453292519943295,0.5555555555555556,283,-2.8866267949879627,0.34739221397240927,0.9178150219414042,0.9178845068719845,0.0
pp_primary_long,B,1.7453292519943295,0.5555555555555556,284,-3.1903339363931713,0.011870416397238195,0.9172431478383711,0.9178744824468358,0.8430802527483622
pp_primary_long,B,1.7453292519943295,0.5555555555555556,285,-2.463258893382825,0.7889876318494449,0.9178157675434983,0.9178850308242911,0.0
pp_primary_long,B,1.7453292519943295,0.5555555555555556,286,-3.1768596065641086,0.02996202129868944,0.917208743652054,0.9178691914436964,0.8429614867698563
pp_primary_long,B,1.7453292519943295,0.5555555555555556,287,-2.467550227213078,0.8074387084110678,0.9178036204422871,0.9178813360921693,0.0
pp_primary_long,B,1.7453292519943295,0.5555555555555556,288,-3.2308798353227655,0.014525972472422807,0.9172261768031443,0.9178732340401065,0.8430004259692753
pp_primary_long,B,1.7453292519943295,0.5555555555555556,289,-2.9091160545407866,0.3932031834479331,0.9177984231149026,0.9178802831489873,0.0
pp_primary_long,B,1.7453292519943295,0.5555555555555556,290,-3.335944425662496,-0.026291309844080013,0.9172180613894105,0.9178710569795125,0.8429753582092523
pp_primary_long,B,1.7453292519943295,0.5555555555555556,291,-3.5729609252708157,-0.24093674549796612,0.9178203119462219,0.9178845913252446,0.0
pp_primary_long,B,1.7453292519943295,0.5555555555555556,292,-3.449900021130996,-0.07155765926146018,0.9172444118567569,0.9178744443023061,0.8430729906614565
pp_primary_long,B,1.7453292519943295,0.5555555555555556,293,-4.12996291592408,-0.7693320304785969,0.9178219565451892,0.9178851092112807,0.0
pp_primary_long,B,1.7453292519943295,0.5555555555555556,294,-3.5257645744029324,-0.09788046401063215,0.9172981733716733,0.9178832318328105,0.8432712476660725
pp_primary_long,B,1.7453292519943295,0.5555555555555556,295,-4.305631263670206,-0.9205444527553782,0.9178343599622083,0.9178856613882269,0.0
pp_primary_long,B,1.7453292519943295,0.5555555555555556,296,-3.5370596614895007,-0.09203660311705042,0.9172813355471106,0.9178820336745872,0.8431877618555536
pp_primary_long,B,1.7453292519943295,0.5555555555555556,297,-4.021668149203311,-0.616748032487043,0.9178414202991999,0.9178865539136494,0.0
pp_primary_long,B,1.7453292519943295,0.5555555555555556,298,-3.489054504936588,-0.056732590670153696,0.9172880146950015,0.9178833640883041,0.8432022745722949
pp_primary_long,B,1.7453292519943295,0.5555555555555556,299,-3.43579157269746,-0.014068885799476072,0.9178280727181821,0.9178858270365076,0.0
pp_primary_long,B,1.7453292519943295,0.5555555555555556,300,-3.418970557925503,-0.010404388647630228,0.9172815964914965,0.9178816318345474,0.8431733874866176
pp_primary_long,B,1.7453292519943295,0.5555555555555556,301,-2.860534928027913,0.5778398038280719,0.9178258598551391,0.9178859125042728,0.0
pp_primary_long,B,1.7453292519943295,0.5555555555555556,302,-3.373824995903623,0.02347875636138766,0.9172439912585931,0.9178746847341462,0.8430868737406931
pp_primary_long,B,1.7453292519943295,0.5555555555555556,303,-2.6035550285376607,0.8549067205514622,0.9178199910230854,0.9178834211371937,0.0
pp_primary_long,B,1.7453292519943295,0.5555555555555556,304,-3.3890386086863624,0.027326670692736116,0.917233781896307,0.9178742986027787,0.8430321760394675
pp_primary_long,B,1.7453292519943295,0.5555555555555556,305,-2.8083026761209373,0.6749380141895187,0.917800652585469,0.9178801472983368,0.0
pp_primary_long,B,1.7453292519943295,0.5555555555555556,306,-3.4687328582101467,-0.000874141886326063,0.9172255931866173,0.9178720152386793,0.8430105990550048
pp_primary_long,B,1.7453292519943295,0.5555555555555556,307,-3.381679603060741,0.13033227983147905,0.9178069842347801,0.9178823220190178,0.0
pp_primary_long,B,1.7453292519943295,0.5555555555555556,308,-3.583688423045205,-0.04662302287394248,0.9172012584864087,0.9178676540454904,0.8429077923518331
pp_primary_long,B,1.7453292519943295,0.5555555555555556,309,-4.04079663810559,-0.4991020557481001,0.9178114923712146,0.9178829597213024,0.0
pp_primary_long,B,1.7453292519943295,0.5555555555555556,310,-3.6863660306663117,-0.08628472332660414,0.9172535157832298,0.9178758238120279,0.8431145059765082
pp_primary_long,B,1.7453292519943295,0.5555555555555556,311,-4.459030930098426,-0.8902504487251153,0.9178146833623783,0.9178821659540596,0.0
pp_primary_long,B,1.7453292519943295,0.5555555555555556,312,-3.7361332756216017,-0.09960000260446597,0.9172684021908311,0.9178789308424163,0.8431592952039617
pp_primary_long,B,1.7453292519943295,0.5555555555555556,313,-4.433096284012469,-0.8420259989098641,0.9178351830136855,0.9178849244487777,0.0
pp_primary_long,B,1.7453292519943295,0.5555555555555556,314,-3.719025376884497,-0.0796705436990442,0.9172761011011707,0.9178801253809509,0.8431844352796458
pp_primary_long,B,1.7453292519943295,0.5555555555555556,315,-3.9885176372933318,-0.3791904354162252,0.917833536352647,0.9178859577004157,0.0
pp_primary_long,B,1.7453292519943295,0.5555555555555556,316,-3.655815192424237,-0.03679347314067745,0.9172962758258976,0.917883812218551,0.8432198744569249
pp_primary_long,B,1.7453292519943295,0.5555555555555556,317,-3.3650041106878437,0.26053898083227556,0.9178308060732863,0.9178859214357555,0.0
pp_primary_long,B,1.7453292519943295,0.5555555555555556,318,-3.5909430169240535,0.006945722743629618,0.9172775070291302,0.9178805268816969,0.8431754955407409
pp_primary_long,B,1.7453292519943295,0.5555555555555556,319,-2.8950447867486506,0.7484083220232907,0.9178335631362161,0.9178852456770535,0.0
pp_primary_long,B,1.7453292519943295,0.5555555555555556,320,-3.568872134032865,0.029344446999906654,0.917257419359319,0.9178778477747778,0.8431153494483111
pp_primary_long,B,1.7453292519943295,0.5555555555555556,321,-2.83162452678902,0.8338845134972539,0.9178184476981214,0.9178824066000886,0.0
pp_primary_long,B,1.7453292519943295,0.5555555555555556,322,-3.6134257164034382,0.018619924057513754,0.9172566917948318,0.9178770830260605,0.8431195723257652
pp_primary_long,B,1.7453292519943295,0.5555555555555556,323,-3.2192303410358623,0.4730344293923828,0.917808350780144,0.9178821436828293,0.0
pp_primary_long,B,1.7453292519943295,0.5555555555555556,324,-3.7132626690191026,-0.019607158573974423,0.9172129342401949,0.917869290641023,0.8429595166970676
pp_primary_long,B,1.7453292519943295,0.5555555555555556,325,-3.8705171802845557,-0.14864655175343922,0.9178111222302755,0.9178825515694541,0.0
pp_primary_long,B,1.7453292519943295,0.5555555555555556,326,-3.8290738858125417,-0.06578371133181132,0.9172146548742083,0.9178700518883643,0.8429585760086544
pp_primary_long,B,1.7453292519943295,0.5555555555555556,327,-4.4628233594154665,-0.711941315478397,0.9178018070863564,0.9178800283843616,0.0
pp_primary_long,B,1.7453292519943295,0.5555555555555556,328,-3.9128772663965403,-0.09603916986614447,0.9172444638203967,0.9178748099020483,0.8430779462364313
pp_primary_long,B,1.7453292519943295,0.5555555555555556,329,-4.703542898581498,-0.9275593206685494,0.9178167586193513,0.9178818317060418,0.0
pp_primary_long,B,1.7453292519943295,0.5555555555555556,330,-3.933697148167028,-0.09496746872489764,0.9172449350098386,0.9178743475197874,0.8430849965874541
pp_primary_long,B,1.7453292519943295,0.5555555555555556,331,-4.4810210690147,-0.684666661045378,0.9178283604242791,0.9178845470724634,0.0
pp_primary_long,B,1.7453292519943295,0.5555555555555556,332,-3.8921909058629396,-0.06292819268699282,0.9172792525131859,0.9178798507044885,0.8431933426304724
pp_primary_long,B,1.7453292519943295,0.5555555555555556,333,-3.9212499311215314,-0.10798564572490138,0.9178271015973429,0.9178846052010693,0.0
pp_primary_long,B,1.7453292519943295,0.5555555555555556,334,-3.8223430357872443,-0.01672004075568702,0.9172875510507748,0.9178822061044573,0.8431947190186819
pp_primary_long,B,1.7453292519943295,0.5555555555555556,335,-3.323493600153649,0.5062554696703879,0.9178351344202852,0.9178851173882512,0.0
pp_primary_long,B,1.7453292519943295,0.5555555555555556,336,-3.7710087981008025,0.020258260745722234,0.9172734305639524,0.9178801425318351,0.8431640538763723
pp_primary_long,B,1.7453292519943295,0.5555555555555556,337,-3.0068538033565773,0.8424621874764189,0.9178336831149568,0.9178845026594239,0.0
pp_primary_long,B,1.7453292519943295,0.5555555555555556,338,-3.7766978203662407,0.02886401870817004,0.9172798329772885,0.9178810727754124,0.8431848953754846
pp_primary_long,B,1.7453292519943295,0.5555555555555556,339,-3.1455263843717405,0.727927709003217,0.9178200739803737,0.9178833946213554,0.0
pp_primary_long,B,1.7453292519943295,0.5555555555555556,340,-3.8482255592526187,0.004722751446618351,0.9172588714770121,0.9178764036554359,0.8431339087371983
pp_primary_long,B,1.7453292519943295,0.5555555555555556,341,-3.6803011992588512,0.22151307722469615,0.917819710104926,0.9178835019051514,0.0
pp_primary_long,B,1.7453292519943295,0.5555555555555556,342,-3.960840149591463,-0.039856975053788775,0.9172175891705031,0.9178706240174449,0.8429655472626694
pp_primary_long,B,1.7453292519943295,0.5555555555555556,343,-4.348143024442981,-0.41652477522214193,0.9178070642091471,0.9178806118464214,0.0
pp_primary_long,B,1.7453292519943295,0.5555555555555556,344,-4.068357352531896,-0.08190248890994391,0.9172325268550211,0.9178731755113807,0.8430264095403169
pp_primary_long,B,1.7453292519943295,0.5555555555555556,345,-4.817919344082758,-0.8586206143131027,0.9178026843750522,0.9178797283617258,0.0
pp_primary_long,B,1.7453292519943295,0.5555555555555556,346,-4.127498057398859,-0.09987807223039442,0.9172229020914126,0.9178709246818222,0.842996502270796
pp_primary_long,B,1.7453292519943295,0.5555555555555556,347,-4.859974986045305,-0.8776330216978361,0.9178174750722272,0.9178825596123977,0.0
pp_primary_long,B,1.7453292519943295,0.5555555555555556,348,-4.1192558162488515,-0.08438536197309797,0.917242405035167,0.9178731172564357,0.8430857053823323
pp_primary_long,B,1.7453292519943295,0.5555555555555556,349,-4.464779758808071,-0.46382973841058817,0.917818236876656,0.9178827173256672,0.0
pp_primary_long,B,1.7453292519943295,0.5555555555555556,350,-4.0600936384060695,-0.04353864218903809,0.9172730532087453,0.9178791507319405,0.8431623477578645
pp_primary_long,B,1.7453292519943295,0.5555555555555556,351,-3.846733116613999,0.170351349956548,0.9178256098907583,0.9178831378885395,0.0
pp_primary_long,B,1.7453292519943295,0.5555555555555556,352,-3.9922855443905396,0.0016449285094645716,0.917270997271943,0.9178793097467727,0.8431535993527939
pp_primary_long,B,1.7453292519943295,0.5555555555555556,353,-3.3355098681284976,0.699091907007148,0.9178354470337321,0.9178846236577284,0.0
pp_primary_long,B,1.7453292519943295,0.5555555555555556,354,-3.9620299271726367,0.028124168450496353,0.9172786743028851,0.917880783119265,0.8431702998913663
pp_primary_long,B,1.7453292519943295,0.5555555555555556,355,-3.205247568181389,0.8507861823169346,0.9178297006503475,0.917884401054689,0.0
pp_primary_long,B,1.7453292519943295,0.5555555555555556,356,-3.9970291134551053,0.022163122975530886,0.9172913554409878,0.9178818730240769,0.8432356243682173
pp_primary_long,B,1.7453292519943295,0.5555555555555556,357,-3.534817262346052,0.5474048703692818,0.9178280174728116,0.9178843753072959,0.0
pp_primary_long,B,1.7453292519943295,0.5555555555555556,358,-4.0908381983299495,-0.01306131962263632,0.9172534065136003,0.9178759571267929,0.8431046113528913
pp_primary_long,B,1.7453292519943295,0.5555555555555556,359,-4.166653260771179,-0.05504527119182029,0.9178236814719717,0.9178828083315752,0.0
pp_primary_long,B,1.7453292519943295,0.5555555555555556,360,-4.207388283988543,-0.05959535007339823,0.9172428682673087,0.9178749992664383,0.8430570923480762
pp_primary_long,B,1.7453292519943295,0.5555555555555556,361,-4.788106777290645,-0.6471476273067088,0.9178054988908136,0.9178801052809025,0.0
pp_primary_long,B,1.7453292519943295,0.5555555555555556,362,-4.298515687216525,-0.09347692259815653,0.9172315371385723,0.9178726422124112,0.8430168068333352
pp_primary_long,B,1.7453292519943295,0.5555555555555556,363,-5.091613397326591,-0.9247783980002617,0.9178102751307178,0.9178813909527244,0.0
pp_primary_long,B,1.7453292519943295,0.5555555555555556,364,-4.329234982116577,-0.09732871663805144,0.9172156122413224,0.9178691179473065,0.8429773854747937
pp_primary_long,B,1.7453292519943295,0.5555555555555556,365,-4.933283638905536,-0.7453768911241452,0.9178119142798679,0.9178815220816149,0.0
pp_primary_long,B,1.7453292519943295,0.5555555555555556,366,-4.295164167042606,-0.06898987798094267,0.9172464410142896,0.917874187000152,0.8430924195769509
pp_primary_long,B,1.7453292519943295,0.5555555555555556,367,-4.406059979748118,-0.20107479943414147,0.9178128385108132,0.9178807952344264,0.0
pp_primary_long,B,1.7453292519943295,0.5555555555555556,368,-4.226345361449173,-0.023318234948003697,0.9172559652617949,0.9178763708105488,0.8431096650179825
pp_primary_long,B,1.7453292519943295,0.5555555555555556,369,-3.7926129575329055,0.4286079806934255,0.9178257076631482,0.9178828761782512,0.0
pp_primary_long,B,1.7453292519943295,0.5555555555555556,370,-4.169307876521728,0.016473201028875797,0.9172597584570954,0.9178770017253574,0.8431162886083228
pp_primary_long,B,1.7453292519943295,0.5555555555555556,371,-3.4199639303278646,0.8202261718000614,0.9178297008504525,0.9178840957616758,0.0
pp_primary_long,B,1.7453292519943295,0.5555555555555556,372,-4.165572940280876,0.029773571576734714,0.9172866521062993,0.9178814580748361,0.843197705398938
pp_primary_long,B,1.7453292519943295,0.5555555555555556,373,-3.4911479490129635,0.7725325125282614,0.9178286723922692,0.9178840835766636,0.0
pp_primary_long,B,1.7453292519943295,0.5555555555555556,374,-4.22851931275626,0.009911133650232107,0.9172832785310476,0.9178804932438059,0.8432121275176861
pp_primary_long,B,1.7453292519943295,0.5555555555555556,375,-3.9815850589489217,0.31000185253259716,0.9178350152217121,0.9178842707707678,0.0
pp_primary_long,B,1.7453292519943295,0.5555555555555556,376,-4.337782363221201,-0.03299887748322559,0.9172629969957116,0.9178779999530918,0.8431303310318161
pp_primary_long,B,1.7453292519943295,0.5555555555555556,377,-4.651058261232304,-0.3296640989484234,0.9178212656116156,0.917882194070184,0.0
pp_primary_long,B,1.7453292519943295,0.5555555555555556,378,-4.4490552701010895,-0.07690741353568245,0.9172618248746038,0.9178774899771032,0.8431267587898965
pp_primary_long,B,1.7453292519943295,0.5555555555555556,379,-5.167554148414329,-0.817941038576034,0.9178128074752182,0.9178816769516988,0.0
pp_primary_long,B,1.7453292519943295,0.5555555555555556,380,-4.517232087701054,-0.09936501322560605,0.9172241053967147,0.9178710927850241,0.8429859964043923
pp_primary_long,B,1.7453292519943295,0.5555555555555556,381,-5.277485610345637,-0.9039761173330325,0.917813746916445,0.9178817064462541,0.0
pp_primary_long,B,1.7453292519943295,0.5555555555555556,382,-4.518582412761887,-0.08862510540619194,0.9172273892365617,0.9178712381368949,0.8430221595002091
pp_primary_long,B,1.7453292519943295,0.5555555555555556,383,-4.936371952711382,-0.5436989165392331,0.9178065192360279,0.9178797567521214,0.0
pp_primary_long,B,1.7453292519943295,0.5555555555555556,384,-4.464576743045342,-0.05034108341369356,0.9172419379280228,0.9178738822014291,0.8430676101351471
pp_primary_long,B,1.7453292519943295,0.5555555555555556,385,-4.330941691786967,0.07790793060809748,0.9178135101470072,0.9178807434565253,0.0
pp_primary_long,B,1.7453292519943295,0.5555555555555556,386,-4.394680793841683,-0.004155262984608055,0.9172395321234017,0.9178729784084934,0.8430652052331717
pp_primary_long,B,1.7453292519943295,0.5555555555555556,387,-3.7843340524296285,0.6415706374660686,0.917822378844318,0.9178827514617528,0.0
pp_primary_long,B,1.7453292519943295,0.5555555555555556,388,-4.356554615063331,0.02622403440938602,0.9172585549322978,0.9178766108285298,0.8431031011212222
pp_primary_long,B,1.7453292519943295,0.5555555555555556,389,-3.588819727468348,0.8577949218545948,0.9178223539133604,0.9178827493888383,0.0
pp_primary_long,B,1.7453292519943295,0.5555555555555556,390,-4.381801040519391,0.02512064402167241,0.9172820695879028,0.9178804233231388,0.8431944335244769
pp_primary_long,B,1.7453292519943295,0.5555555555555556,391,-3.8568266138676073,0.6153708690866515,0.917831862666221,0.9178836601091162,0.0
pp_primary_long,B,1.7453292519943295,0.5555555555555556,392,-4.468865397185662,-0.006744846232851015,0.9172723426836613,0.9178791199214499,0.8431655186578197
pp_primary_long,B,1.7453292519943295,0.5555555555555556,393,-4.462402760432989,0.03890708095746187,0.9178340682402347,0.9178838188113455,0.0
pp_primary_long,B,1.7453292519943295,0.5555555555555556,394,-4.5850461313783555,-0.05310066921807555,0.9172829045482522,0.9178806613885684,0.8432052600202137
pp_primary_long,B,1.7453292519943295,0.5555555555555556,395,-5.106384900467528,-0.5755149856680628,0.9178219931329621,0.917882775323285,0.0
pp_primary_long,B,1.7453292519943295,0.5555555555555556,396,-4.6825654961889365,-0.09015825954958825,0.9172607343362201,0.9178769795270956,0.8431165697330538
pp_primary_long,B,1.7453292519943295,0.5555555555555556,397,-5.469634635231839,-0.9121983495737827,0.9178218862989155,0.9178827650705731,0.0
pp_primary_long,B,1.7453292519943295,0.5555555555555556,398,-4.723173777195917,-0.09891080256448287,0.9172318045409413,0.9178724701216165,0.8430180248172505
pp_primary_long,B,1.7453292519943295,0.5555555555555556,399,-5.377581845403485,-0.7982668645197858,0.9178118790430635,0.917880623458583,0.0
pp_primary_long,B,1.7453292519943295,0.5555555555555556,400,-4.697487898377261,-0.07471450870762489,0.9172399687895053,0.9178737507343595,0.8430562926633909
pp_primary_long,B,1.7453292519943295,0.5555555555555556,401,-4.889114320598813,-0.29229249625454073,0.9178076402488917,0.9178797716853435,0.0
pp_primary_long,B,1.7453292519943295,0.5555555555555556,402,-4.630922994870355,-0.03017452082888178,0.917231885755371,0.9178717026566834,0.8430389238844456
pp_primary_long,B,1.7453292519943295,0.5555555555555556,403,-4.267084304004591,0.3458482854495877,0.9178150426111911,0.9178814486355894,0.0
pp_primary_long,B,1.7453292519943295,0.5555555555555556,404,-4.568998687841258,0.012022535965336825,0.9172337194359454,0.9178718326174866,0.8430417437718635
pp_primary_long,B,1.7453292519943295,0.5555555555555556,405,-3.8427922057584016,0.7884417523577794,0.9178153452105893,0.9178813841041059,0.0
pp_primary_long,B,1.7453292519943295,0.5555555555555556,406,-4.555918587511844,0.029965591676447634,0.917258611447951,0.9178766699452463,0.8431061405990121
pp_primary_long,B,1.7453292519943295,0.5555555555555556,407,-3.8458789138217018,0.8081049473804405,0.9178195941914347,0.9178816457518749,0.0
pp_primary_long,B,1.7453292519943295,0.5555555555555556,408,-4.609781679775269,0.014620119356274164,0.9172639225176852,0.9178774791133395,0.8431352139021959
pp_primary_long,B,1.7453292519943295,0.5555555555555556,409,-4.286706902033167,0.3946933537391376,0.9178327242516056,0.9178835087591082,0.0
pp_primary_long,B,1.7453292519943295,0.5555555555555556,410,-4.714776837852366,-0.026172372702927674,0.9172753551142013,0.917879317385543,0.8431735973018692
pp_primary_long,B,1.7453292519943295,0.5555555555555556,411,-4.950563799732288,-0.23942997672141236,0.9178286563015471,0.9178834190728442,0.0
pp_primary_long,B,1.7453292519943295,0.5555555555555556,412,-4.828736024563374,-0.07142224842283881,0.9172894823525828,0.917881194140853,0.8432310522927967
pp_primary_long,B,1.7453292519943295,0.5555555555555556,413,-5.508273919151511,-0.7685359795320312,0.917828362162104,0.9178834559621217,0.0
pp_primary_long,B,1.7453292519943295,0.5555555555555556,414,-4.9052578007111345,-0.09802788477384784,0.9172564740438275,0.9178765181397606,0.8430986636581181
pp_primary_long,B,1.7453292519943295,0.5555555555555556,415,-5.685136978649671,-0.9207373999720617,0.91782456684283,0.9178824389054712,0.0
pp_primary_long,B,1.7453292519943295,0.5555555555555556,416,-4.916466426658448,-0.09216975610029127,0.9172511143731439,0.9178757781010581,0.8430867508484097
pp_primary_long,B,1.7453292519943295,0.5555555555555556,417,-5.402225183267632,-0.6179627315725084,0.9178119549634948,0.9178804873363406,0.0
pp_primary_long,B,1.7453292519943295,0.5555555555555556,418,-4.868721003305471,-0.056979652453605534,0.9172422971826,0.9178739246505412,0.8430577070919055
pp_primary_long,B,1.7453292519943295,0.5555555555555556,419,-4.816472313372918,-0.015740070976618337,0.9178131679348803,0.9178810567029023,0.0
pp_primary_long,B,1.7453292519943295,0.5555555555555556,420,-4.79802528682597,-0.010404088561383043,0.9172276947935749,0.9178705977395757,0.8430312567675884
pp_primary_long,B,1.7453292519943295,0.5555555555555556,421,-4.240841641210343,0.5765843791218379,0.9178132521194368,0.9178809172353923,0.0
pp_primary_long,B,1.7453292519943295,0.5555555555555556,422,-4.752676632940762,0.02356112606598265,0.9172377696669411,0.9178729716194495,0.8430459016021347
pp_primary_long,B,1.7453292519943295,0.5555555555555556,423,-3.9825246460759116,0.8548436199462458,0.9178100336926435,0.9178799634473542,0.0
pp_primary_long,B,1.7453292519943295,0.5555555555555556,424,-4.767967775432637,0.027398803797080915,0.9172486545323625,0.9178748409643065,0.8430830259762212
pp_primary_long,B,1.7453292519943295,0.5555555555555556,425,-4.186233294573171,0.6760390872158338,0.9178208526504954,0.9178817165480527,0.0
pp_primary_long,B,1.7453292519943295,0.5555555555555556,426,-4.84753775678479,-0.0007473892683761835,0.9172500923183757,0.9178750870505359,0.843080974927265
pp_primary_long,B,1.7453292519943295,0.5555555555555556,427,-4.759015269976792,0.1320449397509048,0.9178268817701722,0.9178829208025706,0.0
pp_primary_long,B,1.7453292519943295,0.5555555555555556,428,-4.962374873866375,-0.04643852121300936,0.9172829832055447,0.9178800126201985,0.8432077535975271
pp_primary_long,B,1.7453292519943295,0.5555555555555556,429,-5.418538405606676,-0.4978056441536627,0.9178269439805989,0.917882964901911,0.0
pp_primary_long,B,1.7453292519943295,0.5555555555555556,430,-5.065350925936691,-0.0862143229425896,0.9172782659321742,0.917879586202355,0.843186359259391
pp_primary_long,B,1.7453292519943295,0.5555555555555556,431,-5.8377021790551655,-0.8898581554690977,0.9178330880655936,0.917883462298151,0.0
pp_primary_long,B,1.7453292519943295,0.5555555555555556,432,-5.115437621404913,-0.09968450241213309,0.9172650263192914,0.9178779076606052,0.8431344407622127
pp_primary_long,B,1.7453292519943295,0.5555555555555556,433,-5.81320334289884,-0.8427364783164495,0.9178228862794844,0.917882091879932,0.0
pp_primary_long,B,1.7453292519943295,0.5555555555555556,434,-5.098629199487008,-0.07988537586162095,0.9172636526064772,0.9178776752240069,0.8431222123864266
pp_primary_long,B,1.7453292519943295,0.5555555555555556,435,-5.369218285329811,-0.38067345058301316,0.9178172451445482,0.9178816117287982,0.0
pp_primary_long,B,1.7453292519943295,0.5555555555555556,436,-5.035553514624596,-0.03706678811247206,0.9172411187229579,0.9178732942871766,0.8430599186284367
pp_primary_long,B,1.7453292519943295,0.5555555555555556,437,-4.745803989343136,0.2589293058289411,0.9178171363391348,0.9178814814414458,0.0
pp_primary_long,B,1.7453292519943295,0.5555555555555556,438,-4.969947236966007,0.006970180098830173,0.9172343330883851,0.9178721459627309,0.8430461426413898
pp_primary_long,B,1.7453292519943295,0.5555555555555556,439,-4.2749020668228805,0.7475742428368659,0.9178099477464635,0.9178797906233634,0.0
pp_primary_long,B,1.7453292519943295,0.5555555555555556,440,-4.9478949194638115,0.02937005878828909,0.9172412468446658,0.9178735698140468,0.8430609244329729
pp_primary_long,B,1.7453292519943295,0.5555555555555556,441,-4.210185810324021,0.8342759678332088,0.9178106812801631,0.9178800980088024,0.0
pp_primary_long,B,1.7453292519943295,0.5555555555555556,442,-4.992203196297435,0.018760396903624743,0.9172328727074135,0.9178719642576235,0.8430292292105142
pp_primary_long,B,1.7453292519943295,0.5555555555555556,443,-4.596781798186719,0.4745262493606241,0.9178195007485461,0.9178817339904347,0.0
pp_primary_long,B,1.7453292519943295,0.5555555555555556,444,-5.092037209482084,-0.019468303911761284,0.9172511601854842,0.9178750258677995,0.8430853970352487
pp_primary_long,B,1.7453292519943295,0.5555555555555556,445,-5.247845007439349,-0.14694217116582187,0.9178194467324786,0.9178816495362004,0.0
pp_primary_long,B,1.7453292519943295,0.5555555555555556,446,-5.2077430628140196,-0.06558515827746919,0.9172763130247914,0.917878943272922,0.8431866594145543
pp_primary_long,B,1.7453292519943295,0.5555555555555556,447,-5.840755827769238,-0.7109373409584251,0.9178294204038403,0.9178827131751943,0.0
pp_primary_long,B,1.7453292519943295,0.5555555555555556,448,-5.291890995533957,-0.09599763371592543,0.9172684276652212,0.9178780805335343,0.8431518769514073
pp_primary_long,B,1.7453292519943295,0.5555555555555556,449,-6.082780316705561,-0.9276542345100945,0.9178311498772741,0.9178831121243731,0.0
pp_primary_long,B,1.7453292519943295,0.5555555555555556,450,-5.312848077727413,-0.09499494099331746,0.9172779245747602,0.9178796630231741,0.8431807426675437
pp_primary_long,B,1.7453292519943295,0.5555555555555556,451,-5.8614352333958495,-0.6857982331381878,0.9178234069862885,0.9178824130295079,0.0
pp_primary_long,B,1.7453292519943295,0.5555555555555556,452,-5.272066494629998,-0.06325475320678314,0.9172641121950174,0.9178775189965276,0.8431210276037255
pp_primary_long,B,1.7453292519943295,0.5555555555555556,453,-5.302105618441677,-0.10960195812984946,0.91782354676242,0.9178823982694744,0.0
pp_primary_long,B,1.7453292519943295,0.5555555555555556,454,-5.201838936864261,-0.016893104700993075,0.9172460814960228,0.9178742201468517,0.8430805352088774
pp_primary_long,B,1.7453292519943295,0.5555555555555556,455,-4.704126661890971,0.504893181211715,0.917817525313948,0.917880954654255,0.0
pp_primary_long,B,1.7453292519943295,0.5555555555555556,456,-5.150232121842877,0.020198049792259296,0.9172463745992963,0.9178744789942558,0.8430784808029944
pp_primary_long,B,1.7453292519943295,0.5555555555555556,457,-4.386226576940533,0.8420851944883774,0.9178101327469487,0.9178798688667607,0.0
pp_primary_long,B,1.7453292519943295,0.5555555555555556,458,-5.155645015248102,0.028935823928446847,0.917236733338617,0.9178723460816253,0.8430532247265634
pp_primary_long,B,1.7453292519943295,0.5555555555555556,459,-4.523717348449346,0.7287768063059877,0.9178141130437877,0.9178808813539474,0.0
pp_primary_long,B,1.7453292519943295,0.5555555555555556,460,-5.227026544844838,0.004853661370730636,0.9172273291031595,0.9178710990851603,0.8430032704075001
pp_primary_long,B,1.7453292519943295,0.5555555555555556,461,-5.057630528049664,0.22323315939118799,0.9178134465513249,0.9178806222489764,0.0
pp_primary_long,B,1.7453292519943295,0.5555555555555556,462,-5.339558799808941,-0.03968518529441265,0.9172542873745628,0.917875481710067,0.8431035464820018
pp_primary_long,B,1.7453292519943295,0.5555555555555556,463,-5.72560418212766,-0.4149921690751816,0.9178174283391414,0.9178808709307119,0.0
pp_primary_long,B,1.7453292519943295,0.5555555555555556,464,-5.447165640323801,-0.08176869521551855,0.9172582351221593,0.9178761606391276,0.8431193885895296
pp_primary_long,B,1.7453292519943295,0.5555555555555556,465,-6.196231647868428,-0.8580000123029485,0.9178292922042013,0.9178826315473068,0.0
pp_primary_long,B,1.7453292519943295,0.5555555555555556,466,-5.506321699852717,-0.09977059795336261,0.9172707344557164,0.9178780261513615,0.8431667318836318
pp_primary_long,B,1.7453292519943295,0.5555555555555556,467,-6.2397319052161055,-0.8782359559937484,0.9178264183922797,0.9178826461859855,0.0
pp_primary_long,B,1.7453292519943295,0.5555555555555556,468,-5.498581788767139,-0.08448596750782764,0.9172797886955361,0.9178798497721895,0.8431811640530131
pp_primary_long,B,1.7453292519943295,0.5555555555555556,469,-5.845342740863908,-0.4652528079223978,0.9178271211625632,0.9178827523422016,0.0
pp_primary_long,B,1.7453292519943295,0.5555555555555556,470,-5.439858685243881,-0.043822664519611976,0.9172621319982339,0.9178771214854418,0.8431217030886465
pp_primary_long,B,1.7453292519943295,0.5555555555555556,471,-5.227676577472179,0.16876161841933301,0.9178262270391861,0.9178823208142761,0.0
pp_primary_long,B,1.7453292519943295,0.5555555555555556,472,-5.371715425750214,0.001497415310521541,0.9172576642041511,0.9178764475153496,0.8431120416637724
pp_primary_long,B,1.7453292519943295,0.5555555555555556,473,-4.7156852810385645,0.6981156524774284,0.9178174072449574,0.9178809032304566,0.0
pp_primary_long,B,1.7453292519943295,0.5555555555555556,474,-5.341354334714535,0.028035309982659712,0.9172538335060036,0.9178753179868934,0.8431080208264334
pp_primary_long,B,1.7453292519943295,0.5555555555555556,475,-4.5842209173435515,0.8508783839074833,0.9178150723094165,0.9178809430364763,0.0
pp_primary_long,B,1.7453292519943295,0.5555555555555556,476,-5.375897449456859,0.02227461782615618,0.9172312851860353,0.9178714161853049,0.8430308956496118
pp_primary_long,B,1.7453292519943295,0.5555555555555556,477,-4.9126325292462525,0.5486687942813984,0.9178142401585588,0.9178806460208192,0.0
pp_primary_long,B,1.7453292519943295,0.5555555555555556,478,-5.469688590571199,-0.012945640171278514,0.9172355392412072,0.9178726136988304,0.843032613731281
pp_primary_long,B,1.7453292519943295,0.5555555555555556,479,-5.543992057325427,-0.05330872704889078,0.9178089368146962,0.9178795811540656,0.0
pp_primary_long,B,1.7453292519943295,0.5555555555555556,480,-5.586174863875573,-0.05944599187657565,0.9172451804168354,0.9178740238172641,0.8430724642788234
pp_primary_long,B,1.7453292519943295,0.5555555555555556,481,-6.1657994007901,-0.6458828794376675,0.9178192149558281,0.917881100028795,0.0
pp_primary_long,B,1.7453292519943295,0.5555555555555556,482,-5.677358281024482,-0.09337044944097349,0.9172478130858902,0.9178742029142166,0.8430848522359551
pp_primary_long,B,1.7453292519943295,0.5555555555555556,483,-6.47049903902413,-0.9246493902077778,0.9178237791671403,0.9178820561321744,0.0
pp_primary_long,B,1.7453292519943295,0.5555555555555556,484,-5.708010895388917,-0.09720363585898023,0.9172739622380729,0.9178783500644309,0.843178402746137
pp_primary_long,B,1.7453292519943295,0.5555555555555556,485,-6.313340812498732,-0.7464121382082164,0.9178245865459075,0.9178821320223755,0.0
pp_primary_long,B,1.7453292519943295,0.5555555555555556,486,-5.674650136070712,-0.06916061577030844,0.9172711474987836,0.9178784970476658,0.8431516754794715
pp_primary_long,B,1.7453292519943295,0.5555555555555556,487,-5.786811280968542,-0.2026657658302466,0.9178297226863589,0.9178827434017925,0.0
pp_primary_long,B,1.7453292519943295,0.5555555555555556,488,-5.605808282596847,-0.023483512822730132,0.9172652797578892,0.9178776388144769,0.8431353782767415
pp_primary_long,B,1.7453292519943295,0.5555555555555556,489,-5.173330927050444,0.42723121175755585,0.9178254134497679,0.9178821290346042,0.0
pp_primary_long,B,1.7453292519943295,0.5555555555555556,490,-5.548866944191539,0.016277031045345794,0.9172685832627907,0.9178781141605845,0.84314417148343
pp_primary_long,B,1.7453292519943295,0.5555555555555556,491,-4.799643257910331,0.8196945413057776,0.9178202495065354,0.9178816219131171,0.0
pp_primary_long,B,1.7453292519943295,0.5555555555555556,492,-5.54475419929588,0.029756468420146773,0.9172534132402003,0.9178749517278255,0.8431115934487675
pp_primary_long,B,1.7453292519943295,0.5555555555555556,493,-4.869697490519172,0.773121003759021,0.9178201465764108,0.9178814819964202,0.0
pp_primary_long,B,1.7453292519943295,0.5555555555555556,494,-5.607438797397868,0.010002488610612564,0.9172370400764297,0.9178727658258083,0.8430429611205711
pp_primary_long,B,1.7453292519943295,0.5555555555555556,495,-5.359168309805481,0.3115246973993859,0.9178113962922817,0.9178798580304992,0.0
pp_primary_long,B,1.7453292519943295,0.5555555555555556,496,-5.716642141308339,-0.032876717369201336,0.9172423526745958,0.9178736397928037,0.8430616817660932
pp_primary_long,B,1.7453292519943295,0.5555555555555556,497,-6.0285311139476105,-0.32805674394118034,0.9178107529111273,0.9178798953577997,0.0
pp_primary_long,B,1.7453292519943295,0.5555555555555556,498,-5.828019442289331,-0.07683665909663062,0.9172317241233794,0.917871730423609,0.843021606175341
pp_primary_long,B,1.7453292519943295,0.5555555555555556,499,-6.545683505955457,-0.817061826581537,0.9178181008700637,0.9178811406625441,0.0
pp_primary_long,B,1.7453292519943295,0.5555555555555556,500,-5.895986707378867,-0.09922736784964374,0.9172500634310428,0.9178743209788923,0.8430983649951062
pp_primary_long,B,1.7453292519943295,0.5555555555555556,501,-6.656902515599107,-0.9043713708754781,0.9178179432555438,0.9178809928841404,0.0
pp_primary_long,B,1.7453292519943295,0.5555555555555556,502,-5.89759201614903,-0.08859811296783095,0.9172665342664027,0.9178773534288576,0.8431474059993633
pp_primary_long,B,1.7453292519943295,0.5555555555555556,503,-6.316667703290525,-0.5450623004601209,0.9178254059339824,0.9178818806785437,0.0
pp_primary_long,B,1.7453292519943295,0.5555555555555556,504,-5.843888649206628,-0.05044753201566837,0.9172632914360865,0.917877031957986,0.8431327953072875
pp_primary_long,B,1.7453292519943295,0.5555555555555556,505,-5.711775386673904,0.0763051065745795,0.9178283356068401,0.9178825254775539,0.0
pp_primary_long,B,1.7453292519943295,0.5555555555555556,506,-5.7740768918259695,-0.004295140256258781,0.9172713325964672,0.917878572917243,0.8431497584841647
pp_primary_long,B,1.7453292519943295,0.5555555555555556,507,-5.164571037788227,0.6405452096589599,0.9178244608764844,0.917882159628442,0.0
pp_primary_long,B,1.7453292519943295,0.5555555555555556,508,-5.736071320850898,0.026056714653089827,0.9172715343819365,0.9178782554599005,0.8431602362276988
pp_primary_long,B,1.7453292519943295,0.5555555555555556,509,-4.968045507516124,0.8577522790228038,0.9178253377608363,0.9178822364619319,0.0
pp_primary_long,B,1.7453292519943295,0.5555555555555556,510,-5.760855049085407,0.025158578289721373,0.9172534980515155,0.9178752724101329,0.8431061118717692
pp_primary_long,B,1.7453292519943295,0.5555555555555556,511,-5.234931432908508,0.6164158101659316,0.917821066945093,0.9178812191782886,0.0
pp_primary_long,B,1.7453292519943295,0.5555555555555556,512,-5.847813895899513,-0.00666039038155794,0.9172514176833163,0.9178751510462225,0.8430938558593979
pp_primary_long,B,1.7453292519943295,0.5555555555555556,513,-5.839943075933398,0.04050244968964839,0.9178116496521027,0.9178800010507845,0.0
pp_primary_long,B,1.7453292519943295,0.5555555555555556,514,-5.964010064745873,-0.053016142781625045,0.9172382626669091,0.9178728010788852,0.843045840656913
pp_primary_long,B,1.7453292519943295,0.5555555555555556,515,-6.484097572365714,-0.5741411777609499,0.9178148350772796,0.9178806704414937,0.0
pp_primary_long,B,1.7453292519943295,0.5555555555555556,516,-6.061594318229503,-0.0901214801763739,0.9172302474653824,0.9178713890177542,0.8430181862131922
pp_primary_long,B,1.7453292519943295,0.5555555555555556,517,-6.848369873911165,-0.9118253485970055,0.9178133248057514,0.917880281698249,0.0
pp_primary_long,B,1.7453292519943295,0.5555555555555556,518,-6.102021298261978,-0.09881109790421977,0.9172516335513381,0.9178747493075001,0.8431021303509694
pp_primary_long,B,1.7453292519943295,0.5555555555555556,519,-6.757380825360988,-0.7991283056907409,0.9178165051537975,0.9178804304920688,0.0
pp_primary_long,B,1.7453292519943295,0.5555555555555556,520,-6.076651029093712,-0.07475711149847014,0.9172534931895135,0.9178751802486005,0.8431043257010986
pp_primary_long,B,1.7453292519943295,0.5555555555555556,521,-6.269695033171926,-0.2938748886106421,0.9178247399398703,0.9178818419816835,0.0
pp_primary_long,B,1.7453292519943295,0.5555555555555556,522,-6.010004493155202,-0.03019078594953735,0.9172614998468399,0.9178765088752829,0.8431283870323176
pp_primary_long,B,1.7453292519943295,0.5555555555555556,523,-5.647691079852999,0.34441228138915553,0.917824469145129,0.9178820513633991,0.0
pp_primary_long,B,1.7453292519943295,0.5555555555555556,524,-5.948469918549913,0.011857564949928512,0.9172734229111198,0.9178787936615529,0.843155429899278
pp_primary_long,B,1.7453292519943295,0.5555555555555556,525,-5.222535573659119,0.7878422623809083,0.9178256937437677,0.9178822120102905,0.0
pp_primary_long,B,1.7453292519943295,0.5555555555555556,526,-5.935188426113685,0.029906987940003515,0.9172672600719485,0.9178775428658054,0.8431495823592038
pp_primary_long,B,1.7453292519943295,0.5555555555555556,527,-5.224595779288398,0.8085930044329058,0.9178283669690943,0.9178823168570521,0.0
pp_primary_long,B,1.7453292519943295,0.5555555555555556,528,-5.988817031866555,0.014664193869997635,0.9172622374950823,0.9178769209967006,0.8431299997251808
pp_primary_long,B,1.7453292519943295,0.5555555555555556,529,-5.6644932734109865,0.3960490076529879,0.9178199464851642,0.9178811269082988,0.0
pp_primary_long,B,1.7453292519943295,0.5555555555555556,530,-6.093705778934877,-0.026070118511156398,0.9172594480905679,0.9178761440423935,0.8431255845680883
pp_primary_long,B,1.7453292519943295,0.5555555555555556,531,-6.328159534619907,-0.23789128252340036,0.917816885054764,0.9178809597887192,0.0
pp_primary_long,B,1.7453292519943295,0.5555555555555556,532,-6.207852916903826,-0.07140506501221411,0.9172340548647167,0.9178721670831141,0.8430266130044772
pp_primary_long,B,1.7453292519943295,0.5555555555555556,533,-6.886428031744016,-0.7675308024216584,0.9178152412876717,0.9178805671331736,0.0
pp_primary_long,B,1.7453292519943295,0.5555555555555556,534,-6.284272841973887,-0.09798757611217701,0.9172394962154268,0.9178729730067516,0.8430538326995298
pp_primary_long,B,1.7453292519943295,0.5555555555555556,535,-7.064432261477672,-0.9209070073901905,0.9178105994848185,0.9178795925083297,0.0
pp_primary_long,B,1.7453292519943295,0.5555555555555556,536,-6.295611110514944,-0.09219526158784731,0.9172445395277709,0.917873731259826,0.843072562450929
pp_primary_long,B,1.7453292519943295,0.5555555555555556,537,-6.782396596969097,-0.6192062443454396,0.9178176581146387,0.9178806749832009,0.0
pp_primary_long,B,1.7453292519943295,0.5555555555555556,538,-6.247766449049159,-0.056979159350647596,0.9172459707726018,0.9178736089755147,0.84308534145484
pp_primary_long,B,1.7453292519943295,0.5555555555555556,539,-6.197194433336637,-0.017391275550942553,0.9178209403966806,0.9178814086080075,0.0
pp_primary_long,B,1.7453292519943295,0.5555555555555556,540,-6.177140983379974,-0.010432889724763195,0.9172616589074777,0.9178765871108033,0.8431232245438229
pp_primary_long,B,1.7453292519943295,0.5555555555555556,541,-5.621025015132419,0.5754504287009661,0.9178215758023016,0.9178814365557874,0.0
pp_primary_long,B,1.7453292519943295,0.5555555555555556,542,-6.132030421412539,0.023453179111091724,0.9172676816793013,0.9178777186600809,0.8431432064002655
pp_primary_long,B,1.7453292519943295,0.5555555555555556,543,-5.361797015901341,0.8547364784717266,0.9178277186121094,0.9178822392854551,0.0
pp_primary_long,B,1.7453292519943295,0.5555555555555556,544,-6.147059439448514,0.027412020888491567,0.9172646976779998,0.9178772858959939,0.8431355868154738
pp_primary_long,B,1.7453292519943295,0.5555555555555556,545,-5.564420037632544,0.6770175853138017,0.917827056712579,0.9178821194042317,0.0
pp_primary_long,B,1.7453292519943295,0.5555555555555556,546,-6.226521521818256,-0.0006762548101400812,0.9172735356303823,0.9178784915314026,0.843172022915309
pp_primary_long,B,1.7453292519943295,0.5555555555555556,547,-6.13664284048852,0.13354767922528732,0.9178217750626066,0.9178815999031666,0.0
pp_primary_long,B,1.7453292519943295,0.5555555555555556,548,-6.341353886482448,-0.046353777901490104,0.9172568476785188,0.9178757009920943,0.8431133149388435
pp_primary_long,B,1.7453292519943295,0.5555555555555556,549,-6.796307364876634,-0.4964377975229393,0.9178217663164749,0.917881487603762,0.0
pp_primary_long,B,1.7453292519943295,0.5555555555555556,550,-6.444491048790756,-0.08621377216128245,0.91724172181491,0.9178735435795123,0.8430546190243762
pp_primary_long,B,1.7453292519943295,0.5555555555555556,551,-7.216434857867381,-0.8893473208238687,0.9178132813758992,0.9178800495323419,0.0
pp_primary_long,B,1.7453292519943295,0.5555555555555556,552,-6.494612990680305,-0.099710785488412,0.9172450609349212,0.9178739887757239,0.8430698457397876
pp_primary_long,B,1.7453292519943295,0.5555555555555556,553,-7.1929471510989735,-0.8434026622371747,0.9178127590718326,0.9178799695270593,0.0
pp_primary_long,B,1.7453292519943295,0.5555555555555556,554,-6.477931638069899,-0.07998095894971621,0.9172366516998721,0.9178722223288404,0.8430476864194351
pp_primary_long,B,1.7453292519943295,0.5555555555555556,555,-6.749782437365628,-0.38219871775421965,0.9178171320325204,0.9178807771074838,0.0
pp_primary_long,B,1.7453292519943295,0.5555555555555556,556,-6.4145147842940435,-0.037032221282301214,0.9172459766360214,0.9178736019743764,0.8430843207405025
pp_primary_long,B,1.7453292519943295,0.5555555555555556,557,-6.1263754261216965,0.25738180253745835,0.9178165291632436,0.9178805388946232,0.0
pp_primary_long,B,1.7453292519943295,0.5555555555555556,558,-6.3491705713064395,0.006903617994519801,0.917257881043183,0.9178760327304812,0.8431106830006618
pp_primary_long,B,1.7453292519943295,0.5555555555555556,559,-5.654672156763014,0.7468307278217733,0.917821198191072,0.9178811800093191,0.0
pp_primary_long,B,1.7453292519943295,0.5555555555555556,560,-6.326994766396693,0.029370307428622067,0.9172580392791505,0.9178760500161366,0.8431134756864324
pp_primary_long,B,1.7453292519943295,0.5555555555555556,561,-5.588912605488764,0.8347099808823055,0.9178270173362393,0.9178821192588525,0.0
pp_primary_long,B,1.7453292519943295,0.5555555555555556,562,-6.371235587073039,0.018798443840391005,0.9172688182571264,0.9178778730527708,0.8431467551992403
pp_primary_long,B,1.7453292519943295,0.5555555555555556,563,-5.974565680658103,0.47585902016024867,0.9178245422780799,0.9178819060581308,0.0
pp_primary_long,B,1.7453292519943295,0.5555555555555556,564,-6.470934822095534,-0.01935293276422151,0.9172749950184861,0.9178785228312912,0.8431805165676214
pp_primary_long,B,1.7453292519943295,0.5555555555555556,565,-6.6254155210274615,-0.14541312194808703,0.9178263992932281,0.9178821050628979,0.0
pp_primary_long,B,1.7453292519943295,0.5555555555555556,566,-6.586780791010932,-0.06553215407520757,0.9172558907280344,0.9178757698522134,0.8431058680025895
pp_primary_long,B,1.7453292519943295,0.5555555555555556,567,-7.218898715273076,-0.7098916754456457,0.9178221725486171,0.9178813223114805,0.0
pp_primary_long,B,1.7453292519943295,0.5555555555555556,568,-6.671011927987127,-0.09599246887092869,0.9172549158316249,0.9178756655181404,0.8431026721436448
pp_primary_long,B,1.7453292519943295,0.5555555555555556,569,-7.462035776344088,-0.9276764567417584,0.9178142955341599,0.9178802645561572,0.0
pp_primary_long,B,1.7453292519943295,0.5555555555555556,570,-6.692302647405844,-0.09513966927923226,0.9172427557921062,0.9178735574190462,0.8430575620223898
pp_primary_long,B,1.7453292519943295,0.5555555555555556,571,-7.241635734484799,-0.6868916267387085,0.9178162162078777,0.9178806476206993,0.0
pp_primary_long,B,1.7453292519943295,0.5555555555555556,572,-6.651298928922759,-0.06332441365288637,0.9172370118133941,0.9178721506667442,0.8430534473544844
pp_primary_long,B,1.7453292519943295,0.5555555555555556,573,-6.682880142606129,-0.11126002072309055,0.9178144871617767,0.9178802103352608,0.0
pp_primary_long,B,1.7453292519943295,0.5555555555555556,574,-6.580951784412448,-0.01691773393315836,0.9172474271308952,0.9178741164810044,0.8430830758398236
pp_primary_long,B,1.7453292519943295,0.5555555555555556,575,-6.084394420308374,0.5035864419031489,0.9178147088196231,0.9178800709264812,0.0
pp_primary_long,B,1.7453292519943295,0.5555555555555556,576,-6.529359512604087,0.02017834973566625,0.917249205735415,0.9178744112368407,0.8430880780161074
pp_primary_long,B,1.7453292519943295,0.5555555555555556,577,-5.7655711484339225,0.8418171185539032,0.9178213162641062,0.9178812549175764,0.0
pp_primary_long,B,1.7453292519943295,0.5555555555555556,578,-6.534616871417697,0.028989251159731777,0.9172529694486543,0.9178751996559923,0.8430916009851277
pp_primary_long,B,1.7453292519943295,0.5555555555555556,579,-5.9018875600005485,0.7297114715165813,0.91782290346304,0.917881586423405,0.0
pp_primary_long,B,1.7453292519943295,0.5555555555555556,580,-6.605972402759843,0.004935952160111709,0.9172720433357443,0.9178781808298436,0.8431628604303015
pp_primary_long,B,1.7453292519943295,0.5555555555555556,581,-6.4351712313112515,0.2247749093902276,0.917824865338419,0.9178818222026501,0.0
pp_primary_long,B,1.7453292519943295,0.5555555555555556,582,-6.7184375344726135,-0.039563054028175795,0.9172674647714425,0.917877449003732,0.8431511234188216
pp_primary_long,B,1.7453292519943295,0.5555555555555556,583,-7.103263919886706,-0.41356645291223176,0.9178286874476773,0.9178821970957413,0.0
pp_primary_long,B,1.7453292519943295,0.5555555555555556,584,-6.826151184130945,-0.08170280650251788,0.9172642888401457,0.9178771004784965,0.8431372851245877
pp_primary_long,B,1.7453292519943295,0.5555555555555556,585,-7.574861891378037,-0.857408495033209,0.9178209772435979,0.9178812288599162,0.0
pp_primary_long,B,1.7453292519943295,0.5555555555555556,586,-6.88558742328763,-0.09982693758029862,0.9172603520293862,0.9178764785092793,0.8431179057766435
pp_primary_long,B,1.7453292519943295,0.5555555555555556,587,-7.619432632013237,-0.8787591039751479,0.9178188534177186,0.9178810506113451,0.0
pp_primary_long,B,1.7453292519943295,0.5555555555555556,588,-6.878126872098427,-0.08467339884672304,0.9172419415805484,0.9178733229386705,0.8430573966474739
pp_primary_long,B,1.7453292519943295,0.5555555555555556,589,-7.225986083596329,-0.466678537518765,0.9178171864521149,0.9178806701320767,0.0
pp_primary_long,B,1.7453292519943295,0.5555555555555556,590,-6.81909452945661,-0.04389417943560494,0.9172437084187859,0.9178734798091026,0.8430728804564076
pp_primary_long,B,1.7453292519943295,0.5555555555555556,591,-6.60837960435056,0.16714237778362,0.9178128581320489,0.9178797539183148,0.0
pp_primary_long,B,1.7453292519943295,0.5555555555555556,592,-6.75096863440695,0.0014212632531959424,0.9172454668619712,0.9178737599065194,0.8430773779504009
pp_primary_long,B,1.7453292519943295,0.5555555555555556,593,-6.095644941013859,0.6971557627801521,0.9178156844233237,0.9178803414097156,0.0
pp_primary_long,B,1.7453292519943295,0.5555555555555556,594,-6.720309090545861,0.028091631800236744,0.9172411636960924,0.9178729406585959,0.843061694185267
pp_primary_long,B,1.7453292519943295,0.5555555555555556,595,-5.963040840213992,0.8511420092061112,0.9178190112104202,0.9178809584296497,0.0
pp_primary_long,B,1.7453292519943295,0.5555555555555556,596,-6.754854200236232,0.02233975224360782,0.9172543155848573,0.9178754056418559,0.8430953096843641
pp_primary_long,B,1.7453292519943295,0.5555555555555556,597,-6.290385135115388,0.5499808758653205,0.9178191972486891,0.9178809175511548,0.0
pp_primary_long,B,1.7453292519943295,0.5555555555555556,598,-6.848533924253498,-0.012814692653558446,0.9172655104408813,0.9178770804832241,0.8431435219496471
pp_primary_long,B,1.7453292519943295,0.5555555555555556,599,-6.921410752541046,-0.05167649578815392,0.9178267681536598,0.9178818834869834,0.0
pp_primary_long,B,1.7453292519943295,0.5555555555555556,600,-6.965044234428147,-0.059329427570806344,0.9172636848222394,0.9178768898993022,0.8431358018892465
pp_primary_long,B,1.7453292519943295,0.5555555555555556,601,-7.543754427883238,-0.6447296461508478,0.917826532961257,0.9178819463387742,0.0
pp_primary_long,B,1.7453292519943295,0.5555555555555556,602,-7.056304962303424,-0.09329152696393778,0.9172729318938747,0.9178783055792953,0.8431693280213475
pp_primary_long,B,1.7453292519943295,0.5555555555555556,603,-7.849574645427877,-0.924559173063003,0.9178225442625519,0.917881545688175,0.0
pp_primary_long,B,1.7453292519943295,0.5555555555555556,604,-7.0874708186596385,-0.0973455234642231,0.9172580856656267,0.9178761202946106,0.8431071593994905
pp_primary_long,B,1.7453292519943295,0.5555555555555556,605,-7.693516149680773,-0.7473840404221095,0.9178225869421774,0.9178814816437026,0.0
pp_primary_long,B,1.7453292519943295,0.5555555555555556,606,-7.054100104265598,-0.0693139238178541,0.9172486058992955,0.9178744634902529,0.8430832794343455
pp_primary_long,B,1.7453292519943295,0.5555555555555556,607,-7.167682783682332,-0.20427555105615275,0.9178165969585754,0.9178803908867931,0.0
pp_primary_long,B,1.7453292519943295,0.5555555555555556,608,-6.9852261651648595,-0.023627943977604607,0.9172493838080745,0.917874564675478,0.8430864977940007
pp_primary_long,B,1.7453292519943295,0.5555555555555556,609,-6.55382323275411,0.4257950979967586,0.9178143431712279,0.9178800885731884,0.0
pp_primary_long,B,1.7453292519943295,0.5555555555555556,610,-6.92804598269032,0.016239093042697536,0.9172412348725794,0.9178728026997457,0.8430682710324475
pp_primary_long,B,1.7453292519943295,0.5555555555555556,611,-6.179227017795077,0.8191868635938855,0.917816647239339,0.9178805753609556,0.0
pp_primary_long,B,1.7453292519943295,0.5555555555555556,612,-6.9236791514727045,0.02982941540492115,0.9172401964196617,0.9178729203574286,0.8430531579551911
pp_primary_long,B,1.7453292519943295,0.5555555555555556,613,-6.247988413923654,0.7738824044105639,0.9178149495753243,0.9178802002868753,0.0
pp_primary_long,B,1.7453292519943295,0.5555555555555556,614,-6.986340811544993,0.010100698990086351,0.9172537586355107,0.9178752421183617,0.8430988427856287
pp_primary_long,B,1.7453292519943295,0.5555555555555556,615,-6.736660847905608,0.3130879565462866,0.9178189564862205,0.9178807359089654,0.0
pp_primary_long,B,1.7453292519943295,0.5555555555555556,616,-7.0954659770456034,-0.032739460470244765,0.9172541815576867,0.9178752844303841,0.8431015314901187
pp_primary_long,B,1.7453292519943295,0.5555555555555556,617,-7.40599798837871,-0.326480257687458,0.9178257540259145,0.9178817662489017,0.0
pp_primary_long,B,1.7453292519943295,0.5555555555555556,618,-7.206817634283149,-0.07669672661455935,0.9172676213239658,0.9178773162346207,0.843153039528769
pp_primary_long,B,1.7453292519943295,0.5555555555555556,619,-7.924045621345803,-0.8163218567170917,0.917823767839411,0.9178816288348092,0.0
pp_primary_long,B,1.7453292519943295,0.5555555555555556,620,-7.275054433977392,-0.09920122148181243,0.9172715818372364,0.9178780970549482,0.8431614468392867
pp_primary_long,B,1.7453292519943295,0.5555555555555556,621,-8.036403215740869,-0.9047715574404704,0.9178259219219259,0.9178818892901852,0.0
pp_primary_long,B,1.7453292519943295,0.5555555555555556,622,-7.27704292899305,-0.08874524985282171,0.9172581412190629,0.9178761240154261,0.8431108830523195
pp_primary_long,B,1.7453292519943295,0.5555555555555556,623,-7.6972811456569055,-0.5463976919692473,0.9178230594564144,0.9178814061259022,0.0
pp_primary_long,B,1.7453292519943295,0.5555555555555556,624,-7.2233487413033775,-0.05060796939775655,0.9172577897154733,0.9178760824732931,0.8431106688287684
pp_primary_long,B,1.7453292519943295,0.5555555555555556,625,-7.092603024519853,0.07468158281256965,0.9178174928619265,0.9178805824611111,0.0
pp_primary_long,B,1.7453292519943295,0.5555555555555556,626,-7.153589603554316,-0.004473051671910047,0.9172508356062452,0.917874623696912,0.8430933368538702
pp_primary_long,B,1.7453292519943295,0.5555555555555556,627,-6.544812382475597,0.639418078006381,0.9178175882465802,0.9178807070449205,0.0
pp_primary_long,B,1.7453292519943295,0.5555555555555556,628,-7.1151333268178,0.026072655000520653,0.9172402210669732,0.91787269000357,0.8430631037772065
pp_primary_long,B,1.7453292519943295,0.5555555555555556,629,-6.347125958724135,0.8577645634300312,0.9178155004629736,0.9178802273729284,0.0
pp_primary_long,B,1.7453292519943295,0.5555555555555556,630,-7.13981929029638,0.02522349190144607,0.9172447322782062,0.9178737738883739,0.8430683294488727
pp_primary_long,B,1.7453292519943295,0.5555555555555556,631,-6.612825488257814,0.6175724741505888,0.9178130645613972,0.917879824725737,0.0
pp_primary_long,B,1.7453292519943295,0.5555555555555556,632,-7.226656760420371,-0.006530978700040269,0.917245792717287,0.9178738609087769,0.8430734199111498
pp_primary_long,B,1.7453292519943295,0.5555555555555556,633,-7.217298302259445,0.0422013572649082,0.917819828254257,0.9178809032325855,0.0
pp_primary_long,B,1.7453292519943295,0.5555555555555556,634,-7.342834732688855,-0.05288527637697976,0.9172498613310655,0.9178744971603204,0.8430859407014917
pp_primary_long,B,1.7453292519943295,0.5555555555555556,635,-7.861823937725859,-0.5728036962933298,0.9178214079719098,0.9178812052881484,0.0
pp_primary_long,B,1.7453292519943295,0.5555555555555556,636,-7.440385796182676,-0.0899794792890336,0.9172690888405698,0.9178774642752866,0.8431599077402555
pp_primary_long,B,1.7453292519943295,0.5555555555555556,637,-8.227139123376116,-0.9115593590196212,0.9178238422956517,0.9178814800162507,0.0
pp_primary_long,B,1.7453292519943295,0.5555555555555556,638,-7.4812162250103995,-0.09884607219216082,0.917264385037532,0.9178770026768969,0.8431353824333868
pp_primary_long,B,1.7453292519943295,0.5555555555555556,639,-8.137366453703375,-0.7999898322098428,0.9178270705286586,0.9178819324102514,0.0
pp_primary_long,B,1.7453292519943295,0.5555555555555556,640,-7.455977411542818,-0.07486070561183762,0.9172636676756549,0.9178769614038602,0.8431324178625063
pp_primary_long,B,1.7453292519943295,0.5555555555555556,641,-7.650518595963131,-0.2954323027353188,0.9178222980309211,0.9178813311412801,0.0
pp_primary_long,B,1.7453292519943295,0.5555555555555556,642,-7.389604231317861,-0.030407875855064173,0.9172625827221759,0.9178768421083588,0.8431231204676348
pp_primary_long,B,1.7453292519943295,0.5555555555555556,643,-7.028347926857698,0.34292506287933716,0.9178205795674322,0.9178811514285243,0.0
pp_primary_long,B,1.7453292519943295,0.5555555555555556,644,-7.327862409397695,0.01173516433383559,0.9172508042779985,0.9178745036312232,0.843097160197138
pp_primary_long,B,1.7453292519943295,0.5555555555555556,645,-6.602405956241507,0.7871487928618639,0.9178196597465599,0.9178808699142696,0.0
pp_primary_long,B,1.7453292519943295,0.5555555555555556,646,-7.314259260124707,0.029923817543521844,0.9172458699180106,0.9178738821880791,0.8430765575854043
pp_primary_long,B,1.7453292519943295,0.5555555555555556,647,-6.603161309454996,0.8091053482816211,0.9178139299671242,0.9178798824948812,0.0
pp_primary_long,B,1.7453292519943295,0.5555555555555556,648,-7.367752169763552,0.014752093933431076,0.9172462827051926,0.9178738899930199,0.843078221418284
pp_primary_long,B,1.7453292519943295,0.5555555555555556,649,-7.042118956489386,0.3974977589738416,0.9178148135323564,0.9178801766804984,0.0
pp_primary_long,B,1.7453292519943295,0.5555555555555556,650,-7.472568008981895,-0.02594916440733995,0.9172377835215232,0.917872545458139,0.8430425327845908
pp_primary_long,B,1.7453292519943295,0.5555555555555556,651,-7.705553672331659,-0.23621371993819051,0.917817929117179,0.9178806688513711,0.0
pp_primary_long,B,1.7453292519943295,0.5555555555555556,652,-7.586651354748139,-0.07126450075619974,0.9172526830893073,0.9178748555060696,0.8430995255112393
pp_primary_long,B,1.7453292519943295,0.5555555555555556,653,-8.264535093460118,-0.766578942817178,0.9178181160997568,0.917880594024665,0.0
pp_primary_long,B,1.7453292519943295,0.5555555555555556,654,-7.663205065518561,-0.09790756136691142,0.9172615062414378,0.9178763424616733,0.8431308121478212
pp_primary_long,B,1.7453292519943295,0.5555555555555556,655,-8.443650210372462,-0.9211292568215836,0.9178249205314449,0.917881504678233,0.0
pp_primary_long,B,1.7453292519943295,0.5555555555555556,656,-7.674756348330266,-0.0922205015268428,0.9172612566412619,0.9178763603413319,0.8431289751074671
pp_primary_long,B,1.7453292519943295,0.5555555555555556,657,-8.16281909770824,-0.6204591811661886,0.9178250489506826,0.9178816959442034,0.0
pp_primary_long,B,1.7453292519943295,0.5555555555555556,658,-7.627113373242902,-0.057094589660458786,0.9172683004101658,0.9178777011494107,0.8431446915653862
pp_primary_long,B,1.7453292519943295,0.5555555555555556,659,-7.577987995159317,-0.019007769806730357,0.9178228960730377,0.9178814628185663,0.0
pp_primary_long,B,1.7453292519943295,0.5555555555555556,660,-7.556744277795043,-0.01064791928213249,0.9172622452371317,0.9178766618644917,0.8431253080829474
pp_primary_long,B,1.7453292519943295,0.5555555555555556,661,-7.00144581696234,0.5742404066409645,0.9178237309491998,0.917881521512894,0.0
pp_primary_long,B,1.7453292519943295,0.5555555555555556,662,-7.5112909826166,0.02338787118557943,0.9172539275381405,0.9178751938298085,0.8431046669201875
pp_primary_long,B,1.7453292519943295,0.5555555555555556,663,-6.741146408234995,0.8545561275279947,0.9178196083751085,0.9178807166941336,0.0
pp_primary_long,B,1.7453292519943295,0.5555555555555556,664,-7.526156193075185,0.027426331544346927,0.917253922130906,0.9178751867881377,0.843104368866656
pp_primary_long,B,1.7453292519943295,0.5555555555555556,665,-6.942573600778292,0.6779536896501408,0.9178151358238262,0.9178801899321684,0.0
pp_primary_long,B,1.7453292519943295,0.5555555555555556,666,-7.6054200205994995,-0.0005660811715511999,0.9172423190025649,0.9178731459160181,0.8430645485705608
pp_primary_long,B,1.7453292519943295,0.5555555555555556,667,-7.514105468319235,0.1351794023967916,0.9178167799398553,0.9178805002769673,0.0
pp_primary_long,B,1.7453292519943295,0.5555555555555556,668,-7.720248222471332,-0.04624792987899776,0.9172389169629027,0.9178727646149069,0.8430460768952689
pp_primary_long,B,1.7453292519943295,0.5555555555555556,669,-8.173947548407035,-0.49497007818346395,0.9178142903216101,0.9178800276928274,0.0
pp_primary_long,B,1.7453292519943295,0.5555555555555556,670,-7.823347203009084,-0.08609629562839993,0.9172520746509422,0.9178747960538445,0.8430982025394589
pp_primary_long,B,1.7453292519943295,0.5555555555555556,671,-8.594961693570195,-0.8888542189247164,0.9178182340574945,0.917880488967125,0.0
pp_primary_long,B,1.7453292519943295,0.5555555555555556,672,-7.873665056992391,-0.09968963778182628,0.9172520524212365,0.9178747673052757,0.8430982144607552
pp_primary_long,B,1.7453292519943295,0.5555555555555556,673,-8.572693268126548,-0.844108216387191,0.9178235404620338,0.9178813826239692,0.0
pp_primary_long,B,1.7453292519943295,0.5555555555555556,674,-7.8569945135449855,-0.07997872573461468,0.9172628090867357,0.9178764767476112,0.8431361681797478
pp_primary_long,B,1.7453292519943295,0.5555555555555556,675,-8.130425328015544,-0.3837142107430419,0.9178225991115064,0.9178813450439239,0.0
pp_primary_long,B,1.7453292519943295,0.5555555555555556,676,-7.793972016379713,-0.03719288983560155,0.9172669929669216,0.9178774950811059,0.8431383339901883
pp_primary_long,B,1.7453292519943295,0.5555555555555556,677,-7.507041543636627,0.25585609218671446,0.917824675223654,0.9178816305141682,0.0
pp_primary_long,B,1.7453292519943295,0.5555555555555556,678,-7.728590715733184,0.006766048826100879,0.9172608568936678,0.917876404771654,0.843124031585704
pp_primary_long,B,1.7453292519943295,0.5555555555555556,679,-7.03470222432969,0.7460354285791402,0.9178246983552851,0.9178815321809882,0.0
pp_primary_long,B,1.7453292519943295,0.5555555555555556,680,-7.706237096194359,0.02931556675781244,0.9172610803540927,0.9178764851750593,0.843124286954487
pp_primary_long,B,1.7453292519943295,0.5555555555555556,681,-6.967718928514595,0.8350388231233248,0.9178196027434631,0.9178808115945678,0.0
pp_primary_long,B,1.7453292519943295,0.5555555555555556,682,-7.750268188103631,0.018849892701104876,0.9172568810748167,0.9178754740352805,0.8431181654200314
pp_primary_long,B,1.7453292519943295,0.5555555555555556,683,-7.3523980640911155,0.4771393781381267,0.9178188419904789,0.9178807995589461,0.0
pp_primary_long,B,1.7453292519943295,0.5555555555555556,684,-7.849856525137192,-0.019251792727891404,0.9172409888162746,0.917873058043464,0.8430557916328372
pp_primary_long,B,1.7453292519943295,0.5555555555555556,685,-8.002885687815027,-0.1437593331227468,0.9178160218006508,0.9178802667391849,0.0
pp_primary_long,B,1.7453292519943295,0.5555555555555556,686,-7.9656857931556,-0.06542952038420033,0.9172454255020388,0.917873832339025,0.8430716079953389
pp_primary_long,B,1.7453292519943295,0.5555555555555556,687,-8.596904126424178,-0.7087799321939721,0.9178132233432815,0.9178797909764692,0.0
pp_primary_long,B,1.7453292519943295,0.5555555555555556,688,-8.050043571622279,-0.0959515360872719,0.9172448272158887,0.9178736565765566,0.8430702297690607
pp_primary_long,B,1.7453292519943295,0.5555555555555556,689,-8.841061840741128,-0.9276788473600133,0.9178189852818864,0.9178806723164934,0.0
pp_primary_long,B,1.7453292519943295,0.5555555555555556,690,-8.071335004368084,-0.09511876238709702,0.9172492912289424,0.9178741363698051,0.8430928564724982
pp_primary_long,B,1.7453292519943295,0.5555555555555556,691,-8.621853907862256,-0.6880260327944705,0.9178199990613658,0.9178808933322997,0.0
pp_primary_long,B,1.7453292519943295,0.5555555555555556,692,-8.030446679322186,-0.06335913739890348,0.9172622409825237,0.9178764603828077,0.8431306693665217
pp_primary_long,B,1.7453292519943295,0.5555555555555556,693,-8.06355433086204,-0.11288672938931954,0.917821871524976,0.9178811071029989,0.0
pp_primary_long,B,1.7453292519943295,0.5555555555555556,694,-7.960361904283771,-0.017058189749581273,0.9172616214514084,0.9178765304168754,0.8431245090723674
pp_primary_long,B,1.7453292519943295,0.5555555555555556,695,-7.464853875661703,0.5023003611208525,0.9178255139443486,0.9178816728053729,0.0
pp_primary_long,B,1.7453292519943295,0.5555555555555556,696,-7.908634873438798,0.0201007483370899,0.9172621414953173,0.9178766797205512,0.8431253375375021
pp_primary_long,B,1.7453292519943295,0.5555555555555556,697,-7.1450523156773595,0.8415236423205934,0.9178236323194524,0.9178814097450754,0.0
pp_primary_long,B,1.7453292519943295,0.5555555555555556,698,-7.913825546217412,0.028956712887267894,0.9172669662900633,0.9178773052854146,0.8431461929044017
pp_primary_long,B,1.7453292519943295,0.5555555555555556,699,-7.280229021613131,0.7304985873685468,0.9178218227139476,0.9178812239474938,0.0
pp_primary_long,B,1.7453292519943295,0.5555555555555556,700,-7.9849323434013,0.005022988816454146,0.9172550403140871,0.9178752123128034,0.8431102220332178
pp_primary_long,B,1.7453292519943295,0.5555555555555556,701,-7.812773294811287,0.22629674394777005,0.917821322188711,0.917881026937339,0.0
pp_primary_long,B,1.7453292519943295,0.5555555555555556,702,-8.09737395611322,-0.0394691056423148,0.9172479841698606,0.9178742983064498,0.843079609835965
pp_primary_long,B,1.7453292519943295,0.5555555555555556,703,-8.480932618849941,-0.41207711388305984,0.9178146834674249,0.9178800181248439,0.0
pp_primary_long,B,1.7453292519943295,0.5555555555555556,704,-8.205146319075217,-0.08163659423958983,0.9172470966281963,0.917874092093549,0.8430768861464654
pp_primary_long,B,1.7453292519943295,0.5555555555555556,705,-8.953289925231974,-0.8567348098831298,0.9178154643259865,0.9178801877352496,0.0
pp_primary_long,B,1.7453292519943295,0.5555555555555556,706,-8.264744849007977,-0.09984562881665435,0.9172395875796829,0.9178727209902978,0.8430525891182056
pp_primary_long,B,1.7453292519943295,0.5555555555555556,707,-8.999038207392967,-0.8792714555822044,0.917817465118266,0.9178805043854957,0.0
pp_primary_long,B,1.7453292519943295,0.5555555555555556,708,-8.257164010928738,-0.08465820483739751,0.9172510441735585,0.9178744340487174,0.843099168676879
pp_primary_long,B,1.7453292519943295,0.5555555555555556,709,-8.606482735828946,-0.46812551277407044,0.9178174240833057,0.9178803718696861,0.0
pp_primary_long,B,1.7453292519943295,0.5555555555555556,710,-8.198371154566345,-0.04398257188886902,0.91725669128673,0.9178755994312151,0.84311104541705
pp_primary_long,B,1.7453292519943295,0.5555555555555556,711,-7.989014434249771,0.16555121261890204,0.9178220965813004,0.9178810888800081,0.0
pp_primary_long,B,1.7453292519943295,0.5555555555555556,712,-8.13019880917363,0.0013549787619698411,0.9172570602330677,0.9178756776628452,0.8431118736805392
pp_primary_long,B,1.7453292519943295,0.5555555555555556,713,-7.475720588816085,0.6962533301253631,0.9178240513694496,0.9178814800218777,0.0
pp_primary_long,B,1.7453292519943295,0.5555555555555556,714,-8.099553434531817,0.028030770437206004,0.9172653538342634,0.9178771965983744,0.8431334649288237
pp_primary_long,B,1.7453292519943295,0.5555555555555556,715,-7.341954846425489,0.8513605653313286,0.9178228857446838,0.9178813520718411,0.0
pp_primary_long,B,1.7453292519943295,0.5555555555555556,716,-8.133937280686661,0.022368315828379753,0.9172662752573228,0.9178770815531873,0.8431472411007942
pp_primary_long,B,1.7453292519943295,0.5555555555555556,717,-7.668330753683766,0.5511658558245195,0.9178249517707665,0.9178815687984162,0.0
pp_primary_long,B,1.7453292519943295,0.5555555555555556,718,-8.227469048332578,-0.012718688196803149,0.9172564410613389,0.9178756167361091,0.8431109716965275
pp_primary_long,B,1.7453292519943295,0.5555555555555556,719,-8.298946666547588,-0.05007549723053106,0.9178209456088201,0.9178809026615131,0.0
pp_primary_long,B,1.7453292519943295,0.5555555555555556,720,-8.343976755218225,-0.05923255805502607,0.9172566391141241,0.917875631001962,0.8431118867755402
pp_primary_long,B,1.7453292519943295,0.5555555555555556,721,-8.921729411338369,-0.6435475404697086,0.9178162748669257,0.9178803363525936,0.0
pp_primary_long,B,1.7453292519943295,0.5555555555555556,722,-8.435467846572845,-0.09329857503494142,0.917243773012884,0.917873554612504,0.8430622939484733
pp_primary_long,B,1.7453292519943295,0.5555555555555556,723,-9.228522788216898,-0.9243788956488467,0.9178174129355476,0.9178805178767142,0.0
pp_primary_long,B,1.7453292519943295,0.5555555555555556,724,-8.466637499992341,-0.09737413148210769,0.9172422279130021,0.9178731080484509,0.8430647708080206
pp_primary_long,B,1.7453292519943295,0.5555555555555556,725,-9.073634802219749,-0.7483632634911206,0.9178150134321807,0.9178800330283221,0.0
pp_primary_long,B,1.7453292519943295,0.5555555555555556,726,-8.433295903550997,-0.06936574688570048,0.9172503538452919,0.9178744741893017,0.8430928603666439
pp_primary_long,B,1.7453292519943295,0.5555555555555556,727,-8.548310937716476,-0.2058940990307725,0.9178172406186416,0.9178802842448167,0.0
pp_primary_long,B,1.7453292519943295,0.5555555555555556,728,-8.364467073723501,-0.023701717702214284,0.9172499480919649,0.9178743387267024,0.8430925852068099
pp_primary_long,B,1.7453292519943295,0.5555555555555556,729,-7.934317576563295,0.42439342138978425,0.9178212558845129,0.9178810313235023,0.0
pp_primary_long,B,1.7453292519943295,0.5555555555555556,730,-8.307184438193982,0.01621222240277681,0.91725587208776,0.9178754976736272,0.8431047451068358
pp_primary_long,B,1.7453292519943295,0.5555555555555556,731,-7.558767489771332,0.8187604031996933,0.9178213231522663,0.9178810727399708,0.0
pp_primary_long,B,1.7453292519943295,0.5555555555555556,732,-8.302857082038248,0.029804944733849204,0.9172654670409744,0.917877109227191,0.8431372067039467
pp_primary_long,B,1.7453292519943295,0.5555555555555556,733,-7.626404534834291,0.7745840082531716,0.917823890264958,0.9178814194807826,0.0
pp_primary_long,B,1.7453292519943295,0.5555555555555556,734,-8.365306443184007,0.010180435061256626,0.9172619373915567,0.9178764623365839,0.8431303977599603
pp_primary_long,B,1.7453292519943295,0.5555555555555556,735,-8.114298224646747,0.31457091113658836,0.9178257514434173,0.9178815912473395,0.0
pp_primary_long,B,1.7453292519943295,0.5555555555555556,736,-8.47436543602172,-0.03262997349700607,0.9172636407409736,0.9178767590368714,0.8431364367198361
pp_primary_long,B,1.7453292519943295,0.5555555555555556,737,-8.783643336019157,-0.32498285069007166,0.917820507648504,0.9178809314932688,0.0
pp_primary_long,B,1.7453292519943295,0.5555555555555556,738,-8.585819822986844,-0.07662832413135617,0.9172583836217031,0.9178758688690359,0.8431165726472362
pp_primary_long,B,1.7453292519943295,0.5555555555555556,739,-9.302400158343831,-0.8155384263872223,0.917819926632876,0.9178808942655409,0.0
pp_primary_long,B,1.7453292519943295,0.5555555555555556,740,-8.654305975394145,-0.09925232870296685,0.9172442520558052,0.9178736439260081,0.8430645425800685
pp_primary_long,B,1.7453292519943295,0.5555555555555556,741,-9.415944295778463,-0.9051144564467622,0.91781703737652,0.917880382339152,0.0
pp_primary_long,B,1.7453292519943295,0.5555555555555556,742,-8.656269438955672,-0.088802023963004,0.9172477536398141,0.9178741138736883,0.8430825050122677
pp_primary_long,B,1.7453292519943295,0.5555555555555556,743,-9.07773640922974,-0.5477373385809036,0.9178146171039226,0.9178799044421835,0.0
pp_primary_long,B,1.7453292519943295,0.5555555555555556,744,-8.602692378859523,-0.050721768687410726,0.9172462957915224,0.9178737748282652,0.843078935973165
pp_primary_long,B,1.7453292519943295,0.5555555555555556,745,-8.473294926352988,0.07303686947293642,0.9178178872744156,0.9178804809992371,0.0
pp_primary_long,B,1.7453292519943295,0.5555555555555556,746,-8.532713189136345,-0.004497279149763417,0.9172465784212988,0.91787369802778,0.8430824636215579
pp_primary_long,B,1.7453292519943295,0.5555555555555556,747,-7.9249702339960955,0.6383551910756773,0.9178187656210779,0.9178806442496191,0.0
pp_primary_long,B,1.7453292519943295,0.5555555555555556,748,-8.494279667516384,0.026048750028782847,0.9172560589311545,0.9178755721917715,0.8431038680493884
pp_primary_long,B,1.7453292519943295,0.5555555555555556,749,-7.7261247523555205,0.857838699540092,0.9178197260895063,0.9178807584823714,0.0
pp_primary_long,B,1.7453292519943295,0.5555555555555556,750,-8.518851328873211,0.025266833457502177,0.9172597810935795,0.9178761144987453,0.8431210300293808
pp_primary_long,B,1.7453292519943295,0.5555555555555556,751,-7.990800542119733,0.6187111053303163,0.917824887316202,0.91788148684638,0.0
pp_primary_long,B,1.7453292519943295,0.5555555555555556,752,-8.605562634665585,-0.006428389255361822,0.9172614533128942,0.9178764310625203,0.8431259648448572
pp_primary_long,B,1.7453292519943295,0.5555555555555556,753,-8.594790617599216,0.04381856657675187,0.9178239166411817,0.9178813861798812,0.0
pp_primary_long,B,1.7453292519943295,0.5555555555555556,754,-8.721697695505803,-0.05275873563714473,0.9172687878851749,0.9178774612468683,0.843156575247316
pp_primary_long,B,1.7453292519943295,0.5555555555555556,755,-9.239688005044428,-0.5715516447632543,0.9178225077171057,0.9178812466721386,0.0
pp_primary_long,B,1.7453292519943295,0.5555555555555556,756,-8.81950127690115,-0.0899633161167294,0.9172559869940987,0.9178755536561336,0.8431054988848974
pp_primary_long,B,1.7453292519943295,0.5555555555555556,757,-9.605989476624085,-0.9112488107564441,0.9178219449062599,0.9178811039765044,0.0
pp_primary_long,B,1.7453292519943295,0.5555555555555556,758,-8.860461234206706,-0.09890132722720504,0.9172512252027462,0.9178747934579089,0.8430908419978825
pp_primary_long,B,1.7453292519943295,0.5555555555555556,759,-9.517423271866734,-0.8008224280873493,0.9178164742436048,0.9178802472441182,0.0
pp_primary_long,B,1.7453292519943295,0.5555555555555556,760,-8.835383938434314,-0.07499420078753141,0.9172496245481009,0.9178744920389664,0.8430850411261032
pp_primary_long,B,1.7453292519943295,0.5555555555555556,761,-9.031186607726147,-0.29699944184667276,0.9178165111387181,0.9178802712914476,0.0
pp_primary_long,B,1.7453292519943295,0.5555555555555556,762,-8.768925481852143,-0.03051213487537939,0.9172435165856626,0.917873170818718,0.8430731703210663
pp_primary_long,B,1.7453292519943295,0.5555555555555556,763,-8.408969274545996,0.34141427804865454,0.9178174500344481,0.9178804340328935,0.0
pp_primary_long,B,1.7453292519943295,0.5555555555555556,764,-8.70697627649839,0.011718554763479841,0.9172473026075515,0.917873946852142,0.8430810962321414
pp_primary_long,B,1.7453292519943295,0.5555555555555556,765,-7.982084762944652,0.7865246202434775,0.9178162836269155,0.9178801708493496,0.0
pp_primary_long,B,1.7453292519943295,0.5555555555555556,766,-8.6933532838093,0.029930779311753974,0.9172532806451332,0.9178750410775578,0.8430982950987999
pp_primary_long,B,1.7453292519943295,0.5555555555555556,767,-7.981674274687684,0.8096724894372334,0.9178199613360916,0.917880762652809,0.0
pp_primary_long,B,1.7453292519943295,0.5555555555555556,768,-8.746674532872929,0.014842786072740824,0.9172531620945265,0.9178750479522415,0.8430963963399147
pp_primary_long,B,1.7453292519943295,0.5555555555555556,769,-8.419739337119612,0.3989750343066046,0.9178233791438054,0.9178812925195213,0.0
pp_primary_long,B,1.7453292519943295,0.5555555555555556,770,-8.851417690061552,-0.025822267975814897,0.9172649238084809,0.917876884408655,0.8431399500182544
pp_primary_long,B,1.7453292519943295,0.5555555555555556,771,-9.083074470772381,-0.23464141325545235,0.9178225878479466,0.9178812195192618,0.0
pp_primary_long,B,1.7453292519943295,0.5555555555555556,772,-8.965552625482397,-0.07115449081672283,0.9172660952566715,0.9178770489659889,0.8431457886857748
pp_primary_long,B,1.7453292519943295,0.5555555555555556,773,-9.642721422038472,-0.7656771178326375,0.9178251215045855,0.9178815242740135,0.0
pp_primary_long,B,1.7453292519943295,0.5555555555555556,774,-9.042345779953274,-0.09791110073583278,0.9172577132917639,0.9178758524884267,0.8431127100876346
pp_primary_long,B,1.7453292519943295,0.5555555555555556,775,-9.823064817436485,-0.9213371430199584,0.9178214984950483,0.9178810080336823,0.0
pp_primary_long,B,1.7453292519943295,0.5555555555555556,776,-9.054065865474413,-0.09230705624723114,0.9172578623531901,0.9178759052059272,0.8431117610645911
pp_primary_long,B,1.7453292519943295,0.5555555555555556,777,-9.543231657814493,-0.6216856075093476,0.9178180458147465,0.917880534175827,0.0
pp_primary_long,B,1.7453292519943295,0.5555555555555556,778,-9.00663684140913,-0.05727799408988123,0.9172487654687589,0.9178742759921038,0.8430827255310043
pp_primary_long,B,1.7453292519943295,0.5555555555555556,779,-8.958789786591266,-0.020657167633124862,0.9178184324108486,0.9178806028555488,0.0
pp_primary_long,B,1.7453292519943295,0.5555555555555556,780,-8.935994396292998,-0.010721299828059958,0.9172451688015922,0.9178734954340826,0.8430782752565749
pp_primary_long,B,1.7453292519943295,0.5555555555555556,781,-8.381782211807383,0.5730198149696863,0.9178160766399497,0.9178801139118842,0.0
pp_primary_long,B,1.7453292519943295,0.5555555555555556,782,-8.890454832923526,0.023357702382021284,0.9172489004137137,0.9178742786958112,0.8430855307689469
pp_primary_long,B,1.7453292519943295,0.5555555555555556,783,-8.120336966467686,0.8544135089729219,0.9178158204668442,0.9178800981769991,0.0
pp_primary_long,B,1.7453292519943295,0.5555555555555556,784,-8.905131635141617,0.027489598826435077,0.9172470429847549,0.9178739213255342,0.843079274106438
pp_primary_long,B,1.7453292519943295,0.5555555555555556,785,-8.320636284347792,0.67898176381605,0.9178199035047518,0.9178807868727228,0.0
pp_primary_long,B,1.7453292519943295,0.5555555555555556,786,-8.984301608435352,-0.00045753080498513177,0.9172518490722659,0.9178748305290025,0.8430902710216606
pp_primary_long,B,1.7453292519943295,0.5555555555555556,787,-8.891536741252793,0.13683296600533323,0.9178201969132832,0.9178808362032527,0.0
pp_primary_long,B,1.7453292519943295,0.5555555555555556,788,-9.099060654749353,-0.046102351182376045,0.9172645800860815,0.9178767601403183,0.8431412104277918
pp_primary_long,B,1.7453292519943295,0.5555555555555556,789,-9.551623979511168,-0.4935860781390669,0.9178234140242402,0.9178812418814302,0.0
pp_primary_long,B,1.7453292519943295,0.5555555555555556,790,-9.202314264231777,-0.08602091708056073,0.917260943833667,0.917876280851917,0.8431261753484309
pp_primary_long,B,1.7453292519943295,0.5555555555555556,791,-9.973609990647667,-0.8883981655336313,0.9178252422415366,0.9178815076250159,0.0
pp_primary_long,B,1.7453292519943295,0.5555555555555556,792,-9.252776465953051,-0.09968873509345731,0.9172635551007704,0.9178767298152651,0.8431349415243602
pp_primary_long,B,1.7453292519943295,0.5555555555555556,793,-9.952595240415977,-0.8448135367373424,0.9178211936142021,0.9178810107644598,0.0
pp_primary_long,B,1.7453292519943295,0.5555555555555556,794,-9.23645665821604,-0.08013182017152183,0.9172591318286205,0.9178761276422932,0.8431130860617289
pp_primary_long,B,1.7453292519943295,0.5555555555555556,795,-9.511092763199835,-0.3852114986142417,0.9178208624273546,0.9178809796398348,0.0
pp_primary_long,B,1.7453292519943295,0.5555555555555556,796,-9.173443200022145,-0.03735575738251446,0.91724992946703,0.9178744163121569,0.8430897090877792
pp_primary_long,B,1.7453292519943295,0.5555555555555556,797,-8.88781112959433,0.2542900488774106,0.9178189171627611,0.9178805852458548,0.0
pp_primary_long,B,1.7453292519943295,0.5555555555555556,798,-9.107870322207392,0.006683685357169372,0.9172498693758669,0.9178744351163843,0.8430899722485744
pp_primary_long,B,1.7453292519943295,0.5555555555555556,799,-8.414610843003432,0.7452159839034543,0.9178156094759625,0.9178800216222397,0.0
pp_primary_long,B,1.7453292519943295,0.5555555555555556,800,-9.0853604273942,0.029311381407353676,0.917247833511045,0.9178739779413541,0.8430854006690459
pp_primary_long,B,1.7453292519943295,0.5555555555555556,801,-8.346444359037502,0.8353937053635632,0.9178170624578763,0.9178803573784493,0.0
pp_primary_long,B,1.7453292519943295,0.5555555555555556,802,-9.12917811237059,0.01894409542309375,0.9172428968313336,0.9178732738970111,0.8430624488997075
pp_primary_long,B,1.7453292519943295,0.5555555555555556,803,-8.73008959803105,0.4785348712215538,0.9178178000169284,0.9178804589155894,0.0
pp_primary_long,B,1.7453292519943295,0.5555555555555556,804,-9.228704766733758,-0.01912511295212546,0.9172536896235708,0.9178750790913325,0.8430993004893534
pp_primary_long,B,1.7453292519943295,0.5555555555555556,805,-9.38030394674869,-0.14210225994621156,0.9178185513319077,0.9178805226300719,0.0
pp_primary_long,B,1.7453292519943295,0.5555555555555556,806,-9.34453740632879,-0.06530168075629827,0.9172577168635717,0.9178756901998517,0.8431161123856235
pp_primary_long,B,1.7453292519943295,0.5555555555555556,807,-9.97487253990029,-0.7077047760773407,0.9178240925245271,0.9178812931917752,0.0
pp_primary_long,B,1.7453292519943295,0.5555555555555556,808,-9.429006105435029,-0.0958836621530061,0.9172606002207525,0.9178761413544712,0.8431271511474929
pp_primary_long,B,1.7453292519943295,0.5555555555555556,809,-10.220242917718078,-0.9277317283811922,0.9178232374849067,0.9178812707877099,0.0
pp_primary_long,B,1.7453292519943295,0.5555555555555556,810,-9.4505135295257,-0.09515037385594899,0.9172662915082925,0.9178771683218707,0.843142458687436
pp_primary_long,B,1.7453292519943295,0.5555555555555556,811,-10.0021162621213,-0.6891481521231568,0.917822593703531,0.9178812083817712,0.0
pp_primary_long,B,1.7453292519943295,0.5555555555555556,812,-9.409963207434366,-0.06353836453644167,0.9172579039955617,0.9178758897548086,0.8431105433856183
pp_primary_long,B,1.7453292519943295,0.5555555555555556,813,-9.444391754657477,-0.11451305257020739,0.9178225746780125,0.9178811732158795,0.0
pp_primary_long,B,1.7453292519943295,0.5555555555555556,814,-9.339762364051047,-0.017192475294394466,0.9172545222861594,0.917875261879319,0.8431038250728722
pp_primary_long,B,1.7453292519943295,0.5555555555555556,815,-8.845362864014195,0.5009799964884846,0.91781876766605,0.9178805150191878,0.0
pp_primary_long,B,1.7453292519943295,0.5555555555555556,816,-9.28795670496084,0.0200075299804595,0.9172537304436377,0.9178750497140041,0.8431027646041859
pp_primary_long,B,1.7453292519943295,0.5555555555555556,817,-8.524504512675364,0.8411692153557274,0.9178171932419323,0.9178803545040917,0.0
pp_primary_long,B,1.7453292519943295,0.5555555555555556,818,-9.292848986463012,0.029001407297208057,0.9172451508700422,0.9178734828391513,0.8430768728053852
pp_primary_long,B,1.7453292519943295,0.5555555555555556,819,-8.65849421171508,0.7313347865314912,0.9178176285262319,0.9178804205637667,0.0
pp_primary_long,B,1.7453292519943295,0.5555555555555556,820,-9.363835076477041,0.0051240675315285256,0.9172448714068175,0.9178736684341265,0.8430679059198477
pp_primary_long,B,1.7453292519943295,0.5555555555555556,821,-9.19025485146284,0.22790509999163,0.9178153310200291,0.9178800321257561,0.0
pp_primary_long,B,1.7453292519943295,0.5555555555555556,822,-9.476213312650385,-0.03933459479338747,0.9172515162641727,0.9178746951440553,0.8430937175129938
pp_primary_long,B,1.7453292519943295,0.5555555555555556,823,-9.85847780265705,-0.41056046802738394,0.9178191420039427,0.9178805736118474,0.0
pp_primary_long,B,1.7453292519943295,0.5555555555555556,824,-9.584058946157745,-0.08154107878320685,0.9172514256497182,0.9178746538612488,0.8430934752766512
pp_primary_long,B,1.7453292519943295,0.5555555555555556,825,-10.331707668066366,-0.8560847292357221,0.917822293573244,0.917881084151854,0.0
pp_primary_long,B,1.7453292519943295,0.5555555555555556,826,-9.64369782614816,-0.09977977373906399,0.9172629198656607,0.9178764284937058,0.8431370268944687
pp_primary_long,B,1.7453292519943295,0.5555555555555556,827,-10.37869341157587,-0.8798278796314892,0.917821939501459,0.917881059424253,0.0
pp_primary_long,B,1.7453292519943295,0.5555555555555556,828,-9.63647182589074,-0.08474797523992589,0.9172632585487716,0.9178767161520133,0.8431301814940588
pp_primary_long,B,1.7453292519943295,0.5555555555555556,829,-9.98703881615609,-0.46955617890487006,0.9178242056271468,0.9178813826061509,0.0
pp_primary_long,B,1.7453292519943295,0.5555555555555556,830,-9.577796157761608,-0.04412787551388213,0.9172587281767862,0.9178759846872482,0.8431161821866366
pp_primary_long,B,1.7453292519943295,0.5555555555555556,831,-9.369835174032097,0.16396234355523892,0.9178225120991078,0.917881124789098,0.0
pp_primary_long,B,1.7453292519943295,0.5555555555555556,832,-9.509621340397858,0.0012134723387758617,0.9172597416830505,0.9178761897430928,0.8431179178634388
pp_primary_long,B,1.7453292519943295,0.5555555555555556,833,-8.855825040324536,0.6953003291750723,0.9178196189874187,0.9178807109227208,0.0
pp_primary_long,B,1.7453292519943295,0.5555555555555556,834,-9.478803701177597,0.02797570999836288,0.9172543952397052,0.9178750339475568,0.8431080812073
pp_primary_long,B,1.7453292519943295,0.5555555555555556,835,-8.720934865091213,0.8515107746651703,0.9178195981178219,0.917880719994083,0.0
pp_primary_long,B,1.7453292519943295,0.5555555555555556,836,-9.512913338793672,0.02243705750272819,0.9172459407888404,0.9178737434519456,0.8430760358422354
pp_primary_long,B,1.7453292519943295,0.5555555555555556,837,-9.046201517216454,0.552399398308101,0.9178165798213459,0.9178801837437549,0.0
pp_primary_long,B,1.7453292519943295,0.5555555555555556,838,-9.606357558007414,-0.012605804619785166,0.9172487128400664,0.9178742675074297,0.843083608228945
pp_primary_long,B,1.7453292519943295,0.5555555555555556,839,-9.676383982207465,-0.04841553913008356,0.9178152628281914,0.9178800210911328,0.0
pp_primary_long,B,1.7453292519943295,0.5555555555555556,840,-9.722876484018549,-0.05912414637920882,0.917245268170858,0.9178736845150954,0.8430704130135869
pp_primary_long,B,1.7453292519943295,0.5555555555555556,841,-10.29955591372961,-0.6423051974202024,0.9178192594487219,0.9178806320864534,0.0
pp_primary_long,B,1.7453292519943295,0.5555555555555556,842,-9.814393267753648,-0.09321496636923429,0.9172511899392517,0.9178745231070846,0.8430951235887947
pp_primary_long,B,1.7453292519943295,0.5555555555555556,843,-10.607466281169447,-0.9242330021496339,0.9178193786889726,0.9178806507908845,0.0
pp_primary_long,B,1.7453292519943295,0.5555555555555556,844,-9.845692393396956,-0.09735455762600145,0.9172612117125513,0.9178762047008319,0.8431291922993268
pp_primary_long,B,1.7453292519943295,0.5555555555555556,845,-10.453683535579234,-0.7493613375128653,0.9178222551996164,0.9178810203450638,0.0
pp_primary_long,B,1.7453292519943295,0.5555555555555556,846,-9.812621879466066,-0.06946889612723556,0.9172590728399848,0.9178759760188312,0.8431184752719841
pp_primary_long,B,1.7453292519943295,0.5555555555555556,847,-9.929075943352721,-0.20749978136030922,0.9178241026569566,0.917881356828949,0.0
pp_primary_long,B,1.7453292519943295,0.5555555555555556,848,-9.743824682096704,-0.02382132323447296,0.9172615977431519,0.9178764745279249,0.8431242706700479
pp_primary_long,B,1.7453292519943295,0.5555555555555556,849,-9.314892627853252,0.4230060816505954,0.9178219756043641,0.9178810724785932,0.0
pp_primary_long,B,1.7453292519943295,0.5555555555555556,850,-9.686606192476034,0.01607696462918977,0.9172620979450077,0.917876505084364,0.8431268196451723
pp_primary_long,B,1.7453292519943295,0.5555555555555556,851,-8.938422020596148,0.8182580193862408,0.9178217730882885,0.9178810584695326,0.0
pp_primary_long,B,1.7453292519943295,0.5555555555555556,852,-9.681985708487552,0.029806244788520578,0.9172540501110291,0.9178750182230548,0.8431062828282594
pp_primary_long,B,1.7453292519943295,0.5555555555555556,853,-9.004889870040161,0.7752382447089294,0.9178206326828263,0.917880780059491,0.0
pp_primary_long,B,1.7453292519943295,0.5555555555555556,854,-9.744270560944944,0.010258531801957085,0.9172516844399325,0.917874755626461,0.843094638081245
pp_primary_long,B,1.7453292519943295,0.5555555555555556,855,-9.491919700252305,0.316060773698335,0.9178160235571324,0.9178801151027545,0.0
pp_primary_long,B,1.7453292519943295,0.5555555555555556,856,-9.853258121504458,-0.032514280375653064,0.9172482442340617,0.9178741362847495,0.8430828094779271
pp_primary_long,B,1.7453292519943295,0.5555555555555556,857,-10.161173498492689,-0.3234127929335453,0.9178171003227741,0.917880335675045,0.0
pp_primary_long,B,1.7453292519943295,0.5555555555555556,858,-9.964789883415712,-0.07655398817227219,0.9172424239833875,0.9178732144512521,0.8430599194525772
pp_primary_long,B,1.7453292519943295,0.5555555555555556,859,-10.680671682348356,-0.8147024666969872,0.9178173608697916,0.9178803552785917,0.0
pp_primary_long,B,1.7453292519943295,0.5555555555555556,860,-10.033271597896924,-0.09918907003038856,0.9172528715388533,0.9178747945078591,0.8431020084465267
pp_primary_long,B,1.7453292519943295,0.5555555555555556,861,-10.795379760417335,-0.9054823468070802,0.9178181154603859,0.9178803795483618,0.0
pp_primary_long,B,1.7453292519943295,0.5555555555555556,862,-10.035461428400817,-0.0888447996704857,0.9172552480181356,0.917875261985109,0.8431077166609416
pp_primary_long,B,1.7453292519943295,0.5555555555555556,863,-10.458143383421778,-0.5490859715130891,0.9178223784787763,0.917881038318475,0.0
pp_primary_long,B,1.7453292519943295,0.5555555555555556,864,-9.981934321002974,-0.05079498284198072,0.9172577337976704,0.9178756628199898,0.8431164042812832
pp_primary_long,B,1.7453292519943295,0.5555555555555556,865,-9.854072753555055,0.07141862323937997,0.9178224475910697,0.9178811331586096,0.0
pp_primary_long,B,1.7453292519943295,0.5555555555555556,866,-9.912092825167626,-0.004624066490531542,0.9172632710785441,0.917876771625779,0.8431274762442571
pp_primary_long,B,1.7453292519943295,0.5555555555555556,867,-9.305167256807094,0.6372985174544784,0.9178223190632917,0.9178811285023064,0.0
pp_primary_long,B,1.7453292519943295,0.5555555555555556,868,-9.873581020113992,0.02596995664165254,0.9172608841515535,0.9178762341825522,0.8431257195866046
pp_primary_long,B,1.7453292519943295,0.5555555555555556,869,-9.105284809231922,0.8578463945743641,0.9178236330257397,0.9178812617785373,0.0
pp_primary_long,B,1.7453292519943295,0.5555555555555556,870,-9.89791148860421,0.025299533431898058,0.9172568721632517,0.917875609109355,0.8431123798957959
pp_primary_long,B,1.7453292519943295,0.5555555555555556,871,-9.368843280621551,0.6197966751078929,0.9178202040201585,0.9178807066681116,0.0
pp_primary_long,B,1.7453292519943295,0.5555555555555556,872,-9.984492962992402,-0.006330072990984023,0.917256824527195,0.917875510028519,0.843114523806756
pp_primary_long,B,1.7453292519943295,0.5555555555555556,873,-9.972308131504082,0.0454179574047634,0.9178178325042816,0.9178804480482095,0.0
pp_primary_long,B,1.7453292519943295,0.5555555555555556,874,-10.100647605435908,-0.05266728767888185,0.9172454681730806,0.9178737167395167,0.8430708367879667
pp_primary_long,B,1.7453292519943295,0.5555555555555556,875,-10.617471331996065,-0.5702150107539466,0.9178179216698481,0.9178804457594592,0.0
pp_primary_long,B,1.7453292519943295,0.5555555555555556,876,-10.1985019894065,-0.08990600107365763,0.91724585586446,0.9178737610659857,0.8430738105419843
pp_primary_long,B,1.7453292519943295,0.5555555555555556,877,-10.984783899181288,-0.9109096489098417,0.9178155048925968,0.917880021770602,0.0
pp_primary_long,B,1.7453292519943295,0.5555555555555556,878,-10.239571976619676,-0.09890207696169334,0.917250637215159,0.9178745039517738,0.8430920285089114
pp_primary_long,B,1.7453292519943295,0.5555555555555556,879,-10.897308927576946,-0.8016604512264621,0.9178185973096215,0.9178804401419469,0.0
pp_primary_long,B,1.7453292519943295,0.5555555555555556,880,-10.214601317301296,-0.0750535315587374,0.9172506081684242,0.9178743944786737,0.8430947188536437
pp_primary_long,B,1.7453292519943295,0.5555555555555556,881,-10.411862845671736,-0.29857518447457854,0.9178208992426167,0.91788086753389,0.0
pp_primary_long,B,1.7453292519943295,0.5555555555555556,882,-10.148147774630287,-0.030578483744596208,0.9172580300882932,0.9178757335477342,0.8431154574683448
pp_primary_long,B,1.7453292519943295,0.5555555555555556,883,-9.789545643366335,0.3399458395067567,0.9178208851370511,0.9178808693954476,0.0
pp_primary_long,B,1.7453292519943295,0.5555555555555556,884,-10.086329781668725,0.01160775861222281,0.9172614487505817,0.9178764184383248,0.8431233920095027
pp_primary_long,B,1.7453292519943295,0.5555555555555556,885,-9.361851460137306,0.7858974028878968,0.917823338468091,0.9178812348668254,0.0
pp_primary_long,B,1.7453292519943295,0.5555555555555556,886,-10.072508448060688,0.029916139046020376,0.9172592207796179,0.9178760059402792,0.8431190522735296
pp_primary_long,B,1.7453292519943295,0.5555555555555556,887,-9.360299279279815,0.8102020762297429,0.9178236051030774,0.9178812227298709,0.0
pp_primary_long,B,1.7453292519943295,0.5555555555555556,888,-10.12568862637964,0.014899050553358426,0.9172623456756748,0.91787648376696,0.8431309924104163
pp_primary_long,B,1.7453292519943295,0.5555555555555556,889,-9.797467572451865,0.40036623370838903,0.9178204948517886,0.9178808219052992,0.0
pp_primary_long,B,1.7453292519943295,0.5555555555555556,890,-10.230327874608594,-0.02571133486768158,0.9172568281837303,0.917875477569643,0.8431144194403151
pp_primary_long,B,1.7453292519943295,0.5555555555555556,891,-10.460620304587476,-0.23307105353557034,0.9178204984349037,0.917880822331634,0.0
pp_primary_long,B,1.7453292519943295,0.5555555555555556,892,-10.34455197222156,-0.07108778832242246,0.9172471737515162,0.9178740494397176,0.8430760611974593
pp_primary_long,B,1.7453292519943295,0.5555555555555556,893,-11.020920348457285,-0.7647169974274686,0.9178170588420305,0.9178802725203214,0.0
pp_primary_long,B,1.7453292519943295,0.5555555555555556,894,-10.421416975879316,-0.09788609448168842,0.9172496986376448,0.9178744145265709,0.8430871334755478
pp_primary_long,B,1.7453292519943295,0.5555555555555556,895,-11.20236582694741,-0.9215167833130843,0.9178159232778569,0.9178800718668579,0.0
pp_primary_long,B,1.7453292519943295,0.5555555555555556,896,-10.433324400211623,-0.09237465832651709,0.9172462189727155,0.9178737622665094,0.8430762829522961
pp_primary_long,B,1.7453292519943295,0.5555555555555556,897,-10.923547295070435,-0.6229184905102563,0.9178186994891672,0.917880518528269,0.0
pp_primary_long,B,1.7453292519943295,0.5555555555555556,898,-10.385818708610083,-0.05732613473352549,0.9172500234832722,0.9178742437661636,0.8430941951311781
pp_primary_long,B,1.7453292519943295,0.5555555555555556,899,-10.339536056834707,-0.022302915105858412,0.9178186697394136,0.9178805002139534,0.0
pp_primary_long,B,1.7453292519943295,0.5555555555555556,900,-10.315271687316557,-0.01080788219413463,0.9172567642655707,0.9178755802559626,0.8431094778407018
pp_primary_long,B,1.7453292519943295,0.5555555555555556,901,-9.762042674339899,0.5718359473514054,0.9178204695478043,0.917880762360401,0.0
pp_primary_long,B,1.7453292519943295,0.5555555555555556,902,-10.269673370523776,0.023307578817669997,0.917257110809303,0.9178756335607849,0.8431115967295014
pp_primary_long,B,1.7453292519943295,0.5555555555555556,903,-9.49960676730676,0.8542906317218341,0.917823479488819,0.9178812329425475,0.0
pp_primary_long,B,1.7453292519943295,0.5555555555555556,904,-10.284206287904976,0.0275111313290385,0.9172603597128159,0.9178762360117948,0.8431202747460427
pp_primary_long,B,1.7453292519943295,0.5555555555555556,905,-9.698771162485485,0.679971300105318,0.917822368066631,0.9178810829265674,0.0
pp_primary_long,B,1.7453292519943295,0.5555555555555556,906,-10.363244990695016,-0.00036542584639104314,0.9172648296887409,0.9178767907217976,0.8431419187740121
pp_primary_long,B,1.7453292519943295,0.5555555555555556,907,-10.269082827980442,0.1383964594859463,0.9178225005112914,0.9178811119959482,0.0
pp_primary_long,B,1.7453292519943295,0.5555555555555556,908,-10.477990259843715,-0.04600099007377661,0.9172553991236714,0.9178753326152139,0.8431069094129848
pp_primary_long,B,1.7453292519943295,0.5555555555555556,909,-10.929364346053696,-0.492196774801546,0.91782137840843,0.9178808932024789,0.0
pp_primary_long,B,1.7453292519943295,0.5555555555555556,910,-10.58132937199754,-0.08596490956656425,0.9172534977428327,0.9178750709041333,0.8430995467514687
pp_primary_long,B,1.7453292519943295,0.5555555555555556,911,-11.352299098398861,-0.8879131844353888,0.9178168934914468,0.9178802534548552,0.0
pp_primary_long,B,1.7453292519943295,0.5555555555555556,912,-10.632003058677626,-0.0997323323710696,0.9172493384364331,0.9178743895537371,0.8430833633278582
pp_primary_long,B,1.7453292519943295,0.5555555555555556,913,-11.332386108373282,-0.8454849227895085,0.917817701554607,0.9178803847876695,0.0
pp_primary_long,B,1.7453292519943295,0.5555555555555556,914,-10.615750214374453,-0.08021915789488082,0.9172450958137198,0.9178734992219784,0.8430749438058699
pp_primary_long,B,1.7453292519943295,0.5555555555555556,915,-10.891738717643575,-0.38672455547358847,0.9178175308939217,0.9178803352950913,0.0
pp_primary_long,B,1.7453292519943295,0.5555555555555556,916,-10.55267066281697,-0.03742300240184327,0.9172509416354228,0.9178744915991148,0.8430946930942539
pp_primary_long,B,1.7453292519943295,0.5555555555555556,917,-10.268431151842204,0.25273505542015645,0.9178174156014894,0.9178802484790585,0.0
pp_primary_long,B,1.7453292519943295,0.5555555555555556,918,-10.487130413074908,0.006608737511859794,0.9172529336241755,0.9178748847193527,0.8430990957770306
pp_primary_long,B,1.7453292519943295,0.5555555555555556,919,-9.794491645216246,0.7444292463510717,0.9178205854170765,0.9178807915188905,0.0
pp_primary_long,B,1.7453292519943295,0.5555555555555556,920,-10.46445166860619,0.029317289633655125,0.9172538480748011,0.9178751013720462,0.8430992414038884
pp_primary_long,B,1.7453292519943295,0.5555555555555556,921,-9.725164735880924,0.8357972373423466,0.9178218581580585,0.9178810038347365,0.0
pp_primary_long,B,1.7453292519943295,0.5555555555555556,922,-10.5081905097091,0.018997389186541383,0.9172625213104016,0.9178765313755214,0.843128813609313
pp_primary_long,B,1.7453292519943295,0.5555555555555556,923,-10.107854822839307,0.4798738005845624,0.9178220504631024,0.9178810397950146,0.0
pp_primary_long,B,1.7453292519943295,0.5555555555555556,924,-10.60759507664438,-0.019007835027488318,0.9172620243508328,0.9178763499002028,0.8431318353627687
pp_primary_long,B,1.7453292519943295,0.5555555555555556,925,-10.757804598556303,-0.14050438010016342,0.9178242401886781,0.9178812976064553,0.0
pp_primary_long,B,1.7453292519943295,0.5555555555555556,926,-10.723472646085654,-0.06520762294477103,0.9172581978491305,0.9178758164847353,0.8431164459108177
pp_primary_long,B,1.7453292519943295,0.5555555555555556,927,-11.352967960657661,-0.7066489290046382,0.9178207286451716,0.9178808114071799,0.0
pp_primary_long,B,1.7453292519943295,0.5555555555555556,928,-10.808086474305043,-0.09585808303501553,0.9172577624000813,0.9178757534583332,0.8431137038410392
pp_primary_long,B,1.7453292519943295,0.5555555555555556,929,-11.59942120187829,-0.927756093533846,0.9178187889719998,0.9178805683638913,0.0
pp_primary_long,B,1.7453292519943295,0.5555555555555556,930,-10.829865049082485,-0.09525163097741926,0.9172480069298584,0.9178741564708232,0.8430785848060621
pp_primary_long,B,1.7453292519943295,0.5555555555555556,931,-11.382382166679946,-0.690250371253873,0.9178185826326914,0.9178805211998288,0.0
pp_primary_long,B,1.7453292519943295,0.5555555555555556,932,-10.789257574573773,-0.06362915651347718,0.917248072080669,0.9178740210350069,0.8430853138317207
pp_primary_long,B,1.7453292519943295,0.5555555555555556,933,-10.825166610668889,-0.11615362392636946,0.9178164219562998,0.9178801015280539,0.0
pp_primary_long,B,1.7453292519943295,0.5555555555555556,934,-10.719077652712684,-0.017293708074329853,0.917250329076164,0.9178744353628738,0.8430913319807471
pp_primary_long,B,1.7453292519943295,0.5555555555555556,935,-10.225748760032978,0.49965723003284884,0.9178176319605793,0.9178803064076175,0.0
pp_primary_long,B,1.7453292519943295,0.5555555555555556,936,-10.667106583857182,0.019982791432457597,0.9172486475599215,0.9178740927629644,0.8430867157974662
pp_primary_long,B,1.7453292519943295,0.5555555555555556,937,-9.903913516561476,0.8408684938957193,0.917819799263319,0.9178806912823005,0.0
pp_primary_long,B,1.7453292519943295,0.5555555555555556,938,-10.67188700552788,0.029034152190589357,0.9172537578518082,0.9178751191579062,0.8430970295247887
pp_primary_long,B,1.7453292519943295,0.5555555555555556,939,-10.03670874902938,0.7322145944772691,0.9178197766247267,0.9178806829056173,0.0
pp_primary_long,B,1.7453292519943295,0.5555555555555556,940,-10.742763263224962,0.005219157788053097,0.9172608488658338,0.9178761940625398,0.8431257084181785
pp_primary_long,B,1.7453292519943295,0.5555555555555556,941,-10.567779143709437,0.22947172991775466,0.9178229894180076,0.9178811215278402,0.0
pp_primary_long,B,1.7453292519943295,0.5555555555555556,942,-10.855089750941591,-0.039214258140253574,0.9172589959898599,0.9178759168487824,0.8431193696714758
pp_primary_long,B,1.7453292519943295,0.5555555555555556,943,-11.23610805960026,-0.4090892965010356,0.9178237541627053,0.9178812246364203,0.0
pp_primary_long,B,1.7453292519943295,0.5555555555555556,944,-10.962985431823078,-0.08144727359684287,0.9172632572518103,0.9178765720508102,0.8431356468696389
pp_primary_long,B,1.7453292519943295,0.5555555555555556,945,-11.710235257496704,-0.8554695670400746,0.9178209659885779,0.9178808841483695,0.0
pp_primary_long,B,1.7453292519943295,0.5555555555555556,946,-11.022908717301773,-0.09981325347010123,0.9172571929429403,0.9178756921083417,0.8431094368342666
pp_primary_long,B,1.7453292519943295,0.5555555555555556,947,-11.758369251472402,-0.8803521329930307,0.9178210500567258,0.9178808941878992,0.0
pp_primary_long,B,1.7453292519943295,0.5555555555555556,948,-11.015837519949644,-0.08486110928874505,0.9172503480746781,0.9178745178086218,0.8430887503900321
pp_primary_long,B,1.7453292519943295,0.5555555555555556,949,-11.36766926980622,-0.47098298511649717,0.9178183067351556,0.9178804322443482,0.0
pp_primary_long,B,1.7453292519943295,0.5555555555555556,950,-10.957169310642291,-0.0442521409516272,0.9172513865698595,0.9178746657443555,0.843093557428524
pp_primary_long,B,1.7453292519943295,0.5555555555555556,951,-10.750553889174089,0.1623545203671396,0.9178167797750807,0.9178801633163033,0.0
pp_primary_long,B,1.7453292519943295,0.5555555555555556,952,-10.88892732977932,0.0011202611987682076,0.9172482423110146,0.9178739963121234,0.8430867618537174
pp_primary_long,B,1.7453292519943295,0.5555555555555556,953,-10.235888214815875,0.6943366644672033,0.9178182102428988,0.9178804412894122,0.0
pp_primary_long,B,1.7453292519943295,0.5555555555555556,954,-10.857873883675683,0.027988607986946787,0.917247117057686,0.9178738852382068,0.8430795083614886
pp_primary_long,B,1.7453292519943295,0.5555555555555556,955,-10.099808195098785,0.8517296263959411,0.9178178785423978,0.9178803686645179,0.0
pp_primary_long,B,1.7453292519943295,0.5555555555555556,956,-10.891904132834732,0.022497084994337863,0.9172541174164154,0.9178751457534939,0.8431001343564873
pp_primary_long,B,1.7453292519943295,0.5555555555555556,957,-10.424024349247496,0.5536616586394275,0.9178191477142694,0.9178805572497227,0.0
pp_primary_long,B,1.7453292519943295,0.5555555555555556,958,-10.985228570624885,-0.012484518710946663,0.917255306774736,0.917875300545862,0.8431061148007095
pp_primary_long,B,1.7453292519943295,0.5555555555555556,959,-11.053810070149456,-0.046759784467346965,0.9178230971733994,0.9178811211846907,0.0
pp_primary_long,B,1.7453292519943295,0.5555555555555556,960,-11.101735829647737,-0.05900082710629088,0.9172601029841926,0.9178760519980274,0.8431240002805023
pp_primary_long,B,1.7453292519943295,0.5555555555555556,961,-11.677478957657975,-0.6411219844366114,0.9178221446744705,0.9178810290640942,0.0
pp_primary_long,B,1.7453292519943295,0.5555555555555556,962,-11.193374651765524,-0.09314716146497866,0.9172642657857417,0.9178767264606112,0.8431384379377084
pp_primary_long,B,1.7453292519943295,0.5555555555555556,963,-11.986451779760834,-0.9241076341114376,0.917822650773569,0.9178811049242629,0.0
pp_primary_long,B,1.7453292519943295,0.5555555555555556,964,-11.224981394967234,-0.09742784331914281,0.9172562676972232,0.9178755464097399,0.8431067319343577
pp_primary_long,B,1.7453292519943295,0.5555555555555556,965,-11.83384974243308,-0.75034036017924,0.9178217327240575,0.9178809634858414,0.0
pp_primary_long,B,1.7453292519943295,0.5555555555555556,966,-11.19199214665812,-0.06958840051917164,0.9172552612246903,0.917875360567334,0.8431049985052151
pp_primary_long,B,1.7453292519943295,0.5555555555555556,967,-11.309869952557108,-0.20910394906445262,0.9178184367910855,0.9178804444323801,0.0
pp_primary_long,B,1.7453292519943295,0.5555555555555556,968,-11.123280956922855,-0.023978431309873455,0.9172525117557362,0.9178748408840229,0.8430966536630086
pp_primary_long,B,1.7453292519943295,0.5555555555555556,969,-10.695441902562749,0.42157996101837364,0.9178183304719738,0.9178804562513008,0.0
pp_primary_long,B,1.7453292519943295,0.5555555555555556,970,-11.065821766244822,0.016025837304496096,0.9172471660686544,0.9178737870743712,0.8430840525709125
pp_primary_long,B,1.7453292519943295,0.5555555555555556,971,-10.318041236723559,0.817756880048065,0.9178179089439878,0.9178803598729358,0.0
pp_primary_long,B,1.7453292519943295,0.5555555555555556,972,-11.061038710607331,0.02983265282765632,0.9172488642244216,0.9178742462271596,0.8430837899588849
pp_primary_long,B,1.7453292519943295,0.5555555555555556,973,-10.383265109644896,0.7759421113389807,0.917816458387255,0.9178801277868109,0.0
pp_primary_long,B,1.7453292519943295,0.5555555555555556,974,-11.123190459578474,0.010355144223779325,0.9172511125292631,0.9178745940710008,0.8430921194092027
pp_primary_long,B,1.7453292519943295,0.5555555555555556,975,-10.869470101822742,0.3175961028213565,0.9178196445106019,0.9178806283668115,0.0
pp_primary_long,B,1.7453292519943295,0.5555555555555556,976,-11.232116836811118,-0.03238960524283495,0.9172516162765204,0.9178747085964145,0.8430919802159047
pp_primary_long,B,1.7453292519943295,0.5555555555555556,977,-11.538683056083258,-0.3218365787118508,0.9178212065698933,0.9178808708805302,0.0
pp_primary_long,B,1.7453292519943295,0.5555555555555556,978,-11.343642797775683,-0.07643008396098996,0.9172619463549248,0.9178762849243082,0.8431322524054505
pp_primary_long,B,1.7453292519943295,0.5555555555555556,979,-12.058979160991528,-0.8139240041797037,0.9178217197919937,0.9178809400338228,0.0
pp_primary_long,B,1.7453292519943295,0.5555555555555556,980,-11.412359135098589,-0.09917135948488529,0.917260734932228,0.917876198895455,0.8431245985636494
pp_primary_long,B,1.7453292519943295,0.5555555555555556,981,-12.174863601164624,-0.9058578259207621,0.9178237878807894,0.9178812330848507,0.0
pp_primary_long,B,1.7453292519943295,0.5555555555555556,982,-11.414736572529144,-0.0889199806268363,0.9172585741190669,0.917875883075806,0.8431167684463342
pp_primary_long,B,1.7453292519943295,0.5555555555555556,983,-11.83868531500038,-0.550424606626195,0.9178212884139243,0.9178808985426374,0.0
pp_primary_long,B,1.7453292519943295,0.5555555555555556,984,-11.361381865574181,-0.05094844077520395,0.9172585321519942,0.9178759430366816,0.8431133938595661
pp_primary_long,B,1.7453292519943295,0.5555555555555556,985,-11.23485707518849,0.06979533217286576,0.9178198259186594,0.9178806905459248,0.0
pp_primary_long,B,1.7453292519943295,0.5555555555555556,986,-11.29151603330235,-0.00476425737674778,0.9172524561121481,0.9178747556567108,0.8430988362516418
pp_primary_long,B,1.7453292519943295,0.5555555555555556,987,-10.68543008385993,0.6361946253025513,0.9178196477915612,0.9178806411070665,0.0
pp_primary_long,B,1.7453292519943295,0.5555555555555556,988,-11.252743802452137,0.025945368628752394,0.9172492252097069,0.917874233771871,0.8430882702009045
pp_primary_long,B,1.7453292519943295,0.5555555555555556,989,-10.484382363213065,0.857855186389951,0.9178170375739099,0.9178801813294724,0.0
pp_primary_long,B,1.7453292519943295,0.5555555555555556,990,-11.276929470495443,0.025348858581127065,0.9172504087508544,0.9178744577600145,0.8430910023436559
pp_primary_long,B,1.7453292519943295,0.5555555555555556,991,-10.746815827301802,0.6209118333312549,0.917816884389683,0.9178802182412098,0.0
pp_primary_long,B,1.7453292519943295,0.5555555555555556,992,-11.363374196670705,-0.00621426088591942,0.9172464253560849,0.9178738280123423,0.8430749330555798
pp_primary_long,B,1.7453292519943295,0.5555555555555556,993,-11.349726147075302,0.04708908420588631,0.9178191747372734,0.9178805718673853,0.0
pp_primary_long,B,1.7453292519943295,0.5555555555555556,994,-11.479500417580244,-0.05254152919369807,0.9172524330871653,0.9178747996219814,0.843096160718874
pp_primary_long,B,1.7453292519943295,0.5555555555555556,995,-11.9952324859981,-0.5688857092241347,0.9178190736840363,0.9178805418573251,0.0
pp_primary_long,B,1.7453292519943295,0.5555555555555556,996,-11.577421623668526,-0.08981262640103801,0.9172593209560901,0.9178758824665895,0.8431224450543756
pp_primary_long,B,1.7453292519943295,0.5555555555555556,997,-12.36353625885129,-0.910601945551368,0.917822400914468,0.9178809876623687,0.0
pp_primary_long,B,1.7453292519943295,0.5555555555555556,998,-11.618708757442029,-0.09891347807612508,0.917258044751738,0.9178757275732994,0.8431166264385921
pp_primary_long,B,1.7453292519943295,0.5555555555555556,999,-12.277294673116433,-0.8025099794934405,0.9178230697101839,0.9178811424042885,0.0
pp_primary_long,B,1.7453292519943295,0.5555555555555556,1000,-11.593886075249682,-0.07513789082259623,0.9172616798212537,0.9178763887224641,0.8431266181183201
pp_primary_long,B,1.7453292519943295,0.5555555555555556,1001,-11.792591351525612,-0.30013532323826947,0.917821340475004,0.9178809189311224,0.0
pp_primary_long,B,1.7453292519943295,0.5555555555555556,1002,-11.527646388972475,-0.030752672062877046,0.9172587559652601,0.9178759533107769,0.8431143635952731
pp_primary_long,B,1.7453292519943295,0.5555555555555556,1003,-11.170204074113268,0.33845748992278724,0.9178216189996905,0.9178809595072772,0.0
pp_primary_long,B,1.7453292519943295,0.5555555555555556,1004,-11.465652949290465,0.0115120733106117,0.917253636715581,0.9178749770174603,0.843102887133671
pp_primary_long,B,1.7453292519943295,0.5555555555555556,1005,-10.741681231452372,0.7852325988201021,0.917819885045198,0.9178806197080976,0.0
pp_primary_long,B,1.7453292519943295,0.5555555555555556,1006,-11.451658072705413,0.02990332878722464,0.9172533770428877,0.9178749671915755,0.84310103433761
pp_primary_long,B,1.7453292519943295,0.5555555555555556,1007,-10.73889699558387,0.8107052200021713,0.9178171798138979,0.9178802368336149,0.0
pp_primary_long,B,1.7453292519943295,0.5555555555555556,1008,-11.504641674910502,0.014982760084456523,0.9172490285587753,0.9178741688610618,0.8430876406460028
pp_primary_long,B,1.7453292519943295,0.5555555555555556,1009,-11.175135748147698,0.40179774897482035,0.9178180953324802,0.9178804176680118,0.0
pp_primary_long,B,1.7453292519943295,0.5555555555555556,1010,-11.609211749139881,-0.025596215143630793,0.917245418686191,0.9178736974815993,0.8430701327066435
pp_primary_long,B,1.7453292519943295,0.5555555555555556,1011,-11.838087613858582,-0.23143575211612172,0.9178173223100847,0.9178802814264378,0.0
pp_primary_long,B,1.7453292519943295,0.5555555555555556,1012,-11.723423027970895,-0.07096982003232197,0.9172532430211904,0.9178749094237585,0.8431005382827083
pp_primary_long,B,1.7453292519943295,0.5555555555555556,1013,-12.399041116675388,-0.76375941603717,0.9178186745992843,0.9178804381256799,0.0
pp_primary_long,B,1.7453292519943295,0.5555555555555556,1014,-11.80044239540877,-0.0978431588868024,0.9172538816157473,0.9178750170611759,0.8431026062040092
pp_primary_long,B,1.7453292519943295,0.5555555555555556,1015,-12.581632419886873,-0.9217124410163909,0.917822166710664,0.9178809671425072,0.0
pp_primary_long,B,1.7453292519943295,0.5555555555555556,1016,-11.812452170404768,-0.09238981601255071,0.917258586379323,0.9178757408595873,0.8431205327109624
pp_primary_long,B,1.7453292519943295,0.5555555555555556,1017,-12.30392558677632,-0.6241609829423012,0.9178216017520575,0.9178809372176372,0.0
pp_primary_long,B,1.7453292519943295,0.5555555555555556,1018,-11.765182178436328,-0.05744547800496716,0.9172618123685359,0.9178764442996026,0.8431249951917594
pp_primary_long,B,1.7453292519943295,0.5555555555555556,1019,-11.720300661718909,-0.02393210767986348,0.9178222578685751,0.9178810400031842,0.0
pp_primary_long,B,1.7453292519943295,0.5555555555555556,1020,-11.694701229940273,-0.0109523146471468,0.9172579303439085,0.9178757668879703,0.8431140536227738
pp_primary_long,B,1.7453292519943295,0.5555555555555556,1021,-11.142436995914055,0.5706330610554277,0.9178224773792831,0.9178810482877975,0.0
pp_primary_long,B,1.7453292519943295,0.5555555555555556,1022,-11.648940237172496,0.02323856290791043,0.9172570134273459,0.9178756205981338,0.8431115235238388
pp_primary_long,B,1.7453292519943295,0.5555555555555556,1023,-10.87891288289827,0.8541262792080409,0.9178197630551652,0.9178806124605029,0.0
pp_primary_long,B,1.7453292519943295,0.5555555555555556,1024,-11.66330219620993,0.027528927501230135,0.917255928884914,0.9178753105712121,0.8431116606964267
pp_primary_long,B,1.7453292519943295,0.5555555555555556,1025,-11.076937071659934,0.6809170090373327,0.9178188934997812,0.917880534123487,0.0
pp_primary_long,B,1.7453292519943295,0.5555555555555556,1026,-11.742162679514877,-0.0002633076173460813,0.9172474558271532,0.917873957894268,0.8430803280216513
pp_primary_long,B,1.7453292519943295,0.5555555555555556,1027,-11.646577078451712,0.1400115399687421,0.9178181485430921,0.9178803944099498,0.0
pp_primary_long,B,1.7453292519943295,0.5555555555555556,1028,-11.85687975292942,-0.045887535916372194,0.9172486225711969,0.9178742171778631,0.8430824922454657
pp_primary_long,B,1.7453292519943295,0.5555555555555556,1029,-12.307048023010136,-0.4907659154933107,0.9178161693610963,0.9178800870001366,0.0
pp_primary_long,B,1.7453292519943295,0.5555555555555556,1030,-11.960289139776217,-0.08588627090343068,0.917250157079141,0.9178744310561167,0.8430888010937514
pp_primary_long,B,1.7453292519943295,0.5555555555555556,1031,-12.730867010796095,-0.8874091942950046,0.917819249014027,0.9178805279696826,0.0
pp_primary_long,B,1.7453292519943295,0.5555555555555556,1032,-12.011081353757728,-0.0997192901865249,0.9172511726830146,0.9178745083795391,0.8430949523848832
pp_primary_long,B,1.7453292519943295,0.5555555555555556,1033,-12.712178866693996,-0.8461755534114974,0.917820397521369,0.9178807333566597,0.0
pp_primary_long,B,1.7453292519943295,0.5555555555555556,1034,-11.994922559139306,-0.0802571867840661,0.9172590593782957,0.917875835062028,0.8431210997191841
pp_primary_long,B,1.7453292519943295,0.5555555555555556,1035,-12.27234551896019,-0.38823419227788836,0.9178209593497274,0.9178808035887939,0.0
pp_primary_long,B,1.7453292519943295,0.5555555555555556,1036,-11.93206529314411,-0.03755621907045667,0.9172590827656665,0.9178759705115412,0.8431168708453788
pp_primary_long,B,1.7453292519943295,0.5555555555555556,1037,-11.649119305929972,0.25119202516687317,0.9178229559455182,0.9178811238530241,0.0
pp_primary_long,B,1.7453292519943295,0.5555555555555556,1038,-11.86645077345201,0.00651062367822447,0.9172582833494647,0.9178758387119569,0.8431149494707808
pp_primary_long,B,1.7453292519943295,0.5555555555555556,1039,-11.17445863980349,0.7436386242614446,0.9178221099265508,0.9178809845743849,0.0
pp_primary_long,B,1.7453292519943295,0.5555555555555556,1040,-11.843684059465142,0.02926859766487673,0.9172606023664087,0.9178762005481073,0.8431232159386985
pp_primary_long,B,1.7453292519943295,0.5555555555555556,1041,-11.10395296168718,0.8361370802129823,0.9178205985067969,0.9178807838190974,0.0
pp_primary_long,B,1.7453292519943295,0.5555555555555556,1042,-11.887199601642317,0.019058160426231083,0.9172554510940744,0.9178752077304115,0.8431105595389232
pp_primary_long,B,1.7453292519943295,0.5555555555555556,1043,-11.485665451399154,0.48118195155679017,0.9178206115806051,0.9178807566208104,0.0
pp_primary_long,B,1.7453292519943295,0.5555555555555556,1044,-11.98650656213115,-0.018902019037026,0.9172499417174467,0.9178744319329488,0.8430875127613575
pp_primary_long,B,1.7453292519943295,0.5555555555555556,1045,-12.135299809129071,-0.13887556236043197,0.917817305334731,0.9178802497340683,0.0
pp_primary_long,B,1.7453292519943295,0.5555555555555556,1046,-12.102392948685623,-0.06510641067689256,0.9172507432860222,0.9178745452589336,0.843090701642693
pp_primary_long,B,1.7453292519943295,0.5555555555555556,1047,-12.73098326024879,-0.7055523460219724,0.917817009981406,0.9178802218828628,0.0
pp_primary_long,B,1.7453292519943295,0.5555555555555556,1048,-12.187157640296139,-0.09583160415801786,0.9172463575735199,0.9178738096013493,0.843074819278389
pp_primary_long,B,1.7453292519943295,0.5555555555555556,1049,-12.978522941440348,-0.9277577501493844,0.9178188226269381,0.9178804961512693,0.0
pp_primary_long,B,1.7453292519943295,0.5555555555555556,1050,-12.208967997739427,-0.09525468332696338,0.9172520023860415,0.9178746064252035,0.8430992673444222
pp_primary_long,B,1.7453292519943295,0.5555555555555556,1051,-12.762602689484012,-0.691369279634814,0.9178186703264342,0.9178804409915409,0.0
pp_primary_long,B,1.7453292519943295,0.5555555555555556,1052,-12.168532043171096,-0.06371208519793192,0.9172565793694927,0.9178754763587783,0.843111078665187
pp_primary_long,B,1.7453292519943295,0.5555555555555556,1053,-12.205878590678262,-0.11778628618092851,0.9178211009488936,0.9178808012042491,0.0
pp_primary_long,B,1.7453292519943295,0.5555555555555556,1054,-12.098395546520813,-0.0173956245609201,0.9172562963090755,0.917875443185196,0.8431099120384403
pp_primary_long,B,1.7453292519943295,0.5555555555555556,1055,-11.60620678702153,0.4983566621140397,0.9178224510566192,0.9178810498989395,0.0
pp_primary_long,B,1.7453292519943295,0.5555555555555556,1056,-12.04637383936019,0.019909686854070838,0.9172599030150076,0.9178761432991789,0.8431181574441928
pp_primary_long,B,1.7453292519943295,0.5555555555555556,1057,-11.283357801468911,0.8405635486168002,0.9178215507016914,0.9178809229138707,0.0
pp_primary_long,B,1.7453292519943295,0.5555555555555556,1058,-12.051031965487919,0.02902966022759848,0.9172612856495677,0.9178762401935625,0.8431277457136909
pp_primary_long,B,1.7453292519943295,0.5555555555555556,1059,-11.415024874704205,0.7330274585563682,0.9178223116403954,0.9178810230804331,0.0
pp_primary_long,B,1.7453292519943295,0.5555555555555556,1060,-12.121713670122212,0.005307153918122115,0.9172553268353584,0.9178752690604728,0.8431078532715429
pp_primary_long,B,1.7453292519943295,0.5555555555555556,1061,-11.945355619738391,0.23101531917550805,0.9178208215086061,0.917880751706011,0.0
pp_primary_long,B,1.7453292519943295,0.5555555555555556,1062,-12.233991739505928,-0.039103307621576315,0.9172550137432016,0.9178752391235278,0.8431062103237568
pp_primary_long,B,1.7453292519943295,0.5555555555555556,1063,-12.613763093075816,-0.4076129056968858,0.917817605603671,0.9178803214688939,0.0
pp_primary_long,B,1.7453292519943295,0.5555555555555556,1064,-12.341995856876467,-0.0813857603493708,0.9172493222619295,0.9178743295654807,0.8430842275984125
pp_primary_long,B,1.7453292519943295,0.5555555555555556,1065,-13.088686058042448,-0.854802861809375,0.9178183771357106,0.9178804441475997,0.0
pp_primary_long,B,1.7453292519943295,0.5555555555555556,1066,-12.402038865070244,-0.09981785713673832,0.9172466297475312,0.9178738191646946,0.8430772804716888
pp_primary_long,B,1.7453292519943295,0.5555555555555556,1067,-13.138020385082463,-0.880867009057307,0.9178174084052223,0.9178802696049834,0.0
pp_primary_long,B,1.7453292519943295,0.5555555555555556,1068,-12.395031104228012,-0.08490549226395921,0.917252363257439,0.9178747262051521,0.8430989122091348
pp_primary_long,B,1.7453292519943295,0.5555555555555556,1069,-12.748180534769496,-0.4724170588982821,0.9178182894963286,0.9178803472750398,0.0
pp_primary_long,B,1.7453292519943295,0.5555555555555556,1070,-12.336481107020562,-0.04435237235455907,0.9172526201627627,0.9178747746452697,0.8430992603216654
pp_primary_long,B,1.7453292519943295,0.5555555555555556,1071,-12.131258330437513,0.16075302804000796,0.9178208525571153,0.9178807889323188,0.0
pp_primary_long,B,1.7453292519943295,0.5555555555555556,1072,-12.268162001195876,0.001053737680461922,0.9172552632253553,0.9178752701716699,0.8431057528541233
pp_primary_long,B,1.7453292519943295,0.5555555555555556,1073,-11.615945029249541,0.6934122963589617,0.917821014489772,0.9178808331797307,0.0
pp_primary_long,B,1.7453292519943295,0.5555555555555556,1074,-12.237096912300942,0.027940280058088754,0.9172605553505575,0.9178762238759879,0.843120914251503
pp_primary_long,B,1.7453292519943295,0.5555555555555556,1075,-11.478727274770815,0.8519320007766847,0.9178218516404473,0.9178809619953773,0.0
pp_primary_long,B,1.7453292519943295,0.5555555555555556,1076,-12.270935262729894,0.022545430849566242,0.9172591416593321,0.9178758935587743,0.8431206080503455
pp_primary_long,B,1.7453292519943295,0.5555555555555556,1077,-11.801929944770228,0.5548802609302167,0.9178232462963896,0.9178811173842746,0.0
pp_primary_long,B,1.7453292519943295,0.5555555555555556,1078,-12.364143584103882,-0.01238090793171881,0.9172585320843545,0.9178758236423057,0.8431180050476957
pp_primary_long,B,1.7453292519943295,0.5555555555555556,1079,-12.43131866215848,-0.04514648069509991,0.9178203700367766,0.9178807135627398,0.0
pp_primary_long,B,1.7453292519943295,0.5555555555555556,1080,-12.480654238674477,-0.05889594712121947,0.9172573307560851,0.9178755853616691,0.8431145360652551
pp_primary_long,B,1.7453292519943295,0.5555555555555556,1081,-13.055412907995787,-0.6399316755490849,0.9178195007916786,0.9178806181015221,0.0
pp_primary_long,B,1.7453292519943295,0.5555555555555556,1082,-12.572478518970344,-0.0931300672297825,0.9172484479279511,0.9178742076920489,0.8430804118545627
pp_primary_long,B,1.7453292519943295,0.5555555555555556,1083,-13.365434789784143,-0.9239397921521196,0.9178185138741469,0.9178804537131533,0.0
pp_primary_long,B,1.7453292519943295,0.5555555555555556,1084,-12.604160149483308,-0.09745781392021827,0.9172498977888494,0.9178743664637616,0.8430891311568747
pp_primary_long,B,1.7453292519943295,0.5555555555555556,1085,-13.213961889352646,-0.751314738386496,0.9178167649571712,0.9178801390578265,0.0
pp_primary_long,B,1.7453292519943295,0.5555555555555556,1086,-12.571310679855454,-0.06968756511586695,0.917250320970513,0.9178744198604966,0.8430906520630908
pp_primary_long,B,1.7453292519943295,0.5555555555555556,1087,-12.690566451254421,-0.21071739088892044,0.9178186927506683,0.9178804371213164,0.0
pp_primary_long,B,1.7453292519943295,0.5555555555555556,1088,-12.502539840447582,-0.024057265375103026,0.9172501992808196,0.917874305786963,0.8430930027213932
pp_primary_long,B,1.7453292519943295,0.5555555555555556,1089,-12.075969800908343,0.4201698439288257,0.9178196237888303,0.9178806094842308,0.0
pp_primary_long,B,1.7453292519943295,0.5555555555555556,1090,-12.445035201315626,0.015972096227830704,0.9172553076213584,0.9178753218983184,0.8431040517844101
pp_primary_long,B,1.7453292519943295,0.5555555555555556,1091,-11.697603960155707,0.8172932662116443,0.9178198801691116,0.9178806440706507,0.0
pp_primary_long,B,1.7453292519943295,0.5555555555555556,1092,-12.440159996490891,0.02983389385233884,0.9172581970020476,0.9178757768390677,0.8431153464094465
pp_primary_long,B,1.7453292519943295,0.5555555555555556,1093,-11.761688398568703,0.7766390138738942,0.91782254280492,0.917881036174449,0.0
pp_primary_long,B,1.7453292519943295,0.5555555555555556,1094,-12.502144306585532,0.010437664492135554,0.9172579561262781,0.9178757502907803,0.843114566897182
pp_primary_long,B,1.7453292519943295,0.5555555555555556,1095,-12.247080173154787,0.3190990010426293,0.9178225275568984,0.9178810195517455,0.0
pp_primary_long,B,1.7453292519943295,0.5555555555555556,1096,-12.610996187889024,-0.03226934996748109,0.9172622700636351,0.9178763745541008,0.8431323794975343
pp_primary_long,B,1.7453292519943295,0.5555555555555556,1097,-12.916277151435528,-0.3203164236202068,0.9178210561402531,0.91788084018704,0.0
pp_primary_long,B,1.7453292519943295,0.5555555555555556,1098,-12.722626266957379,-0.07635487965319454,0.9172561206935818,0.9178754251460783,0.8431086197368001
pp_primary_long,B,1.7453292519943295,0.5555555555555556,1099,-13.437311933941297,-0.8131287951237096,0.9178210947659482,0.9178808307705354,0.0
pp_primary_long,B,1.7453292519943295,0.5555555555555556,1100,-12.791504582898263,-0.09917818353870725,0.917251572172055,0.9178747114029621,0.843092510609822
pp_primary_long,B,1.7453292519943295,0.5555555555555556,1101,-13.55439570093335,-0.9062105412058107,0.9178180120323993,0.9178803608714297,0.0
pp_primary_long,B,1.7453292519943295,0.5555555555555556,1102,-12.794028043492379,-0.08900084586874413,0.9172517439966816,0.9178747233272456,0.843093441781315
pp_primary_long,B,1.7453292519943295,0.5555555555555556,1103,-13.219142142423534,-0.5517575322972004,0.9178176249733666,0.9178802830937988,0.0
pp_primary_long,B,1.7453292519943295,0.5555555555555556,1104,-12.74074366388637,-0.05106760216124635,0.9172482323419523,0.917874012296216,0.843085233845405
pp_primary_long,B,1.7453292519943295,0.5555555555555556,1105,-12.615616894702455,0.06815565709856419,0.9178186335829791,0.9178804554670636,0.0
pp_primary_long,B,1.7453292519943295,0.5555555555555556,1106,-12.670738906751959,-0.004826451158653891,0.9172502186931483,0.917874349744904,0.8430917054076295
pp_primary_long,B,1.7453292519943295,0.5555555555555556,1107,-12.065606528501926,0.63511612790794,0.917818122705973,0.9178803468268927,0.0
pp_primary_long,B,1.7453292519943295,0.5555555555555556,1108,-12.631926425787864,0.02591123861975958,0.9172542475676043,0.9178751260392018,0.8431016360929635
pp_primary_long,B,1.7453292519943295,0.5555555555555556,1109,-11.863440218918662,0.857891668435713,0.9178197795716965,0.9178806207068096,0.0
pp_primary_long,B,1.7453292519943295,0.5555555555555556,1110,-12.655937228084298,0.02540210633887678,0.9172542732815464,0.9178751262032545,0.8431019025898718
pp_primary_long,B,1.7453292519943295,0.5555555555555556,1111,-12.124792264334323,0.622047302108769,0.9178221407731264,0.9178809714381077,0.0
pp_primary_long,B,1.7453292519943295,0.5555555555555556,1112,-12.742277685423474,-0.006108834674574445,0.9172595145274604,0.9178759861325897,0.8431199513749056
pp_primary_long,B,1.7453292519943295,0.5555555555555556,1113,-12.727202346429195,0.04871571088661375,0.9178214869402354,0.9178808914070782,0.0
pp_primary_long,B,1.7453292519943295,0.5555555555555556,1114,-12.858375874249342,-0.05241876173447059,0.9172620227402196,0.9178763184891044,0.843131691758883
pp_primary_long,B,1.7453292519943295,0.5555555555555556,1115,-13.373042434260888,-0.56759732095216,0.9178226535652338,0.9178810450252504,0.0
pp_primary_long,B,1.7453292519943295,0.5555555555555556,1116,-12.956461276150392,-0.08976719960886445,0.9172560061438111,0.917875434186799,0.8431078338682964
pp_primary_long,B,1.7453292519943295,0.5555555555555556,1117,-13.742374582204985,-0.9102872385084869,0.9178211297291877,0.9178808239928661,0.0
pp_primary_long,B,1.7453292519943295,0.5555555555555556,1118,-12.997901756092565,-0.09894574816493135,0.9172559964410054,0.9178754390915035,0.8431077813778723
pp_primary_long,B,1.7453292519943295,0.5555555555555556,1119,-13.657297593140104,-0.8033425442392561,0.9178185270061977,0.9178804462743414,0.0
pp_primary_long,B,1.7453292519943295,0.5555555555555556,1120,-12.973297116192185,-0.07527195314223092,0.9172512934896605,0.91787465229769,0.8430909683904699
pp_primary_long,B,1.7453292519943295,0.5555555555555556,1121,-13.17329644420281,-0.301699170306225,0.917818875572148,0.9178805025262956,0.0
pp_primary_long,B,1.7453292519943295,0.5555555555555556,1122,-12.906975122762931,-0.030858633610848882,0.9172486238365404,0.9178740562305931,0.8430876519268842
pp_primary_long,B,1.7453292519943295,0.5555555555555556,1123,-12.550842450759239,0.33695549092795307,0.9178179020181969,0.9178803113107715,0.0
pp_primary_long,B,1.7453292519943295,0.5555555555555556,1124,-12.844890634247825,0.011448198944286517,0.9172511569568393,0.9178745681837923,0.8430931754864242
pp_primary_long,B,1.7453292519943295,0.5555555555555556,1125,-12.121412683565158,0.7845826548144588,0.9178175324180508,0.9178802492426874,0.0
pp_primary_long,B,1.7453292519943295,0.5555555555555556,1126,-12.830749122534115,0.029914293275732695,0.9172511084215078,0.9178745431848001,0.8430931646353012
pp_primary_long,B,1.7453292519943295,0.5555555555555556,1127,-12.117458289470507,0.8112469569645352,0.9178199102679662,0.9178806490412557,0.0
pp_primary_long,B,1.7453292519943295,0.5555555555555556,1128,-12.883583339927318,0.015066588351607985,0.9172525011705481,0.9178748610126093,0.8430942170446206
pp_primary_long,B,1.7453292519943295,0.5555555555555556,1129,-12.552775411368811,0.40325699291442135,0.9178204385038263,0.91788072784425,0.0
pp_primary_long,B,1.7453292519943295,0.5555555555555556,1130,-12.988071752471884,-0.025469475454424628,0.9172603590699304,0.9178760687587696,0.8431247292952186
pp_primary_long,B,1.7453292519943295,0.5555555555555556,1131,-13.215585509926246,-0.2298448905300548,0.9178216315398374,0.9178808901922262,0.0
pp_primary_long,B,1.7453292519943295,0.5555555555555556,1132,-13.102338508651044,-0.07086713586898592,0.9172588594255949,0.91787584633706,0.8431193235961072
pp_primary_long,B,1.7453292519943295,0.5555555555555556,1133,-13.777206791762296,-0.7628263336711893,0.9178232421617925,0.9178811089137866,0.0
pp_primary_long,B,1.7453292519943295,0.5555555555555556,1134,-13.179498976587006,-0.09781190594257044,0.9172590453907515,0.9178758954814754,0.8431197684165568
pp_primary_long,B,1.7453292519943295,0.5555555555555556,1135,-13.96099765209763,-0.9219145145589019,0.9178207117070353,0.9178807789375384,0.0
pp_primary_long,B,1.7453292519943295,0.5555555555555556,1136,-13.191753157595514,-0.09247169742739056,0.9172575806533438,0.9178757290694173,0.8431112328326078
pp_primary_long,B,1.7453292519943295,0.5555555555555556,1137,-13.684304291783814,-0.6253859471139024,0.9178201288511274,0.9178807003394289,0.0
pp_primary_long,B,1.7453292519943295,0.5555555555555556,1138,-13.144618159246196,-0.05759277915658921,0.9172514034283804,0.9178746286925408,0.843093036974067
pp_primary_long,B,1.7453292519943295,0.5555555555555556,1139,-13.101120821392001,-0.02557548237888596,0.9178193598639156,0.9178805597947626,0.0
pp_primary_long,B,1.7453292519943295,0.5555555555555556,1140,-13.074023495058366,-0.01105424689807627,0.9172511580484092,0.9178745518284157,0.8430942316196575
pp_primary_long,B,1.7453292519943295,0.5555555555555556,1141,-12.52277445145604,0.5694160141312555,0.917817432915712,0.9178802157529558,0.0
pp_primary_long,B,1.7453292519943295,0.5555555555555556,1142,-13.028157836172248,0.023189732295309906,0.9172509811977455,0.9178744987598421,0.8430939391122022
pp_primary_long,B,1.7453292519943295,0.5555555555555556,1143,-12.258169832211387,0.8539632330775734,0.9178180695578203,0.9178803622123965,0.0
pp_primary_long,B,1.7453292519943295,0.5555555555555556,1144,-13.04230231024452,0.02758309466179759,0.9172481326128332,0.9178740555065869,0.8430823399328261
pp_primary_long,B,1.7453292519943295,0.5555555555555556,1145,-12.455034532540964,0.6819202818997876,0.9178190340171017,0.9178805131853817,0.0
pp_primary_long,B,1.7453292519943295,0.5555555555555556,1146,-13.121064610375473,-0.0001588176624919141,0.9172533748936464,0.9178749892813971,0.8430978759046199
pp_primary_long,B,1.7453292519943295,0.5555555555555556,1147,-13.024038700481729,0.1416416608362761,0.9178190828672693,0.917880513967283,0.0
pp_primary_long,B,1.7453292519943295,0.5555555555555556,1148,-13.23573385903422,-0.04575728201780201,0.9172572930578875,0.9178755691147167,0.8431142516955241
pp_primary_long,B,1.7453292519943295,0.5555555555555556,1149,-13.68471320334119,-0.48935518668245037,0.9178222574079026,0.9178809520336157,0.0
pp_primary_long,B,1.7453292519943295,0.5555555555555556,1150,-13.339236547207282,-0.085803570219468,0.9172576010776801,0.9178756289070806,0.8431152749520148
pp_primary_long,B,1.7453292519943295,0.5555555555555556,1151,-14.10950652463071,-0.8869335376524468,0.9178222432702282,0.917880983126421,0.0
pp_primary_long,B,1.7453292519943295,0.5555555555555556,1152,-13.390183358325539,-0.09971258411509229,0.917261602580324,0.9178762984324338,0.8431284426400694
pp_primary_long,B,1.7453292519943295,0.5555555555555556,1153,-14.092011436357508,-0.8468689171785797,0.9178212607997501,0.9178808614847951,0.0
pp_primary_long,B,1.7453292519943295,0.5555555555555556,1154,-13.374316005955489,-0.08038215189267253,0.9172567728606374,0.9178755984864411,0.8431081881416695
pp_primary_long,B,1.7453292519943295,0.5555555555555556,1155,-13.653014672139882,-0.38973411628093846,0.9178214112374363,0.917880883721555,0.0
pp_primary_long,B,1.7453292519943295,0.5555555555555556,1156,-13.311465423105517,-0.037690526685137136,0.9172537596493212,0.9178750277752934,0.8431014922492931
pp_primary_long,B,1.7453292519943295,0.5555555555555556,1157,-13.029857368352838,0.24963531812705647,0.9178192685516784,0.9178805167753274,0.0
pp_primary_long,B,1.7453292519943295,0.5555555555555556,1158,-13.245796768453761,0.006402711267088149,0.9172536572117468,0.9178750008745196,0.8431012685588581
pp_primary_long,B,1.7453292519943295,0.5555555555555556,1159,-12.554393480205153,0.7428169436457521,0.9178180698574168,0.9178803458718031,0.0
pp_primary_long,B,1.7453292519943295,0.5555555555555556,1160,-13.222816647303175,0.0292620767814476,0.9172495609636957,0.9178742091053785,0.8430906039530194
pp_primary_long,B,1.7453292519943295,0.5555555555555556,1161,-12.482715270264878,0.8364848423660378,0.9178186160462883,0.9178804470782096,0.0
pp_primary_long,B,1.7453292519943295,0.5555555555555556,1162,-13.26615610770083,0.019135195070413294,0.9172482876802077,0.9178741324806515,0.8430812430284875
pp_primary_long,B,1.7453292519943295,0.5555555555555556,1163,-12.86340106872288,0.4825420301928722,0.9178175067915318,0.917880266312078,0.0
pp_primary_long,B,1.7453292519943295,0.5555555555555556,1164,-13.365375693140555,-0.018779390012163444,0.9172531045393484,0.9178749076191951,0.8430987686458878
pp_primary_long,B,1.7453292519943295,0.5555555555555556,1165,-13.512739614430203,-0.13722892188562613,0.9178191517189876,0.9178805058694262,0.0
pp_primary_long,B,1.7453292519943295,0.5555555555555556,1166,-13.481283536683238,-0.06499469893813928,0.9172529505927371,0.9178748789988856,0.8430981555649637
pp_primary_long,B,1.7453292519943295,0.5555555555555556,1167,-14.108972691509987,-0.7044594562814877,0.9178216494810308,0.9178808754227478,0.0
pp_primary_long,B,1.7453292519943295,0.5555555555555556,1168,-13.56612032804233,-0.09576139134724038,0.9172589736238121,0.9178757958865161,0.8431216310161355
pp_primary_long,B,1.7453292519943295,0.5555555555555556,1169,-14.357669168494755,-0.9277912323111916,0.9178211755122888,0.9178808296021171,0.0
pp_primary_long,B,1.7453292519943295,0.5555555555555556,1170,-13.588173427108961,-0.0952961463784545,0.917260540050821,0.9178761582385517,0.843123191304195
pp_primary_long,B,1.7453292519943295,0.5555555555555556,1171,-14.142837253814655,-0.692482979991178,0.9178223497943317,0.917881001857337,0.0
pp_primary_long,B,1.7453292519943295,0.5555555555555556,1172,-13.547922924622107,-0.06384063030308144,0.9172567518187991,0.9178755589731221,0.8431100064938046
pp_primary_long,B,1.7453292519943295,0.5555555555555556,1173,-13.586698689165914,-0.11941440837922912,0.9178215711072696,0.9178808924816536,0.0
pp_primary_long,B,1.7453292519943295,0.5555555555555556,1174,-13.477794430296099,-0.017529317580348536,0.9172569853874445,0.9178756159718723,0.8431103078755244
pp_primary_long,B,1.7453292519943295,0.5555555555555556,1175,-12.98668062634145,0.4970396724658677,0.9178195769649271,0.9178805774589146,0.0
pp_primary_long,B,1.7453292519943295,0.5555555555555556,1176,-13.425685210501877,0.019822281809427647,0.9172545100238955,0.917875084373513,0.8431056560081962
pp_primary_long,B,1.7453292519943295,0.5555555555555556,1177,-12.662835635339059,0.8402148375787037,0.9178194608680189,0.9178805772835299,0.0
pp_primary_long,B,1.7453292519943295,0.5555555555555556,1178,-13.430085404287183,0.029061685944102203,0.9172493110445042,0.9178742156703388,0.8430882710721248
pp_primary_long,B,1.7453292519943295,0.5555555555555556,1179,-12.79330620327567,0.7338564445529815,0.9178182433685983,0.9178803578809231,0.0
pp_primary_long,B,1.7453292519943295,0.5555555555555556,1180,-13.50064060005414,0.005402021538349885,0.9172506353859207,0.9178745149533936,0.8430901042430675
pp_primary_long,B,1.7453292519943295,0.5555555555555556,1181,-13.322878369544958,0.23259104731782793,0.9178169900379867,0.9178801888285734,0.0
pp_primary_long,B,1.7453292519943295,0.5555555555555556,1182,-13.612865750888144,-0.03898119045678016,0.9172498429627104,0.9178743722869634,0.8430872293071077
pp_primary_long,B,1.7453292519943295,0.5555555555555556,1183,-13.991334737351593,-0.4060983458934688,0.9178194986527923,0.9178805631884683,0.0
pp_primary_long,B,1.7453292519943295,0.5555555555555556,1184,-13.720919875646103,-0.08129318501095104,0.9172517585453897,0.9178746523139696,0.8430947776531477
pp_primary_long,B,1.7453292519943295,0.5555555555555556,1185,-14.467127797295142,-0.8541450597445108,0.9178199041276776,0.9178806298535187,0.0
pp_primary_long,B,1.7453292519943295,0.5555555555555556,1186,-13.781065348976297,-0.09977894718289101,0.9172589680939912,0.9178758001791504,0.8431213199255079
pp_primary_long,B,1.7453292519943295,0.5555555555555556,1187,-14.517642139010352,-0.8814012526974049,0.9178211715932095,0.9178807947736863,0.0
pp_primary_long,B,1.7453292519943295,0.5555555555555556,1188,-13.77431050194004,-0.08498366624176482,0.9172577274055638,0.9178756888528887,0.8431140330102636
pp_primary_long,B,1.7453292519943295,0.5555555555555556,1189,-14.128746852320194,-0.4738468963014325,0.9178226051335172,0.9178810357368982,0.0
pp_primary_long,B,1.7453292519943295,0.5555555555555556,1190,-13.715834582626293,-0.04446869546331005,0.9172583837055068,0.9178758216588287,0.8431157176611028
pp_primary_long,B,1.7453292519943295,0.5555555555555556,1191,-13.512027843160242,0.15916179422857663,0.9178212067292487,0.9178808391102588,0.0
pp_primary_long,B,1.7453292519943295,0.5555555555555556,1192,-13.64757188915749,0.0009186049300863308,0.9172588337130789,0.9178759220144715,0.8431158271146486
pp_primary_long,B,1.7453292519943295,0.5555555555555556,1193,-12.996045849986675,0.6924576498755506,0.9178207080707791,0.917880772065187,0.0
pp_primary_long,B,1.7453292519943295,0.5555555555555556,1194,-13.616308307954073,0.027900503211248387,0.917254331095603,0.9178750357235105,0.8431059037415815
pp_primary_long,B,1.7453292519943295,0.5555555555555556,1195,-12.857700254297669,0.8520983653877734,0.9178203733915954,0.917880681768461,0.0
pp_primary_long,B,1.7453292519943295,0.5555555555555556,1196,-13.649947248255549,0.022599757739811197,0.91725202375736,0.917874726030563,0.8430958994890775
pp_primary_long,B,1.7453292519943295,0.5555555555555556,1197,-13.179818727016746,0.5560993062470537,0.9178177005936865,0.9178802748422951,0.0
pp_primary_long,B,1.7453292519943295,0.5555555555555556,1198,-13.743041021489583,-0.012268655706653656,0.9172513132958393,0.9178745852208705,0.8430937707567093
pp_primary_long,B,1.7453292519943295,0.5555555555555556,1199,-13.808775904564804,-0.04350150036167166,0.9178179154822195,0.9178803420881387,0.0
pp_primary_long,B,1.7453292519943295,0.5555555555555556,1200,-13.859569758661841,-0.05879332705438407,0.9172471344653942,0.9178739456845826,0.843076775632055
pp_primary_long,B,1.7453292519943295,0.5555555555555556,1201,-14.433282342844327,-0.6386981749543241,0.917818688953764,0.9178804518558188,0.0
pp_primary_long,B,1.7453292519943295,0.5555555555555556,1202,-13.9514370995884,-0.09305613156175574,0.9172529906245945,0.917874823714911,0.8431004352997727
pp_primary_long,B,1.7453292519943295,0.5555555555555556,1203,-14.744376526451177,-0.9237830886731675,0.91781875812147,0.9178804322169866,0.0
pp_primary_long,B,1.7453292519943295,0.5555555555555556,1204,-13.983301541631478,-0.09747214366411365,0.9172557658594963,0.9178753116471047,0.8431090576033917
pp_primary_long,B,1.7453292519943295,0.5555555555555556,1205,-14.594025528281104,-0.7522971617718122,0.9178214452357353,0.9178808253610541,0.0
pp_primary_long,B,1.7453292519943295,0.5555555555555556,1206,-13.950582722340547,-0.06976833288404276,0.9172564115518101,0.9178754135654149,0.8431115463476826
pp_primary_long,B,1.7453292519943295,0.5555555555555556,1207,-14.071323627352164,-0.21232451752090392,0.9178217265795293,0.9178809147124516,0.0
pp_primary_long,B,1.7453292519943295,0.5555555555555556,1208,-13.881901639241931,-0.024177405959794576,0.917259740466958,0.9178760773520007,0.8431184807554161
pp_primary_long,B,1.7453292519943295,0.5555555555555556,1209,-13.456512837205855,0.4187713577356698,0.9178212580802896,0.9178808515119611,0.0
pp_primary_long,B,1.7453292519943295,0.5555555555555556,1210,-13.824383471714228,0.015867592746124204,0.9172585312940846,0.9178758211897102,0.8431166310343778
pp_primary_long,B,1.7453292519943295,0.5555555555555556,1211,-13.077256901451566,0.8167955863354008,0.9178219573983997,0.9178809436935975,0.0
pp_primary_long,B,1.7453292519943295,0.5555555555555556,1212,-13.819282966017623,0.02983548440832376,0.9172553980014652,0.917875277117538,0.8431076769415762
pp_primary_long,B,1.7453292519943295,0.5555555555555556,1213,-13.140152484462739,0.7773053577294057,0.9178202958186958,0.9178806511503722,0.0
pp_primary_long,B,1.7453292519943295,0.5555555555555556,1214,-13.881114004085127,0.010515449880646371,0.9172555768605446,0.9178752829129718,0.8431089871361065
pp_primary_long,B,1.7453292519943295,0.5555555555555556,1215,-13.624708077950357,0.32058176991603077,0.9178183703412457,0.9178804062361297,0.0
pp_primary_long,B,1.7453292519943295,0.5555555555555556,1216,-13.989896712765987,-0.03215638767793946,0.9172497123130025,0.9178743331168785,0.8430873224090865
pp_primary_long,B,1.7453292519943295,0.5555555555555556,1217,-14.293822504318834,-0.318752577064533,0.9178187537975095,0.9178804656939141,0.0
pp_primary_long,B,1.7453292519943295,0.5555555555555556,1218,-14.10157902249337,-0.07627127370224152,0.9172483110446548,0.9178741308102767,0.8430815723881336
pp_primary_long,B,1.7453292519943295,0.5555555555555556,1219,-14.815612664675156,-0.8123051108461654,0.9178173737198563,0.9178802427444941,0.0
pp_primary_long,B,1.7453292519943295,0.5555555555555556,1220,-14.170553764036761,-0.09914603513369394,0.9172525357547935,0.9178747768414939,0.8430981760679213
pp_primary_long,B,1.7453292519943295,0.5555555555555556,1221,-14.933833871813485,-0.9065633756485747,0.9178189010932908,0.9178804350060973,0.0
pp_primary_long,B,1.7453292519943295,0.5555555555555556,1222,-14.173245755079092,-0.08905329544447985,0.9172523281128813,0.9178747131670564,0.84309820766189
pp_primary_long,B,1.7453292519943295,0.5555555555555556,1223,-14.599589236139943,-0.553098566803411,0.9178208012533114,0.9178807536352709,0.0
pp_primary_long,B,1.7453292519943295,0.5555555555555556,1224,-14.120003850988875,-0.05114665305388354,0.9172566343150154,0.9178754426471681,0.8431121317751341
pp_primary_long,B,1.7453292519943295,0.5555555555555556,1225,-13.996368560734554,0.06653211390757918,0.9178206613903712,0.9178807441735491,0.0
pp_primary_long,B,1.7453292519943295,0.5555555555555556,1226,-14.0501065090457,-0.004946352200506335,0.9172590754713543,0.917875961327678,0.8431163018202388
pp_primary_long,B,1.7453292519943295,0.5555555555555556,1227,-13.445814071351831,0.6340425277552809,0.9178218306419637,0.9178809293087417,0.0
pp_primary_long,B,1.7453292519943295,0.5555555555555556,1228,-14.011157555052145,0.025859873602325015,0.9172574349355318,0.917875634443545,0.8431134703753144
pp_primary_long,B,1.7453292519943295,0.5555555555555556,1229,-13.242575871405998,0.8579087169406027,0.9178222650969811,0.917880964906608,0.0
pp_primary_long,B,1.7453292519943295,0.5555555555555556,1230,-14.0350027820037,0.025432367976457176,0.9172584113503088,0.917875801060862,0.8431167905094235
pp_primary_long,B,1.7453292519943295,0.5555555555555556,1231,-13.502821144345337,0.6231374595488259,0.9178202264841451,0.917880670071611,0.0
pp_primary_long,B,1.7453292519943295,0.5555555555555556,1232,-14.121199889511253,-0.006006017071869901,0.9172565229324523,0.9178753994922154,0.8431131026260593
pp_primary_long,B,1.7453292519943295,0.5555555555555556,1233,-14.104704426615347,0.050325134330532595,0.9178200108130471,0.9178806522552377,0.0
pp_primary_long,B,1.7453292519943295,0.5555555555555556,1234,-14.237305555139715,-0.05231952978537324,0.9172496588326532,0.9178743661764545,0.8430859123011214
pp_primary_long,B,1.7453292519943295,0.5555555555555556,1235,-14.7508450483316,-0.5662714989571757,0.9178184500224935,0.9178804059827916,0.0
pp_primary_long,B,1.7453292519943295,0.5555555555555556,1236,-14.335460146036093,-0.08970607121244989,0.9172511450572656,0.91787458797347,0.8430922362125777
pp_primary_long,B,1.7453292519943295,0.5555555555555556,1237,-15.121165369329573,-0.9099512075392445,0.9178172099406,0.9178802065244874,0.0
pp_primary_long,B,1.7453292519943295,0.5555555555555556,1238,-14.37707831797124,-0.09897210271554323,0.9172498286257711,0.9178743528902719,0.8430877360025075
pp_primary_long,B,1.7453292519943295,0.5555555555555556,1239,-15.037222009689149,-0.804170292135118,0.917819185030761,0.9178805005191165,0.0
pp_primary_long,B,1.7453292519943295,0.5555555555555556,1240,-14.35252724773751,-0.0753347412636464,0.9172514407050878,0.9178745140508962,0.8430968634109172
pp_primary_long,B,1.7453292519943295,0.5555555555555556,1241,-14.553986512485926,-0.30326919618480264,0.9178194229029478,0.9178805439409181,0.0
pp_primary_long,B,1.7453292519943295,0.5555555555555556,1242,-14.28627361834239,-0.03095366425120337,0.917256218906237,0.9178754177345397,0.843109100414063
pp_primary_long,B,1.7453292519943295,0.5555555555555556,1243,-13.931426289158644,0.3354720023334726,0.9178202483106505,0.9178806624038156,0.0
pp_primary_long,B,1.7453292519943295,0.5555555555555556,1244,-14.224186370593564,0.01136197379168398,0.9172566458697733,0.9178755082355557,0.8431101644140724
pp_primary_long,B,1.7453292519943295,0.5555555555555556,1245,-13.501193817366143,0.7839425620552657,0.9178221112360768,0.9178809613884933,0.0
pp_primary_long,B,1.7453292519943295,0.5555555555555556,1246,-14.209887694504312,0.029905269382546118,0.9172575952554021,0.9178757006051642,0.8431122954082946
pp_primary_long,B,1.7453292519943295,0.5555555555555556,1247,-13.496059595041086,0.8117770251796089,0.9178216070261282,0.91788087558734,0.0
pp_primary_long,B,1.7453292519943295,0.5555555555555556,1248,-14.26258263467216,0.015130627568020763,0.9172606948515141,0.9178761265714704,0.843125913719491
pp_primary_long,B,1.7453292519943295,0.5555555555555556,1249,-13.930485098731655,0.404660081688652,0.9178211773233081,0.9178808256542802,0.0
pp_primary_long,B,1.7453292519943295,0.5555555555555556,1250,-14.366974861780971,-0.02535700567306616,0.9172554910327165,0.9178752679538293,0.8431082318193495
pp_primary_long,B,1.7453292519943295,0.5555555555555556,1251,-14.593115031919467,-0.22825994535544103,0.9178209654877988,0.9178807677553253,0.0
pp_primary_long,B,1.7453292519943295,0.5555555555555556,1252,-14.481289725107741,-0.07077992019256381,0.9172530336649409,0.9178749185263206,0.8430982458177531
pp_primary_long,B,1.7453292519943295,0.5555555555555556,1253,-15.15540120559166,-0.7618756474431352,0.9178180542936806,0.9178803484929368,0.0
pp_primary_long,B,1.7453292519943295,0.5555555555555556,1254,-14.5585979324453,-0.09779644495178909,0.9172517214859492,0.9178747049768748,0.8430930825597451
pp_primary_long,B,1.7453292519943295,0.5555555555555556,1255,-15.340295730553793,-0.9220902142744068,0.9178182584167244,0.9178803758811985,0.0
pp_primary_long,B,1.7453292519943295,0.5555555555555556,1256,-14.571008985851062,-0.09253710161466416,0.9172483184116114,0.9178740693463341,0.8430835642016016
pp_primary_long,B,1.7453292519943295,0.5555555555555556,1257,-15.064661905980193,-0.6266130587025575,0.9178186332097451,0.9178804301836301,0.0
pp_primary_long,B,1.7453292519943295,0.5555555555555556,1258,-14.523876868071314,-0.0576700126928352,0.9172521301409565,0.9178746571571227,0.8430984364493678
pp_primary_long,B,1.7453292519943295,0.5555555555555556,1259,-14.481867345979678,-0.027218869746901186,0.9178184406895344,0.9178803647480219,0.0
pp_primary_long,B,1.7453292519943295,0.5555555555555556,1260,-14.453340103383775,-0.011154620676337546,0.9172541142507362,0.9178750575828576,0.8431025749183962
pp_primary_long,B,1.7453292519943295,0.5555555555555556,1261,-13.9030807488211,0.5682125947964631,0.917820308223935,0.9178806764317688,0.0
pp_primary_long,B,1.7453292519943295,0.5555555555555556,1262,-14.407344558578039,0.023152490435340928,0.9172543432523882,0.9178751124518368,0.8431026288245048
pp_primary_long,B,1.7453292519943295,0.5555555555555556,1263,-13.63743763636312,0.8538277070622415,0.9178213734148194,0.917880848982549,0.0
pp_primary_long,B,1.7453292519943295,0.5555555555555556,1264,-14.421377536018575,0.027605880677748038,0.917258900553236,0.9178759127854016,0.8431163614563262
pp_primary_long,B,1.7453292519943295,0.5555555555555556,1265,-13.833165061275775,0.6829023659266766,0.917821148867245,0.9178808208791446,0.0
pp_primary_long,B,1.7453292519943295,0.5555555555555556,1266,-14.499993292202666,-6.033570895079554e-05,0.917259775276087,0.9178759553551922,0.843123457187654
pp_primary_long,B,1.7453292519943295,0.5555555555555556,1267,-14.401556994610505,0.14322927824150083,0.9178224484108892,0.9178809865096685,0.0
pp_primary_long,B,1.7453292519943295,0.5555555555555556,1268,-14.614637647117277,-0.04564702657517578,0.917256251779191,0.9178754308178287,0.8431098748455
pp_primary_long,B,1.7453292519943295,0.5555555555555556,1269,-15.062441245956444,-0.48795774180743245,0.9178206967660669,0.917880728594155,0.0
pp_primary_long,B,1.7453292519943295,0.5555555555555556,1270,-14.718225154601987,-0.08573503449308567,0.9172564914406122,0.917875467025204,0.8431106652063317
pp_primary_long,B,1.7453292519943295,0.5555555555555556,1271,-15.488160158362875,-0.8864463682586187,0.9178188955325945,0.9178804866436754,0.0
pp_primary_long,B,1.7453292519943295,0.5555555555555556,1272,-14.769401290652292,-0.09975227918532606,0.9172506252712688,0.9178745398762781,0.8430882939390975
pp_primary_long,B,1.7453292519943295,0.5555555555555556,1273,-15.471823180277136,-0.8475388486913066,0.9178190789157387,0.9178805105222925,0.0
pp_primary_long,B,1.7453292519943295,0.5555555555555556,1274,-14.753600077776566,-0.08046414855485307,0.9172497695994444,0.917874293048782,0.84308960181732
pp_primary_long,B,1.7453292519943295,0.5555555555555556,1275,-15.033665538331784,-0.3912400347945025,0.9178178138155316,0.9178802815527677,0.0
pp_primary_long,B,1.7453292519943295,0.5555555555555556,1276,-14.690793697053255,-0.037796860257016215,0.9172520635815988,0.9178746959897669,0.843096640653737
pp_primary_long,B,1.7453292519943295,0.5555555555555556,1277,-14.410508949383265,0.24807531299264685,0.9178184105128888,0.9178803617579931,0.0
pp_primary_long,B,1.7453292519943295,0.5555555555555556,1278,-14.625052904164301,0.006330718370994554,0.9172513902545074,0.9178745469548496,0.8430952813172395
pp_primary_long,B,1.7453292519943295,0.5555555555555556,1279,-13.934312520484394,0.7420146768912076,0.9178200010837476,0.9178806412426417,0.0
pp_primary_long,B,1.7453292519943295,0.5555555555555556,1280,-14.601931755667612,0.029259175851478275,0.9172537694344868,0.917875049492967,0.8430991208259684
pp_primary_long,B,1.7453292519943295,0.5555555555555556,1281,-13.86144397299036,0.836865284312137,0.9178200506968869,0.9178806481005147,0.0
pp_primary_long,B,1.7453292519943295,0.5555555555555556,1282,-14.645154873386117,0.01919662132815568,0.9172586825397583,0.9178758300402866,0.8431173646825941
pp_primary_long,B,1.7453292519943295,0.5555555555555556,1283,-14.241166348884116,0.48388044387004625,0.9178215660714849,0.9178808673057535,0.0
pp_primary_long,B,1.7453292519943295,0.5555555555555556,1284,-14.744264273230012,-0.018663160400193085,0.9172574987230503,0.9178756199572542,0.8431143726702217
pp_primary_long,B,1.7453292519943295,0.5555555555555556,1285,-14.890221995101866,-0.13560884706125576,0.917822563237721,0.9178809909897173,0.0
pp_primary_long,B,1.7453292519943295,0.5555555555555556,1286,-14.860185308139211,-0.06488638060297312,0.917259347109635,0.9178759083547184,0.8431214975145946
pp_primary_long,B,1.7453292519943295,0.5555555555555556,1287,-15.487035478814063,-0.7033937636276429,0.9178205273879659,0.917880724663917,0.0
pp_primary_long,B,1.7453292519943295,0.5555555555555556,1288,-14.945197362405946,-0.0957338548836442,0.9172568422841217,0.917875544381761,0.8431105736573572
pp_primary_long,B,1.7453292519943295,0.5555555555555556,1289,-15.736819851898591,-0.9278075268059052,0.9178204294577373,0.9178807144600046,0.0
pp_primary_long,B,1.7453292519943295,0.5555555555555556,1290,-14.967454326585276,-0.09536847726514563,0.9172513033804082,0.9178746342817662,0.8430916516634769
pp_primary_long,B,1.7453292519943295,0.5555555555555556,1291,-15.523112915038686,-0.6935852562471759,0.9178190134051283,0.9178804894250018,0.0
pp_primary_long,B,1.7453292519943295,0.5555555555555556,1292,-14.927260646905866,-0.06394785749581161,0.9172521441342285,0.917874733306261,0.8430963553412373
pp_primary_long,B,1.7453292519943295,0.5555555555555556,1293,-14.967465285694352,-0.12104891798940887,0.9178177976003209,0.9178802686121108,0.0
pp_primary_long,B,1.7453292519943295,0.5555555555555556,1294,-14.857150634490777,-0.017645596997359514,0.9172508336074698,0.9178744618335637,0.8430932952941592
pp_primary_long,B,1.7453292519943295,0.5555555555555556,1295,-14.367118719542471,0.4957107482678185,0.9178187987489492,0.9178804484658726,0.0
pp_primary_long,B,1.7453292519943295,0.5555555555555556,1296,-14.804860280078271,0.01978798630434367,0.9172499663985174,0.9178743139508395,0.8430901219640785
pp_primary_long,B,1.7453292519943295,0.5555555555555556,1297,-14.042263590146707,0.8398976228890295,0.9178189469420102,0.9178804686168719,0.0
pp_primary_long,B,1.7453292519943295,0.5555555555555556,1298,-14.8091508161903,0.02908612256435436,0.9172540983169676,0.9178751034179492,0.8431004344922948
pp_primary_long,B,1.7453292519943295,0.5555555555555556,1299,-14.171551018821956,0.7347081323543447,0.9178193503483306,0.9178805358643176,0.0
pp_primary_long,B,1.7453292519943295,0.5555555555555556,1300,-14.879562965672264,0.005500107429099371,0.9172556959072213,0.9178753253576757,0.8431077099800514
pp_primary_long,B,1.7453292519943295,0.5555555555555556,1301,-14.700401025646029,0.23416546879689382,0.9178219077502431,0.9178809013719315,0.0
pp_primary_long,B,1.7453292519943295,0.5555555555555556,1302,-14.99173671950399,-0.038859221084160206,0.9172573554045914,0.9178755999470687,0.843113491205413
pp_primary_long,B,1.7453292519943295,0.5555555555555556,1303,-15.368955067261483,-0.40461396083506435,0.9178215740843108,0.9178808643591283,0.0
pp_primary_long,B,1.7453292519943295,0.5555555555555556,1304,-15.099847432981838,-0.08119822477352485,0.9172609991888938,0.9178761554168721,0.843127589823494
pp_primary_long,B,1.7453292519943295,0.5555555555555556,1305,-15.845607016309932,-0.8535106191653671,0.9178213950265128,0.9178808475028143,0.0
pp_primary_long,B,1.7453292519943295,0.5555555555555556,1306,-15.160235382339481,-0.0997965003789489,0.9172558298415795,0.9178753982077037,0.8431064506072222
pp_primary_long,B,1.7453292519943295,0.5555555555555556,1307,-15.897313602244148,-0.8819213073390876,0.9178211816214044,0.9178808171177246,0.0
pp_primary_long,B,1.7453292519943295,0.5555555555555556,1308,-15.15361703388398,-0.08507231628758806,0.9172543067969141,0.9178751263956056,0.8431025414700992
pp_primary_long,B,1.7453292519943295,0.5555555555555556,1309,-15.509348771590412,-0.47527076364353577,0.9178189134244693,0.9178804639092756,0.0
pp_primary_long,B,1.7453292519943295,0.5555555555555556,1310,-15.095250408067201,-0.04460932688933003,0.9172531820714752,0.9178749331359143,0.8430984953711294
pp_primary_long,B,1.7453292519943295,0.5555555555555556,1311,-14.892763905880935,0.15755547073309012,0.9178186828106684,0.9178804282255604,0.0
pp_primary_long,B,1.7453292519943295,0.5555555555555556,1312,-15.026876815858623,0.0008265991468879297,0.9172499193731252,0.9178742664888583,0.8430916265001651
pp_primary_long,B,1.7453292519943295,0.5555555555555556,1313,-14.376138213409268,0.6914929589475101,0.9178187750779812,0.9178804394775671,0.0
pp_primary_long,B,1.7453292519943295,0.5555555555555556,1314,-14.995441016334652,0.02788924848557356,0.9172506251364031,0.917874476554687,0.8430907248207843
pp_primary_long,B,1.7453292519943295,0.5555555555555556,1315,-14.236602122787705,0.8522922157980554,0.9178178887197692,0.9178802940009028,0.0
pp_primary_long,B,1.7453292519943295,0.5555555555555556,1316,-15.028942361617698,0.02266074294898919,0.9172529043233458,0.9178748628272706,0.8430981627042963
pp_primary_long,B,1.7453292519943295,0.5555555555555556,1317,-14.557671820323062,0.5573426811063528,0.9178195594763366,0.9178805645671483,0.0
pp_primary_long,B,1.7453292519943295,0.5555555555555556,1318,-15.121923050669558,-0.012152367372003328,0.9172526846706717,0.917874851342298,0.8430962456205111
pp_primary_long,B,1.7453292519943295,0.5555555555555556,1319,-15.186212131270644,-0.04184323940968787,0.9178210408943089,0.9178807800674167,0.0
pp_primary_long,B,1.7453292519943295,0.5555555555555556,1320,-15.238431486940005,-0.05866889839883416,0.9172587724255112,0.9178757885667161,0.8431196795802642
pp_primary_long,B,1.7453292519943295,0.5555555555555556,1321,-15.811183350699949,-0.6375001694882847,0.9178209741743896,0.9178807757494398,0.0
pp_primary_long,B,1.7453292519943295,0.5555555555555556,1322,-15.330440473008798,-0.0929971824731995,0.9172592553668074,0.9178758982627566,0.843120442441492
pp_primary_long,B,1.7453292519943295,0.5555555555555556,1323,-16.123336074379367,-0.923637212490439,0.9178223690036444,0.9178809714113858,0.0
pp_primary_long,B,1.7453292519943295,0.5555555555555556,1324,-15.36251048593949,-0.09751335639477096,0.917256664160359,0.9178755114728654,0.8431105669056163
pp_primary_long,B,1.7453292519943295,0.5555555555555556,1325,-15.974173924540434,-0.7532740427456415,0.9178209492180505,0.9178807829461214,0.0
pp_primary_long,B,1.7453292519943295,0.5555555555555556,1326,-15.329947956006842,-0.06988521171519389,0.9172569045797867,0.9178755876615234,0.8431098881483018
pp_primary_long,B,1.7453292519943295,0.5555555555555556,1327,-15.452085101783565,-0.21392673446578003,0.9178196169447808,0.9178805801329035,0.0
pp_primary_long,B,1.7453292519943295,0.5555555555555556,1328,-15.261334356274396,-0.02432421227631712,0.9172531391953129,0.9178748895303351,0.8430993769463928
pp_primary_long,B,1.7453292519943295,0.5555555555555556,1329,-14.837087129532648,0.41734780722347137,0.9178196295492811,0.9178805808110262,0.0
pp_primary_long,B,1.7453292519943295,0.5555555555555556,1330,-15.203626219806571,0.01580525298598834,0.9172507746947204,0.9178744477963369,0.8430934960847627
pp_primary_long,B,1.7453292519943295,0.5555555555555556,1331,-14.45688282483325,0.8162922146220694,0.9178182733040854,0.9178803363167862,0.0
pp_primary_long,B,1.7453292519943295,0.5555555555555556,1332,-15.198378178119574,0.029847012500073017,0.9172518414872672,0.9178746743148468,0.8430952881129189
pp_primary_long,B,1.7453292519943295,0.5555555555555556,1333,-14.518568680925817,0.7779841490684521,0.9178178405121226,0.9178802987336119,0.0
pp_primary_long,B,1.7453292519943295,0.5555555555555556,1334,-15.26004171764799,0.010609683065558317,0.9172500236649016,0.9178743755332958,0.8430884409272397
pp_primary_long,B,1.7453292519943295,0.5555555555555556,1335,-15.002281484957454,0.32210574963532673,0.9178195465393576,0.9178805643312634,0.0
pp_primary_long,B,1.7453292519943295,0.5555555555555556,1336,-15.368764128626474,-0.032033885158982305,0.9172524665269755,0.9178748083531068,0.8430955614999629
pp_primary_long,B,1.7453292519943295,0.5555555555555556,1337,-15.671348394941777,-0.3171813734390339,0.9178195555429919,0.9178805632472383,0.0
pp_primary_long,B,1.7453292519943295,0.5555555555555556,1338,-15.480470069912391,-0.07616079520627625,0.917258081098918,0.9178756674666946,0.8431176287030822
pp_primary_long,B,1.7453292519943295,0.5555555555555556,1339,-16.19389616155844,-0.8115045583054288,0.9178213198597233,0.9178808008224167,0.0
pp_primary_long,B,1.7453292519943295,0.5555555555555556,1340,-15.549630794601162,-0.09912488451236415,0.91725693009364,0.9178755214138755,0.8431123664110313
pp_primary_long,B,1.7453292519943295,0.5555555555555556,1341,-16.313316615161355,-0.9069255002568323,0.9178222107190586,0.9178809523634711,0.0
pp_primary_long,B,1.7453292519943295,0.5555555555555556,1342,-15.552478105641484,-0.0891105367442556,0.9172588589499429,0.9178758553334377,0.8431185011346571
pp_primary_long,B,1.7453292519943295,0.5555555555555556,1343,-15.980085626327678,-0.5544336872865375,0.917820792551261,0.9178807631314203,0.0
pp_primary_long,B,1.7453292519943295,0.5555555555555556,1344,-15.499437252991287,-0.05129369956918885,0.9172573790812395,0.917875677188831,0.843110619047382
pp_primary_long,B,1.7453292519943295,0.5555555555555556,1345,-15.37715025604546,0.06490635977561826,0.9178207964607894,0.9178807667965265,0.0
pp_primary_long,B,1.7453292519943295,0.5555555555555556,1346,-15.429479794827648,-0.005066632512508773,0.9172536457744436,0.9178749566271541,0.8431020826142694
pp_primary_long,B,1.7453292519943295,0.5555555555555556,1347,-14.826073737202186,0.6329455762526224,0.9178199492244055,0.9178806045591826,0.0
pp_primary_long,B,1.7453292519943295,0.5555555555555556,1348,-15.390368929103966,0.025815759573510427,0.9172532151241829,0.9178749052396267,0.843100143163603
pp_primary_long,B,1.7453292519943295,0.5555555555555556,1349,-14.621687286678966,0.857908850063884,0.9178181396578917,0.9178803236299107,0.0
pp_primary_long,B,1.7453292519943295,0.5555555555555556,1350,-15.414029427386884,0.025479908871721496,0.9172515369099289,0.9178745767752503,0.8430957121996677
pp_primary_long,B,1.7453292519943295,0.5555555555555556,1351,-14.880822271370578,0.6242395056067346,0.9178185988888243,0.917880425577691,0.0
pp_primary_long,B,1.7453292519943295,0.5555555555555556,1352,-15.500096939476748,-0.0058963905164767655,0.9172484995336876,0.9178741541984193,0.8430819534058113
pp_primary_long,B,1.7453292519943295,0.5555555555555556,1353,-15.482150216268995,0.05198028087988049,0.9178185559464141,0.9178804122034686,0.0
pp_primary_long,B,1.7453292519943295,0.5555555555555556,1354,-15.61617263028253,-0.05219650578819145,0.9172534167766161,0.9178749360175441,0.8431001861355962
pp_primary_long,B,1.7453292519943295,0.5555555555555556,1355,-16.128610541487408,-0.5649423513964621,0.917818941911771,0.9178804553721586,0.0
pp_primary_long,B,1.7453292519943295,0.5555555555555556,1356,-15.714428154117083,-0.08963212479021249,0.9172547182882156,0.9178751410834357,0.8431050876212633
pp_primary_long,B,1.7453292519943295,0.5555555555555556,1357,-16.499921141717316,-0.909623305813869,0.9178214651568027,0.917880819051977,0.0
pp_primary_long,B,1.7453292519943295,0.5555555555555556,1358,-15.75618790207136,-0.09897206830592707,0.9172567821719905,0.9178754514997111,0.843113327759042
pp_primary_long,B,1.7453292519943295,0.5555555555555556,1359,-16.417193654052703,-0.8050099869121314,0.9178212269757705,0.9178808170576229,0.0
pp_primary_long,B,1.7453292519943295,0.5555555555555556,1360,-15.731825349891757,-0.07542348157952988,0.9172595609232963,0.9178759963238411,0.8431195172141497
pp_primary_long,B,1.7453292519943295,0.5555555555555556,1361,-15.93468321601663,-0.30482922254391065,0.9178212910077581,0.9178808315011064,0.0
pp_primary_long,B,1.7453292519943295,0.5555555555555556,1362,-15.665702514804153,-0.03109938123902682,0.9172567750591326,0.9178755443513349,0.8431099493652217
pp_primary_long,B,1.7453292519943295,0.5555555555555556,1363,-15.312088159096586,0.33398150889084266,0.9178215327980912,0.9178808670609441,0.0
pp_primary_long,B,1.7453292519943295,0.5555555555555556,1364,-15.603499080915828,0.011269482486008217,0.9172555363284282,0.9178753153482898,0.8431071186957426
pp_primary_long,B,1.7453292519943295,0.5555555555555556,1365,-14.881003749494074,0.7832815294073912,0.917819869558291,0.9178805847216112,0.0
pp_primary_long,B,1.7453292519943295,0.5555555555555556,1366,-15.589053665264384,0.029887056006434584,0.9172552803944305,0.9178752216757646,0.8431078034699575
pp_primary_long,B,1.7453292519943295,0.5555555555555556,1367,-14.874675811861554,0.8122746303103803,0.9178190052035907,0.9178804807267206,0.0
pp_primary_long,B,1.7453292519943295,0.5555555555555556,1368,-15.6415431691349,0.015211215235856043,0.9172503539096879,0.9178743906834463,0.8430911365683751
pp_primary_long,B,1.7453292519943295,0.5555555555555556,1369,-15.308167487428907,0.40608543150989856,0.9178189291088616,0.9178804622335364,0.0
pp_primary_long,B,1.7453292519943295,0.5555555555555556,1370,-15.745862121182622,-0.02524156000992682,0.9172500235527157,0.9178744121448198,0.8430873692438483
pp_primary_long,B,1.7453292519943295,0.5555555555555556,1371,-15.97060704936143,-0.22664335433772237,0.9178175500903504,0.9178802554247958,0.0
pp_primary_long,B,1.7453292519943295,0.5555555555555556,1372,-15.860197967905929,-0.07067506159087154,0.9172522227086212,0.9178747421118257,0.8430960923329963
pp_primary_long,B,1.7453292519943295,0.5555555555555556,1373,-16.53352498355551,-0.7609099383731286,0.9178192947445615,0.9178805003633043,0.0
pp_primary_long,B,1.7453292519943295,0.5555555555555556,1374,-15.9376380462224,-0.09775933480404866,0.9172521596297044,0.9178747043187674,0.8430965993660074
pp_primary_long,B,1.7453292519943295,0.5555555555555556,1375,-16.719582756351677,-0.9222733776225761,0.9178205251801659,0.9178806972304573,0.0
pp_primary_long,B,1.7453292519943295,0.5555555555555556,1376,-15.950159844816396,-0.09255998215136277,0.9172574682932628,0.9178755526226592,0.8431158752168105
pp_primary_long,B,1.7453292519943295,0.5555555555555556,1377,-16.445010624475167,-0.6278460665093717,0.9178206028870686,0.9178807086099704,0.0
pp_primary_long,B,1.7453292519943295,0.5555555555555556,1378,-15.903237973262673,-0.0577876362027237,0.9172579952877681,0.9178757443703204,0.8431139408974174
pp_primary_long,B,1.7453292519943295,0.5555555555555556,1379,-15.862637551996869,-0.02885397896797931,0.9178218623763789,0.9178809108202431,0.0
pp_primary_long,B,1.7453292519943295,0.5555555555555556,1380,-15.832700835246182,-0.011271803411323278,0.9172567839430188,0.9178755309177198,0.8431107565310226
pp_primary_long,B,1.7453292519943295,0.5555555555555556,1381,-15.283455216162864,0.5670088261475665,0.9178214430703096,0.9178808427001615,0.0
pp_primary_long,B,1.7453292519943295,0.5555555555555556,1382,-15.78662067553129,0.023079799335399304,0.9172579221717229,0.9178757350275452,0.843113973428464
pp_primary_long,B,1.7453292519943295,0.5555555555555556,1383,-15.016737040476931,0.8536607409067545,0.9178202053305757,0.9178806579271912,0.0
pp_primary_long,B,1.7453292519943295,0.5555555555555556,1384,-15.800459356333244,0.027629908329669342,0.9172554710092788,0.9178752161374364,0.8431095591390487
pp_primary_long,B,1.7453292519943295,0.5555555555555556,1385,-15.211332898383343,0.6838541558230695,0.9178202336691831,0.9178806582548052,0.0
pp_primary_long,B,1.7453292519943295,0.5555555555555556,1386,-15.878919100697523,3.7877875187233845e-05,0.9172511084379465,0.9178745650412156,0.8430922743883741
pp_primary_long,B,1.7453292519943295,0.5555555555555556,1387,-15.779064377087854,0.14483439674408477,0.9178184650885175,0.9178803808712082,0.0
pp_primary_long,B,1.7453292519943295,0.5555555555555556,1388,-15.993527546034304,-0.04553130526673725,0.9172520099013556,0.9178747168719,0.8430952800279474
pp_primary_long,B,1.7453292519943295,0.5555555555555556,1389,-16.440130635860577,-0.4865359087584308,0.9178177605091749,0.9178802889597198,0.0
pp_primary_long,B,1.7453292519943295,0.5555555555555556,1390,-16.097215147714092,-0.08566825681292989,0.9172495091141892,0.9178743133667365,0.8430857599572481
pp_primary_long,B,1.7453292519943295,0.5555555555555556,1391,-16.866750488551567,-0.8859357014426039,0.9178193093424079,0.9178805156946485,0.0
pp_primary_long,B,1.7453292519943295,0.5555555555555556,1392,-16.148486612734132,-0.09974044540885862,0.9172523196158144,0.9178746926548815,0.843098506590675
pp_primary_long,B,1.7453292519943295,0.5555555555555556,1393,-16.85161838695941,-0.8482190347327816,0.9178192435712612,0.9178804988634672,0.0
pp_primary_long,B,1.7453292519943295,0.5555555555555556,1394,-16.132838209533368,-0.08052742885125577,0.9172563836051942,0.9178754096126558,0.8431109024195991
pp_primary_long,B,1.7453292519943295,0.5555555555555556,1395,-16.41426849170332,-0.39274516156612593,0.9178206501036837,0.9178806990591781,0.0
pp_primary_long,B,1.7453292519943295,0.5555555555555556,1396,-16.070143206435837,-0.03791151516807341,0.9172559665702181,0.9178753660905,0.8431087216525706
pp_primary_long,B,1.7453292519943295,0.5555555555555556,1397,-15.791207375422642,0.2465249179737244,0.9178217197522776,0.9178808911451084,0.0
pp_primary_long,B,1.7453292519943295,0.5555555555555556,1398,-16.0043594148392,0.006237891656063338,0.9172577107343353,0.9178757123718221,0.8431125495638027
pp_primary_long,B,1.7453292519943295,0.5555555555555556,1399,-15.314256344871774,0.7412169057208436,0.9178210358246278,0.9178807864186209,0.0
pp_primary_long,B,1.7453292519943295,0.5555555555555556,1400,-15.981143829641177,0.02921985225176199,0.9172589148456946,0.9178758616511391,0.843118409621294
pp_primary_long,B,1.7453292519943295,0.5555555555555556,1401,-15.240233027974426,0.8372058510605972,0.9178212134423124,0.917880814922988,0.0
pp_primary_long,B,1.7453292519943295,0.5555555555555556,1402,-16.024155853170047,0.019259306399998802,0.9172550898747008,0.9178751866150393,0.8431072811631143
pp_primary_long,B,1.7453292519943295,0.5555555555555556,1403,-15.61896694834984,0.48519827805477556,0.9178206768112929,0.917880701350939,0.0
pp_primary_long,B,1.7453292519943295,0.5555555555555556,1404,-16.12316805178692,-0.018553477147883107,0.9172542227906113,0.917875078864454,0.8431032318938736
pp_primary_long,B,1.7453292519943295,0.5555555555555556,1405,-16.26772046463855,-0.133989058669444,0.9178183433538657,0.9178803754501298,0.0
pp_primary_long,B,1.7453292519943295,0.5555555555555556,1406,-16.239116472815848,-0.06478843674371852,0.9172516983685904,0.9178746684687507,0.8430937553247033
pp_primary_long,B,1.7453292519943295,0.5555555555555556,1407,-16.865050689371557,-0.7022963811576339,0.9178187373374608,0.9178804412726238,0.0
pp_primary_long,B,1.7453292519943295,0.5555555555555556,1408,-16.32425940166139,-0.09570294933612836,0.9172487978719353,0.9178741849524326,0.8430837054271715
pp_primary_long,B,1.7453292519943295,0.5555555555555556,1409,-17.115946623819866,-0.9278073228341228,0.9178184708645739,0.9178803933667729,0.0
pp_primary_long,B,1.7453292519943295,0.5555555555555556,1410,-16.34660912384441,-0.09539054530143641,0.9172530240354881,0.9178748236043185,0.8431006690208068
pp_primary_long,B,1.7453292519943295,0.5555555555555556,1411,-16.90332468010872,-0.6946929687722978,0.9178187601373111,0.9178804031619341,0.0
pp_primary_long,B,1.7453292519943295,0.5555555555555556,1412,-16.306570332451983,-0.06404425019746082,0.9172537459045682,0.9178749684036833,0.8431021160967461
pp_primary_long,B,1.7453292519943295,0.5555555555555556,1413,-16.348207191830245,-0.12268327140188512,0.9178206255733049,0.9178807064156154,0.0
pp_primary_long,B,1.7453292519943295,0.5555555555555556,1414,-16.236445346648203,-0.017737924043255235,0.9172550452443651,0.9178751927101716,0.8431061136489564
pp_primary_long,B,1.7453292519943295,0.5555555555555556,1415,-15.747568609579643,0.49440123629068095,0.9178208556968829,0.9178807589946907,0.0
pp_primary_long,B,1.7453292519943295,0.5555555555555556,1416,-16.184131924514165,0.019714265171325907,0.9172583529486692,0.9178758266679813,0.843114114886202
pp_primary_long,B,1.7453292519943295,0.5555555555555556,1417,-15.421708879020267,0.8395785713694208,0.917821058679493,0.9178807944008146,0.0
pp_primary_long,B,1.7453292519943295,0.5555555555555556,1418,-16.18825948796564,0.029096273693530017,0.917257877644046,0.9178756677174251,0.8431158443569196
pp_primary_long,B,1.7453292519943295,0.5555555555555556,1419,-15.54985704086423,0.7355300841880168,0.9178220470910768,0.9178809181467019,0.0
pp_primary_long,B,1.7453292519943295,0.5555555555555556,1420,-16.258511377257953,0.005587601498295763,0.9172565134041694,0.9178754610970562,0.8431108809021505
pp_primary_long,B,1.7453292519943295,0.5555555555555556,1421,-16.077968584156185,0.23571348250387547,0.9178203832492166,0.9178806652395557,0.0
pp_primary_long,B,1.7453292519943295,0.5555555555555556,1422,-16.370629167554693,-0.038743001998919946,0.9172565473358238,0.9178754309441098,0.8431120452144627
pp_primary_long,B,1.7453292519943295,0.5555555555555556,1423,-16.746593060647008,-0.40313488145463644,0.917819363762462,0.9178805390799254,0.0
pp_primary_long,B,1.7453292519943295,0.5555555555555556,1424,-16.47884997751431,-0.08113367986803299,0.9172506415426489,0.9178745194928862,0.8430890385200698
pp_primary_long,B,1.7453292519943295,0.5555555555555556,1425,-17.224069011390547,-0.852843718058757,0.9178191189034243,0.9178804973402782,0.0
pp_primary_long,B,1.7453292519943295,0.5555555555555556,1426,-16.53935130085401,-0.09979370213489351,0.9172507834341069,0.9178744982373512,0.8430915045216597
pp_primary_long,B,1.7453292519943295,0.5555555555555556,1427,-17.276963746345196,-0.8824325138303849,0.9178177982874357,0.9178802773684047,0.0
pp_primary_long,B,1.7453292519943295,0.5555555555555556,1428,-16.532880889068515,-0.08514403226259834,0.9172520516569629,0.917874698686288,0.843096059733468
pp_primary_long,B,1.7453292519943295,0.5555555555555556,1429,-16.889875875429375,-0.47669746963433884,0.9178190167228264,0.9178804474200727,0.0
pp_primary_long,B,1.7453292519943295,0.5555555555555556,1430,-16.474559846898412,-0.04470788781832345,0.9172517723914524,0.9178745921131112,0.8430970193653695
pp_primary_long,B,1.7453292519943295,0.5555555555555556,1431,-16.273493191917726,0.15595085894567112,0.9178199456812539,0.9178806133588396,0.0
pp_primary_long,B,1.7453292519943295,0.5555555555555556,1432,-16.406143754350186,0.000747916158465381,0.9172550101312518,0.9178752178584955,0.8431046636316706
pp_primary_long,B,1.7453292519943295,0.5555555555555556,1433,-15.756194606052883,0.6905518421359381,0.9178199981921884,0.9178806200799989,0.0
pp_primary_long,B,1.7453292519943295,0.5555555555555556,1434,-16.37464105849886,0.027851746976475605,0.9172572961941916,0.9178756139495999,0.8431120182640026
pp_primary_long,B,1.7453292519943295,0.5555555555555556,1435,-15.615534068134584,0.8524834042014436,0.9178214964345837,0.9178808515149048,0.0
pp_primary_long,B,1.7453292519943295,0.5555555555555556,1436,-16.407958160624393,0.022713817290483024,0.9172566845283069,0.917875500510271,0.8431107338760633
pp_primary_long,B,1.7453292519943295,0.5555555555555556,1437,-15.93556360089345,0.5585691907160075,0.9178218464940964,0.9178808819556574,0.0
pp_primary_long,B,1.7453292519943295,0.5555555555555556,1438,-16.500828925493707,-0.012044387134359735,0.9172591448488726,0.9178758702061995,0.8431205265478179
pp_primary_long,B,1.7453292519943295,0.5555555555555556,1439,-16.563704598466607,-0.040223842368217744,0.9178205353387937,0.917880707537929,0.0
pp_primary_long,B,1.7453292519943295,0.5555555555555556,1440,-16.61734855150964,-0.05856341706078404,0.9172562041018311,0.9178753874112134,0.8431101109477422
pp_primary_long,B,1.7453292519943295,0.5555555555555556,1441,-17.18909816171319,-0.6362989533535302,0.9178206297921204,0.9178807176815247,0.0
pp_primary_long,B,1.7453292519943295,0.5555555555555556,1442,-16.70949922209192,-0.09296168992325948,0.9172519380320043,0.9178747328069863,0.8430939235766131
pp_primary_long,B,1.7453292519943295,0.5555555555555556,1443,-17.50232261727374,-0.9234713268210208,0.9178187817330586,0.9178804419153167,0.0
pp_primary_long,B,1.7453292519943295,0.5555555555555556,1444,-16.74171113145411,-0.09755083300293702,0.9172525852588402,0.9178748188461071,0.8430969544875647
pp_primary_long,B,1.7453292519943295,0.5555555555555556,1445,-17.354273635037053,-0.7542415722112598,0.917818162147645,0.9178803297563005,0.0
pp_primary_long,B,1.7453292519943295,0.5555555555555556,1446,-16.70929005077362,-0.06999320361070345,0.9172504058951846,0.9178744080882356,0.8430908468611151
pp_primary_long,B,1.7453292519943295,0.5555555555555556,1447,-16.832817413257537,-0.2155369295116587,0.9178191196147614,0.9178804836076531,0.0
pp_primary_long,B,1.7453292519943295,0.5555555555555556,1448,-16.64061843009314,-0.024412454807875184,0.9172515319708152,0.9178745525919907,0.8430961872057751
pp_primary_long,B,1.7453292519943295,0.5555555555555556,1449,-16.21762099510366,0.41593247133590827,0.9178189284557046,0.9178804427679047,0.0
pp_primary_long,B,1.7453292519943295,0.5555555555555556,1450,-16.582874824219964,0.01573902357240052,0.9172545378951537,0.9178751476513771,0.8431029182964012
pp_primary_long,B,1.7453292519943295,0.5555555555555556,1451,-15.83647278302911,0.8158061305705462,0.9178197610495471,0.9178805818483713,0.0
pp_primary_long,B,1.7453292519943295,0.5555555555555556,1452,-16.57747262862474,0.029859260174286473,0.9172548176862902,0.9178751819421092,0.8431044103989556
pp_primary_long,B,1.7453292519943295,0.5555555555555556,1453,-15.89699715255037,0.7786752203561026,0.9178214779525043,0.9178808406280113,0.0
pp_primary_long,B,1.7453292519943295,0.5555555555555556,1454,-16.63899554371313,0.010691914030983615,0.9172572087539039,0.9178755998949432,0.8431117554197597
pp_primary_long,B,1.7453292519943295,0.5555555555555556,1455,-16.379885374348298,0.32360954013769394,0.9178210771351724,0.9178807822606405,0.0
pp_primary_long,B,1.7453292519943295,0.5555555555555556,1456,-16.74764102734411,-0.031911507168732076,0.9172598649596834,0.9178759603116804,0.8431237846351314
pp_primary_long,B,1.7453292519943295,0.5555555555555556,1457,-17.04891493669275,-0.31564481152307333,0.9178215133036114,0.9178808438277197,0.0
pp_primary_long,B,1.7453292519943295,0.5555555555555556,1458,-16.85943385959918,-0.076078740430785,0.9172555304106411,0.917875307356653,0.843106872085529
pp_primary_long,B,1.7453292519943295,0.5555555555555556,1459,-17.572221000450437,-0.8107008221893878,0.91782093519546,0.9178807556121344,0.0
pp_primary_long,B,1.7453292519943295,0.5555555555555556,1460,-16.928736409343266,-0.09911468785734845,0.9172550364869976,0.9178752306504946,0.8431052484969532
pp_primary_long,B,1.7453292519943295,0.5555555555555556,1461,-17.69282396148099,-0.9072758928255672,0.9178188556186316,0.9178804541703816,0.0
pp_primary_long,B,1.7453292519943295,0.5555555555555556,1462,-16.931791181648904,-0.08919953245781848,0.9172525358833034,0.9178748340590377,0.8430955544935872
pp_primary_long,B,1.7453292519943295,0.5555555555555556,1463,-17.360550261928584,-0.5557618761541354,0.9178190643838205,0.9178804816083396,0.0
pp_primary_long,B,1.7453292519943295,0.5555555555555556,1464,-16.878788460152215,-0.051407918903342384,0.9172502381185191,0.917874347577256,0.8430915412564224
pp_primary_long,B,1.7453292519943295,0.5555555555555556,1465,-16.757928349381444,0.06327013470947601,0.9178187005332892,0.9178804123213645,0.0
pp_primary_long,B,1.7453292519943295,0.5555555555555556,1466,-16.808767659205703,-0.005154163440496948,0.9172521571824752,0.9178747037102547,0.8430968392194027
pp_primary_long,B,1.7453292519943295,0.5555555555555556,1467,-16.206266449929863,0.6318550320786805,0.9178183612550522,0.9178803462804014,0.0
pp_primary_long,B,1.7453292519943295,0.5555555555555556,1468,-16.76955302811279,0.025782518215855005,0.9172527745467112,0.9178748131069773,0.8430985251621418
pp_primary_long,B,1.7453292519943295,0.5555555555555556,1469,-16.00077840244344,0.8579268709479473,0.9178198739715925,0.9178806046452157,0.0
pp_primary_long,B,1.7453292519943295,0.5555555555555556,1470,-16.793038972877252,0.02553204020208355,0.9172530843129818,0.9178749160391872,0.8430974553443572
pp_primary_long,B,1.7453292519943295,0.5555555555555556,1471,-16.25880463940801,0.6253651131299185,0.9178205222781896,0.9178806989637233,0.0
pp_primary_long,B,1.7453292519943295,0.5555555555555556,1472,-16.878999747212333,-0.005788963559604329,0.9172581577481806,0.9178757228289185,0.8431160786265534
pp_primary_long,B,1.7453292519943295,0.5555555555555556,1473,-16.859619540497008,0.05360987473420564,0.9178208973574014,0.9178807543301315,0.0
pp_primary_long,B,1.7453292519943295,0.5555555555555556,1474,-16.995056895824145,-0.052077840184046306,0.9172579779482798,0.9178756721917799,0.8431165339614468
pp_primary_long,B,1.7453292519943295,0.5555555555555556,1475,-17.50640047084186,-0.5636334816449026,0.9178222060043388,0.9178809294395819,0.0
pp_primary_long,B,1.7453292519943295,0.5555555555555556,1476,-17.09342516604046,-0.08956977908385783,0.9172570201185788,0.9178755387530197,0.8431126641565538
pp_primary_long,B,1.7453292519943295,0.5555555555555556,1477,-17.87874197693885,-0.9093021303421382,0.9178205818361188,0.9178807122911048,0.0
pp_primary_long,B,1.7453292519943295,0.5555555555555556,1478,-17.135376753183145,-0.09900185914695074,0.9172567844630127,0.9178755344801801,0.8431103006578821
pp_primary_long,B,1.7453292519943295,0.5555555555555556,1479,-17.797166486906168,-0.8058367158232546,0.9178198215063572,0.9178806038081347,0.0
pp_primary_long,B,1.7453292519943295,0.5555555555555556,1480,-17.111206096897263,-0.07554497674523507,0.9172522457429659,0.9178747685378632,0.8430951454799094
pp_primary_long,B,1.7453292519943295,0.5555555555555556,1481,-17.315405126317064,-0.30639062715577897,0.9178195514764913,0.917880557949262,0.0
pp_primary_long,B,1.7453292519943295,0.5555555555555556,1482,-17.04504920050806,-0.03121230970818889,0.9172517970581407,0.917874633359915,0.8430962248238631
pp_primary_long,B,1.7453292519943295,0.5555555555555556,1483,-16.692724424505528,0.33248155045738165,0.9178182912307675,0.9178803310905015,0.0
pp_primary_long,B,1.7453292519943295,0.5555555555555556,1484,-16.982782822951723,0.011188257099665241,0.9172522657341231,0.9178747204980701,0.8430972957837728
pp_primary_long,B,1.7453292519943295,0.5555555555555556,1485,-16.26077196006166,0.7826167272362873,0.9178185731130984,0.9178803947327241,0.0
pp_primary_long,B,1.7453292519943295,0.5555555555555556,1486,-16.968145305473733,0.029898135137330833,0.9172506409334695,0.9178744428498546,0.8430916587300192
pp_primary_long,B,1.7453292519943295,0.5555555555555556,1487,-16.25325788552639,0.812802207571228,0.9178195082304261,0.9178805469738753,0.0
pp_primary_long,B,1.7453292519943295,0.5555555555555556,1488,-17.020499106544115,0.0152904092432814,0.9172532836517,0.917874957024814,0.843097783825136
pp_primary_long,B,1.7453292519943295,0.5555555555555556,1489,-16.685823011466127,0.40752872491366043,0.9178194323971786,0.9178805356619518,0.0
pp_primary_long,B,1.7453292519943295,0.5555555555555556,1490,-17.124731006183197,-0.025117081961365223,0.9172568753277115,0.9178754934336028,0.8431124449828161
pp_primary_long,B,1.7453292519943295,0.5555555555555556,1491,-17.348094723327808,-0.22504076321206423,0.9178213339672084,0.9178808014507941,0.0
pp_primary_long,B,1.7453292519943295,0.5555555555555556,1492,-17.239110200001072,-0.07057217290817891,0.9172564372608346,0.9178754328540631,0.8431107188423084
pp_primary_long,B,1.7453292519943295,0.5555555555555556,1493,-17.911684051330553,-0.7599616623618907,0.9178217587160089,0.9178808707052367,0.0
pp_primary_long,B,1.7453292519943295,0.5555555555555556,1494,-17.316673924058165,-0.09771880164458908,0.9172591795659315,0.9178758706617165,0.843120679856721
pp_primary_long,B,1.7453292519943295,0.5555555555555556,1495,-18.098909356561965,-0.9224650594548705,0.9178207115451453,0.9178807347619096,0.0
pp_primary_long,B,1.7453292519943295,0.5555555555555556,1496,-17.32944881547211,-0.09263682711347115,0.9172563762727265,0.9178754856404352,0.8431079854458712
pp_primary_long,B,1.7453292519943295,0.5555555555555556,1497,-17.82538231635128,-0.6290678030855583,0.9178208518113325,0.9178807583901551,0.0
pp_primary_long,B,1.7453292519943295,0.5555555555555556,1498,-17.282622557013923,-0.057914137687220195,0.9172535024266675,0.917874960973027,0.8431003899582502
pp_primary_long,B,1.7453292519943295,0.5555555555555556,1499,-17.243451345128065,-0.030494013454921698,0.9178195180243511,0.9178805383793133,0.0
pp_primary_long,B,1.7453292519943295,0.5555555555555556,1500,-17.21206620558906,-0.01139086013552379,0.9172536182358375,0.917874977639875,0.8431009010818857
pp_primary_long,B,1.7453292519943295,0.5555555555555556,1501,-16.663800558839785,0.5657885333231969,0.9178185448300622,0.9178803796190552,0.0
pp_primary_long,B,1.7453292519943295,0.5555555555555556,1502,-17.165844138089575,0.02302951719257816,0.9172514911392716,0.9178745485790502,0.8430960372288232
pp_primary_long,B,1.7453292519943295,0.5555555555555556,1503,-16.396024938825196,0.8534885379778481,0.9178190165349643,0.9178804704673914,0.0
pp_primary_long,B,1.7453292519943295,0.5555555555555556,1504,-17.179483710868077,0.02767439679403122,0.9172501254469466,0.917874392286439,0.8430886464575451
pp_primary_long,B,1.7453292519943295,0.5555555555555556,1505,-16.5894502895436,0.6848391199155388,0.9178185389135441,0.9178803911164453,0.0
pp_primary_long,B,1.7453292519943295,0.5555555555555556,1506,-17.257828772741,0.0001415188683577817,0.9172535813158307,0.9178749784584327,0.8431000608994812
pp_primary_long,B,1.7453292519943295,0.5555555555555556,1507,-17.156540802196492,0.1464532091571828,0.9178192160012969,0.9178804966867761,0.0
pp_primary_long,B,1.7453292519943295,0.5555555555555556,1508,-17.37240025237339,-0.045408895566025155,0.9172538487827362,0.9178750126312265,0.8431013206856075
pp_primary_long,B,1.7453292519943295,0.5555555555555556,1509,-17.81779671204116,-0.48511237095942955,0.9178212327071439,0.9178807851217173,0.0
pp_primary_long,B,1.7453292519943295,0.5555555555555556,1510,-17.476151307392115,-0.08558050414069937,0.9172570242454339,0.9178754971149665,0.84311371631157
pp_primary_long,B,1.7453292519943295,0.5555555555555556,1511,-18.245375139514856,-0.8854473381590509,0.9178208872135365,0.9178807505096832,0.0
pp_primary_long,B,1.7453292519943295,0.5555555555555556,1512,-17.52760446688023,-0.09973939867028309,0.9172591371180798,0.9178758813295673,0.8431196301480355
pp_primary_long,B,1.7453292519943295,0.5555555555555556,1513,-18.23142016771343,-0.8489006195092514,0.917821449676951,0.917880833395884,0.0
pp_primary_long,B,1.7453292519943295,0.5555555555555556,1514,-17.51217544905055,-0.08062986439236336,0.9172559600008939,0.9178753985406114,0.843107471470731
pp_primary_long,B,1.7453292519943295,0.5555555555555556,1515,-17.794936582918083,-0.3942445525165277,0.917821129765969,0.9178807962362258,0.0
pp_primary_long,B,1.7453292519943295,0.5555555555555556,1516,-17.449529332605522,-0.038040359094103145,0.9172557515183782,0.9178753609950377,0.8431071089199753
pp_primary_long,B,1.7453292519943295,0.5555555555555556,1517,-17.171923407327935,0.24496965298282936,0.9178196129687315,0.9178805508600539,0.0
pp_primary_long,B,1.7453292519943295,0.5555555555555556,1518,-17.38371707509438,0.006125994669038903,0.917254455391176,0.9178750991209936,0.843104076649075
pp_primary_long,B,1.7453292519943295,0.5555555555555556,1519,-16.694212603023026,0.7403913607345949,0.9178194189802329,0.9178805311644979,0.0
pp_primary_long,B,1.7453292519943295,0.5555555555555556,1520,-17.36028266347111,0.02921058332776716,0.9172510406616421,0.9178744813267343,0.8430942786118997
pp_primary_long,B,1.7453292519943295,0.5555555555555556,1521,-16.619008352127572,0.837548119249601,0.9178189547981487,0.9178804442912777,0.0
pp_primary_long,B,1.7453292519943295,0.5555555555555556,1522,-17.403135911518408,0.01932802932469467,0.9172515004442748,0.917874633683739,0.8430931526367171
pp_primary_long,B,1.7453292519943295,0.5555555555555556,1523,-16.99672790043002,0.4865371909015972,0.9178179272500889,0.9178802995865806,0.0
pp_primary_long,B,1.7453292519943295,0.5555555555555556,1524,-17.502048298298217,-0.01843409317600908,0.9172519251962414,0.9178746911420675,0.8430948755641423
pp_primary_long,B,1.7453292519943295,0.5555555555555556,1525,-17.64517006269511,-0.13234456632637204,0.9178195320408984,0.9178805416300552,0.0
pp_primary_long,B,1.7453292519943295,0.5555555555555556,1526,-17.618014542784504,-0.06467978871601811,0.9172522513255279,0.9178747487684551,0.8430956385609241
pp_primary_long,B,1.7453292519943295,0.5555555555555556,1527,-18.24305092635847,-0.7011965362655107,0.9178201612209245,0.9178806363523015,0.0
pp_primary_long,B,1.7453292519943295,0.5555555555555556,1528,-17.703241205637752,-0.09563887527883604,0.9172576044913305,0.9178755762717082,0.8431162190591006
pp_primary_long,B,1.7453292519943295,0.5555555555555556,1529,-18.495066134297705,-0.9278248237846741,0.9178206706882254,0.9178807032048695,0.0
pp_primary_long,B,1.7453292519943295,0.5555555555555556,1530,-17.72581794015692,-0.09543346204798414,0.917257171174601,0.9178755708998503,0.8431124482815977
pp_primary_long,B,1.7453292519943295,0.5555555555555556,1531,-18.28355667300855,-0.6957996032626633,0.9178218424213144,0.9178808886780997,0.0
pp_primary_long,B,1.7453292519943295,0.5555555555555556,1532,-17.685905879967912,-0.06415058975323953,0.9172568821327625,0.9178755306827177,0.843111451631085
pp_primary_long,B,1.7453292519943295,0.5555555555555556,1533,-17.729005391471972,-0.12431127706190659,0.9178208726387976,0.9178807554894565,0.0
pp_primary_long,B,1.7453292519943295,0.5555555555555556,1534,-17.615850447142158,-0.017873836481111946,0.9172572868661758,0.9178756385430888,0.8431111125637994
pp_primary_long,B,1.7453292519943295,0.5555555555555556,1535,-17.128036077129927,0.4930804634354366,0.9178202666935702,0.9178806633169516,0.0
pp_primary_long,B,1.7453292519943295,0.5555555555555556,1536,-17.563419016872892,0.01963685681718541,0.9172544386730062,0.9178750649247168,0.8431051579411329
pp_primary_long,B,1.7453292519943295,0.5555555555555556,1537,-16.801196369861426,0.8392316883694165,0.9178201831645447,0.9178806369331979,0.0
pp_primary_long,B,1.7453292519943295,0.5555555555555556,1538,-17.567336787073746,0.029118114797478417,0.9172523613412598,0.9178747487468487,0.843097312930094
pp_primary_long,B,1.7453292519943295,0.5555555555555556,1539,-16.928148778157855,0.7363497350123704,0.9178185537964786,0.917880376666776,0.0
pp_primary_long,B,1.7453292519943295,0.5555555555555556,1540,-17.63744551696938,0.005681268364351316,0.9172525165479481,0.9178747719111046,0.8430977629027677
pp_primary_long,B,1.7453292519943295,0.5555555555555556,1541,-17.455508513873646,0.23727616363025428,0.9178183450787455,0.9178803712465822,0.0
pp_primary_long,B,1.7453292519943295,0.5555555555555556,1542,-17.749516034962895,-0.038626086511280085,0.9172496835097368,0.917874338928618,0.8430862926213618
pp_primary_long,B,1.7453292519943295,0.5555555555555556,1543,-18.124180622125056,-0.40162179424323285,0.9178192541503499,0.917880503611047,0.0
pp_primary_long,B,1.7453292519943295,0.5555555555555556,1544,-17.857777678936113,-0.08104098974232242,0.9172529231557275,0.9178748329737563,0.8430989985376107
pp_primary_long,B,1.7453292519943295,0.5555555555555556,1545,-18.602510896473028,-0.8521794832617604,0.9178191419924728,0.9178804775489533,0.0
pp_primary_long,B,1.7453292519943295,0.5555555555555556,1546,-17.918424814907087,-0.09977300676652975,0.9172559266745813,0.917875324654855,0.843109603823009
pp_primary_long,B,1.7453292519943295,0.5555555555555556,1547,-18.656575537649914,-0.8829511002200222,0.9178209249098385,0.9178807289196339,0.0
pp_primary_long,B,1.7453292519943295,0.5555555555555556,1548,-17.912130539549214,-0.08521029216541187,0.9172558134362988,0.9178753140138752,0.8431090218752946
pp_primary_long,B,1.7453292519943295,0.5555555555555556,1549,-18.270443298158398,-0.4781242043184796,0.9178213689759166,0.9178808254055167,0.0
pp_primary_long,B,1.7453292519943295,0.5555555555555556,1550,-17.85390648393913,-0.04482118125657024,0.9172580330709694,0.9178757391410607,0.8431143984293155
pp_primary_long,B,1.7453292519943295,0.5555555555555556,1551,-17.65423669282007,0.1543559453300719,0.9178207970769839,0.9178807437463737,0.0
pp_primary_long,B,1.7453292519943295,0.5555555555555556,1552,-17.785527610858395,0.0006239420320458267,0.9172573393867165,0.9178756231285209,0.8431120463566716
pp_primary_long,B,1.7453292519943295,0.5555555555555556,1553,-17.136303186620744,0.6895929152774263,0.9178211521803149,0.9178807979469027,0.0
pp_primary_long,B,1.7453292519943295,0.5555555555555556,1554,-17.753838308493293,0.027816621258494878,0.9172548711170976,0.9178751616006053,0.8431059839758044
pp_primary_long,B,1.7453292519943295,0.5555555555555556,1555,-16.994500298305503,0.8526530202274509,0.9178202968166004,0.9178806369583827,0.0
pp_primary_long,B,1.7453292519943295,0.5555555555555556,1556,-17.78698498850415,0.02276266302110888,0.917254832826425,0.9178751594684481,0.8431057224256244
pp_primary_long,B,1.7453292519943295,0.5555555555555556,1557,-17.313463788278945,0.5597786734203811,0.9178187416825371,0.917880422188996,0.0
pp_primary_long,B,1.7453292519943295,0.5555555555555556,1558,-17.8797307153581,-0.01193330736696635,0.9172517737887573,0.9178746418754686,0.8430952305661452
pp_primary_long,B,1.7453292519943295,0.5555555555555556,1559,-17.94116884224953,-0.0385821601318993,0.9178190741101034,0.9178804801023602,0.0
pp_primary_long,B,1.7453292519943295,0.5555555555555556,1560,-17.99626041559901,-0.05845878681921524,0.9172497137874706,0.9178743501514416,0.84308628473465
pp_primary_long,B,1.7453292519943295,0.5555555555555556,1561,-18.566984976350753,-0.6350705890568711,0.9178183438007264,0.9178803661200141,0.0
pp_primary_long,B,1.7453292519943295,0.5555555555555556,1562,-18.088487224243934,-0.09289784051287436,0.9172532382122842,0.9178748849398367,0.8431002968181236
pp_primary_long,B,1.7453292519943295,0.5555555555555556,1563,-18.881255320551915,-0.9233035125896556,0.9178190482892606,0.9178804489867731,0.0
pp_primary_long,B,1.7453292519943295,0.5555555555555556,1564,-18.12087809654577,-0.09757544852150962,0.9172532633994223,0.9178748856570798,0.8431003808477961
pp_primary_long,B,1.7453292519943295,0.5555555555555556,1565,-18.734352557478136,-0.755213890045332,0.9178206919380044,0.9178807058819122,0.0
pp_primary_long,B,1.7453292519943295,0.5555555555555556,1566,-18.088550611011158,-0.07006880709763805,0.9172558745077445,0.9178753011294006,0.8431098840913726
pp_primary_long,B,1.7453292519943295,0.5555555555555556,1567,-18.213558922731547,-0.21714282431638388,0.9178205680322503,0.9178807012647086,0.0
pp_primary_long,B,1.7453292519943295,0.5555555555555556,1568,-18.019988727647913,-0.02453522385252105,0.9172578800770453,0.9178757287475356,0.8431131502232738
pp_primary_long,B,1.7453292519943295,0.5555555555555556,1569,-17.59816329735716,0.41452417673758596,0.9178211334154942,0.917880793136278,0.0
pp_primary_long,B,1.7453292519943295,0.5555555555555556,1570,-17.96217541906601,0.01565356326931179,0.9172566101700257,0.9178754785895957,0.8431106339068883
pp_primary_long,B,1.7453292519943295,0.5555555555555556,1571,-17.21612324764161,0.8153077810491547,0.9178215498118943,0.9178808441306113,0.0
pp_primary_long,B,1.7453292519943295,0.5555555555555556,1572,-17.956601990119047,0.02985739236007634,0.9172566088220117,0.9178754855725384,0.8431105642315893
pp_primary_long,B,1.7453292519943295,0.5555555555555556,1573,-17.275455730052332,0.7793399253977149,0.9178201688013446,0.9178806276732587,0.0
pp_primary_long,B,1.7453292519943295,0.5555555555555556,1574,-18.017962343371373,0.010771813710157965,0.9172561151798989,0.9178753373075373,0.8431110917873134
pp_primary_long,B,1.7453292519943295,0.5555555555555556,1575,-17.757513236530155,0.3250923201989667,0.9178197670118214,0.9178805833554045,0.0
pp_primary_long,B,1.7453292519943295,0.5555555555555556,1576,-18.126541257337887,-0.03179892344202709,0.9172511796113991,0.9178745752131375,0.843092077275641
pp_primary_long,B,1.7453292519943295,0.5555555555555556,1577,-18.42646846828775,-0.3140836691893049,0.9178191004653332,0.9178804762547388,0.0
pp_primary_long,B,1.7453292519943295,0.5555555555555556,1578,-18.23837733378074,-0.07598979826225463,0.9172517197046043,0.9178746666351857,0.8430940501275639
pp_primary_long,B,1.7453292519943295,0.5555555555555556,1579,-18.950522362931203,-0.8098790271290862,0.9178179398882307,0.9178803002193536,0.0
pp_primary_long,B,1.7453292519943295,0.5555555555555556,1580,-18.307826901471717,-0.09909856138579033,0.9172516522926335,0.9178746463028274,0.8430939099609985
pp_primary_long,B,1.7453292519943295,0.5555555555555556,1581,-19.072268560675653,-0.9076175174636161,0.9178193563876011,0.9178805008339687,0.0
pp_primary_long,B,1.7453292519943295,0.5555555555555556,1582,-18.31100692129779,-0.08925064834983773,0.9172521436878266,0.9178746633666043,0.8430977917467283
pp_primary_long,B,1.7453292519943295,0.5555555555555556,1583,-18.74100882583224,-0.5570963566461525,0.9178197840110649,0.9178805755742531,0.0
pp_primary_long,B,1.7453292519943295,0.5555555555555556,1584,-18.258084880015467,-0.05150067534869394,0.9172558625927376,0.9178753250577854,0.8431088208210509
pp_primary_long,B,1.7453292519943295,0.5555555555555556,1585,-18.1386707885025,0.06164278548033919,0.9178201605805525,0.9178806268753419,0.0
pp_primary_long,B,1.7453292519943295,0.5555555555555556,1586,-18.188112312141413,-0.005264089445555342,0.9172563535731747,0.9178754469231618,0.8431091355172682
pp_primary_long,B,1.7453292519943295,0.5555555555555556,1587,-17.58648873938178,0.6307704563131884,0.9178214143439348,0.9178808333606254,0.0
pp_primary_long,B,1.7453292519943295,0.5555555555555556,1588,-18.148762206007312,0.025739051302606814,0.9172564280337956,0.917875468091343,0.8431092555145575
pp_primary_long,B,1.7453292519943295,0.5555555555555556,1589,-17.379902106009354,0.8579413292731684,0.9178212193739815,0.9178807915414976,0.0
pp_primary_long,B,1.7453292519943295,0.5555555555555556,1590,-18.172103295527073,0.025563392894764655,0.9172584653837884,0.9178757748955778,0.8431172678275459
pp_primary_long,B,1.7453292519943295,0.5555555555555556,1591,-17.63683143888929,0.6264540730177073,0.9178206035494397,0.917880707986069,0.0
pp_primary_long,B,1.7453292519943295,0.5555555555555556,1592,-18.257917995850367,-0.005684892839053143,0.9172555960860594,0.9178752598559569,0.8431089581700268
pp_primary_long,B,1.7453292519943295,0.5555555555555556,1593,-18.237112708030143,0.05522732363330424,0.9178206631264083,0.9178807029354636,0.0
pp_primary_long,B,1.7453292519943295,0.5555555555555556,1594,-18.37396836577534,-0.05197124714010852,0.9172529118717666,0.9178748714882816,0.8430979675089607
pp_primary_long,B,1.7453292519943295,0.5555555555555556,1595,-18.884206155880364,-0.5623119042429598,0.917818728549526,0.9178804218512991,0.0
pp_primary_long,B,1.7453292519943295,0.5555555555555556,1596,-18.47243339896307,-0.08951114060236448,0.9172527754323072,0.9178748445141863,0.8430974972011468
pp_primary_long,B,1.7453292519943295,0.5555555555555556,1597,-19.257522610297805,-0.9089611145828802,0.9178185375933697,0.917880391365197,0.0
pp_primary_long,B,1.7453292519943295,0.5555555555555556,1598,-18.51456249200598,-0.0990316258229581,0.9172501052926926,0.9178743847271993,0.8430886487025181
pp_primary_long,B,1.7453292519943295,0.5555555555555556,1599,-19.17711218877836,-0.8066574562842337,0.9178191493932015,0.9178804823026375,0.0
pp_primary_long,B,1.7453292519943295,0.5555555555555556,1600,-18.490457477332765,-0.0756152989659233,0.917252616987429,0.9178747383795433,0.8430996405685998
pp_primary_long,B,1.7453292519943295,0.5555555555555556,1601,-18.696090478173012,-0.3079555695376891,0.9178189627634119,0.9178804354271284,0.0
pp_primary_long,B,1.7453292519943295,0.5555555555555556,1602,-18.424385017682667,-0.031321465348069025,0.917254616086775,0.9178751307177963,0.8431042239932695
pp_primary_long,B,1.7453292519943295,0.5555555555555556,1603,-18.073327469068303,0.3309882690495712,0.9178201730060012,0.917880629861675,0.0
pp_primary_long,B,1.7453292519943295,0.5555555555555556,1604,-18.36204776975756,0.011114447132126629,0.91725464289947,0.9178751365990686,0.8431042715736151
pp_primary_long,B,1.7453292519943295,0.5555555555555556,1605,-17.64055842498523,0.781967069067662,0.9178210744217186,0.9178807792850274,0.0
pp_primary_long,B,1.7453292519943295,0.5555555555555556,1606,-18.347287148854043,0.02988780214905569,0.9172571582758682,0.917875606803733,0.8431108109285358
pp_primary_long,B,1.7453292519943295,0.5555555555555556,1607,-17.631856450557258,0.8133234408321703,0.9178207814606775,0.9178807347971276,0.0
pp_primary_long,B,1.7453292519943295,0.5555555555555556,1608,-18.39948566077602,0.015360280752214489,0.917258453781946,0.9178757435484637,0.8431182266721314
pp_primary_long,B,1.7453292519943295,0.5555555555555556,1609,-18.063523664801956,0.40893913161359485,0.9178215022614927,0.9178808325424531,0.0
pp_primary_long,B,1.7453292519943295,0.5555555555555556,1610,-18.503627887692396,-0.025003375637492414,0.9172555267240576,0.9178752836877544,0.843107624863934
pp_primary_long,B,1.7453292519943295,0.5555555555555556,1611,-18.725617426588435,-0.22344907070150993,0.9178206702374988,0.9178806993865806,0.0
pp_primary_long,B,1.7453292519943295,0.5555555555555556,1612,-18.61804158669644,-0.07047598386184901,0.9172556458566841,0.9178753032134084,0.8431080778493589
pp_primary_long,B,1.7453292519943295,0.5555555555555556,1613,-19.289862067796847,-0.7590094363996248,0.917819037692843,0.9178804756645058,0.0
pp_primary_long,B,1.7453292519943295,0.5555555555555556,1614,-18.695781246013876,-0.0977064189096983,0.9172521019620131,0.9178747537484896,0.8430941581111119
pp_primary_long,B,1.7453292519943295,0.5555555555555556,1615,-19.478209023924414,-0.9226348355130374,0.9178192815177684,0.9178805096513243,0.0
pp_primary_long,B,1.7453292519943295,0.5555555555555556,1616,-18.7086891219275,-0.092695215535526,0.9172506632661782,0.917874454445145,0.8430915765987842
pp_primary_long,B,1.7453292519943295,0.5555555555555556,1617,-19.205747737160333,-0.6302893018696503,0.9178185387805587,0.9178803830537352,0.0
pp_primary_long,B,1.7453292519943295,0.5555555555555556,1618,-18.661937128013452,-0.05801306060194143,0.91725285697171,0.9178748151969245,0.8430992649770521
pp_primary_long,B,1.7453292519943295,0.5555555555555556,1619,-18.62420284277768,-0.032136678945056785,0.9178188119781456,0.9178804059211437,0.0
pp_primary_long,B,1.7453292519943295,0.5555555555555556,1620,-18.591384872260104,-0.01149137104693336,0.9172526960570072,0.9178747755255124,0.8430990042495601
pp_primary_long,B,1.7453292519943295,0.5555555555555556,1621,-18.04413516872705,0.5645745496661903,0.9178200570031853,0.9178806217555996,0.0
pp_primary_long,B,1.7453292519943295,0.5555555555555556,1622,-18.545034325575507,0.02299078292192304,0.9172539256176973,0.9178750353686466,0.8431009780898508
pp_primary_long,B,1.7453292519943295,0.5555555555555556,1623,-17.775294393898385,0.8533392800231614,0.9178201977959582,0.9178806435660195,0.0
pp_primary_long,B,1.7453292519943295,0.5555555555555556,1624,-18.558555127565434,0.027700027793875148,0.9172573977163507,0.9178756219256557,0.8431124722432579
pp_primary_long,B,1.7453292519943295,0.5555555555555556,1625,-17.96758672673123,0.68581309162937,0.9178208981989155,0.9178807511205347,0.0
pp_primary_long,B,1.7453292519943295,0.5555555555555556,1626,-18.636751184327277,0.00024172652022641516,0.9172568737074808,0.9178754979366741,0.8431123534332854
pp_primary_long,B,1.7453292519943295,0.5555555555555556,1627,-18.534047471343122,0.14805259349762367,0.9178218606370923,0.9178808726941433,0.0
pp_primary_long,B,1.7453292519943295,0.5555555555555556,1628,-18.751287813040154,-0.045292344984747226,0.9172573364315744,0.917875576172785,0.8431140509193151
pp_primary_long,B,1.7453292519943295,0.5555555555555556,1629,-19.19551231418496,-0.4837094103340767,0.9178204006240562,0.9178806724510987,0.0
pp_primary_long,B,1.7453292519943295,0.5555555555555556,1630,-18.85513796046779,-0.08551048659062288,0.9172565587514896,0.9178754571586895,0.8431107870764659
pp_primary_long,B,1.7453292519943295,0.5555555555555556,1631,-19.62400497310764,-0.8849515355175701,0.9178200920123318,0.9178806329573238,0.0
pp_primary_long,B,1.7453292519943295,0.5555555555555556,1632,-18.906794624737802,-0.0997678487747069,0.917252006825131,0.9178747363647795,0.843093990350568
pp_primary_long,B,1.7453292519943295,0.5555555555555556,1633,-19.611239761913886,-0.8495673872091422,0.9178193820728202,0.9178805245899856,0.0
pp_primary_long,B,1.7453292519943295,0.5555555555555556,1634,-18.891467775084536,-0.08071443491346925,0.9172524717454672,0.9178747682400038,0.84309749936275
pp_primary_long,B,1.7453292519943295,0.5555555555555556,1635,-19.175577940890893,-0.3957447725717231,0.9178183504943055,0.9178803429954439,0.0
pp_primary_long,B,1.7453292519943295,0.5555555555555556,1636,-18.828896318053147,-0.038161645125746296,0.9172520993604162,0.9178746914869471,0.8430965255064465
pp_primary_long,B,1.7453292519943295,0.5555555555555556,1637,-18.552602452150545,0.24340605626966605,0.9178190848402562,0.917880463191572,0.0
pp_primary_long,B,1.7453292519943295,0.5555555555555556,1638,-18.762973821336566,0.0060540195441581846,0.9172514564343507,0.9178745515671641,0.8430953475880854
pp_primary_long,B,1.7453292519943295,0.5555555555555556,1639,-18.074146561560397,0.7395791642112209,0.9178194371545753,0.9178805225434987,0.0
pp_primary_long,B,1.7453292519943295,0.5555555555555556,1640,-18.739420508341745,0.029199431536699794,0.9172540731589918,0.9178750762511936,0.8431008918752277
pp_primary_long,B,1.7453292519943295,0.5555555555555556,1641,-17.997752716866675,0.8379089291677704,0.917819535691076,0.9178805419117478,0.0
pp_primary_long,B,1.7453292519943295,0.5555555555555556,1642,-18.782123676873468,0.019394653609260182,0.917255790595374,0.9178753313862462,0.8431079922130781
pp_primary_long,B,1.7453292519943295,0.5555555555555556,1643,-18.374496040870127,0.4878746564055229,0.9178212294875692,0.9178807899982141,0.0
pp_primary_long,B,1.7453292519943295,0.5555555555555556,1644,-18.880935413523048,-0.018318321905060192,0.9172561618723496,0.9178754001239067,0.8431091090889776
pp_primary_long,B,1.7453292519943295,0.5555555555555556,1645,-19.022646360480287,-0.1307165195734617,0.9178212917183306,0.9178807956660978,0.0
pp_primary_long,B,1.7453292519943295,0.5555555555555556,1646,-18.996908207680885,-0.0645672623790191,0.9172590477166863,0.9178758316942297,0.8431206647509073
pp_primary_long,B,1.7453292519943295,0.5555555555555556,1647,-19.621086627852755,-0.7001193471713527,0.9178207928531675,0.9178807328005442,0.0
pp_primary_long,B,1.7453292519943295,0.5555555555555556,1648,-19.082310477331056,-0.09560849306052735,0.9172557791271627,0.9178753516350813,0.8431072065035795
pp_primary_long,B,1.7453292519943295,0.5555555555555556,1649,-19.87420658783652,-0.9278325771730016,0.9178208533066552,0.9178807419602104,0.0
pp_primary_long,B,1.7453292519943295,0.5555555555555556,1650,-19.105055664984114,-0.09548806069829623,0.9172538431829623,0.9178750256751093,0.8431011048733887
pp_primary_long,B,1.7453292519943295,0.5555555555555556,1651,-19.663821433902516,-0.6968984987205913,0.9178192192477589,0.9178804945417539,0.0
pp_primary_long,B,1.7453292519943295,0.5555555555555556,1652,-19.065273807706664,-0.06426955115009052,0.9172535225532044,0.9178749739521477,0.8430998051565776
pp_primary_long,B,1.7453292519943295,0.5555555555555556,1653,-19.109772250067632,-0.12594317249349885,0.9178188824523686,0.9178804323538818,0.0
pp_primary_long,B,1.7453292519943295,0.5555555555555556,1654,-18.995206500635806,-0.01798954513433873,0.9172513093392467,0.9178745252336804,0.8430950118731162
pp_primary_long,B,1.7453292519943295,0.5555555555555556,1655,-18.508499920391223,0.4917484769914563,0.9178191705104722,0.917880481251759,0.0
pp_primary_long,B,1.7453292519943295,0.5555555555555556,1656,-18.942625642045158,0.019590039690385738,0.9172516171590659,0.9178746116798385,0.8430947776117858
pp_primary_long,B,1.7453292519943295,0.5555555555555556,1657,-18.18063706082041,0.8389001036946665,0.9178186483461577,0.9178803916893622,0.0
pp_primary_long,B,1.7453292519943295,0.5555555555555556,1658,-18.94641007048373,0.029140897998795948,0.9172536259446925,0.9178749767351059,0.8431004525537215
pp_primary_long,B,1.7453292519943295,0.5555555555555556,1659,-18.306416851936078,0.7371841439507779,0.9178195410602338,0.9178805434723405,0.0
pp_primary_long,B,1.7453292519943295,0.5555555555555556,1660,-19.016367986793497,0.005778824439771055,0.9172534437352873,0.9178749549998233,0.8430994322333092
pp_primary_long,B,1.7453292519943295,0.5555555555555556,1661,-18.833034264560798,0.23885132498545747,0.9178208776371047,0.9178807357631341,0.0
pp_primary_long,B,1.7453292519943295,0.5555555555555556,1662,-19.12838401698751,-0.038502324523992396,0.9172570212942776,0.917875520775239,0.843112654719282
pp_primary_long,B,1.7453292519943295,0.5555555555555556,1663,-19.501791882682966,-0.4001306332529943,0.9178206703396896,0.9178807102750924,0.0
pp_primary_long,B,1.7453292519943295,0.5555555555555556,1664,-19.236716595486826,-0.0809502242178904,0.9172584003616229,0.9178757348446208,0.8431179789826057
pp_primary_long,B,1.7453292519943295,0.5555555555555556,1665,-19.980964842695023,-0.8515284261100641,0.91782156767528,0.9178808352506783,0.0
pp_primary_long,B,1.7453292519943295,0.5555555555555556,1666,-19.297556838047193,-0.09977567691168958,0.9172558165850404,0.9178753515954049,0.8431077644394469
pp_primary_long,B,1.7453292519943295,0.5555555555555556,1667,-20.03624012028076,-0.8834656218653076,0.9178208000674443,0.9178807356314611,0.0
pp_primary_long,B,1.7453292519943295,0.5555555555555556,1668,-19.29142366346214,-0.08529313662450076,0.9172560136248743,0.9178753971721134,0.8431079905042006
pp_primary_long,B,1.7453292519943295,0.5555555555555556,1669,-19.651020366745104,-0.47954411339801917,0.9178195576877518,0.9178805461371843,0.0
pp_primary_long,B,1.7453292519943295,0.5555555555555556,1670,-19.233324208475757,-0.04496216241414515,0.9172535271120859,0.917874966948445,0.8430998828905623
pp_primary_long,B,1.7453292519943295,0.5555555555555556,1671,-19.034989255000852,0.15274943720382422,0.9178196111055711,0.9178805547439686,0.0
pp_primary_long,B,1.7453292519943295,0.5555555555555556,1672,-19.164834903232105,0.0005309346715631214,0.9172516472283793,0.9178745855389797,0.8430961788550664
pp_primary_long,B,1.7453292519943295,0.5555555555555556,1673,-18.516403615697193,0.6886257025389056,0.9178188814083087,0.917880421591163,0.0
pp_primary_long,B,1.7453292519943295,0.5555555555555556,1674,-19.13300731031829,0.02779153110198769,0.9172524939153117,0.9178747739120705,0.8430973281189802
pp_primary_long,B,1.7453292519943295,0.5555555555555556,1675,-18.373427047120494,0.8528286420856138,0.917818410398411,0.9178803608616866,0.0
pp_primary_long,B,1.7453292519943295,0.5555555555555556,1676,-19.16597930993369,0.022824655884326972,0.9172518628120776,0.9178746620735009,0.8430951931179699
pp_primary_long,B,1.7453292519943295,0.5555555555555556,1677,-18.69133380959422,0.5610118227460068,0.9178196623111955,0.9178805612409372,0.0
pp_primary_long,B,1.7453292519943295,0.5555555555555556,1678,-19.258619024777094,-0.011819564624857615,0.9172526688257494,0.9178748376974141,0.8430962370986778
pp_primary_long,B,1.7453292519943295,0.5555555555555556,1679,-19.31861391050563,-0.0369276004429645,0.9178198484459051,0.917880586731579,0.0
pp_primary_long,B,1.7453292519943295,0.5555555555555556,1680,-19.37513207852354,-0.0583369761105379,0.917257169513875,0.9178755243828718,0.8431139281780352
pp_primary_long,B,1.7453292519943295,0.5555555555555556,1681,-19.94486892028574,-0.6338599840760456,0.9178207531913839,0.9178807104392508,0.0
pp_primary_long,B,1.7453292519943295,0.5555555555555556,1682,-19.467494986033604,-0.0928412873050055,0.9172564998773691,0.9178754393408247,0.8431108555868954
pp_primary_long,B,1.7453292519943295,0.5555555555555556,1683,-20.260206903903963,-0.9231434404319165,0.9178217053567894,0.917880854657956,0.0
pp_primary_long,B,1.7453292519943295,0.5555555555555556,1684,-19.500049958872193,-0.09760150652013597,0.9172573082849779,0.9178755758059188,0.8431136595104495
pp_primary_long,B,1.7453292519943295,0.5555555555555556,1685,-20.114476540502977,-0.7561851513757062,0.9178205653371283,0.9178807030989311,0.0
pp_primary_long,B,1.7453292519943295,0.5555555555555556,1686,-19.467918610889303,-0.07018644641334973,0.9172566910245491,0.9178755308401932,0.8431092101799796
pp_primary_long,B,1.7453292519943295,0.5555555555555556,1687,-19.594310009951585,-0.21874421234319708,0.917820382854574,0.9178806762779816,0.0
pp_primary_long,B,1.7453292519943295,0.5555555555555556,1688,-19.399389137046725,-0.024668905186388174,0.9172537039905527,0.9178749715585187,0.8431015236488466
pp_primary_long,B,1.7453292519943295,0.5555555555555556,1689,-18.97874584850272,0.41310143057485477,0.9178199524660946,0.9178805981616991,0.0
pp_primary_long,B,1.7453292519943295,0.5555555555555556,1690,-19.341446115977405,0.01557967671232248,0.9172531926774804,0.9178748839528346,0.8431000956591621
pp_primary_long,B,1.7453292519943295,0.5555555555555556,1691,-18.595755495960795,0.814797752344005,0.9178186863577832,0.9178803889512276,0.0
pp_primary_long,B,1.7453292519943295,0.5555555555555556,1692,-19.33570888822242,0.029865265874582686,0.9172526527453154,0.9178747697819306,0.843098918699733
pp_primary_long,B,1.7453292519943295,0.5555555555555556,1693,-18.653897209739,0.7800051453760849,0.9178188593639445,0.9178804395403175,0.0
pp_primary_long,B,1.7453292519943295,0.5555555555555556,1694,-19.39689835615826,0.010862522987238929,0.9172503536245407,0.9178744302144304,0.8430892509277463
pp_primary_long,B,1.7453292519943295,0.5555555555555556,1695,-19.13510118982211,0.32660689004228416,0.9178191595622996,0.917880482142168,0.0
pp_primary_long,B,1.7453292519943295,0.5555555555555556,1696,-19.505412883810664,-0.03167667079041106,0.9172533674688931,0.917874934635541,0.843099430805529
pp_primary_long,B,1.7453292519943295,0.5555555555555556,1697,-19.803999734324904,-0.31251548649693645,0.917819163505735,0.9178804802937033,0.0
pp_primary_long,B,1.7453292519943295,0.5555555555555556,1698,-19.617294012642933,-0.07588931872937148,0.9172551531334358,0.9178752057650278,0.8431065274612879
pp_primary_long,B,1.7453292519943295,0.5555555555555556,1699,-20.32879659302625,-0.8090625194159609,0.9178210060884425,0.917880739678083,0.0
pp_primary_long,B,1.7453292519943295,0.5555555555555556,1700,-19.686887328343744,-0.09907094887155196,0.917255871430672,0.9178753140159519,0.8431094393736372
pp_primary_long,B,1.7453292519943295,0.5555555555555556,1701,-20.451745034383826,-0.9079692891819975,0.9178210511581154,0.9178807663469999,0.0
pp_primary_long,B,1.7453292519943295,0.5555555555555556,1702,-19.690239429905446,-0.08930736155906205,0.9172582683719148,0.9178757438431705,0.8431163465377671
pp_primary_long,B,1.7453292519943295,0.5555555555555556,1703,-20.12147632194376,-0.5584263627440634,0.9178208046464358,0.91788073439069,0.0
pp_primary_long,B,1.7453292519943295,0.5555555555555556,1704,-19.637490946940055,-0.05163647101901913,0.9172562304294868,0.9178754426341735,0.8431080828200491
pp_primary_long,B,1.7453292519943295,0.5555555555555556,1705,-19.519457592792943,0.060015007188913616,0.9178210268289755,0.9178807731369634,0.0
pp_primary_long,B,1.7453292519943295,0.5555555555555556,1706,-19.567465906302616,-0.00537699096874468,0.9172548642212731,0.9178751791068753,0.8431051258997584
pp_primary_long,B,1.7453292519943295,0.5555555555555556,1707,-18.966739852652253,0.6296738051658474,0.9178199269106642,0.9178805836567885,0.0
pp_primary_long,B,1.7453292519943295,0.5555555555555556,1708,-19.527995609594065,0.02568641300457518,0.9172548243790772,0.9178751583415578,0.8431054028313932
pp_primary_long,B,1.7453292519943295,0.5555555555555556,1709,-18.759029027571113,0.8579327684009314,0.9178191240209376,0.917880471840318,0.0
pp_primary_long,B,1.7453292519943295,0.5555555555555556,1710,-19.551131346410564,0.025610564520877635,0.9172519078012219,0.9178746346960219,0.8430966760930618
pp_primary_long,B,1.7453292519943295,0.5555555555555556,1711,-19.014846022861292,0.6275496451724276,0.9178192604858384,0.917880494567708,0.0
pp_primary_long,B,1.7453292519943295,0.5555555555555556,1712,-19.63682346175827,-0.005578283894916852,0.9172508869818649,0.9178745357425431,0.8430906076433633
pp_primary_long,B,1.7453292519943295,0.5555555555555556,1713,-19.614574919886635,0.056870109179958106,0.9178183580197334,0.9178803597915938,0.0
pp_primary_long,B,1.7453292519943295,0.5555555555555556,1714,-19.75284843722377,-0.05185198925525698,0.9172531335415212,0.9178748835232634,0.8430992155992093
pp_primary_long,B,1.7453292519943295,0.5555555555555556,1715,-20.261969834887168,-0.5609786882707681,0.9178193007921142,0.9178804935484849,0.0
pp_primary_long,B,1.7453292519943295,0.5555555555555556,1716,-19.851416197273295,-0.08944347163564037,0.9172528642824658,0.917874834408027,0.8430983211643719
pp_primary_long,B,1.7453292519943295,0.5555555555555556,1717,-20.63628452905749,-0.9086208305182811,0.9178205469108638,0.9178806804121769,0.0
pp_primary_long,B,1.7453292519943295,0.5555555555555556,1718,-19.89366924414111,-0.09902965327694277,0.9172564548265357,0.917875387482134,0.8431121496179241
pp_primary_long,B,1.7453292519943295,0.5555555555555556,1719,-20.5570636588708,-0.8074870975570879,0.9178204459535753,0.9178806707351177,0.0
pp_primary_long,B,1.7453292519943295,0.5555555555555556,1720,-19.869766586231727,-0.07570806026994874,0.9172574179027283,0.9178756212573459,0.8431127038285565
pp_primary_long,B,1.7453292519943295,0.5555555555555556,1721,-20.076780537200538,-0.3095148061375205,0.9178212694455752,0.9178808003028714,0.0
pp_primary_long,B,1.7453292519943295,0.5555555555555556,1722,-19.803765642883004,-0.03144792044650385,0.9172560503226174,0.917875389403747,0.843108499359829
pp_primary_long,B,1.7453292519943295,0.5555555555555556,1723,-19.45398547650488,0.3294956362013639,0.917821074600683,0.9178807741895032,0.0
pp_primary_long,B,1.7453292519943295,0.5555555555555556,1724,-19.74136727558644,0.011018828273475445,0.9172565518580067,0.917875489660727,0.8431096086141547
pp_primary_long,B,1.7453292519943295,0.5555555555555556,1725,-19.02036265708348,0.7813015907209525,0.917820056759379,0.9178806118353391,0.0
pp_primary_long,B,1.7453292519943295,0.5555555555555556,1726,-19.72644828524062,0.029872089414405487,0.9172553314430301,0.9178752108229963,0.8431081175207495
pp_primary_long,B,1.7453292519943295,0.5555555555555556,1727,-19.01048406202653,0.8138179881610926,0.917820000951587,0.917880607538999,0.0
pp_primary_long,B,1.7453292519943295,0.5555555555555556,1728,-19.778454033092444,0.015437083102843197,0.9172519465949388,0.9178746744624664,0.8430957251595397
pp_primary_long,B,1.7453292519943295,0.5555555555555556,1729,-19.44121465055988,0.41035829363518794,0.917819069947463,0.9178804559885307,0.0
pp_primary_long,B,1.7453292519943295,0.5555555555555556,1730,-19.882515855166602,-0.024886897216921555,0.9172525089314343,0.9178747885623306,0.8430969310279985
pp_primary_long,B,1.7453292519943295,0.5555555555555556,1731,-20.10311765687642,-0.22184098630791665,0.9178182418174566,0.9178803446538564,0.0
pp_primary_long,B,1.7453292519943295,0.5555555555555556,1732,-19.99696947830552,-0.07037872528705089,0.9172513120274522,0.9178745963815089,0.8430923262284117
pp_primary_long,B,1.7453292519943295,0.5555555555555556,1733,-20.66799012392473,-0.7580364486534601,0.917819492976392,0.9178805253603495,0.0
pp_primary_long,B,1.7453292519943295,0.5555555555555556,1734,-20.074819531527744,-0.09766801773927172,0.9172524968705753,0.9178747492097675,0.843097908286762
pp_primary_long,B,1.7453292519943295,0.5555555555555556,1735,-20.857498993695224,-0.9228086925754637,0.9178195822847942,0.9178805389480668,0.0
pp_primary_long,B,1.7453292519943295,0.5555555555555556,1736,-20.08787301187949,-0.09273052378188511,0.9172561448990346,0.9178753543203496,0.8431104236019604
pp_primary_long,B,1.7453292519943295,0.5555555555555556,1737,-20.58608072929815,-0.6315136644017854,0.9178203946738936,0.9178806499725114,0.0
pp_primary_long,B,1.7453292519943295,0.5555555555555556,1738,-20.04128011640374,-0.05812325392980725,0.9172558141503646,0.9178753354951128,0.8431080612313075
pp_primary_long,B,1.7453292519943295,0.5555555555555556,1739,-20.00498154733885,-0.033774674705991936,0.9178213052256378,0.9178808085862635,0.0
pp_primary_long,B,1.7453292519943295,0.5555555555555556,1740,-19.970724216090655,-0.011600324334880674,0.9172566193993076,0.9178754938497472,0.8431099615070692
pp_primary_long,B,1.7453292519943295,0.5555555555555556,1741,-19.42449492034253,0.563366074666448,0.9178207808210869,0.917880727959252,0.0
pp_primary_long,B,1.7453292519943295,0.5555555555555556,1742,-19.924308505496313,0.022919359169132653,0.9172575425337639,0.9178756436459623,0.8431131306473124
pp_primary_long,B,1.7453292519943295,0.5555555555555556,1743,-19.154599406199818,0.8531662544780251,0.917820666367777,0.9178807135268194,0.0
pp_primary_long,B,1.7453292519943295,0.5555555555555556,1744,-19.93762680366629,0.027727628918854164,0.9172550448299943,0.9178751675851307,0.8431070721056857
pp_primary_long,B,1.7453292519943295,0.5555555555555556,1745,-19.345753869007314,0.6867673779627121,0.9178205204695473,0.9178806709462998,0.0
pp_primary_long,B,1.7453292519943295,0.5555555555555556,1746,-20.01568077829972,0.00033831767885868225,0.9172538161586308,0.9178749997566135,0.8431017262848691
pp_primary_long,B,1.7453292519943295,0.5555555555555556,1747,-19.91156179418807,0.14965011105709258,0.9178188314203449,0.9178804262866499,0.0
pp_primary_long,B,1.7453292519943295,0.5555555555555556,1748,-20.130181642147647,-0.045177201953659804,0.917252859655328,0.917874836569483,0.8430983826322384
pp_primary_long,B,1.7453292519943295,0.5555555555555556,1749,-20.573199734320255,-0.4822873389560605,0.9178189026860953,0.9178804459656207,0.0
pp_primary_long,B,1.7453292519943295,0.5555555555555556,1750,-20.23413007989426,-0.08544448960766365,0.9172501944688718,0.9178744172187865,0.8430882131721625
pp_primary_long,B,1.7453292519943295,0.5555555555555556,1751,-21.002607862970045,-0.8844363484471929,0.9178190382288929,0.9178804626617286,0.0
pp_primary_long,B,1.7453292519943295,0.5555555555555556,1752,-20.2858947014746,-0.09976071329816016,0.9172532168107111,0.9178748603931519,0.8431008112380859
pp_primary_long,B,1.7453292519943295,0.5555555555555556,1753,-20.991024858835658,-0.850237439764054,0.9178190385733542,0.9178804441174928,0.0
pp_primary_long,B,1.7453292519943295,0.5555555555555556,1754,-20.27073853617297,-0.08079049489282511,0.9172543491591082,0.9178750705309482,0.843103828607098
pp_primary_long,B,1.7453292519943295,0.5555555555555556,1755,-20.55618968853839,-0.3972460880255552,0.9178204646859747,0.9178806637800472,0.0
pp_primary_long,B,1.7453292519943295,0.5555555555555556,1756,-20.208220291266848,-0.038265975110450254,0.9172549360409935,0.9178751621656557,0.843106028486346
pp_primary_long,B,1.7453292519943295,0.5555555555555556,1757,-19.933300122278418,0.24185130584423797,0.9178207547176249,0.9178807253782971,0.0
pp_primary_long,B,1.7453292519943295,0.5555555555555556,1758,-20.142286758755787,0.0059588540246688915,0.9172571762125615,0.9178756059232391,0.8431109075979936
pp_primary_long,B,1.7453292519943295,0.5555555555555556,1759,-19.454086931612665,0.7387708371192798,0.917820689143889,0.9178807172198791,0.0
pp_primary_long,B,1.7453292519943295,0.5555555555555556,1760,-20.118609022520566,0.02916994058233524,0.917257117993379,0.9178755455654141,0.8431127393610701
pp_primary_long,B,1.7453292519943295,0.5555555555555556,1761,-19.376544705789044,0.8382482124412595,0.9178213497281007,0.917880807985011,0.0
pp_primary_long,B,1.7453292519943295,0.5555555555555556,1762,-20.161124670377138,0.01945616432509184,0.9172556036296889,0.9178752945519871,0.8431078441201842
pp_primary_long,B,1.7453292519943295,0.5555555555555556,1763,-19.75229304463566,0.48919357206381936,0.9178204001609763,0.9178806511402297,0.0
pp_primary_long,B,1.7453292519943295,0.5555555555555556,1764,-20.2598346028099,-0.018205985745380474,0.917255891724043,0.9178753204842046,0.8431095593120516
pp_primary_long,B,1.7453292519943295,0.5555555555555556,1765,-20.40014065249479,-0.129098341119132,0.9178193428931624,0.9178805128419903,0.0
pp_primary_long,B,1.7453292519943295,0.5555555555555556,1766,-20.375842371909606,-0.06447054818606004,0.9172520182444452,0.9178747164695241,0.8430946504850148
pp_primary_long,B,1.7453292519943295,0.5555555555555556,1767,-20.999102775870472,-0.6990184118625198,0.9178193908315231,0.9178805181518953,0.0
pp_primary_long,B,1.7453292519943295,0.5555555555555556,1768,-20.461358733684737,-0.09557120864722468,0.917251269208758,0.9178745806667387,0.8430926444556761
pp_primary_long,B,1.7453292519943295,0.5555555555555556,1769,-21.25333568451215,-0.9278285260957547,0.917818423681828,0.9178803657831074,0.0
pp_primary_long,B,1.7453292519943295,0.5555555555555556,1770,-20.484250689494665,-0.09552554611215791,0.9172529263807728,0.9178748371429641,0.843098975632964
pp_primary_long,B,1.7453292519943295,0.5555555555555556,1771,-21.044030012548372,-0.697996911744847,0.9178191681747838,0.9178804599955153,0.0
pp_primary_long,B,1.7453292519943295,0.5555555555555556,1772,-20.444585433171248,-0.06436646121490248,0.9172526336215063,0.9178747576869801,0.843098954690406
pp_primary_long,B,1.7453292519943295,0.5555555555555556,1773,-20.49053201836293,-0.12757724731429138,0.9178200874287664,0.9178806166537717,0.0
pp_primary_long,B,1.7453292519943295,0.5555555555555556,1774,-20.374510136697392,-0.018085218400822306,0.9172548619859804,0.9178751631562101,0.8431051608102724
pp_primary_long,B,1.7453292519943295,0.5555555555555556,1775,-19.88894449957585,0.49043051892105477,0.9178200824483911,0.9178806164790223,0.0
pp_primary_long,B,1.7453292519943295,0.5555555555555556,1776,-20.321892277796596,0.019519196543010903,0.917256702545685,0.9178755111219364,0.8431099018426238
pp_primary_long,B,1.7453292519943295,0.5555555555555556,1777,-19.560094132478255,0.8385688140720267,0.9178209466188184,0.9178807556438859,0.0
pp_primary_long,B,1.7453292519943295,0.5555555555555556,1778,-20.32550038203704,0.02915765550428244,0.9172561342163656,0.9178753906466147,0.8431091712670509
pp_primary_long,B,1.7453292519943295,0.5555555555555556,1779,-19.684717782108688,0.7380074870403227,0.9178214124975618,0.917880808081642,0.0
pp_primary_long,B,1.7453292519943295,0.5555555555555556,1780,-20.395315386412346,0.00586656684532022,0.917257371197853,0.9178755865220237,0.8431137892148058
pp_primary_long,B,1.7453292519943295,0.5555555555555556,1781,-20.210597561069584,0.24039927594902205,0.917820334403297,0.9178806549905351,0.0
pp_primary_long,B,1.7453292519943295,0.5555555555555556,1782,-20.50727501511328,-0.03838511552118291,0.9172561638743619,0.9178753607799679,0.843110475951856
pp_primary_long,B,1.7453292519943295,0.5555555555555556,1783,-20.879416664861154,-0.3986445041493456,0.9178203190779154,0.9178806543523594,0.0
pp_primary_long,B,1.7453292519943295,0.5555555555555556,1784,-20.615701461598277,-0.0808787450997334,0.9172523378705686,0.9178747798919877,0.8430955234960646
pp_primary_long,B,1.7453292519943295,0.5555555555555556,1785,-21.35943002617499,-0.8508597043170929,0.917819235653126,0.9178804939977725,0.0
pp_primary_long,B,1.7453292519943295,0.5555555555555556,1786,-20.676674653674446,-0.09977261704901251,0.9172529273726797,0.9178748570410564,0.8430983964337253
pp_primary_long,B,1.7453292519943295,0.5555555555555556,1787,-21.415878083662278,-0.8839701053470223,0.917818491114432,0.9178803706766965,0.0
pp_primary_long,B,1.7453292519943295,0.5555555555555556,1788,-20.670713504651488,-0.08537501063579833,0.9172516638648439,0.9178746332684479,0.8430943378422386
pp_primary_long,B,1.7453292519943295,0.5555555555555556,1789,-21.03156364517073,-0.4809654269485861,0.9178193495097601,0.9178805001309973,0.0
pp_primary_long,B,1.7453292519943295,0.5555555555555556,1790,-20.612635259528282,-0.045060965179493144,0.9172522300674776,0.9178746728226642,0.8430982188039376
pp_primary_long,B,1.7453292519943295,0.5555555555555556,1791,-20.415724070247805,0.15114349482503803,0.9178193555800926,0.9178804990659079,0.0
pp_primary_long,B,1.7453292519943295,0.5555555555555556,1792,-20.544130952151864,0.0004412360181287184,0.9172546449118035,0.9178751471330248,0.8431037286084486
pp_primary_long,B,1.7453292519943295,0.5555555555555556,1793,-19.896471612245968,0.6876702000868699,0.9178197933249933,0.9178805703009888,0.0
pp_primary_long,B,1.7453292519943295,0.5555555555555556,1794,-20.512186303204665,0.02776284824823501,0.9172550914059597,0.917875216291268,0.843105505346985
pp_primary_long,B,1.7453292519943295,0.5555555555555556,1795,-19.752369093418107,0.8530111426177973,0.9178210578168875,0.9178807674313807,0.0
pp_primary_long,B,1.7453292519943295,0.5555555555555556,1796,-20.544993836983192,0.022877463011874405,0.917256099156403,0.9178754064119795,0.843108123991675
pp_primary_long,B,1.7453292519943295,0.5555555555555556,1797,-20.06922236819038,0.5622361931255017,0.9178208849367712,0.9178807350265874,0.0
pp_primary_long,B,1.7453292519943295,0.5555555555555556,1798,-20.6375203636398,-0.011708971989142475,0.9172584341956903,0.9178757351626486,0.8431182527477201
pp_primary_long,B,1.7453292519943295,0.5555555555555556,1799,-20.696094109404772,-0.03530201534640198,0.917820896377203,0.9178807395460018,0.0
pp_primary_long,B,1.7453292519943295,0.5555555555555556,1800,-20.75404533583221,-0.05823062066553971,0.9172554517593682,0.9178752684506568,0.8431071568988362
pp_primary_long,B,1.7453292519943295,0.5555555555555556,1801,-21.322774740979046,-0.6326498216639256,0.9178207771004404,0.9178807158927863,0.0
pp_primary_long,B,1.7453292519943295,0.5555555555555556,1802,-20.846525261075804,-0.09279387619548259,0.9172544496090451,0.9178751159409471,0.843103423242107
pp_primary_long,B,1.7453292519943295,0.5555555555555556,1803,-21.63918197353264,-0.9229744059184819,0.9178191170694527,0.9178804776593635,0.0
pp_primary_long,B,1.7453292519943295,0.5555555555555556,1804,-20.879267860905713,-0.09764543590938476,0.9172532480536979,0.9178749319926343,0.8430985162440192
pp_primary_long,B,1.7453292519943295,0.5555555555555556,1805,-21.49457057539022,-0.7571457678158355,0.9178191511122968,0.9178804759729781,0.0
pp_primary_long,B,1.7453292519943295,0.5555555555555556,1806,-20.847254192253583,-0.07029143924785343,0.9172511774692307,0.9178745275188783,0.8430935877554518
pp_primary_long,B,1.7453292519943295,0.5555555555555556,1807,-20.975058239815496,-0.22035125755067336,0.9178191235201448,0.9178804684301324,0.0
pp_primary_long,B,1.7453292519943295,0.5555555555555556,1808,-20.778706372379425,-0.02477009343033723,0.9172526867469144,0.9178747765088128,0.8430988803862403
pp_primary_long,B,1.7453292519943295,0.5555555555555556,1809,-20.359283516697793,0.41168065150720956,0.9178188382300757,0.9178804098869187,0.0
pp_primary_long,B,1.7453292519943295,0.5555555555555556,1810,-20.720704446445996,0.015510396326331985,0.9172535757876902,0.9178749483761438,0.8431009441068437
pp_primary_long,B,1.7453292519943295,0.5555555555555556,1811,-19.975370467436825,0.8142964163418454,0.9178198487102852,0.9178805840676538,0.0
pp_primary_long,B,1.7453292519943295,0.5555555555555556,1812,-20.714795665752693,0.029880183155780463,0.9172535740331054,0.9178749711045093,0.8430999884498463
pp_primary_long,B,1.7453292519943295,0.5555555555555556,1813,-20.03233032469544,0.7806878398129405,0.917820529646058,0.9178806851681905,0.0
pp_primary_long,B,1.7453292519943295,0.5555555555555556,1814,-20.775853050037192,0.010945007083668329,0.9172568303796085,0.9178755151618095,0.8431109406173507
pp_primary_long,B,1.7453292519943295,0.5555555555555556,1815,-20.51270499483131,0.3281074732747311,0.9178205633545146,0.9178806920232346,0.0
pp_primary_long,B,1.7453292519943295,0.5555555555555556,1816,-20.88429169473371,-0.03155502656930058,0.9172574579936433,0.9178755768177745,0.8431148037670276
pp_primary_long,B,1.7453292519943295,0.5555555555555556,1817,-21.181550938119845,-0.3109659930398527,0.9178215474269731,0.9178808243538547,0.0
pp_primary_long,B,1.7453292519943295,0.5555555555555556,1818,-20.99623777535678,-0.07579979532458671,0.9172559965650803,0.9178753617073834,0.8431090255961717
pp_primary_long,B,1.7453292519943295,0.5555555555555556,1819,-21.707112883314903,-0.8082518064023057,0.9178205538805246,0.9178806879532643,0.0
pp_primary_long,B,1.7453292519943295,0.5555555555555556,1820,-21.065983470832446,-0.09905626475290275,0.9172562207733519,0.9178754091633335,0.8431093292934856
pp_primary_long,B,1.7453292519943295,0.5555555555555556,1821,-21.831228328720833,-0.9083126971785512,0.9178196762714742,0.9178805627437956,0.0
pp_primary_long,B,1.7453292519943295,0.5555555555555556,1822,-21.069546692189096,-0.0893938351794471,0.9172528517580976,0.9178748678629532,0.8430969951695616
pp_primary_long,B,1.7453292519943295,0.5555555555555556,1823,-21.501949175293,-0.5597505186008495,0.9178196415343829,0.917880556293423,0.0
pp_primary_long,B,1.7453292519943295,0.5555555555555556,1824,-21.016839556686275,-0.05174935367935802,0.9172521564522288,0.917874690145145,0.843097125112807
pp_primary_long,B,1.7453292519943295,0.5555555555555556,1825,-20.90023577374104,0.058381029496997416,0.9178187749854776,0.917880403254517,0.0
pp_primary_long,B,1.7453292519943295,0.5555555555555556,1826,-20.946792868282355,-0.005479740357210577,0.9172529046650949,0.9178748299805729,0.8430990486212986
pp_primary_long,B,1.7453292519943295,0.5555555555555556,1827,-20.34695251147756,0.6285731253521764,0.9178188797138231,0.9178804234432475,0.0
pp_primary_long,B,1.7453292519943295,0.5555555555555556,1828,-20.90717518336927,0.025655326224482564,0.9172520345976856,0.9178746668515816,0.8430965667064793
pp_primary_long,B,1.7453292519943295,0.5555555555555556,1829,-20.138139316733465,0.857938749154767,0.9178197113327126,0.9178805631975632,0.0
pp_primary_long,B,1.7453292519943295,0.5555555555555556,1830,-20.93015096701212,0.025658723026019514,0.9172533443999251,0.9178749506759679,0.8430984742812412
pp_primary_long,B,1.7453292519943295,0.5555555555555556,1831,-20.39283794976364,0.6286626145164266,0.917819683313833,0.9178805585614445,0.0
pp_primary_long,B,1.7453292519943295,0.5555555555555556,1832,-21.01572600718062,-0.005469685940159799,0.9172564490313164,0.917875428142152,0.8431105646223824
pp_primary_long,B,1.7453292519943295,0.5555555555555556,1833,-20.992040476068855,0.05850262487853847,0.9178207998277284,0.917880719003755,0.0
pp_primary_long,B,1.7453292519943295,0.5555555555555556,1834,-21.13173460388872,-0.05173498843996753,0.9172559680536154,0.9178753506549449,0.8431089897854814
pp_primary_long,B,1.7453292519943295,0.5555555555555556,1835,-21.639751807688473,-0.5596573763439383,0.9178214430020876,0.9178808088321087,0.0
pp_primary_long,B,1.7453292519943295,0.5555555555555556,1836,-21.230393223355364,-0.0893726856921814,0.9172576656579386,0.9178756155402122,0.8431154531922918
pp_primary_long,B,1.7453292519943295,0.5555555555555556,1837,-22.01508306712254,-0.9082908471493305,0.9178204651835286,0.9178806795332062,0.0
pp_primary_long,B,1.7453292519943295,0.5555555555555556,1838,-21.272859054372624,-0.09905959074110061,0.9172562100773437,0.9178754268160257,0.8431083826353392
pp_primary_long,B,1.7453292519943295,0.5555555555555556,1839,-21.937022378042546,-0.8083069130118002,0.9178205146457976,0.9178806884649857,0.0
pp_primary_long,B,1.7453292519943295,0.5555555555555556,1840,-21.249113234842756,-0.07581570132554669,0.9172534351147876,0.9178749466702092,0.8430998320142005
pp_primary_long,B,1.7453292519943295,0.5555555555555556,1841,-21.457504145456156,-0.31107347718884776,0.917819668976225,0.9178805555617108,0.0
pp_primary_long,B,1.7453292519943295,0.5555555555555556,1842,-21.18313619337233,-0.03157037732910306,0.9172535944884704,0.9178749613357422,0.8431009048131675
pp_primary_long,B,1.7453292519943295,0.5555555555555556,1843,-20.834621269830883,0.32799439219587445,0.9178188408942695,0.9178804126215682,0.0
pp_primary_long,B,1.7453292519943295,0.5555555555555556,1844,-21.12066215154542,0.01093370514767747,0.9172524724412223,0.917874731764578,0.8430984492768017
pp_primary_long,B,1.7453292519943295,0.5555555555555556,1845,-20.400157061201753,0.7806272805151109,0.9178192151906471,0.9178804844781894,0.0
pp_primary_long,B,1.7453292519943295,0.5555555555555556,1846,-21.105550100573787,0.02987891327778229,0.9172513042852916,0.917874562544679,0.843093431856105
pp_primary_long,B,1.7453292519943295,0.5555555555555556,1847,-20.38907908961513,0.8143328980799519,0.9178191010870568,0.9178804634164516,0.0
pp_primary_long,B,1.7453292519943295,0.5555555555555556,1848,-21.15741783990927,0.01551426960319012,0.9172537125955394,0.9178749989930216,0.8431003139638774
pp_primary_long,B,1.7453292519943295,0.5555555555555556,1849,-20.818883574336926,0.4117892910111643,0.9178193176611099,0.9178805030251667,0.0
pp_primary_long,B,1.7453292519943295,0.5555555555555556,1850,-21.26139162822404,-0.024765185167900883,0.9172544184911331,0.9178750974115094,0.8431034368507129
pp_primary_long,B,1.7453292519943295,0.5555555555555556,1851,-21.48060211815865,-0.2202305508241053,0.9178209128073368,0.9178807298867316,0.0
pp_primary_long,B,1.7453292519943295,0.5555555555555556,1852,-21.375874530342855,-0.07027316164088314,0.9172559481677859,0.9178753361392207,0.843109237646681
pp_primary_long,B,1.7453292519943295,0.5555555555555556,1853,-22.046141518294,-0.7570782710488748,0.9178207698993793,0.917880717254761,0.0
pp_primary_long,B,1.7453292519943295,0.5555555555555556,1854,-21.453859295061992,-0.09762839143132346,0.9172581971614139,0.9178757049945164,0.8431170437108111
pp_primary_long,B,1.7453292519943295,0.5555555555555556,1855,-22.236797999313964,-0.9229883772510444,0.9178209310611329,0.9178807422640215,0.0
pp_primary_long,B,1.7453292519943295,0.5555555555555556,1856,-21.467138534094442,-0.09279805539696237,0.9172556402871631,0.9178753310121882,0.8431065682908816
pp_primary_long,B,1.7453292519943295,0.5555555555555556,1857,-21.966450876969688,-0.632731591604625,0.9178208735501484,0.917880742588585,0.0
pp_primary_long,B,1.7453292519943295,0.5555555555555556,1858,-21.42064325753813,-0.05824115861667728,0.9172550732100593,0.9178752239078768,0.8431053230847253
pp_primary_long,B,1.7453292519943295,0.5555555555555556,1859,-21.385781497988113,-0.03541281729793988,0.9178196637828738,0.9178805494200981,0.0
pp_primary_long,B,1.7453292519943295,0.5555555555555556,1860,-21.350108377233997,-0.011726661012073675,0.9172543831899092,0.917875098600504,0.8431031905546902
pp_primary_long,B,1.7453292519943295,0.5555555555555556,1861,-20.80485360824517,0.5621410719387743,0.9178194142671748,0.9178805128718805,0.0
pp_primary_long,B,1.7453292519943295,0.5555555555555556,1862,-21.30353028092069,0.02286979836588031,0.9172520464092052,0.9178746481796755,0.8430974614945499
pp_primary_long,B,1.7453292519943295,0.5555555555555556,1863,-20.533902209514952,0.8529877249159188,0.9178192976917905,0.9178804892982716,0.0
pp_primary_long,B,1.7453292519943295,0.5555555555555556,1864,-21.316672062678222,0.027763962214434515,0.9172520247191964,0.9178747047784533,0.843095207479747
pp_primary_long,B,1.7453292519943295,0.5555555555555556,1865,-20.72388843611551,0.6877363233783703,0.9178185265238344,0.9178803757655483,0.0
pp_primary_long,B,1.7453292519943295,0.5555555555555556,1866,-21.394593808402746,0.00044165033882302696,0.9172529745746755,0.9178748559428381,0.8430986124317222
pp_primary_long,B,1.7453292519943295,0.5555555555555556,1867,-21.28904701144927,0.1512635902872725,0.9178195188545225,0.9178805309729594,0.0
pp_primary_long,B,1.7453292519943295,0.5555555555555556,1868,-21.509061195680196,-0.04505798297320811,0.9172527369890371,0.9178748311343902,0.8430971279343266
pp_primary_long,B,1.7453292519943295,0.5555555555555556,1869,-21.950869582413823,-0.48085777245102684,0.9178202884550947,0.9178806420253093,0.0
pp_primary_long,B,1.7453292519943295,0.5555555555555556,1870,-21.613067309080414,-0.08535624026370049,0.9172566259889665,0.9178754259389875,0.8431123057763122
pp_primary_long,B,1.7453292519943295,0.5555555555555556,1871,-22.38121445332742,-0.8839360213165316,0.9178204195355925,0.9178806600396078,0.0
pp_primary_long,B,1.7453292519943295,0.5555555555555556,1872,-21.665023122174382,-0.09976389591635353,0.9172569014606847,0.9178755093063601,0.8431119198505305
pp_primary_long,B,1.7453292519943295,0.5555555555555556,1873,-22.370814888469837,-0.8509085359701585,0.9178213632836857,0.9178808024083986,0.0
pp_primary_long,B,1.7453292519943295,0.5555555555555556,1874,-21.65003545694331,-0.08087680750439083,0.9172560564387682,0.9178753786969647,0.8431088757552118
pp_primary_long,B,1.7453292519943295,0.5555555555555556,1875,-21.936848049500277,-0.39874326437640445,0.9178207061408696,0.9178807170657208,0.0
pp_primary_long,B,1.7453292519943295,0.5555555555555556,1876,-21.587610828143696,-0.03839655784673446,0.9172564228675627,0.9178754721615979,0.8431088367826549
pp_primary_long,B,1.7453292519943295,0.5555555555555556,1877,-21.314006208222253,0.2402941976672721,0.9178200527563143,0.917880613464904,0.0
pp_primary_long,B,1.7453292519943295,0.5555555555555556,1878,-21.521633132343855,0.005851803346516721,0.9172544616351701,0.917875086004651,0.843104335298464
pp_primary_long,B,1.7453292519943295,0.5555555555555556,1879,-20.83405760599377,0.7379419505438631,0.9178200424235449,0.9178806089058675,0.0
pp_primary_long,B,1.7453292519943295,0.5555555555555556,1880,-21.497760328966166,0.02915512605541397,0.917252676430693,0.9178747836290637,0.8430986369891958
pp_primary_long,B,1.7453292519943295,0.5555555555555556,1881,-20.755327959748662,0.8385830083379574,0.9178190425376054,0.917880441654128,0.0
pp_primary_long,B,1.7453292519943295,0.5555555555555556,1882,-21.540115233244208,0.019521598244323216,0.9172530267378516,0.9178748557744254,0.8430992631644152
pp_primary_long,B,1.7453292519943295,0.5555555555555556,1883,-21.130071073562743,0.4905191627273451,0.9178186385336956,0.9178803997635273,0.0
pp_primary_long,B,1.7453292519943295,0.5555555555555556,1884,-21.638721929145294,-0.01808939992507584,0.9172512816652482,0.9178745833842358,0.8430924187116526
pp_primary_long,B,1.7453292519943295,0.5555555555555556,1885,-21.777597721291162,-0.12745486729158317,0.9178195091109755,0.9178805289270139,0.0
pp_primary_long,B,1.7453292519943295,0.5555555555555556,1886,-21.75474034420369,-0.06436127100888099,0.9172528773856237,0.9178748408966821,0.8430981054075353
pp_primary_long,B,1.7453292519943295,0.5555555555555556,1887,-22.377104800929164,-0.6979142043393883,0.9178194205628526,0.9178805133981478,0.0
pp_primary_long,B,1.7453292519943295,0.5555555555555556,1888,-21.840364341250364,-0.09551596804862839,0.9172559001648017,0.9178753149356357,0.8431095202258764
pp_primary_long,B,1.7453292519943295,0.5555555555555556,1889,-22.63243861622042,-0.927831587622662,0.9178205849060151,0.9178806737155325,0.0
pp_primary_long,B,1.7453292519943295,0.5555555555555556,1890,-21.863447556144425,-0.09556389834443654,0.9172555424490506,0.9178752728333681,0.843107737447375
pp_primary_long,B,1.7453292519943295,0.5555555555555556,1891,-22.424261856593006,-0.6990970226337965,0.9178211514063456,0.9178807763590894,0.0
pp_primary_long,B,1.7453292519943295,0.5555555555555556,1892,-21.82390502628158,-0.06446627090271032,0.9172570266097899,0.9178755416117595,0.8431119699337855
pp_primary_long,B,1.7453292519943295,0.5555555555555556,1893,-21.87131000823192,-0.12920485859369524,0.9178205644170871,0.917880693395175,0.0
pp_primary_long,B,1.7453292519943295,0.5555555555555556,1894,-21.75390992323239,-0.018218641227907464,0.9172566478971381,0.9178755066715062,0.8431095637525297
pp_primary_long,B,1.7453292519943295,0.5555555555555556,1895,-21.2694174223397,0.48910465550790505,0.9178207039300951,0.9178807171147572,0.0
pp_primary_long,B,1.7453292519943295,0.5555555555555556,1896,-21.70116209019887,0.019448299680703454,0.9172546504165532,0.9178751174951133,0.8431051203124174
pp_primary_long,B,1.7453292519943295,0.5555555555555556,1897,-20.939583492280434,0.8382207425714088,0.9178202543430735,0.917880628834823,0.0
pp_primary_long,B,1.7453292519943295,0.5555555555555556,1898,-21.704594725596436,0.029172519570963423,0.9172543745311875,0.9178750833019026,0.8431038267460559
pp_primary_long,B,1.7453292519943295,0.5555555555555556,1899,-21.063020274609876,0.7388173689790809,0.9178190237239986,0.9178804474904325,0.0
pp_primary_long,B,1.7453292519943295,0.5555555555555556,1900,-21.774251646936055,0.005960011067957738,0.9172528687110039,0.9178748120550165,0.8430992491673838
pp_primary_long,B,1.7453292519943295,0.5555555555555556,1901,-21.588145879255286,0.24195662181597988,0.9178192099505255,0.9178804867723711,0.0
pp_primary_long,B,1.7453292519943295,0.5555555555555556,1902,-21.88616479287511,-0.03826942854804976,0.9172507235916044,0.9178745056932932,0.8430899741009559
pp_primary_long,B,1.7453292519943295,0.5555555555555556,1903,-22.257014644911592,-0.3971339016831356,0.9178189207989509,0.9178804411852928,0.0
pp_primary_long,B,1.7453292519943295,0.5555555555555556,1904,-21.994637612005405,-0.08078818264863728,0.9172534643022086,0.9178749251582364,0.8431007262039891
pp_primary_long,B,1.7453292519943295,0.5555555555555556,1905,-22.737863959361317,-0.8501876199986881,0.9178191565897055,0.9178804652720303,0.0
pp_primary_long,B,1.7453292519943295,0.5555555555555556,1906,-22.055771414353366,-0.09976129947816298,0.9172538798943018,0.9178749940580673,0.8431020987424139
pp_primary_long,B,1.7453292519943295,0.5555555555555556,1907,-22.795490546806988,-0.8844766709602963,0.917820573470076,0.9178806757376406,0.0
pp_primary_long,B,1.7453292519943295,0.5555555555555556,1908,-22.049946095597306,-0.08543421476287727,0.9172553858397215,0.9178752210788507,0.8431080772645406
pp_primary_long,B,1.7453292519943295,0.5555555555555556,1909,-22.412122287915224,-0.48238778041882674,0.9178205296871873,0.9178806834873304,0.0
pp_primary_long,B,1.7453292519943295,0.5555555555555556,1910,-21.99199102851204,-0.04517756479641681,0.9172571750839202,0.9178755856523999,0.8431116078613776
pp_primary_long,B,1.7453292519943295,0.5555555555555556,1911,-21.79645914455618,0.14954432629197106,0.9178207555966669,0.917880720674931,0.0
pp_primary_long,B,1.7453292519943295,0.5555555555555556,1912,-21.923484342357565,0.0003296282656302246,0.9172561452858788,0.9178753989942082,0.8431088421194295
pp_primary_long,B,1.7453292519943295,0.5555555555555556,1913,-21.276586090581475,0.6867069330044463,0.9178211072295669,0.9178807727707566,0.0
pp_primary_long,B,1.7453292519943295,0.5555555555555556,1914,-21.891384547987204,0.0277264845214288,0.917255684043981,0.9178753188409184,0.8431075845797308
pp_primary_long,B,1.7453292519943295,0.5555555555555556,1915,-21.131332913389038,0.8531771412910946,0.9178201604715445,0.9178806148085572,0.0
pp_primary_long,B,1.7453292519943295,0.5555555555555556,1916,-21.924023699797495,0.022925650200071188,0.9172556891495557,0.9178752791650898,0.8431089866131539
pp_primary_long,B,1.7453292519943295,0.5555555555555556,1917,-21.447130175264892,0.5634401674037899,0.9178196455320456,0.9178805504576129,0.0
pp_primary_long,B,1.7453292519943295,0.5555555555555556,1918,-22.016424809987182,-0.011599247617752564,0.9172522272894692,0.9178747237995835,0.8430963612883392
pp_primary_long,B,1.7453292519943295,0.5555555555555556,1919,-22.073562876332176,-0.03366178856033042,0.9178194255452141,0.9178805130409121,0.0
pp_primary_long,B,1.7453292519943295,0.5555555555555556,1920,-22.132951091782196,-0.058122757377922434,0.9172520085521664,0.9178747101578448,0.8430948726094387
pp_primary_long,B,1.7453292519943295,0.5555555555555556,1921,-22.700665307540252,-0.6314233369494805,0.9178184402783984,0.9178803682131292,0.0
pp_primary_long,B,1.7453292519943295,0.5555555555555556,1922,-22.225537018042417,-0.0927389262906255,0.9172526842947307,0.917874809068814,0.8430975764715449
pp_primary_long,B,1.7453292519943295,0.5555555555555556,1923,-23.01810935225788,-0.9227958661789771,0.9178194084843829,0.9178805012558675,0.0
pp_primary_long,B,1.7453292519943295,0.5555555555555556,1924,-22.25843562802828,-0.09767028654309635,0.9172526058199055,0.917874764183683,0.8430983680302518
pp_primary_long,B,1.7453292519943295,0.5555555555555556,1925,-22.87465678473747,-0.75810990808358,0.9178199839357972,0.917880595142137,0.0
pp_primary_long,B,1.7453292519943295,0.5555555555555556,1926,-22.22652778521809,-0.07037174302806357,0.9172555689284269,0.9178752594352276,0.8431083438231911
pp_primary_long,B,1.7453292519943295,0.5555555555555556,1927,-22.35578655336126,-0.22195539248441604,0.9178201228350982,0.9178806127624506,0.0
pp_primary_long,B,1.7453292519943295,0.5555555555555556,1928,-22.158072355274065,-0.024890693779118123,0.9172561608524836,0.9178754084793512,0.8431085212539632
pp_primary_long,B,1.7453292519943295,0.5555555555555556,1929,-21.73983541248916,0.410264465026941,0.9178210066702842,0.9178807595516204,0.0
pp_primary_long,B,1.7453292519943295,0.5555555555555556,1930,-22.099980360818847,0.015434299050474137,0.9172558586593701,0.9178753525340302,0.8431078651149772
pp_primary_long,B,1.7453292519943295,0.5555555555555556,1931,-21.355016913860915,0.8137938301269978,0.9178209726753742,0.9178807466632667,0.0
pp_primary_long,B,1.7453292519943295,0.5555555555555556,1932,-22.093930012020728,0.02987627342825938,0.9172571096301968,0.9178755590280794,0.8431121419544152
pp_primary_long,B,1.7453292519943295,0.5555555555555556,1933,-21.410791417193636,0.7813467715226833,0.9178203327698224,0.9178806523091665,0.0
pp_primary_long,B,1.7453292519943295,0.5555555555555556,1934,-22.154815669071297,0.011026695483316862,0.9172556135667476,0.9178752574156719,0.8431089964884364
pp_primary_long,B,1.7453292519943295,0.5555555555555556,1935,-21.890331238415257,0.3295923578088031,0.9178204202844505,0.917880659632965,0.0
pp_primary_long,B,1.7453292519943295,0.5555555555555556,1936,-22.263187625184102,-0.03144107167528071,0.9172529806267771,0.9178748672186092,0.8430984172708778
pp_primary_long,B,1.7453292519943295,0.5555555555555556,1937,-22.559108424598666,-0.3094071716032856,0.9178191664757803,0.9178804741041008,0.0
pp_primary_long,B,1.7453292519943295,0.5555555555555556,1938,-22.375181246170587,-0.07570981875511702,0.9172532432638181,0.9178749061825384,0.8430994535890485
pp_primary_long,B,1.7453292519943295,0.5555555555555556,1939,-23.085406190778397,-0.8074263424876651,0.9178187199926182,0.9178804095914884,0.0
pp_primary_long,B,1.7453292519943295,0.5555555555555556,1940,-22.44508780845844,-0.09904562631803612,0.9172512979938735,0.9178745883798755,0.8430923898150382
pp_primary_long,B,1.7453292519943295,0.5555555555555556,1941,-23.21068053438976,-0.9086456065862238,0.9178194128717322,0.9178805100517687,0.0
pp_primary_long,B,1.7453292519943295,0.5555555555555556,1942,-22.448764029917847,-0.08944495580900164,0.9172528254555241,0.9178747838892952,0.8430997761361139
pp_primary_long,B,1.7453292519943295,0.5555555555555556,1943,-22.882404246186194,-0.5610784023039208,0.9178192817856375,0.9178804822764969,0.0
pp_primary_long,B,1.7453292519943295,0.5555555555555556,1944,-22.396166336311015,-0.05185381552249065,0.9172548593504319,0.9178751616986451,0.8431052311756027
pp_primary_long,B,1.7453292519943295,0.5555555555555556,1945,-22.280982068167425,0.056750442593377526,0.9178200940866972,0.9178806061342063,0.0
pp_primary_long,B,1.7453292519943295,0.5555555555555556,1946,-22.326114526143666,-0.005580324504261422,0.9172548253010016,0.9178751593011258,0.8431050234434518
pp_primary_long,B,1.7453292519943295,0.5555555555555556,1947,-21.727183998585318,0.6274804270973275,0.9178208670759364,0.9178807378558878,0.0
pp_primary_long,B,1.7453292519943295,0.5555555555555556,1948,-22.28638385916126,0.025611652981268954,0.9172562325426648,0.9178754352469172,0.8431082238358532
pp_primary_long,B,1.7453292519943295,0.5555555555555556,1949,-21.5172604349341,0.857944883010998,0.9178206091955525,0.9178806950649285,0.0
pp_primary_long,B,1.7453292519943295,0.5555555555555556,1950,-22.30920803196634,0.02569355798168943,0.9172575224801888,0.9178756023778888,0.8431143831975236
pp_primary_long,B,1.7453292519943295,0.5555555555555556,1951,-21.770865841477487,0.6297501571888866,0.9178209411186057,0.9178807432185835,0.0
pp_primary_long,B,1.7453292519943295,0.5555555555555556,1952,-22.394642267358037,-0.00536567676303594,0.917255270167801,0.9178752255604823,0.8431069996749765
pp_primary_long,B,1.7453292519943295,0.5555555555555556,1953,-22.369529351754036,0.06012446179023201,0.917820615496338,0.9178806818637408,0.0
pp_primary_long,B,1.7453292519943295,0.5555555555555556,1954,-22.510633883330726,-0.05162306583293651,0.9172550314016157,0.917875194782248,0.8431059390090926
pp_primary_long,B,1.7453292519943295,0.5555555555555556,1955,-23.01755138313564,-0.5583355887967993,0.9178191958504003,0.9178804847355093,0.0
pp_primary_long,B,1.7453292519943295,0.5555555555555556,1956,-22.609409578487718,-0.08931692618582167,0.9172530225891505,0.9178748835744128,0.8430980258609921
pp_primary_long,B,1.7453292519943295,0.5555555555555556,1957,-23.39385712096365,-0.9079426337492209,0.9178193586984289,0.9178805075574741,0.0
pp_primary_long,B,1.7453292519943295,0.5555555555555556,1958,-22.652035057539702,-0.09908508230591648,0.9172512623459051,0.917874567575208,0.8430928785380873
pp_primary_long,B,1.7453292519943295,0.5555555555555556,1959,-23.316974894005504,-0.8091214060670644,0.9178189810405911,0.9178804458501334,0.0
pp_primary_long,B,1.7453292519943295,0.5555555555555556,1960,-22.628393273522803,-0.07589692867156947,0.9172532420902098,0.9178748727132828,0.8431005835887323
pp_primary_long,B,1.7453292519943295,0.5555555555555556,1961,-22.838184459130577,-0.31263407476158955,0.9178190516831901,0.9178804386282198,0.0
pp_primary_long,B,1.7453292519943295,0.5555555555555556,1962,-22.562482185308326,-0.031683242943323434,0.9172534225050133,0.9178749072072696,0.8431009361396433
pp_primary_long,B,1.7453292519943295,0.5555555555555556,1963,-22.215243714623288,0.3264945148527278,0.917820066436653,0.9178806096538238,0.0
pp_primary_long,B,1.7453292519943295,0.5555555555555556,1964,-22.499919340599448,0.010862821387981267,0.9172540996988515,0.9178750406167238,0.8431023917367362
pp_primary_long,B,1.7453292519943295,0.5555555555555556,1965,-21.77994536190403,0.7799678450282582,0.917820275304586,0.9178806443271011,0.0
pp_primary_long,B,1.7453292519943295,0.5555555555555556,1966,-22.48469468022643,0.029868024539268456,0.9172565626267061,0.9178754848571059,0.8431094550691948
pp_primary_long,B,1.7453292519943295,0.5555555555555556,1967,-21.76768440158594,0.8148435616640012,0.9178205585859112,0.917880690724545,0.0
pp_primary_long,B,1.7453292519943295,0.5555555555555556,1968,-22.53639521115162,0.015587619155875726,0.917256532672671,0.9178754356370293,0.8431111639237597
pp_primary_long,B,1.7453292519943295,0.5555555555555556,1969,-22.196579516087642,0.41320406598346976,0.9178213732823829,0.9178807975547103,0.0
pp_primary_long,B,1.7453292519943295,0.5555555555555556,1970,-22.640282598953682,-0.024649729854384766,0.9172562091033402,0.917875390684568,0.8431098847379231
pp_primary_long,B,1.7453292519943295,0.5555555555555556,1971,-22.858119689102754,-0.2186356557881191,0.9178203790554122,0.9178806539644716,0.0
pp_primary_long,B,1.7453292519943295,0.5555555555555556,1972,-22.754801139984558,-0.07017439036825862,0.9172562445964321,0.917875387002305,0.8431102513070206
pp_primary_long,B,1.7453292519943295,0.5555555555555556,1973,-23.424302209328175,-0.7561193230205397,0.9178198900848279,0.9178805893317388,0.0
pp_primary_long,B,1.7453292519943295,0.5555555555555556,1974,-22.832958602837728,-0.0976128324619148,0.9172526051838064,0.9178748241733653,0.8430962270757218
pp_primary_long,B,1.7453292519943295,0.5555555555555556,1975,-23.616099591150657,-0.9231523656763141,0.9178195889144213,0.917880544194098,0.0
pp_primary_long,B,1.7453292519943295,0.5555555555555556,1976,-22.84637282530333,-0.09285341041740994,0.9172526105596861,0.9178747869701378,0.8430978192114149
pp_primary_long,B,1.7453292519943295,0.5555555555555556,1977,-23.346809356622263,-0.6339469933832422,0.9178187078888704,0.9178803965966088,0.0
pp_primary_long,B,1.7453292519943295,0.5555555555555556,1978,-22.799991254136984,-0.05835316717452482,0.9172528254008816,0.9178748198066169,0.8430985449594035
pp_primary_long,B,1.7453292519943295,0.5555555555555556,1979,-22.76654432940812,-0.03705537267592113,0.9178192419876451,0.9178804747753715,0.0
pp_primary_long,B,1.7453292519943295,0.5555555555555556,1980,-22.729422227975622,-0.011825032318222128,0.9172523315325769,0.9178747009469322,0.8430980937921086
pp_primary_long,B,1.7453292519943295,0.5555555555555556,1981,-22.185202865925103,0.5609200466918938,0.9178196897346502,0.9178805523192226,0.0
pp_primary_long,B,1.7453292519943295,0.5555555555555556,1982,-22.68273630603137,0.022824898078021724,0.9172540917283261,0.9178750597770742,0.8431015766491337
pp_primary_long,B,1.7453292519943295,0.5555555555555556,1983,-21.91317972162816,0.852823882856999,0.9178196931181184,0.9178805541860905,0.0
pp_primary_long,B,1.7453292519943295,0.5555555555555556,1984,-22.695735163822903,0.027793632271975358,0.9172557357530342,0.9178753228726412,0.843107616448147
pp_primary_long,B,1.7453292519943295,0.5555555555555556,1985,-22.102032490061347,0.6887037874765005,0.9178208032124453,0.9178807228888324,0.0
pp_primary_long,B,1.7453292519943295,0.5555555555555556,1986,-22.773514306287005,0.0005416980767569274,0.9172556319528696,0.9178753063350122,0.8431073412684427
pp_primary_long,B,1.7453292519943295,0.5555555555555556,1987,-22.666549474080277,0.15286733537294162,0.9178211035979473,0.917880757537406,0.0
pp_primary_long,B,1.7453292519943295,0.5555555555555556,1988,-22.887940916516424,-0.044937841558511715,0.9172577064079255,0.9178756179725751,0.843115635334849
pp_primary_long,B,1.7453292519943295,0.5555555555555556,1989,-23.32857099976784,-0.47944841836056046,0.9178204850622842,0.9178806752835997,0.0
pp_primary_long,B,1.7453292519943295,0.5555555555555556,1990,-22.992054332817037,-0.0852863814425652,0.9172558259926155,0.917875334838106,0.8431080989782022
pp_primary_long,B,1.7453292519943295,0.5555555555555556,1991,-23.75983067426884,-0.8834305439009749,0.9178206104225621,0.9178806930416276,0.0
pp_primary_long,B,1.7453292519943295,0.5555555555555556,1992,-23.044184686439728,-0.09978069610247256,0.9172536214898429,0.9178749811286748,0.8431003016882583
pp_primary_long,B,1.7453292519943295,0.5555555555555556,1993,-23.75063024221299,-0.8515707107870417,0.9178194442733177,0.9178805213179702,0.0
pp_primary_long,B,1.7453292519943295,0.5555555555555556,1994,-23.029343975696523,-0.08096750297359118,0.9172536971125237,0.9178749893581882,0.8431006959937996
pp_primary_long,B,1.7453292519943295,0.5555555555555556,1995,-23.317481808572253,-0.4002387628294524,0.917819010769824,0.9178804428426658,0.0
pp_primary_long,B,1.7453292519943295,0.5555555555555556,1996,-22.96698425016569,-0.038520114744165695,0.9172521282361512,0.9178746842752651,0.8430968166150783
pp_primary_long,B,1.7453292519943295,0.5555555555555556,1997,-22.694705273081514,0.23872841473386325,0.9178193769516078,0.9178805035461663,0.0
pp_primary_long,B,1.7453292519943295,0.5555555555555556,1998,-22.90090290248554,0.0057746154062794375,0.9172522526302297,0.9178747018550099,0.8430973490465163
pp_primary_long,B,1.7453292519943295,0.5555555555555556,1999,-22.21399933386254,0.7371204332638379,0.9178190987252862,0.9178804535688251,0.0
pp_primary_long,B,1.7453292519943295,0.5555555555555556,2000,-22.876910543658134,0.029139812852944577,0.9172539421439072,0.917875027007473,0.8431014468133677
pp_primary_long,B,1.7453292519943295,0.5555555555555556,2001,-22.134090829046986,0.8389278254398264,0.9178195673423433,0.9178805374697049,0.0
pp_primary_long,B,1.7453292519943295,0.5555555555555556,2002,-22.919097075733966,0.019590417482781994,0.9172539896194236,0.9178750315953528,0.8431017107187508
pp_primary_long,B,1.7453292519943295,0.5555555555555556,2003,-22.507842978692416,0.4918541091452403,0.9178207160768119,0.9178807052816983,0.0
pp_primary_long,B,1.7453292519943295,0.5555555555555556,2004,-23.017607931622265,-0.01797330938283255,0.9172559834987902,0.9178753617061614,0.8431085360353031
pp_primary_long,B,1.7453292519943295,0.5555555555555556,2005,-23.155070610767794,-0.125824141059106,0.9178205469900412,0.9178806816399925,0.0
pp_primary_long,B,1.7453292519943295,0.5555555555555556,2006,-23.133636965256805,-0.06424940827846545,0.9172577549930993,0.9178756211008541,0.8431158948232598
pp_primary_long,B,1.7453292519943295,0.5555555555555556,2007,-23.755120278918316,-0.6968246632940445,0.9178210522345739,0.9178807523377673,0.0
pp_primary_long,B,1.7453292519943295,0.5555555555555556,2008,-23.219417598206938,-0.09547957402252796,0.917255452933787,0.9178752801060572,0.8431066613065029
pp_primary_long,B,1.7453292519943295,0.5555555555555556,2009,-24.011572754957477,-0.9278314869263168,0.9178207120217542,0.9178807093734966,0.0
pp_primary_long,B,1.7453292519943295,0.5555555555555556,2010,-23.242666771399286,-0.09561069598383398,0.9172554183038044,0.9178752764028154,0.8431065533590257
pp_primary_long,B,1.7453292519943295,0.5555555555555556,2011,-23.804508386312946,-0.7001906018948608,0.9178195625148352,0.9178805375635114,0.0
pp_primary_long,B,1.7453292519943295,0.5555555555555556,2012,-23.203284008489703,-0.06458943842171985,0.9172538005047417,0.9178750155497323,0.8431005610134511
pp_primary_long,B,1.7453292519943295,0.5555555555555556,2013,-23.252083455545215,-0.13083536876309027,0.9178195922280411,0.9178805398935422,0.0
pp_primary_long,B,1.7453292519943295,0.5555555555555556,2014,-23.13326034906704,-0.018331978991278267,0.9172521883169736,0.9178746816176689,0.8430975599440871
pp_primary_long,B,1.7453292519943295,0.5555555555555556,2015,-22.64989142006846,0.48777033535029113,0.9178192174735619,0.9178804718026898,0.0
pp_primary_long,B,1.7453292519943295,0.5555555555555556,2016,-23.080397579604373,0.01939009669432129,0.9172528607252413,0.9178748268340163,0.8430986469320855
pp_primary_long,B,1.7453292519943295,0.5555555555555556,2017,-22.319039259366846,0.8378755834222826,0.917818795600691,0.9178804079571623,0.0
pp_primary_long,B,1.7453292519943295,0.5555555555555556,2018,-23.083667070308607,0.029196300191579733,0.917252882972263,0.9178748265219115,0.8430987524207121
pp_primary_long,B,1.7453292519943295,0.5555555555555556,2019,-22.44130540705125,0.7396402172173612,0.917819692927768,0.9178805571725872,0.0
pp_primary_long,B,1.7453292519943295,0.5555555555555556,2020,-23.153177763034492,0.006055700605511041,0.9172529676973578,0.9178748775493557,0.8430975601082231
pp_primary_long,B,1.7453292519943295,0.5555555555555556,2021,-22.96567717161733,0.24352786201172266,0.9178200311025477,0.9178806042614366,0.0
pp_primary_long,B,1.7453292519943295,0.5555555555555556,2022,-23.265033855082187,-0.038145207250518495,0.917256432255913,0.9178754146537192,0.8431108324232703
pp_primary_long,B,1.7453292519943295,0.5555555555555556,2023,-23.634616531468886,-0.395636478703509,0.9178204389014214,0.9178806618278719,0.0
pp_primary_long,B,1.7453292519943295,0.5555555555555556,2024,-23.373583578410113,-0.0807005763919185,0.9172563318064576,0.9178754030358915,0.8431104073980846
pp_primary_long,B,1.7453292519943295,0.5555555555555556,2025,-24.116305713509412,-0.8495229157981048,0.9178213432210613,0.9178807914239346,0.0
pp_primary_long,B,1.7453292519943295,0.5555555555555556,2026,-23.434875745659593,-0.09975285647264968,0.9172563493442479,0.9178754107689586,0.843110412183217
pp_primary_long,B,1.7453292519943295,0.5555555555555556,2027,-24.17514101631111,-0.8849842763062917,0.9178204746549664,0.9178806772503765,0.0
pp_primary_long,B,1.7453292519943295,0.5555555555555556,2028,-23.429241461172683,-0.08551766831084015,0.9172562735291927,0.9178754362826732,0.8431086229722679
pp_primary_long,B,1.7453292519943295,0.5555555555555556,2029,-23.792684150578395,-0.48380367835173055,0.9178201424870126,0.9178806266532067,0.0
pp_primary_long,B,1.7453292519943295,0.5555555555555556,2030,-23.37139127249337,-0.04531134094468303,0.9172537849360721,0.9178749947802219,0.8431012028774958
pp_primary_long,B,1.7453292519943295,0.5555555555555556,2031,-23.177221645111892,0.14793763486964084,0.9178199381907742,0.9178805923972226,0.0
pp_primary_long,B,1.7453292519943295,0.5555555555555556,2032,-23.30280407251606,0.0002313830357081048,0.9172532222747981,0.9178748785992332,0.8431002880154145
pp_primary_long,B,1.7453292519943295,0.5555555555555556,2033,-22.65668996286928,0.6857349686596712,0.9178190280399771,0.9178804360827794,0.0
pp_primary_long,B,1.7453292519943295,0.5555555555555556,2034,-23.270569669832845,0.027695496319447746,0.9172531899006492,0.9178748685102255,0.8431002408316903
pp_primary_long,B,1.7453292519943295,0.5555555555555556,2035,-22.51028157738136,0.8533393675230344,0.9178190311624934,0.917880452757539,0.0
pp_primary_long,B,1.7453292519943295,0.5555555555555556,2036,-23.303020136736635,0.022986686277977106,0.9172515924820541,0.917874616221978,0.8430941352682603
pp_primary_long,B,1.7453292519943295,0.5555555555555556,2037,-22.82501167642941,0.5646648833740268,0.9178194733633402,0.9178805203623889,0.0
pp_primary_long,B,1.7453292519943295,0.5555555555555556,2038,-23.395317061657742,-0.011486525262577874,0.9172533087320148,0.9178749290725632,0.8430989431113176
pp_primary_long,B,1.7453292519943295,0.5555555555555556,2039,-23.45101432289492,-0.03201211379211838,0.9178193645632314,0.91788050518559,0.0
pp_primary_long,B,1.7453292519943295,0.5555555555555556,2040,-23.511834497990122,-0.058005148754304674,0.9172553462581887,0.9178752352228701,0.8431071444939133
pp_primary_long,B,1.7453292519943295,0.5555555555555556,2041,-24.078538419733256,-0.6302012493720177,0.9178206721151123,0.9178806882618707,0.0
pp_primary_long,B,1.7453292519943295,0.5555555555555556,2042,-23.604538297413296,-0.09268021507745305,0.9172554108871588,0.9178752471819613,0.843107374062444
pp_primary_long,B,1.7453292519943295,0.5555555555555556,2043,-24.397055410752152,-0.9226248424027226,0.9178209482572544,0.9178807388863607,0.0
pp_primary_long,B,1.7453292519943295,0.5555555555555556,2044,-23.637598527270484,-0.09769230625977518,0.9172573742563483,0.9178755763130985,0.8431139345220666
pp_primary_long,B,1.7453292519943295,0.5555555555555556,2045,-24.25475683661484,-0.7590737384618892,0.9178205343764798,0.9178806832440807,0.0
pp_primary_long,B,1.7453292519943295,0.5555555555555556,2046,-23.605888186452027,-0.07048615993016047,0.9172559655052082,0.9178753889580858,0.8431073738067137
pp_primary_long,B,1.7453292519943295,0.5555555555555556,2047,-23.736537552950587,-0.22355613706302935,0.9178207146384515,0.91788071521571,0.0
pp_primary_long,B,1.7453292519943295,0.5555555555555556,2048,-23.537450475502766,-0.025015615861934945,0.9172545115519217,0.9178751116809093,0.8431039616061528
pp_primary_long,B,1.7453292519943295,0.5555555555555556,2049,-23.120416181158305,0.4088410997520597,0.9178199564804114,0.9178805870430784,0.0
pp_primary_long,B,1.7453292519943295,0.5555555555555556,2050,-23.479272052943617,0.015351936214820033,0.9172545114308956,0.9178751107872385,0.8431039772566598
pp_primary_long,B,1.7453292519943295,0.5555555555555556,2051,-22.734659670440866,0.813275559735369,0.9178192365530025,0.9178804764730799,0.0
pp_primary_long,B,1.7453292519943295,0.5555555555555556,2052,-23.47303757734077,0.029884197054992734,0.9172527960358527,0.9178747829381747,0.8430995623626931
pp_primary_long,B,1.7453292519943295,0.5555555555555556,2053,-22.78924858891791,0.7820035780982226,0.917819408864626,0.917880509337297,0.0
pp_primary_long,B,1.7453292519943295,0.5555555555555556,2054,-23.5337605217545,0.01111372713832337,0.9172515473522715,0.9178746291623217,0.843093285779892
pp_primary_long,B,1.7453292519943295,0.5555555555555556,2055,-23.26793110146237,0.3310970803973027,0.9178188804053531,0.9178804290070246,0.0
pp_primary_long,B,1.7453292519943295,0.5555555555555556,2056,-23.64206355732813,-0.031319450881592284,0.9172535240727083,0.917874947696902,0.8431004114464462
pp_primary_long,B,1.7453292519943295,0.5555555555555556,2057,-23.936640265781957,-0.30783900323674795,0.9178193182228127,0.9178804943440653,0.0
pp_primary_long,B,1.7453292519943295,0.5555555555555556,2058,-23.75411070375012,-0.07561475358583944,0.9172534299001975,0.9178749309262846,0.8431000649432825
pp_primary_long,B,1.7453292519943295,0.5555555555555556,2059,-24.463678560691996,-0.8065982598048925,0.9178205084490154,0.9178806664358535,0.0
pp_primary_long,B,1.7453292519943295,0.5555555555555556,2060,-23.824139100569425,-0.09901398991138782,0.9172557414049265,0.9178752797010162,0.8431092514974812
pp_primary_long,B,1.7453292519943295,0.5555555555555556,2061,-24.590143716062336,-0.9089873153078808,0.9178203844599233,0.9178806550676152,0.0
pp_primary_long,B,1.7453292519943295,0.5555555555555556,2062,-23.828006794518366,-0.0895054507436435,0.9172570458954298,0.9178755391526243,0.8431120922725713
pp_primary_long,B,1.7453292519943295,0.5555555555555556,2063,-24.262857525564037,-0.5624030950375914,0.9178208970845765,0.9178807334875799,0.0
pp_primary_long,B,1.7453292519943295,0.5555555555555556,2064,-23.77554106058541,-0.05197704162252288,0.9172556541033365,0.9178753176236062,0.8431071434795829
pp_primary_long,B,1.7453292519943295,0.5555555555555556,2065,-23.661770301027616,0.05512144211779374,0.9178208449874263,0.9178807333210024,0.0
pp_primary_long,B,1.7453292519943295,0.5555555555555556,2066,-23.705467536171966,-0.005693380747194193,0.9172557711457461,0.9178753441024572,0.84310735794419
pp_primary_long,B,1.7453292519943295,0.5555555555555556,2067,-23.107429545104072,0.6263800468542435,0.9178199966245556,0.9178805937746761,0.0
pp_primary_long,B,1.7453292519943295,0.5555555555555556,2068,-23.6656205168289,0.025558066566024593,0.9172551362249504,0.9178751959214407,0.8431066687040406
pp_primary_long,B,1.7453292519943295,0.5555555555555556,2069,-22.89640149431144,0.857929326368415,0.9178198554753456,0.9178805774542208,0.0
pp_primary_long,B,1.7453292519943295,0.5555555555555556,2070,-23.688239811647772,0.02573882571637734,0.9172525819593021,0.9178747636763392,0.8430982827742988
pp_primary_long,B,1.7453292519943295,0.5555555555555556,2071,-23.14888867592361,0.6308397795871155,0.9178194019796734,0.9178804998428439,0.0
pp_primary_long,B,1.7453292519943295,0.5555555555555556,2072,-23.77355211122419,-0.0052602164705113225,0.9172527300426178,0.9178748212189252,0.8430976116189649
pp_primary_long,B,1.7453292519943295,0.5555555555555556,2073,-23.74700150292925,0.06175828156346391,0.9178186050114647,0.917880390395425,0.0
pp_primary_long,B,1.7453292519943295,0.5555555555555556,2074,-23.889524573819102,-0.05150763301572715,0.9172524288871423,0.9178747695967033,0.8430965037795211
pp_primary_long,B,1.7453292519943295,0.5555555555555556,2075,-24.39531402177779,-0.5569970826482321,0.9178195486378683,0.917880527489759,0.0
pp_primary_long,B,1.7453292519943295,0.5555555555555556,2076,-23.98839248356882,-0.08924925746203222,0.9172526795596754,0.9178747974775383,0.843097785885908
pp_primary_long,B,1.7453292519943295,0.5555555555555556,2077,-24.77262058440258,-0.9075933547479524,0.9178198066530094,0.9178805666865861,0.0
pp_primary_long,B,1.7453292519943295,0.5555555555555556,2078,-24.031155135531613,-0.09908775424082414,0.9172558633533935,0.9178753019962159,0.8431095757613654
pp_primary_long,B,1.7453292519943295,0.5555555555555556,2079,-24.696908533582643,-0.8099407288006091,0.9178202365850442,0.9178806233780755,0.0
pp_primary_long,B,1.7453292519943295,0.5555555555555556,2080,-24.007699695049563,-0.07598855130310078,0.9172557599468624,0.9178753233341065,0.8431078432318843
pp_primary_long,B,1.7453292519943295,0.5555555555555556,2081,-24.21887691434684,-0.31419197927267734,0.917821034336816,0.9178807565353594,0.0
pp_primary_long,B,1.7453292519943295,0.5555555555555556,2082,-23.941838091555873,-0.03179999881006536,0.917255992395125,0.9178753690959727,0.8431084591201038
pp_primary_long,B,1.7453292519943295,0.5555555555555556,2083,-23.595893154986744,0.3249990884030783,0.9178206345191131,0.9178806982659367,0.0
pp_primary_long,B,1.7453292519943295,0.5555555555555556,2084,-23.8792438955565,0.010765265592533338,0.91725667541644,0.917875501409249,0.8431100115498371
pp_primary_long,B,1.7453292519943295,0.5555555555555556,2085,-23.159753661003837,0.7792951931326744,0.9178203695040361,0.9178806581650751,0.0
pp_primary_long,B,1.7453292519943295,0.5555555555555556,2086,-23.863846111278413,0.02985613641359877,0.9172550181868184,0.9178751649333696,0.8431067073789946
pp_primary_long,B,1.7453292519943295,0.5555555555555556,2087,-23.146318154732036,0.815335639966257,0.917820368242144,0.91788064704277,0.0
pp_primary_long,B,1.7453292519943295,0.5555555555555556,2088,-23.915371167970793,0.015660947150971008,0.9172536398533249,0.9178749618379706,0.8431011800665817
pp_primary_long,B,1.7453292519943295,0.5555555555555556,2089,-23.574277809960638,0.4146161266189569,0.9178191770465083,0.9178804673681632,0.0
pp_primary_long,B,1.7453292519943295,0.5555555555555556,2090,-24.01917180579014,-0.02453292044589525,0.9172534270421953,0.9178749211726313,0.8431005467010595
pp_primary_long,B,1.7453292519943295,0.5555555555555556,2091,-24.235621326363848,-0.21702997738415425,0.9178190031861698,0.9178804522619318,0.0
pp_primary_long,B,1.7453292519943295,0.5555555555555556,2092,-24.133735315872993,-0.07007974807827996,0.9172512360906333,0.9178745844104362,0.8430918908237806
pp_primary_long,B,1.7453292519943295,0.5555555555555556,2093,-24.802435006751953,-0.7551409844295724,0.9178193609316311,0.9178805025991904,0.0
pp_primary_long,B,1.7453292519943295,0.5555555555555556,2094,-24.211997955889494,-0.09757404819029661,0.9172532263944279,0.9178748726258862,0.8431003014392322
pp_primary_long,B,1.7453292519943295,0.5555555555555556,2095,-24.99538208479914,-0.923317062969816,0.917819241872279,0.9178804761055464,0.0
pp_primary_long,B,1.7453292519943295,0.5555555555555556,2096,-24.225582764358872,-0.09289887933482607,0.9172547053261336,0.9178751274936748,0.8431050035209671
pp_primary_long,B,1.7453292519943295,0.5555555555555556,2097,-24.72713841965691,-0.6351636732809415,0.9178203329397218,0.9178806361646431,0.0
pp_primary_long,B,1.7453292519943295,0.5555555555555556,2098,-24.179314578152553,-0.0584554612396634,0.9172548749625096,0.9178751516984507,0.8431057409285451
pp_primary_long,B,1.7453292519943295,0.5555555555555556,2099,-24.147325246682275,-0.03869450620327186,0.917820684304593,0.9178807058122584,0.0
pp_primary_long,B,1.7453292519943295,0.5555555555555556,2100,-24.108762927354817,-0.011934567910499988,0.9172564788932603,0.9178754679103188,0.8431093071305595
pp_primary_long,B,1.7453292519943295,0.5555555555555556,2101,-23.56555628019947,0.5597045180093532,0.9178204972867207,0.9178806774574595,0.0
pp_primary_long,B,1.7453292519943295,0.5555555555555556,2102,-24.061997979403014,0.022758847874673402,0.9172565862010749,0.9178754654481871,0.8431104684443573
pp_primary_long,B,1.7453292519943295,0.5555555555555556,2103,-23.292492917322683,0.8526448656253944,0.9178209064580137,0.9178807384555081,0.0
pp_primary_long,B,1.7453292519943295,0.5555555555555556,2104,-24.0748040558545,0.027821514094608618,0.9172551777625262,0.9178752135316203,0.84310652871224
pp_primary_long,B,1.7453292519943295,0.5555555555555556,2105,-23.480199582379335,0.6896565794809226,0.9178203914299077,0.9178806446727154,0.0
pp_primary_long,B,1.7453292519943295,0.5555555555555556,2106,-24.152444849682247,0.000638221406047787,0.9172553473697047,0.9178752346886846,0.8431073659766454
pp_primary_long,B,1.7453292519943295,0.5555555555555556,2107,-24.044066679984155,0.15446018513945842,0.9178193849009987,0.9178805072664271,0.0
pp_primary_long,B,1.7453292519943295,0.5555555555555556,2108,-24.266838147389695,-0.04482390012007753,0.9172529356277228,0.9178748479359649,0.8430984562635011
pp_primary_long,B,1.7453292519943295,0.5555555555555556,2109,-24.7062564754089,-0.47802325978353694,0.9178195054802305,0.9178805258960754,0.0
pp_primary_long,B,1.7453292519943295,0.5555555555555556,2110,-24.371038629492087,-0.08521690598368499,0.9172516321854342,0.9178746442410878,0.8430935608356812
pp_primary_long,B,1.7453292519943295,0.5555555555555556,2111,-25.138436485951157,-0.8829112445134611,0.9178188535955502,0.9178804267460182,0.0
pp_primary_long,B,1.7453292519943295,0.5555555555555556,2112,-24.423305167922063,-0.09978102220164883,0.9172533744355152,0.9178749075107361,0.843100500177054
pp_primary_long,B,1.7453292519943295,0.5555555555555556,2113,-25.13040544708707,-0.8522307058658423,0.9178192495149973,0.917880470901161,0.0
pp_primary_long,B,1.7453292519943295,0.5555555555555556,2114,-24.40862311085913,-0.08104685203026668,0.9172531961137274,0.9178748671648549,0.8431001952746515
pp_primary_long,B,1.7453292519943295,0.5555555555555556,2115,-24.69810350464837,-0.4017363896025867,0.9178201485543854,0.9178806163228251,0.0
pp_primary_long,B,1.7453292519943295,0.5555555555555556,2116,-24.346304137346156,-0.03862269232820492,0.9172547591192434,0.9178751303432149,0.843105352563104
pp_primary_long,B,1.7453292519943295,0.5555555555555556,2117,-24.07539773137735,0.23716994198148483,0.9178201425046045,0.9178806186126688,0.0
pp_primary_long,B,1.7453292519943295,0.5555555555555556,2118,-24.280219713657964,0.005678322537894201,0.9172562934564766,0.9178754376517783,0.843108617859845
pp_primary_long,B,1.7453292519943295,0.5555555555555556,2119,-23.5939473158079,0.7363013303197906,0.9178206339189974,0.917880699899364,0.0
pp_primary_long,B,1.7453292519943295,0.5555555555555556,2120,-24.25608052655168,0.029117456545080148,0.9172558523762674,0.917875336306271,0.8431083114928674
pp_primary_long,B,1.7453292519943295,0.5555555555555556,2121,-23.51288456197138,0.8392640749441224,0.9178210956755147,0.9178807592676524,0.0
pp_primary_long,B,1.7453292519943295,0.5555555555555556,2122,-24.298100675743775,0.019650346355467946,0.9172562986876128,0.9178754127965748,0.8431098165912336
pp_primary_long,B,1.7453292519943295,0.5555555555555556,2123,-23.885640201909794,0.49316997763048387,0.9178202628133141,0.9178806332313219,0.0
pp_primary_long,B,1.7453292519943295,0.5555555555555556,2124,-24.39650507464755,-0.017859677861752882,0.9172560075229503,0.9178753300801429,0.8431100168192498
pp_primary_long,B,1.7453292519943295,0.5555555555555556,2125,-24.532558704682067,-0.12420340246674705,0.9178201002775397,0.9178806139924693,0.0
pp_primary_long,B,1.7453292519943295,0.5555555555555556,2126,-24.512566330463297,-0.06415103933676783,0.9172527626345218,0.9178748354627252,0.8430973209143953
pp_primary_long,B,1.7453292519943295,0.5555555555555556,2127,-25.133137156353797,-0.6957204004008339,0.9178195166199228,0.9178805268289467,0.0
pp_primary_long,B,1.7453292519943295,0.5555555555555556,2128,-24.59845979305312,-0.09543906920055388,0.9172530397589481,0.9178748692122659,0.8430988098823453
pp_primary_long,B,1.7453292519943295,0.5555555555555556,2129,-25.39069313010044,-0.9278213349254073,0.9178187350146453,0.9178804053318611,0.0
pp_primary_long,B,1.7453292519943295,0.5555555555555556,2130,-24.621885067024927,-0.0956572959785169,0.9172524911327993,0.9178747754255414,0.8430968903803289
pp_primary_long,B,1.7453292519943295,0.5555555555555556,2131,-25.184719961013062,-0.7012811663965384,0.9178194582423892,0.9178805083038678,0.0
pp_primary_long,B,1.7453292519943295,0.5555555555555556,2132,-24.582591314004617,-0.06468436294359896,0.9172526450934492,0.9178747536246703,0.8430991123319374
pp_primary_long,B,1.7453292519943295,0.5555555555555556,2133,-24.632849017188025,-0.13246807088683565,0.9178196108163849,0.9178805343132032,0.0
pp_primary_long,B,1.7453292519943295,0.5555555555555556,2134,-24.512584198878283,-0.018435457913002898,0.9172546865078643,0.9178751384255535,0.8431043605698367
pp_primary_long,B,1.7453292519943295,0.5555555555555556,2135,-24.030338404187482,0.48644381271607307,0.9178198383757179,0.9178805686559839,0.0
pp_primary_long,B,1.7453292519943295,0.5555555555555556,2136,-24.459651493440255,0.019324726501128292,0.9172552176630403,0.9178752353884503,0.8431058861751672
pp_primary_long,B,1.7453292519943295,0.5555555555555556,2137,-23.69850865141494,0.8375342633057282,0.9178207728866856,0.9178807196878455,0.0
pp_primary_long,B,1.7453292519943295,0.5555555555555556,2138,-24.462752375497274,0.02921431672570847,0.917255549779741,0.9178753037824867,0.8431065774120511
pp_primary_long,B,1.7453292519943295,0.5555555555555556,2139,-23.819605346195637,0.7404594989640074,0.9178207684242982,0.9178807100433428,0.0
pp_primary_long,B,1.7453292519943295,0.5555555555555556,2140,-24.532123193272255,0.006144624423380707,0.9172573833491428,0.9178755746977413,0.8431140617140223
pp_primary_long,B,1.7453292519943295,0.5555555555555556,2141,-24.34323742886932,0.2450757056551352,0.9178205446879714,0.9178806805256543,0.0
pp_primary_long,B,1.7453292519943295,0.5555555555555556,2142,-24.64392444012494,-0.03802812279417836,0.9172554925417638,0.9178752594174069,0.8431077104615441
pp_primary_long,B,1.7453292519943295,0.5555555555555556,2143,-25.01223307529294,-0.39414320597266866,0.9178206231206927,0.9178806858254358,0.0
pp_primary_long,B,1.7453292519943295,0.5555555555555556,2144,-24.752550781704613,-0.08062188718482848,0.9172540903341839,0.9178750496334518,0.8431022073087631
pp_primary_long,B,1.7453292519943295,0.5555555555555556,2145,-25.494765739796993,-0.8488507707537818,0.9178193396433234,0.9178805026101906,0.0
pp_primary_long,B,1.7453292519943295,0.5555555555555556,2146,-24.81400246892734,-0.09975284489356961,0.91725366109854,0.9178749844636628,0.8431004140061196
pp_primary_long,B,1.7453292519943295,0.5555555555555556,2147,-25.55476793684576,-0.8854807760332943,0.9178191942043298,0.9178804750125965,0.0
pp_primary_long,B,1.7453292519943295,0.5555555555555556,2148,-24.808531969249927,-0.0855996169455264,0.9172518288308422,0.9178746536041377,0.8430950303628648
pp_primary_long,B,1.7453292519943295,0.5555555555555556,2149,-25.173238162997684,-0.4852202624604328,0.9178193719603871,0.9178805012082024,0.0
pp_primary_long,B,1.7453292519943295,0.5555555555555556,2150,-24.750716010503602,-0.04541534205485814,0.917252981537562,0.9178748191807338,0.843099973909816
pp_primary_long,B,1.7453292519943295,0.5555555555555556,2151,-24.557955918071954,0.1463304062266494,0.9178191417955095,0.9178804541646677,0.0
pp_primary_long,B,1.7453292519943295,0.5555555555555556,2152,-24.682115363398157,0.00013604707666649285,0.9172540044197046,0.9178750213089232,0.8431022297246318
pp_primary_long,B,1.7453292519943295,0.5555555555555556,2153,-24.03677519797656,0.6847675393809614,0.9178198401126365,0.9178805731018291,0.0
pp_primary_long,B,1.7453292519943295,0.5555555555555556,2154,-24.649736650009302,0.027671415973751418,0.9172539595185862,0.9178750196890838,0.8431018222936844
pp_primary_long,B,1.7453292519943295,0.5555555555555556,2155,-23.889230398020437,0.8535132236891869,0.9178204965593173,0.9178806744246701,0.0
pp_primary_long,B,1.7453292519943295,0.5555555555555556,2156,-24.682037292359485,0.02303842490548115,0.9172559953116616,0.9178753810129647,0.8431078703278614
pp_primary_long,B,1.7453292519943295,0.5555555555555556,2157,-24.202902723605224,0.5658831159623794,0.9178204120646648,0.9178806618715795,0.0
pp_primary_long,B,1.7453292519943295,0.5555555555555556,2158,-24.774216324531093,-0.011374800935735119,0.9172570456875564,0.9178755089174415,0.8431132520172739
pp_primary_long,B,1.7453292519943295,0.5555555555555556,2159,-24.82848568101417,-0.030380074915155653,0.9178210862538603,0.9178807542408834,0.0
pp_primary_long,B,1.7453292519943295,0.5555555555555556,2160,-24.89074000433839,-0.057896322173145845,0.9172554830653946,0.9178752710921902,0.8431072669500619
pp_primary_long,B,1.7453292519943295,0.5555555555555556,2161,-25.456438157346245,-0.6289843241343227,0.9178205478718791,0.9178806765717078,0.0
pp_primary_long,B,1.7453292519943295,0.5555555555555556,2162,-24.983556332181358,-0.09262734955076717,0.9172557458905242,0.9178753151136803,0.8431081507200573
pp_primary_long,B,1.7453292519943295,0.5555555555555556,2163,-25.776013016011383,-0.9224491407354862,0.9178196183686104,0.9178805453720541,0.0
pp_primary_long,B,1.7453292519943295,0.5555555555555556,2164,-25.01682035275232,-0.09773766378747512,0.9172533373008984,0.9178749422803578,0.8430987764587112
pp_primary_long,B,1.7453292519943295,0.5555555555555556,2165,-25.63485055202155,-0.7600279958336857,0.9178196765628263,0.917880552555607,0.0
pp_primary_long,B,1.7453292519943295,0.5555555555555556,2166,-24.985214753273233,-0.07058723655103599,0.9172523812661042,0.9178747335606351,0.8430974627347566
pp_primary_long,B,1.7453292519943295,0.5555555555555556,2167,-25.117287805137614,-0.22515994407697026,0.9178190832253922,0.9178804514914473,0.0
pp_primary_long,B,1.7453292519943295,0.5555555555555556,2168,-24.91679779536267,-0.02512863859711327,0.9172532645081283,0.917874888399552,0.8431001752713876
pp_primary_long,B,1.7453292519943295,0.5555555555555556,2169,-24.500962562674086,0.40741461142634616,0.9178190863114575,0.917880446841773,0.0
pp_primary_long,B,1.7453292519943295,0.5555555555555556,2170,-24.858528083119545,0.01528388982278922,0.9172528664809645,0.9178748074586852,0.8430992517241324
pp_primary_long,B,1.7453292519943295,0.5555555555555556,2171,-24.114293317619065,0.8127631367778009,0.917819802466601,0.9178805697876083,0.0
pp_primary_long,B,1.7453292519943295,0.5555555555555556,2172,-24.852129062927034,0.029896967544106867,0.9172534957231896,0.9178749592973979,0.8430995616658952
pp_primary_long,B,1.7453292519943295,0.5555555555555556,2173,-24.167688483471075,0.7826752992042783,0.9178198628909061,0.9178805776517822,0.0
pp_primary_long,B,1.7453292519943295,0.5555555555555556,2174,-24.91271427859828,0.011197318893027053,0.9172560361943829,0.9178753679165362,0.8431087522274144
pp_primary_long,B,1.7453292519943295,0.5555555555555556,2175,-24.64553678754981,0.3325947038700626,0.9178204789095951,0.917880669916651,0.0
pp_primary_long,B,1.7453292519943295,0.5555555555555556,2176,-25.020943855205804,-0.03119897257085455,0.9172557929500972,0.91787531654225,0.8431084398866453
pp_primary_long,B,1.7453292519943295,0.5555555555555556,2177,-25.314183786517255,-0.3062802964382044,0.9178211917558238,0.9178807660129922,0.0
pp_primary_long,B,1.7453292519943295,0.5555555555555556,2178,-25.133039871479195,-0.07551934552685367,0.9172566394086339,0.9178754488733604,0.8431116985324074
pp_primary_long,B,1.7453292519943295,0.5555555555555556,2179,-25.84198192482184,-0.8057802031341759,0.9178203635137494,0.9178806546028134,0.0
pp_primary_long,B,1.7453292519943295,0.5555555555555556,2180,-25.20323643845908,-0.09899945464390464,0.917256096685808,0.9178753854869576,0.8431087571851735
pp_primary_long,B,1.7453292519943295,0.5555555555555556,2181,-25.96960984003067,-0.9093220618456592,0.9178202827304137,0.9178806437930498,0.0
pp_primary_long,B,1.7453292519943295,0.5555555555555556,2182,-25.207294384452183,-0.08958392293571855,0.9172534793539219,0.9178749554266238,0.8430997255887178
pp_primary_long,B,1.7453292519943295,0.5555555555555556,2183,-25.64333281922721,-0.5637232048032863,0.9178197706532635,0.9178805671497527,0.0
pp_primary_long,B,1.7453292519943295,0.5555555555555556,2184,-25.154898712902703,-0.052093430755936226,0.9172535652527947,0.9178749479506987,0.8431009277290704
pp_primary_long,B,1.7453292519943295,0.5555555555555556,2185,-25.042544532752345,0.053488460138795046,0.9178190429010438,0.9178804405878511,0.0
pp_primary_long,B,1.7453292519943295,0.5555555555555556,2186,-25.084810610087345,-0.005802270394446099,0.9172530254964295,0.9178748393278685,0.8430996577687353
pp_primary_long,B,1.7453292519943295,0.5555555555555556,2187,-24.487662162432045,0.6252713358369457,0.9178193309420495,0.9178804930771175,0.0
pp_primary_long,B,1.7453292519943295,0.5555555555555556,2188,-25.044801646134978,0.025526248348384545,0.9172521180742274,0.9178746841060847,0.8430966410388705
pp_primary_long,B,1.7453292519943295,0.5555555555555556,2189,-24.27552352980123,0.8579248087170925,0.9178194257862009,0.9178805071432138,0.0
pp_primary_long,B,1.7453292519943295,0.5555555555555556,2190,-25.067268816472914,0.02578369432023521,0.9172537479045242,0.917875002217547,0.843100427943157
pp_primary_long,B,1.7453292519943295,0.5555555555555556,2191,-24.52689254487261,0.6319401220764349,0.9178194393134967,0.9178805151292037,0.0
pp_primary_long,B,1.7453292519943295,0.5555555555555556,2192,-25.152454978620472,-0.005151488342076377,0.9172547615515382,0.9178751498272049,0.8431046832316259
pp_primary_long,B,1.7453292519943295,0.5555555555555556,2193,-25.124465765023476,0.06339351041065117,0.9178206540184859,0.9178806901439919,0.0
pp_primary_long,B,1.7453292519943295,0.5555555555555556,2194,-25.2684082897152,-0.051390161011234226,0.9172553562275383,0.917875247626601,0.8431067744757704
pp_primary_long,B,1.7453292519943295,0.5555555555555556,2195,-25.773090871173757,-0.5556678630235612,0.917820716506894,0.9178807009631602,0.0
pp_primary_long,B,1.7453292519943295,0.5555555555555556,2196,-25.367366047098773,-0.08917652947645777,0.917257450840569,0.9178755740828664,0.8431147027437363
pp_primary_long,B,1.7453292519943295,0.5555555555555556,2197,-26.151397198297392,-0.9072526234414808,0.9178206100935457,0.917880688263325,0.0
pp_primary_long,B,1.7453292519943295,0.5555555555555556,2198,-25.410337610450345,-0.099114816663131,0.9172555463347184,0.9178753034191682,0.8431065419445462
pp_primary_long,B,1.7453292519943295,0.5555555555555556,2199,-26.07686122134839,-0.8107537566011782,0.9178206952527397,0.9178807063072315,0.0
pp_primary_long,B,1.7453292519943295,0.5555555555555556,2200,-25.38702340204944,-0.07608689505319403,0.9172546494750918,0.9178751426558933,0.8431040804793621
pp_primary_long,B,1.7453292519943295,0.5555555555555556,2201,-25.59959211729045,-0.3157476228033321,0.9178197201148819,0.9178805553978757,0.0
pp_primary_long,B,1.7453292519943295,0.5555555555555556,2202,-25.321226591745837,-0.03192956538156275,0.9172543274249041,0.9178750915192829,0.8431028106080374
pp_primary_long,B,1.7453292519943295,0.5555555555555556,2203,-24.976534317770103,0.3234950642159131,0.9178194247122906,0.9178805056743088,0.0
pp_primary_long,B,1.7453292519943295,0.5555555555555556,2204,-25.25853668601137,0.010681142993533177,0.917252665368726,0.9178747599801169,0.8430991260320897
pp_primary_long,B,1.7453292519943295,0.5555555555555556,2205,-24.5395643760983,0.7786140808481329,0.9178194734232459,0.917880513247748,0.0
pp_primary_long,B,1.7453292519943295,0.5555555555555556,2206,-25.242963691428642,0.029856529462249523,0.9172524170995416,0.9178747563680247,0.8430969019219036
pp_primary_long,B,1.7453292519943295,0.5555555555555556,2207,-24.524925570274473,0.8158375459896824,0.9178189388547743,0.917880430532008,0.0
pp_primary_long,B,1.7453292519943295,0.5555555555555556,2208,-25.294337639806333,0.01573786220840445,0.91725351113643,0.9178749435222859,0.8431003991297248
pp_primary_long,B,1.7453292519943295,0.5555555555555556,2209,-24.951957568712555,0.41603856725744237,0.9178195105022192,0.9178805257217761,0.0
pp_primary_long,B,1.7453292519943295,0.5555555555555556,2210,-25.398052043273722,-0.024413412571799492,0.9172532044038507,0.9178749040057655,0.8430988529551353
pp_primary_long,B,1.7453292519943295,0.5555555555555556,2211,-25.613106621479744,-0.21541548373199249,0.9178203343199179,0.9178806430085523,0.0
pp_primary_long,B,1.7453292519943295,0.5555555555555556,2212,-25.512636905472622,-0.06997234813201711,0.9172558861511628,0.9178753172151404,0.8431092020947861
pp_primary_long,B,1.7453292519943295,0.5555555555555556,2213,-26.180575277560845,-0.7541739962005927,0.9178203012479448,0.9178806396075881,0.0
pp_primary_long,B,1.7453292519943295,0.5555555555555556,2214,-25.591046613376633,-0.09753781180819797,0.9172567262033119,0.9178754678700813,0.8431116846522331
pp_primary_long,B,1.7453292519943295,0.5555555555555556,2215,-26.37466466678137,-0.9234848589759433,0.9178210193428923,0.9178807441553465,0.0
pp_primary_long,B,1.7453292519943295,0.5555555555555556,2216,-25.60482185021222,-0.09295590829499614,0.9172555797838652,0.9178752947078863,0.8431072647329444
pp_primary_long,B,1.7453292519943295,0.5555555555555556,2217,-26.107503074515222,-0.6363771179586444,0.91782061711453,0.917880696138209,0.0
pp_primary_long,B,1.7453292519943295,0.5555555555555556,2218,-25.558675473437543,-0.05857242768417548,0.9172558735206892,0.9178753619363391,0.8431075751908399
pp_primary_long,B,1.7453292519943295,0.5555555555555556,2219,-25.5281134714578,-0.04033194711182836,0.9178199409260291,0.9178805889349853,0.0
pp_primary_long,B,1.7453292519943295,0.5555555555555556,2220,-25.48814591098819,-0.0120601984637419,0.9172544565676476,0.9178750996953862,0.8431036638490239
pp_primary_long,B,1.7453292519943295,0.5555555555555556,2221,-24.94592818150114,0.5584751819835826,0.9178199399934613,0.917880589012187,0.0
pp_primary_long,B,1.7453292519943295,0.5555555555555556,2222,-25.441223393837703,0.022707498966399203,0.9172529484825358,0.9178748202907816,0.8430996919481915
pp_primary_long,B,1.7453292519943295,0.5555555555555556,2223,-24.6718037899523,0.852459607318458,0.917819335648238,0.9178804839019555,0.0
pp_primary_long,B,1.7453292519943295,0.5555555555555556,2224,-25.45386296403387,0.027852778086954563,0.9172532544548818,0.9178748944869205,0.843099861221474
pp_primary_long,B,1.7453292519943295,0.5555555555555556,2225,-24.858350124933796,0.6906121865255492,0.9178188724891947,0.9178804259418845,0.0
pp_primary_long,B,1.7453292519943295,0.5555555555555556,2226,-25.531360363921113,0.0007407591297705213,0.9172523389918377,0.9178747455527939,0.8430964787913833
pp_primary_long,B,1.7453292519943295,0.5555555555555556,2227,-25.421558410427483,0.15607050753877855,0.9178196171074519,0.9178805397849877,0.0
pp_primary_long,B,1.7453292519943295,0.5555555555555556,2228,-25.64571900149652,-0.044705160838797206,0.9172529154089416,0.9178748553521544,0.8430978669759818
pp_primary_long,B,1.7453292519943295,0.5555555555555556,2229,-26.083928511952866,-0.47659092589973534,0.9178196367915249,0.9178805416479164,0.0
pp_primary_long,B,1.7453292519943295,0.5555555555555556,2230,-25.749985646716304,-0.08513187252033677,0.9172557478743788,0.9178752903094982,0.8431088920295254
pp_primary_long,B,1.7453292519943295,0.5555555555555556,2231,-26.517027135858832,-0.882398726996103,0.9178203507439358,0.9178806389509195,0.0
pp_primary_long,B,1.7453292519943295,0.5555555555555556,2232,-25.80243244216796,-0.09978399068637632,0.9172554514805427,0.9178752594192661,0.8431072535376216
pp_primary_long,B,1.7453292519943295,0.5555555555555556,2233,-26.510191003333937,-0.8528925757702391,0.9178209918546911,0.9178807432030002,0.0
pp_primary_long,B,1.7453292519943295,0.5555555555555556,2234,-25.78790014248623,-0.08112509156719391,0.9172563465353469,0.9178754130680434,0.8431101598012491
pp_primary_long,B,1.7453292519943295,0.5555555555555556,2235,-26.07874672742892,-0.4032304017351905,0.9178204418059711,0.9178806679954192,0.0
pp_primary_long,B,1.7453292519943295,0.5555555555555556,2236,-25.725697325762887,-0.03875416531243572,0.9172562194533384,0.9178754291452973,0.8431082669554977
pp_primary_long,B,1.7453292519943295,0.5555555555555556,2237,-25.45610383644114,0.23560976626796926,0.9178204306337466,0.9178806673910037,0.0
pp_primary_long,B,1.7453292519943295,0.5555555555555556,2238,-25.659550177347693,0.005577562635359565,0.9172545399019019,0.9178751014439229,0.84310447085601
pp_primary_long,B,1.7453292519943295,0.5555555555555556,2239,-24.973924964045686,0.735469094633246,0.9178201952090627,0.917880621117135,0.0
pp_primary_long,B,1.7453292519943295,0.5555555555555556,2240,-25.635246446555925,0.029096421997056296,0.9172541038683376,0.9178750354469997,0.8431028319033556
pp_primary_long,B,1.7453292519943295,0.5555555555555556,2241,-24.891676642056524,0.8395897518011572,0.917819242601688,0.9178804723502773,0.0
pp_primary_long,B,1.7453292519943295,0.5555555555555556,2242,-25.67709430219139,0.019715090896682344,0.9172534507570722,0.9178749079678457,0.8431011852495457
pp_primary_long,B,1.7453292519943295,0.5555555555555556,2243,-25.263429771211307,0.49448746428459145,0.9178192778621441,0.917880490031242,0.0
pp_primary_long,B,1.7453292519943295,0.5555555555555556,2244,-25.77539672237151,-0.017745043813699332,0.9172515387456235,0.9178746280540071,0.8430931569092195
pp_primary_long,B,1.7453292519943295,0.5555555555555556,2245,-25.9100225952188,-0.12256214074605382,0.9178192804070957,0.9178804884947771,0.0
pp_primary_long,B,1.7453292519943295,0.5555555555555556,2246,-25.891465525893985,-0.06404141135674125,0.9172534874272518,0.9178749356336344,0.8431004415084724
pp_primary_long,B,1.7453292519943295,0.5555555555555556,2247,-26.51113488412645,-0.6946113348042381,0.9178192638613134,0.9178804823240705,0.0
pp_primary_long,B,1.7453292519943295,0.5555555555555556,2248,-25.977483332778977,-0.09539092896041726,0.9172543110443088,0.9178750659067137,0.8431034810680667
pp_primary_long,B,1.7453292519943295,0.5555555555555556,2249,-26.769788563698768,-0.9278117738151823,0.9178204475231045,0.9178806521246525,0.0
pp_primary_long,B,1.7453292519943295,0.5555555555555556,2250,-26.001068031811176,-0.0956900657380265,0.9172550607765236,0.9178751744141641,0.8431066398525787
pp_primary_long,B,1.7453292519943295,0.5555555555555556,2251,-26.564946180455955,-0.7023745763630433,0.9178205183412659,0.917880675244128,0.0
pp_primary_long,B,1.7453292519943295,0.5555555555555556,2252,-25.961914518202317,-0.06478538397021465,0.9172566970001005,0.9178754855539293,0.8431107125347564
pp_primary_long,B,1.7453292519943295,0.5555555555555556,2253,-26.01361421283779,-0.13409552190275958,0.9178205290576167,0.9178806783139367,0.0
pp_primary_long,B,1.7453292519943295,0.5555555555555556,2254,-25.891967231855276,-0.018561984372912274,0.917255858021602,0.9178753530497206,0.8431076598876188
pp_primary_long,B,1.7453292519943295,0.5555555555555556,2255,-25.410818643322266,0.485113225945798,0.917820811853952,0.9178807249495076,0.0
pp_primary_long,B,1.7453292519943295,0.5555555555555556,2256,-25.838916050400375,0.019255337146847365,0.9172551781051675,0.9178752247368044,0.8431060645452876
pp_primary_long,B,1.7453292519943295,0.5555555555555556,2257,-25.077998005208492,0.8371818412295376,0.9178201565419403,0.917880611021954,0.0
pp_primary_long,B,1.7453292519943295,0.5555555555555556,2258,-25.841854737229493,0.029226165634184786,0.9172552970534907,0.9178752257368465,0.843107114483272
pp_primary_long,B,1.7453292519943295,0.5555555555555556,2259,-25.197918438624377,0.7412610309448349,0.9178195978647868,0.917880534891266,0.0
pp_primary_long,B,1.7453292519943295,0.5555555555555556,2260,-25.911060953668315,0.006237405286897077,0.9172529674803214,0.9178748321097169,0.843099331749068
pp_primary_long,B,1.7453292519943295,0.5555555555555556,2261,-25.720790915814575,0.24663012831400544,0.9178195823400769,0.9178805311249172,0.0
pp_primary_long,B,1.7453292519943295,0.5555555555555556,2262,-26.02281296001512,-0.037911674130702906,0.9172522219984922,0.9178747427188532,0.8430955479588063
pp_primary_long,B,1.7453292519943295,0.5555555555555556,2263,-26.389836189215234,-0.3926349864762222,0.9178188187813308,0.9178804201039612,0.0
pp_primary_long,B,1.7453292519943295,0.5555555555555556,2264,-26.13149854320683,-0.08053528955622039,0.9172532735531993,0.9178749014326023,0.8430996993834343
pp_primary_long,B,1.7453292519943295,0.5555555555555556,2265,-26.873191594073212,-0.8481698015031067,0.9178194165851026,0.9178805012850652,0.0
pp_primary_long,B,1.7453292519943295,0.5555555555555556,2266,-26.19310458238944,-0.09974377519427463,0.917252986547221,0.9178748426170968,0.8430990500699116
pp_primary_long,B,1.7453292519943295,0.5555555555555556,2267,-26.93438243878503,-0.8859775715157596,0.9178200963739308,0.9178806059793895,0.0
pp_primary_long,B,1.7453292519943295,0.5555555555555556,2268,-26.187764495159087,-0.0856583997765941,0.9172552939536625,0.9178752076814087,0.8431075916999157
pp_primary_long,B,1.7453292519943295,0.5555555555555556,2269,-26.55378405581705,-0.48663753717799374,0.9178201116217112,0.917880608010254,0.0
pp_primary_long,B,1.7453292519943295,0.5555555555555556,2270,-26.130076356494463,-0.04553351259709722,0.9172560342399506,0.9178753803072092,0.8431082714615401
pp_primary_long,B,1.7453292519943295,0.5555555555555556,2271,-25.938693610226476,0.14472721221145057,0.9178207450301331,0.9178807118992007,0.0
pp_primary_long,B,1.7453292519943295,0.5555555555555556,2272,-26.061445096295504,3.3683403074899476e-05,0.917255546037863,0.9178752905613567,0.8431070485669392
pp_primary_long,B,1.7453292519943295,0.5555555555555556,2273,-25.41689100185733,0.6837994428702567,0.9178207952583722,0.9178807177781695,0.0
pp_primary_long,B,1.7453292519943295,0.5555555555555556,2274,-26.028940688078173,0.027632393638065106,0.9172562445653384,0.9178754166968278,0.8431090579110041
pp_primary_long,B,1.7453292519943295,0.5555555555555556,2275,-25.268197226121607,0.853672098524789,0.9178202022355925,0.9178806246360419,0.0
pp_primary_long,B,1.7453292519943295,0.5555555555555556,2276,-26.061064351431305,0.023087988787793903,0.9172555378669458,0.9178752493578185,0.8431084719571885
pp_primary_long,B,1.7453292519943295,0.5555555555555556,2277,-25.58081520621038,0.5670842909441152,0.9178202260321515,0.9178806277298757,0.0
pp_primary_long,B,1.7453292519943295,0.5555555555555556,2278,-26.153122029942313,-0.011266025185580425,0.9172531620476104,0.9178748846321706,0.8430993307748393
pp_primary_long,B,1.7453292519943295,0.5555555555555556,2279,-26.205958250900913,-0.028742008769466754,0.9178194583609656,0.9178805105133097,0.0
pp_primary_long,B,1.7453292519943295,0.5555555555555556,2280,-26.26964299132226,-0.057786590012068706,0.917253419000985,0.917874929403399,0.8431001429460607
pp_primary_long,B,1.7453292519943295,0.5555555555555556,2281,-26.8343249867665,-0.6277563317216236,0.9178188720377859,0.9178804283845529,0.0
pp_primary_long,B,1.7453292519943295,0.5555555555555556,2282,-26.36258119962175,-0.09257756199423516,0.9172521711788685,0.9178747311936953,0.8430953981533974
pp_primary_long,B,1.7453292519943295,0.5555555555555556,2283,-27.154939459118278,-0.9222611867717346,0.9178195426658955,0.9178805236845589,0.0
pp_primary_long,B,1.7453292519943295,0.5555555555555556,2284,-26.395984443862908,-0.09776066918509255,0.917252926563302,0.9178748148179481,0.8430995169681634
pp_primary_long,B,1.7453292519943295,0.5555555555555556,2285,-27.014934538538547,-0.7609843389826146,0.9178195036377363,0.9178805156451277,0.0
pp_primary_long,B,1.7453292519943295,0.5555555555555556,2286,-26.364509321757843,-0.0706755788439062,0.9172549672493145,0.9178751707669575,0.8431058524109621
pp_primary_long,B,1.7453292519943295,0.5555555555555556,2287,-26.498010747210138,-0.22676240254282098,0.9178200402500796,0.9178805926203215,0.0
pp_primary_long,B,1.7453292519943295,0.5555555555555556,2288,-26.296150293436277,-0.025243709044279236,0.9172549426582824,0.9178751784477192,0.8431053542335762
pp_primary_long,B,1.7453292519943295,0.5555555555555556,2289,-25.881523698979127,0.40599231105289557,0.9178207157124147,0.9178807090674774,0.0
pp_primary_long,B,1.7453292519943295,0.5555555555555556,2290,-26.237797871413218,0.015209817816393273,0.9172557138356354,0.9178753325512045,0.8431070237355087
pp_primary_long,B,1.7453292519943295,0.5555555555555556,2291,-25.493937785811404,0.8122532119056259,0.9178205159198345,0.917880674685387,0.0
pp_primary_long,B,1.7453292519943295,0.5555555555555556,2292,-26.23126193993159,0.02989395775828732,0.9172568149485548,0.9178754970594531,0.8431114442254665
pp_primary_long,B,1.7453292519943295,0.5555555555555556,2293,-25.546155482336196,0.7833281320442936,0.9178205935272067,0.9178806875249435,0.0
pp_primary_long,B,1.7453292519943295,0.5555555555555556,2294,-26.291674368486454,0.011279540117263981,0.9172551959023066,0.9178752044374741,0.8431069151310402
pp_primary_long,B,1.7453292519943295,0.5555555555555556,2295,-26.02316200850731,0.33408085557519845,0.9178205322260834,0.9178806665185767,0.0
pp_primary_long,B,1.7453292519943295,0.5555555555555556,2296,-26.399834724487974,-0.031082959096495333,0.9172545937662817,0.9178751206461666,0.8431043413169106
pp_primary_long,B,1.7453292519943295,0.5555555555555556,2297,-26.69174076299425,-0.3047226678290033,0.9178193581689795,0.9178805005394997,0.0
pp_primary_long,B,1.7453292519943295,0.5555555555555556,2298,-26.511987456009837,-0.07543054177459749,0.9172535962353904,0.9178749626645374,0.8431005229627352
pp_primary_long,B,1.7453292519943295,0.5555555555555556,2299,-27.220266911351196,-0.804948384234567,0.9178193800580713,0.9178805044880463,0.0
pp_primary_long,B,1.7453292519943295,0.5555555555555556,2300,-26.582337935043313,-0.09898755531186111,0.9172517538769236,0.9178746580336818,0.8430941223554407
pp_primary_long,B,1.7453292519943295,0.5555555555555556,2301,-27.34906570775936,-0.9096476639108194,0.9178192733143232,0.9178804866913581,0.0
pp_primary_long,B,1.7453292519943295,0.5555555555555556,2302,-26.5865233106758,-0.08963913829297905,0.9172534079937085,0.9178748990404106,0.8431010779583517
pp_primary_long,B,1.7453292519943295,0.5555555555555556,2303,-27.023779693824004,-0.5650444364608149,0.9178192139865414,0.9178804641166308,0.0
pp_primary_long,B,1.7453292519943295,0.5555555555555556,2304,-26.53424057875256,-0.052203724770038346,0.9172538778920278,0.9178749896045647,0.8431021660877955
pp_primary_long,B,1.7453292519943295,0.5555555555555556,2305,-26.42330117497143,0.051855408282409865,0.9178200568193726,0.9178806002159836,0.0
pp_primary_long,B,1.7453292519943295,0.5555555555555556,2306,-26.46411967762749,-0.005897914162029491,0.9172542467434872,0.9178750527990326,0.8431033189645667
pp_primary_long,B,1.7453292519943295,0.5555555555555556,2307,-25.867897217751747,0.6241713077151945,0.9178203124841969,0.9178806450884277,0.0
pp_primary_long,B,1.7453292519943295,0.5555555555555556,2308,-26.424015290757254,0.02548068405525658,0.917256007807345,0.9178753888734983,0.843107665811836
pp_primary_long,B,1.7453292519943295,0.5555555555555556,2309,-25.654649857134388,0.857920291158297,0.9178203825367406,0.9178806576994708,0.0
pp_primary_long,B,1.7453292519943295,0.5555555555555556,2310,-26.44631668255039,0.025822306526105537,0.917256280342024,0.9178753953115433,0.8431101304661038
pp_primary_long,B,1.7453292519943295,0.5555555555555556,2311,-25.904922052402856,0.633026332611702,0.917821010139219,0.9178807439374023,0.0
pp_primary_long,B,1.7453292519943295,0.5555555555555556,2312,-26.53137007655728,-0.005047734860781056,0.9172555729437553,0.9178752838389107,0.8431076164447918
pp_primary_long,B,1.7453292519943295,0.5555555555555556,2313,-26.501952723357114,0.06501658521107584,0.9178203860378968,0.9178806472562613,0.0
pp_primary_long,B,1.7453292519943295,0.5555555555555556,2314,-26.647302197012028,-0.051275569435052584,0.9172558936766732,0.9178753229889844,0.8431091946113731
pp_primary_long,B,1.7453292519943295,0.5555555555555556,2315,-27.1508800780364,-0.5543421672716311,0.9178197746306653,0.9178805652115097,0.0
pp_primary_long,B,1.7453292519943295,0.5555555555555556,2316,-26.74638266052118,-0.08912089214467692,0.9172531322608897,0.9178748994102578,0.8430983838252875
pp_primary_long,B,1.7453292519943295,0.5555555555555556,2317,-27.53016809618562,-0.906897296050877,0.9178196989704399,0.9178805534830242,0.0
pp_primary_long,B,1.7453292519943295,0.5555555555555556,2318,-26.789503735176773,-0.09913587458722897,0.9172526722194124,0.9178747997484185,0.8430977717187562
pp_primary_long,B,1.7453292519943295,0.5555555555555556,2319,-27.456809317950864,-0.8115616305693965,0.9178189711646083,0.917880437418871,0.0
pp_primary_long,B,1.7453292519943295,0.5555555555555556,2320,-26.766328790035438,-0.07617799922698694,0.9172532762532517,0.9178748956059618,0.8430999575292982
pp_primary_long,B,1.7453292519943295,0.5555555555555556,2321,-26.980272944416875,-0.31730457464171713,0.9178193326096888,0.9178804833814367,0.0
pp_primary_long,B,1.7453292519943295,0.5555555555555556,2322,-26.700569857419303,-0.03204117954376585,0.9172528882738088,0.9178748030894948,0.8430995882387254
pp_primary_long,B,1.7453292519943295,0.5555555555555556,2323,-26.357170021426377,0.3219907104905352,0.9178198295989362,0.9178805688163227,0.0
pp_primary_long,B,1.7453292519943295,0.5555555555555556,2324,-26.637801798370994,0.010607041274781515,0.9172541412175481,0.9178750510759871,0.8431023369291362
pp_primary_long,B,1.7453292519943295,0.5555555555555556,2325,-25.919356633090224,0.777943791666226,0.9178198192514,0.9178805670030964,0.0
pp_primary_long,B,1.7453292519943295,0.5555555555555556,2326,-26.622105046886126,0.029847443522302397,0.9172556115625293,0.9178753055509175,0.8431069915459279
pp_primary_long,B,1.7453292519943295,0.5555555555555556,2327,-25.903540964241284,0.816338569236982,0.9178205282584909,0.9178806793598084,0.0
pp_primary_long,B,1.7453292519943295,0.5555555555555556,2328,-26.673310590981647,0.01581233398032232,0.9172554105492196,0.9178752630448014,0.8431067338027978
pp_primary_long,B,1.7453292519943295,0.5555555555555556,2329,-26.329651940320378,0.4174542379900867,0.9178209462122908,0.9178807308099164,0.0
pp_primary_long,B,1.7453292519943295,0.5555555555555556,2330,-26.77693864623169,-0.02429617381639533,0.9172567351626676,0.9178754667260427,0.8431118798207478
pp_primary_long,B,1.7453292519943295,0.5555555555555556,2331,-26.990617962661148,-0.21381795405734094,0.9178203332274973,0.9178806458073139,0.0
pp_primary_long,B,1.7453292519943295,0.5555555555555556,2332,-26.891564134372413,-0.06987363580029235,0.9172558551084707,0.917875323787768,0.843108714201998
pp_primary_long,B,1.7453292519943295,0.5555555555555556,2333,-27.558722563978968,-0.7532063737968275,0.9178204112826933,0.9178806569792368,0.0
pp_primary_long,B,1.7453292519943295,0.5555555555555556,2334,-26.97012950187542,-0.09751565756655448,0.9172535614939573,0.9178749674906149,0.8431000629977669
pp_primary_long,B,1.7453292519943295,0.5555555555555556,2335,-27.753963587253878,-0.923643025771967,0.9178196184588674,0.9178805425403305,0.0
pp_primary_long,B,1.7453292519943295,0.5555555555555556,2336,-26.9840609295944,-0.09301276188887299,0.917253761476105,0.9178749901873748,0.8431011638120789
pp_primary_long,B,1.7453292519943295,0.5555555555555556,2337,-27.487851208984097,-0.637586147081165,0.9178191058064272,0.9178804549110788,0.0
pp_primary_long,B,1.7453292519943295,0.5555555555555556,2338,-26.93803522306657,-0.058688966212720864,0.9172526768787679,0.9178747911528331,0.8430980377820508
pp_primary_long,B,1.7453292519943295,0.5555555555555556,2339,-26.90888891354554,-0.04197427819395039,0.9178194922059472,0.9178805153845616,0.0
pp_primary_long,B,1.7453292519943295,0.5555555555555556,2340,-26.867462041928718,-0.012159438558281638,0.9172526797377718,0.9178747670600249,0.8430989440725551
pp_primary_long,B,1.7453292519943295,0.5555555555555556,2341,-26.326284017809513,0.557248044852586,0.9178193826250983,0.9178804946934229,0.0
pp_primary_long,B,1.7453292519943295,0.5555555555555556,2342,-26.820443698755682,0.02265723976770631,0.9172540963966922,0.9178750487615798,0.8431020368676919
pp_primary_long,B,1.7453292519943295,0.5555555555555556,2343,-26.051094925512373,0.8522817485508363,0.917819619640849,0.9178805385532522,0.0
pp_primary_long,B,1.7453292519943295,0.5555555555555556,2344,-26.832918085106808,0.027885699937361966,0.9172543652326179,0.917875086863433,0.843103199072386
pp_primary_long,B,1.7453292519943295,0.5555555555555556,2345,-26.236501014539538,0.6915737865716045,0.9178205642903416,0.9178806808019304,0.0
pp_primary_long,B,1.7453292519943295,0.5555555555555556,2346,-26.910281135326684,0.000840236208193762,0.9172553746366422,0.9178752654930996,0.8431062329202625
pp_primary_long,B,1.7453292519943295,0.5555555555555556,2347,-26.799060155704595,0.157674137599508,0.917820499851675,0.9178806686747439,0.0
pp_primary_long,B,1.7453292519943295,0.5555555555555556,2348,-27.02459739308625,-0.04458399484823416,0.9172571860947155,0.9178755286699292,0.8431138227855781
pp_primary_long,B,1.7453292519943295,0.5555555555555556,2349,-27.461616318822898,-0.47517367423743256,0.9178207038114716,0.9178806981239661,0.0
pp_primary_long,B,1.7453292519943295,0.5555555555555556,2350,-27.128967667779744,-0.08506034143845957,0.9172553381524804,0.9178752513340209,0.8431064960823774
pp_primary_long,B,1.7453292519943295,0.5555555555555556,2351,-27.89563535142478,-0.8818843331104674,0.9178206364669546,0.9178806902641583,0.0
pp_primary_long,B,1.7453292519943295,0.5555555555555556,2352,-27.181575207028608,-0.09979295862527697,0.9172549766590652,0.917875192944787,0.843105292964771
pp_primary_long,B,1.7453292519943295,0.5555555555555556,2353,-27.889993482661442,-0.853548592329955,0.9178196046394687,0.9178805397598852,0.0
pp_primary_long,B,1.7453292519943295,0.5555555555555556,2354,-27.167220390373778,-0.08122029262829983,0.9172540097271262,0.9178750465607858,0.8431013500874189
pp_primary_long,B,1.7453292519943295,0.5555555555555556,2355,-27.459378678821615,-0.4047219449370857,0.9178195713449183,0.917880530104978,0.0
pp_primary_long,B,1.7453292519943295,0.5555555555555556,2356,-27.105065012886598,-0.038875256681245515,0.9172525517245672,0.9178747535253434,0.8430982579215418
pp_primary_long,B,1.7453292519943295,0.5555555555555556,2357,-26.836813415160492,0.23404272529596043,0.9178194188597837,0.9178805026926844,0.0
pp_primary_long,B,1.7453292519943295,0.5555555555555556,2358,-27.03884002214958,0.005492340980093574,0.9172531009104594,0.9178748587210808,0.8430996472787553
pp_primary_long,B,1.7453292519943295,0.5555555555555556,2359,-26.35387538628327,0.7346378373478252,0.9178190711825175,0.917880444444723,0.0
pp_primary_long,B,1.7453292519943295,0.5555555555555556,2360,-27.014399182733676,0.02908058064332167,0.9172534669020598,0.917874924719299,0.843100638933856
pp_primary_long,B,1.7453292519943295,0.5555555555555556,2361,-26.27045675466317,0.8399220401206293,0.9178197006284637,0.9178805532392689,0.0
pp_primary_long,B,1.7453292519943295,0.5555555555555556,2362,-27.05607613424652,0.019783497438641037,0.9172533034538133,0.9178749217670539,0.8430991115542431
pp_primary_long,B,1.7453292519943295,0.5555555555555556,2363,-26.64120667904973,0.4958172991460673,0.917820136679971,0.9178806153038453,0.0
pp_primary_long,B,1.7453292519943295,0.5555555555555556,2364,-27.15428248992871,-0.01762840855638939,0.9172558333832926,0.9178753271906833,0.8431082953602854
pp_primary_long,B,1.7453292519943295,0.5555555555555556,2365,-27.287492118969833,-0.12092984153588876,0.9178202710150042,0.9178806355054956,0.0
pp_primary_long,B,1.7453292519943295,0.5555555555555556,2366,-27.27036708899412,-0.06393158090117315,0.9172562473523952,0.9178753829525208,0.8431102558087262
pp_primary_long,B,1.7453292519943295,0.5555555555555556,2367,-27.88913748824725,-0.6935101592084876,0.9178210517832618,0.9178807445581789,0.0
pp_primary_long,B,1.7453292519943295,0.5555555555555556,2368,-27.35651876308758,-0.0953475666949968,0.9172557401652096,0.9178753093752509,0.8431082294668273
pp_primary_long,B,1.7453292519943295,0.5555555555555556,2369,-28.148913313100213,-0.9278038771105146,0.9178204474047077,0.9178806657037595,0.0
pp_primary_long,B,1.7453292519943295,0.5555555555555556,2370,-27.38028464146669,-0.09573550245982163,0.917255959455158,0.9178753651101196,0.8431082093460573
pp_primary_long,B,1.7453292519943295,0.5555555555555556,2371,-27.945175938450873,-0.7034618911731249,0.9178199928331512,0.9178805975314295,0.0
pp_primary_long,B,1.7453292519943295,0.5555555555555556,2372,-27.341287141750264,-0.0649058488327651,0.9172538928569303,0.9178750200227076,0.8431011913485897
pp_primary_long,B,1.7453292519943295,0.5555555555555556,2373,-27.394394481717406,-0.13572485813286533,0.9178199186322786,0.9178805862217603,0.0
pp_primary_long,B,1.7453292519943295,0.5555555555555556,2374,-27.271319402461685,-0.018676107387970486,0.9172532617354994,0.9178748806663302,0.8431004353196099
pp_primary_long,B,1.7453292519943295,0.5555555555555556,2375,-26.79129546072025,0.4837759615186519,0.9178192534061451,0.9178804704767819,0.0
pp_primary_long,B,1.7453292519943295,0.5555555555555556,2376,-27.218170124396803,0.0191899340002422,0.9172534656875249,0.9178749209560513,0.8431008445398197
pp_primary_long,B,1.7453292519943295,0.5555555555555556,2377,-26.457471102105835,0.8368246585421524,0.9178191644695048,0.9178804651769723,0.0
pp_primary_long,B,1.7453292519943295,0.5555555555555556,2378,-27.220925815747343,0.02925048467029555,0.9172524492297561,0.9178747479652329,0.8430974179862049
pp_primary_long,B,1.7453292519943295,0.5555555555555556,2379,-26.576215807506305,0.7420746365686676,0.917819636386395,0.9178805408336211,0.0
pp_primary_long,B,1.7453292519943295,0.5555555555555556,2380,-27.289991747552765,0.006331271941103861,0.9172533104838978,0.9178749285556077,0.8430989232749246
pp_primary_long,B,1.7453292519943295,0.5555555555555556,2381,-27.098328832788297,0.24819509243979326,0.9178195450541976,0.9178805280579527,0.0
pp_primary_long,B,1.7453292519943295,0.5555555555555556,2382,-27.401685988488534,-0.037788470415411314,0.9172553713213533,0.9178752411306195,0.8431070962987366
pp_primary_long,B,1.7453292519943295,0.5555555555555556,2383,-27.767430290658282,-0.3911308141681197,0.9178204238323074,0.9178806524020873,0.0
pp_primary_long,B,1.7453292519943295,0.5555555555555556,2384,-27.51044423363607,-0.0804480386599625,0.9172552118060346,0.9178752185613345,0.8431064536322626
pp_primary_long,B,1.7453292519943295,0.5555555555555556,2385,-28.25162658622194,-0.8474941918180612,0.917820866315877,0.9178807199409778,0.0
pp_primary_long,B,1.7453292519943295,0.5555555555555556,2386,-27.57219613673944,-0.09972990121308914,0.9172566816909796,0.9178754539638629,0.8431118047574621
pp_primary_long,B,1.7453292519943295,0.5555555555555556,2387,-28.314014290684096,-0.8864767700324224,0.917820383515914,0.9178806553363204,0.0
pp_primary_long,B,1.7453292519943295,0.5555555555555556,2388,-27.56706025716403,-0.08574185660245107,0.9172558391917199,0.9178753566728307,0.8431072959517982
pp_primary_long,B,1.7453292519943295,0.5555555555555556,2389,-27.934339594238644,-0.48804963297576576,0.9178204994904313,0.9178806754243772,0.0
pp_primary_long,B,1.7453292519943295,0.5555555555555556,2390,-27.50945655580741,-0.04565924875152178,0.9172543126777918,0.9178750779909236,0.8431031523837553
pp_primary_long,B,1.7453292519943295,0.5555555555555556,2391,-27.319457806286085,0.14312039868863224,0.9178199732156918,0.9178805903051038,0.0
pp_primary_long,B,1.7453292519943295,0.5555555555555556,2392,-27.4407807232061,-7.109641275974965e-05,0.9172543013334293,0.9178750747533506,0.843103191409188
pp_primary_long,B,1.7453292519943295,0.5555555555555556,2393,-26.797000628319108,0.6828210921891185,0.9178193358904634,0.9178804857490798,0.0
pp_primary_long,B,1.7453292519943295,0.5555555555555556,2394,-27.408129046705707,0.02760040543704456,0.9172533100423877,0.9178748757976007,0.8431009782402688
pp_primary_long,B,1.7453292519943295,0.5555555555555556,2395,-26.647163025668792,0.8538245243229899,0.9178194790493581,0.917880515702409,0.0
pp_primary_long,B,1.7453292519943295,0.5555555555555556,2396,-27.440067143346862,0.023146217721932344,0.9172521032658635,0.9178747070730635,0.843095639729292
pp_primary_long,B,1.7453292519943295,0.5555555555555556,2397,-26.958706653800387,0.568299911231909,0.9178192296442218,0.9178804762768152,0.0
pp_primary_long,B,1.7453292519943295,0.5555555555555556,2398,-27.53201692760013,-0.011153640341396431,0.9172536658177892,0.9178749738473518,0.843100712364526
pp_primary_long,B,1.7453292519943295,0.5555555555555556,2399,-27.583413703219545,-0.027095924999837206,0.9178193619135138,0.9178804998661255,0.0
pp_primary_long,B,1.7453292519943295,0.5555555555555556,2400,-27.64853520107163,-0.057672614741144,0.9172538855661049,0.9178750045628639,0.8431016485100828
pp_primary_long,B,1.7453292519943295,0.5555555555555556,2401,-28.212192960907657,-0.6265247087372809,0.9178204318755305,0.9178806520972335,0.0
pp_primary_long,B,1.7453292519943295,0.5555555555555556,2402,-27.741574613315343,-0.09251565689597754,0.9172552365902396,0.9178752078857654,0.8431070445142079
pp_primary_long,B,1.7453292519943295,0.5555555555555556,2403,-28.53387639866129,-0.9220803574396678,0.9178203732162392,0.9178806494545994,0.0
pp_primary_long,B,1.7453292519943295,0.5555555555555556,2404,-27.775152388927346,-0.09778435763863591,0.9172567462465058,0.9178754745632146,0.8431115851844423
pp_primary_long,B,1.7453292519943295,0.5555555555555556,2405,-28.395016918666393,-0.7619400307902203,0.9178206410371794,0.9178806895310696,0.0
pp_primary_long,B,1.7453292519943295,0.5555555555555556,2406,-27.74385198826996,-0.07078286420232985,0.9172554456243783,0.9178752809126389,0.8431063929391822
pp_primary_long,B,1.7453292519943295,0.5555555555555556,2407,-27.878762803609504,-0.22836217201013093,0.917820689387174,0.9178807052102727,0.0
pp_primary_long,B,1.7453292519943295,0.5555555555555556,2408,-27.675520758619058,-0.02536580385526231,0.9172552860380573,0.9178752511704539,0.843106058109786
pp_primary_long,B,1.7453292519943295,0.5555555555555556,2409,-27.262099568918757,0.4045666894572527,0.9178199723304973,0.9178805873107294,0.0
pp_primary_long,B,1.7453292519943295,0.5555555555555556,2410,-27.617098295494163,0.015124102079924776,0.9172549420751647,0.9178751765847214,0.8431054587262593
pp_primary_long,B,1.7453292519943295,0.5555555555555556,2411,-26.873593369832186,0.8117270310658997,0.9178197679524044,0.917880558874105,0.0
pp_primary_long,B,1.7453292519943295,0.5555555555555556,2412,-27.61036973732222,0.029901610925979705,0.9172530578032269,0.9178748355036948,0.8431000718612326
pp_primary_long,B,1.7453292519943295,0.5555555555555556,2413,-26.924622629422334,0.7839780327117408,0.9178195821166343,0.9178805250573856,0.0
pp_primary_long,B,1.7453292519943295,0.5555555555555556,2414,-27.67062657039697,0.011363775070376059,0.9172528649572357,0.9178748398743831,0.8430980906432316
pp_primary_long,B,1.7453292519943295,0.5555555555555556,2415,-27.400772247076198,0.33557610753840234,0.9178189002673253,0.9178804287708994,0.0
pp_primary_long,B,1.7453292519943295,0.5555555555555556,2416,-27.77871534162521,-0.03096269779656166,0.9172531248836162,0.9178748778910426,0.8430991001251898
pp_primary_long,B,1.7453292519943295,0.5555555555555556,2417,-28.069272120750565,-0.3031525104777401,0.9178195519468011,0.9178805261263243,0.0
pp_primary_long,B,1.7453292519943295,0.5555555555555556,2418,-27.890919825223307,-0.0753368367828566,0.9172529095627758,0.9178748450075384,0.8430981877159175
pp_primary_long,B,1.7453292519943295,0.5555555555555556,2419,-28.598538764611128,-0.804111862637872,0.917819957136712,0.9178805853510161,0.0
pp_primary_long,B,1.7453292519943295,0.5555555555555556,2420,-27.961391496196256,-0.09895625743382262,0.9172555500979677,0.9178752515008783,0.8431084078166794
pp_primary_long,B,1.7453292519943295,0.5555555555555556,2421,-28.72851292762823,-0.9099787796564717,0.9178201413332723,0.9178806090150553,0.0
pp_primary_long,B,1.7453292519943295,0.5555555555555556,2422,-27.965770716226498,-0.0897014316961379,0.9172557599150164,0.917875318622332,0.8431079454466656
pp_primary_long,B,1.7453292519943295,0.5555555555555556,2423,-28.404228530707734,-0.5663639924313585,0.9178208346931904,0.917880719335658,0.0
pp_primary_long,B,1.7453292519943295,0.5555555555555556,2424,-27.91359166918357,-0.05231757209025506,0.9172555938598473,0.9178752930070676,0.8431073884410882
pp_primary_long,B,1.7453292519943295,0.5555555555555556,2425,-27.804084806301713,0.05022560887859223,0.9178205443176559,0.9178806812895524,0.0
pp_primary_long,B,1.7453292519943295,0.5555555555555556,2426,-27.843478051121302,-0.006013207051148162,0.9172561029737711,0.9178754017386452,0.8431081842446532
pp_primary_long,B,1.7453292519943295,0.5555555555555556,2427,-27.24814347825808,0.6230649891011809,0.9178202000480019,0.9178806262533257,0.0
pp_primary_long,B,1.7453292519943295,0.5555555555555556,2428,-27.803245265911684,0.025429880395738097,0.9172549681131753,0.9178751646694614,0.8431061360924176
pp_primary_long,B,1.7453292519943295,0.5555555555555556,2429,-27.033801297450438,0.8578991699703877,0.917820232134292,0.9178806268221449,0.0
pp_primary_long,B,1.7453292519943295,0.5555555555555556,2430,-27.825355311944236,0.02586434235800912,0.9172536070076136,0.9178749482714663,0.8431012265501444
pp_primary_long,B,1.7453292519943295,0.5555555555555556,2431,-27.282952164128258,0.6341088262786494,0.9178194231253154,0.9178804990294978,0.0
pp_primary_long,B,1.7453292519943295,0.5555555555555556,2432,-27.910281978267797,-0.004942517204443775,0.9172536766174608,0.91787496072977,0.8431013898917302
pp_primary_long,B,1.7453292519943295,0.5555555555555556,2433,-27.87943035564451,0.06664507747201853,0.9178190894034827,0.9178804602126472,0.0
pp_primary_long,B,1.7453292519943295,0.5555555555555556,2434,-28.026198955434335,-0.05116262547416263,0.9172520601452541,0.9178747123314511,0.8430949982789178
pp_primary_long,B,1.7453292519943295,0.5555555555555556,2435,-28.52864359919743,-0.5529991505929179,0.9178195408503511,0.9178805249876698,0.0
pp_primary_long,B,1.7453292519943295,0.5555555555555556,2436,-28.125363200658402,-0.08905181808755543,0.917253184781344,0.9178748772218966,0.8430996589315578
pp_primary_long,B,1.7453292519943295,0.5555555555555556,2437,-28.908926753664453,-0.9065399003063417,0.9178194120210862,0.9178805026284096,0.0
pp_primary_long,B,1.7453292519943295,0.5555555555555556,2438,-28.16864151569573,-0.09914528433285669,0.9172549033171367,0.9178751569990498,0.8431057444983824
pp_primary_long,B,1.7453292519943295,0.5555555555555556,2439,-28.836732033142482,-0.8123709273323042,0.91782021814666,0.9178806161731157,0.0
pp_primary_long,B,1.7453292519943295,0.5555555555555556,2440,-28.14562366949094,-0.07626502918212405,0.9172548544654409,0.9178751522111531,0.8431054699041448
pp_primary_long,B,1.7453292519943295,0.5555555555555556,2441,-28.360966978367863,-0.31886048517954046,0.917820630900866,0.917880691989335,0.0
pp_primary_long,B,1.7453292519943295,0.5555555555555556,2442,-28.079920661461607,-0.03215596237955195,0.9172560248389303,0.9178753744848839,0.8431084081207268
pp_primary_long,B,1.7453292519943295,0.5555555555555556,2443,-27.737811913044595,0.320491460560077,0.9178203898841071,0.9178806557914864,0.0
pp_primary_long,B,1.7453292519943295,0.5555555555555556,2444,-28.017122370020296,0.010511314233748265,0.9172561924790248,0.9178754065771486,0.8431088139018553
pp_primary_long,B,1.7453292519943295,0.5555555555555556,2445,-27.29917351501991,0.7772637516864601,0.9178206131588857,0.9178806915324037,0.0
pp_primary_long,B,1.7453292519943295,0.5555555555555556,2446,-28.00125044151552,0.02983747465624345,0.9172549731807043,0.9178751739109366,0.8431059080395402
pp_primary_long,B,1.7453292519943295,0.5555555555555556,2447,-27.282178160044655,0.816826927759987,0.9178203560389705,0.9178806389384535,0.0
pp_primary_long,B,1.7453292519943295,0.5555555555555556,2448,-28.052291785712463,0.01588351165621868,0.9172549190622986,0.9178751679706431,0.8431056396772666
pp_primary_long,B,1.7453292519943295,0.5555555555555556,2449,-27.707356580305163,0.4188596136352455,0.9178194609996143,0.9178805113652738,0.0
pp_primary_long,B,1.7453292519943295,0.5555555555555556,2450,-28.15582963512293,-0.024179786455159946,0.9172535380473995,0.9178749354813942,0.8431009314226983
pp_primary_long,B,1.7453292519943295,0.5555555555555556,2451,-28.368119030752993,-0.21221156229617377,0.9178195423619318,0.9178805268034249,0.0
pp_primary_long,B,1.7453292519943295,0.5555555555555556,2452,-28.270496101519537,-0.06977806936748322,0.9172519773017759,0.9178747018107287,0.843094633085756
pp_primary_long,B,1.7453292519943295,0.5555555555555556,2453,-28.936857516689628,-0.7522240732074662,0.9178191662337025,0.9178804704161337,0.0
pp_primary_long,B,1.7453292519943295,0.5555555555555556,2454,-28.34917679522042,-0.09747936679287335,0.9172535739963431,0.9178749402906612,0.8431011092988081
pp_primary_long,B,1.7453292519943295,0.5555555555555556,2455,-29.13323528465939,-0.9237980106069237,0.9178193066692002,0.9178804811208486,0.0
pp_primary_long,B,1.7453292519943295,0.5555555555555556,2456,-28.363282981020753,-0.09306306531728031,0.91725361516313,0.9178749460209326,0.8431012353503993
pp_primary_long,B,1.7453292519943295,0.5555555555555556,2457,-28.868182338230355,-0.6387959734045012,0.917820163272428,0.9178806128508364,0.0
pp_primary_long,B,1.7453292519943295,0.5555555555555556,2458,-28.317348688148023,-0.058787221932309806,0.9172546669582597,0.9178751093353341,0.8431052295663192
pp_primary_long,B,1.7453292519943295,0.5555555555555556,2459,-28.28966587284081,-0.043613703073246246,0.9178201878450473,0.9178806223049115,0.0
pp_primary_long,B,1.7453292519943295,0.5555555555555556,2460,-28.24680912743043,-0.012271348037215024,0.9172560072379599,0.9178753815402856,0.8431079249815866
pp_primary_long,B,1.7453292519943295,0.5555555555555556,2461,-27.706639882832523,0.5560245223924722,0.9178204470654637,0.9178806655011862,0.0
pp_primary_long,B,1.7453292519943295,0.5555555555555556,2462,-28.19968958309597,0.022597482456543097,0.9172556749822185,0.9178753060160476,0.8431076410533103
pp_primary_long,B,1.7453292519943295,0.5555555555555556,2463,-27.430414519792972,0.8520969536948815,0.9178208510709124,0.9178807230804349,0.0
pp_primary_long,B,1.7453292519943295,0.5555555555555556,2464,-28.211989376720616,0.02791198313701855,0.9172556425280177,0.9178753030074762,0.8431075183699457
pp_primary_long,B,1.7453292519943295,0.5555555555555556,2465,-27.614670270522474,0.692521817107028,0.9178202414801122,0.917880624508356,0.0
pp_primary_long,B,1.7453292519943295,0.5555555555555556,2466,-28.289210974295845,0.0009374128682621274,0.9172557690482666,0.9178752937541464,0.8431090278727346
pp_primary_long,B,1.7453292519943295,0.5555555555555556,2467,-28.176577548728062,0.15926534154567995,0.9178199509200966,0.9178805874428753,0.0
pp_primary_long,B,1.7453292519943295,0.5555555555555556,2468,-28.403494893664305,-0.044470384299133914,0.9172531837145889,0.9178748919603407,0.8430991601533335
pp_primary_long,B,1.7453292519943295,0.5555555555555556,2469,-28.83930106548691,-0.4737454382761856,0.9178196846690895,0.9178805463691432,0.0
pp_primary_long,B,1.7453292519943295,0.5555555555555556,2470,-28.50794476657186,-0.08498744897784444,0.9172530554529886,0.9178748710661536,0.8430987706036425
pp_primary_long,B,1.7453292519943295,0.5555555555555556,2471,-29.274236060827004,-0.8813599168763333,0.9178189420880014,0.9178804356820056,0.0
pp_primary_long,B,1.7453292519943295,0.5555555555555556,2472,-28.560713151845626,-0.09979999611162203,0.9172530624758964,0.9178748690978887,0.8430988346109105
pp_primary_long,B,1.7453292519943295,0.5555555555555556,2473,-29.269763549723567,-0.8541991134628286,0.9178195019939027,0.9178805115521518,0.0
pp_primary_long,B,1.7453292519943295,0.5555555555555556,2474,-28.5464965046261,-0.08129829999163657,0.917252928925705,0.9178748144933949,0.8430995290973512
pp_primary_long,B,1.7453292519943295,0.5555555555555556,2475,-28.840004892782176,-0.40621563454880666,0.9178197759287887,0.9178805571681746,0.0
pp_primary_long,B,1.7453292519943295,0.5555555555555556,2476,-28.484395703290605,-0.03898197263677133,0.9172546884792633,0.9178751262030677,0.8431047968379285
pp_primary_long,B,1.7453292519943295,0.5555555555555556,2477,-28.2175029611219,0.232480337758804,0.9178198822138335,0.917880571150445,0.0
pp_primary_long,B,1.7453292519943295,0.5555555555555556,2478,-28.418152148671126,0.005398215298296122,0.9172552676552302,0.9178752443793673,0.8431059686282425
pp_primary_long,B,1.7453292519943295,0.5555555555555556,2479,-27.733834797250395,0.7338090971596606,0.9178205751748095,0.9178806861294538,0.0
pp_primary_long,B,1.7453292519943295,0.5555555555555556,2480,-28.39356021813669,0.029061257906166676,0.9172552799409972,0.9178752486931829,0.8431059826735554
pp_primary_long,B,1.7453292519943295,0.5555555555555556,2481,-27.649252052630406,0.8402527496698345,0.9178206773066943,0.9178806938459684,0.0
pp_primary_long,B,1.7453292519943295,0.5555555555555556,2482,-28.4350810563543,0.019842934033587473,0.9172565887319233,0.9178754539536604,0.8431108888088451
pp_primary_long,B,1.7453292519943295,0.5555555555555556,2483,-28.019006001401745,0.4971290802508809,0.9178203456415662,0.9178806463298645,0.0
pp_primary_long,B,1.7453292519943295,0.5555555555555556,2484,-28.53317890165621,-0.017514511873779448,0.9172555337354789,0.9178752578422337,0.8431080828141471
pp_primary_long,B,1.7453292519943295,0.5555555555555556,2485,-28.664974985744312,-0.11930509343396423,0.9178204703409474,0.9178806602050276,0.0
pp_primary_long,B,1.7453292519943295,0.5555555555555556,2486,-28.649287589360693,-0.06382977613223226,0.9172539032910453,0.9178750143958115,0.8431015909459592
pp_primary_long,B,1.7453292519943295,0.5555555555555556,2487,-29.26715203926938,-0.6924026973113568,0.9178195291475418,0.9178805252167882,0.0
pp_primary_long,B,1.7453292519943295,0.5555555555555556,2488,-28.735562771238854,-0.0953072367272936,0.9172538729821583,0.9178750086322002,0.8431014809324164
pp_primary_long,B,1.7453292519943295,0.5555555555555556,2489,-29.528022080713637,-0.9277859039870311,0.917819224087662,0.9178804767976759,0.0
pp_primary_long,B,1.7453292519943295,0.5555555555555556,2490,-28.75950896051783,-0.095784421738883,0.9172523463665957,0.9178747501063589,0.8430963509184748
pp_primary_long,B,1.7453292519943295,0.5555555555555556,2491,-29.325391934614522,-0.7045456389747408,0.9178195225738456,0.9178805203790484,0.0
pp_primary_long,B,1.7453292519943295,0.5555555555555556,2492,-28.72059693098701,-0.06500148814753909,0.917253140424437,0.9178748460613497,0.8431004237764487
pp_primary_long,B,1.7453292519943295,0.5555555555555556,2493,-28.775158334661906,-0.1373557812283382,0.9178193507602619,0.9178804866591341,0.0
pp_primary_long,B,1.7453292519943295,0.5555555555555556,2494,-28.650660008750272,-0.018786035491072883,0.9172542552805085,0.9178750617846391,0.8431030712463735
pp_primary_long,B,1.7453292519943295,0.5555555555555556,2495,-28.17175200824813,0.48244133650536597,0.9178198426504823,0.9178805671617003,0.0
pp_primary_long,B,1.7453292519943295,0.5555555555555556,2496,-28.597411850129433,0.019129400539384597,0.9172542454250285,0.9178750599207018,0.8431030342037706
pp_primary_long,B,1.7453292519943295,0.5555555555555556,2497,-27.836949614297986,0.8364744127269678,0.9178204451021712,0.9178806642076137,0.0
pp_primary_long,B,1.7453292519943295,0.5555555555555556,2498,-28.600013281454135,0.02926732242730455,0.917255476498844,0.9178752926832732,0.8431061583991601
pp_primary_long,B,1.7453292519943295,0.5555555555555556,2499,-27.954518995542482,0.742886377812701,0.9178203476094919,0.9178806473375029,0.0
pp_primary_long,B,1.7453292519943295,0.5555555555555556,2500,-28.66893433534834,0.0064216733921173,0.9172566613105823,0.9178754511106803,0.8431116572267947
pp_primary_long,B,1.7453292519943295,0.5555555555555556,2501,-28.47588667593793,0.24974384510492142,0.9178207529741099,0.9178807046623826,0.0
pp_primary_long,B,1.7453292519943295,0.5555555555555556,2502,-28.780574428494162,-0.037671080889206364,0.9172552533374192,0.9178752270838167,0.8431065888151008
pp_primary_long,B,1.7453292519943295,0.5555555555555556,2503,-29.145041862626904,-0.38963196504496717,0.9178205315677528,0.9178806684618557,0.0
pp_primary_long,B,1.7453292519943295,0.5555555555555556,2504,-28.88940003591179,-0.08036442630645169,0.917255327375973,0.9178752398986715,0.8431068563314869
pp_primary_long,B,1.7453292519943295,0.5555555555555556,2505,-29.63007515982243,-0.8468164676220712,0.9178196180140052,0.9178805404839517,0.0
pp_primary_long,B,1.7453292519943295,0.5555555555555556,2506,-28.95132876293174,-0.09973206129596515,0.9172537306358374,0.9178749981301751,0.843100425342421
pp_primary_long,B,1.7453292519943295,0.5555555555555556,2507,-29.69363468446936,-0.8869652355243783,0.9178196769830879,0.9178805471665721,0.0
pp_primary_long,B,1.7453292519943295,0.5555555555555556,2508,-28.94634228804735,-0.08582016276712082,0.9172525508700221,0.917874770956008,0.8430975919908847
pp_primary_long,B,1.7453292519943295,0.5555555555555556,2509,-29.31489594299664,-0.4894615090810574,0.9178192985073469,0.9178804853314584,0.0
pp_primary_long,B,1.7453292519943295,0.5555555555555556,2510,-28.88880139145373,-0.04577111372997782,0.9172534755245256,0.9178749200709342,0.8431009365062264
pp_primary_long,B,1.7453292519943295,0.5555555555555556,2511,-28.700193373392864,0.1415114564170188,0.9178192332156057,0.9178804661328925,0.0
pp_primary_long,B,1.7453292519943295,0.5555555555555556,2512,-28.820094506125102,-0.00016718927848027865,0.9172533877915147,0.9178749001769023,0.8431007644067149
pp_primary_long,B,1.7453292519943295,0.5555555555555556,2513,-28.17710244140159,0.6818441326055851,0.9178198453012315,0.917880571498145,0.0
pp_primary_long,B,1.7453292519943295,0.5555555555555556,2514,-28.787295248565833,0.027576344672205363,0.9172536853688007,0.9178749762284795,0.8431007362170428
pp_primary_long,B,1.7453292519943295,0.5555555555555556,2515,-28.02611795817413,0.8539883887230129,0.917819986066107,0.9178805920860809,0.0
pp_primary_long,B,1.7453292519943295,0.5555555555555556,2516,-28.819085441960095,0.023197886296431852,0.9172556667925604,0.9178753134837182,0.8431071914215701
pp_primary_long,B,1.7453292519943295,0.5555555555555556,2517,-28.336603080659724,0.5695113727177646,0.9178202907985462,0.917880640285982,0.0
pp_primary_long,B,1.7453292519943295,0.5555555555555556,2518,-28.910915408811167,-0.011041864198359438,0.9172557293038043,0.9178753023370083,0.8431082830667326
pp_primary_long,B,1.7453292519943295,0.5555555555555556,2519,-28.960879801022003,-0.025458553618171842,0.9178209704520456,0.9178807319353363,0.0
pp_primary_long,B,1.7453292519943295,0.5555555555555556,2520,-29.027432268753124,-0.05756064914156296,0.9172559359102832,0.9178753368760636,0.8431090454406395
pp_primary_long,B,1.7453292519943295,0.5555555555555556,2521,-29.590085156432796,-0.6253019421633573,0.9178203346595063,0.9178806440525742,0.0
pp_primary_long,B,1.7453292519943295,0.5555555555555556,2522,-29.12059091736316,-0.0924617080764337,0.917255961430652,0.9178753479744384,0.843108822138383
pp_primary_long,B,1.7453292519943295,0.5555555555555556,2523,-29.912817319932742,-0.9218958860963179,0.9178201145925377,0.9178806134635621,0.0
pp_primary_long,B,1.7453292519943295,0.5555555555555556,2524,-29.154365248621424,-0.09782606467616925,0.9172536054596652,0.9178749764543114,0.8431000510283019
pp_primary_long,B,1.7453292519943295,0.5555555555555556,2525,-29.775110433297662,-0.7628883563534589,0.9178198393257103,0.9178805739661632,0.0
pp_primary_long,B,1.7453292519943295,0.5555555555555556,2526,-29.12317766229328,-0.07088337093785559,0.9172535210647528,0.9178749364854092,0.84310081680336
pp_primary_long,B,1.7453292519943295,0.5555555555555556,2527,-29.25950819906442,-0.22996289343788467,0.9178191928249275,0.9178804641614319,0.0
pp_primary_long,B,1.7453292519943295,0.5555555555555556,2528,-29.054886301973198,-0.025485958866640554,0.917253368289735,0.9178749059891421,0.8431004105059954
pp_primary_long,B,1.7453292519943295,0.5555555555555556,2529,-28.642658682064198,0.4031349064264163,0.9178194064809736,0.9178804988933851,0.0
pp_primary_long,B,1.7453292519943295,0.5555555555555556,2530,-28.996351912945144,0.015057016043743099,0.9172526924055964,0.9178747747460221,0.8430987438497525
pp_primary_long,B,1.7453292519943295,0.5555555555555556,2531,-28.25323923633696,0.8112053525571646,0.9178196180744896,0.9178805339575286,0.0
pp_primary_long,B,1.7453292519943295,0.5555555555555556,2532,-28.989470410132423,0.029910778883383518,0.9172537793839736,0.9178750015995217,0.8431007053711395
pp_primary_long,B,1.7453292519943295,0.5555555555555556,2533,-28.303072576261872,0.784637475451637,0.9178195648041457,0.917880529241442,0.0
pp_primary_long,B,1.7453292519943295,0.5555555555555556,2534,-29.04957820336552,0.011448580159108601,0.9172549365409051,0.9178751787812245,0.843105232796876
pp_primary_long,B,1.7453292519943295,0.5555555555555556,2535,-28.778380536877364,0.33707165726830524,0.9178204470634825,0.9178806598765711,0.0
pp_primary_long,B,1.7453292519943295,0.5555555555555556,2536,-29.15759553067046,-0.03084275223490049,0.9172550617816556,0.917875202045818,0.843105599169158
pp_primary_long,B,1.7453292519943295,0.5555555555555556,2537,-29.446811773581118,-0.3015880517091081,0.9178206791055066,0.9178806908307775,0.0
pp_primary_long,B,1.7453292519943295,0.5555555555555556,2538,-29.26984282313497,-0.07523857582909688,0.9172568092896487,0.9178754686185789,0.8431124450050835
pp_primary_long,B,1.7453292519943295,0.5555555555555556,2539,-29.97682641625249,-0.8032850966793299,0.9178204116824767,0.9178806555183907,0.0
pp_primary_long,B,1.7453292519943295,0.5555555555555556,2540,-29.340488250985832,-0.09894147030799132,0.9172555561443494,0.9178752932373523,0.8431069457036927
pp_primary_long,B,1.7453292519943295,0.5555555555555556,2541,-30.10796877598962,-0.9103047391866196,0.9178205502555248,0.9178806783090331,0.0
pp_primary_long,B,1.7453292519943295,0.5555555555555556,2542,-29.34503825137304,-0.08977174766516165,0.9172543739153631,0.9178750933988113,0.8431031513614146
pp_primary_long,B,1.7453292519943295,0.5555555555555556,2543,-29.784698473917818,-0.5676796314117913,0.9178197805382561,0.9178805635182496,0.0
pp_primary_long,B,1.7453292519943295,0.5555555555555556,2544,-29.292962195691246,-0.05243904484468584,0.9172542839952733,0.9178750810410461,0.8431027205677938
pp_primary_long,B,1.7453292519943295,0.5555555555555556,2545,-29.184858011839363,0.04859260376656316,0.9178194403900001,0.9178805038997054,0.0
pp_primary_long,B,1.7453292519943295,0.5555555555555556,2546,-29.222822185123324,-0.006122348916141079,0.917253063091933,0.9178748382681133,0.8430999711204006
pp_primary_long,B,1.7453292519943295,0.5555555555555556,2547,-28.6283917200927,0.6219500985166615,0.9178195678312925,0.917880525899976,0.0
pp_primary_long,B,1.7453292519943295,0.5555555555555556,2548,-29.182435928605198,0.02539406136516789,0.9172527395392448,0.9178747986501743,0.8430983474530193
pp_primary_long,B,1.7453292519943295,0.5555555555555556,2549,-28.41293314494172,0.8578837736349116,0.9178192296248545,0.9178804707601992,0.0
pp_primary_long,B,1.7453292519943295,0.5555555555555556,2550,-29.20438916104999,0.025907791045855957,0.9172537792304277,0.9178749892192714,0.8431012118792329
pp_primary_long,B,1.7453292519943295,0.5555555555555556,2551,-28.660968396804815,0.6351983084808619,0.9178195234165455,0.9178805246508114,0.0
pp_primary_long,B,1.7453292519943295,0.5555555555555556,2552,-29.289186055354815,-0.004834524635906168,0.9172536244388795,0.9178749671924249,0.8431005065459236
pp_primary_long,B,1.7453292519943295,0.5555555555555556,2553,-29.256895618905794,0.06828148724552607,0.9178203254120753,0.9178806395421758,0.0
pp_primary_long,B,1.7453292519943295,0.5555555555555556,2554,-29.40507987294799,-0.05104396344094598,0.9172553370868177,0.917875238229336,0.8431068470498211
pp_primary_long,B,1.7453292519943295,0.5555555555555556,2555,-29.906414180335265,-0.5516638634874322,0.9178202591548585,0.9178806311863249,0.0
pp_primary_long,B,1.7453292519943295,0.5555555555555556,2556,-29.50434135857665,-0.08898062687235883,0.917256555586976,0.9178754317299201,0.8431113506449697
pp_primary_long,B,1.7453292519943295,0.5555555555555556,2557,-30.287686222921778,-0.9061875911956934,0.9178207542967467,0.9178807017234316,0.0
pp_primary_long,B,1.7453292519943295,0.5555555555555556,2558,-29.54780902671552,-0.09916648292047131,0.9172553209982035,0.9178752495657643,0.8431063680071007
pp_primary_long,B,1.7453292519943295,0.5555555555555556,2559,-30.216679312480416,-0.8131772743862754,0.91782056352767,0.9178806825666446,0.0
pp_primary_long,B,1.7453292519943295,0.5555555555555556,2560,-29.52493897275033,-0.07635989820722165,0.9172554781145084,0.9178752823169649,0.8431066869175424
pp_primary_long,B,1.7453292519943295,0.5555555555555556,2561,-29.741670412542828,-0.32041308769520394,0.9178198841011163,0.9178805772779683,0.0
pp_primary_long,B,1.7453292519943295,0.5555555555555556,2562,-29.45931434089712,-0.032287463233860655,0.9172544548340155,0.9178751084061302,0.8431032685437351
pp_primary_long,B,1.7453292519943295,0.5555555555555556,2563,-29.118461873307396,0.3189844068667987,0.9178198655192805,0.9178805741518691,0.0
pp_primary_long,B,1.7453292519943295,0.5555555555555556,2564,-29.396413424838254,0.010427758337689108,0.9172531664014328,0.9178748548457716,0.8431003958970477
pp_primary_long,B,1.7453292519943295,0.5555555555555556,2565,-28.678993337406236,0.7765764981626142,0.9178195139216543,0.9178805115225126,0.0
pp_primary_long,B,1.7453292519943295,0.5555555555555556,2566,-29.380382651266565,0.029832081439600505,0.9172533724453223,0.9178749131805364,0.8431002120458677
pp_primary_long,B,1.7453292519943295,0.5555555555555556,2567,-28.660799372724135,0.8173161652099094,0.9178190709589491,0.9178804498648742,0.0
pp_primary_long,B,1.7453292519943295,0.5555555555555556,2568,-29.431258702660074,0.015960541563901365,0.9172530395942319,0.9178748550980912,0.8430990962785377
pp_primary_long,B,1.7453292519943295,0.5555555555555556,2569,-29.08504490137568,0.42027596496963815,0.9178196550376669,0.9178805431358423,0.0
pp_primary_long,B,1.7453292519943295,0.5555555555555556,2570,-29.53471228865012,-0.024061475454071737,0.917253044423027,0.917874878179328,0.8430982275254337
pp_primary_long,B,1.7453292519943295,0.5555555555555556,2571,-29.745606553391372,-0.21059602950949635,0.9178198027045921,0.9178805633584868,0.0
pp_primary_long,B,1.7453292519943295,0.5555555555555556,2572,-29.649400057661293,-0.06967101914837678,0.9172555144835048,0.917875256618257,0.8431078652012898
pp_primary_long,B,1.7453292519943295,0.5555555555555556,2573,-30.31498551349116,-0.7512478212005627,0.917820193408649,0.9178806168907476,0.0
pp_primary_long,B,1.7453292519943295,0.5555555555555556,2574,-29.728229269016705,-0.09744482375726296,0.9172554586532343,0.9178752593567123,0.8431072646840903
pp_primary_long,B,1.7453292519943295,0.5555555555555556,2575,-30.512509137624807,-0.9239549244122301,0.917820853772052,0.9178807170711966,0.0
pp_primary_long,B,1.7453292519943295,0.5555555555555556,2576,-29.742502865208845,-0.09311234145273928,0.9172558504718895,0.9178753245045125,0.8431086495385068
pp_primary_long,B,1.7453292519943295,0.5555555555555556,2577,-30.248535632882064,-0.6400041136917898,0.9178203815429533,0.9178806551086358,0.0
pp_primary_long,B,1.7453292519943295,0.5555555555555556,2578,-29.69671307950182,-0.0589054724233794,0.9172559364414726,0.9178753722332387,0.8431076407503652
pp_primary_long,B,1.7453292519943295,0.5555555555555556,2579,-29.670448682945946,-0.04525126143233105,0.9178202521362281,0.9178806349251134,0.0
pp_primary_long,B,1.7453292519943295,0.5555555555555556,2580,-29.626180464144632,-0.012392251892716838,0.917254477156402,0.9178750976748768,0.8431039104748762
pp_primary_long,B,1.7453292519943295,0.5555555555555556,2581,-29.087020661329856,0.5547914457246222,0.9178201346511071,0.9178806131342988,0.0
pp_primary_long,B,1.7453292519943295,0.5555555555555556,2582,-29.578924606829933,0.02254191750401853,0.9172539553799155,0.9178750062875201,0.843102386872302
pp_primary_long,B,1.7453292519943295,0.5555555555555556,2583,-28.80973252339834,0.8519036319657673,0.9178194098256998,0.9178804941640749,0.0
pp_primary_long,B,1.7453292519943295,0.5555555555555556,2584,-29.591054193256166,0.02794124639571202,0.9172537433924925,0.9178749607239162,0.8431019806559871
pp_primary_long,B,1.7453292519943295,0.5555555555555556,2585,-28.992834590123095,0.6934671857244554,0.9178193262436404,0.9178804927675701,0.0
pp_primary_long,B,1.7453292519943295,0.5555555555555556,2586,-29.66812951411872,0.0010385529971880664,0.917252217804479,0.9178747285053692,0.8430958986904625
pp_primary_long,B,1.7453292519943295,0.5555555555555556,2587,-29.554075285009315,0.16087225478308775,0.917819502446119,0.9178805181080764,0.0
pp_primary_long,B,1.7453292519943295,0.5555555555555556,2588,-29.782375909869746,-0.04435125446552857,0.9172534441615235,0.9178749350215925,0.8430999875404264
pp_primary_long,B,1.7453292519943295,0.5555555555555556,2589,-30.21697225236228,-0.47231100213759425,0.917819379793487,0.9178804998668463,0.0
pp_primary_long,B,1.7453292519943295,0.5555555555555556,2590,-29.886903358401163,-0.08490680504691006,0.9172545981415698,0.9178751121703045,0.8431044700415519
pp_primary_long,B,1.7453292519943295,0.5555555555555556,2591,-30.652815948262347,-0.8808356375944694,0.9178203200762123,0.9178806320817753,0.0
pp_primary_long,B,1.7453292519943295,0.5555555555555556,2592,-29.939832292741666,-0.09979983161056097,0.9172548628177908,0.9178751497069207,0.8431056236651664
pp_primary_long,B,1.7453292519943295,0.5555555555555556,2593,-30.64954388361839,-0.854852414503632,0.9178205175210065,0.9178806706049351,0.0
pp_primary_long,B,1.7453292519943295,0.5555555555555556,2594,-29.925770805887076,-0.0813752256996712,0.917256322969704,0.9178754084171614,0.8431099833438888
pp_primary_long,B,1.7453292519943295,0.5555555555555556,2595,-30.220633682902534,-0.40770609089210724,0.9178203856084987,0.9178806524751775,0.0
pp_primary_long,B,1.7453292519943295,0.5555555555555556,2596,-29.863782084039563,-0.03911057021665064,0.9172556807048976,0.9178753243379776,0.8431069606937176
pp_primary_long,B,1.7453292519943295,0.5555555555555556,2597,-29.598213751872727,0.23091704528660378,0.9178206048360431,0.9178806903952428,0.0
pp_primary_long,B,1.7453292519943295,0.5555555555555556,2598,-29.797472786641496,0.005301049272681865,0.917254883855199,0.9178751698250742,0.8431051847224306
pp_primary_long,B,1.7453292519943295,0.5555555555555556,2599,-29.113814652292824,0.7329724814977592,0.91782014603435,0.9178806097594199,0.0
pp_primary_long,B,1.7453292519943295,0.5555555555555556,2600,-29.772736797025143,0.0290358923868672,0.9172549685441743,0.9178751789438938,0.8431056427891396
pp_primary_long,B,1.7453292519943295,0.5555555555555556,2601,-29.028054723509133,0.8405691152974009,0.9178195952478012,0.9178805290145633,0.0
pp_primary_long,B,1.7453292519943295,0.5555555555555556,2602,-29.81407520213075,0.0199075616689047,0.9172534757884421,0.91787491018992,0.843101255400043
pp_primary_long,B,1.7453292519943295,0.5555555555555556,2603,-29.39680343420532,0.4984412005197409,0.9178196482838444,0.9178805385965503,0.0
pp_primary_long,B,1.7453292519943295,0.5555555555555556,2604,-29.912072752134698,-0.017400814563449246,0.9172524410464415,0.9178747743708949,0.8430963876847962
pp_primary_long,B,1.7453292519943295,0.5555555555555556,2605,-30.042444480628493,-0.11766710145994336,0.917819114870607,0.9178804605677913,0.0
pp_primary_long,B,1.7453292519943295,0.5555555555555556,2606,-30.028191206693762,-0.06372126053301491,0.9172535850504503,0.9178749514189859,0.8431007716922576
pp_primary_long,B,1.7453292519943295,0.5555555555555556,2607,-30.645143275108783,-0.6912875140817649,0.9178194177386234,0.9178805022762437,0.0
pp_primary_long,B,1.7453292519943295,0.5555555555555556,2608,-30.114594115922603,-0.09526235790479096,0.9172533374956418,0.9178749085201641,0.8430999363998378
pp_primary_long,B,1.7453292519943295,0.5555555555555556,2609,-30.90711472806282,-0.927765658324151,0.9178201497556574,0.9178806103265078,0.0
pp_primary_long,B,1.7453292519943295,0.5555555555555556,2610,-30.138685907777848,-0.09581449962544693,0.9172550324595894,0.9178751655706218,0.8431066302021518
pp_primary_long,B,1.7453292519943295,0.5555555555555556,2611,-30.70560721205392,-0.7056318233355148,0.9178201195179403,0.9178806081212005,0.0
pp_primary_long,B,1.7453292519943295,0.5555555555555556,2612,-30.09992705697785,-0.06510508132826826,0.9172559450948035,0.917875356642391,0.8431082613718579
pp_primary_long,B,1.7453292519943295,0.5555555555555556,2613,-30.155919420678494,-0.1389832468442374,0.91782056331165,0.9178806788636336,0.0
pp_primary_long,B,1.7453292519943295,0.5555555555555556,2614,-30.030023476744102,-0.018904785348887093,0.9172553581404369,0.9178752560733069,0.843106455258966
pp_primary_long,B,1.7453292519943295,0.5555555555555556,2615,-29.55223623658728,0.4811064454924532,0.9178206607348868,0.9178806967107872,0.0
pp_primary_long,B,1.7453292519943295,0.5555555555555556,2616,-29.9766794594436,0.019058382188664208,0.9172556821778833,0.9178753194548401,0.8431072316642954
pp_primary_long,B,1.7453292519943295,0.5555555555555556,2617,-29.216441232122783,0.8361150483165171,0.9178201385794604,0.917880610902075,0.0
pp_primary_long,B,1.7453292519943295,0.5555555555555556,2618,-29.979115837571584,0.029279312871380386,0.9172553948251148,0.9178752345260838,0.8431076014343679
pp_primary_long,B,1.7453292519943295,0.5555555555555556,2619,-29.332841082993145,0.7436815723235397,0.9178200773107276,0.9178806037801686,0.0
pp_primary_long,B,1.7453292519943295,0.5555555555555556,2620,-30.047874336576054,0.0065131785899912725,0.9172533962272387,0.9178749127819347,0.8431004366308582
pp_primary_long,B,1.7453292519943295,0.5555555555555556,2621,-29.85344456109979,0.2512951167354219,0.9178196468291638,0.9178805348982965,0.0
pp_primary_long,B,1.7453292519943295,0.5555555555555556,2622,-30.15946126629483,-0.037553498034205754,0.917253456208492,0.9178749342534075,0.8431002368477984
pp_primary_long,B,1.7453292519943295,0.5555555555555556,2623,-30.522645371017507,-0.38812459730397947,0.917819018717322,0.9178804476796325,0.0
pp_primary_long,B,1.7453292519943295,0.5555555555555556,2624,-30.268357425352235,-0.08028148663649409,0.9172528249153097,0.917874834269794,0.8430978071224957
pp_primary_long,B,1.7453292519943295,0.5555555555555556,2625,-31.008495941890473,-0.8461267598032864,0.9178195951845629,0.9178805290216208,0.0
pp_primary_long,B,1.7453292519943295,0.5555555555555556,2626,-30.330428010371424,-0.09972168863125772,0.9172530081586395,0.9178748416888919,0.8430992596296014
pp_primary_long,B,1.7453292519943295,0.5555555555555556,2627,-31.073247061786606,-0.887453287905294,0.9178196704114393,0.9178805403703734,0.0
pp_primary_long,B,1.7453292519943295,0.5555555555555556,2628,-30.325586401965626,-0.08588322228215031,0.9172549804584811,0.9178751663663031,0.8431061065825668
pp_primary_long,B,1.7453292519943295,0.5555555555555556,2629,-30.695431538461555,-0.49087351372393534,0.9178200007528057,0.9178805847936079,0.0
pp_primary_long,B,1.7453292519943295,0.5555555555555556,2630,-30.26815678172715,-0.0458871982594906,0.9172550310023634,0.9178751944388992,0.8431055584931464
pp_primary_long,B,1.7453292519943295,0.5555555555555556,2631,-30.080937306387284,0.13990499582674243,0.9178206008089409,0.9178806870936463,0.0
pp_primary_long,B,1.7453292519943295,0.5555555555555556,2632,-30.199413299321108,-0.00026548473232346215,0.917255407263621,0.917875268569569,0.843106435522426
pp_primary_long,B,1.7453292519943295,0.5555555555555556,2633,-29.557217377953023,0.6808699673450849,0.9178204565372304,0.9178806631407815,0.0
pp_primary_long,B,1.7453292519943295,0.5555555555555556,2634,-30.166501954979147,0.02753632149308799,0.9172562705327401,0.9178754145383016,0.8431092588777037
pp_primary_long,B,1.7453292519943295,0.5555555555555556,2635,-29.405091872735795,0.8541391260267672,0.9178203766345688,0.9178806518415655,0.0
pp_primary_long,B,1.7453292519943295,0.5555555555555556,2636,-30.19810886068171,0.023248711662806953,0.9172551737917937,0.9178751977440319,0.8431068685713139
pp_primary_long,B,1.7453292519943295,0.5555555555555556,2637,-29.714518542198576,0.5707104761600875,0.9178204304511841,0.9178806512514882,0.0
pp_primary_long,B,1.7453292519943295,0.5555555555555556,2638,-30.289821185663715,-0.010933349662593198,0.9172543086032151,0.9178750718572,0.8431033239359524
pp_primary_long,B,1.7453292519943295,0.5555555555555556,2639,-30.338354857086365,-0.023823082442076815,0.917819512282439,0.9178805179186897,0.0
pp_primary_long,B,1.7453292519943295,0.5555555555555556,2640,-30.406336093041116,-0.05745075626470382,0.9172539248930693,0.9178750075380491,0.8431019693546355
pp_primary_long,B,1.7453292519943295,0.5555555555555556,2641,-30.9679656273381,-0.6240697940332934,0.9178193827959866,0.9178805019449637,0.0
pp_primary_long,B,1.7453292519943295,0.5555555555555556,2642,-30.49961774710968,-0.0924127040542698,0.9172522079409081,0.9178747364520443,0.8430955109506393
pp_primary_long,B,1.7453292519943295,0.5555555555555556,2643,-31.29174382755985,-0.9216999723311554,0.9178194696582714,0.9178805134095015,0.0
pp_primary_long,B,1.7453292519943295,0.5555555555555556,2644,-30.53353126224978,-0.09784935051324078,0.9172534485825472,0.9178749090428675,0.8431010294284582
pp_primary_long,B,1.7453292519943295,0.5555555555555556,2645,-31.155186137862223,-0.7638366831848399,0.9178193396401468,0.9178804853410076,0.0
pp_primary_long,B,1.7453292519943295,0.5555555555555556,2646,-30.502488207939315,-0.0709779425726292,0.9172541873435471,0.9178750432779132,0.8431030962400288
pp_primary_long,B,1.7453292519943295,0.5555555555555556,2647,-30.640233107530854,-0.2315637588883679,0.9178200357063303,0.9178805921136282,0.0
pp_primary_long,B,1.7453292519943295,0.5555555555555556,2648,-30.434226141392585,-0.02559598925895408,0.9172543581624125,0.9178750671664475,0.8431038333566938
pp_primary_long,B,1.7453292519943295,0.5555555555555556,2649,-30.023224510517018,0.40170756159402826,0.9178203273246415,0.9178806447580196,0.0
pp_primary_long,B,1.7453292519943295,0.5555555555555556,2650,-30.375625305035033,0.014981392368758298,0.9172556404156574,0.9178753198010366,0.8431066992660369
pp_primary_long,B,1.7453292519943295,0.5555555555555556,2651,-29.632886607489937,0.8106859979568699,0.9178202916680068,0.9178806394497419,0.0
pp_primary_long,B,1.7453292519943295,0.5555555555555556,2652,-30.36859648167127,0.02991067797411326,0.9172560530533148,0.9178753630087771,0.8431090926474033
pp_primary_long,B,1.7453292519943295,0.5555555555555556,2653,-29.681545843326393,0.7852849032416256,0.91782073462797,0.9178807036362018,0.0
pp_primary_long,B,1.7453292519943295,0.5555555555555556,2654,-30.4285379934432,0.011530272293390612,0.9172552283635186,0.9178752232523926,0.8431064802675086
pp_primary_long,B,1.7453292519943295,0.5555555555555556,2655,-30.15600608161925,0.338556977878017,0.9178203883370983,0.9178806439571048,0.0
pp_primary_long,B,1.7453292519943295,0.5555555555555556,2656,-30.536482845350605,-0.030725022209487696,0.9172555316176342,0.917875263633129,0.8431078822261294
pp_primary_long,B,1.7453292519943295,0.5555555555555556,2657,-30.82436452759657,-0.3000295106715618,0.9178197225421751,0.9178805530870539,0.0
pp_primary_long,B,1.7453292519943295,0.5555555555555556,2658,-30.64879284552091,-0.0751506790130298,0.9172535819854032,0.917874961871766,0.843100330207905
pp_primary_long,B,1.7453292519943295,0.5555555555555556,2659,-31.35510559537586,-0.8024463266443527,0.9178197449448923,0.9178805559137647,0.0
pp_primary_long,B,1.7453292519943295,0.5555555555555556,2660,-30.71958129927632,-0.09892588516710449,0.9172527235800607,0.917874812962931,0.8430976802501965
pp_primary_long,B,1.7453292519943295,0.5555555555555556,2661,-31.48742167511554,-0.9106233080201422,0.9178191825651857,0.9178804697880724,0.0
pp_primary_long,B,1.7453292519943295,0.5555555555555556,2662,-30.724283548704474,-0.08983318506434665,0.9172535541131163,0.9178749399494583,0.8431009179709847
pp_primary_long,B,1.7453292519943295,0.5555555555555556,2663,-31.165139269316185,-0.5689944379795514,0.9178193867286529,0.9178804902433045,0.0
pp_primary_long,B,1.7453292519943295,0.5555555555555556,2664,-30.6723058414335,-0.05254994892227734,0.917253274054365,0.9178748776969875,0.8431004854016664
pp_primary_long,B,1.7453292519943295,0.5555555555555556,2665,-30.56562453583213,0.04695803088449435,0.9178199098666393,0.9178805775243003,0.0
pp_primary_long,B,1.7453292519943295,0.5555555555555556,2666,-30.60213200059065,-0.006218362328224911,0.9172541975209024,0.917875047430799,0.8431029990149588
pp_primary_long,B,1.7453292519943295,0.5555555555555556,2667,-30.008628766288666,0.6208423610732617,0.9178199160413837,0.9178805785155116,0.0
pp_primary_long,B,1.7453292519943295,0.5555555555555556,2668,-30.56165102552897,0.025348211400150478,0.9172554700677962,0.917875284164779,0.8431063917377513
pp_primary_long,B,1.7453292519943295,0.5555555555555556,2669,-29.792069457680995,0.8578685317970628,0.9178203529217326,0.9178806504601446,0.0
pp_primary_long,B,1.7453292519943295,0.5555555555555556,2670,-30.583430232370766,0.02594875656474971,0.9172553252085098,0.9178752441545204,0.8431065617880081
pp_primary_long,B,1.7453292519943295,0.5555555555555556,2671,-30.03899977825632,0.6362820794808194,0.9178207998678849,0.9178807088426612,0.0
pp_primary_long,B,1.7453292519943295,0.5555555555555556,2672,-30.668100245293395,-0.00473067186575736,0.9172560331481259,0.9178753576619793,0.8431091598926016
pp_primary_long,B,1.7453292519943295,0.5555555555555556,2673,-30.634381132561032,0.069904272304259,0.9178202676449562,0.9178806313819093,0.0
pp_primary_long,B,1.7453292519943295,0.5555555555555556,2674,-30.783972982292497,-0.05092876301172872,0.9172558188125791,0.9178753091985439,0.843108874553679
pp_primary_long,B,1.7453292519943295,0.5555555555555556,2675,-31.284192956204503,-0.5503319206557379,0.91782024521684,0.9178806290926874,0.0
pp_primary_long,B,1.7453292519943295,0.5555555555555556,2676,-30.88335040804398,-0.0889220438577598,0.9172536217632405,0.9178749732935985,0.8431003329111678
pp_primary_long,B,1.7453292519943295,0.5555555555555556,2677,-31.66645384462763,-0.9058256957637556,0.9178197506259416,0.91788055822872,0.0
pp_primary_long,B,1.7453292519943295,0.5555555555555556,2678,-30.92697255549573,-0.0991860639180405,0.9172537482616396,0.917874982536059,0.8431012463359451
pp_primary_long,B,1.7453292519943295,0.5555555555555556,2679,-31.59661721208115,-0.8139778425548484,0.9178191892130266,0.9178804677431629,0.0
pp_primary_long,B,1.7453292519943295,0.5555555555555556,2680,-30.904258265257752,-0.07645643944648263,0.9172530834426199,0.9178748672629455,0.8430990705898536
pp_primary_long,B,1.7453292519943295,0.5555555555555556,2681,-31.122356122664925,-0.32196684118890967,0.9178195556283617,0.9178805212472743,0.0
pp_primary_long,B,1.7453292519943295,0.5555555555555556,2682,-30.83865499409964,-0.032397941773605075,0.91725297215674,0.9178748169887969,0.8430998525680768
pp_primary_long,B,1.7453292519943295,0.5555555555555556,2683,-30.499103839567177,0.3174766321858097,0.9178195698664037,0.9178805228486488,0.0
pp_primary_long,B,1.7453292519943295,0.5555555555555556,2684,-30.77569159004333,0.010348556260853153,0.9172541862280158,0.9178750573576242,0.8431025391592137
pp_primary_long,B,1.7453292519943295,0.5555555555555556,2685,-30.058794366148476,0.7758948388402491,0.9178196826577586,0.9178805432440327,0.0
pp_primary_long,B,1.7453292519943295,0.5555555555555556,2686,-30.75951715126699,0.02982590829426414,0.9172546061685862,0.9178751249287117,0.8431040582063078
pp_primary_long,B,1.7453292519943295,0.5555555555555556,2687,-30.039424517048083,0.8178087308025138,0.9178204310204964,0.9178806602809315,0.0
pp_primary_long,B,1.7453292519943295,0.5555555555555556,2688,-30.810231369903917,0.01603457338281808,0.9172550419698594,0.917875209208671,0.8431051114343726
pp_primary_long,B,1.7453292519943295,0.5555555555555556,2689,-30.462740328674947,0.4216892066466214,0.9178204789932416,0.917880662242344,0.0
pp_primary_long,B,1.7453292519943295,0.5555555555555556,2690,-30.913596762185144,-0.023943047024620995,0.9172566601478714,0.9178754480401526,0.8431117503652149
pp_primary_long,B,1.7453292519943295,0.5555555555555556,2691,-31.123110739286027,-0.20899489280711842,0.9178204693986471,0.917880662045176,0.0
pp_primary_long,B,1.7453292519943295,0.5555555555555556,2692,-31.02832672272354,-0.06957227816052558,0.9172553440519218,0.9178752432076077,0.8431067856603687
pp_primary_long,B,1.7453292519943295,0.5555555555555556,2693,-31.693123827843362,-0.7502716187243977,0.917820554117419,0.9178806733557547,0.0
pp_primary_long,B,1.7453292519943295,0.5555555555555556,2694,-31.107296566674403,-0.09741625104753225,0.9172546452453548,0.9178751341743376,0.8431042168922743
pp_primary_long,B,1.7453292519943295,0.5555555555555556,2695,-31.891799047465426,-0.9241065130952235,0.9178196707091348,0.9178805470261022,0.0
pp_primary_long,B,1.7453292519943295,0.5555555555555556,2696,-31.121750126666427,-0.09317222846296608,0.9172541613933851,0.9178750646062096,0.8431020992703204
pp_primary_long,B,1.7453292519943295,0.5555555555555556,2697,-31.62887617521236,-0.6412068860501388,0.917819549334788,0.9178805233857931,0.0
pp_primary_long,B,1.7453292519943295,0.5555555555555556,2698,-31.076070445403904,-0.05902090583045776,0.9172528238926798,0.9178748110393149,0.8430986696579684
pp_primary_long,B,1.7453292519943295,0.5555555555555556,2699,-31.051232782782193,-0.04689294235546548,0.9178195470679466,0.9178805220669971,0.0
pp_primary_long,B,1.7453292519943295,0.5555555555555556,2700,-31.005507965007865,-0.012496040724143717,0.917253267553954,0.9178748799194404,0.8431003924015255
pp_primary_long,B,1.7453292519943295,0.5555555555555556,2701,-30.46738122306889,0.5535579617200711,0.9178192732106,0.9178804732100506,0.0
pp_primary_long,B,1.7453292519943295,0.5555555555555556,2702,-30.958151567868654,0.022489310121378156,0.9172538083043609,0.9178749842218301,0.8431016614577007
pp_primary_long,B,1.7453292519943295,0.5555555555555556,2703,-30.189039464473147,0.8517134411238759,0.9178197089138671,0.9178805504698947,0.0
pp_primary_long,B,1.7453292519943295,0.5555555555555556,2704,-30.97010588928038,0.027975245143126368,0.9172536285500309,0.9178749655530927,0.8431005899795785
pp_primary_long,B,1.7453292519943295,0.5555555555555556,2705,-30.37099173347797,0.6944220660752193,0.9178201865469623,0.9178806207745741,0.0
pp_primary_long,B,1.7453292519943295,0.5555555555555556,2706,-31.047051126306933,0.001137777618389374,0.9172553683015634,0.9178752584962702,0.8431063680030997
pp_primary_long,B,1.7453292519943295,0.5555555555555556,2707,-30.93157768370649,0.16247392210630046,0.9178201930176875,0.9178806222840109,0.0
pp_primary_long,B,1.7453292519943295,0.5555555555555556,2708,-31.161256160225065,-0.04423069129582659,0.9172561604625817,0.9178753658487514,0.8431100132990883
pp_primary_long,B,1.7453292519943295,0.5555555555555556,2709,-31.594649426651376,-0.47088529305946636,0.9178208061363767,0.9178807073899585,0.0
pp_primary_long,B,1.7453292519943295,0.5555555555555556,2710,-31.265875799006782,-0.08483172205873135,0.9172553711008995,0.9178752484186926,0.8431068865079225
pp_primary_long,B,1.7453292519943295,0.5555555555555556,2711,-32.03141660100418,-0.8803131175947841,0.9178204452003715,0.9178806600586619,0.0
pp_primary_long,B,1.7453292519943295,0.5555555555555556,2712,-31.318968105056108,-0.09980568538305526,0.9172556770026844,0.9178753055358102,0.8431076864466535
pp_primary_long,B,1.7453292519943295,0.5555555555555556,2713,-32.02933051071531,-0.855500950520428,0.917819901454341,0.9178805805605965,0.0
pp_primary_long,B,1.7453292519943295,0.5555555555555556,2714,-31.30509164144825,-0.08147053831072343,0.917254027466707,0.9178750450315628,0.843101500629968
pp_primary_long,B,1.7453292519943295,0.5555555555555556,2715,-31.601267257197932,-0.4091941265065159,0.9178198951927025,0.9178805795685737,0.0
pp_primary_long,B,1.7453292519943295,0.5555555555555556,2716,-31.24314551370086,-0.03922990676588611,0.9172532948051495,0.9178748867362241,0.8431004368004877
pp_primary_long,B,1.7453292519943295,0.5555555555555556,2717,-30.97892624287245,0.22934893839690584,0.9178194092574727,0.9178804960168364,0.0
pp_primary_long,B,1.7453292519943295,0.5555555555555556,2718,-31.176780705619443,0.005208659656190426,0.9172536202187027,0.9178749492862387,0.8431012162743883
pp_primary_long,B,1.7453292519943295,0.5555555555555556,2719,-30.493777141166323,0.7321315610882455,0.917819275383527,0.9178804770192972,0.0
pp_primary_long,B,1.7453292519943295,0.5555555555555556,2720,-31.151887876856307,0.02902083316204203,0.9172530413538066,0.9178748428805357,0.8430995479854256
pp_primary_long,B,1.7453292519943295,0.5555555555555556,2721,-30.406848638166693,0.8408911955469942,0.9178197188467567,0.9178805511455286,0.0
pp_primary_long,B,1.7453292519943295,0.5555555555555556,2722,-31.19306109811663,0.019974136677548812,0.9172533848083342,0.9178749356890279,0.8430993475884427
pp_primary_long,B,1.7453292519943295,0.5555555555555556,2723,-30.77458698416611,0.4997636306288107,0.9178196990760906,0.917880547899347,0.0
pp_primary_long,B,1.7453292519943295,0.5555555555555556,2724,-31.290959264912694,-0.017283979660918436,0.9172552836982713,0.9178752313686763,0.8431065814159366
pp_primary_long,B,1.7453292519943295,0.5555555555555556,2725,-31.419910770197575,-0.11603266712933141,0.9178202453893156,0.9178806272823196,0.0
pp_primary_long,B,1.7453292519943295,0.5555555555555556,2726,-31.407094879908506,-0.06361264715885538,0.9172551642034847,0.9178752110960275,0.8431062295806088
pp_primary_long,B,1.7453292519943295,0.5555555555555556,2727,-32.023138271778976,-0.6901764961195775,0.9178207817821649,0.9178807037779365,0.0
pp_primary_long,B,1.7453292519943295,0.5555555555555556,2728,-31.493617182975974,-0.09521389303211353,0.9172561218030745,0.9178753606863763,0.843109876718579
pp_primary_long,B,1.7453292519943295,0.5555555555555556,2729,-32.286225567061464,-0.9277492039353331,0.9178203074563916,0.9178806406776289,0.0
pp_primary_long,B,1.7453292519943295,0.5555555555555556,2730,-31.517904357754645,-0.09586047909746659,0.9172557704881414,0.9178753331133973,0.8431074866079513
pp_primary_long,B,1.7453292519943295,0.5555555555555556,2731,-32.085825738186514,-0.7067126537589894,0.9178203377116085,0.9178806461841035,0.0
pp_primary_long,B,1.7453292519943295,0.5555555555555556,2732,-31.47928465865171,-0.06521945163668197,0.9172542086566017,0.9178750635993423,0.8431026007554772
pp_primary_long,B,1.7453292519943295,0.5555555555555556,2733,-31.536702004626832,-0.14061122795618713,0.9178199849645592,0.9178805924435567,0.0
pp_primary_long,B,1.7453292519943295,0.5555555555555556,2734,-31.409384684384673,-0.01902265152996302,0.9172541572218288,0.9178750471762648,0.8431027647805642
pp_primary_long,B,1.7453292519943295,0.5555555555555556,2735,-30.932715157973824,0.4797651905960474,0.917819419601263,0.9178804964088775,0.0
pp_primary_long,B,1.7453292519943295,0.5555555555555556,2736,-31.355940499254075,0.018990394830656343,0.9172536069459135,0.9178749345470304,0.8431016049060751
pp_primary_long,B,1.7453292519943295,0.5555555555555556,2737,-30.595930887709073,0.8357479066049911,0.9178195174666745,0.9178805183658555,0.0
pp_primary_long,B,1.7453292519943295,0.5555555555555556,2738,-31.358189828006687,0.02930224292867295,0.9172525773781545,0.9178747743026259,0.8430976493458429
pp_primary_long,B,1.7453292519943295,0.5555555555555556,2739,-30.711148270697706,0.7444860126379681,0.9178194621173674,0.9178805085815266,0.0
pp_primary_long,B,1.7453292519943295,0.5555555555555556,2740,-31.42680884089692,0.006605934206058747,0.917253701477374,0.9178749820978436,0.8431006989506408
pp_primary_long,B,1.7453292519943295,0.5555555555555556,2741,-31.230989087773633,0.2528536697123899,0.9178194312446605,0.9178805087707702,0.0
pp_primary_long,B,1.7453292519943295,0.5555555555555556,2742,-31.538338858930167,-0.037432043598224524,0.917254231096492,0.9178750591919758,0.8431029025972078
pp_primary_long,B,1.7453292519943295,0.5555555555555556,2743,-31.900234631823942,-0.38661402498894065,0.9178203344213157,0.9178806373386326,0.0
pp_primary_long,B,1.7453292519943295,0.5555555555555556,2744,-31.64729876653537,-0.08019267344275217,0.9172549030533965,0.9178751624148317,0.8431055129394911
pp_primary_long,B,1.7453292519943295,0.5555555555555556,2745,-32.38692401960937,-0.8454419707758125,0.9178203851957213,0.9178806482678317,0.0
pp_primary_long,B,1.7453292519943295,0.5555555555555556,2746,-31.70951921082658,-0.09970730681082042,0.9172564567379458,0.9178754173717105,0.8431109223981089
pp_primary_long,B,1.7453292519943295,0.5555555555555556,2747,-32.45286102327861,-0.8879429938115547,0.9178204582053482,0.9178806595531471,0.0
pp_primary_long,B,1.7453292519943295,0.5555555555555556,2748,-31.704874212609973,-0.08596346424195234,0.917255357431596,0.9178752637108414,0.8431061243507156
pp_primary_long,B,1.7453292519943295,0.5555555555555556,2749,-32.07598485603125,-0.49228189012509643,0.9178205739075671,0.9178806836448173,0.0
pp_primary_long,B,1.7453292519943295,0.5555555555555556,2750,-31.647524750666726,-0.04600812143276258,0.9172549589764986,0.917875188984409,0.8431051665251241
pp_primary_long,B,1.7453292519943295,0.5555555555555556,2751,-31.461697586044373,0.13829771470686691,0.9178199654905914,0.9178805861109368,0.0
pp_primary_long,B,1.7453292519943295,0.5555555555555556,2752,-31.578759818435774,-0.00037462108472847977,0.917254776704583,0.917875156247974,0.8431045904449388
pp_primary_long,B,1.7453292519943295,0.5555555555555556,2753,-30.937336239734467,0.6798847179249965,0.9178197184431649,0.917880547569912,0.0
pp_primary_long,B,1.7453292519943295,0.5555555555555556,2754,-31.545689176524625,0.02750477097211526,0.9172533998048579,0.9178748920805209,0.8431011938106783
pp_primary_long,B,1.7453292519943295,0.5555555555555556,2755,-30.784069744686033,0.8542836547168992,0.9178196747313152,0.9178805388198069,0.0
pp_primary_long,B,1.7453292519943295,0.5555555555555556,2756,-31.57711986036637,0.023303541906418687,0.9172529910838294,0.917874855424834,0.8430986532244243
pp_primary_long,B,1.7453292519943295,0.5555555555555556,2757,-31.09242007136259,0.5719162931477783,0.9178191438873226,0.9178804610713429,0.0
pp_primary_long,B,1.7453292519943295,0.5555555555555556,2758,-31.66871815507555,-0.010821296507926154,0.9172535402802927,0.9178749440900404,0.8431005887797353
pp_primary_long,B,1.7453292519943295,0.5555555555555556,2759,-31.715812820304315,-0.02217873650006047,0.9178195422157907,0.9178805241904672,0.0
pp_primary_long,B,1.7453292519943295,0.5555555555555556,2760,-31.785232316389113,-0.057338641091213935,0.9172531836979615,0.9178748931450188,0.8430990092185137
pp_primary_long,B,1.7453292519943295,0.5555555555555556,2761,-32.345831614189095,-0.6228310124929124,0.9178200500457314,0.917880596798518,0.0
pp_primary_long,B,1.7453292519943295,0.5555555555555556,2762,-31.878608533769807,-0.09234934876474167,0.9172552296886904,0.917875204390778,0.8431070651710748
pp_primary_long,B,1.7453292519943295,0.5555555555555556,2763,-32.670668072486905,-0.9215091838277861,0.9178200933633884,0.9178806024040406,0.0
pp_primary_long,B,1.7453292519943295,0.5555555555555556,2764,-31.912705602955228,-0.09787547810117209,0.9172557768919469,0.917875315293773,0.843108196410961
pp_primary_long,B,1.7453292519943295,0.5555555555555556,2765,-32.53525845769456,-0.7647842874810689,0.9178206721810299,0.9178806904463299,0.0
pp_primary_long,B,1.7453292519943295,0.5555555555555556,2766,-31.881811511782047,-0.0710775059276132,0.9172553299408599,0.9178752457422499,0.8431065625479568
pp_primary_long,B,1.7453292519943295,0.5555555555555556,2767,-32.020982255255774,-0.23316206593777594,0.9178204874770828,0.9178806705300456,0.0
pp_primary_long,B,1.7453292519943295,0.5555555555555556,2768,-31.813598613986038,-0.025718998892242106,0.917255709578833,0.9178753283038483,0.8431071186095902
pp_primary_long,B,1.7453292519943295,0.5555555555555556,2769,-31.403797841781465,0.4002782467148863,0.9178200995412117,0.9178806075275283,0.0
pp_primary_long,B,1.7453292519943295,0.5555555555555556,2770,-31.754923390791546,0.014896742270299065,0.9172548976884622,0.9178751629445382,0.843105471613437
pp_primary_long,B,1.7453292519943295,0.5555555555555556,2771,-31.012553972897663,0.8101529601730523,0.9178201186053568,0.9178806096986218,0.0
pp_primary_long,B,1.7453292519943295,0.5555555555555556,2772,-31.747708220837897,0.0299163527405035,0.9172536540884164,0.9178749492840994,0.8431015578869583
pp_primary_long,B,1.7453292519943295,0.5555555555555556,2773,-31.06002073832088,0.7859273989275011,0.9178195928705036,0.9178805224811069,0.0
pp_primary_long,B,1.7453292519943295,0.5555555555555556,2774,-31.807494713872522,0.011613011669671755,0.9172537611134123,0.9178749759142721,0.8431015822339432
pp_primary_long,B,1.7453292519943295,0.5555555555555556,2775,-31.533624880811928,0.34004445006983697,0.9178191799784698,0.9178804700572619,0.0
pp_primary_long,B,1.7453292519943295,0.5555555555555556,2776,-31.91536746498043,-0.030606314804285023,0.91725271214488,0.9178748116229346,0.8430975422744492
pp_primary_long,B,1.7453292519943295,0.5555555555555556,2777,-32.20189620875265,-0.2984570138821711,0.9178196316859363,0.9178805363917875,0.0
pp_primary_long,B,1.7453292519943295,0.5555555555555556,2778,-32.02772367544077,-0.07505619364857553,0.9172531635050212,0.9178748830122687,0.8430992012362504
pp_primary_long,B,1.7453292519943295,0.5555555555555556,2779,-32.73337448503558,-0.8016029290574591,0.9178195621829689,0.9178805251530733,0.0
pp_primary_long,B,1.7453292519943295,0.5555555555555556,2780,-32.09864463538745,-0.09889807879130663,0.9172549779412162,0.9178751673170463,0.8431060438952788
pp_primary_long,B,1.7453292519943295,0.5555555555555556,2781,-32.86685528977983,-0.9109435268982824,0.9178201193011767,0.9178806012816182,0.0
pp_primary_long,B,1.7453292519943295,0.5555555555555556,2782,-32.103526755788074,-0.08989385495771271,0.9172548758844455,0.9178751596792014,0.8431053616920016
pp_primary_long,B,1.7453292519943295,0.5555555555555556,2783,-32.54558671926958,-0.5703089291346333,0.9178205842548539,0.9178806805117823,0.0
pp_primary_long,B,1.7453292519943295,0.5555555555555556,2784,-32.05164676044287,-0.05265974766545753,0.917255697506361,0.9178753073956042,0.8431077528478365
pp_primary_long,B,1.7453292519943295,0.5555555555555556,2785,-31.946400585548915,0.04532735653675812,0.9178203278295576,0.9178806438212759,0.0
pp_primary_long,B,1.7453292519943295,0.5555555555555556,2786,-31.981491630647554,-0.006334047667972409,0.9172559004364478,0.9178753605542868,0.843107693780004
pp_primary_long,B,1.7453292519943295,0.5555555555555556,2787,-31.388881015308968,0.6197294249861012,0.9178204148841173,0.91788065875201,0.0
pp_primary_long,B,1.7453292519943295,0.5555555555555556,2788,-31.94087323187505,0.025300283935160484,0.9172548649492859,0.9178751548764214,0.8431055004762497
pp_primary_long,B,1.7453292519943295,0.5555555555555556,2789,-31.171227480727065,0.857842035071885,0.9178203021911935,0.917880632285132,0.0
pp_primary_long,B,1.7453292519943295,0.5555555555555556,2790,-31.96247605948431,0.02598763916618739,0.9172546060733698,0.917875117856719,0.8431044359009411
pp_primary_long,B,1.7453292519943295,0.5555555555555556,2791,-31.41703754848136,0.6373567153874073,0.9178195503751884,0.9178805199850403,0.0
pp_primary_long,B,1.7453292519943295,0.5555555555555556,2792,-32.047013220436035,-0.004625559164707513,0.9172539064018647,0.9178749910850724,0.8431023707540627
pp_primary_long,B,1.7453292519943295,0.5555555555555556,2793,-32.01186158717866,0.0715303204101812,0.9178195455189934,0.9178805248325859,0.0
pp_primary_long,B,1.7453292519943295,0.5555555555555556,2794,-32.1628709582724,-0.05081641479963249,0.9172523363840505,0.9178747579212662,0.8430959426238549
pp_primary_long,B,1.7453292519943295,0.5555555555555556,2795,-32.66195779131489,-0.5489857816861964,0.917819394234504,0.9178805017676569,0.0
pp_primary_long,B,1.7453292519943295,0.5555555555555556,2796,-32.26233224752496,-0.0888529068991431,0.9172536257407599,0.917874951766217,0.8431011265247625
pp_primary_long,B,1.7453292519943295,0.5555555555555556,2797,-33.045203520837255,-0.9054597848140462,0.9178193630360738,0.9178804917463925,0.0
pp_primary_long,B,1.7453292519943295,0.5555555555555556,2798,-32.306122796856705,-0.09920040299576091,0.9172539475371173,0.9178750050051999,0.843102201954849
pp_primary_long,B,1.7453292519943295,0.5555555555555556,2799,-32.97653540257234,-0.8147778617898458,0.9178201460696616,0.9178806070321116,0.0
pp_primary_long,B,1.7453292519943295,0.5555555555555556,2800,-32.28354262072534,-0.07653919673107078,0.917254583235227,0.9178750963734259,0.8431048946804666
pp_primary_long,B,1.7453292519943295,0.5555555555555556,2801,-32.50304698000721,-0.3235201226903661,0.9178202251001091,0.9178806261056629,0.0
pp_primary_long,B,1.7453292519943295,0.5555555555555556,2802,-32.218010500762645,-0.032514518525920966,0.9172557990714039,0.9178753364264592,0.8431075959381997
pp_primary_long,B,1.7453292519943295,0.5555555555555556,2803,-31.87974339619134,0.31597274653015633,0.917820330416076,0.9178806436061522,0.0
pp_primary_long,B,1.7453292519943295,0.5555555555555556,2804,-32.155001009689855,0.0102573724000639,0.9172555436332113,0.9178752867672562,0.8431070421129121
pp_primary_long,B,1.7453292519943295,0.5555555555555556,2805,-31.43861968571623,0.7752079407175815,0.9178206599453761,0.9178806946854403,0.0
pp_primary_long,B,1.7453292519943295,0.5555555555555556,2806,-32.13866238889064,0.029815431180581747,0.9172552447427345,0.917875233338227,0.8431062372087126
pp_primary_long,B,1.7453292519943295,0.5555555555555556,2807,-31.41806515675889,0.8182912755339495,0.9178202336551896,0.9178806210993015,0.0
pp_primary_long,B,1.7453292519943295,0.5555555555555556,2808,-32.18921451907683,0.01610515367791697,0.917255491319203,0.9178752542557131,0.8431078001506658
pp_primary_long,B,1.7453292519943295,0.5555555555555556,2809,-31.840449918625772,0.42308952187442495,0.9178198581779156,0.9178805705607301,0.0
pp_primary_long,B,1.7453292519943295,0.5555555555555556,2810,-32.292489079176036,-0.023827304205212924,0.9172535665261916,0.9178749442570706,0.8431008391311401
pp_primary_long,B,1.7453292519943295,0.5555555555555556,2811,-32.50061150279762,-0.20738704349228415,0.9178197735851016,0.9178805565003618,0.0
pp_primary_long,B,1.7453292519943295,0.5555555555555556,2812,-32.40725370270357,-0.06947443775176734,0.9172530535143036,0.9178748716441006,0.8430986566786445
pp_primary_long,B,1.7453292519943295,0.5555555555555556,2813,-33.07125651865027,-0.7492854642477292,0.9178191297601347,0.9178804627970439,0.0
pp_primary_long,B,1.7453292519943295,0.5555555555555556,2814,-32.48635471144699,-0.09738392750765146,0.9172534491555032,0.9178749301945313,0.8431002391298953
pp_primary_long,B,1.7453292519943295,0.5555555555555556,2815,-33.271061708886606,-0.924251610020626,0.9178195117599863,0.917880512402336,0.0
pp_primary_long,B,1.7453292519943295,0.5555555555555556,2816,-32.50097276059775,-0.09322272774217069,0.9172531615054061,0.917874865216379,0.8430998493753737
pp_primary_long,B,1.7453292519943295,0.5555555555555556,2817,-33.00920898615595,-0.6424103094950758,0.9178198860966112,0.9178805719062235,0.0
pp_primary_long,B,1.7453292519943295,0.5555555555555556,2818,-32.45538669572801,-0.059120097880022954,0.9172546540435972,0.9178751121942406,0.8431049714868871
pp_primary_long,B,1.7453292519943295,0.5555555555555556,2819,-32.43200413185704,-0.04853246031960029,0.9178199216450916,0.9178805755243697,0.0
pp_primary_long,B,1.7453292519943295,0.5555555555555556,2820,-32.38485636316225,-0.01260827943232029,0.9172552846322204,0.9178752469521603,0.8431060022955308
pp_primary_long,B,1.7453292519943295,0.5555555555555556,2821,-31.847745158426843,0.5523266808191615,0.9178204364572767,0.9178806616264904,0.0
pp_primary_long,B,1.7453292519943295,0.5555555555555556,2822,-32.337385998529854,0.022433807645076922,0.9172551469839637,0.9178752194376757,0.8431057589051364
pp_primary_long,B,1.7453292519943295,0.5555555555555556,2823,-31.568363187683435,0.8515221518302213,0.9178205949779961,0.917880681265472,0.0
pp_primary_long,B,1.7453292519943295,0.5555555555555556,2824,-32.349180489696494,0.02799998883785955,0.917255994709149,0.9178753618970172,0.8431085898613166
pp_primary_long,B,1.7453292519943295,0.5555555555555556,2825,-31.74916546357673,0.6953636625037944,0.9178202377465436,0.9178806268381555,0.0
pp_primary_long,B,1.7453292519943295,0.5555555555555556,2826,-32.42597975775152,0.0012355516472059708,0.9172555250032919,0.9178752542127644,0.8431080926259273
pp_primary_long,B,1.7453292519943295,0.5555555555555556,2827,-32.30909417930589,0.16406542877452895,0.9178203257231893,0.9178806377938458,0.0
pp_primary_long,B,1.7453292519943295,0.5555555555555556,2828,-32.54015072146436,-0.04411614961221354,0.9172538517589305,0.9178750010459186,0.8431015146332856
pp_primary_long,B,1.7453292519943295,0.5555555555555556,2829,-32.972333200906746,-0.46945467375020233,0.9178196833106008,0.917880543981737,0.0
pp_primary_long,B,1.7453292519943295,0.5555555555555556,2830,-32.64485057682508,-0.08475739267320136,0.9172539448896161,0.9178750145526438,0.8431019051778164
pp_primary_long,B,1.7453292519943295,0.5555555555555556,2831,-33.41000781388529,-0.879782042025838,0.9178192587649927,0.9178804811407886,0.0
pp_primary_long,B,1.7453292519943295,0.5555555555555556,2832,-32.69811436599921,-0.09981597234253371,0.9172527893874353,0.917874827647236,0.84309768981317
pp_primary_long,B,1.7453292519943295,0.5555555555555556,2833,-33.40909913134591,-0.8561429091429895,0.9178196094580147,0.9178805308759993,0.0
pp_primary_long,B,1.7453292519943295,0.5555555555555556,2834,-32.684365142152174,-0.08154724967204874,0.9172532223894455,0.9178748650283775,0.8431004625566667
pp_primary_long,B,1.7453292519943295,0.5555555555555556,2835,-32.981891518448705,-0.41068354470603396,0.9178195056405807,0.9178805115264499,0.0
pp_primary_long,B,1.7453292519943295,0.5555555555555556,2836,-32.62249093138728,-0.03934233804655039,0.9172544091081846,0.9178750835380882,0.8431037055969146
pp_primary_long,B,1.7453292519943295,0.5555555555555556,2837,-32.35961845251627,0.22778248972199044,0.9178198496655045,0.917880564205381,0.0
pp_primary_long,B,1.7453292519943295,0.5555555555555556,2838,-32.55608344210422,0.0051183394825349005,0.9172544492097168,0.9178750920371618,0.8431037706160287
pp_primary_long,B,1.7453292519943295,0.5555555555555556,2839,-31.87374666314161,0.7312943662744286,0.9178203895049736,0.9178806542436522,0.0
pp_primary_long,B,1.7453292519943295,0.5555555555555556,2840,-32.53104858554262,0.0290012412397372,0.9172551673489037,0.9178752350258672,0.8431053284456106
pp_primary_long,B,1.7453292519943295,0.5555555555555556,2841,-31.785647419751417,0.841213846624,0.9178203214996556,0.9178806404937372,0.0
pp_primary_long,B,1.7453292519943295,0.5555555555555556,2842,-32.57206463592981,0.020034369224349438,0.9172562917674016,0.9178753979985488,0.8431100582305762
pp_primary_long,B,1.7453292519943295,0.5555555555555556,2843,-32.152389003299334,0.5010719220906716,0.9178205142258989,0.9178806690899977,0.0
pp_primary_long,B,1.7453292519943295,0.5555555555555556,2844,-32.6698551023466,-0.017170252435272912,0.9172551756056554,0.917875208504667,0.8431064699913802
pp_primary_long,B,1.7453292519943295,0.5555555555555556,2845,-32.79739032559122,-0.11440446743116206,0.9178204932924815,0.9178806600655959,0.0
pp_primary_long,B,1.7453292519943295,0.5555555555555556,2846,-32.786007179586356,-0.06350741962990135,0.917254971041153,0.917875179726153,0.8431056217229915
pp_primary_long,B,1.7453292519943295,0.5555555555555556,2847,-33.40114623804524,-0.6890649673210549,0.9178196571150611,0.9178805428355349,0.0
pp_primary_long,B,1.7453292519943295,0.5555555555555556,2848,-32.87266536859637,-0.09517496386270913,0.9172540308339858,0.9178750378914359,0.8431018045315505
pp_primary_long,B,1.7453292519943295,0.5555555555555556,2849,-33.665324631437116,-0.9277226804348946,0.917819656643029,0.9178805410604121,0.0
pp_primary_long,B,1.7453292519943295,0.5555555555555556,2850,-32.89712367578968,-0.09590723435053868,0.917252714450874,0.917874806819417,0.8430977679416505
pp_primary_long,B,1.7453292519943295,0.5555555555555556,2851,-33.46604273327627,-0.7077900539285913,0.9178194576602288,0.9178805096435813,0.0
pp_primary_long,B,1.7453292519943295,0.5555555555555556,2852,-32.858605254582905,-0.06531918935879849,0.9172535890256868,0.9178749361075926,0.8431013773082625
pp_primary_long,B,1.7453292519943295,0.5555555555555556,2853,-32.91746269486779,-0.14224045018927833,0.917819342555185,0.917880482521618,0.0
pp_primary_long,B,1.7453292519943295,0.5555555555555556,2854,-32.788732362746075,-0.01913524595918073,0.9172537324737442,0.9178749634533373,0.8431016909872291
pp_primary_long,B,1.7453292519943295,0.5555555555555556,2855,-32.31318424706715,0.4784235341842496,0.9178198665561127,0.9178805708692424,0.0
pp_primary_long,B,1.7453292519943295,0.5555555555555556,2856,-32.735177227463204,0.018931650858731316,0.917253874132581,0.9178749967861973,0.8431017767791362
pp_primary_long,B,1.7453292519943295,0.5555555555555556,2857,-31.975415944301684,0.8353885361438356,0.9178200655871606,0.9178806021716065,0.0
pp_primary_long,B,1.7453292519943295,0.5555555555555556,2858,-32.737280380803696,0.029317945232992637,0.9172553637581644,0.9178752665038168,0.8431060133442174
pp_primary_long,B,1.7453292519943295,0.5555555555555556,2859,-32.08945822716049,0.7452888493504812,0.9178201885907827,0.9178806229832898,0.0
pp_primary_long,B,1.7453292519943295,0.5555555555555556,2860,-32.80574875720512,0.006697365688515894,0.9172556862241601,0.9178752943310428,0.8431081244417877
pp_primary_long,B,1.7453292519943295,0.5555555555555556,2861,-32.60854551487468,0.25440358720014977,0.9178207709028543,0.9178807030089896,0.0
pp_primary_long,B,1.7453292519943295,0.5555555555555556,2862,-32.917223683991864,-0.0373136090518551,0.9172554716298649,0.9178752627807866,0.8431072994879791
pp_primary_long,B,1.7453292519943295,0.5555555555555556,2863,-33.27784186780516,-0.3851110432868611,0.9178203377758914,0.9178806401895728,0.0
pp_primary_long,B,1.7453292519943295,0.5555555555555556,2864,-33.02625049270235,-0.08010705271154601,0.9172557792055783,0.9178753094010813,0.8431084907483171
pp_primary_long,B,1.7453292519943295,0.5555555555555556,2865,-33.76535880647787,-0.8447566342395909,0.9178199952493129,0.9178805928577163,0.0
pp_primary_long,B,1.7453292519943295,0.5555555555555556,2866,-33.088649576764524,-0.09970851998523039,0.9172537887186326,0.9178750038751373,0.8431007373634618
pp_primary_long,B,1.7453292519943295,0.5555555555555556,2867,-33.832477584093894,-0.8884238884683588,0.9178198798079304,0.9178805767705015,0.0
pp_primary_long,B,1.7453292519943295,0.5555555555555556,2868,-33.084150152378214,-0.08603907423470912,0.9172534664960764,0.9178749273726517,0.8431005602077546
pp_primary_long,B,1.7453292519943295,0.5555555555555556,2869,-33.4565365297368,-0.49368887540043593,0.9178193145504296,0.9178804844321005,0.0
pp_primary_long,B,1.7453292519943295,0.5555555555555556,2870,-33.02688666105286,-0.04612670548922547,0.9172535977434478,0.9178749483893424,0.8431009989419528
pp_primary_long,B,1.7453292519943295,0.5555555555555556,2871,-32.842438731328315,0.13668682880501332,0.9178194582735373,0.9178805033036166,0.0
pp_primary_long,B,1.7453292519943295,0.5555555555555556,2872,-32.95807092740449,-0.00046958635261208637,0.9172530999613691,0.9178748439838154,0.8431000583960613
pp_primary_long,B,1.7453292519943295,0.5555555555555556,2873,-32.317450375534236,0.6788999036033612,0.9178197338727577,0.9178805503012614,0.0
pp_primary_long,B,1.7453292519943295,0.5555555555555556,2874,-32.924862279052356,0.027477837343043876,0.9172538337691224,0.9178750023274818,0.8431011791678378
pp_primary_long,B,1.7453292519943295,0.5555555555555556,2875,-32.16303283981378,0.8544361533175209,0.9178196814654045,0.9178805433423269,0.0
pp_primary_long,B,1.7453292519943295,0.5555555555555556,2876,-32.9561365412601,0.023356193824221994,0.9172549931878821,0.9178751908312006,0.8431052969914729
pp_primary_long,B,1.7453292519943295,0.5555555555555556,2877,-32.47032280081765,0.5731217551788561,0.9178202892053298,0.9178806368473633,0.0
pp_primary_long,B,1.7453292519943295,0.5555555555555556,2878,-33.04761651304587,-0.010709971829560211,0.917254949015002,0.9178751825303719,0.8431052138510932
pp_primary_long,B,1.7453292519943295,0.5555555555555556,2879,-33.09327656874605,-0.020538215468701326,0.9178206353701659,0.9178806822125403,0.0
pp_primary_long,B,1.7453292519943295,0.5555555555555556,2880,-33.16412380048238,-0.057224277678854935,0.9172562526902,0.91787538138691,0.8431103326000522
pp_primary_long,B,1.7453292519943295,0.5555555555555556,2881,-33.72371374894578,-0.6216019645144308,0.9178202969963053,0.9178806362662211,0.0
pp_primary_long,B,1.7453292519943295,0.5555555555555556,2882,-33.25762577941987,-0.0922956558739728,0.9172555936698124,0.9178752885925386,0.8431074471253373
pp_primary_long,B,1.7453292519943295,0.5555555555555556,2883,-34.04959641807491,-0.9213152392240357,0.9178204203340845,0.9178806549666427,0.0
pp_primary_long,B,1.7453292519943295,0.5555555555555556,2884,-33.29190363334762,-0.09791116185960691,0.9172542088788443,0.9178750656485105,0.8431025265619002
pp_primary_long,B,1.7453292519943295,0.5555555555555556,2885,-33.91534762517604,-0.7657266398414182,0.9178198424097416,0.9178805716922209,0.0
pp_primary_long,B,1.7453292519943295,0.5555555555555556,2886,-33.26114350964643,-0.0711804062517028,0.9172542378935326,0.9178750681523257,0.843102716552818
pp_primary_long,B,1.7453292519943295,0.5555555555555556,2887,-33.40172232572765,-0.23476008575294932,0.9178194583569838,0.9178805052687083,0.0
pp_primary_long,B,1.7453292519943295,0.5555555555555556,2888,-33.192969210318665,-0.025841044498873075,0.9172533356389714,0.9178748951983374,0.8431004352959812
pp_primary_long,B,1.7453292519943295,0.5555555555555556,2889,-32.78436961780935,0.39884205738277084,0.9178196207310505,0.9178805322865696,0.0
pp_primary_long,B,1.7453292519943295,0.5555555555555556,2890,-33.13418082044606,0.014827998294268507,0.9172530060777856,0.9178748351408781,0.8430995072931915
pp_primary_long,B,1.7453292519943295,0.5555555555555556,2891,-32.392208509708325,0.8096222158349451,0.9178194350225606,0.917880500458681,0.0
pp_primary_long,B,1.7453292519943295,0.5555555555555556,2892,-33.12681616870215,0.029922874304388627,0.9172539125258518,0.9178750120330537,0.8431016060780256
pp_primary_long,B,1.7453292519943295,0.5555555555555556,2893,-32.43848310194342,0.7865748969949207,0.9178195585990789,0.9178805269925083,0.0
pp_primary_long,B,1.7453292519943295,0.5555555555555556,2894,-33.186444865748115,0.011698331526482322,0.9172539719103565,0.9178750194870592,0.8431018789548452
pp_primary_long,B,1.7453292519943295,0.5555555555555556,2895,-32.9112363574809,0.3415378484775136,0.9178202822562095,0.9178806328633079,0.0
pp_primary_long,B,1.7453292519943295,0.5555555555555556,2896,-33.29424672299773,-0.03048619629111013,0.9172549567894657,0.9178751832968034,0.8431052273757367
pp_primary_long,B,1.7453292519943295,0.5555555555555556,2897,-33.57943283726759,-0.29688905217065353,0.9178202581385174,0.9178806290865491,0.0
pp_primary_long,B,1.7453292519943295,0.5555555555555556,2898,-33.406647384741305,-0.07495786651394185,0.9172563505367783,0.9178753946853272,0.8431107422337456
pp_primary_long,B,1.7453292519943295,0.5555555555555556,2899,-34.11164717187212,-0.8007662520284203,0.917820546569297,0.9178806699406158,0.0
pp_primary_long,B,1.7453292519943295,0.5555555555555556,2900,-33.477734619051986,-0.09888071426388959,0.9172552099188579,0.9178752283606376,0.8431060358228869
pp_primary_long,B,1.7453292519943295,0.5555555555555556,2901,-34.24630402035385,-0.9112610930767333,0.9178205212120532,0.9178806717925191,0.0
pp_primary_long,B,1.7453292519943295,0.5555555555555556,2902,-33.482782299919975,-0.08995921339702033,0.9172551643457542,0.9178752215671103,0.8431058963532289
pp_primary_long,B,1.7453292519943295,0.5555555555555556,2903,-33.92604591122766,-0.5716196015269875,0.9178198630578656,0.9178805730106189,0.0
pp_primary_long,B,1.7453292519943295,0.5555555555555556,2904,-33.4310249529067,-0.052784193867899634,0.9172544667037378,0.9178751135697628,0.843103162854662
pp_primary_long,B,1.7453292519943295,0.5555555555555556,2905,-33.327176902254706,0.0436938005753128,0.9178198096643743,0.9178805628074758,0.0
pp_primary_long,B,1.7453292519943295,0.5555555555555556,2906,-33.360832113348145,-0.006441721081340654,0.9172533323587952,0.9178748860011752,0.8431007708717713
pp_primary_long,B,1.7453292519943295,0.5555555555555556,2907,-32.76913899998666,0.6186093601521547,0.9178196231390716,0.9178805294765574,0.0
pp_primary_long,B,1.7453292519943295,0.5555555555555556,2908,-33.32007696549138,0.02525914289425918,0.9172534541291952,0.9178749235563247,0.8431005569411484
pp_primary_long,B,1.7453292519943295,0.5555555555555556,2909,-32.550370477604616,0.8578152904673813,0.917819240006555,0.9178804714635381,0.0
pp_primary_long,B,1.7453292519943295,0.5555555555555556,2910,-33.341510804492046,0.0260310240823447,0.917253491729141,0.9178749284094069,0.8431006868647407
pp_primary_long,B,1.7453292519943295,0.5555555555555556,2911,-32.7950649057925,0.6384374177893164,0.9178196645931002,0.9178805431540218,0.0
pp_primary_long,B,1.7453292519943295,0.5555555555555556,2912,-33.425919312592,-0.00451868657710959,0.9172532438703357,0.9178749079339797,0.8430990227990878
pp_primary_long,B,1.7453292519943295,0.5555555555555556,2913,-33.389329563624244,0.07316571849089454,0.9178199222142992,0.9178805791368059,0.0
pp_primary_long,B,1.7453292519943295,0.5555555555555556,2914,-33.5417514410704,-0.05069717051799905,0.9172552442159647,0.9178752191528893,0.8431066436645418
pp_primary_long,B,1.7453292519943295,0.5555555555555556,2915,-34.039720609610924,-0.5476444687148345,0.9178200976419284,0.9178806038256708,0.0
pp_primary_long,B,1.7453292519943295,0.5555555555555556,2916,-33.64131508262123,-0.0887836270363429,0.9172555044294057,0.9178752639744818,0.8431074984717829
pp_primary_long,B,1.7453292519943295,0.5555555555555556,2917,-34.42395165750473,-0.9050962502054505,0.9178207213885189,0.9178806943828889,0.0
pp_primary_long,B,1.7453292519943295,0.5555555555555556,2918,-33.685274829297484,-0.0992154108652799,0.9172554845402827,0.917875262850329,0.8431073980213258
pp_primary_long,B,1.7453292519943295,0.5555555555555556,2919,-34.35647358524661,-0.8155772057649766,0.9178203588796212,0.917880648872269,0.0
pp_primary_long,B,1.7453292519943295,0.5555555555555556,2920,-33.66285866033281,-0.07663422315555976,0.9172557269957541,0.9178753264041151,0.8431073248840577
pp_primary_long,B,1.7453292519943295,0.5555555555555556,2921,-33.88374095135479,-0.32506989754046334,0.9178201297260791,0.9178806131262338,0.0
pp_primary_long,B,1.7453292519943295,0.5555555555555556,2922,-33.597397855797716,-0.032643385211334135,0.9172544471415183,0.9178750999755265,0.843103482028875
pp_primary_long,B,1.7453292519943295,0.5555555555555556,2923,-33.260401257949624,0.3144630062275466,0.9178200797790822,0.9178806050887921,0.0
pp_primary_long,B,1.7453292519943295,0.5555555555555556,2924,-33.534296040932354,0.010171961203680288,0.9172538792778401,0.9178749896010889,0.8431022110675144
pp_primary_long,B,1.7453292519943295,0.5555555555555556,2925,-32.818445585107476,0.7745139523152248,0.9178195340104243,0.9178805123035325,0.0
pp_primary_long,B,1.7453292519943295,0.5555555555555556,2926,-33.517803535160844,0.029806637926223276,0.9172538767415682,0.9178749880028324,0.8431022108035877
pp_primary_long,B,1.7453292519943295,0.5555555555555556,2927,-32.79670059722448,0.8187692733910351,0.9178193742767314,0.9178804963679772,0.0
pp_primary_long,B,1.7453292519943295,0.5555555555555556,2928,-33.56818252782544,0.016181659785381816,0.917252773893789,0.917874811150484,0.8430981435200686
pp_primary_long,B,1.7453292519943295,0.5555555555555556,2929,-33.2181454328195,0.4245004807760095,0.9178196330143966,0.9178805358832448,0.0
pp_primary_long,B,1.7453292519943295,0.5555555555555556,2930,-33.67137299041309,-0.023709359913769268,0.917253409594802,0.9178749333629334,0.8430996840057217
pp_primary_long,B,1.7453292519943295,0.5555555555555556,2931,-33.878100746428515,-0.2057719332383141,0.9178195013904786,0.917880517325878,0.0
pp_primary_long,B,1.7453292519943295,0.5555555555555556,2932,-33.78616364789022,-0.06936943293685353,0.9172547589580814,0.9178751384159551,0.8431050101161337
pp_primary_long,B,1.7453292519943295,0.5555555555555556,2933,-34.44937411463009,-0.7482995927042857,0.9178202002176746,0.9178806150700765,0.0
pp_primary_long,B,1.7453292519943295,0.5555555555555556,2934,-33.86540436920838,-0.09734845154420038,0.9172547718086238,0.9178751407750328,0.843105057616489
pp_primary_long,B,1.7453292519943295,0.5555555555555556,2935,-34.65032924330016,-0.9243986904404994,0.9178205146690209,0.9178806667142777,0.0
pp_primary_long,B,1.7453292519943295,0.5555555555555556,2936,-33.88018526171237,-0.0932688353695469,0.9172559953265667,0.9178753449472532,0.8431091965749562
pp_primary_long,B,1.7453292519943295,0.5555555555555556,2937,-34.38954812418237,-0.6436124299316583,0.9178202952718256,0.9178806367972581,0.0
pp_primary_long,B,1.7453292519943295,0.5555555555555556,2938,-33.83475023292617,-0.05923788534259501,0.9172555780283163,0.9178753050438303,0.8431066617647233
pp_primary_long,B,1.7453292519943295,0.5555555555555556,2939,-33.81278699704628,-0.05017044804403453,0.917820452720889,0.917880664137051,0.0
pp_primary_long,B,1.7453292519943295,0.5555555555555556,2940,-33.76421599522363,-0.012724636240853501,0.917254700779857,0.9178751375164785,0.8431045661901446
pp_primary_long,B,1.7453292519943295,0.5555555555555556,2941,-33.22812970904987,0.551089872562677,0.9178201297299171,0.9178806088090105,0.0
pp_primary_long,B,1.7453292519943295,0.5555555555555556,2942,-33.71663153238902,0.022373836577767106,0.9172547130626794,0.9178751398217725,0.843104606243588
pp_primary_long,B,1.7453292519943295,0.5555555555555556,2943,-32.94769010511615,0.8513199096509956,0.9178196172262953,0.9178805287800832,0.0
pp_primary_long,B,1.7453292519943295,0.5555555555555556,2944,-33.72824634223407,0.028028987491566876,0.9172538035897092,0.9178749645686283,0.8431023510009511
pp_primary_long,B,1.7453292519943295,0.5555555555555556,2945,-33.12734062707875,0.6963012850038244,0.9178196681031667,0.9178805403532663,0.0
pp_primary_long,B,1.7453292519943295,0.5555555555555556,2946,-33.80490177654232,0.0013350988810411912,0.9172526870081041,0.9178748083711126,0.8430974375612431
pp_primary_long,B,1.7453292519943295,0.5555555555555556,2947,-33.686597923560285,0.1656678481356184,0.9178193442731117,0.9178804919402823,0.0
pp_primary_long,B,1.7453292519943295,0.5555555555555556,2948,-33.91903306247342,-0.043997014849889896,0.9172537212632883,0.9178749752175824,0.8431011558668053
pp_primary_long,B,1.7453292519943295,0.5555555555555556,2949,-34.35000125650963,-0.4680173350833289,0.9178194311576024,0.9178805052710636,0.0
pp_primary_long,B,1.7453292519943295,0.5555555555555556,2950,-34.02381686050909,-0.08467990122125091,0.9172536635174671,0.9178749648833989,0.84310095062086
pp_primary_long,B,1.7453292519943295,0.5555555555555556,2951,-34.788581664432336,-0.8792472399285262,0.9178201586499876,0.917880609768344,0.0
pp_primary_long,B,1.7453292519943295,0.5555555555555556,2952,-34.07722640169796,-0.09981281210168132,0.917254798521611,0.9178751323757597,0.8431056082740448
pp_primary_long,B,1.7453292519943295,0.5555555555555556,2953,-34.788870298027575,-0.8567876098977846,0.9178201422047386,0.917880610904181,0.0
pp_primary_long,B,1.7453292519943295,0.5555555555555556,2954,-34.06364469436382,-0.08162606980279861,0.9172558650295852,0.9178753339560553,0.8431083239622718
pp_primary_long,B,1.7453292519943295,0.5555555555555556,2955,-34.362510961523036,-0.41217041029258666,0.9178204283729382,0.9178806549410536,0.0
pp_primary_long,B,1.7453292519943295,0.5555555555555556,2956,-34.00186348769279,-0.039465378689658125,0.9172552440813704,0.9178752371777807,0.8431060172769045
pp_primary_long,B,1.7453292519943295,0.5555555555555556,2957,-33.74033323992189,0.22621648105631098,0.9178205565923068,0.9178806800301921,0.0
pp_primary_long,B,1.7453292519943295,0.5555555555555556,2958,-33.935402776657426,0.005021352339087126,0.9172553101091143,0.9178752516357127,0.8431061525194674
pp_primary_long,B,1.7453292519943295,0.5555555555555556,2959,-33.25372797666167,0.7304518273842382,0.9178201059505702,0.9178806043600306,0.0
pp_primary_long,B,1.7453292519943295,0.5555555555555556,2960,-33.910228785129874,0.028974534236250696,0.9172552192400406,0.917875214919387,0.843106617815937
pp_primary_long,B,1.7453292519943295,0.5555555555555556,2961,-33.164461002245226,0.841521879585128,0.9178199702678086,0.9178805861570367,0.0
pp_primary_long,B,1.7453292519943295,0.5555555555555556,2962,-33.951060032183626,0.020098246279187812,0.9172536345425275,0.9178749444820196,0.8431014923368005
pp_primary_long,B,1.7453292519943295,0.5555555555555556,2963,-33.53019249225577,0.5023792456371057,0.9178197589583315,0.9178805501002911,0.0
pp_primary_long,B,1.7453292519943295,0.5555555555555556,2964,-34.04874982008517,-0.017056720108278814,0.9172534465293526,0.9178749323667861,0.8431001597433754
pp_primary_long,B,1.7453292519943295,0.5555555555555556,2965,-34.17486336109293,-0.11276956834562218,0.9178191657855943,0.9178804671936607,0.0
pp_primary_long,B,1.7453292519943295,0.5555555555555556,2966,-34.16491643888101,-0.06340086493811077,0.9172533004685264,0.9178749077274779,0.8430996200726011
pp_primary_long,B,1.7453292519943295,0.5555555555555556,2967,-34.779131835511414,-0.687943003178423,0.9178196046854408,0.9178805298134101,0.0
pp_primary_long,B,1.7453292519943295,0.5555555555555556,2968,-34.251696509418394,-0.0951300072941403,0.9172531161197466,0.9178748696913611,0.843099231551792
pp_primary_long,B,1.7453292519943295,0.5555555555555556,2969,-35.04441429731305,-0.9276931883434326,0.9178197981533688,0.9178805587102749,0.0
pp_primary_long,B,1.7453292519943295,0.5555555555555556,2970,-34.27630459602791,-0.09593853505466549,0.9172549186124054,0.9178751530661954,0.8431059893203119
pp_primary_long,B,1.7453292519943295,0.5555555555555556,2971,-34.846245887285136,-0.7088685681023483,0.9178199739843618,0.9178805808174382,0.0
pp_primary_long,B,1.7453292519943295,0.5555555555555556,2972,-34.23793645584485,-0.06542312686386795,0.9172551100770455,0.9178752077127726,0.8431057946443614
pp_primary_long,B,1.7453292519943295,0.5555555555555556,2973,-34.29822521165776,-0.14386780438627644,0.9178205085443351,0.9178806692101354,0.0
pp_primary_long,B,1.7453292519943295,0.5555555555555556,2974,-34.168082303571175,-0.01924875664925739,0.917255212397195,0.9178752276813389,0.84310606693646
pp_primary_long,B,1.7453292519943295,0.5555555555555556,2975,-33.69366868755084,0.4770841892613654,0.9178204137573959,0.9178806558465737,0.0
pp_primary_long,B,1.7453292519943295,0.5555555555555556,2976,-34.11444908946639,0.018858833834127578,0.9172558581858731,0.9178753488487833,0.843107731274149
pp_primary_long,B,1.7453292519943295,0.5555555555555556,2977,-33.354913544917,0.8350208592415668,0.9178202421369427,0.9178806289161815,0.0
pp_primary_long,B,1.7453292519943295,0.5555555555555556,2978,-34.11637932101141,0.029331357852014975,0.9172551457435185,0.9178751949218196,0.8431066571549258
pp_primary_long,B,1.7453292519943295,0.5555555555555556,2979,-33.46778713401336,0.7460790043973924,0.917820322875565,0.9178806361304799,0.0
pp_primary_long,B,1.7453292519943295,0.5555555555555556,2980,-34.184691389787375,0.006787459561237871,0.9172541514623707,0.9178750428306445,0.8431028341292013
pp_primary_long,B,1.7453292519943295,0.5555555555555556,2981,-33.98610764943877,0.25595084889559877,0.9178196468806379,0.9178805342425723,0.0
pp_primary_long,B,1.7453292519943295,0.5555555555555556,2982,-34.296110171126344,-0.03719545949535459,0.9172540783688448,0.9178750287076506,0.8431026279100522
pp_primary_long,B,1.7453292519943295,0.5555555555555556,2983,-34.65544270694052,-0.38360242363791114,0.9178193886992949,0.9178805011684009,0.0
pp_primary_long,B,1.7453292519943295,0.5555555555555556,2984,-34.40521191960352,-0.08002574715202833,0.9172526401999498,0.9178748064285568,0.8430970314015208
pp_primary_long,B,1.7453292519943295,0.5555555555555556,2985,-35.14377693250092,-0.844059186743229,0.9178195960773605,0.9178805302005122,0.0
pp_primary_long,B,1.7453292519943295,0.5555555555555556,2986,-34.467746563737165,-0.09969686217655699,0.9172534270447718,0.9178749116848718,0.8431006844969389
pp_primary_long,B,1.7453292519943295,0.5555555555555556,2987,-35.212082739139234,-0.8889032896472705,0.9178194494136115,0.9178805039758597,0.0
pp_primary_long,B,1.7453292519943295,0.5555555555555556,2988,-34.4634078843648,-0.0861073851150709,0.9172544000157999,0.9178750777640962,0.8431038289458485
pp_primary_long,B,1.7453292519943295,0.5555555555555556,2989,-34.83706733467999,-0.49509575023296704,0.9178200059913065,0.9178805849630449,0.0
pp_primary_long,B,1.7453292519943295,0.5555555555555556,2990,-34.40623239396037,-0.04623891822751447,0.9172544436490734,0.9178750821996147,0.8431040783859741
pp_primary_long,B,1.7453292519943295,0.5555555555555556,2991,-34.22318693826794,0.13507792142498887,0.9178203304418755,0.917880643258832,0.0
pp_primary_long,B,1.7453292519943295,0.5555555555555556,2992,-34.337389798736126,-0.000568073741040731,0.917255395705686,0.9178752692024014,0.8431062323363125
pp_primary_long,B,1.7453292519943295,0.5555555555555556,2993,-33.69756607228084,0.677918272201584,0.9178202448910883,0.9178806295217761,0.0
pp_primary_long,B,1.7453292519943295,0.5555555555555556,2994,-34.3040657433856,0.027439267348187857,0.9172558393412817,0.9178753339105725,0.8431080927293212
pp_primary_long,B,1.7453292519943295,0.5555555555555556,2995,-33.542015377215094,0.8545791166833854,0.9178205277945889,0.9178806728717468,0.0
pp_primary_long,B,1.7453292519943295,0.5555555555555556,2996,-34.33515846159719,0.023407127462019103,0.9172550529508443,0.9178751904308906,0.8431059648747738
pp_primary_long,B,1.7453292519943295,0.5555555555555556,2997,-33.84824094837668,0.5743178592766961,0.9178203730737986,0.9178806406191767,0.0
pp_primary_long,B,1.7453292519943295,0.5555555555555556,2998,-34.42652169365166,-0.010601163198105362,0.9172551919856718,0.9178752104578141,0.8431065673303162
pp_primary_long,B,1.7453292519943295,0.5555555555555556,2999,-34.47075213330261,-0.01890461007898364,0.9178197171590372,0.9178805489186728,0.0
pp_primary_long,B,1.7453292519943295,0.5555555555555556,3000,-34.54302952166182,-0.05711498052918591,0.9172539383667394,0.9178750106813865,0.8431019134861932
pp_primary_long,B,1.7453292519943295,0.5555555555555556,3001,-35.1015884288195,-0.6203643989212255,0.9178197493265495,0.9178805540495446,0.0
pp_primary_long,B,1.7453292519943295,0.5555555555555556,3002,-34.636647623628306,-0.09224451795056127,0.9172528054203312,0.9178748303194046,0.8430977652644708
pp_primary_long,B,1.7453292519943295,0.5555555555555556,3003,-35.428520365824795,-0.9211121945353108,0.9178193584790562,0.9178804958211976,0.0
pp_primary_long,B,1.7453292519943295,0.5555555555555556,3004,-34.67107796622095,-0.09793738436153236,0.9172537058424581,0.9178749635379587,0.8431014596668188
pp_primary_long,B,1.7453292519943295,0.5555555555555556,3005,-35.29541407461031,-0.7666667609387939,0.9178194232390584,0.9178804965102731,0.0
pp_primary_long,B,1.7453292519943295,0.5555555555555556,3006,-34.64045994978423,-0.07127727156719443,0.9172535684217588,0.9178749351375194,0.8431011538530332
pp_primary_long,B,1.7453292519943295,0.5555555555555556,3007,-34.78245222034579,-0.23635921620397782,0.9178199540129445,0.9178805813248542,0.0
pp_primary_long,B,1.7453292519943295,0.5555555555555556,3008,-34.57230469747762,-0.025949360884256617,0.917254242432692,0.9178750468131759,0.8431034474567494
pp_primary_long,B,1.7453292519943295,0.5555555555555556,3009,-34.164936607069535,0.3974099138350185,0.9178199888956132,0.917880588212516,0.0
pp_primary_long,B,1.7453292519943295,0.5555555555555556,3010,-34.513458407531175,0.014750818829811746,0.9172553417439152,0.9178752619951523,0.8431059679889299
pp_primary_long,B,1.7453292519943295,0.5555555555555556,3011,-33.77186377970047,0.8090927147846931,0.9178202442344627,0.9178806313339882,0.0
pp_primary_long,B,1.7453292519943295,0.5555555555555556,3012,-34.50593449279772,0.029925723128080756,0.9172552876323352,0.91787523614547,0.8431064631885316
pp_primary_long,B,1.7453292519943295,0.5555555555555556,3013,-33.81696173031774,0.7872170358046309,0.917820662172443,0.917880689371765,0.0
pp_primary_long,B,1.7453292519943295,0.5555555555555556,3014,-34.565405659885634,0.011779189827194766,0.917255542716193,0.9178752799854453,0.8431073146052617
pp_primary_long,B,1.7453292519943295,0.5555555555555556,3015,-34.2888633469442,0.34302053183609255,0.917820246454932,0.9178806250386277,0.0
pp_primary_long,B,1.7453292519943295,0.5555555555555556,3016,-34.673132608431494,-0.030367609986127267,0.9172557074823509,0.91787528824758,0.8431085678535987
pp_primary_long,B,1.7453292519943295,0.5555555555555556,3017,-34.95697962302806,-0.29532747286990135,0.9178201120359183,0.9178806076354458,0.0
pp_primary_long,B,1.7453292519943295,0.5555555555555556,3018,-34.785595213137995,-0.07486920139138799,0.9172537655108455,0.9178749912205427,0.8431009942729244
pp_primary_long,B,1.7453292519943295,0.5555555555555556,3019,-35.489922146767924,-0.7999209951039363,0.917819842884573,0.9178805686664133,0.0
pp_primary_long,B,1.7453292519943295,0.5555555555555556,3020,-34.85682172735116,-0.09886236287032976,0.91725368894792,0.9178749710444302,0.8431010529033629
pp_primary_long,B,1.7453292519943295,0.5555555555555556,3021,-35.62574826500688,-0.9115721129446377,0.917819273354503,0.9178804812504906,0.0
pp_primary_long,B,1.7453292519943295,0.5555555555555556,3022,-34.86204051942138,-0.09002566847516881,0.9172534000489825,0.9178749227489141,0.8431000225825312
pp_primary_long,B,1.7453292519943295,0.5555555555555556,3023,-35.30648483253744,-0.5729284172468452,0.9178195857204563,0.9178805235896196,0.0
pp_primary_long,B,1.7453292519943295,0.5555555555555556,3024,-34.81036529542359,-0.05289367578538046,0.9172531800167965,0.9178748574267492,0.8431003192765935
pp_primary_long,B,1.7453292519943295,0.5555555555555556,3025,-34.7079488189448,0.04205849489890945,0.9178196985916057,0.9178805424323699,0.0
pp_primary_long,B,1.7453292519943295,0.5555555555555556,3026,-34.74015136472116,-0.006541476098430712,0.9172542463773778,0.9178750596718096,0.8431030108221031
pp_primary_long,B,1.7453292519943295,0.5555555555555556,3027,-34.149380533461695,0.6174933270213994,0.9178197456104243,0.9178805496406305,0.0
pp_primary_long,B,1.7453292519943295,0.5555555555555556,3028,-34.69928827754596,0.02521498995379809,0.9172547491026919,0.9178751496055164,0.843104487654915
pp_primary_long,B,1.7453292519943295,0.5555555555555556,3029,-33.929517960965,0.8577902279086989,0.9178203218998036,0.917880643200037,0.0
pp_primary_long,B,1.7453292519943295,0.5555555555555556,3030,-34.72054959948522,0.026072401422358435,0.9172548840188139,0.9178751788043842,0.8431047119123186
pp_primary_long,B,1.7453292519943295,0.5555555555555556,3031,-34.17309912080631,0.6395167104726334,0.9178204599580042,0.9178806579684473,0.0
pp_primary_long,B,1.7453292519943295,0.5555555555555556,3032,-34.80483262616629,-0.004414358532926516,0.9172561826773348,0.9178753768841643,0.8431098015799143
pp_primary_long,B,1.7453292519943295,0.5555555555555556,3033,-34.76681324201364,0.0747883026048885,0.9178203186025611,0.917880638509795,0.0
pp_primary_long,B,1.7453292519943295,0.5555555555555556,3034,-34.92064487376311,-0.05058215388853592,0.917255388445594,0.9178752431117936,0.8431071784958628
pp_primary_long,B,1.7453292519943295,0.5555555555555556,3035,-35.41749120373433,-0.5463056035914545,0.9178204604859825,0.9178806570125008,0.0
pp_primary_long,B,1.7453292519943295,0.5555555555555556,3036,-35.020313371891675,-0.08872070028496082,0.9172544143113259,0.9178750946218096,0.8431034163131161
pp_primary_long,B,1.7453292519943295,0.5555555555555556,3037,-35.802712748866526,-0.9047277928614,0.9178197495018281,0.9178805564081007,0.0
pp_primary_long,B,1.7453292519943295,0.5555555555555556,3038,-35.06444169971575,-0.0992360200730073,0.9172542506057848,0.9178750719233993,0.8431026614106221
pp_primary_long,B,1.7453292519943295,0.5555555555555556,3039,-35.73640092599884,-0.8163700267541174,0.9178195301065116,0.9178805191562549,0.0
pp_primary_long,B,1.7453292519943295,0.5555555555555556,3040,-35.04217957679021,-0.07673130065554912,0.9172530564381796,0.917874859793012,0.8430990539584081
pp_primary_long,B,1.7453292519943295,0.5555555555555556,3041,-35.26443167220556,-0.3266205728904774,0.9178196308880777,0.9178805340521314,0.0
pp_primary_long,B,1.7453292519943295,0.5555555555555556,3042,-34.97674269856283,-0.03275547958422745,0.9172533794406895,0.9178748950355529,0.8431008648145066
pp_primary_long,B,1.7453292519943295,0.5555555555555556,3043,-34.64104562906386,0.3129519914339412,0.9178194239239529,0.9178804961847922,0.0
pp_primary_long,B,1.7453292519943295,0.5555555555555556,3044,-34.91358379553707,0.010089097638933286,0.9172540157370078,0.9178750203648961,0.8431022814453265
pp_primary_long,B,1.7453292519943295,0.5555555555555556,3045,-34.19825927702454,0.7738214127426649,0.9178197241591497,0.9178805492318096,0.0
pp_primary_long,B,1.7453292519943295,0.5555555555555556,3046,-34.89693258932238,0.029802492904291142,0.9172539114176657,0.9178750054950668,0.8431018106045554
pp_primary_long,B,1.7453292519943295,0.5555555555555556,3047,-34.17533398200152,0.8192536343005364,0.9178201985081796,0.9178806219783815,0.0
pp_primary_long,B,1.7453292519943295,0.5555555555555556,3048,-34.947156932365374,0.016254823103659166,0.9172550335646219,0.9178752068850368,0.8431050672352559
pp_primary_long,B,1.7453292519943295,0.5555555555555556,3049,-34.59584393680521,0.4259091346687754,0.9178201682010186,0.9178806168429081,0.0
pp_primary_long,B,1.7453292519943295,0.5555555555555556,3050,-35.05025718661152,-0.02359059489509857,0.9172560345980465,0.9178753459737811,0.8431095204579826
pp_primary_long,B,1.7453292519943295,0.5555555555555556,3051,-35.25559832165725,-0.20416619046358764,0.9178205999587946,0.9178806773441457,0.0
pp_primary_long,B,1.7453292519943295,0.5555555555555556,3052,-35.165086356364306,-0.06926942453924441,0.9172551746215545,0.9178752147024591,0.8431062103190268
pp_primary_long,B,1.7453292519943295,0.5555555555555556,3053,-35.82750559612793,-0.747315691112024,0.9178204447240397,0.9178806561234125,0.0
pp_primary_long,B,1.7453292519943295,0.5555555555555556,3054,-35.244462633290425,-0.09731597374684597,0.9172554026679576,0.9178752530734994,0.8431069839908839
pp_primary_long,B,1.7453292519943295,0.5555555555555556,3055,-36.029605704881746,-0.9245425140304329,0.9178198541774294,0.9178805717200055,0.0
pp_primary_long,B,1.7453292519943295,0.5555555555555556,3056,-35.25943614010242,-0.09333003717538421,0.917254177205394,0.9178750680236701,0.8431020575815679
pp_primary_long,B,1.7453292519943295,0.5555555555555556,3057,-35.76988492483824,-0.6448092926476036,0.9178198664753948,0.9178805725542837,0.0
pp_primary_long,B,1.7453292519943295,0.5555555555555556,3058,-35.21410137633343,-0.05935070541097845,0.9172533232277756,0.9178748957495909,0.8431003181008992
pp_primary_long,B,1.7453292519943295,0.5555555555555556,3059,-35.193573771967095,-0.05181114144228022,0.9178195230165738,0.9178805152785332,0.0
pp_primary_long,B,1.7453292519943295,0.5555555555555556,3060,-35.143558393755484,-0.012834374539959947,0.9172537144545513,0.9178749643932774,0.8431015210137602
pp_primary_long,B,1.7453292519943295,0.5555555555555556,3061,-34.60849721377285,0.5498496977169575,0.9178193685565198,0.917880488284706,0.0
pp_primary_long,B,1.7453292519943295,0.5555555555555556,3062,-35.09585872022868,0.02232127826183837,0.917253445894459,0.91787491140195,0.8431008662144317
pp_primary_long,B,1.7453292519943295,0.5555555555555556,3063,-34.32701154607803,0.8511192215302343,0.9178197600781833,0.9178805557757949,0.0
pp_primary_long,B,1.7453292519943295,0.5555555555555556,3064,-35.10730006120626,0.02806189200778811,0.9172535158505458,0.9178749497329126,0.8431000739115225
pp_primary_long,B,1.7453292519943295,0.5555555555555556,3065,-34.505504678747094,0.6972478480302998,0.9178198219756171,0.9178805641392973,0.0
pp_primary_long,B,1.7453292519943295,0.5555555555555556,3066,-35.183823861512494,0.0014344693141905562,0.9172551340412857,0.917875212396329,0.8431058299479409
pp_primary_long,B,1.7453292519943295,0.5555555555555556,3067,-35.06410141576396,0.16726755684768113,0.9178201268940956,0.9178806104548634,0.0
pp_primary_long,B,1.7453292519943295,0.5555555555555556,3068,-35.29791521353103,-0.04387743852376363,0.9172551906313973,0.9178752139829137,0.8431063476904236
pp_primary_long,B,1.7453292519943295,0.5555555555555556,3069,-35.72767140982208,-0.4665839270301045,0.9178206862443931,0.917880688166164,0.0
pp_primary_long,B,1.7453292519943295,0.5555555555555556,3070,-35.40277984499429,-0.08460105107236196,0.9172556755476805,0.9178752895908762,0.8431082184948779
pp_primary_long,B,1.7453292519943295,0.5555555555555556,3071,-36.16717210938515,-0.878716622556288,0.9178202795252636,0.9178806339038502,0.0
pp_primary_long,B,1.7453292519943295,0.5555555555555556,3072,-35.45636234779107,-0.09981846996767768,0.9172557066862557,0.9178753113790347,0.8431076734694363
pp_primary_long,B,1.7453292519943295,0.5555555555555556,3073,-36.16864304516483,-0.857427939424862,0.9178202098570705,0.9178806239963864,0.0
pp_primary_long,B,1.7453292519943295,0.5555555555555556,3074,-35.442956320634835,-0.08171760813936008,0.9172541784831814,0.917875061718097,0.8431023283240893
pp_primary_long,B,1.7453292519943295,0.5555555555555556,3075,-35.743145221516016,-0.4136550289953331,0.9178199937348305,0.9178805932200559,0.0
pp_primary_long,B,1.7453292519943295,0.5555555555555556,3076,-35.381229312287864,-0.03958569704092484,0.9172540492164851,0.9178750257203613,0.8431024791580845
pp_primary_long,B,1.7453292519943295,0.5555555555555556,3077,-35.12104542889057,0.22464691963202532,0.9178194892221927,0.9178805071507957,0.0
pp_primary_long,B,1.7453292519943295,0.5555555555555556,3078,-35.314720763462326,0.004925039645252455,0.9172537813877478,0.9178749717918593,0.8431018689167502
pp_primary_long,B,1.7453292519943295,0.5555555555555556,3079,-34.63370437468301,0.729602100460519,0.9178195442310355,0.9178805196942557,0.0
pp_primary_long,B,1.7453292519943295,0.5555555555555556,3080,-35.28937995455494,0.02895930955267409,0.917252970328543,0.917874832137827,0.8430992488724064
pp_primary_long,B,1.7453292519943295,0.5555555555555556,3081,-34.543265599787624,0.8418345418599407,0.917819613235735,0.9178805302566581,0.0
pp_primary_long,B,1.7453292519943295,0.5555555555555556,3082,-35.330050908298475,0.020162923857683465,0.9172537105395299,0.9178749836612992,0.8431007000721013
pp_primary_long,B,1.7453292519943295,0.5555555555555556,3083,-34.90798405855858,0.5036932819991526,0.9178195180335956,0.9178805198328995,0.0
pp_primary_long,B,1.7453292519943295,0.5555555555555556,3084,-35.42763777049848,-0.016940261299351958,0.9172544662056593,0.9178750969332709,0.843103735500449
pp_primary_long,B,1.7453292519943295,0.5555555555555556,3085,-35.55232741647672,-0.1111325370272318,0.9178202318234395,0.9178806230208608,0.0
pp_primary_long,B,1.7453292519943295,0.5555555555555556,3086,-35.54381888007779,-0.0632920598705918,0.917254714399829,0.9178751373659256,0.8431046187299529
pp_primary_long,B,1.7453292519943295,0.5555555555555556,3087,-36.15712113122862,-0.6868239710180656,0.9178204013030529,0.9178806483572156,0.0
pp_primary_long,B,1.7453292519943295,0.5555555555555556,3088,-35.63071560090424,-0.0950796247657579,0.9172561553392529,0.917875363696973,0.8431100219374371
pp_primary_long,B,1.7453292519943295,0.5555555555555556,3089,-36.42350921114291,-0.9276671197321747,0.9178203297458486,0.9178806392454323,0.0
pp_primary_long,B,1.7453292519943295,0.5555555555555556,3090,-35.65552095228715,-0.09598362193086779,0.9172553458156206,0.9178752572817223,0.8431062190891765
pp_primary_long,B,1.7453292519943295,0.5555555555555556,3091,-36.226458017862505,-0.7099430504062757,0.9178204783390086,0.9178806656189947,0.0
pp_primary_long,B,1.7453292519943295,0.5555555555555556,3092,-35.617280368677314,-0.06553199579415989,0.9172547256409623,0.9178751466258106,0.8431044564144341
pp_primary_long,B,1.7453292519943295,0.5555555555555556,3093,-35.67900460399869,-0.14549427712710067,0.9178199700402409,0.9178805874109389,0.0
pp_primary_long,B,1.7453292519943295,0.5555555555555556,3094,-35.5474534273104,-0.019370636609394823,0.917254646529065,0.9178751365876714,0.84310404901812
pp_primary_long,B,1.7453292519943295,0.5555555555555556,3095,-35.074152393362304,0.47573820248620086,0.9178196923826258,0.917880541121123,0.0
pp_primary_long,B,1.7453292519943295,0.5555555555555556,3096,-35.49370980544877,0.01879103579211687,0.9172536344997293,0.9178749356649853,0.8431017927889785
pp_primary_long,B,1.7453292519943295,0.5555555555555556,3097,-34.7344164740704,0.8346454671820009,0.9178197183449982,0.9178805455975939,0.0
pp_primary_long,B,1.7453292519943295,0.5555555555555556,3098,-35.49546028197242,0.02935128191207652,0.9172531312464755,0.9178748720159894,0.8430993405335522
pp_primary_long,B,1.7453292519943295,0.5555555555555556,3099,-34.8461039811512,0.7468735398631045,0.9178193410894583,0.9178804878640792,0.0
pp_primary_long,B,1.7453292519943295,0.5555555555555556,3100,-35.56362796376546,0.0068797771026381516,0.9172537693112862,0.9178749823433283,0.8431013387185852
pp_primary_long,B,1.7453292519943295,0.5555555555555556,3101,-35.363658072604345,0.2575041808793903,0.9178195403026527,0.9178805234552894,0.0
pp_primary_long,B,1.7453292519943295,0.5555555555555556,3102,-35.67499109217636,-0.03707554215459335,0.9172534773645724,0.9178749403134722,0.843100063139836
pp_primary_long,B,1.7453292519943295,0.5555555555555556,3103,-36.033029860865526,-0.3820868346140321,0.9178200953871658,0.9178806023774407,0.0
pp_primary_long,B,1.7453292519943295,0.5555555555555556,3104,-35.78414974265222,-0.07993532980878777,0.9172549331815473,0.9178751631963665,0.8431057402198956
pp_primary_long,B,1.7453292519943295,0.5555555555555556,3105,-36.52219568559811,-0.8433657004707531,0.917820081760935,0.9178806009781254,0.0
pp_primary_long,B,1.7453292519943295,0.5555555555555556,3106,-35.84684264969707,-0.09968423274945014,0.9172557781433545,0.9178753093858241,0.8431084111139988
pp_primary_long,B,1.7453292519943295,0.5555555555555556,3107,-36.591683236604986,-0.8893831383345544,0.9178205316097299,0.9178806669448492,0.0
pp_primary_long,B,1.7453292519943295,0.5555555555555556,3108,-35.84268209768478,-0.08618220319358194,0.9172551631784347,0.9178752176100415,0.8431059726147788
pp_primary_long,B,1.7453292519943295,0.5555555555555556,3109,-36.21761739388487,-0.49650022846969244,0.9178204506295959,0.9178806628277683,0.0
pp_primary_long,B,1.7453292519943295,0.5555555555555556,3110,-35.78559774331643,-0.046358846623399355,0.9172554222223515,0.9178752718210887,0.8431064480287924
pp_primary_long,B,1.7453292519943295,0.5555555555555556,3111,-35.60394230349253,0.13346953049311489,0.9178200388227574,0.9178805967538141,0.0
pp_primary_long,B,1.7453292519943295,0.5555555555555556,3112,-35.71673813404737,-0.0006778472408775632,0.9172548233010082,0.91787515940396,0.8431048605620004
pp_primary_long,B,1.7453292519943295,0.5555555555555556,3113,-35.07769547981546,0.6769265088984252,0.9178200287156361,0.9178805954742703,0.0
pp_primary_long,B,1.7453292519943295,0.5555555555555556,3114,-35.68325372173055,0.027407154185943194,0.9172537336317492,0.9178749583050972,0.8431019349382767
pp_primary_long,B,1.7453292519943295,0.5555555555555556,3115,-34.921001942349314,0.8547160144256415,0.9178197037191317,0.9178805390740729,0.0
pp_primary_long,B,1.7453292519943295,0.5555555555555556,3116,-35.71417634063792,0.02345928273468109,0.9172537731041768,0.9178749790738279,0.8431015420574657
pp_primary_long,B,1.7453292519943295,0.5555555555555556,3117,-35.22615265863503,0.5755142282507756,0.917819277960129,0.9178804815152621,0.0
pp_primary_long,B,1.7453292519943295,0.5555555555555556,3118,-35.8054206362009,-0.010489755787595006,0.9172532096375351,0.9178748873813057,0.8430994878708971
pp_primary_long,B,1.7453292519943295,0.5555555555555556,3119,-35.84821219735762,-0.017260932294969777,0.9178196684527976,0.9178805410681438,0.0
pp_primary_long,B,1.7453292519943295,0.5555555555555556,3120,-35.92192604387448,-0.05700303389264614,0.9172531979617016,0.9178748942577206,0.8430990932822592
pp_primary_long,B,1.7453292519943295,0.5555555555555556,3121,-36.479452639111,-0.6191203080945971,0.9178196930279661,0.9178805440493736,0.0
pp_primary_long,B,1.7453292519943295,0.5555555555555556,3122,-36.015642153135296,-0.09218222662462788,0.9172549526966991,0.9178751636732061,0.8431059180321246
pp_primary_long,B,1.7453292519943295,0.5555555555555556,3123,-36.807431401053606,-0.9209109359600601,0.9178200401305155,0.9178805906301204,0.0
pp_primary_long,B,1.7453292519943295,0.5555555555555556,3124,-36.050253169011405,-0.09796390367621535,0.9172549343088073,0.9178751713273898,0.8431054654683537
pp_primary_long,B,1.7453292519943295,0.5555555555555556,3125,-36.67548112058383,-0.7676066314362039,0.9178205359593538,0.9178806697327039,0.0
pp_primary_long,B,1.7453292519943295,0.5555555555555556,3126,-36.01977061129515,-0.07137175399964504,0.9172554403693839,0.9178752573867803,0.8431071369951474
pp_primary_long,B,1.7453292519943295,0.5555555555555556,3127,-36.163194244813766,-0.23795570295448054,0.9178202939668435,0.9178806374426238,0.0
pp_primary_long,B,1.7453292519943295,0.5555555555555556,3128,-35.95168028941474,-0.026073577101170378,0.9172556859973461,0.9178753230960628,0.8431070176839266
pp_primary_long,B,1.7453292519943295,0.5555555555555556,3129,-35.545511882058506,0.3959760988978623,0.91782027806887,0.9178806354357987,0.0
pp_primary_long,B,1.7453292519943295,0.5555555555555556,3130,-35.89274907697281,0.01466907334885148,0.9172547951976026,0.9178751459937892,0.843105113686712
pp_primary_long,B,1.7453292519943295,0.5555555555555556,3131,-35.151539788598,0.8085535153213664,0.917820240102444,0.9178806247188485,0.0
pp_primary_long,B,1.7453292519943295,0.5555555555555556,3132,-35.88505295898463,0.029928350729550135,0.9172543956938317,0.9178750821136417,0.8431037023549672
pp_primary_long,B,1.7453292519943295,0.5555555555555556,3133,-35.195444515014785,0.7878511800864474,0.917819637577754,0.917880530181017,0.0
pp_primary_long,B,1.7453292519943295,0.5555555555555556,3134,-35.94436430272097,0.011861428833518442,0.917254102803559,0.9178750232042324,0.8431030423890822
pp_primary_long,B,1.7453292519943295,0.5555555555555556,3135,-35.66648868492701,0.34450242646330304,0.9178195410421185,0.9178805224869007,0.0
pp_primary_long,B,1.7453292519943295,0.5555555555555556,3136,-36.052019589275275,-0.030249988792115143,0.9172527044897583,0.91787481284498,0.8430974078440825
pp_primary_long,B,1.7453292519943295,0.5555555555555556,3137,-36.33451258689504,-0.29375346593650503,0.9178195543218455,0.9178805236246425,0.0
pp_primary_long,B,1.7453292519943295,0.5555555555555556,3138,-36.164524955653604,-0.07477386509978601,0.9172536014135347,0.9178749523913133,0.8431008359559853
pp_primary_long,B,1.7453292519943295,0.5555555555555556,3139,-36.86818484732744,-0.7990708678166437,0.9178194292732039,0.9178805032946474,0.0
pp_primary_long,B,1.7453292519943295,0.5555555555555556,3140,-36.23589530719775,-0.09883850772723259,0.9172542073218345,0.9178750485805083,0.8431030559387411
pp_primary_long,B,1.7453292519943295,0.5555555555555556,3141,-37.00517294808081,-0.9118817495164134,0.9178201063226273,0.9178805997143881,0.0
pp_primary_long,B,1.7453292519943295,0.5555555555555556,3142,-36.24127561862399,-0.09008308171065166,0.9172545198173784,0.9178750902722794,0.8431045016484976
pp_primary_long,B,1.7453292519943295,0.5555555555555556,3143,-36.686928807762364,-0.5742376595881776,0.9178202569117697,0.9178806293286944,0.0
pp_primary_long,B,1.7453292519943295,0.5555555555555556,3144,-36.18970712631257,-0.05300375770522633,0.9172556323765908,0.917875298244159,0.8431074166572787
pp_primary_long,B,1.7453292519943295,0.5555555555555556,3145,-36.08871888318431,0.040426607786854474,0.9178202547621991,0.9178806295568229,0.0
pp_primary_long,B,1.7453292519943295,0.5555555555555556,3146,-36.119504946850746,-0.0066546415829314,0.9172554422202422,0.9178752730651683,0.8431065467461657
pp_primary_long,B,1.7453292519943295,0.5555555555555556,3147,-35.52964063893553,0.616374013353966,0.9178205113354044,0.9178806718300221,0.0
pp_primary_long,B,1.7453292519943295,0.5555555555555556,3148,-36.07850706560676,0.025168007158454034,0.9172550045139091,0.91787518947795,0.8431055250747087
pp_primary_long,B,1.7453292519943295,0.5555555555555556,3149,-35.30868063592869,0.8577573816917459,0.9178202233577385,0.9178806194007826,0.0
pp_primary_long,B,1.7453292519943295,0.5555555555555556,3150,-36.09960006078053,0.026109420050587626,0.9172552144803041,0.9178752149584155,0.8431065830592692
pp_primary_long,B,1.7453292519943295,0.5555555555555556,3151,-35.55114464592964,0.6405839186812308,0.9178198102363693,0.9178805608222079,0.0
pp_primary_long,B,1.7453292519943295,0.5555555555555556,3152,-36.18374652615573,-0.004309618887952088,0.917253881969213,0.9178749887170978,0.8431021871842992
pp_primary_long,B,1.7453292519943295,0.5555555555555556,3153,-36.14429552228678,0.07641328941283532,0.9178198081129761,0.917880560135183,0.0
pp_primary_long,B,1.7453292519943295,0.5555555555555556,3154,-36.29954096315759,-0.05046899022184674,0.9172530802654743,0.9178748760667775,0.843098702570392
pp_primary_long,B,1.7453292519943295,0.5555555555555556,3155,-36.795255791273,-0.5449571385777615,0.917819300790299,0.9178804868856687,0.0
pp_primary_long,B,1.7453292519943295,0.5555555555555556,3156,-36.39930042188942,-0.08865321661771981,0.9172536887493935,0.9178749675567686,0.8431011253599936
pp_primary_long,B,1.7453292519943295,0.5555555555555556,3157,-37.18145280865721,-0.9043527934318206,0.9178195086261821,0.9178805127220914,0.0
pp_primary_long,B,1.7453292519943295,0.5555555555555556,3158,-36.443595780352204,-0.09925190682816126,0.9172533824605745,0.9178749105066992,0.843100269711156
pp_primary_long,B,1.7453292519943295,0.5555555555555556,3159,-37.116317179140445,-0.8171615625770734,0.9178199565070981,0.9178805807638353,0.0
pp_primary_long,B,1.7453292519943295,0.5555555555555556,3160,-36.421461263403174,-0.07681280868278062,0.9172545870555215,0.9178750975650103,0.8431048649317643
pp_primary_long,B,1.7453292519943295,0.5555555555555556,3161,-36.64511584445584,-0.3281708029039002,0.917819958342924,0.9178805808288105,0.0
pp_primary_long,B,1.7453292519943295,0.5555555555555556,3162,-36.356102658703655,-0.03287370380849805,0.917255290296783,0.9178752453142907,0.8431061007285487
pp_primary_long,B,1.7453292519943295,0.5555555555555556,3163,-36.02168850358888,0.311443247221101,0.9178203370743205,0.9178806433297182,0.0
pp_primary_long,B,1.7453292519943295,0.5555555555555556,3164,-36.29288141765148,0.010002481308986094,0.9172550773249433,0.9178752043288739,0.8431056263745423
pp_primary_long,B,1.7453292519943295,0.5555555555555556,3165,-35.57809059205516,0.7731278177552197,0.9178205183893444,0.9178806703153196,0.0
pp_primary_long,B,1.7453292519943295,0.5555555555555556,3166,-36.27608108762859,0.029790365913791528,0.9172555638020887,0.9178752922685248,0.8431070301187977
pp_primary_long,B,1.7453292519943295,0.5555555555555556,3167,-35.553979802493174,0.8197286263129934,0.9178201825056893,0.9178806162013398,0.0
pp_primary_long,B,1.7453292519943295,0.5555555555555556,3168,-36.32613948295005,0.01632578696536062,0.9172554549162963,0.9178752451679327,0.8431077335961313
pp_primary_long,B,1.7453292519943295,0.5555555555555556,3169,-35.97355707252727,0.4273061519068142,0.9178201980523326,0.9178806185930061,0.0
pp_primary_long,B,1.7453292519943295,0.5555555555555556,3170,-36.429149624977335,-0.023475176605002784,0.9172538983115534,0.9178750028984491,0.8431018450128218
pp_primary_long,B,1.7453292519943295,0.5555555555555556,3171,-36.63309927280798,-0.2025574075642304,0.9178197989364876,0.9178805582433752,0.0
pp_primary_long,B,1.7453292519943295,0.5555555555555556,3172,-36.54400987595913,-0.0691698084019923,0.9172539283386827,0.9178750096125605,0.843101896279643
pp_primary_long,B,1.7453292519943295,0.5555555555555556,3173,-37.20563205488935,-0.7463247204506012,0.9178193077772354,0.9178804880141097,0.0
pp_primary_long,B,1.7453292519943295,0.5555555555555556,3174,-36.62352866171884,-0.09728667829696354,0.9172531723502,0.9178748905260922,0.8430990115003357
pp_primary_long,B,1.7453292519943295,0.5555555555555556,3175,-37.408862652507736,-0.9246781816535755,0.917819651391187,0.9178805356202795,0.0
pp_primary_long,B,1.7453292519943295,0.5555555555555556,3176,-36.63865525492126,-0.09337894390144685,0.9172532722015833,0.9178748812196308,0.8431003123697971
pp_primary_long,B,1.7453292519943295,0.5555555555555556,3177,-37.15021536301109,-0.6460063566116531,0.9178196278543082,0.9178805310722266,0.0
pp_primary_long,B,1.7453292519943295,0.5555555555555556,3178,-36.593428060709236,-0.05945389264113117,0.9172544965643841,0.9178750932201422,0.8431041668390369
pp_primary_long,B,1.7453292519943295,0.5555555555555556,3179,-36.57434231117816,-0.0534508468679617,0.9178198570181002,0.9178805631905248,0.0
pp_primary_long,B,1.7453292519943295,0.5555555555555556,3180,-36.522901672096424,-0.012944487991880874,0.9172545947678896,0.9178751172846212,0.8431042102281021
pp_primary_long,B,1.7453292519943295,0.5555555555555556,3181,-35.98887027111353,0.5486114522088819,0.9178203375681188,0.9178806447276194,0.0
pp_primary_long,B,1.7453292519943295,0.5555555555555556,3182,-36.4750894447873,0.02226690074876142,0.9172549920796524,0.9178751981891352,0.8431050127605605
pp_primary_long,B,1.7453292519943295,0.5555555555555556,3183,-35.70633901549557,0.8509199945604506,0.917820308903493,0.917880637210261,0.0
pp_primary_long,B,1.7453292519943295,0.5555555555555556,3184,-36.48637554083044,0.028086371156118548,0.9172559491763479,0.9178753488817243,0.8431085829726986
pp_primary_long,B,1.7453292519943295,0.5555555555555556,3185,-35.883684308423646,0.6981828826830287,0.9178203487068098,0.9178806438714892,0.0
pp_primary_long,B,1.7453292519943295,0.5555555555555556,3186,-36.562751614379046,0.0015323626699751264,0.9172551640804224,0.9178752025235704,0.8431065433736794
pp_primary_long,B,1.7453292519943295,0.5555555555555556,3187,-36.441617268914705,0.1688597184044222,0.9178204329083192,0.9178806503391606,0.0
pp_primary_long,B,1.7453292519943295,0.5555555555555556,3188,-36.67680548608879,-0.043761239747266346,0.9172546912527436,0.9178751336296728,0.8431046121727914
pp_primary_long,B,1.7453292519943295,0.5555555555555556,3189,-37.10535225132583,-0.4651510043295751,0.9178197201282109,0.9178805492471457,0.0
pp_primary_long,B,1.7453292519943295,0.5555555555555556,3190,-36.781756077249945,-0.08452697447187066,0.9172542328544411,0.9178750629645623,0.8431027983757291
pp_primary_long,B,1.7453292519943295,0.5555555555555556,3191,-37.54575331240635,-0.8781777147881975,0.9178196279592148,0.9178805352781612,0.0
pp_primary_long,B,1.7453292519943295,0.5555555555555556,3192,-36.835507467683115,-0.09982821271638082,0.9172528989037569,0.9178748433816623,0.8430981441420559
pp_primary_long,B,1.7453292519943295,0.5555555555555556,3193,-37.54841029207468,-0.8580621106990831,0.9178195766393626,0.9178805269920092,0.0
pp_primary_long,B,1.7453292519943295,0.5555555555555556,3194,-36.82223338750748,-0.08179547380647323,0.9172536315050372,0.9178749425704283,0.8431015107060951
pp_primary_long,B,1.7453292519943295,0.5555555555555556,3195,-37.123764048453225,-0.4151399891513762,0.9178194294891424,0.917880496966673,0.0
pp_primary_long,B,1.7453292519943295,0.5555555555555556,3196,-36.760584589254535,-0.03970195545981209,0.9172539748245521,0.9178750076097596,0.8431023554482845
pp_primary_long,B,1.7453292519943295,0.5555555555555556,3197,-36.501744823414086,0.22307667765111383,0.9178198764858817,0.9178805691834444,0.0
pp_primary_long,B,1.7453292519943295,0.5555555555555556,3198,-36.69401641674414,0.004837442920779242,0.9172540389773394,0.9178750179352372,0.8431025679983886
pp_primary_long,B,1.7453292519943295,0.5555555555555556,3199,-36.013681011319534,0.7287569337169523,0.9178201136373176,0.9178806086251105,0.0
pp_primary_long,B,1.7453292519943295,0.5555555555555556,3200,-36.66854420537673,0.028938208037402907,0.9172551361960847,0.9178752279521254,0.8431052577319186
pp_primary_long,B,1.7453292519943295,0.5555555555555556,3201,-35.92207099399165,0.842147528163449,0.9178201403089064,0.9178806136332444,0.0
pp_primary_long,B,1.7453292519943295,0.5555555555555556,3202,-36.70905128038835,0.020224500184833863,0.9172556234599312,0.9178752860021131,0.8431078056472944
pp_primary_long,B,1.7453292519943295,0.5555555555555556,3203,-36.285788827823694,0.5049988070628335,0.9178205949080146,0.9178806781320611,0.0
pp_primary_long,B,1.7453292519943295,0.5555555555555556,3204,-36.80653268160282,-0.01682661678120105,0.9172551879289695,0.9178752161347413,0.8431062791798949
pp_primary_long,B,1.7453292519943295,0.5555555555555556,3205,-36.929804936361464,-0.1095022185270147,0.9178203473187292,0.9178806387730502,0.0
pp_primary_long,B,1.7453292519943295,0.5555555555555556,3206,-36.922726571082144,-0.06318470162947265,0.9172555546080488,0.9178752692289344,0.8431078170955623
pp_primary_long,B,1.7453292519943295,0.5555555555555556,3207,-37.535119413800366,-0.6857068411527406,0.9178199185535205,0.9178805796650642,0.0
pp_primary_long,B,1.7453292519943295,0.5555555555555556,3208,-37.0097646857608,-0.09504098639423073,0.9172539996663954,0.9178750331662049,0.8431016462620953
pp_primary_long,B,1.7453292519943295,0.5555555555555556,3209,-37.8026014333768,-0.9276321742808403,0.9178198943032453,0.9178805762495663,0.0
pp_primary_long,B,1.7453292519943295,0.5555555555555556,3210,-37.03473287534136,-0.09602717679854875,0.9172534169357084,0.9178749218625126,0.843100241380719
pp_primary_long,B,1.7453292519943295,0.5555555555555556,3211,-37.606670654881555,-0.7110140709496592,0.917819421405203,0.9178805021681814,0.0
pp_primary_long,B,1.7453292519943295,0.5555555555555556,3212,-36.99661437547465,-0.06563695853874013,0.9172537542004877,0.9178749749034218,0.8431014896661713
pp_primary_long,B,1.7453292519943295,0.5555555555555556,3213,-37.059764759733284,-0.14712205660907635,0.9178194940059275,0.9178805070686358,0.0
pp_primary_long,B,1.7453292519943295,0.5555555555555556,3214,-36.92680054346459,-0.019482930875899918,0.9172533938850198,0.9178748979611239,0.8431008570102319
pp_primary_long,B,1.7453292519943295,0.5555555555555556,3215,-36.45463253734874,0.47439069573748777,0.9178198049616892,0.917880560002644,0.0
pp_primary_long,B,1.7453292519943295,0.5555555555555556,3216,-36.87294984192242,0.018730810479876195,0.917253907793758,0.9178750056722693,0.843101756817492
pp_primary_long,B,1.7453292519943295,0.5555555555555556,3217,-36.11390815908924,0.8342761020349468,0.9178197815720363,0.9178805562612057,0.0
pp_primary_long,B,1.7453292519943295,0.5555555555555556,3218,-36.87455123272331,0.029367056562268207,0.9172549774803553,0.9178751915311242,0.8431051013722942
pp_primary_long,B,1.7453292519943295,0.5555555555555556,3219,-36.22442259741807,0.7476676720004303,0.9178201770456066,0.9178806198976326,0.0
pp_primary_long,B,1.7453292519943295,0.5555555555555556,3220,-36.94256643397347,0.00697142809371204,0.9172549356032682,0.9178751779148817,0.8431052370092261
pp_primary_long,B,1.7453292519943295,0.5555555555555556,3221,-36.741214455104156,0.25905427466451086,0.9178205774512813,0.9178806731966604,0.0
pp_primary_long,B,1.7453292519943295,0.5555555555555556,3222,-37.053872519066964,-0.036955804639317184,0.9172557862309718,0.9178753100998243,0.8431084955221806
pp_primary_long,B,1.7453292519943295,0.5555555555555556,3223,-37.41063164055275,-0.380580137217486,0.9178202400696323,0.9178806258855484,0.0
pp_primary_long,B,1.7453292519943295,0.5555555555555556,3224,-37.16310158912923,-0.07984955386673115,0.9172556094180371,0.9178752826985048,0.843107803622129
pp_primary_long,B,1.7453292519943295,0.5555555555555556,3225,-37.90061798353124,-0.8426715579836523,0.9178203008466453,0.9178806349574248,0.0
pp_primary_long,B,1.7453292519943295,0.5555555555555556,3226,-37.22596384647948,-0.09968174429062523,0.9172541388995569,0.9178750538937582,0.8431022453325215
pp_primary_long,B,1.7453292519943295,0.5555555555555556,3227,-37.97129501301667,-0.889856786148683,0.9178199005626708,0.9178805787788052,0.0
pp_primary_long,B,1.7453292519943295,0.5555555555555556,3228,-37.22195839464981,-0.08625774293228025,0.9172541768411945,0.9178750533773062,0.843102650719582
pp_primary_long,B,1.7453292519943295,0.5555555555555556,3229,-37.59816145609784,-0.4979022294655598,0.9178194800139586,0.9178805088165892,0.0
pp_primary_long,B,1.7453292519943295,0.5555555555555556,3230,-37.16496773377764,-0.04648056828496091,0.9172535402386979,0.9178749379881398,0.8431007868460287
pp_primary_long,B,1.7453292519943295,0.5555555555555556,3231,-36.98469146077278,0.1318568753026258,0.9178196504307182,0.9178805350983067,0.0
pp_primary_long,B,1.7453292519943295,0.5555555555555556,3232,-37.0960490327314,-0.0007727777554478871,0.9172532192197935,0.9178748670504745,0.8431003422157362
pp_primary_long,B,1.7453292519943295,0.5555555555555556,3233,-36.457817768254145,0.6759344905859717,0.9178195796317181,0.917880522305508,0.0
pp_primary_long,B,1.7453292519943295,0.5555555555555556,3234,-37.06243525985869,0.02737692149202997,0.9172539861204911,0.9178750228700506,0.8431018873642088
pp_primary_long,B,1.7453292519943295,0.5555555555555556,3235,-36.299976122014186,0.8548566895230661,0.9178196098402048,0.9178805318650933,0.0
pp_primary_long,B,1.7453292519943295,0.5555555555555556,3236,-37.09319033554569,0.023513053893171404,0.917254234843808,0.9178750602670849,0.8431028730099618
pp_primary_long,B,1.7453292519943295,0.5555555555555556,3237,-36.60406156830997,0.5767143071739174,0.9178202224704515,0.9178806244305346,0.0
pp_primary_long,B,1.7453292519943295,0.5555555555555556,3238,-37.18431922850444,-0.010378875087381084,0.9172547235529026,0.9178751483254488,0.8431042819824239
pp_primary_long,B,1.7453292519943295,0.5555555555555556,3239,-37.225675251103425,-0.015619421470460582,0.9178202737262072,0.9178806298084146,0.0
pp_primary_long,B,1.7453292519943295,0.5555555555555556,3240,-37.30081607078762,-0.05688777949515968,0.9172561043146729,0.9178753551054051,0.8431098423672853
pp_primary_long,B,1.7453292519943295,0.5555555555555556,3241,-37.8573236767272,-0.6178839426238854,0.9178203880177339,0.9178806463579989,0.0
pp_primary_long,B,1.7453292519943295,0.5555555555555556,3242,-37.39465743576319,-0.0921278434468556,0.9172551946598461,0.9178752216312681,0.8431061070971848
pp_primary_long,B,1.7453292519943295,0.5555555555555556,3243,-38.186350818624454,-0.92070775244187,0.9178204757261105,0.9178806615867559,0.0
pp_primary_long,B,1.7453292519943295,0.5555555555555556,3244,-37.429438591475055,-0.0979943877188025,0.9172549054677174,0.9178751744207889,0.8431051353164786
pp_primary_long,B,1.7453292519943295,0.5555555555555556,3245,-38.05556089271373,-0.76854255528959,0.9178198685091106,0.9178805733003949,0.0
pp_primary_long,B,1.7453292519943295,0.5555555555555556,3246,-37.39910954548238,-0.07147732129903492,0.9172544867418106,0.9178751154961565,0.843103269306804
pp_primary_long,B,1.7453292519943295,0.5555555555555556,3247,-37.54393194763948,-0.23955143551945146,0.917819765550689,0.9178805541272185,0.0
pp_primary_long,B,1.7453292519943295,0.5555555555555556,3248,-37.3310480209699,-0.026194404094225104,0.9172534595401209,0.9178749138793205,0.8431009183805853
pp_primary_long,B,1.7453292519943295,0.5555555555555556,3249,-36.92609280655145,0.39453633232780017,0.9178196910602064,0.9178805409462805,0.0
pp_primary_long,B,1.7453292519943295,0.5555555555555556,3250,-37.272016114241644,0.014596357770170126,0.9172535247367382,0.917874930854882,0.8431009292800828
pp_primary_long,B,1.7453292519943295,0.5555555555555556,3251,-36.531202934420975,0.80801325100918,0.9178193807898024,0.9178804905701781,0.0
pp_primary_long,B,1.7453292519943295,0.5555555555555556,3252,-37.26416384651345,0.029933924647251184,0.9172537733832812,0.9178749763147876,0.8431015914741532
pp_primary_long,B,1.7453292519943295,0.5555555555555556,3253,-36.57391964346553,0.7884880779620793,0.9178196685801613,0.9178805423154672,0.0
pp_primary_long,B,1.7453292519943295,0.5555555555555556,3254,-37.32331493223947,0.01194627531380707,0.9172534806154444,0.9178749415838731,0.8431000384655642
pp_primary_long,B,1.7453292519943295,0.5555555555555556,3255,-37.044104169986426,0.3459925015751658,0.9178199992917965,0.917880589585954,0.0
pp_primary_long,B,1.7453292519943295,0.5555555555555556,3256,-37.430898332502906,-0.03012948111505849,0.9172549791815502,0.9178751826634186,0.8431054454984401
pp_primary_long,B,1.7453292519943295,0.5555555555555556,3257,-37.71204564779694,-0.29218272288532854,0.9178200510448666,0.9178805973887425,0.0
pp_primary_long,B,1.7453292519943295,0.5555555555555556,3258,-37.54345198508537,-0.07467678167689865,0.9172555434254143,0.9178752675305205,0.843107721156484
pp_primary_long,B,1.7453292519943295,0.5555555555555556,3259,-38.24644583899845,-0.7982239812960028,0.917820590844529,0.917880673850146,0.0
pp_primary_long,B,1.7453292519943295,0.5555555555555556,3260,-37.61497477309114,-0.0988170146106516,0.9172552285797769,0.917875221493713,0.8431064541719178
pp_primary_long,B,1.7453292519943295,0.5555555555555556,3261,-38.38461353359303,-0.9121911010789809,0.9178203568635908,0.9178806459677188,0.0
pp_primary_long,B,1.7453292519943295,0.5555555555555556,3262,-37.620528105075316,-0.09014703461677116,0.9172555453384382,0.9178752863555527,0.8431070665715383
pp_primary_long,B,1.7453292519943295,0.5555555555555556,3263,-38.067376322062955,-0.575543055716293,0.9178200448707156,0.9178805985900518,0.0
pp_primary_long,B,1.7453292519943295,0.5555555555555556,3264,-37.569083758147784,-0.05312747866852491,0.9172544487291499,0.9178751056356435,0.8431032560499954
pp_primary_long,B,1.7453292519943295,0.5555555555555556,3265,-37.469499938492184,0.03879245810545978,0.917820031960053,0.9178805971926578,0.0
pp_primary_long,B,1.7453292519943295,0.5555555555555556,3266,-37.498844705268695,-0.006762154619647728,0.9172538401518752,0.9178749811234661,0.8431021066118152
pp_primary_long,B,1.7453292519943295,0.5555555555555556,3267,-36.90990410313524,0.6152488175749791,0.9178196241403372,0.9178805268953738,0.0
pp_primary_long,B,1.7453292519943295,0.5555555555555556,3268,-37.457721582325235,0.025122577830690218,0.9172539303445684,0.9178750006521126,0.8431022293722163
pp_primary_long,B,1.7453292519943295,0.5555555555555556,3269,-36.687836573534895,0.85771961563377,0.9178194267414259,0.9178805012145455,0.0
pp_primary_long,B,1.7453292519943295,0.5555555555555556,3270,-37.47863471792714,0.026152845767686075,0.9172532107266638,0.917874877766672,0.8430998484558142
pp_primary_long,B,1.7453292519943295,0.5555555555555556,3271,-36.92918136965173,0.641657090315644,0.9178197039942624,0.9178805457641697,0.0
pp_primary_long,B,1.7453292519943295,0.5555555555555556,3272,-37.56265492331345,-0.0042037562796641975,0.9172534204305881,0.9178749357396073,0.8430996818731323
pp_primary_long,B,1.7453292519943295,0.5555555555555556,3273,-37.52176703866257,0.07804595663736902,0.9178196202787398,0.9178805338579533,0.0
pp_primary_long,B,1.7453292519943295,0.5555555555555556,3274,-37.678423693448075,-0.05035027247735037,0.91725481183733,0.9178751487847109,0.8431051145334485
pp_primary_long,B,1.7453292519943295,0.5555555555555556,3275,-38.17301088390085,-0.5436092529575904,0.9178200975126694,0.9178806013086328,0.0
pp_primary_long,B,1.7453292519943295,0.5555555555555556,3276,-37.77828391643502,-0.088584397985947,0.9172547653497113,0.9178751429250712,0.8431048980969829
pp_primary_long,B,1.7453292519943295,0.5555555555555556,3277,-38.56019327082219,-0.9039790215873058,0.9178205003954872,0.9178806620465201,0.0
pp_primary_long,B,1.7453292519943295,0.5555555555555556,3278,-37.82273838397798,-0.09926296905580276,0.9172556939563469,0.9178752912012201,0.8431083002891466
pp_primary_long,B,1.7453292519943295,0.5555555555555556,3279,-38.49624254267471,-0.8179532605074331,0.9178202435330175,0.9178806278884419,0.0
pp_primary_long,B,1.7453292519943295,0.5555555555555556,3280,-37.80077876794371,-0.07690829482762439,0.9172555213721639,0.9178752904417926,0.8431066481348729
pp_primary_long,B,1.7453292519943295,0.5555555555555556,3281,-38.02580487770314,-0.3297179906940234,0.9178203348607533,0.9178806434696126,0.0
pp_primary_long,B,1.7453292519943295,0.5555555555555556,3282,-37.735479048245516,-0.032998192603260104,0.9172545827078565,0.9178751191984795,0.843104071647919
pp_primary_long,B,1.7453292519943295,0.5555555555555556,3283,-37.40235051271778,0.30993112885239854,0.9178201114747706,0.9178806074922091,0.0
pp_primary_long,B,1.7453292519943295,0.5555555555555556,3284,-37.67218445687568,0.00991364240888977,0.9172545240293523,0.9178751082392285,0.8431039385548142
pp_primary_long,B,1.7453292519943295,0.5555555555555556,3285,-36.95792308916061,0.7724262361079808,0.9178196493764466,0.9178805317148228,0.0
pp_primary_long,B,1.7453292519943295,0.5555555555555556,3286,-37.65522515330392,0.029780536603354668,0.9172539969292908,0.9178750005981003,0.8431028487957067
pp_primary_long,B,1.7453292519943295,0.5555555555555556,3287,-36.932628104323484,0.8201972277109688,0.9178196688026831,0.9178805394770778,0.0
pp_primary_long,B,1.7453292519943295,0.5555555555555556,3288,-37.70511045222378,0.016400881899839445,0.9172529510262545,0.9178748444592473,0.8430986042152993
pp_primary_long,B,1.7453292519943295,0.5555555555555556,3289,-37.35125944246205,0.4287111629588135,0.9178195155551373,0.9178805156292126,0.0
pp_primary_long,B,1.7453292519943295,0.5555555555555556,3290,-37.80803454310924,-0.023357283906393397,0.9172537578865569,0.9178749837613412,0.843101163610619
pp_primary_long,B,1.7453292519943295,0.5555555555555556,3291,-38.01058899133362,-0.2009426369403003,0.9178194646733562,0.9178805106657106,0.0
pp_primary_long,B,1.7453292519943295,0.5555555555555556,3292,-37.92292565942418,-0.06906711041770079,0.9172539500329004,0.9178750117910468,0.8431019440329488
pp_primary_long,B,1.7453292519943295,0.5555555555555556,3293,-38.58374250655099,-0.7453296929972346,0.9178201345578066,0.9178806056890328,0.0
pp_primary_long,B,1.7453292519943295,0.5555555555555556,3294,-38.002572883782776,-0.09724901022896576,0.9172546120518943,0.9178751085507151,0.8431046960569307
pp_primary_long,B,1.7453292519943295,0.5555555555555556,3295,-38.78812223919695,-0.9248159456583395,0.9178201742181891,0.9178806149233356,0.0
pp_primary_long,B,1.7453292519943295,0.5555555555555556,3296,-38.0178695529833,-0.09342553058317052,0.9172557699033889,0.917875310004613,0.8431082988720693
pp_primary_long,B,1.7453292519943295,0.5555555555555556,3297,-38.53054196667933,-0.647202063443571,0.9178203242323133,0.9178806373271542,0.0
pp_primary_long,B,1.7453292519943295,0.5555555555555556,3298,-37.97278360142968,-0.05956842747432177,0.9172551846637798,0.9178752279327724,0.8431057614289068
pp_primary_long,B,1.7453292519943295,0.5555555555555556,3299,-37.95512696673998,-0.05508914905778384,0.9178204740679755,0.9178806660212065,0.0
pp_primary_long,B,1.7453292519943295,0.5555555555555556,3300,-37.90225576663832,-0.013058850306762793,0.9172550553410402,0.9178752036087541,0.8431054708708857
pp_primary_long,B,1.7453292519943295,0.5555555555555556,3301,-37.36925572796557,0.5473702673624494,0.9178200875038717,0.9178806015484773,0.0
pp_primary_long,B,1.7453292519943295,0.5555555555555556,3302,-37.85434118147958,0.02220443856458444,0.9172550422967767,0.917875193174972,0.8431057116270673
pp_primary_long,B,1.7453292519943295,0.5555555555555556,3303,-37.085676504238066,0.8507089381880215,0.9178198983882722,0.9178805737066913,0.0
pp_primary_long,B,1.7453292519943295,0.5555555555555556,3304,-37.86544150082888,0.028115204216393005,0.9172538424223386,0.9178749748832689,0.8431023260871383
pp_primary_long,B,1.7453292519943295,0.5555555555555556,3305,-37.261867821189554,0.6991139133284809,0.9178198163466598,0.9178805584697132,0.0
pp_primary_long,B,1.7453292519943295,0.5555555555555556,3306,-37.94167677379863,0.00163061838867401,0.9172534432928247,0.917874930518127,0.8431001610234734
pp_primary_long,B,1.7453292519943295,0.5555555555555556,3307,-37.8191266761832,0.17045706905211105,0.9178193095181697,0.9178804862571629,0.0
pp_primary_long,B,1.7453292519943295,0.5555555555555556,3308,-38.055690475979205,-0.043642822423413705,0.9172536235460003,0.9178749576940731,0.8431008488136029
pp_primary_long,B,1.7453292519943295,0.5555555555555556,3309,-38.483016592624296,-0.46370977836436905,0.9178195954056286,0.9178805287004508,0.0
pp_primary_long,B,1.7453292519943295,0.5555555555555556,3310,-38.160724433618896,-0.08445040419469294,0.9172532672478725,0.9178749006295042,0.8430995185893526
pp_primary_long,B,1.7453292519943295,0.5555555555555556,3311,-38.92432308830895,-0.87763384575439,0.9178198918879369,0.9178805717452392,0.0
pp_primary_long,B,1.7453292519943295,0.5555555555555556,3312,-38.2146185513455,-0.09982433955356418,0.9172548013980663,0.9178751343976416,0.8431055482115235
pp_primary_long,B,1.7453292519943295,0.5555555555555556,3313,-38.92816954373878,-0.8586978091083259,0.9178199616557586,0.9178805798446008,0.0
pp_primary_long,B,1.7453292519943295,0.5555555555555556,3314,-38.201517033053456,-0.08187583027937231,0.9172551839615154,0.9178752180511065,0.8431061026269108
pp_primary_long,B,1.7453292519943295,0.5555555555555556,3315,-38.50437964374808,-0.4166233323408349,0.9178204287166857,0.9178806539608498,0.0
pp_primary_long,B,1.7453292519943295,0.5555555555555556,3316,-38.139943621400505,-0.039819654775121366,0.9172550798174867,0.9178752014593887,0.8431057536751407
pp_primary_long,B,1.7453292519943295,0.5555555555555556,3317,-37.88246025006643,0.22150824024753474,0.9178203815025794,0.917880650668763,0.0
pp_primary_long,B,1.7453292519943295,0.5555555555555556,3318,-38.07333907845137,0.0047389596343900275,0.9172555517208197,0.9178752963389556,0.8431067374040041
pp_primary_long,B,1.7453292519943295,0.5555555555555556,3319,-37.39366607688547,0.7279071956760746,0.9178201589955861,0.9178806143622946,0.0
pp_primary_long,B,1.7453292519943295,0.5555555555555556,3320,-38.04772223132967,0.02891241552142071,0.9172550936385313,0.9178751914198003,0.8431062591517025
pp_primary_long,B,1.7453292519943295,0.5555555555555556,3321,-37.300894137162004,0.8424484160013563,0.9178202207605717,0.917880621806918,0.0
pp_primary_long,B,1.7453292519943295,0.5555555555555556,3322,-38.08804958965673,0.020286840978329793,0.9172540914162401,0.9178750287788525,0.8431027400041959
pp_primary_long,B,1.7453292519943295,0.5555555555555556,3323,-37.66359797070689,0.5063007193344153,0.9178197540762592,0.9178805480521641,0.0
pp_primary_long,B,1.7453292519943295,0.5555555555555556,3324,-38.1854277875714,-0.01671295131013313,0.9172541158564463,0.9178750342258603,0.8431027612349484
pp_primary_long,B,1.7453292519943295,0.5555555555555556,3325,-38.307279289917915,-0.10786912599891663,0.9178194091962023,0.917880502831149,0.0
pp_primary_long,B,1.7453292519943295,0.5555555555555556,3326,-38.301639784813204,-0.06307970513385554,0.9172530400752368,0.9178748681713882,0.843098560799336
pp_primary_long,B,1.7453292519943295,0.5555555555555556,3327,-38.91310129031604,-0.6845784134490271,0.9178196690239153,0.9178805397616785,0.0
pp_primary_long,B,1.7453292519943295,0.5555555555555556,3328,-38.38879298963427,-0.09499465791966452,0.9172533922886699,0.9178749130646003,0.8431002741962722
pp_primary_long,B,1.7453292519943295,0.5555555555555556,3329,-39.18168509849128,-0.9275940198418773,0.9178195522244386,0.917880520757716,0.0
pp_primary_long,B,1.7453292519943295,0.5555555555555556,3330,-38.41392323483103,-0.09606199334793292,0.917254532454643,0.9178750977753213,0.8431043400644546
pp_primary_long,B,1.7453292519943295,0.5555555555555556,3331,-38.986864484393614,-0.7120848086587459,0.9178199711184344,0.9178805788068671,0.0
pp_primary_long,B,1.7453292519943295,0.5555555555555556,3332,-38.37594023338784,-0.06573874423543309,0.91725451909321,0.9178750976647956,0.8431042137884444
pp_primary_long,B,1.7453292519943295,0.5555555555555556,3333,-38.44052945294616,-0.14874891598751921,0.9178203266173843,0.9178806406739823,0.0
pp_primary_long,B,1.7453292519943295,0.5555555555555556,3334,-38.30614649124435,-0.019594969481153357,0.9172552251719144,0.9178752313924491,0.8431060041669616
pp_primary_long,B,1.7453292519943295,0.5555555555555556,3335,-37.83511613234013,0.4730462636786047,0.9178202207512405,0.9178806243701451,0.0
pp_primary_long,B,1.7453292519943295,0.5555555555555556,3336,-38.2522218222012,0.01865802540760221,0.9172556463381129,0.9178753068725987,0.8431072298574633
pp_primary_long,B,1.7453292519943295,0.5555555555555556,3337,-37.49341439550204,0.8338999431097733,0.9178203758684853,0.9178806494643811,0.0
pp_primary_long,B,1.7453292519943295,0.5555555555555556,3338,-38.253647045435386,0.029381405814444886,0.9172549661603637,0.9178751737002098,0.843105719015637
pp_primary_long,B,1.7453292519943295,0.5555555555555556,3339,-37.60275675741552,0.7484527927437257,0.9178203388300191,0.9178806360223762,0.0
pp_primary_long,B,1.7453292519943295,0.5555555555555556,3340,-38.32151118053783,0.007060531450902907,0.9172549028632891,0.917875165408713,0.8431054425133436
pp_primary_long,B,1.7453292519943295,0.5555555555555556,3341,-38.11878034627274,0.2605973209792453,0.9178197429708035,0.91788054994352,0.0
pp_primary_long,B,1.7453292519943295,0.5555555555555556,3342,-38.43275984701037,-0.03683777167902351,0.9172541908121679,0.9178750454525552,0.8431030320952226
pp_primary_long,B,1.7453292519943295,0.5555555555555556,3343,-38.78822885682109,-0.37906866175480236,0.9178197307105072,0.9178805499729268,0.0
pp_primary_long,B,1.7453292519943295,0.5555555555555556,3344,-38.5420614357745,-0.07976760078816598,0.91725293642228,0.9178748532625041,0.8430981367514512
pp_primary_long,B,1.7453292519943295,0.5555555555555556,3345,-39.27903344081762,-0.8419674073741641,0.9178195032710051,0.9178805164717988,0.0
pp_primary_long,B,1.7453292519943295,0.5555555555555556,3346,-38.60506325204811,-0.09967064461495515,0.9172537625918759,0.91787497309359,0.8431016227344609
pp_primary_long,B,1.7453292519943295,0.5555555555555556,3347,-39.35089026639368,-0.8903272277512743,0.9178194557520962,0.9178805030745477,0.0
pp_primary_long,B,1.7453292519943295,0.5555555555555556,3348,-38.60122432716095,-0.08632926776171362,0.9172538111585512,0.9178749807905339,0.8431017716282129
pp_primary_long,B,1.7453292519943295,0.5555555555555556,3349,-38.97869182527026,-0.49930419556141964,0.9178199724303149,0.9178805818223594,0.0
pp_primary_long,B,1.7453292519943295,0.5555555555555556,3350,-38.54430668053067,-0.046590050301683304,0.9172542696449251,0.9178750481804181,0.8431036541426526
pp_primary_long,B,1.7453292519943295,0.5555555555555556,3351,-38.36544027186528,0.13024603186440542,0.9178200443641463,0.9178805961019855,0.0
pp_primary_long,B,1.7453292519943295,0.5555555555555556,3352,-38.475372433249284,-0.0008730548917017383,0.9172552382119319,0.9178752408165132,0.8431057565806205
pp_primary_long,B,1.7453292519943295,0.5555555555555556,3353,-37.83793816550906,0.6749445163985544,0.9178201788129517,0.9178806189060221,0.0
pp_primary_long,B,1.7453292519943295,0.5555555555555556,3354,-38.441631787751135,0.02734110700250822,0.9172552571296752,0.9178752320671482,0.8431062978348074
pp_primary_long,B,1.7453292519943295,0.5555555555555556,3355,-37.678966647261774,0.8549923959966211,0.9178205368213793,0.917880671817262,0.0
pp_primary_long,B,1.7453292519943295,0.5555555555555556,3356,-38.47221328546301,0.023563097543999878,0.9172552173907005,0.9178752263507071,0.8431061669506072
pp_primary_long,B,1.7453292519943295,0.5555555555555556,3357,-37.9819830932838,0.5779058764332268,0.9178202429003399,0.9178806226305094,0.0
pp_primary_long,B,1.7453292519943295,0.5555555555555556,3358,-38.56322371984791,-0.010269596477493509,0.9172555353713441,0.9178752615380519,0.843107898506253
pp_primary_long,B,1.7453292519943295,0.5555555555555556,3359,-38.60314957434399,-0.013986181928499819,0.9178200133014259,0.9178805918233311,0.0
pp_primary_long,B,1.7453292519943295,0.5555555555555556,3360,-38.67972205267738,-0.056778665898430364,0.9172539536247548,0.91787501537716,0.8431018729166071
pp_primary_long,B,1.7453292519943295,0.5555555555555556,3361,-39.23519404230419,-0.6166409586349488,0.917819897186711,0.917880574332788,0.0
pp_primary_long,B,1.7453292519943295,0.5555555555555556,3362,-38.773673178950474,-0.09207398105937989,0.9172536165599094,0.9178749597141694,0.8431007425036607
pp_primary_long,B,1.7453292519943295,0.5555555555555556,3363,-39.56526806697066,-0.9204975201781639,0.9178193633830175,0.9178804952638892,0.0
pp_primary_long,B,1.7453292519943295,0.5555555555555556,3364,-38.80862271505546,-0.09802430815854947,0.9172536430407333,0.9178749625027284,0.8431008613683397
pp_primary_long,B,1.7453292519943295,0.5555555555555556,3365,-39.43562057952416,-0.7694746025601269,0.9178195940174827,0.9178805239939561,0.0
pp_primary_long,B,1.7453292519943295,0.5555555555555556,3366,-38.778424465349104,-0.07157349690566232,0.9172533426807109,0.9178748922847371,0.8431005681018857
pp_primary_long,B,1.7453292519943295,0.5555555555555556,3367,-38.92466526374006,-0.24114850738343946,0.9178197898629272,0.9178805560279489,0.0
pp_primary_long,B,1.7453292519943295,0.5555555555555556,3368,-38.71038825439098,-0.026304586815515035,0.9172542839648105,0.9178750586725609,0.8431033995446493
pp_primary_long,B,1.7453292519943295,0.5555555555555556,3369,-38.30666091839231,0.3930991427978846,0.9178198027127165,0.9178805566537145,0.0
pp_primary_long,B,1.7453292519943295,0.5555555555555556,3370,-38.65129349879241,0.014519401719689518,0.917254829071943,0.9178751644457065,0.8431046871111758
pp_primary_long,B,1.7453292519943295,0.5555555555555556,3371,-37.91086881432884,0.8074739684340578,0.9178202381417847,0.917880629330031,0.0
pp_primary_long,B,1.7453292519943295,0.5555555555555556,3372,-38.64327757620774,0.029938238241350557,0.9172548273225035,0.9178751646293957,0.8431046843207769
pp_primary_long,B,1.7453292519943295,0.5555555555555556,3373,-37.95240306710108,0.7891240228531644,0.9178204328919028,0.9178806538148184,0.0
pp_primary_long,B,1.7453292519943295,0.5555555555555556,3374,-38.702276632450534,0.012026688062470564,0.9172557703292196,0.9178753154562068,0.84310812101826
pp_primary_long,B,1.7453292519943295,0.5555555555555556,3375,-38.42173313958743,0.3474718713003802,0.917820228949194,0.9178806239046126,0.0
pp_primary_long,B,1.7453292519943295,0.5555555555555556,3376,-38.80978409623886,-0.03001079153495391,0.9172554186708574,0.9178752434862315,0.8431074346679058
pp_primary_long,B,1.7453292519943295,0.5555555555555556,3377,-39.089586781715745,-0.2906169052601619,0.9178203594762125,0.9178806410790776,0.0
pp_primary_long,B,1.7453292519943295,0.5555555555555556,3378,-38.92239383491483,-0.07458580355543706,0.9172542803172595,0.9178750711693713,0.8431029643474919
pp_primary_long,B,1.7453292519943295,0.5555555555555556,3379,-39.624715819331115,-0.7973726966934809,0.9178198296880266,0.9178805659738282,0.0
pp_primary_long,B,1.7453292519943295,0.5555555555555556,3380,-38.994061058756955,-0.09879798883441379,0.9172542760798856,0.9178750703284324,0.8431029491248809
pp_primary_long,B,1.7453292519943295,0.5555555555555556,3381,-39.76404670318285,-0.9124938650543051,0.9178195193460903,0.9178805173670759,0.0
pp_primary_long,B,1.7453292519943295,0.5555555555555556,3382,-38.99979090813708,-0.09021522938841273,0.9172532759246022,0.9178749026771282,0.8430995462072154
pp_primary_long,B,1.7453292519943295,0.5555555555555556,3383,-39.44781572115905,-0.5768462949700564,0.9178196836543151,0.9178805409544863,0.0
pp_primary_long,B,1.7453292519943295,0.5555555555555556,3384,-38.94842353913575,-0.053236620293680675,0.9172534484174896,0.9178749066455166,0.8431010697840308
pp_primary_long,B,1.7453292519943295,0.5555555555555556,3385,-38.85027283047343,0.0371568161194496,0.9178195393762798,0.917880514753885,0.0
pp_primary_long,B,1.7453292519943295,0.5555555555555556,3386,-38.87817436557473,-0.00686598264751534,0.9172541493044734,0.9178750420543996,0.843102739625881
pp_primary_long,B,1.7453292519943295,0.5555555555555556,3387,-38.29015405350022,0.6141243766725782,0.9178197450958027,0.9178805494280581,0.0
pp_primary_long,B,1.7453292519943295,0.5555555555555556,3388,-38.836927316307126,0.025080615093874173,0.9172541380269974,0.9178750397159057,0.8431027053417913
pp_primary_long,B,1.7453292519943295,0.5555555555555556,3389,-38.066993977406476,0.8576854577427617,0.9178201879249734,0.9178806202621895,0.0
pp_primary_long,B,1.7453292519943295,0.5555555555555556,3390,-38.85767492517057,0.026193346875223053,0.9172548164841832,0.9178751705176507,0.843104334186874
pp_primary_long,B,1.7453292519943295,0.5555555555555556,3391,-38.307220078984,0.6427299296957723,0.9178201707082841,0.9178806157113492,0.0
pp_primary_long,B,1.7453292519943295,0.5555555555555556,3392,-38.94156739813287,-0.004098884932294128,0.9172558647628904,0.9178753217893003,0.8431087763036924
pp_primary_long,B,1.7453292519943295,0.5555555555555556,3393,-38.89924868536434,0.07966916878533847,0.9178204331185436,0.9178806533837651,0.0
pp_primary_long,B,1.7453292519943295,0.5555555555555556,3394,-39.057316125208544,-0.050235135679173586,0.9172550959140736,0.917875199030319,0.8431060085253033
pp_primary_long,B,1.7453292519943295,0.5555555555555556,3395,-39.550775506954125,-0.542263994144443,0.9178204322437462,0.9178806517190142,0.0
pp_primary_long,B,1.7453292519943295,0.5555555555555556,3396,-39.157273522119304,-0.0885178028768177,0.9172551399265727,0.917875206872029,0.8431061629358872
pp_primary_long,B,1.7453292519943295,0.5555555555555556,3397,-39.938943905750556,-0.9036032799722649,0.917819842539154,0.9178805686594183,0.0
pp_primary_long,B,1.7453292519943295,0.5555555555555556,3398,-39.20190890513659,-0.09928486237713147,0.9172543219475471,0.9178750870966208,0.8431027262376268
pp_primary_long,B,1.7453292519943295,0.5555555555555556,3399,-39.87616193149856,-0.8187383299358656,0.9178198321608144,0.917880565441731,0.0
pp_primary_long,B,1.7453292519943295,0.5555555555555556,3400,-39.18009436189337,-0.07700310500415865,0.9172533590538853,0.9178749077860548,0.8431001777289092
pp_primary_long,B,1.7453292519943295,0.5555555555555556,3401,-39.40649716228188,-0.33126547852409355,0.9178196105087951,0.9178805299044028,0.0
pp_primary_long,B,1.7453292519943295,0.5555555555555556,3402,-39.114834007779606,-0.033114296253973156,0.9172537711247885,0.9178749717121865,0.8431017668557236
pp_primary_long,B,1.7453292519943295,0.5555555555555556,3403,-38.78299747668206,0.30841663697618454,0.9178194460605255,0.9178804989153366,0.0
pp_primary_long,B,1.7453292519943295,0.5555555555555556,3404,-39.05147538257977,0.009829626371019098,0.9172537215965049,0.9178749607883642,0.8431016630573216
pp_primary_long,B,1.7453292519943295,0.5555555555555556,3405,-38.33775032812281,0.7717239568180047,0.9178197820637808,0.9178805574203245,0.0
pp_primary_long,B,1.7453292519943295,0.5555555555555556,3406,-39.03435359058509,0.029776380519108928,0.9172536766007833,0.9178749684330437,0.8431009185269638
pp_primary_long,B,1.7453292519943295,0.5555555555555556,3407,-38.31126903820516,0.8206726516848047,0.917819912979046,0.9178805766254142,0.0
pp_primary_long,B,1.7453292519943295,0.5555555555555556,3408,-39.08408637673695,0.016473577944578127,0.9172549668461266,0.9178751896204026,0.8431050609994433
pp_primary_long,B,1.7453292519943295,0.5555555555555556,3409,-38.72896228186533,0.43011458090641874,0.917820058254254,0.9178806001902279,0.0
pp_primary_long,B,1.7453292519943295,0.5555555555555556,3410,-39.18691931689561,-0.023238832032755105,0.9172552350397865,0.9178752199208732,0.8431065346979632
pp_primary_long,B,1.7453292519943295,0.5555555555555556,3411,-39.388081714126585,-0.19933222025137426,0.9178205806979545,0.9178806725504776,0.0
pp_primary_long,B,1.7453292519943295,0.5555555555555556,3412,-39.30184258652314,-0.0689649532920352,0.9172553394790783,0.9178752372922024,0.8431069216676592
pp_primary_long,B,1.7453292519943295,0.5555555555555556,3413,-39.961866538950716,-0.7443386963096517,0.9178202797001374,0.9178806315945028,0.0
pp_primary_long,B,1.7453292519943295,0.5555555555555556,3414,-39.38162882106897,-0.09721531998700214,0.9172556162914272,0.9178752878756237,0.8431076773531024
pp_primary_long,B,1.7453292519943295,0.5555555555555556,3415,-40.16738450589362,-0.9249509684429732,0.9178201088604327,0.9178806072243857,0.0
pp_primary_long,B,1.7453292519943295,0.5555555555555556,3416,-39.39711626029532,-0.0934849817861255,0.9172542105876688,0.917875068359054,0.8431023582391635
pp_primary_long,B,1.7453292519943295,0.5555555555555556,3417,-39.9108764762055,-0.6483933140039346,0.9178199977312305,0.9178805925299448,0.0
pp_primary_long,B,1.7453292519943295,0.5555555555555556,3418,-39.35213212280688,-0.05968012207038806,0.9172539586588073,0.9178750089321822,0.8431022003370529
pp_primary_long,B,1.7453292519943295,0.5555555555555556,3419,-39.33591199179193,-0.05672881653599082,0.917819548843483,0.9178805174962206,0.0
pp_primary_long,B,1.7453292519943295,0.5555555555555556,3420,-39.281609584784974,-0.013173113769363892,0.9172538898342104,0.9178749952885474,0.8431020184325193
pp_primary_long,B,1.7453292519943295,0.5555555555555556,3421,-38.74963300834338,0.5461235182546231,0.9178195665514631,0.9178805207877513,0.0
pp_primary_long,B,1.7453292519943295,0.5555555555555556,3422,-39.23356716517763,0.02215231972731435,0.9172532824657617,0.9178748810090832,0.8431004147894166
pp_primary_long,B,1.7453292519943295,0.5555555555555556,3423,-38.4650095501257,0.850498891051499,0.9178197087124548,0.9178805443545129,0.0
pp_primary_long,B,1.7453292519943295,0.5555555555555556,3424,-39.244500399890086,0.028145948415239,0.9172537326899006,0.9178749845788962,0.843100863531471
pp_primary_long,B,1.7453292519943295,0.5555555555555556,3425,-38.64004033697208,0.7000509164021291,0.9178196113816641,0.9178805318222384,0.0
pp_primary_long,B,1.7453292519943295,0.5555555555555556,3426,-39.32059890227024,0.0017302070193183777,0.917254600689809,0.9178751200320318,0.8431041530747139
pp_primary_long,B,1.7453292519943295,0.5555555555555556,3427,-39.196631546158265,0.17205544375447146,0.9178201375372825,0.9178806101624064,0.0
pp_primary_long,B,1.7453292519943295,0.5555555555555556,3428,-39.434573043053796,-0.0435237431160926,0.9172546407448892,0.9178751277459366,0.8431042586797675
pp_primary_long,B,1.7453292519943295,0.5555555555555556,3429,-39.86068216948143,-0.46227017174960927,0.9178204083131193,0.9178806478511888,0.0
pp_primary_long,B,1.7453292519943295,0.5555555555555556,3430,-39.53968214007659,-0.08436921503437037,0.9172558457152046,0.9178753130602022,0.8431089310682516
pp_primary_long,B,1.7453292519943295,0.5555555555555556,3431,-40.30290073087028,-0.8770944591823318,0.9178202459011909,0.9178806261686179,0.0
pp_primary_long,B,1.7453292519943295,0.5555555555555556,3432,-39.59375487857964,-0.0998300471732925,0.9172553730048084,0.9178752556479444,0.84310652457761
pp_primary_long,B,1.7453292519943295,0.5555555555555556,3433,-40.30793231020798,-0.8593298167309765,0.9178203910414197,0.9178806496490155,0.0
pp_primary_long,B,1.7453292519943295,0.5555555555555556,3434,-39.5808162180314,-0.08196232054438542,0.9172545601192563,0.9178751185602008,0.8431038777717444
pp_primary_long,B,1.7453292519943295,0.5555555555555556,3435,-39.885010726610886,-0.4181043796394352,0.9178199833234263,0.9178805898156126,0.0
pp_primary_long,B,1.7453292519943295,0.5555555555555556,3436,-39.51931614833468,-0.03994267393318733,0.9172545440629691,0.9178751180133945,0.8431037407129564
pp_primary_long,B,1.7453292519943295,0.5555555555555556,3437,-39.26317297798443,0.21993666672376533,0.9178196800760191,0.9178805380154681,0.0
pp_primary_long,B,1.7453292519943295,0.5555555555555556,3438,-39.45265896072527,0.004641963338261501,0.9172537914774235,0.9178749687725143,0.8431020477217552
pp_primary_long,B,1.7453292519943295,0.5555555555555556,3439,-38.77365532362233,0.7270498378447363,0.9178197363901807,0.9178805482600073,0.0
pp_primary_long,B,1.7453292519943295,0.5555555555555556,3440,-39.42687784713259,0.02889519884686792,0.9172532814862715,0.9178748903790409,0.8431000750040327
pp_primary_long,B,1.7453292519943295,0.5555555555555556,3441,-38.679708170919646,0.8427513602646833,0.9178194951611695,0.9178805095266506,0.0
pp_primary_long,B,1.7453292519943295,0.5555555555555556,3442,-39.467043938073274,0.020350365641105927,0.9172538836064706,0.9178750026348804,0.8431016623906432
pp_primary_long,B,1.7453292519943295,0.5555555555555556,3443,-39.041398047033844,0.5076067599495616,0.917819555121121,0.9178805247455788,0.0
pp_primary_long,B,1.7453292519943295,0.5555555555555556,3444,-39.5643174479641,-0.016597286207063813,0.9172537595457511,0.9178749838963004,0.8431011443486006
pp_primary_long,B,1.7453292519943295,0.5555555555555556,3445,-39.684742639383245,-0.10622995233630078,0.9178201031386221,0.9178806033693843,0.0
pp_primary_long,B,1.7453292519943295,0.5555555555555556,3446,-39.68053985161516,-0.06296995062826428,0.9172546892498056,0.9178751303020717,0.8431046152767461
pp_primary_long,B,1.7453292519943295,0.5555555555555556,3447,-40.29108419674132,-0.6834524138247117,0.9178200955523529,0.9178806028389483,0.0
pp_primary_long,B,1.7453292519943295,0.5555555555555556,3448,-39.76781421889443,-0.09494486642264056,0.9172557396206206,0.9178752985114909,0.8431084381594512
pp_primary_long,B,1.7453292519943295,0.5555555555555556,3449,-40.56076560002811,-0.9275576256579424,0.9178204084721138,0.9178806476022086,0.0
pp_primary_long,B,1.7453292519943295,0.5555555555555556,3450,-39.79313164891971,-0.096103923071369,0.9172550759848928,0.9178752031090722,0.843105649999062
pp_primary_long,B,1.7453292519943295,0.5555555555555556,3451,-40.36707158053626,-0.7131530540938115,0.917820423313217,0.9178806563735724,0.0
pp_primary_long,B,1.7453292519943295,0.5555555555555556,3452,-39.7552774518092,-0.06584491055883691,0.9172551949348235,0.9178752267899912,0.8431059308830284
pp_primary_long,B,1.7453292519943295,0.5555555555555556,3453,-39.82130254447904,-0.1503739396345508,0.9178200038449815,0.9178805910834583,0.0
pp_primary_long,B,1.7453292519943295,0.5555555555555556,3454,-39.68552220209623,-0.019718637972708633,0.9172547595062368,0.917875154609015,0.843104411023802
pp_primary_long,B,1.7453292519943295,0.5555555555555556,3455,-39.215607167174426,0.47169541153258165,0.917819959555251,0.9178805839054331,0.0
pp_primary_long,B,1.7453292519943295,0.5555555555555556,3456,-39.63148111586253,0.018590671185193766,0.9172538146625224,0.9178749709489538,0.8431022094416553
pp_primary_long,B,1.7453292519943295,0.5555555555555556,3457,-38.87292694627319,0.8335170485409975,0.9178197712008924,0.9178805501845304,0.0
pp_primary_long,B,1.7453292519943295,0.5555555555555556,3458,-39.6327360007224,0.029398045047084348,0.9172537665509612,0.9178749776358696,0.8431015057975997
pp_primary_long,B,1.7453292519943295,0.5555555555555556,3459,-38.981084111685405,0.7492370778900675,0.9178193788474814,0.9178804939053503,0.0
pp_primary_long,B,1.7453292519943295,0.5555555555555556,3460,-39.70044880247766,0.007152618091998367,0.9172535676275491,0.9178749430390134,0.8431008455306357
pp_primary_long,B,1.7453292519943295,0.5555555555555556,3461,-39.496335827613166,0.2621467140753344,0.9178196766406984,0.9178805420409727,0.0
pp_primary_long,B,1.7453292519943295,0.5555555555555556,3462,-39.81164228497692,-0.03671863133510149,0.9172532966075253,0.9178749120938314,0.8430993663325115
pp_primary_long,B,1.7453292519943295,0.5555555555555556,3463,-40.16581527775362,-0.3775497426152903,0.9178198007556988,0.917880559241808,0.0
pp_primary_long,B,1.7453292519943295,0.5555555555555556,3464,-39.92099945908058,-0.07967689065176047,0.917254854215301,0.9178751505405546,0.8431054492450432
pp_primary_long,B,1.7453292519943295,0.5555555555555556,3465,-40.657441272330395,-0.8412649027488956,0.9178199848722258,0.9178805838781293,0.0
pp_primary_long,B,1.7453292519943295,0.5555555555555556,3466,-39.984162600532315,-0.0996593181509471,0.9172550151021098,0.9178751844494182,0.8431057376043158
pp_primary_long,B,1.7453292519943295,0.5555555555555556,3467,-40.73048197065449,-0.8907974713901089,0.9178204803418786,0.9178806588684898,0.0
pp_primary_long,B,1.7453292519943295,0.5555555555555556,3468,-39.980486111988164,-0.08639907939199415,0.9172552314129583,0.9178752198809916,0.8431065178925001
pp_primary_long,B,1.7453292519943295,0.5555555555555556,3469,-40.35923510281787,-0.5007044160337976,0.9178202797232231,0.9178806343984844,0.0
pp_primary_long,B,1.7453292519943295,0.5555555555555556,3470,-39.92367425171315,-0.046710833838225704,0.9172555253832955,0.9178752913243647,0.8431066554229467
pp_primary_long,B,1.7453292519943295,0.5555555555555556,3471,-39.74619334023498,0.1286359337126639,0.9178201812494136,0.9178806187411724,0.0
pp_primary_long,B,1.7453292519943295,0.5555555555555556,3472,-39.85471540238041,-0.0009806577267843924,0.9172547426032127,0.9178751421491672,0.8431047212650848
pp_primary_long,B,1.7453292519943295,0.5555555555555556,3473,-39.218076622982274,0.673946862878491,0.9178201782893605,0.9178806167053557,0.0
pp_primary_long,B,1.7453292519943295,0.5555555555555556,3474,-39.82082425233233,0.027306865957392137,0.9172542655103058,0.917875058130446,0.8431033137921218
pp_primary_long,B,1.7453292519943295,0.5555555555555556,3475,-39.05796094711374,0.8551210174714257,0.9178197126594256,0.9178805401760011,0.0
pp_primary_long,B,1.7453292519943295,0.5555555555555556,3476,-39.85123500495145,0.02361387392731834,0.9172541822444344,0.9178750387555352,0.8431032118766679
pp_primary_long,B,1.7453292519943295,0.5555555555555556,3477,-39.35990424719449,0.5790941288795249,0.9178195431417701,0.9178805212057343,0.0
pp_primary_long,B,1.7453292519943295,0.5555555555555556,3478,-39.94212464642982,-0.010159087954514215,0.9172530599253306,0.9178748648299374,0.8430988736179557
pp_primary_long,B,1.7453292519943295,0.5555555555555556,3479,-39.98061206086442,-0.012343266915006201,0.9178196588470452,0.9178805379849775,0.0
pp_primary_long,B,1.7453292519943295,0.5555555555555556,3480,-40.058617665761524,-0.056666134764661966,0.9172535560351947,0.9178749494736931,0.8431004866943549
pp_primary_long,B,1.7453292519943295,0.5555555555555556,3481,-40.613054893205906,-0.615392295303929,0.9178195072316344,0.9178805156852853,0.0
pp_primary_long,B,1.7453292519943295,0.5555555555555556,3482,-40.15267453126475,-0.09201418128360184,0.9172543927690153,0.9178750786655536,0.8431037045178416
pp_primary_long,B,1.7453292519943295,0.5555555555555556,3483,-40.944168284997225,-0.9202856568470958,0.9178200532267005,0.9178805918209738,0.0
pp_primary_long,B,1.7453292519943295,0.5555555555555556,3484,-40.187793430279044,-0.09804906797070109,0.9172544903724102,0.9178750906064541,0.8431041967482287
pp_primary_long,B,1.7453292519943295,0.5555555555555556,3485,-40.81568284225882,-0.7704069826528419,0.9178202821954315,0.9178806314788847,0.0
pp_primary_long,B,1.7453292519943295,0.5555555555555556,3486,-40.1577319809812,-0.0716666118454776,0.9172554801770825,0.917875264405054,0.8431072177481059
pp_primary_long,B,1.7453292519943295,0.5555555555555556,3487,-40.305399015254,-0.2427430555057678,0.9178202053740121,0.9178806207586226,0.0
pp_primary_long,B,1.7453292519943295,0.5555555555555556,3488,-40.08976204948864,-0.02642799685418444,0.9172553684943742,0.917875262490408,0.8431062148038344
pp_primary_long,B,1.7453292519943295,0.5555555555555556,3489,-39.68724133604556,0.3916607139795987,0.917820396050676,0.9178806532075686,0.0
pp_primary_long,B,1.7453292519943295,0.5555555555555556,3490,-40.03057814867543,0.014439805706174327,0.9172548557402844,0.9178751622078649,0.8431050837600214
pp_primary_long,B,1.7453292519943295,0.5555555555555556,3491,-39.29055052328754,0.8069284477975096,0.917820206045173,0.9178806178089631,0.0
pp_primary_long,B,1.7453292519943295,0.5555555555555556,3492,-40.022402269107495,0.029938215386516184,0.9172549679670318,0.9178751787569146,0.8431055474440688
pp_primary_long,B,1.7453292519943295,0.5555555555555556,3493,-39.3308946267658,0.7897494814563674,0.9178197946192854,0.9178805562850445,0.0
pp_primary_long,B,1.7453292519943295,0.5555555555555556,3494,-40.08123593077143,0.01210873214292979,0.9172541138126881,0.9178750232952612,0.8431031118836122
pp_primary_long,B,1.7453292519943295,0.5555555555555556,3495,-39.79936340276184,0.348949834408098,0.9178198088673188,0.9178805596510475,0.0
pp_primary_long,B,1.7453292519943295,0.5555555555555556,3496,-40.188671659479404,-0.029893492278655287,0.9172531560385289,0.9178748865522416,0.8430990108700802
pp_primary_long,B,1.7453292519943295,0.5555555555555556,3497,-40.467121043396645,-0.28904237389509335,0.9178194514719625,0.9178805076959783,0.0
pp_primary_long,B,1.7453292519943295,0.5555555555555556,3498,-40.30132510399882,-0.07449065900969046,0.9172538121260038,0.9178749874421,0.8431015519697589
pp_primary_long,B,1.7453292519943295,0.5555555555555556,3499,-41.00297058036324,-0.7965152785783018,0.9178195077973113,0.9178805138443419,0.0
pp_primary_long,B,1.7453292519943295,0.5555555555555556,3500,-40.37314017451138,-0.09877635601819207,0.9172536039639548,0.9178749519620042,0.8431008437654787
pp_primary_long,B,1.7453292519943295,0.5555555555555556,3501,-41.14346605161538,-0.91279367860889,0.9178199941141013,0.9178805850590918,0.0
pp_primary_long,B,1.7453292519943295,0.5555555555555556,3502,-40.37902077151164,-0.0902703894799171,0.9172544990646986,0.9178750837294322,0.8431045299139673
pp_primary_long,B,1.7453292519943295,0.5555555555555556,3503,-40.828252719573,-0.5781499444985737,0.9178199950631724,0.9178805866007291,0.0
pp_primary_long,B,1.7453292519943295,0.5555555555555556,3504,-40.32777016959115,-0.053348502240976085,0.917255289394254,0.9178752404078494,0.8431062676488789
pp_primary_long,B,1.7453292519943295,0.5555555555555556,3505,-40.231041201387214,0.03552345445975513,0.9178202630143364,0.9178806294696744,0.0
pp_primary_long,B,1.7453292519943295,0.5555555555555556,3506,-40.25751783359096,-0.0069751408757123545,0.9172550372004153,0.917875197078067,0.8431054913396007
pp_primary_long,B,1.7453292519943295,0.5555555555555556,3507,-39.67042069242433,0.6129990817572077,0.9178204489797952,0.9178806602999349,0.0
pp_primary_long,B,1.7453292519943295,0.5555555555555556,3508,-40.21614751525941,0.02503270330632479,0.9172552610234675,0.9178752404221512,0.843106042920142
pp_primary_long,B,1.7453292519943295,0.5555555555555556,3509,-39.4461617117135,0.8576448874814997,0.91782015496193,0.9178806107515936,0.0
pp_primary_long,B,1.7453292519943295,0.5555555555555556,3510,-40.2367264408879,0.02623003700211636,0.9172553350711052,0.9178752306665058,0.8431071090664715
pp_primary_long,B,1.7453292519943295,0.5555555555555556,3511,-39.6852726934282,0.6437908898907208,0.9178200938127872,0.9178806028404924,0.0
pp_primary_long,B,1.7453292519943295,0.5555555555555556,3512,-40.320482308643705,-0.003994785129105685,0.9172540029210953,0.9178750141971395,0.8431023996698873
pp_primary_long,B,1.7453292519943295,0.5555555555555556,3513,-40.27673280558128,0.08129309039952276,0.9178198755658081,0.9178805679000005,0.0
pp_primary_long,B,1.7453292519943295,0.5555555555555556,3514,-40.436209755677424,-0.050120759092969265,0.9172538699571661,0.9178749997899486,0.8431016752055633
pp_primary_long,B,1.7453292519943295,0.5555555555555556,3515,-40.928537272691415,-0.5409129396880179,0.9178193735539897,0.9178804971142397,0.0
pp_primary_long,B,1.7453292519943295,0.5555555555555556,3516,-40.53626637259933,-0.0884524424490143,0.9172534901298507,0.9178749401986559,0.8431002055345875
pp_primary_long,B,1.7453292519943295,0.5555555555555556,3517,-41.31767618101452,-0.903219122490921,0.9178196622935174,0.9178805366821444,0.0
pp_primary_long,B,1.7453292519943295,0.5555555555555556,3518,-40.58106088928803,-0.09929980787587173,0.9172533246571871,0.9178748980882376,0.8431001716283334
pp_primary_long,B,1.7453292519943295,0.5555555555555556,3519,-41.25607486447121,-0.8195218569380147,0.9178197274338861,0.9178805465055547,0.0
pp_primary_long,B,1.7453292519943295,0.5555555555555556,3520,-40.559381467037575,-0.07708656716397733,0.9172545280086242,0.9178750943466429,0.843104416635359
pp_primary_long,B,1.7453292519943295,0.5555555555555556,3521,-40.78717478598021,-0.33281250802972484,0.917819864003866,0.9178805636133063,0.0
pp_primary_long,B,1.7453292519943295,0.5555555555555556,3522,-40.49419309730884,-0.03323209422194282,0.9172547049426174,0.9178751371115583,0.8431045168990166
pp_primary_long,B,1.7453292519943295,0.5555555555555556,3523,-40.16364659604975,0.3069033635968135,0.9178202917982038,0.9178806358172177,0.0
pp_primary_long,B,1.7453292519943295,0.5555555555555556,3524,-40.43076628534472,0.009745441075812905,0.9172548955642499,0.9178751752756698,0.8431049356912244
pp_primary_long,B,1.7453292519943295,0.5555555555555556,3525,-39.71758570246647,0.7710231223803105,0.9178202986138575,0.9178806353356734,0.0
pp_primary_long,B,1.7453292519943295,0.5555555555555556,3526,-40.413504745268035,0.029763130381915207,0.9172556501276964,0.9178753046066399,0.8431073529673657
pp_primary_long,B,1.7453292519943295,0.5555555555555556,3527,-39.68992202922591,0.8211393796142044,0.9178202390084482,0.917880626489758,0.0
pp_primary_long,B,1.7453292519943295,0.5555555555555556,3528,-40.46306747552914,0.016545025648411288,0.917255164237712,0.9178752011373988,0.8431065723155158
pp_primary_long,B,1.7453292519943295,0.5555555555555556,3529,-40.106678121927416,0.43150920767221446,0.9178203569008985,0.9178806394313338,0.0
pp_primary_long,B,1.7453292519943295,0.5555555555555556,3530,-40.565810751673645,-0.023123216779322456,0.9172544964610607,0.9178751010042394,0.8431039272942953
pp_primary_long,B,1.7453292519943295,0.5555555555555556,3531,-40.765582444561865,-0.19772306462093697,0.9178197923981021,0.9178805574254515,0.0
pp_primary_long,B,1.7453292519943295,0.5555555555555556,3532,-40.680765506762896,-0.06886476380504732,0.9172543393741022,0.9178750750413436,0.8431033628608314
pp_primary_long,B,1.7453292519943295,0.5555555555555556,3533,-41.33998487228382,-0.7433416594858229,0.9178196022234736,0.9178805307814942,0.0
pp_primary_long,B,1.7453292519943295,0.5555555555555556,3534,-40.76069650076194,-0.09718663611885461,0.9172531113565673,0.9178748809638273,0.8430987664282481
pp_primary_long,B,1.7453292519943295,0.5555555555555556,3535,-41.54663756303482,-0.925077980901514,0.9178196619395056,0.9178805388218441,0.0
pp_primary_long,B,1.7453292519943295,0.5555555555555556,3536,-40.776334424417854,-0.09353322744217815,0.9172536254071024,0.9178749436485427,0.8431013884432779
pp_primary_long,B,1.7453292519943295,0.5555555555555556,3537,-41.2912006095515,-0.6495838373819416,0.917819505016066,0.9178805101536153,0.0
pp_primary_long,B,1.7453292519943295,0.5555555555555556,3538,-40.731469101201974,-0.05978731081555034,0.9172541526837007,0.9178750384286261,0.8431029032407813
pp_primary_long,B,1.7453292519943295,0.5555555555555556,3539,-40.71668201114835,-0.05836876104434674,0.9178198783447169,0.9178805670811616,0.0
pp_primary_long,B,1.7453292519943295,0.5555555555555556,3540,-40.660945952182885,-0.013280497141953798,0.9172541727383717,0.9178750381106924,0.8431030968662958
pp_primary_long,B,1.7453292519943295,0.5555555555555556,3541,-40.13001307658556,0.5448789890904121,0.9178201409032058,0.9178806122497257,0.0
pp_primary_long,B,1.7453292519943295,0.5555555555555556,3542,-40.612800153676424,0.022096853676571243,0.9172549789000292,0.917875197706443,0.8431048734838226
pp_primary_long,B,1.7453292519943295,0.5555555555555556,3543,-39.84434261409804,0.8502903300531034,0.91782012317023,0.9178806092795245,0.0
pp_primary_long,B,1.7453292519943295,0.5555555555555556,3544,-40.62357365637045,0.028171417014144773,0.9172555320086745,0.9178752749508832,0.8431073225199589
pp_primary_long,B,1.7453292519943295,0.5555555555555556,3545,-40.01822617331175,0.700979986124994,0.9178204464212014,0.9178806570806459,0.0
pp_primary_long,B,1.7453292519943295,0.5555555555555556,3546,-40.69952643670253,0.0018277710021113586,0.9172550332582561,0.9178751890454078,0.8431057790298168
pp_primary_long,B,1.7453292519943295,0.5555555555555556,3547,-40.57414756707849,0.17364742348378853,0.9178203481439492,0.917880637411171,0.0
pp_primary_long,B,1.7453292519943295,0.5555555555555556,3548,-40.81345986699638,-0.043406021935231645,0.9172553091558405,0.9178752291454652,0.8431069414775507
pp_primary_long,B,1.7453292519943295,0.5555555555555556,3549,-41.238357637598405,-0.460834122465681,0.9178198795980108,0.9178805723749517,0.0
pp_primary_long,B,1.7453292519943295,0.5555555555555556,3550,-40.91865990732461,-0.08429563113451147,0.9172542060392012,0.9178750604249107,0.8431026008988931
pp_primary_long,B,1.7453292519943295,0.5555555555555556,3551,-41.6814736537422,-0.8765473537278803,0.9178198863766632,0.9178805731752848,0.0
pp_primary_long,B,1.7453292519943295,0.5555555555555556,3552,-40.972893882023904,-0.09983716287688482,0.9172533919630625,0.9178749213941534,0.8430999861166675
pp_primary_long,B,1.7453292519943295,0.5555555555555556,3553,-41.68769519164195,-0.8599565081155636,0.91781951910301,0.9178805177115886,0.0
pp_primary_long,B,1.7453292519943295,0.5555555555555556,3554,-40.96010180904015,-0.08204339282388527,0.9172538520010269,0.9178749899809159,0.8431018498470164
pp_primary_long,B,1.7453292519943295,0.5555555555555556,3555,-41.26562454744133,-0.41958492156284577,0.9178195193792469,0.9178805107170542,0.0
pp_primary_long,B,1.7453292519943295,0.5555555555555556,3556,-40.89867385769214,-0.040059836130686616,0.9172536156133344,0.9178749410151285,0.8431013727669592
pp_primary_long,B,1.7453292519943295,0.5555555555555556,3557,-40.6438805622374,0.218363235701295,0.9178198489784852,0.9178805653895987,0.0
pp_primary_long,B,1.7453292519943295,0.5555555555555556,3558,-40.83195419768346,0.0045544076738607,0.9172539873122314,0.9178750112012138,0.8431023115117493
pp_primary_long,B,1.7453292519943295,0.5555555555555556,3559,-40.15363746472387,0.7261964477609462,0.9178198624838324,0.9178805674139251,0.0
pp_primary_long,B,1.7453292519943295,0.5555555555555556,3560,-40.80604461181484,0.028873197608116588,0.9172549283144535,0.9178751855115458,0.8431048427199987
pp_primary_long,B,1.7453292519943295,0.5555555555555556,3561,-40.05852285650599,0.8430543097775193,0.9178201044030975,0.9178806080818414,0.0
pp_primary_long,B,1.7453292519943295,0.5555555555555556,3562,-40.84604142956416,0.020412884473487464,0.9172549629345667,0.9178751804809153,0.8431053894730154
pp_primary_long,B,1.7453292519943295,0.5555555555555556,3563,-40.41920569217154,0.5089094104060911,0.9178205064511392,0.9178806632957077,0.0
pp_primary_long,B,1.7453292519943295,0.5555555555555556,3564,-40.94321124694116,-0.016483430481523523,0.9172554183312489,0.9178752539666809,0.8431070426911168
pp_primary_long,B,1.7453292519943295,0.5555555555555556,3565,-41.0622182374452,-0.10459847045489123,0.9178202200546292,0.9178806211524589,0.0
pp_primary_long,B,1.7453292519943295,0.5555555555555556,3566,-41.05944646751473,-0.0628619272341408,0.9172555761992462,0.9178752720643047,0.8431078742375577
pp_primary_long,B,1.7453292519943295,0.5555555555555556,3567,-41.66907214584997,-0.6823283030372153,0.917820194148693,0.9178806180104205,0.0
pp_primary_long,B,1.7453292519943295,0.5555555555555556,3568,-41.14685884759177,-0.09490445186056938,0.9172541503625139,0.917875054227804,0.8431023132830086
pp_primary_long,B,1.7453292519943295,0.5555555555555556,3569,-41.939851989155464,-0.9275146955535263,0.9178199485564592,0.9178805840203894,0.0
pp_primary_long,B,1.7453292519943295,0.5555555555555556,3570,-41.17233981242369,-0.09614571873040678,0.917254098024367,0.9178750376059144,0.8431024578856828
pp_primary_long,B,1.7453292519943295,0.5555555555555556,3571,-41.74727588606862,-0.7142174256442531,0.9178195085913856,0.9178805141079018,0.0
pp_primary_long,B,1.7453292519943295,0.5555555555555556,3572,-41.13462067072409,-0.06595346677701022,0.9172537069163025,0.9178749707509162,0.8431011552306925
pp_primary_long,B,1.7453292519943295,0.5555555555555556,3573,-41.20206533557263,-0.15200044399458923,0.9178196649719793,0.9178805358255206,0.0
pp_primary_long,B,1.7453292519943295,0.5555555555555556,3574,-41.06486728731474,-0.019830102136996805,0.9172533842326922,0.9178748951098629,0.8431008669063116
pp_primary_long,B,1.7453292519943295,0.5555555555555556,3575,-40.59609479473632,0.4703428392939146,0.9178196818187636,0.9178805382554054,0.0
pp_primary_long,B,1.7453292519943295,0.5555555555555556,3576,-41.01072893596517,0.018527302297448936,0.9172540379433317,0.9178750278765183,0.8431021859462875
pp_primary_long,B,1.7453292519943295,0.5555555555555556,3577,-40.25242750933098,0.8331370097742278,0.9178196686508533,0.9178805383259067,0.0
pp_primary_long,B,1.7453292519943295,0.5555555555555556,3578,-41.01182472136116,0.029414810865815377,0.9172544162846643,0.9178750900187999,0.8431034977012806
pp_primary_long,B,1.7453292519943295,0.5555555555555556,3579,-40.359411578743945,0.7500232199662502,0.9178201603066872,0.917880615583917,0.0
pp_primary_long,B,1.7453292519943295,0.5555555555555556,3580,-41.07938739624305,0.007243827069378622,0.9172546086605383,0.9178751292901106,0.8431038826466246
pp_primary_long,B,1.7453292519943295,0.5555555555555556,3581,-40.87389354470483,0.2636953084453544,0.9178202892335581,0.9178806311141378,0.0
pp_primary_long,B,1.7453292519943295,0.5555555555555556,3582,-41.19052192660932,-0.03659798776347224,0.9172558310693703,0.9178753139897291,0.8431087441213814
pp_primary_long,B,1.7453292519943295,0.5555555555555556,3583,-41.543410400383415,-0.37603880381543625,0.9178202742695648,0.9178806295509915,0.0
pp_primary_long,B,1.7453292519943295,0.5555555555555556,3584,-41.299951363649654,-0.07959116604354041,0.9172552294254105,0.9178752223752875,0.8431063942333454
pp_primary_long,B,1.7453292519943295,0.5555555555555556,3585,-42.03585384523762,-0.8405617768331327,0.9178204200475616,0.9178806509799524,0.0
pp_primary_long,B,1.7453292519943295,0.5555555555555556,3586,-41.36327294603248,-0.09965238278232433,0.9172546983953667,0.9178751387823968,0.8431044492577138
pp_primary_long,B,1.7453292519943295,0.5555555555555556,3587,-42.11008554772356,-0.8912637263837355,0.9178198935538805,0.9178805763628928,0.0
pp_primary_long,B,1.7453292519943295,0.5555555555555556,3588,-41.359766592429786,-0.08647613300228625,0.9172545011621017,0.91787511385197,0.843103461081728
pp_primary_long,B,1.7453292519943295,0.5555555555555556,3589,-41.739772515189756,-0.5021015287187276,0.9178197297339984,0.9178805476724909,0.0
pp_primary_long,B,1.7453292519943295,0.5555555555555556,3590,-41.30304366184433,-0.04683223369504706,0.9172535662035565,0.9178749392510502,0.8431009754108376
pp_primary_long,B,1.7453292519943295,0.5555555555555556,3591,-41.12694953694373,0.12702193076297974,0.9178197340418855,0.9178805479875899,0.0
pp_primary_long,B,1.7453292519943295,0.5555555555555556,3592,-41.23403167271641,-0.0010778246951327342,0.9172535869790472,0.9178749371212518,0.8431012712034037
pp_primary_long,B,1.7453292519943295,0.5555555555555556,3593,-40.59820538729438,0.672947524518883,0.9178194948323636,0.9178805071086791,0.0
pp_primary_long,B,1.7453292519943295,0.5555555555555556,3594,-41.20001115239162,0.02727462286341438,0.9172539449223698,0.9178750067147516,0.8431020940695866
pp_primary_long,B,1.7453292519943295,0.5555555555555556,3595,-40.43694796987616,0.8552504535713896,0.9178196777087285,0.9178805419456387,0.0
pp_primary_long,B,1.7453292519943295,0.5555555555555556,3596,-41.23024772664892,0.023667956919046454,0.9172537205730229,0.9178749757512116,0.843101068478572
pp_primary_long,B,1.7453292519943295,0.5555555555555556,3597,-40.737819147284114,0.5802885504244047,0.9178200405219371,0.9178805954995758,0.0
pp_primary_long,B,1.7453292519943295,0.5555555555555556,3598,-41.32102367152599,-0.010048408112472831,0.9172547533205527,0.9178751509142146,0.8431044524678747
pp_primary_long,B,1.7453292519943295,0.5555555555555556,3599,-41.35807494551404,-0.01070200950537542,0.9178200407279962,0.9178805956664158,0.0
pp_primary_long,B,1.7453292519943295,0.5555555555555556,3600,-41.43750908461533,-0.056551268797554774,0.9172555454781285,0.9178752665066556,0.8431077675989116
pp_primary_long,B,1.7453292519943295,0.5555555555555556,3601,-41.990915973217156,-0.6141479144880159,0.917820465306499,0.9178806553008437,0.0
pp_primary_long,B,1.7453292519943295,0.5555555555555556,3602,-41.53168397080707,-0.09195759534211737,0.9172550707396474,0.9178751962372462,0.8431058590522488
pp_primary_long,B,1.7453292519943295,0.5555555555555556,3603,-42.3230797380745,-0.9200736889846656,0.917820361769278,0.917880644244977,0.0
pp_primary_long,B,1.7453292519943295,0.5555555555555556,3604,-41.56697271949776,-0.09807689068767322,0.9172553666003039,0.9178752494695662,0.8431067197316386
pp_primary_long,B,1.7453292519943295,0.5555555555555556,3605,-42.19575041768148,-0.7713359078345224,0.9178199893285753,0.9178805894440812,0.0
pp_primary_long,B,1.7453292519943295,0.5555555555555556,3606,-41.53707249077641,-0.07177270907691757,0.9172544795844851,0.9178751129957167,0.8431032621212128
pp_primary_long,B,1.7453292519943295,0.5555555555555556,3607,-41.68613709847057,-0.24433675096407698,0.9178199893018324,0.9178805895455624,0.0
pp_primary_long,B,1.7453292519943295,0.5555555555555556,3608,-41.469126210638315,-0.02654740997099811,0.9172538177889228,0.9178749781572855,0.8431019711203822
pp_primary_long,B,1.7453292519943295,0.5555555555555556,3609,-41.06782714002037,0.3902177345198772,0.9178196894301576,0.9178805383828885,0.0
pp_primary_long,B,1.7453292519943295,0.5555555555555556,3610,-41.40985595131356,0.014362725966443612,0.9172539497146284,0.917875005311122,0.8431022232635453
pp_primary_long,B,1.7453292519943295,0.5555555555555556,3611,-40.67022410226476,0.806378453842966,0.9178194816850259,0.9178805071275705,0.0
pp_primary_long,B,1.7453292519943295,0.5555555555555556,3612,-41.40151323784216,0.029943815120666267,0.9172535368589545,0.9178749298404215,0.8431010348919292
pp_primary_long,B,1.7453292519943295,0.5555555555555556,3613,-40.709381219600296,0.7903771160543722,0.9178197391280928,0.9178805506232997,0.0
pp_primary_long,B,1.7453292519943295,0.5555555555555556,3614,-41.460188919101796,0.012192425123099745,0.9172534857125291,0.9178749439144437,0.8430999959190146
pp_primary_long,B,1.7453292519943295,0.5555555555555556,3615,-41.176983866437325,0.35043508948487345,0.9178197273648594,0.9178805486072471,0.0
pp_primary_long,B,1.7453292519943295,0.5555555555555556,3616,-41.567550982522874,-0.029772906516004782,0.917254782596088,0.9178751473536088,0.8431048752729705
pp_primary_long,B,1.7453292519943295,0.5555555555555556,3617,-41.844650122495054,-0.28746855213934996,0.9178200193705027,0.9178805910989752,0.0
pp_primary_long,B,1.7453292519943295,0.5555555555555556,3618,-41.68025418733658,-0.07439454381239374,0.9172548147734884,0.9178751517923966,0.8431050303568559
pp_primary_long,B,1.7453292519943295,0.5555555555555556,3619,-42.38122326671778,-0.7956587959318937,0.9178204693628693,0.917880655887176,0.0
pp_primary_long,B,1.7453292519943295,0.5555555555555556,3620,-41.75221061077478,-0.09875115610357266,0.9172554209332161,0.9178752460808963,0.8431073538063971
pp_primary_long,B,1.7453292519943295,0.5555555555555556,3621,-42.522895519721914,-0.9130945169376979,0.9178202212688158,0.917880623622927,0.0
pp_primary_long,B,1.7453292519943295,0.5555555555555556,3622,-41.75827434523562,-0.09033461676232521,0.917255483004132,0.9178752771362076,0.8431067713357477
pp_primary_long,B,1.7453292519943295,0.5555555555555556,3623,-42.208691142551466,-0.5794500087721386,0.9178202391100599,0.9178806268828316,0.0
pp_primary_long,B,1.7453292519943295,0.5555555555555556,3624,-41.70713839559736,-0.053468806404483024,0.9172545121620497,0.9178751103454547,0.8431036945190984
pp_primary_long,B,1.7453292519943295,0.5555555555555556,3625,-41.61182532315007,0.033888912880704725,0.9178200941768117,0.9178806056368664,0.0
pp_primary_long,B,1.7453292519943295,0.5555555555555556,3626,-41.63686176197059,-0.007084490698919199,0.9172543855523698,0.9178750832478397,0.8431035180446703
pp_primary_long,B,1.7453292519943295,0.5555555555555556,3627,-41.05068846894867,0.6118682290190266,0.9178196828933981,0.9178805362626496,0.0
pp_primary_long,B,1.7453292519943295,0.5555555555555556,3628,-41.59536736829614,0.024985212136678966,0.9172540988313638,0.91787502303987,0.8431029795284753
pp_primary_long,B,1.7453292519943295,0.5555555555555556,3629,-40.82533089802456,0.8575971670277288,0.9178196655782446,0.9178805378414715,0.0
pp_primary_long,B,1.7453292519943295,0.5555555555555556,3630,-41.61576267971855,0.026272647063399976,0.9172532118527251,0.9178748807835406,0.8430997428324704
pp_primary_long,B,1.7453292519943295,0.5555555555555556,3631,-41.06331764190037,0.6448566355937315,0.9178196367080252,0.9178805327864215,0.0
pp_primary_long,B,1.7453292519943295,0.5555555555555556,3632,-41.69939271078287,-0.003889571837771749,0.9172537525669995,0.9178749848917838,0.8431010527646629
pp_primary_long,B,1.7453292519943295,0.5555555555555556,3633,-41.65420784466835,0.0829224637230297,0.9178195179496035,0.9178805182503261,0.0
pp_primary_long,B,1.7453292519943295,0.5555555555555556,3634,-41.815095926116555,-0.050003292465983805,0.9172541793023046,0.9178750485222531,0.8431027700560354
pp_primary_long,B,1.7453292519943295,0.5555555555555556,3635,-42.306286222963664,-0.5395583459604271,0.9178200892913696,0.9178805994522182,0.0
pp_primary_long,B,1.7453292519943295,0.5555555555555556,3636,-41.9152470430118,-0.08838258932441288,0.9172544886542189,0.9178750944329472,0.8431040297639805
pp_primary_long,B,1.7453292519943295,0.5555555555555556,3637,-42.69640940884537,-0.9028360038597624,0.9178202083260522,0.917880619022619,0.0
pp_primary_long,B,1.7453292519943295,0.5555555555555556,3638,-41.96020183793663,-0.09930995078395051,0.9172556450881777,0.9178752837796369,0.8431080770147131
pp_primary_long,B,1.7453292519943295,0.5555555555555556,3639,-42.63598655390541,-0.8203052924687267,0.9178202444263861,0.9178806245573717,0.0
pp_primary_long,B,1.7453292519943295,0.5555555555555556,3640,-41.93869563810898,-0.07718065113171241,0.9172551693182996,0.917875224796573,0.8431057127954218
pp_primary_long,B,1.7453292519943295,0.5555555555555556,3641,-42.16786201005648,-0.3343571989130111,0.917820405365209,0.9178806536743362,0.0
pp_primary_long,B,1.7453292519943295,0.5555555555555556,3642,-41.87356106731274,-0.033353312607619943,0.9172548720273546,0.917875169297937,0.8431049692205539
pp_primary_long,B,1.7453292519943295,0.5555555555555556,3643,-41.54430905610482,0.30538879712905165,0.917820076559851,0.9178806006616447,0.0
pp_primary_long,B,1.7453292519943295,0.5555555555555556,3644,-41.81007643572847,0.009653671725499607,0.9172548845128485,0.9178751714418648,0.8431049951025567
pp_primary_long,B,1.7453292519943295,0.5555555555555556,3645,-41.09742673726979,0.770313551852911,0.9178198533359404,0.9178805653925343,0.0
pp_primary_long,B,1.7453292519943295,0.5555555555555556,3646,-41.792648643010594,0.029753336582086717,0.9172540017724437,0.9178750011241301,0.8431028603571814
pp_primary_long,B,1.7453292519943295,0.5555555555555556,3647,-41.068580852754636,0.8215999317595374,0.917819837546948,0.9178805620366483,0.0
pp_primary_long,B,1.7453292519943295,0.5555555555555556,3648,-41.84204264839342,0.01661827068098118,0.9172534711011556,0.9178749321041197,0.8431003446833862
pp_primary_long,B,1.7453292519943295,0.5555555555555556,3649,-41.48438755447607,0.4329075052851492,0.9178194425802014,0.9178805040321686,0.0
pp_primary_long,B,1.7453292519943295,0.5555555555555556,3650,-41.94469696187198,-0.02300552379256196,0.9172538208726388,0.917874989098122,0.8431015635582826
pp_primary_long,B,1.7453292519943295,0.5555555555555556,3651,-42.143071686220274,-0.19610776935649155,0.9178195847877878,0.9178805275450618,0.0
pp_primary_long,B,1.7453292519943295,0.5555555555555556,3652,-42.05968434966764,-0.06876340026804781,0.9172534567009654,0.917874933988638,0.8431000892753236
pp_primary_long,B,1.7453292519943295,0.5555555555555556,3653,-42.71809068636495,-0.7423386036592051,0.9178199532018031,0.9178805801208292,0.0
pp_primary_long,B,1.7453292519943295,0.5555555555555556,3654,-42.139737592557225,-0.09714746827500828,0.9172546539577351,0.9178751137444028,0.8431048942905804
pp_primary_long,B,1.7453292519943295,0.5555555555555556,3655,-42.92588655909459,-0.9252063404857516,0.9178199651473853,0.9178805813175234,0.0
pp_primary_long,B,1.7453292519943295,0.5555555555555556,3656,-42.15555315360356,-0.09358144125829304,0.9172552447859492,0.9178752246187714,0.8431064335024613
pp_primary_long,B,1.7453292519943295,0.5555555555555556,3657,-42.671518787822144,-0.6507730752987471,0.9178203549254501,0.9178806405860314,0.0
pp_primary_long,B,1.7453292519943295,0.5555555555555556,3658,-42.11081324995253,-0.05989729779797885,0.9172549894810827,0.9178751853809435,0.8431054706491995
pp_primary_long,B,1.7453292519943295,0.5555555555555556,3659,-42.09746666944937,-0.06000708556632589,0.9178203572329248,0.9178806465180095,0.0
pp_primary_long,B,1.7453292519943295,0.5555555555555556,3660,-42.04030069131076,-0.013395269797105994,0.9172553240323663,0.9178752541238481,0.8431061201024518
pp_primary_long,B,1.7453292519943295,0.5555555555555556,3661,-41.51039980172344,0.5436325435375096,0.9178201072029843,0.9178806053605567,0.0
pp_primary_long,B,1.7453292519943295,0.5555555555555556,3662,-41.99205202271101,0.02203438367793624,0.9172550213496989,0.9178751859070212,0.8431057531142012
pp_primary_long,B,1.7453292519943295,0.5555555555555556,3663,-41.2236906899236,0.8500711919983986,0.9178201316576691,0.917880608910589,0.0
pp_primary_long,B,1.7453292519943295,0.5555555555555556,3664,-42.00264139393853,0.028199230543777154,0.9172540939749416,0.9178750251968447,0.8431028704275196
pp_primary_long,B,1.7453292519943295,0.5555555555555556,3665,-41.396416784194585,0.7019043277483399,0.9178198307783749,0.9178805586707692,0.0
pp_primary_long,B,1.7453292519943295,0.5555555555555556,3666,-42.078453766025795,0.0019252806393422472,0.917254089106406,0.9178750306707548,0.8431026192894235
pp_primary_long,B,1.7453292519943295,0.5555555555555556,3667,-41.951661685707606,0.17524017406456327,0.9178194475953869,0.9178805070124759,0.0
pp_primary_long,B,1.7453292519943295,0.5555555555555556,3668,-42.19234764156252,-0.0432886316640342,0.9172533881280199,0.9178749205974941,0.8430999457458833
pp_primary_long,B,1.7453292519943295,0.5555555555555556,3669,-42.616019036621,-0.4593886940705818,0.9178197025195122,0.9178805441838515,0.0
pp_primary_long,B,1.7453292519943295,0.5555555555555556,3670,-42.29762667377251,-0.0842183342563841,0.9172533804106187,0.9178749172473084,0.8430999883655335
pp_primary_long,B,1.7453292519943295,0.5555555555555556,3671,-43.06003846823318,-0.8759954098586858,0.917819649234745,0.9178805357847276,0.0
pp_primary_long,B,1.7453292519943295,0.5555555555555556,3672,-42.35200991935919,-0.09983495995482003,0.91725459086447,0.91787510613007,0.8431045798293682
pp_primary_long,B,1.7453292519943295,0.5555555555555556,3673,-43.06744292587403,-0.8605828760184762,0.9178199362664216,0.9178805739226757,0.0
pp_primary_long,B,1.7453292519943295,0.5555555555555556,3674,-42.33938420925372,-0.08212323334580325,0.9172545975323951,0.9178751135093487,0.8431043665702924
pp_primary_long,B,1.7453292519943295,0.5555555555555556,3675,-42.64623898424691,-0.4210647158391614,0.9178203164253255,0.917880637036168,0.0
pp_primary_long,B,1.7453292519943295,0.5555555555555556,3676,-42.27802563885574,-0.04017469544235344,0.9172550952243592,0.9178752025423476,0.843105831665926
pp_primary_long,B,1.7453292519943295,0.5555555555555556,3677,-42.024594025918915,0.21679230988919967,0.9178202090234953,0.9178806220023003,0.0
pp_primary_long,B,1.7453292519943295,0.5555555555555556,3678,-42.21127907889723,0.004455045422849427,0.9172554827789805,0.9178752819426826,0.8431065801988747
pp_primary_long,B,1.7453292519943295,0.5555555555555556,3679,-41.53362927896801,0.7253389693898586,0.9178202664876716,0.9178806318549108,0.0
pp_primary_long,B,1.7453292519943295,0.5555555555555556,3680,-42.18521858157789,0.02884886364905813,0.9172549173319484,0.9178751655827327,0.8431055277898262
pp_primary_long,B,1.7453292519943295,0.5555555555555556,3681,-41.43735358675061,0.8433485873832645,0.9178202904542074,0.9178806300583494,0.0
pp_primary_long,B,1.7453292519943295,0.5555555555555556,3682,-42.22504336777596,0.020473499858356475,0.917254679693068,0.917875129668825,0.8431046100145878
pp_primary_long,B,1.7453292519943295,0.5555555555555556,3683,-41.79702063136014,0.5102052793136433,0.9178197852614121,0.9178805540064628,0.0
pp_primary_long,B,1.7453292519943295,0.5555555555555556,3684,-42.322106836274564,-0.01636974114081871,0.9172543410745934,0.9178750669056952,0.8431036694253127
pp_primary_long,B,1.7453292519943295,0.5555555555555556,3685,-42.43969238550771,-0.10296563761751665,0.9178197046823763,0.9178805453736493,0.0
pp_primary_long,B,1.7453292519943295,0.5555555555555556,3686,-42.43836036916181,-0.0627572567813482,0.9172531156643087,0.9178748813085326,0.843098795421632
pp_primary_long,B,1.7453292519943295,0.5555555555555556,3687,-43.04705139735661,-0.6811942830345316,0.9178196167193924,0.9178805321947554,0.0
pp_primary_long,B,1.7453292519943295,0.5555555555555556,3688,-42.52588625695985,-0.09485740039595235,0.9172537544475121,0.917874973849341,0.8431014969321112
pp_primary_long,B,1.7453292519943295,0.5555555555555556,3689,-43.31892672621905,-0.9274677573868806,0.9178194935499066,0.9178805104939987,0.0
pp_primary_long,B,1.7453292519943295,0.5555555555555556,3690,-42.5515385270907,-0.09618376968684612,0.9172540161904232,0.917875017087361,0.8431023799659609
pp_primary_long,B,1.7453292519943295,0.5555555555555556,3691,-43.127464396630245,-0.7152806074684136,0.9178199705320792,0.9178805800452602,0.0
pp_primary_long,B,1.7453292519943295,0.5555555555555556,3692,-42.51393979480002,-0.06605252449382004,0.9172542842878946,0.9178750513928093,0.8431036713192022
pp_primary_long,B,1.7453292519943295,0.5555555555555556,3693,-42.58282971488719,-0.15362637110112431,0.9178200879740231,0.917880602333431,0.0
pp_primary_long,B,1.7453292519943295,0.5555555555555556,3694,-42.44421605593979,-0.019943276570032628,0.9172551567163088,0.9178752211718895,0.8431057056377772
pp_primary_long,B,1.7453292519943295,0.5555555555555556,3695,-41.976579634040434,0.46899265038506033,0.917820140179963,0.9178806110890911,0.0
pp_primary_long,B,1.7453292519943295,0.5555555555555556,3696,-42.38999613447961,0.01845646701681891,0.9172552214030869,0.9178752287378127,0.8431060621233738
pp_primary_long,B,1.7453292519943295,0.5555555555555556,3697,-41.63194282021813,0.832752787106514,0.917820427950127,0.9178806561768994,0.0
pp_primary_long,B,1.7453292519943295,0.5555555555555556,3698,-42.390920175794534,0.02942887232720011,0.9172550133468831,0.917875190795275,0.8431055156373075
pp_primary_long,B,1.7453292519943295,0.5555555555555556,3699,-41.737750660896324,0.7508023374546409,0.9178202408247227,0.9178806216499876,0.0
pp_primary_long,B,1.7453292519943295,0.5555555555555556,3700,-42.458333142016286,0.0073325877632286485,0.9172553293319313,0.9178752314157732,0.843107033131609
pp_primary_long,B,1.7453292519943295,0.5555555555555556,3701,-42.251462271797465,0.2652348678585235,0.9178199483514121,0.9178805810442215,0.0
pp_primary_long,B,1.7453292519943295,0.5555555555555556,3702,-42.56941008883079,-0.0364803093919136,0.9172541476042606,0.917875040760377,0.8431027753229617
pp_primary_long,B,1.7453292519943295,0.5555555555555556,3703,-42.921004507015226,-0.3745239162201044,0.9178199181262046,0.9178805759690947,0.0
pp_primary_long,B,1.7453292519943295,0.5555555555555556,3704,-42.678906841082686,-0.07950731404997431,0.9172535613653502,0.9178749518031193,0.8431004800813435
pp_primary_long,B,1.7453292519943295,0.5555555555555556,3705,-43.41426446652569,-0.8398513370098789,0.917819458515312,0.9178805093458475,0.0
pp_primary_long,B,1.7453292519943295,0.5555555555555556,3706,-42.742378199994675,-0.09964333528288331,0.9172538148788997,0.9178749891402892,0.843101509318953
pp_primary_long,B,1.7453292519943295,0.5555555555555556,3707,-43.48967140120012,-0.8917250200949164,0.9178195903125732,0.9178805236645526,0.0
pp_primary_long,B,1.7453292519943295,0.5555555555555556,3708,-42.73903362533545,-0.08654804180018483,0.917253489337427,0.9178749241170131,0.843100780783857
pp_primary_long,B,1.7453292519943295,0.5555555555555556,3709,-43.120303337082504,-0.503498689209447,0.9178198544053929,0.9178805651591831,0.0
pp_primary_long,B,1.7453292519943295,0.5555555555555556,3710,-42.68238294830998,-0.04694178435891984,0.9172542974185847,0.9178750557054585,0.8431036345766406
pp_primary_long,B,1.7453292519943295,0.5555555555555556,3711,-42.50769705952687,0.1254092660016458,0.9178198525455274,0.9178805637081466,0.0
pp_primary_long,B,1.7453292519943295,0.5555555555555556,3712,-42.613357712032794,-0.00117906495869248,0.9172548742281682,0.9178751724128326,0.8431048143744271
pp_primary_long,B,1.7453292519943295,0.5555555555555556,3713,-41.97833401663452,0.6719491184826021,0.9178201770173378,0.9178806183712366,0.0
pp_primary_long,B,1.7453292519943295,0.5555555555555556,3714,-42.57920147039235,0.02724105833951257,0.9172548204145516,0.9178751599219143,0.8431047841949543
pp_primary_long,B,1.7453292519943295,0.5555555555555556,3715,-41.81594513415001,0.8553787873354888,0.9178203966822261,0.9178806490262382,0.0
pp_primary_long,B,1.7453292519943295,0.5555555555555556,3716,-42.609272724227594,0.023716942101998345,0.9172554361206724,0.9178752644194236,0.8431068067361821
pp_primary_long,B,1.7453292519943295,0.5555555555555556,3717,-42.115745043278565,0.5814744889189308,0.9178201813167859,0.9178806155246328,0.0
pp_primary_long,B,1.7453292519943295,0.5555555555555556,3718,-42.699927701618265,-0.009938840207124017,0.9172554067122668,0.9178752402266965,0.8431074297390974
pp_primary_long,B,1.7453292519943295,0.5555555555555556,3719,-42.73554727481992,-0.009067793748495312,0.9178202590277416,0.917880626058961,0.0
pp_primary_long,B,1.7453292519943295,0.5555555555555556,3720,-42.81641272854058,-0.056441368770840564,0.917254233734186,0.917875061029983,0.8431028682347659
pp_primary_long,B,1.7453292519943295,0.5555555555555556,3721,-43.36878254163602,-0.6129000401022826,0.9178199006961257,0.9178805743409679,0.0
pp_primary_long,B,1.7453292519943295,0.5555555555555556,3722,-42.91069644482503,-0.09190209872526293,0.9172542463412755,0.9178750620473265,0.843102958135908
pp_primary_long,B,1.7453292519943295,0.5555555555555556,3723,-43.701987164034456,-0.9198556286534261,0.917819522465193,0.9178805180803229,0.0
pp_primary_long,B,1.7453292519943295,0.5555555555555556,3724,-42.946162606244584,-0.09810900874524787,0.9172534890844323,0.9178749406130416,0.8431001705859292
pp_primary_long,B,1.7453292519943295,0.5555555555555556,3725,-43.57580621132455,-0.77226028176044,0.917819711932038,0.9178805441976281,0.0
pp_primary_long,B,1.7453292519943295,0.5555555555555556,3726,-42.91638471253643,-0.07186766692612082,0.9172534891500733,0.9178749167461345,0.8431010675628905
pp_primary_long,B,1.7453292519943295,0.5555555555555556,3727,-43.06687018779605,-0.24593143569556136,0.9178196312798987,0.9178805299104318,0.0
pp_primary_long,B,1.7453292519943295,0.5555555555555556,3728,-42.84847552751432,-0.026661158025267223,0.9172542382313568,0.9178750543770942,0.8431031242451531
pp_primary_long,B,1.7453292519943295,0.5555555555555556,3729,-42.44839912382689,0.38877525486577924,0.9178197681284549,0.9178805507644968,0.0
pp_primary_long,B,1.7453292519943295,0.5555555555555556,3730,-42.78912929676168,0.01428740595957953,0.91725430958833,0.9178750677287411,0.8431033030521393
pp_primary_long,B,1.7453292519943295,0.5555555555555556,3731,-42.04990045593707,0.8058301087876794,0.9178201668715409,0.9178806168109332,0.0
pp_primary_long,B,1.7453292519943295,0.5555555555555556,3732,-42.78062682775033,0.029947840999813832,0.9172546945298874,0.9178751469225581,0.843104041613558
pp_primary_long,B,1.7453292519943295,0.5555555555555556,3733,-42.087870052055926,0.7910054168520975,0.9178201828878461,0.917880616562779,0.0
pp_primary_long,B,1.7453292519943295,0.5555555555555556,3734,-42.83915052353967,0.012272993936734922,0.9172556652000273,0.9178752941997432,0.8431078791691902
pp_primary_long,B,1.7453292519943295,0.5555555555555556,3735,-42.55461492425528,0.35191147903199865,0.9178203056044741,0.9178806349360563,0.0
pp_primary_long,B,1.7453292519943295,0.5555555555555556,3736,-42.94643667312249,-0.029654390136433686,0.9172550857468088,0.9178751941857601,0.8431060718188588
pp_primary_long,B,1.7453292519943295,0.5555555555555556,3737,-43.2221869503231,-0.2858984870862284,0.9178204018131401,0.9178806458819524,0.0
pp_primary_long,B,1.7453292519943295,0.5555555555555556,3738,-43.05918942118281,-0.0743008523771976,0.9172549049107723,0.9178751677259772,0.8431053475145599
pp_primary_long,B,1.7453292519943295,0.5555555555555556,3739,-43.75948576022271,-0.7948013159798835,0.9178198584617216,0.9178805696482715,0.0
pp_primary_long,B,1.7453292519943295,0.5555555555555556,3740,-43.13129888346307,-0.09873269525340174,0.917254439557543,0.9178751005139855,0.843103351473681
pp_primary_long,B,1.7453292519943295,0.5555555555555556,3741,-43.902318400755306,-0.913388622483517,0.9178197945386973,0.9178805586618561,0.0
pp_primary_long,B,1.7453292519943295,0.5555555555555556,3742,-43.13753418207837,-0.09040150551626193,0.9172534164585849,0.9178749231992712,0.8431001315112264
pp_primary_long,B,1.7453292519943295,0.5555555555555556,3743,-43.58913008101954,-0.5807478814038849,0.91781967960083,0.917880540876006,0.0
pp_primary_long,B,1.7453292519943295,0.5555555555555556,3744,-43.08648322747193,-0.053579868483934236,0.9172537967655155,0.9178749740888725,0.843101905973181
pp_primary_long,B,1.7453292519943295,0.5555555555555556,3745,-42.99259752203462,0.03225295057232319,0.9178195106884336,0.9178805089215628,0.0
pp_primary_long,B,1.7453292519943295,0.5555555555555556,3746,-43.01619733070477,-0.0071906006115348,0.9172539135435311,0.9178749963710093,0.8431021719882954
pp_primary_long,B,1.7453292519943295,0.5555555555555556,3747,-42.4309492889437,0.6107358854974289,0.9178197958083625,0.9178805576450808,0.0
pp_primary_long,B,1.7453292519943295,0.5555555555555556,3748,-42.97457024922472,0.02494420803060579,0.9172538405368644,0.9178749892392494,0.8431017174265161
pp_primary_long,B,1.7453292519943295,0.5555555555555556,3749,-42.20449663275505,0.8575539022192697,0.91781997533477,0.917880585586617,0.0
pp_primary_long,B,1.7453292519943295,0.5555555555555556,3750,-42.994805411922634,0.026312105329430027,0.9172548156641229,0.9178751671816824,0.8431044392591966
pp_primary_long,B,1.7453292519943295,0.5555555555555556,3751,-42.44136260179077,0.6459219340945446,0.9178200278257899,0.9178805949483876,0.0
pp_primary_long,B,1.7453292519943295,0.5555555555555556,3752,-43.07830455856325,-0.0037844282206541124,0.9172552613035656,0.9178752242605112,0.8431066128424176
pp_primary_long,B,1.7453292519943295,0.5555555555555556,3753,-43.03168793958407,0.08454683028166038,0.9178204715761358,0.9178806572249347,0.0
pp_primary_long,B,1.7453292519943295,0.5555555555555556,3754,-43.19398571201384,-0.049887358701042335,0.9172551089348266,0.9178752013163599,0.8431060333624003
pp_primary_long,B,1.7453292519943295,0.5555555555555556,3755,-43.68404557194052,-0.5382075239130436,0.9178202914723351,0.9178806313279263,0.0
pp_primary_long,B,1.7453292519943295,0.5555555555555556,3756,-43.29423260070834,-0.08831410989032107,0.9172554872813471,0.9178752614118094,0.8431074222070671
pp_primary_long,B,1.7453292519943295,0.5555555555555556,3757,-44.075147417189115,-0.9024519409382069,0.9178200334698563,0.9178805950805997,0.0
pp_primary_long,B,1.7453292519943295,0.5555555555555556,3758,-43.33937155305162,-0.09933143414096673,0.9172542905812076,0.9178750803400674,0.8431026629550248
pp_primary_long,B,1.7453292519943295,0.5555555555555556,3759,-44.015900372504454,-0.8210828841667049,0.9178199937869247,0.9178805903329511,0.0
pp_primary_long,B,1.7453292519943295,0.5555555555555556,3760,-43.31800588241168,-0.07727318192255238,0.9172538795922824,0.9178749963036245,0.843101885276206
pp_primary_long,B,1.7453292519943295,0.5555555555555556,3761,-43.54855159395656,-0.3359013461611771,0.9178196031066901,0.9178805272952778,0.0
pp_primary_long,B,1.7453292519943295,0.5555555555555556,3762,-43.25292670982646,-0.033473655516500896,0.9172539618580614,0.9178750096754569,0.8431021621380662
pp_primary_long,B,1.7453292519943295,0.5555555555555556,3763,-42.92496103711163,0.30387065233246513,0.9178195859026491,0.9178805220963885,0.0
pp_primary_long,B,1.7453292519943295,0.5555555555555556,3764,-43.18936655126797,0.00956999290828732,0.9172535214230063,0.9178749215651002,0.8431011913186452
pp_primary_long,B,1.7453292519943295,0.5555555555555556,3765,-42.47726573689741,0.7696026313531295,0.9178197678747114,0.9178805531490416,0.0
pp_primary_long,B,1.7453292519943295,0.5555555555555556,3766,-43.17178110508575,0.029747396440354526,0.9172537803582016,0.9178749875397443,0.8431012036638957
pp_primary_long,B,1.7453292519943295,0.5555555555555556,3767,-42.447230143825955,0.8220653820923417,0.9178197011666037,0.9178805436409785,0.0
pp_primary_long,B,1.7453292519943295,0.5555555555555556,3768,-43.22101881838962,0.0166910652088995,0.917254655130275,0.9178751313495181,0.8431042443901721
pp_primary_long,B,1.7453292519943295,0.5555555555555556,3769,-42.86209525172677,0.43430605147928114,0.9178200611538234,0.917880599577239,0.0
pp_primary_long,B,1.7453292519943295,0.5555555555555556,3770,-43.32358230878238,-0.022887589954234913,0.9172546469046979,0.9178751287292528,0.8431042732613288
pp_primary_long,B,1.7453292519943295,0.5555555555555556,3771,-43.520561478202275,-0.19449360390844217,0.9178203988568,0.9178806457584044,0.0
pp_primary_long,B,1.7453292519943295,0.5555555555555556,3772,-43.43859662216283,-0.06865929384238231,0.9172555460503045,0.9178752667527232,0.8431077744657923
pp_primary_long,B,1.7453292519943295,0.5555555555555556,3773,-44.09620538064387,-0.741340391082952,0.9178201989894662,0.9178806186082061,0.0
pp_primary_long,B,1.7453292519943295,0.5555555555555556,3774,-43.518794047543224,-0.0971138253953471,0.917255404676471,0.9178752543447029,0.8431068702002861
pp_primary_long,B,1.7453292519943295,0.5555555555555556,3775,-44.30513678117881,-0.9253320768318543,0.9178203070654455,0.9178806351405212,0.0
pp_primary_long,B,1.7453292519943295,0.5555555555555556,3776,-43.53479036345863,-0.09363701968387483,0.9172544551619326,0.9178751018777652,0.843103465839106
pp_primary_long,B,1.7453292519943295,0.5555555555555556,3777,-44.0518492970651,-0.6519587666691065,0.9178200022857527,0.9178805924459144,0.0
pp_primary_long,B,1.7453292519943295,0.5555555555555556,3778,-43.490164294507984,-0.060009953275026146,0.9172544560559521,0.9178751003246427,0.8431035421825619
pp_primary_long,B,1.7453292519943295,0.5555555555555556,3779,-43.47824883331494,-0.06164595068040929,0.9178196764431367,0.9178805373183985,0.0
pp_primary_long,B,1.7453292519943295,0.5555555555555556,3780,-43.41965892227976,-0.01351123766921887,0.9172538993681205,0.9178749938806939,0.843102136075965
pp_primary_long,B,1.7453292519943295,0.5555555555555556,3781,-42.890787726805854,0.5423798019470278,0.9178197420945619,0.9178805486181311,0.0
pp_primary_long,B,1.7453292519943295,0.5555555555555556,3782,-43.37127972065849,0.021981426368039556,0.9172534280117302,0.9178749097385973,0.8431007459761496
pp_primary_long,B,1.7453292519943295,0.5555555555555556,3783,-42.60303312740789,0.8498519954735688,0.9178196108618687,0.9178805265162506,0.0
pp_primary_long,B,1.7453292519943295,0.5555555555555556,3784,-43.381705315996506,0.02822804777258535,0.9172539373426769,0.9178750122804333,0.8431018060867965
pp_primary_long,B,1.7453292519943295,0.5555555555555556,3785,-42.77459916751117,0.7028315304785162,0.9178195873332246,0.9178805281600618,0.0
pp_primary_long,B,1.7453292519943295,0.5555555555555556,3786,-43.45737606725174,0.0020247847071812874,0.9172540035992858,0.9178750214687929,0.8431020848023303
pp_primary_long,B,1.7453292519943295,0.5555555555555556,3787,-43.32916842175783,0.17683741148823978,0.9178200846876657,0.9178806011123891,0.0
pp_primary_long,B,1.7453292519943295,0.5555555555555556,3788,-43.571229427722486,-0.04316939669168518,0.9172545167370553,0.9178751071711485,0.8431038152381032
pp_primary_long,B,1.7453292519943295,0.5555555555555556,3789,-43.99368068329902,-0.4579442263746102,0.917820123073129,0.917880606380107,0.0
pp_primary_long,B,1.7453292519943295,0.5555555555555556,3790,-43.67658404456854,-0.08413673397336881,0.9172556502391318,0.9178752818505038,0.8431081965734112
pp_primary_long,B,1.7453292519943295,0.5555555555555556,3791,-44.43860288619277,-0.8754464491168586,0.9178203039235985,0.9178806320003018,0.0
pp_primary_long,B,1.7453292519943295,0.5555555555555556,3792,-43.73114270867837,-0.09983926527559817,0.9172550533646919,0.9178751982742529,0.8431055957517954
pp_primary_long,B,1.7453292519943295,0.5555555555555556,3793,-44.447198324304274,-0.8612067576913149,0.9178203966882624,0.9178806500363732,0.0
pp_primary_long,B,1.7453292519943295,0.5555555555555556,3794,-43.718674279369104,-0.08220599581600607,0.9172550031010632,0.917875190195018,0.8431054409417708
pp_primary_long,B,1.7453292519943295,0.5555555555555556,3795,-44.02686311484359,-0.4225419824368576,0.9178199881884489,0.9178805888659624,0.0
pp_primary_long,B,1.7453292519943295,0.5555555555555556,3796,-43.65740356200086,-0.040299839531118146,0.9172547122364332,0.9178751489516638,0.8431041598643776
pp_primary_long,B,1.7453292519943295,0.5555555555555556,3797,-43.405309807551674,0.2152183757036767,0.9178199063709531,0.9178805746744333,0.0
pp_primary_long,B,1.7453292519943295,0.5555555555555556,3798,-43.59059691746653,0.004358839519668242,0.9172538825785179,0.9178749846221658,0.8431023302951861
pp_primary_long,B,1.7453292519943295,0.5555555555555556,3799,-42.91362843765628,0.7244748393293744,0.9178198090777758,0.9178805571189967,0.0
pp_primary_long,B,1.7453292519943295,0.5555555555555556,3800,-43.56438166688115,0.028828492471919584,0.917253767308384,0.9178749756795965,0.8431015667630005
pp_primary_long,B,1.7453292519943295,0.5555555555555556,3801,-42.81617758590787,0.8436413011814843,0.9178194756884672,0.917880506402451,0.0
pp_primary_long,B,1.7453292519943295,0.5555555555555556,3802,-43.60403919225554,0.020536608172946808,0.9172538073073337,0.9178749818814328,0.8431016941688413
pp_primary_long,B,1.7453292519943295,0.5555555555555556,3803,-43.174828781743685,0.5115044029915196,0.9178196746728438,0.9178805414784587,0.0
pp_primary_long,B,1.7453292519943295,0.5555555555555556,3804,-43.70099811775658,-0.016254931713275245,0.9172534482175624,0.9178749354904374,0.8430999466944843
pp_primary_long,B,1.7453292519943295,0.5555555555555556,3805,-43.817156378240924,-0.10132552001994799,0.9178198817872317,0.9178805706302436,0.0
pp_primary_long,B,1.7453292519943295,0.5555555555555556,3806,-43.817259377169414,-0.06264682764755738,0.9172547143167543,0.9178751322549887,0.8431047785172479
pp_primary_long,B,1.7453292519943295,0.5555555555555556,3807,-44.4250265441785,-0.6800614308023634,0.9178199554836086,0.9178805806996823,0.0
pp_primary_long,B,1.7453292519943295,0.5555555555555556,3808,-43.90491093633874,-0.0948089154213824,0.9172550967858321,0.9178751963023628,0.8431060712960748
pp_primary_long,B,1.7453292519943295,0.5555555555555556,3809,-44.69799622589785,-0.9274209800397685,0.9178204154813706,0.9178806477142191,0.0
pp_primary_long,B,1.7453292519943295,0.5555555555555556,3810,-43.93073673252372,-0.09622160079492442,0.9172550675014786,0.9178751927422157,0.8431059450672735
pp_primary_long,B,1.7453292519943295,0.5555555555555556,3811,-44.507664595296035,-0.7163424887765618,0.9178202789118975,0.9178806332349376,0.0
pp_primary_long,B,1.7453292519943295,0.5555555555555556,3812,-43.893276684955374,-0.06615849180536063,0.9172553946883275,0.917875263023245,0.843106454982697
pp_primary_long,B,1.7453292519943295,0.5555555555555556,3813,-43.96359694252849,-0.15525017175338884,0.9178201113828346,0.9178806068884167,0.0
pp_primary_long,B,1.7453292519943295,0.5555555555555556,3814,-43.82358923511342,-0.02006587690941898,0.917254704349906,0.9178751410034616,0.8431043771327978
pp_primary_long,B,1.7453292519943295,0.5555555555555556,3815,-43.35707829538969,0.46763723707263866,0.9178201218591299,0.9178806087048776,0.0
pp_primary_long,B,1.7453292519943295,0.5555555555555556,3816,-43.769256954001555,0.018388254704644946,0.9172541895569796,0.9178750431232038,0.8431031200795553
pp_primary_long,B,1.7453292519943295,0.5555555555555556,3817,-43.011462865413286,0.8323622129162982,0.9178197711674833,0.9178805489839305,0.0
pp_primary_long,B,1.7453292519943295,0.5555555555555556,3818,-43.77001502036182,0.029443188926771197,0.9172541924044358,0.9178750435385992,0.8431031194874533
pp_primary_long,B,1.7453292519943295,0.5555555555555556,3819,-43.116088982625456,0.7515769038807043,0.9178195572691358,0.9178805216100181,0.0
pp_primary_long,B,1.7453292519943295,0.5555555555555556,3820,-43.83727187969703,0.007424183807182655,0.9172533780945258,0.9178749115952952,0.8431001820692371
pp_primary_long,B,1.7453292519943295,0.5555555555555556,3821,-43.62902233589644,0.266780847078562,0.9178197199888175,0.9178805465686595,0.0
pp_primary_long,B,1.7453292519943295,0.5555555555555556,3822,-43.948292803542564,-0.036361240855764095,0.9172535286806526,0.9178749479532562,0.8431002664392953
pp_primary_long,B,1.7453292519943295,0.5555555555555556,3823,-44.29859006673987,-0.37300279679393594,0.9178195927722206,0.9178805283891164,0.0
pp_primary_long,B,1.7453292519943295,0.5555555555555556,3824,-44.05784837340814,-0.07941771586473803,0.9172545015385563,0.9178750965714108,0.8431040736924171
pp_primary_long,B,1.7453292519943295,0.5555555555555556,3825,-44.792661918119265,-0.839139428880628,0.917819996638164,0.917880584305754,0.0
pp_primary_long,B,1.7453292519943295,0.5555555555555556,3826,-44.12147641133754,-0.09963161696273551,0.9172545020887028,0.9178750967107602,0.8431040739372208
pp_primary_long,B,1.7453292519943295,0.5555555555555556,3827,-44.86925651355249,-0.8921861282769787,0.9178202975356489,0.9178806321352748,0.0
pp_primary_long,B,1.7453292519943295,0.5555555555555556,3828,-44.11828926567906,-0.08661526669326636,0.91725532781575,0.9178752336309631,0.8431069028305611
pp_primary_long,B,1.7453292519943295,0.5555555555555556,3829,-44.50083725129438,-0.5048942937536534,0.9178201754839819,0.9178806156996225,0.0
pp_primary_long,B,1.7453292519943295,0.5555555555555556,3830,-44.06175127194795,-0.04706278872501208,0.9172553201603162,0.9178752536614241,0.8431060708580913
pp_primary_long,B,1.7453292519943295,0.5555555555555556,3831,-43.888451263187875,0.12379717692840037,0.9178203054904134,0.9178806379094353,0.0
pp_primary_long,B,1.7453292519943295,0.5555555555555556,3832,-43.992693514892515,-0.0012839205039032742,0.9172547583089266,0.9178751456123686,0.8431047446959972
pp_primary_long,B,1.7453292519943295,0.5555555555555556,3833,-43.358478667862904,0.6709458340861563,0.9178201830562202,0.917880615746989,0.0
pp_primary_long,B,1.7453292519943295,0.5555555555555556,3834,-43.95840012195768,0.0272041053376091,0.9172547668219748,0.9178751474491408,0.8431047689937172
pp_primary_long,B,1.7453292519943295,0.5555555555555556,3835,-43.194947911798906,0.8554985000183101,0.9178197991339474,0.9178805553144356,0.0
pp_primary_long,B,1.7453292519943295,0.5555555555555556,3836,-43.98829567577097,0.02376730941694176,0.9172542611496365,0.9178750475780744,0.8431036136953752
pp_primary_long,B,1.7453292519943295,0.5555555555555556,3837,-43.493674259170966,0.5826561382830925,0.9178197928573715,0.9178805569871585,0.0
pp_primary_long,B,1.7453292519943295,0.5555555555555556,3838,-44.07883041744901,-0.009829210258225113,0.917253280150471,0.9178749030762803,0.8430995699359953
pp_primary_long,B,1.7453292519943295,0.5555555555555556,3839,-44.11301257358528,-0.007426404594408187,0.9178195767643821,0.9178805248833594,0.0
pp_primary_long,B,1.7453292519943295,0.5555555555555556,3840,-44.19530831029327,-0.05632848691566546,0.9172538523040376,0.9178749952191301,0.8431016340333877
pp_primary_long,B,1.7453292519943295,0.5555555555555556,3841,-44.74663834125362,-0.6116465621393687,0.9178195190995353,0.9178805165791168,0.0
pp_primary_long,B,1.7453292519943295,0.5555555555555556,3842,-44.28970330172947,-0.09184446318373413,0.9172538198606406,0.9178749892695746,0.8431015219579303
pp_primary_long,B,1.7453292519943295,0.5555555555555556,3843,-45.080879745810684,-0.9196336237748777,0.9178200037255115,0.9178805857775465,0.0
pp_primary_long,B,1.7453292519943295,0.5555555555555556,3844,-44.325327983040694,-0.0981315281496909,0.9172544083722113,0.9178750723764351,0.8431040772486765
pp_primary_long,B,1.7453292519943295,0.5555555555555556,3845,-44.95586139482948,-0.7731851207645142,0.9178200331839617,0.9178805924832035,0.0
pp_primary_long,B,1.7453292519943295,0.5555555555555556,3846,-44.295695319824034,-0.07196187655563763,0.9172552758636345,0.9178752323554258,0.8431064360286714
pp_primary_long,B,1.7453292519943295,0.5555555555555556,3847,-44.447597905505184,-0.2475240950859421,0.9178202052904797,0.9178806189340664,0.0
pp_primary_long,B,1.7453292519943295,0.5555555555555556,3848,-44.22784217100722,-0.02678168548622388,0.9172550154160575,0.9178751944247611,0.8431053661578289
pp_primary_long,B,1.7453292519943295,0.5555555555555556,3849,-43.82898498337701,0.38733248998002306,0.9178203882039571,0.9178806509951234,0.0
pp_primary_long,B,1.7453292519943295,0.5555555555555556,3850,-44.16841253064749,0.014208071052933396,0.9172550519290651,0.9178752023809121,0.843105443503334
pp_primary_long,B,1.7453292519943295,0.5555555555555556,3851,-43.42958678594983,0.8052774467572017,0.9178201398918171,0.9178806081603726,0.0
pp_primary_long,B,1.7453292519943295,0.5555555555555556,3852,-44.159754578766965,0.029946599113618286,0.9172551878544779,0.9178752123214312,0.8431063697162894
pp_primary_long,B,1.7453292519943295,0.5555555555555556,3853,-43.46637074079833,0.7916226865421919,0.9178200154033493,0.9178805906090381,0.0
pp_primary_long,B,1.7453292519943295,0.5555555555555556,3854,-44.21811057785307,0.012354574081063538,0.9172541275936311,0.9178750299622088,0.8431029917736865
pp_primary_long,B,1.7453292519943295,0.5555555555555556,3855,-43.93224931043101,0.3533860569268007,0.917819916755046,0.9178805733262673,0.0
pp_primary_long,B,1.7453292519943295,0.5555555555555556,3856,-44.32532373459155,-0.029536828854890076,0.9172538085171121,0.9178749897665178,0.8431014381758003
pp_primary_long,B,1.7453292519943295,0.5555555555555556,3857,-44.59972141752397,-0.2843237406501175,0.9178194527794941,0.917880507796967,0.0
pp_primary_long,B,1.7453292519943295,0.5555555555555556,3858,-44.43812399857019,-0.0742067772054773,0.9172537337038001,0.9178749772355393,0.8431011602544931
pp_primary_long,B,1.7453292519943295,0.5555555555555556,3859,-45.13773288737643,-0.7939361517390987,0.9178196548630837,0.9178805357392779,0.0
pp_primary_long,B,1.7453292519943295,0.5555555555555556,3860,-44.51037803649861,-0.09871104640205602,0.9172534025697495,0.9178749175813222,0.8431001835942882
pp_primary_long,B,1.7453292519943295,0.5555555555555556,3861,-45.28173312893691,-0.9136793679382548,0.9178198074621469,0.9178805583907093,0.0
pp_primary_long,B,1.7453292519943295,0.5555555555555556,3862,-44.51676507772812,-0.09045683906330003,0.9172545096813954,0.9178750892887954,0.8431044226431333
pp_primary_long,B,1.7453292519943295,0.5555555555555556,3863,-44.969558458349034,-0.5820456336048827,0.917819872607769,0.917880565274276,0.0
pp_primary_long,B,1.7453292519943295,0.5555555555555556,3864,-44.465832078221005,-0.053692557481674105,0.9172547955045927,0.9178751525944018,0.843104801266724
pp_primary_long,B,1.7453292519943295,0.5555555555555556,3865,-44.3733679735136,0.030618134805023567,0.9178202511292322,0.9178806275413287,0.0
pp_primary_long,B,1.7453292519943295,0.5555555555555556,3866,-44.39553235404149,-0.007296529143305128,0.9172548410983048,0.9178751615354637,0.8431049203096966
pp_primary_long,B,1.7453292519943295,0.5555555555555556,3867,-43.81122005467795,0.6096046373893156,0.9178202872478147,0.9178806338247216,0.0
pp_primary_long,B,1.7453292519943295,0.5555555555555556,3868,-44.353793585623364,0.02489488117889467,0.917255404968791,0.9178752660422272,0.8431064321224884
pp_primary_long,B,1.7453292519943295,0.5555555555555556,3869,-43.58367124911357,0.8575046389595216,0.9178201695948166,0.9178806149585823,0.0
pp_primary_long,B,1.7453292519943295,0.5555555555555556,3870,-44.37385554973224,0.026349330214737926,0.9172551469709269,0.9178751997250876,0.843106443321173
pp_primary_long,B,1.7453292519943295,0.5555555555555556,3871,-43.81942123888387,0.646977692113606,0.9178202745559925,0.9178806280215057,0.0
pp_primary_long,B,1.7453292519943295,0.5555555555555556,3872,-44.457220404343175,-0.0036809816720940886,0.9172543833451837,0.9178750805876561,0.8431035797847788
pp_primary_long,B,1.7453292519943295,0.5555555555555556,3873,-44.4091740300529,0.08616908870055867,0.9178198611287961,0.9178805656411557,0.0
pp_primary_long,B,1.7453292519943295,0.5555555555555556,3874,-44.572878078687104,-0.04977220033089691,0.9172543645188369,0.9178750765954051,0.8431035387057049
pp_primary_long,B,1.7453292519943295,0.5555555555555556,3875,-45.06180238524168,-0.5368528871405489,0.9178195882950523,0.9178805282896242,0.0
pp_primary_long,B,1.7453292519943295,0.5555555555555556,3876,-44.673228325847944,-0.08824984820425269,0.9172533427875428,0.9178749184128178,0.8430995850724303
pp_primary_long,B,1.7453292519943295,0.5555555555555556,3877,-45.453874000571986,-0.9020591240661677,0.9178197169079843,0.9178805461152943,0.0
pp_primary_long,B,1.7453292519943295,0.5555555555555556,3878,-44.71852072332472,-0.09934501227118211,0.9172535952748723,0.9178749428109255,0.8431011131309646
pp_primary_long,B,1.7453292519943295,0.5555555555555556,3879,-45.39580685542611,-0.8218584604273211,0.9178195761446701,0.9178805224634227,0.0
pp_primary_long,B,1.7453292519943295,0.5555555555555556,3880,-44.69730164251861,-0.07735995265700929,0.9172542809786943,0.9178750590200607,0.84310336008897
pp_primary_long,B,1.7453292519943295,0.5555555555555556,3881,-44.929225591153184,-0.33744521120635523,0.9178198734954528,0.9178805649419483,0.0
pp_primary_long,B,1.7453292519943295,0.5555555555555556,3882,-44.63228078742454,-0.033589439904722164,0.9172542801925195,0.9178750568528196,0.8431034259648821
pp_primary_long,B,1.7453292519943295,0.5555555555555556,3883,-44.30561589399756,0.30235339624218405,0.9178201552991837,0.9178806137468659,0.0
pp_primary_long,B,1.7453292519943295,0.5555555555555556,3884,-44.56865722373558,0.00948571035374536,0.9172548764472953,0.917875174737357,0.843104747506786
pp_primary_long,B,1.7453292519943295,0.5555555555555556,3885,-43.85710537519486,0.7688936332877871,0.9178201217536871,0.9178806078914978,0.0
pp_primary_long,B,1.7453292519943295,0.5555555555555556,3886,-44.55093181217483,0.02973438690012134,0.9172554206135176,0.9178752611321085,0.8431067572451065
pp_primary_long,B,1.7453292519943295,0.5555555555555556,3887,-43.8258913858055,0.8225240381143596,0.9178203276329822,0.91788063980311,0.0
pp_primary_long,B,1.7453292519943295,0.5555555555555556,3888,-44.59999915859753,0.0167624895494356,0.9172549605576417,0.9178751750131322,0.8431055862074786
pp_primary_long,B,1.7453292519943295,0.5555555555555556,3889,-44.23981369763457,0.4356980592785705,0.917820333438836,0.917880634909093,0.0
pp_primary_long,B,1.7453292519943295,0.5555555555555556,3890,-44.70247235664825,-0.022771437625708213,0.9172550702648491,0.9178751916668099,0.8431060326555706
pp_primary_long,B,1.7453292519943295,0.5555555555555556,3891,-44.898060704566504,-0.19288393430799744,0.917819871673728,0.9178805696719341,0.0
pp_primary_long,B,1.7453292519943295,0.5555555555555556,3892,-44.81752044293344,-0.06855929426580001,0.9172543788119537,0.9178750825420777,0.84310343133108
pp_primary_long,B,1.7453292519943295,0.5555555555555556,3893,-45.4743158809474,-0.7403364946962815,0.9178198621791062,0.9178805684629804,0.0
pp_primary_long,B,1.7453292519943295,0.5555555555555556,3894,-44.897858047065725,-0.09708356528392038,0.9172534079415627,0.91787492696934,0.8430999097085695
pp_primary_long,B,1.7453292519943295,0.5555555555555556,3895,-45.68438512844622,-0.9254510241201497,0.9178196078453849,0.9178805310552934,0.0
pp_primary_long,B,1.7453292519943295,0.5555555555555556,3896,-44.914012288936235,-0.09368650785307475,0.9172538970461934,0.9178749964108484,0.8431020294243142
pp_primary_long,B,1.7453292519943295,0.5555555555555556,3897,-45.432165759990156,-0.6531425949589795,0.9178195402629434,0.9178805146956339,0.0
pp_primary_long,B,1.7453292519943295,0.5555555555555556,3898,-44.86950628153939,-0.06011907965354081,0.9172537947137962,0.917874976103884,0.8431017783376669
pp_primary_long,B,1.7453292519943295,0.5555555555555556,3899,-44.85902294130668,-0.06328597811839193,0.9178198748176818,0.9178805678749322,0.0
pp_primary_long,B,1.7453292519943295,0.5555555555555556,3900,-44.79899206023689,-0.013617394580196479,0.9172540590293771,0.9178750180657151,0.843102743391053
pp_primary_long,B,1.7453292519943295,0.5555555555555556,3901,-44.27117236258825,0.541129197103293,0.9178199255499812,0.9178805766359316,0.0
pp_primary_long,B,1.7453292519943295,0.5555555555555556,3902,-44.75051639787594,0.021924487638490253,0.9172548732178066,0.9178751762584036,0.8431046531963227
pp_primary_long,B,1.7453292519943295,0.5555555555555556,3903,-43.9823745517983,0.8496333946138043,0.9178200627504344,0.9178806004350335,0.0
pp_primary_long,B,1.7453292519943295,0.5555555555555556,3904,-44.76077501384036,0.028254848121633327,0.9172549937458581,0.917875185159361,0.843105500072084
pp_primary_long,B,1.7453292519943295,0.5555555555555556,3905,-44.15279083957372,0.7037549943982083,0.917820428368409,0.9178806527724848,0.0
pp_primary_long,B,1.7453292519943295,0.5555555555555556,3906,-44.836303901963674,0.0021218876455682545,0.917255149903722,0.917875212088214,0.8431060160233538
pp_primary_long,B,1.7453292519943295,0.5555555555555556,3907,-44.70668523876465,0.17842811231275507,0.9178202194348838,0.9178806196308749,0.0
pp_primary_long,B,1.7453292519943295,0.5555555555555556,3908,-44.950114702976144,-0.04305085186437278,0.9172554871095047,0.9178752557031546,0.843107624519849
pp_primary_long,B,1.7453292519943295,0.5555555555555556,3909,-45.37134931170771,-0.4565038270889779,0.9178201050872069,0.9178806042566168,0.0
pp_primary_long,B,1.7453292519943295,0.5555555555555556,3910,-45.05556044561729,-0.0840626183657163,0.9172542236527061,0.9178750630010762,0.843102672409547
pp_primary_long,B,1.7453292519943295,0.5555555555555556,3911,-45.81716916590615,-0.8748914143004825,0.9178199807257096,0.9178805869588437,0.0
pp_primary_long,B,1.7453292519943295,0.5555555555555556,3912,-45.11027612004451,-0.09984389774931066,0.9172540093276373,0.9178750223135101,0.8431021565037112
pp_primary_long,B,1.7453292519943295,0.5555555555555556,3913,-45.82695314950289,-0.8618258074936583,0.9178195467886046,0.9178805208439341,0.0
pp_primary_long,B,1.7453292519943295,0.5555555555555556,3914,-45.09796822618956,-0.0822902851664303,0.917253846039324,0.9178749955461488,0.8431015602348791
pp_primary_long,B,1.7453292519943295,0.5555555555555556,3915,-45.407474483041874,-0.42401829293929255,0.9178196683187991,0.9178805353779939,0.0
pp_primary_long,B,1.7453292519943295,0.5555555555555556,3916,-45.036759425571354,-0.040416209901807464,0.9172535126741909,0.9178749201897839,0.8431011558339505
pp_primary_long,B,1.7453292519943295,0.5555555555555556,3917,-44.78602348514837,0.2136423814566593,0.9178197550231056,0.9178805497585721,0.0
pp_primary_long,B,1.7453292519943295,0.5555555555555556,3918,-44.969897731452974,0.004268993783186403,0.9172540817461344,0.9178750302103844,0.8431025128829308
pp_primary_long,B,1.7453292519943295,0.5555555555555556,3919,-44.29361694153297,0.7236127103806671,0.9178197275032298,0.9178805455286694,0.0
pp_primary_long,B,1.7453292519943295,0.5555555555555556,3920,-44.94354785217777,0.028806819445256482,0.9172545309399074,0.9178751102238384,0.8431038384683706
pp_primary_long,B,1.7453292519943295,0.5555555555555556,3921,-44.19500263481437,0.8439346712529957,0.9178201055912024,0.9178806073509553,0.0
pp_primary_long,B,1.7453292519943295,0.5555555555555556,3922,-44.98303569830533,0.02059916673724721,0.9172545779066174,0.9178751219950971,0.8431038556759919
pp_primary_long,B,1.7453292519943295,0.5555555555555556,3923,-44.55263983393113,0.5128031706883611,0.9178202949991003,0.9178806316807405,0.0
pp_primary_long,B,1.7453292519943295,0.5555555555555556,3924,-45.07989104787858,-0.016140690485904496,0.9172555554275859,0.9178752736365966,0.8431075962118944
pp_primary_long,B,1.7453292519943295,0.5555555555555556,3925,-45.194629500438985,-0.09969295869560119,0.9178202002215973,0.9178806183804892,0.0
pp_primary_long,B,1.7453292519943295,0.5555555555555556,3926,-45.196166308230005,-0.06253888716252706,0.917255274266623,0.9178752251967932,0.8431067090909318
pp_primary_long,B,1.7453292519943295,0.5555555555555556,3927,-45.80300550390629,-0.6789297251361148,0.9178203533969097,0.9178806398113348,0.0
pp_primary_long,B,1.7453292519943295,0.5555555555555556,3928,-45.28394776423841,-0.0947653459355581,0.9172545490420638,0.9178751138489248,0.8431039237836917
pp_primary_long,B,1.7453292519943295,0.5555555555555556,3929,-46.07707528694779,-0.9273702533321303,0.9178199307399214,0.9178805808285417,0.0
pp_primary_long,B,1.7453292519943295,0.5555555555555556,3930,-45.30994567153658,-0.09626349034231874,0.9172544957343711,0.9178751082846137,0.8431036109205651
pp_primary_long,B,1.7453292519943295,0.5555555555555556,3931,-45.887859638267216,-0.7173999986564055,0.9178197021280393,0.9178805432924768,0.0
pp_primary_long,B,1.7453292519943295,0.5555555555555556,3932,-45.272621840229974,-0.06626773379902097,0.9172536688019742,0.9178749628844756,0.843101066546569
pp_primary_long,B,1.7453292519943295,0.5555555555555556,3933,-45.34436338189841,-0.15687536692625798,0.9178197606869356,0.9178805519048545,0.0
pp_primary_long,B,1.7453292519943295,0.5555555555555556,3934,-45.20293584629063,-0.020177969300449156,0.9172536365766404,0.9178749430299377,0.843101511819193
pp_primary_long,B,1.7453292519943295,0.5555555555555556,3935,-44.73757066069305,0.46627981433332816,0.9178195855546065,0.9178805211718171,0.0
pp_primary_long,B,1.7453292519943295,0.5555555555555556,3936,-45.14851184864542,0.018322107541098004,0.91725405103247,0.9178750254355497,0.8431024063547181
pp_primary_long,B,1.7453292519943295,0.5555555555555556,3937,-44.39097476931425,0.8319715254940174,0.9178196947532402,0.9178805425818514,0.0
pp_primary_long,B,1.7453292519943295,0.5555555555555556,3938,-45.14910136056082,0.02946080033476718,0.9172539371594097,0.9178750075943521,0.8431019610852998
pp_primary_long,B,1.7453292519943295,0.5555555555555556,3939,-44.494424618521364,0.7523553694286831,0.91782005487006,0.9178805978577913,0.0
pp_primary_long,B,1.7453292519943295,0.5555555555555556,3940,-45.21621164305821,0.007514738636532403,0.917254587280143,0.917875126273715,0.8431037727318764
pp_primary_long,B,1.7453292519943295,0.5555555555555556,3941,-45.00658245298857,0.26832650109408723,0.9178200533359893,0.9178805969569377,0.0
pp_primary_long,B,1.7453292519943295,0.5555555555555556,3942,-45.327172456126576,-0.03624041164152595,0.917255497342552,0.9178752594004731,0.843107562882631
pp_primary_long,B,1.7453292519943295,0.5555555555555556,3943,-45.6761784525905,-0.3714868607708429,0.9178203511595984,0.9178806390574609,0.0
pp_primary_long,B,1.7453292519943295,0.5555555555555556,3944,-45.436797869614075,-0.0793311805747054,0.9172549957637951,0.9178751834853744,0.8431055991791769
pp_primary_long,B,1.7453292519943295,0.5555555555555556,3945,-46.1710666273502,-0.8384277558538903,0.9178203625697703,0.9178806422587911,0.0
pp_primary_long,B,1.7453292519943295,0.5555555555555556,3946,-45.50057917183518,-0.09962145546493884,0.9172551839638738,0.917875215072946,0.8431062420687511
pp_primary_long,B,1.7453292519943295,0.5555555555555556,3947,-46.248848623074,-0.8926444555657129,0.917819959332104,0.9178805845286678,0.0
pp_primary_long,B,1.7453292519943295,0.5555555555555556,3948,-45.497572465770524,-0.08669328734196811,0.9172545306081673,0.9178751204875557,0.8431034656487527
pp_primary_long,B,1.7453292519943295,0.5555555555555556,3949,-45.88137056694556,-0.5062867269780876,0.9178199491160918,0.9178805822113193,0.0
pp_primary_long,B,1.7453292519943295,0.5555555555555556,3950,-45.441116317943994,-0.047182383382117096,0.9172538058442993,0.9178749792877196,0.8431017916820042
pp_primary_long,B,1.7453292519943295,0.5555555555555556,3951,-45.26921127212789,0.12218219395992691,0.9178197379936822,0.9178805472814948,0.0
pp_primary_long,B,1.7453292519943295,0.5555555555555556,3952,-45.37201871816526,-0.0013847322665356543,0.9172539561600672,0.9178750057903705,0.8431022533752113
pp_primary_long,B,1.7453292519943295,0.5555555555555556,3953,-44.73861479606255,0.6699388696050108,0.9178195351698412,0.9178805137061979,0.0
pp_primary_long,B,1.7453292519943295,0.5555555555555556,3954,-45.337588486693434,0.027171344055590865,0.9172537689915492,0.917874969254523,0.843101790989508
pp_primary_long,B,1.7453292519943295,0.5555555555555556,3955,-44.57394755034541,0.8556177727829717,0.9178197556041677,0.9178805525635179,0.0
pp_primary_long,B,1.7453292519943295,0.5555555555555556,3956,-45.367309785301714,0.023820594210219787,0.9172535956979795,0.9178749574457491,0.8431005450802889
pp_primary_long,B,1.7453292519943295,0.5555555555555556,3957,-44.87159550281641,0.583843922981343,0.9178198158727069,0.9178805609313266,0.0
pp_primary_long,B,1.7453292519943295,0.5555555555555556,3958,-45.4577299770024,-0.009718555418194108,0.9172547029369323,0.9178751383255626,0.8431044384127644
pp_primary_long,B,1.7453292519943295,0.5555555555555556,3959,-45.490475280688884,-0.005785566523088648,0.9178199692358425,0.9178805845099578,0.0
pp_primary_long,B,1.7453292519943295,0.5555555555555556,3960,-45.57420160445931,-0.05621443909869899,0.9172548882249839,0.9178751632696894,0.843105299861526
pp_primary_long,B,1.7453292519943295,0.5555555555555556,3961,-46.12449177197843,-0.6103942950641047,0.9178204209195746,0.9178806481386992,0.0
pp_primary_long,B,1.7453292519943295,0.5555555555555556,3962,-45.6687057422514,-0.09178508166944056,0.9172551885821755,0.9178752097772027,0.8431064685782413
pp_primary_long,B,1.7453292519943295,0.5555555555555556,3963,-46.459781738044,-0.9194129895920027,0.9178202202035746,0.9178806224008211,0.0
pp_primary_long,B,1.7453292519943295,0.5555555555555556,3964,-45.70450654287265,-0.09815885777150897,0.9172554382366696,0.9178752626845519,0.8431068801512019
pp_primary_long,B,1.7453292519943295,0.5555555555555556,3965,-46.3359172642865,-0.7741066607965208,0.9178201597135878,0.9178806135929364,0.0
pp_primary_long,B,1.7453292519943295,0.5555555555555556,3966,-45.675030687784925,-0.07206583823181567,0.9172544842276933,0.917875108408847,0.8431034786553173
pp_primary_long,B,1.7453292519943295,0.5555555555555556,3967,-45.82833665706087,-0.24911577661736772,0.9178200783448852,0.9178806031798061,0.0
pp_primary_long,B,1.7453292519943295,0.5555555555555556,3968,-45.607206529038365,-0.02690125413042825,0.9172542799763193,0.9178750636362959,0.8431032175955646
pp_primary_long,B,1.7453292519943295,0.5555555555555556,3969,-45.2095731365803,0.3858861538767771,0.9178197139278583,0.9178805414946011,0.0
pp_primary_long,B,1.7453292519943295,0.5555555555555556,3970,-45.54769763163017,0.014128083131693142,0.9172541459401665,0.917875035969158,0.8431029413357242
pp_primary_long,B,1.7453292519943295,0.5555555555555556,3971,-44.80927226904009,0.8047181261801566,0.9178196652692848,0.9178805364630369,0.0
pp_primary_long,B,1.7453292519943295,0.5555555555555556,3972,-45.53886587049989,0.0299519554241494,0.9172534480883666,0.9178749151865311,0.8431007226645344
pp_primary_long,B,1.7453292519943295,0.5555555555555556,3973,-44.84486714290124,0.7922416743475552,0.9178197170979403,0.9178805445632319,0.0
pp_primary_long,B,1.7453292519943295,0.5555555555555556,3974,-45.597066628348664,0.012437024119621304,0.9172537453850824,0.9178749840272238,0.8431010044497629
pp_primary_long,B,1.7453292519943295,0.5555555555555556,3975,-45.309875515768084,0.35486555401910747,0.9178195852787072,0.9178805273782747,0.0
pp_primary_long,B,1.7453292519943295,0.5555555555555556,3976,-45.704204577887594,-0.02941667120449669,0.9172543403979947,0.9178750747409141,0.8431033345508236
pp_primary_long,B,1.7453292519943295,0.5555555555555556,3977,-45.97724695235573,-0.2827464170131455,0.91782003501836,0.9178805923841824,0.0
pp_primary_long,B,1.7453292519943295,0.5555555555555556,3978,-45.81705251428131,-0.07411059905872405,0.9172544333371555,0.9178750895386512,0.8431036753385122
pp_primary_long,B,1.7453292519943295,0.5555555555555556,3979,-46.51597892580111,-0.793071050637757,0.9178202366974975,0.9178806222442539,0.0
pp_primary_long,B,1.7453292519943295,0.5555555555555556,3980,-45.889444507531294,-0.09868402584515307,0.9172554885322992,0.9178752555321232,0.8431076262345877
pp_primary_long,B,1.7453292519943295,0.5555555555555556,3981,-46.66114944533189,-0.9139711038609105,0.9178201871130102,0.9178806158101593,0.0
pp_primary_long,B,1.7453292519943295,0.5555555555555556,3982,-45.896018146183316,-0.09052077113005874,0.9172551855889844,0.9178752250333102,0.8431058502870543
pp_primary_long,B,1.7453292519943295,0.5555555555555556,3983,-46.34999108558146,-0.5833404541263394,0.917820343774333,0.917880642364276,0.0
pp_primary_long,B,1.7453292519943295,0.5555555555555556,3984,-45.84519090251951,-0.05380910568066516,0.9172547354757183,0.9178751450337379,0.8431045454839025
pp_primary_long,B,1.7453292519943295,0.5555555555555556,3985,-45.754151855742606,0.028983357477809446,0.917820071225367,0.9178806007402711,0.0
pp_primary_long,B,1.7453292519943295,0.5555555555555556,3986,-45.77488244405316,-0.007408447484508238,0.9172547536793813,0.9178751509695949,0.8431044940324206
pp_primary_long,B,1.7453292519943295,0.5555555555555556,3987,-45.191493392875785,0.6084676074621582,0.9178198267612651,0.9178805602688691,0.0
pp_primary_long,B,1.7453292519943295,0.5555555555555556,3988,-45.73301411074729,0.024847133888986545,0.9172541101340144,0.9178750220534058,0.8431031091204892
pp_primary_long,B,1.7453292519943295,0.5555555555555556,3989,-44.962852251252485,0.8574481462257474,0.9178198378055585,0.9178805625065773,0.0
pp_primary_long,B,1.7453292519943295,0.5555555555555556,3990,-45.752895687558464,0.02639016217166494,0.9172535331490592,0.9178749380878833,0.8431007017348284
pp_primary_long,B,1.7453292519943295,0.5555555555555556,3991,-45.19747427446606,0.648035458928382,0.9178195579868358,0.9178805197620328,0.0
pp_primary_long,B,1.7453292519943295,0.5555555555555556,3992,-45.83613226037967,-0.003576117691120345,0.9172539240228237,0.917875006615467,0.8431018924442627
pp_primary_long,B,1.7453292519943295,0.5555555555555556,3993,-45.78665208254882,0.0877956331242068,0.9178195839827582,0.9178805275311652,0.0
pp_primary_long,B,1.7453292519943295,0.5555555555555556,3994,-45.95176703104933,-0.04965592481781847,0.9172536657535187,0.9178749678432465,0.843100832983037
pp_primary_long,B,1.7453292519943295,0.5555555555555556,3995,-46.43954719630142,-0.5354922003169134,0.9178199843479857,0.9178805844496174,0.0
pp_primary_long,B,1.7453292519943295,0.5555555555555556,3996,-46.05220582485735,-0.0881785976614616,0.9172545046673668,0.917875094343153,0.8431041777859901
pp_primary_long,B,1.7453292519943295,0.5555555555555556,3997,-46.83259841112805,-0.9016670011979412,0.9178199834437971,0.9178805846533074,0.0
pp_primary_long,B,1.7453292519943295,0.5555555555555556,3998,-46.0976646607555,-0.09935615202138862,0.9172552789996198,0.9178752263727907,0.8431066928455228
pp_primary_long,B,1.7453292519943295,0.5555555555555556,3999,-46.775707036822766,-0.8226333295723226,0.9178202848234933,0.9178806288018537,0.0
pp_primary_long,B,1.7453292519943295,0.5555555555555556,4000,-46.076607730668684,-0.07745078574419284,0.9172549362475493,0.917875176957354,0.8431052611841083
pp_primary_long,B,1.7453292519943295,0.5555555555555556,4001,-46.309911068209736,-0.338987294758191,0.917820338411255,0.9178806427292985,0.0
pp_primary_long,B,1.7453292519943295,0.5555555555555556,4002,-46.011646070443916,-0.03370967514162859,0.9172551491215443,0.9178752197807636,0.8431057174738681
pp_primary_long,B,1.7453292519943295,0.5555555555555556,4003,-45.68627740309619,0.30083596706035953,0.9178200748172582,0.9178806000845862,0.0
pp_primary_long,B,1.7453292519943295,0.5555555555555556,4004,-45.94796978000165,0.009392993752058834,0.9172549417630194,0.9178751786099594,0.8431052502763432
pp_primary_long,B,1.7453292519943295,0.5555555555555556,4005,-45.23695615622026,0.7681762983797213,0.9178200587451844,0.9178805978245744,0.0
pp_primary_long,B,1.7453292519943295,0.5555555555555556,4006,-45.93007596966289,0.02972427626037298,0.9172541271490466,0.917875028073541,0.8431030627103911
pp_primary_long,B,1.7453292519943295,0.5555555555555556,4007,-45.204558762443455,0.8229769340350539,0.9178198786668901,0.9178805660179437,0.0
pp_primary_long,B,1.7453292519943295,0.5555555555555556,4008,-45.97897828325998,0.016834122213131672,0.9172540395380621,0.9178750232128955,0.843102406704264
pp_primary_long,B,1.7453292519943295,0.5555555555555556,4009,-45.617530244928595,0.4370895053880255,0.9178195011488933,0.9178805133011919,0.0
pp_primary_long,B,1.7453292519943295,0.5555555555555556,4010,-46.08136015911327,-0.02265424709507949,0.9172536677985502,0.9178749626582844,0.8431010624126096
pp_primary_long,B,1.7453292519943295,0.5555555555555556,4011,-46.27554929756668,-0.1912674039507712,0.9178197101994658,0.9178805452752419,0.0
pp_primary_long,B,1.7453292519943295,0.5555555555555556,4012,-46.196439323580876,-0.06845797342682694,0.9172534125571044,0.9178749264304693,0.8430999454084318
pp_primary_long,B,1.7453292519943295,0.5555555555555556,4013,-46.852417674156456,-0.7393265651210934,0.9178197370647942,0.9178805487924947,0.0
pp_primary_long,B,1.7453292519943295,0.5555555555555556,4014,-46.276900479204635,-0.09704461318328778,0.9172545832165961,0.9178751052436465,0.8431045322636841
pp_primary_long,B,1.7453292519943295,0.5555555555555556,4015,-47.063622456188185,-0.9255696228143337,0.91781990753143,0.917880570663107,0.0
pp_primary_long,B,1.7453292519943295,0.5555555555555556,4016,-46.29323263143161,-0.09373533009357868,0.9172546836973515,0.9178751292659549,0.8431045995875663
pp_primary_long,B,1.7453292519943295,0.5555555555555556,4017,-46.812478993210874,-0.6543254828368066,0.9178202982970486,0.9178806323473346,0.0
pp_primary_long,B,1.7453292519943295,0.5555555555555556,4018,-46.24884154516674,-0.06022551702811625,0.9172549872710127,0.9178751803405102,0.843105621161209
pp_primary_long,B,1.7453292519943295,0.5555555555555556,4019,-46.239804725104136,-0.06492410670124665,0.9178202054872365,0.9178806212744357,0.0
pp_primary_long,B,1.7453292519943295,0.5555555555555556,4020,-46.17834938154186,-0.013733225528507656,0.9172553510907023,0.9178752592059347,0.8431061604411212
pp_primary_long,B,1.7453292519943295,0.5555555555555556,4021,-45.651562776037544,0.5398768599522191,0.9178201884154937,0.9178806187933823,0.0
pp_primary_long,B,1.7453292519943295,0.5555555555555556,4022,-46.1297644589383,0.021863479969767147,0.917254879512289,0.9178751615705916,0.8431052964203687
pp_primary_long,B,1.7453292519943295,0.5555555555555556,4023,-45.361731713718065,0.8494068375394609,0.917820235171076,0.9178806231306722,0.0
pp_primary_long,B,1.7453292519943295,0.5555555555555556,4024,-46.13984639487524,0.0282808827413457,0.9172545235976636,0.917875103257031,0.8431040786874466
pp_primary_long,B,1.7453292519943295,0.5555555555555556,4025,-45.530988474774574,0.7046720201950755,0.9178198314318452,0.9178805594055917,0.0
pp_primary_long,B,1.7453292519943295,0.5555555555555556,4026,-46.21523239911019,0.0022190884937716843,0.9172544038729017,0.9178750769438674,0.8431038930858543
pp_primary_long,B,1.7453292519943295,0.5555555555555556,4027,-46.084202841372175,0.18001743848504775,0.9178196829710117,0.9178805415055223,0.0
pp_primary_long,B,1.7453292519943295,0.5555555555555556,4028,-46.32900407302355,-0.04293416330371536,0.9172533272985498,0.9178749125513074,0.8430996548193583
pp_primary_long,B,1.7453292519943295,0.5555555555555556,4029,-46.74900882692994,-0.4550546471550993,0.917819698480963,0.9178805433618742,0.0
pp_primary_long,B,1.7453292519943295,0.5555555555555556,4030,-46.43452530536429,-0.08398429080152489,0.9172537132389145,0.917874970346295,0.8431012167983492
pp_primary_long,B,1.7453292519943295,0.5555555555555556,4031,-47.19572686423244,-0.8743316408221411,0.9178195412972376,0.9178805189416657,0.0
pp_primary_long,B,1.7453292519943295,0.5555555555555556,4032,-46.489398953957334,-0.09984424276777602,0.9172541821351646,0.9178750448191452,0.8431029347095153
pp_primary_long,B,1.7453292519943295,0.5555555555555556,4033,-47.2066920569945,-0.8624428663183897,0.9178199529946908,0.9178805768218751,0.0
pp_primary_long,B,1.7453292519943295,0.5555555555555556,4034,-46.477245673457645,-0.08236811496418961,0.9172542983813913,0.9178750568319607,0.843103599861039
pp_primary_long,B,1.7453292519943295,0.5555555555555556,4035,-46.78808703306502,-0.4254943573171568,0.9178201228359898,0.9178806070096757,0.0
pp_primary_long,B,1.7453292519943295,0.5555555555555556,4036,-46.416111175320175,-0.04053104454641625,0.9172550866592584,0.9178752028721373,0.8431057171114905
pp_primary_long,B,1.7453292519943295,0.5555555555555556,4037,-46.16673510106394,0.21206866589938805,0.9178201177747106,0.9178806064685691,0.0
pp_primary_long,B,1.7453292519943295,0.5555555555555556,4038,-46.34922047848001,0.004170531931382629,0.9172551829358622,0.917875225055559,0.8431058189541565
pp_primary_long,B,1.7453292519943295,0.5555555555555556,4039,-45.67361711030675,0.7227476114705449,0.9178203374857811,0.9178806425336424,0.0
pp_primary_long,B,1.7453292519943295,0.5555555555555556,4040,-46.322719534242594,0.028783070084155593,0.9172548903996633,0.9178751682346592,0.8431051624162087
pp_primary_long,B,1.7453292519943295,0.5555555555555556,4041,-45.57383962586957,0.8442219740326831,0.9178202323268644,0.9178806206914404,0.0
pp_primary_long,B,1.7453292519943295,0.5555555555555556,4042,-46.362040438879745,0.020658577142286694,0.9172551186722515,0.9178752007593667,0.8431061446864055
pp_primary_long,B,1.7453292519943295,0.5555555555555556,4043,-45.930460540651666,0.5140930495769486,0.9178199130861754,0.9178805745629017,0.0
pp_primary_long,B,1.7453292519943295,0.5555555555555556,4044,-46.458787293020634,-0.016027229964828874,0.9172543154718209,0.9178750634488777,0.8431035343793962
pp_primary_long,B,1.7453292519943295,0.5555555555555556,4045,-46.57210298492611,-0.09805941395558693,0.9178199133537898,0.9178805745617254,0.0
pp_primary_long,B,1.7453292519943295,0.5555555555555556,4046,-46.575078167414304,-0.06243337367337282,0.9172535451423071,0.9178749494672617,0.8431003921159429
pp_primary_long,B,1.7453292519943295,0.5555555555555556,4047,-47.18098158914683,-0.6777908120404355,0.9178195537602174,0.9178805228353084,0.0
pp_primary_long,B,1.7453292519943295,0.5555555555555556,4048,-46.662977492203225,-0.0947188974846114,0.9172539173442743,0.9178750046395979,0.8431019077361165
pp_primary_long,B,1.7453292519943295,0.5555555555555556,4049,-47.456140132438314,-0.9273141855143717,0.9178195839072741,0.9178805235864556,0.0
pp_primary_long,B,1.7453292519943295,0.5555555555555556,4050,-46.689147679387105,-0.09630281242716911,0.9172536368944535,0.9178749541956289,0.8431010708129031
pp_primary_long,B,1.7453292519943295,0.5555555555555556,4051,-47.2680451781584,-0.718455963055036,0.9178198969216559,0.9178805707426273,0.0
pp_primary_long,B,1.7453292519943295,0.5555555555555556,4052,-46.65193818188327,-0.06636557928548403,0.9172542870399286,0.9178750517100912,0.8431036807771237
pp_primary_long,B,1.7453292519943295,0.5555555555555556,4053,-46.72512479152882,-0.15850006276941447,0.9178198964970896,0.9178805705395402,0.0
pp_primary_long,B,1.7453292519943295,0.5555555555555556,4054,-46.58228858363353,-0.020292668233782063,0.9172549020833852,0.9178751756051595,0.8431049580510644
pp_primary_long,B,1.7453292519943295,0.5555555555555556,4055,-46.11806012721519,0.4649235663257007,0.9178201334567062,0.9178806099167994,0.0
pp_primary_long,B,1.7453292519943295,0.5555555555555556,4056,-46.52777250555934,0.018253771306790956,0.9172548316759792,0.9178751601963047,0.8431048740414937
pp_primary_long,B,1.7453292519943295,0.5555555555555556,4057,-45.77049792684619,0.8315795138717557,0.9178203547187698,0.9178806435394379,0.0
pp_primary_long,B,1.7453292519943295,0.5555555555555556,4058,-46.528198785416336,0.029473752590142316,0.9172551828070067,0.9178752238510235,0.8431058812428148
pp_primary_long,B,1.7453292519943295,0.5555555555555556,4059,-45.8727693650593,0.7531273512100886,0.9178201593697147,0.917880611222871,0.0
pp_primary_long,B,1.7453292519943295,0.5555555555555556,4060,-46.595157338624716,0.007603611587325171,0.9172553456004054,0.9178752318414519,0.8431071480259515
pp_primary_long,B,1.7453292519943295,0.5555555555555556,4061,-46.384153120693796,0.26986370325192777,0.9178201676152916,0.9178806126364566,0.0
pp_primary_long,B,1.7453292519943295,0.5555555555555556,4062,-46.70606038672756,-0.036122807246640014,0.9172542556982248,0.9178750610426146,0.8431030611305208
pp_primary_long,B,1.7453292519943295,0.5555555555555556,4063,-47.05377018282526,-0.3699688452371889,0.9178199544328564,0.9178805805949539,0.0
pp_primary_long,B,1.7453292519943295,0.5555555555555556,4064,-46.815749542005136,-0.07924555385146148,0.9172541796587196,0.9178750498401369,0.8431027599433354
pp_primary_long,B,1.7453292519943295,0.5555555555555556,4065,-47.54946969809461,-0.8377106943158268,0.9178195426408741,0.9178805212252814,0.0
pp_primary_long,B,1.7453292519943295,0.5555555555555556,4066,-46.87968967091434,-0.09961435695744783,0.9172536887388263,0.9178749732455558,0.8431008677232279
pp_primary_long,B,1.7453292519943295,0.5555555555555556,4067,-47.62842727862733,-0.8930967721483637,0.9178197204000331,0.9178805448328847,0.0
pp_primary_long,B,1.7453292519943295,0.5555555555555556,4068,-46.87683681553858,-0.08676399589660952,0.9172535199343965,0.9178749271367789,0.8431009638341453
pp_primary_long,B,1.7453292519943295,0.5555555555555556,4069,-47.26189975951611,-0.5076790122906926,0.9178197071693368,0.9178805423043982,0.0
pp_primary_long,B,1.7453292519943295,0.5555555555555556,4070,-46.820461848634274,-0.04729434060319751,0.9172542930236891,0.9178750601416739,0.843103429366225
pp_primary_long,B,1.7453292519943295,0.5555555555555556,4071,-46.64995852919279,0.12056760206758554,0.9178197903968349,0.9178805529506547,0.0
pp_primary_long,B,1.7453292519943295,0.5555555555555556,4072,-46.75134319777153,-0.0014853044200334176,0.917254437089182,0.917875090011394,0.8431036916203745
pp_primary_long,B,1.7453292519943295,0.5555555555555556,4073,-46.11875289584293,0.6689324919248433,0.9178201433144167,0.9178806125264645,0.0
pp_primary_long,B,1.7453292519943295,0.5555555555555556,4074,-46.716776493192796,0.027138402878934445,0.9172546398605423,0.9178751332038958,0.8431040281673687
pp_primary_long,B,1.7453292519943295,0.5555555555555556,4075,-45.95295079407435,0.8557379251471273,0.9178201942095707,0.9178806179197302,0.0
pp_primary_long,B,1.7453292519943295,0.5555555555555556,4076,-46.74633598060757,0.023869097244565485,0.9172554585471894,0.9178752652719953,0.8431069673057042
pp_primary_long,B,1.7453292519943295,0.5555555555555556,4077,-46.24952650489758,0.5850240154952652,0.9178202148634969,0.9178806214274392,0.0
pp_primary_long,B,1.7453292519943295,0.5555555555555556,4078,-46.83663379328292,-0.00960901689694163,0.9172551020597874,0.9178751944462327,0.84310620579992
pp_primary_long,B,1.7453292519943295,0.5555555555555556,4079,-46.86794590152903,-0.004149879558814018,0.9178203539078886,0.9178806384737281,0.0
pp_primary_long,B,1.7453292519943295,0.5555555555555556,4080,-46.95310137044364,-0.05610304795004678,0.9172547152210871,0.9178751367612373,0.843104664848626
pp_primary_long,B,1.7453292519943295,0.5555555555555556,4081,-47.50235353302884,-0.6091417984891812,0.9178198925755635,0.9178805731782691,0.0
pp_primary_long,B,1.7453292519943295,0.5555555555555556,4082,-47.04771814573555,-0.09172929298579569,0.9172545129090093,0.9178751071898176,0.8431038051989309
pp_primary_long,B,1.7453292519943295,0.5555555555555556,4083,-47.83867856299796,-0.9191864345280675,0.9178197583255022,0.9178805527675368,0.0
pp_primary_long,B,1.7453292519943295,0.5555555555555556,4084,-47.08369598489173,-0.09819070216537801,0.917253504676433,0.9178749419749475,0.843100264751896
pp_primary_long,B,1.7453292519943295,0.5555555555555556,4085,-47.715970039462114,-0.7750237787003016,0.9178197329169918,0.9178805487444274,0.0
pp_primary_long,B,1.7453292519943295,0.5555555555555556,4086,-47.054343758744814,-0.07216097795153956,0.917253794824614,0.9178749733593755,0.8431019002784915
pp_primary_long,B,1.7453292519943295,0.5555555555555556,4087,-47.209066792447686,-0.25070789542267535,0.917819566425077,0.9178805183950356,0.0
pp_primary_long,B,1.7453292519943295,0.5555555555555556,4088,-46.98656333210722,-0.027017932963111738,0.9172540529202622,0.9178750219337796,0.8431025513657813
pp_primary_long,B,1.7453292519943295,0.5555555555555556,4089,-46.59015202912409,0.3844384751271357,0.9178198055423709,0.9178805572957699,0.0
pp_primary_long,B,1.7453292519943295,0.5555555555555556,4090,-46.92696701638276,0.014054245681012198,0.9172539889595797,0.9178750100741606,0.8431023662690998
pp_primary_long,B,1.7453292519943295,0.5555555555555556,4091,-46.18895741960888,0.8041611287472354,0.9178200149785035,0.9178805915203255,0.0
pp_primary_long,B,1.7453292519943295,0.5555555555555556,4092,-46.91798210437599,0.029954771828039906,0.9172546997656785,0.9178751477432484,0.8431040486567501
pp_primary_long,B,1.7453292519943295,0.5555555555555556,4093,-46.22336297317275,0.7928611331116612,0.9178200233167407,0.9178805932801579,0.0
pp_primary_long,B,1.7453292519943295,0.5555555555555556,4094,-46.97602721986645,0.012518064477473681,0.9172552525660185,0.9178752246184009,0.8431065067569891
pp_primary_long,B,1.7453292519943295,0.5555555555555556,4095,-46.68750869218781,0.3563395634438009,0.9178203673014309,0.9178806428368008,0.0
pp_primary_long,B,1.7453292519943295,0.5555555555555556,4096,-47.08308954032046,-0.029298160880854116,0.917254971076341,0.9178751789860676,0.8431055298332443
pp_primary_long,B,1.7453292519943295,0.5555555555555556,4097,-47.35478055025109,-0.28117282344869776,0.9178203018303442,0.9178806313736182,0.0
pp_primary_long,B,1.7453292519943295,0.5555555555555556,4098,-47.195983344669386,-0.07401495095511802,0.9172553244270835,0.9178752326054871,0.8431069287636338
pp_primary_long,B,1.7453292519943295,0.5555555555555556,4099,-47.894231557464536,-0.7922066116164489,0.9178199839177156,0.917880587074124,0.0
pp_primary_long,B,1.7453292519943295,0.5555555555555556,4100,-47.26853348782594,-0.09866573513609575,0.9172543980459461,0.9178750946012524,0.8431031553563901
pp_primary_long,B,1.7453292519943295,0.5555555555555556,4101,-48.04056413606084,-0.9142565909307618,0.9178199796132792,0.9178805867250388,0.0
pp_primary_long,B,1.7453292519943295,0.5555555555555556,4102,-47.275272126336795,-0.0905851608274924,0.917253816605357,0.9178749880724739,0.8431015667749476
pp_primary_long,B,1.7453292519943295,0.5555555555555556,4103,-47.73042645808167,-0.5846329354358355,0.9178196553313706,0.9178805364579365,0.0
pp_primary_long,B,1.7453292519943295,0.5555555555555556,4104,-47.224543957029056,-0.053923386275030016,0.9172540087075822,0.9178750175616845,0.8431023092522958
pp_primary_long,B,1.7453292519943295,0.5555555555555556,4105,-47.13492452176892,0.02734691834659947,0.9178196022730787,0.9178805237968481,0.0
pp_primary_long,B,1.7453292519943295,0.5555555555555556,4106,-47.15421882414858,-0.007514844956425626,0.9172537019237795,0.9178749548922753,0.8431016773852238
pp_primary_long,B,1.7453292519943295,0.5555555555555556,4107,-46.571764841394724,0.6073281643931618,0.9178198044620358,0.917880558321319,0.0
pp_primary_long,B,1.7453292519943295,0.5555555555555556,4108,-47.11221891711503,0.024805177783781787,0.9172538489765822,0.9178749931186949,0.8431016518973906
pp_primary_long,B,1.7453292519943295,0.5555555555555556,4109,-46.34202599260235,0.8573951841228433,0.9178197802556443,0.9178805544649224,0.0
pp_primary_long,B,1.7453292519943295,0.5555555555555556,4110,-47.13193980183444,0.026429179069178244,0.9172546564010945,0.9178751341622244,0.8431041447424616
pp_primary_long,B,1.7453292519943295,0.5555555555555556,4111,-46.575526643655294,0.649093151293419,0.9178200073976022,0.9178805917025585,0.0
pp_primary_long,B,1.7453292519943295,0.5555555555555556,4112,-47.21504392949595,-0.003471111174324304,0.9172546965368148,0.9178751357618529,0.843104481974775
pp_primary_long,B,1.7453292519943295,0.5555555555555556,4113,-47.16413161669693,0.08942083346289476,0.9178203712879549,0.9178806417806216,0.0
pp_primary_long,B,1.7453292519943295,0.5555555555555556,4114,-47.33065383373717,-0.049538859008314874,0.9172552788419016,0.9178752266336233,0.843106698743062
pp_primary_long,B,1.7453292519943295,0.5555555555555556,4115,-47.81730051189377,-0.534136201857953,0.9178201805007771,0.9178806150889894,0.0
pp_primary_long,B,1.7453292519943295,0.5555555555555556,4116,-47.43119092844741,-0.08810973545298348,0.9172554132406463,0.9178752502234981,0.8431071036662278
pp_primary_long,B,1.7453292519943295,0.5555555555555556,4117,-48.21132419086753,-0.9012738349602647,0.9178202266656956,0.9178806220602285,0.0
pp_primary_long,B,1.7453292519943295,0.5555555555555556,4118,-47.4768283410463,-0.09937516398705701,0.9172544089418173,0.9178750946823292,0.8431032718358968
pp_primary_long,B,1.7453292519943295,0.5555555555555556,4119,-48.15561542764863,-0.8234036823057648,0.9178200224342257,0.9178805946217417,0.0
pp_primary_long,B,1.7453292519943295,0.5555555555555556,4120,-47.45591660545572,-0.0775426483923209,0.9172543709454097,0.9178750833275118,0.8431033475830548
pp_primary_long,B,1.7453292519943295,0.5555555555555556,4121,-47.69059546058333,-0.3405280534108529,0.9178196800841228,0.9178805384795572,0.0
pp_primary_long,B,1.7453292519943295,0.5555555555555556,4122,-47.39101793240563,-0.03383245642560574,0.9172539806752282,0.9178750130299358,0.8431021954932147
pp_primary_long,B,1.7453292519943295,0.5555555555555556,4123,-47.06693639435613,0.299314298813831,0.917819741775388,0.9178805477644183,0.0
pp_primary_long,B,1.7453292519943295,0.5555555555555556,4124,-47.32725959302971,0.009309358318188465,0.9172535581244865,0.9178749289983942,0.8431012681131785
pp_primary_long,B,1.7453292519943295,0.5555555555555556,4125,-46.61680438937648,0.7674572896412193,0.9178196948500357,0.917880539432728,0.0
pp_primary_long,B,1.7453292519943295,0.5555555555555556,4126,-47.309214213148294,0.029715988230797075,0.917253967393472,0.9178750164176013,0.8431019316996881
pp_primary_long,B,1.7453292519943295,0.5555555555555556,4127,-46.58321803297915,0.823431832181029,0.9178196325180545,0.9178805333150045,0.0
pp_primary_long,B,1.7453292519943295,0.5555555555555556,4128,-47.35795389217457,0.016907187217173783,0.91725419380901,0.9178750515284703,0.8431027883206421
pp_primary_long,B,1.7453292519943295,0.5555555555555556,4129,-46.99524286738219,0.4384836674006427,0.9178200519699823,0.9178805969426497,0.0
pp_primary_long,B,1.7453292519943295,0.5555555555555556,4130,-47.460245765891656,-0.022536668054336143,0.9172544207045883,0.9178750939569164,0.8431033822696656
pp_primary_long,B,1.7453292519943295,0.5555555555555556,4131,-47.65303736264858,-0.18965078705595367,0.9178201531729622,0.9178806102456278,0.0
pp_primary_long,B,1.7453292519943295,0.5555555555555556,4132,-47.575349893157835,-0.06835295575118792,0.9172555132462615,0.9178752600720135,0.8431076899673543
pp_primary_long,B,1.7453292519943295,0.5555555555555556,4133,-48.230521819043105,-0.7383205181967403,0.9178202209873311,0.9178806200245281,0.0
pp_primary_long,B,1.7453292519943295,0.5555555555555556,4134,-47.65595605459433,-0.09701060390933475,0.917255076070674,0.9178751995604681,0.8431057551230904
pp_primary_long,B,1.7453292519943295,0.5555555555555556,4135,-48.44286331972148,-0.9256861274077623,0.9178203641906293,0.9178806431584468,0.0
pp_primary_long,B,1.7453292519943295,0.5555555555555556,4136,-47.67246029501814,-0.09378698919655883,0.9172548389151308,0.9178751607369445,0.8431049510107215
pp_primary_long,B,1.7453292519943295,0.5555555555555556,4137,-48.192802267106835,-0.6555054191865084,0.9178199883889472,0.9178805890233666,0.0
pp_primary_long,B,1.7453292519943295,0.5555555555555556,4138,-47.628196930296966,-0.06033985093055008,0.9172546779473291,0.9178751423453122,0.8431040730022531
pp_primary_long,B,1.7453292519943295,0.5555555555555556,4139,-47.620585557587006,-0.06656246074235128,0.917819864676523,0.9178805674753204,0.0
pp_primary_long,B,1.7453292519943295,0.5555555555555556,4140,-47.557706372874335,-0.013848668790313684,0.9172539362175414,0.9178749981278437,0.8431023269786484
pp_primary_long,B,1.7453292519943295,0.5555555555555556,4141,-47.03195978163464,0.5386188057259693,0.9178198283842318,0.9178805610090998,0.0
pp_primary_long,B,1.7453292519943295,0.5555555555555556,4142,-47.50899774041907,0.021808117760170304,0.9172537816744315,0.9178749749871906,0.8431017168126774
pp_primary_long,B,1.7453292519943295,0.5555555555555556,4143,-46.741083131902926,0.8491781566872175,0.9178195624239082,0.9178805182654209,0.0
pp_primary_long,B,1.7453292519943295,0.5555555555555556,4144,-47.51891318104851,0.02830867073956507,0.9172539559979356,0.9178750074060955,0.8431021653718106
pp_primary_long,B,1.7453292519943295,0.5555555555555556,4145,-46.909181137272284,0.7055900702600681,0.9178196744339332,0.9178805408284819,0.0
pp_primary_long,B,1.7453292519943295,0.5555555555555556,4146,-47.594155570581705,0.002318060641783304,0.9172536300993581,0.9178749621557749,0.8431006990468147
pp_primary_long,B,1.7453292519943295,0.5555555555555556,4147,-47.461712153243525,0.18161295402109773,0.9178199353123224,0.9178805783267535,0.0
pp_primary_long,B,1.7453292519943295,0.5555555555555556,4148,-47.707885081879326,-0.04281451911988618,0.9172545660664392,0.9178751128660266,0.8431040712803874
pp_primary_long,B,1.7453292519943295,0.5555555555555556,4149,-48.12666601534975,-0.45360591151069535,0.9178199503092282,0.9178805805700678,0.0
pp_primary_long,B,1.7453292519943295,0.5555555555555556,4150,-47.813485009430295,-0.08390348277692336,0.9172551570579699,0.9178752044636233,0.8431063404950265
pp_primary_long,B,1.7453292519943295,0.5555555555555556,4151,-48.574279847888675,-0.873772729181028,0.917820343415585,0.9178806364978035,0.0
pp_primary_long,B,1.7453292519943295,0.5555555555555556,4152,-47.86852471520644,-0.09984575504971688,0.917254952539168,0.917875174852578,0.8431054983713505
pp_primary_long,B,1.7453292519943295,0.5555555555555556,4153,-48.58643998617013,-0.8630587531470991,0.9178202851999923,0.9178806328524616,0.0
pp_primary_long,B,1.7453292519943295,0.5555555555555556,4154,-47.85653246331233,-0.08244945174723432,0.917255273793855,0.9178752366303247,0.8431062784333072
pp_primary_long,B,1.7453292519943295,0.5555555555555556,4155,-48.168702845282,-0.42696772895982493,0.9178200615752963,0.9178805987714214,0.0
pp_primary_long,B,1.7453292519943295,0.5555555555555556,4156,-47.79548917147639,-0.04065615362394048,0.917254683650546,0.9178751414672484,0.8431041493424934
pp_primary_long,B,1.7453292519943295,0.5555555555555556,4157,-47.54745552710051,0.21049236268445654,0.9178200723896334,0.9178806010185799,0.0
pp_primary_long,B,1.7453292519943295,0.5555555555555556,4158,-47.7285372042935,0.004074629870543925,0.9172541449534568,0.9178750345736438,0.8431029924001499
pp_primary_long,B,1.7453292519943295,0.5555555555555556,4159,-47.05362340045479,0.7218769181542556,0.9178198132420662,0.9178805561906206,0.0
pp_primary_long,B,1.7453292519943295,0.5555555555555556,4160,-47.7018897998482,0.028759760093204037,0.9172541702380959,0.9178750421394859,0.8431029488964803
pp_primary_long,B,1.7453292519943295,0.5555555555555556,4161,-46.952674662838305,0.8445044358349614,0.9178195827933553,0.9178805237283576,0.0
pp_primary_long,B,1.7453292519943295,0.5555555555555556,4162,-47.74103688290603,0.020721444512748308,0.9172536407972733,0.9178749513152918,0.8431012227208587
pp_primary_long,B,1.7453292519943295,0.5555555555555556,4163,-47.30827592377233,0.5153861233929364,0.9178197503907842,0.917880550979036,0.0
pp_primary_long,B,1.7453292519943295,0.5555555555555556,4164,-47.83767989565501,-0.015913047223918383,0.9172535411805133,0.9178749506350979,0.8431002782283249
pp_primary_long,B,1.7453292519943295,0.5555555555555556,4165,-47.94956828341128,-0.0964195671937828,0.9178196785937317,0.9178805406440907,0.0
pp_primary_long,B,1.7453292519943295,0.5555555555555556,4166,-47.95397836800312,-0.062323133346370706,0.9172545386602102,0.9178751039713237,0.8431041479345847
pp_primary_long,B,1.7453292519943295,0.5555555555555556,4167,-48.55894853296101,-0.6766507456432018,0.91781994602106,0.9178805780338892,0.0
pp_primary_long,B,1.7453292519943295,0.5555555555555556,4168,-48.04200324477089,-0.09467089994264608,0.9172545518027981,0.9178751072381524,0.8431041531577812
pp_primary_long,B,1.7453292519943295,0.5555555555555556,4169,-48.83520143283564,-0.9272574694431635,0.917820299174023,0.9178806310038261,0.0
pp_primary_long,B,1.7453292519943295,0.5555555555555556,4170,-48.06833844831844,-0.096337549465803,0.9172551734623732,0.9178752058021272,0.8431064575054517
pp_primary_long,B,1.7453292519943295,0.5555555555555556,4171,-48.64823575379186,-0.719511139691898,0.9178201619145058,0.9178806134046923,0.0
pp_primary_long,B,1.7453292519943295,0.5555555555555556,4172,-48.03127645592902,-0.06647200541276124,0.9172552895138637,0.9178752453679634,0.843106082783206
pp_primary_long,B,1.7453292519943295,0.5555555555555556,4173,-48.10588881527849,-0.1601228645661884,0.9178202323147818,0.9178806252737868,0.0
pp_primary_long,B,1.7453292519943295,0.5555555555555556,4174,-47.96165504055084,-0.020412602025092874,0.9172546920991109,0.9178751360960898,0.843104446664696
pp_primary_long,B,1.7453292519943295,0.5555555555555556,4175,-47.4985645151937,0.4635639254708547,0.9178201577324213,0.9178806131237001,0.0
pp_primary_long,B,1.7453292519943295,0.5555555555555556,4176,-47.90703793285181,0.018183475029825008,0.9172546124679432,0.9178751216525922,0.8431042372572869
pp_primary_long,B,1.7453292519943295,0.5555555555555556,4177,-47.15002537209625,0.8311806929022817,0.9178198134990618,0.9178805565665226,0.0
pp_primary_long,B,1.7453292519943295,0.5555555555555556,4178,-47.90729625392474,0.029487074126974072,0.9172543362135189,0.9178750625303534,0.8431037712985807
pp_primary_long,B,1.7453292519943295,0.5555555555555556,4179,-47.25111809009127,0.7538933066110907,0.9178197727569288,0.9178805536206247,0.0
pp_primary_long,B,1.7453292519943295,0.5555555555555556,4180,-47.974097904726186,0.0076943036953281835,0.9172534374280685,0.9178749240784888,0.8431002880964722
pp_primary_long,B,1.7453292519943295,0.5555555555555556,4181,-47.76171776928069,0.2714059596134745,0.9178196734916529,0.9178805382691962,0.0
pp_primary_long,B,1.7453292519943295,0.5555555555555556,4182,-48.0849431650215,-0.03600355329751295,0.9172538442169512,0.9178749957744724,0.8431015243108677
pp_primary_long,B,1.7453292519943295,0.5555555555555556,4183,-48.43135393232022,-0.36844572801928377,0.9178195468439017,0.9178805212143656,0.0
pp_primary_long,B,1.7453292519943295,0.5555555555555556,4184,-48.19469533134608,-0.07915755801173957,0.9172540146487,0.9178750212025135,0.8431021996145094
pp_primary_long,B,1.7453292519943295,0.5555555555555556,4185,-48.9278588273636,-0.8369894675970451,0.9178199910200519,0.9178805838625933,0.0
pp_primary_long,B,1.7453292519943295,0.5555555555555556,4186,-48.25878400852582,-0.09960105378033521,0.9172543350455563,0.9178750651080861,0.843103639560559
pp_primary_long,B,1.7453292519943295,0.5555555555555556,4187,-49.008005129414485,-0.8935490355588859,0.9178200715869433,0.9178805980647224,0.0
pp_primary_long,B,1.7453292519943295,0.5555555555555556,4188,-48.25609287765188,-0.08683121349483702,0.9172552400858061,0.9178752210265702,0.8431065154235536
pp_primary_long,B,1.7453292519943295,0.5555555555555556,4189,-48.64242454000998,-0.5090697884848427,0.9178201594329162,0.9178806110687974,0.0
pp_primary_long,B,1.7453292519943295,0.5555555555555556,4190,-48.199826259022515,-0.0474137280393801,0.9172550108215548,0.9178751946513691,0.843105303092717
pp_primary_long,B,1.7453292519943295,0.5555555555555556,4191,-48.03071557752269,0.11895358415428259,0.9178203357398697,0.9178806422912966,0.0
pp_primary_long,B,1.7453292519943295,0.5555555555555556,4192,-48.13067478939914,-0.0015886824884798478,0.917254905907973,0.9178751747583865,0.843105062736275
pp_primary_long,B,1.7453292519943295,0.5555555555555556,4193,-47.49890158725809,0.6679232760821513,0.9178201294048942,0.9178806070098284,0.0
pp_primary_long,B,1.7453292519943295,0.5555555555555556,4194,-48.09597971573198,0.02709953975566297,0.9172550364673049,0.9178751922378925,0.8431056580623567
pp_primary_long,B,1.7453292519943295,0.5555555555555556,4195,-47.33196309185046,0.855848671118881,0.9178199611352618,0.9178805816917514,0.0
pp_primary_long,B,1.7453292519943295,0.5555555555555556,4196,-48.12535927500689,0.023919239428653205,0.9172542422316947,0.9178750462684653,0.8431034738299767
pp_primary_long,B,1.7453292519943295,0.5555555555555556,4197,-47.62746245752182,0.5861999749106596,0.917819929577316,0.9178805752620411,0.0
pp_primary_long,B,1.7453292519943295,0.5555555555555556,4198,-48.215537846376954,-0.00949999928182406,0.917253770682215,0.9178749827353496,0.8431013214301717
pp_primary_long,B,1.7453292519943295,0.5555555555555556,4199,-48.245413907444366,-0.002510625362082186,0.917819538395837,0.9178805191800823,0.0
pp_primary_long,B,1.7453292519943295,0.5555555555555556,4200,-48.331998351547995,-0.05599045618125435,0.9172538997044495,0.9178750024403474,0.8431018114199214
pp_primary_long,B,1.7453292519943295,0.5555555555555556,4201,-48.8802036367265,-0.6078829219998929,0.9178196409664788,0.9178805341976414,0.0
pp_primary_long,B,1.7453292519943295,0.5555555555555556,4202,-48.42672675075291,-0.09167236739612657,0.9172535147218656,0.9178749401672515,0.8431004133815936
pp_primary_long,B,1.7453292519943295,0.5555555555555556,4203,-49.217565347104234,-0.9189550783798655,0.9178198675353745,0.917880566978358,0.0
pp_primary_long,B,1.7453292519943295,0.5555555555555556,4204,-48.46285949059754,-0.09821224092546436,0.9172544518513456,0.9178750802499926,0.8431041992330911
pp_primary_long,B,1.7453292519943295,0.5555555555555556,4205,-49.09601586035723,-0.7759408160864149,0.9178198858516572,0.9178805680905643,0.0
pp_primary_long,B,1.7453292519943295,0.5555555555555556,4206,-48.43365796122348,-0.07225652349851935,0.9172548723719512,0.9178751641702717,0.8431051032146378
pp_primary_long,B,1.7453292519943295,0.5555555555555556,4207,-48.58979200010602,-0.2522987249074571,0.9178202130298642,0.9178806198628812,0.0
pp_primary_long,B,1.7453292519943295,0.5555555555555556,4208,-48.365921450297776,-0.027135111093041592,0.9172548086403324,0.9178751539429035,0.8431048865445365
pp_primary_long,B,1.7453292519943295,0.5555555555555556,4209,-47.970741454893854,0.3829916297317817,0.9178202751258583,0.9178806322251722,0.0
pp_primary_long,B,1.7453292519943295,0.5555555555555556,4210,-48.306252386882015,0.013973860354570683,0.9172552140231932,0.9178752334499218,0.8431058119320972
pp_primary_long,B,1.7453292519943295,0.5555555555555556,4211,-47.568649334621604,0.803600423408566,0.9178201271619596,0.9178806076537911,0.0
pp_primary_long,B,1.7453292519943295,0.5555555555555556,4212,-48.29710941590295,0.02995371427382179,0.9172551034701022,0.9178751961683691,0.8431061473996824
pp_primary_long,B,1.7453292519943295,0.5555555555555556,4213,-47.60187222381829,0.7934710622755835,0.9178201948542551,0.9178806169120276,0.0
pp_primary_long,B,1.7453292519943295,0.5555555555555556,4214,-48.35498874054514,0.012598772077549475,0.917254337130627,0.9178750702603767,0.8431035048349147
pp_primary_long,B,1.7453292519943295,0.5555555555555556,4215,-48.06514707566858,0.35781042920661454,0.9178199169162595,0.9178805726808524,0.0
pp_primary_long,B,1.7453292519943295,0.5555555555555556,4216,-48.46197600216575,-0.029180189117146024,0.917254331877367,0.9178750707797065,0.8431034341845335
pp_primary_long,B,1.7453292519943295,0.5555555555555556,4217,-48.73231365683773,-0.2795973206617259,0.9178195912367622,0.9178805281580557,0.0
pp_primary_long,B,1.7453292519943295,0.5555555555555556,4218,-48.574920678159565,-0.07392189708482617,0.917253574022285,0.9178749537125103,0.8431004871455574
pp_primary_long,B,1.7453292519943295,0.5555555555555556,4219,-49.27247249860852,-0.791333789892823,0.9178197452867397,0.9178805497527319,0.0
pp_primary_long,B,1.7453292519943295,0.5555555555555556,4220,-48.6476099679998,-0.09864284904890472,0.9172535664558382,0.9178749430042022,0.8431008165872308
pp_primary_long,B,1.7453292519943295,0.5555555555555556,4221,-49.419972551878246,-0.9145386578757384,0.9178196457138378,0.9178805339632885,0.0
pp_primary_long,B,1.7453292519943295,0.5555555555555556,4222,-48.65450878674913,-0.09064259405871838,0.9172543625010693,0.9178750710751109,0.8431036883281772
pp_primary_long,B,1.7453292519943295,0.5555555555555556,4223,-49.110847379481434,-0.5859246703178395,0.9178198639981969,0.9178805630922766,0.0
pp_primary_long,B,1.7453292519943295,0.5555555555555556,4224,-48.603890506035306,-0.05403512430406553,0.9172543718408616,0.917875074284352,0.8431036520233655
pp_primary_long,B,1.7453292519943295,0.5555555555555556,4225,-48.515698187209,0.025710929459704657,0.917820161353365,0.9178806136272,0.0
pp_primary_long,B,1.7453292519943295,0.5555555555555556,4226,-48.53355079697606,-0.007619696780758203,0.9172548096157858,0.9178751575829369,0.8431047475199789
pp_primary_long,B,1.7453292519943295,0.5555555555555556,4227,-47.95203852274016,0.6061905550983993,0.9178201269070184,0.9178806081292952,0.0
pp_primary_long,B,1.7453292519943295,0.5555555555555556,4228,-48.49144355696074,0.02475532962781979,0.9172553047123829,0.9178752455971969,0.8431062171473169
pp_primary_long,B,1.7453292519943295,0.5555555555555556,4229,-47.721209228964355,0.8573370016570679,0.9178202375504588,0.9178806261272213,0.0
pp_primary_long,B,1.7453292519943295,0.5555555555555556,4230,-48.510988299568346,0.026466839401484477,0.9172549302795705,0.9178751687653718,0.8431055151768077
pp_primary_long,B,1.7453292519943295,0.5555555555555556,4231,-47.9535904604698,0.6501439772128842,0.9178203029121244,0.9178806309033998,0.0
pp_primary_long,B,1.7453292519943295,0.5555555555555556,4232,-48.59396041143939,-0.0033680766762674286,0.9172548620788169,0.9178751591206475,0.8431052359478276
pp_primary_long,B,1.7453292519943295,0.5555555555555556,4233,-48.541619351602634,0.09104109769093072,0.9178198858641876,0.9178805702458364,0.0
pp_primary_long,B,1.7453292519943295,0.5555555555555556,4234,-48.709546319679404,-0.049423558314733995,0.9172544982058637,0.91787509756467,0.8431040162693628
pp_primary_long,B,1.7453292519943295,0.5555555555555556,4235,-49.19505160232605,-0.5327769794492373,0.9178198298613788,0.9178805631137588,0.0
pp_primary_long,B,1.7453292519943295,0.5555555555555556,4236,-48.81018537972112,-0.08804492372393381,0.9172534722684952,0.9178749386917383,0.8431000765917728
pp_primary_long,B,1.7453292519943295,0.5555555555555556,4237,-49.59004569116447,-0.9008730312046408,0.9178196845993031,0.9178805419996905,0.0
pp_primary_long,B,1.7453292519943295,0.5555555555555556,4238,-48.85597765409716,-0.09938851217189072,0.9172538968483699,0.9178749965392803,0.8431020115299482
pp_primary_long,B,1.7453292519943295,0.5555555555555556,4239,-49.5355131889876,-0.8241711250673357,0.9178195625194232,0.9178805193696832,0.0
pp_primary_long,B,1.7453292519943295,0.5555555555555556,4240,-48.83521870039557,-0.07763187071758039,0.9172539478175983,0.9178750049428844,0.8431021691036199
pp_primary_long,B,1.7453292519943295,0.5555555555555556,4241,-49.07126893150501,-0.34206881761664715,0.9178198864958848,0.9178805683375986,0.0
pp_primary_long,B,1.7453292519943295,0.5555555555555556,4242,-48.77036747309655,-0.03394643698591657,0.9172541166555178,0.9178750256884403,0.8431030116919884
pp_primary_long,B,1.7453292519943295,0.5555555555555556,4243,-48.44759471116416,0.2977934625372149,0.9178199742538882,0.9178805840131125,0.0
pp_primary_long,B,1.7453292519943295,0.5555555555555556,4244,-48.706553719738835,0.00922364026814107,0.9172548264617836,0.9178751659994588,0.8431045851888859
pp_primary_long,B,1.7453292519943295,0.5555555555555556,4245,-47.99665037243319,0.76673938650623,0.9178200428340715,0.917880595988553,0.0
pp_primary_long,B,1.7453292519943295,0.5555555555555556,4246,-48.68836176435984,0.0297042200821013,0.9172550099267474,0.9178751890701894,0.8431055011107089
pp_primary_long,B,1.7453292519943295,0.5555555555555556,4247,-47.961887413073185,0.8238828633376184,0.917820350698353,0.9178806422051516,0.0
pp_primary_long,B,1.7453292519943295,0.5555555555555556,4248,-48.736934739218256,0.016978036445482028,0.9172549710835944,0.9178751828532795,0.8431053805500975
pp_primary_long,B,1.7453292519943295,0.5555555555555556,4249,-48.37296433292569,0.4398721521783623,0.9178202244398621,0.9178806194930125,0.0
pp_primary_long,B,1.7453292519943295,0.5555555555555556,4250,-48.8391348101425,-0.022419995255748573,0.9172553516531143,0.9178752344855814,0.8431071111071511
pp_primary_long,B,1.7453292519943295,0.5555555555555556,4251,-49.03053373801382,-0.18803978698679225,0.9178200377440504,0.9178805938411292,0.0
pp_primary_long,B,1.7453292519943295,0.5555555555555556,4252,-48.95427382099121,-0.06825299418881894,0.9172543328285122,0.9178750764985649,0.8431032080551251
pp_primary_long,B,1.7453292519943295,0.5555555555555556,4253,-49.60862576238846,-0.737309678979337,0.9178199940039127,0.9178805874713598,0.0
pp_primary_long,B,1.7453292519943295,0.5555555555555556,4254,-49.03501463665701,-0.09697798473631086,0.9172539262209,0.9178750093478724,0.843101825436219
pp_primary_long,B,1.7453292519943295,0.5555555555555556,4255,-49.822104388191356,-0.9257971163212272,0.9178195950603338,0.9178805286524627,0.0
pp_primary_long,B,1.7453292519943295,0.5555555555555556,4256,-49.05168827917545,-0.09383871970730864,0.9172539559167369,0.9178750132288225,0.8431019517876077
pp_primary_long,B,1.7453292519943295,0.5555555555555556,4257,-49.57311228836033,-0.6566825799935583,0.9178196638186965,0.9178805344280861,0.0
pp_primary_long,B,1.7453292519943295,0.5555555555555556,4258,-49.007538557382176,-0.06044876904819924,0.9172536200434573,0.9178749432854747,0.8431013190063861
pp_primary_long,B,1.7453292519943295,0.5555555555555556,4259,-49.0013634194932,-0.0682022516113252,0.9178198080619212,0.9178805578501557,0.0
pp_primary_long,B,1.7453292519943295,0.5555555555555556,4260,-48.9370420870259,-0.013955892103644604,0.917254117755349,0.9178750312688964,0.8431028158107379
pp_primary_long,B,1.7453292519943295,0.5555555555555556,4261,-48.41234836257066,0.5373619340840851,0.9178197815820185,0.9178805528384177,0.0
pp_primary_long,B,1.7453292519943295,0.5555555555555556,4262,-48.888235863083345,0.021750663892692493,0.9172545989736814,0.9178751229048443,0.8431040136616886
pp_primary_long,B,1.7453292519943295,0.5555555555555556,4263,-48.120434866030244,0.8489496058372316,0.9178200632997933,0.9178806003635399,0.0
pp_primary_long,B,1.7453292519943295,0.5555555555555556,4264,-48.89798047492069,0.028336160776175207,0.9172545970050876,0.9178751223889721,0.8431040216676684
pp_primary_long,B,1.7453292519943295,0.5555555555555556,4265,-48.28737833746243,0.7065075544351207,0.9178202875824558,0.9178806309049417,0.0
pp_primary_long,B,1.7453292519943295,0.5555555555555556,4266,-48.97308381773358,0.00241488493632476,0.9172553029171333,0.9178752365863309,0.8431065484830722
pp_primary_long,B,1.7453292519943295,0.5555555555555556,4267,-48.83922994867153,0.1832017964037561,0.9178201585517002,0.9178806117046829,0.0
pp_primary_long,B,1.7453292519943295,0.5555555555555556,4268,-49.08677025589094,-0.04269584171304435,0.917255298816017,0.9178752262347863,0.843106900213752
pp_primary_long,B,1.7453292519943295,0.5555555555555556,4269,-49.5043278909621,-0.4521602678595988,0.9178202797155055,0.917880628441948,0.0
pp_primary_long,B,1.7453292519943295,0.5555555555555556,4270,-49.19245683854121,-0.08382757056310723,0.9172544619914765,0.9178750989374329,0.8431036279055842
pp_primary_long,B,1.7453292519943295,0.5555555555555556,4271,-49.95283949031745,-0.8732101394416533,0.9178199716976584,0.9178805855351123,0.0
pp_primary_long,B,1.7453292519943295,0.5555555555555556,4272,-49.247656013911175,-0.09984929384598376,0.9172544622110249,0.9178750989372031,0.8431036322756651
pp_primary_long,B,1.7453292519943295,0.5555555555555556,4273,-49.966184621258485,-0.8636697972813164,0.9178196848977117,0.917880540993568,0.0
pp_primary_long,B,1.7453292519943295,0.5555555555555556,4274,-49.235830115166,-0.08253512887304507,0.9172537766444884,0.9178749850822518,0.8431012672353859
pp_primary_long,B,1.7453292519943295,0.5555555555555556,4275,-49.549313802519976,-0.4284399908612594,0.917819774768604,0.9178805535273408,0.0
pp_primary_long,B,1.7453292519943295,0.5555555555555556,4276,-49.17484394033227,-0.040772039925610154,0.917253671400883,0.9178749489263087,0.8431016150205697
pp_primary_long,B,1.7453292519943295,0.5555555555555556,4277,-48.9281723709573,0.20891417477983887,0.9178196577969508,0.9178805329874037,0.0
pp_primary_long,B,1.7453292519943295,0.5555555555555556,4278,-49.10784544376732,0.003981818721302308,0.9172541206756645,0.9178750365430823,0.8431026547384077
pp_primary_long,B,1.7453292519943295,0.5555555555555556,4279,-48.433620558429354,0.7210058073713697,0.9178197179688081,0.9178805442709863,0.0
pp_primary_long,B,1.7453292519943295,0.5555555555555556,4280,-49.08105359488256,0.028739005417348612,0.9172541156989497,0.9178750352915153,0.843102642238079
pp_primary_long,B,1.7453292519943295,0.5555555555555556,4281,-48.331509604037784,0.8447887725659345,0.9178200521073301,0.917880597711005,0.0
pp_primary_long,B,1.7453292519943295,0.5555555555555556,4282,-49.120034457175045,0.02078330196460791,0.9172544866221204,0.9178751095750481,0.8431034274531075
pp_primary_long,B,1.7453292519943295,0.5555555555555556,4283,-48.68609130605165,0.5166797028896141,0.9178200764918727,0.9178805997824678,0.0
pp_primary_long,B,1.7453292519943295,0.5555555555555556,4284,-49.21657246827846,-0.01579851439133792,0.9172554017701879,0.9178752464582841,0.8431071223150772
pp_primary_long,B,1.7453292519943295,0.5555555555555556,4285,-49.32703855062135,-0.09478540816149073,0.9178202548289675,0.9178806255401356,0.0
pp_primary_long,B,1.7453292519943295,0.5555555555555556,4286,-49.332884791746906,-0.062215123082831184,0.9172549816936856,0.9178751795929546,0.8431055985261333
pp_primary_long,B,1.7453292519943295,0.5555555555555556,4287,-49.93692027178446,-0.6755116298137005,0.9178203517456778,0.9178806391326295,0.0
pp_primary_long,B,1.7453292519943295,0.5555555555555556,4288,-49.421032781394075,-0.09462427974200183,0.9172550042740317,0.9178751838088409,0.8431056750047589
pp_primary_long,B,1.7453292519943295,0.5555555555555556,4289,-50.21427048884192,-0.9271986577828416,0.9178199518801857,0.9178805829458324,0.0
pp_primary_long,B,1.7453292519943295,0.5555555555555556,4290,-49.44754954635882,-0.09638014283336126,0.9172545865354569,0.9178751264556766,0.8431037780297689
pp_primary_long,B,1.7453292519943295,0.5555555555555556,4291,-50.028423030526646,-0.720561782573306,0.9178199098632182,0.9178805753188434,0.0
pp_primary_long,B,1.7453292519943295,0.5555555555555556,4292,-49.41061808877005,-0.06657974514062871,0.9172538076555637,0.9178749839673987,0.8431016182755959
pp_primary_long,B,1.7453292519943295,0.5555555555555556,4293,-49.4866572677558,-0.1617465786549258,0.9178197755753393,0.9178805540271011,0.0
pp_primary_long,B,1.7453292519943295,0.5555555555555556,4294,-49.341007554798054,-0.020527088678643834,0.9172539555109127,0.9178750040738705,0.8431023003716317
pp_primary_long,B,1.7453292519943295,0.5555555555555556,4295,-48.87906117732627,0.46220149716505093,0.9178195841187434,0.9178805205568781,0.0
pp_primary_long,B,1.7453292519943295,0.5555555555555556,4296,-49.28629626208131,0.01811600351102019,0.9172539292765938,0.9178749982651517,0.8431022449564243
pp_primary_long,B,1.7453292519943295,0.5555555555555556,4297,-48.52954959043842,0.8307800124584239,0.9178197645515515,0.9178805530434015,0.0
pp_primary_long,B,1.7453292519943295,0.5555555555555556,4298,-49.28638250169593,0.029504507776727737,0.9172537309316171,0.91787497466766,0.84310120187595
pp_primary_long,B,1.7453292519943295,0.5555555555555556,4299,-48.629461441114685,0.754663707992584,0.9178198828391526,0.9178805705266464,0.0
pp_primary_long,B,1.7453292519943295,0.5555555555555556,4300,-49.35303895718075,0.007784388752207536,0.9172546049372069,0.9178751256907685,0.8431039626257767
pp_primary_long,B,1.7453292519943295,0.5555555555555556,4301,-49.13928091543383,0.2729480548652824,0.9178199460338018,0.9178805812664204,0.0
pp_primary_long,B,1.7453292519943295,0.5555555555555556,4302,-49.4638237842928,-0.03588310308730844,0.917254956575283,0.9178751738680306,0.8431055554940958
pp_primary_long,B,1.7453292519943295,0.5555555555555556,4303,-49.80893669204116,-0.3669245227053417,0.917820358770828,0.9178806391762109,0.0
pp_primary_long,B,1.7453292519943295,0.5555555555555556,4304,-49.573640452349515,-0.0790693697234825,0.9172550096430585,0.9178751826715622,0.8431057535022006
pp_primary_long,B,1.7453292519943295,0.5555555555555556,4305,-50.30625559349863,-0.8362696759425244,0.9178202314556221,0.9178806228581514,0.0
pp_primary_long,B,1.7453292519943295,0.5555555555555556,4306,-49.63788401463113,-0.09958956744454531,0.9172553698245738,0.9178752456857625,0.84310685804537
pp_primary_long,B,1.7453292519943295,0.5555555555555556,4307,-50.387584659021954,-0.8939988436718941,0.9178200953959381,0.9178806032551904,0.0
pp_primary_long,B,1.7453292519943295,0.5555555555555556,4308,-49.63537386237175,-0.08690825729743273,0.9172544957661839,0.9178751115568176,0.8431034598050535
pp_primary_long,B,1.7453292519943295,0.5555555555555556,4309,-50.02295531480644,-0.5104577117945504,0.9178200623264701,0.9178806000536963,0.0
pp_primary_long,B,1.7453292519943295,0.5555555555555556,4310,-49.579188403185526,-0.04753214764849427,0.9172541941063939,0.9178750484254002,0.8431029453427382
pp_primary_long,B,1.7453292519943295,0.5555555555555556,4311,-49.41147627961458,0.11733772752893223,0.9178197422043373,0.9178805469054054,0.0
pp_primary_long,B,1.7453292519943295,0.5555555555555556,4312,-49.51000805769192,-0.0016927443046468177,0.9172541647804558,0.9178750425405516,0.8431028706298532
pp_primary_long,B,1.7453292519943295,0.5555555555555556,4313,-48.87904688615646,0.6669086719098586,0.9178196693016426,0.9178805357775434,0.0
pp_primary_long,B,1.7453292519943295,0.5555555555555556,4314,-49.475167937554644,0.02706678329695804,0.9172536456979962,0.9178749460026205,0.8431014677850744
pp_primary_long,B,1.7453292519943295,0.5555555555555556,4315,-48.710973809436155,0.8559586313239264,0.9178197670451372,0.9178805521354295,0.0
pp_primary_long,B,1.7453292519943295,0.5555555555555556,4316,-49.504376775722,0.023971034035342217,0.9172537585603453,0.917874984437838,0.8431011088417234
pp_primary_long,B,1.7453292519943295,0.5555555555555556,4317,-49.005390896992786,0.5873801398794809,0.9178196584540209,0.9178805371894133,0.0
pp_primary_long,B,1.7453292519943295,0.5555555555555556,4318,-49.594438037237,-0.009389417320247534,0.9172544337126631,0.9178750910433142,0.843103618287731
pp_primary_long,B,1.7453292519943295,0.5555555555555556,4319,-49.62287648444371,-0.0008698134148099057,0.9178199828557569,0.9178805856572118,0.0
pp_primary_long,B,1.7453292519943295,0.5555555555555556,4320,-49.710892329286,-0.055876864205319725,0.9172544387144479,0.9178750923538197,0.8431036181068943
pp_primary_long,B,1.7453292519943295,0.5555555555555556,4321,-50.2580513454822,-0.6066235625185565,0.9178202527271421,0.9178806238908189,0.0
pp_primary_long,B,1.7453292519943295,0.5555555555555556,4322,-49.8057244780878,-0.09161093371386467,0.9172553102060674,0.9178752265896378,0.8431069915337519
pp_primary_long,B,1.7453292519943295,0.5555555555555556,4323,-50.5964558194171,-0.9187254383331239,0.9178201515561532,0.9178806104938344,0.0
pp_primary_long,B,1.7453292519943295,0.5555555555555556,4324,-49.842038515843846,-0.09823962624760069,0.9172552163889325,0.9178752261408674,0.8431061004435741
pp_primary_long,B,1.7453292519943295,0.5555555555555556,4325,-50.47606251380798,-0.7768548777351503,0.9178202846859779,0.9178806317704062,0.0
pp_primary_long,B,1.7453292519943295,0.5555555555555556,4326,-49.812984725331795,-0.07235699515137037,0.9172546363759049,0.917875128764309,0.8431041861353311
pp_primary_long,B,1.7453292519943295,0.5555555555555556,4327,-49.970529317720995,-0.2538882690630228,0.917820070868087,0.9178806012174612,0.0
pp_primary_long,B,1.7453292519943295,0.5555555555555556,4328,-49.7452895784869,-0.02725625767569209,0.9172546470837593,0.9178751321706718,0.8431041654010989
pp_primary_long,B,1.7453292519943295,0.5555555555555556,4329,-49.35133196431842,0.3815415526105249,0.917819811994492,0.9178805575440498,0.0
pp_primary_long,B,1.7453292519943295,0.5555555555555556,4330,-49.68553976019086,0.013892984114940679,0.9172541764738937,0.9178750377869879,0.8431031515808558
pp_primary_long,B,1.7453292519943295,0.5555555555555556,4331,-48.948346533409385,0.8030325816124416,0.9178198282925909,0.9178805612109509,0.0
pp_primary_long,B,1.7453292519943295,0.5555555555555556,4332,-49.676223355030544,0.029957807633919573,0.9172536191962676,0.9178749478594086,0.8431011537267001
pp_primary_long,B,1.7453292519943295,0.5555555555555556,4333,-48.98037756478908,0.7940812541672129,0.9178196514758976,0.9178805329486994,0.0
pp_primary_long,B,1.7453292519943295,0.5555555555555556,4334,-49.733947300709346,0.01268033360180204,0.9172539667058974,0.9178750147212188,0.8431019925030471
pp_primary_long,B,1.7453292519943295,0.5555555555555556,4335,-49.442779263080524,0.35928415963553506,0.9178195980531388,0.9178805292217046,0.0
pp_primary_long,B,1.7453292519943295,0.5555555555555556,4336,-49.84085864436782,-0.029060774402934184,0.917253870328621,0.9178749997402504,0.8431016081306603
pp_primary_long,B,1.7453292519943295,0.5555555555555556,4337,-50.109836762001265,-0.27801660380646254,0.9178199900266004,0.9178805854895415,0.0
pp_primary_long,B,1.7453292519943295,0.5555555555555556,4338,-49.953847165487716,-0.07382490448233794,0.9172543796476197,0.9178750789060605,0.843103548033846
pp_primary_long,B,1.7453292519943295,0.5555555555555556,4339,-50.650711586006054,-0.7904607833794426,0.9178200125744095,0.9178805891410109,0.0
pp_primary_long,B,1.7453292519943295,0.5555555555555556,4340,-50.02667731018795,-0.09861594130053536,0.9172552743522423,0.9178752225844363,0.8431067878619543
pp_primary_long,B,1.7453292519943295,0.5555555555555556,4341,-50.799376104918295,-0.914820794303111,0.9178202196205245,0.9178806186519151,0.0
pp_primary_long,B,1.7453292519943295,0.5555555555555556,4342,-50.03375719755641,-0.09070463206207287,0.9172549191599754,0.9178751745229822,0.8431051784079209
pp_primary_long,B,1.7453292519943295,0.5555555555555556,4343,-50.4912757202099,-0.5872143027267615,0.9178203214498211,0.9178806388121693,0.0
pp_primary_long,B,1.7453292519943295,0.5555555555555556,4344,-49.98324374432095,-0.05414945595727688,0.9172550063566118,0.9178751914750467,0.8431053983405672
pp_primary_long,B,1.7453292519943295,0.5555555555555556,4345,-49.89647933799681,0.024075869254616078,0.9178200556667495,0.9178805973676701,0.0
pp_primary_long,B,1.7453292519943295,0.5555555555555556,4346,-49.9129047167111,-0.007733157962633672,0.9172548673543349,0.9178751702258141,0.843104842265845
pp_primary_long,B,1.7453292519943295,0.5555555555555556,4347,-49.33231918555495,0.6050472066071556,0.9178200015119624,0.9178805886575181,0.0
pp_primary_long,B,1.7453292519943295,0.5555555555555556,4348,-49.87066329105324,0.02470777986289159,0.917254166969065,0.9178750342443599,0.8431032014159573
pp_primary_long,B,1.7453292519943295,0.5555555555555556,4349,-49.10039992273657,0.8572724169074739,0.9178199029537667,0.9178805704341857,0.0
pp_primary_long,B,1.7453292519943295,0.5555555555555556,4350,-49.890033373557245,0.026505555816413465,0.9172539950232856,0.9178750154813463,0.8431022557791021
pp_primary_long,B,1.7453292519943295,0.5555555555555556,4351,-49.33165200811502,0.6511933322399703,0.9178195634944862,0.9178805209764107,0.0
pp_primary_long,B,1.7453292519943295,0.5555555555555556,4352,-49.9728733578136,-0.0032635038712005016,0.9172538721552846,0.9178749940891615,0.8431018521141593
pp_primary_long,B,1.7453292519943295,0.5555555555555556,4353,-49.91909989536994,0.09266561467312512,0.9178197049061688,0.9178805446106035,0.0
pp_primary_long,B,1.7453292519943295,0.5555555555555556,4354,-50.08843641710507,-0.04930784030379892,0.9172534940034573,0.9178749410631957,0.8431001774364499
pp_primary_long,B,1.7453292519943295,0.5555555555555556,4355,-50.572793523627865,-0.5314112354808902,0.9178198107609213,0.9178805594106648,0.0
pp_primary_long,B,1.7453292519943295,0.5555555555555556,4356,-50.18916208969456,-0.08797308130109924,0.9172545243446194,0.9178750977696555,0.8431042396348996
pp_primary_long,B,1.7453292519943295,0.5555555555555556,4357,-50.9687597749791,-0.9004717378251476,0.9178198902822478,0.9178805692965539,0.0
pp_primary_long,B,1.7453292519943295,0.5555555555555556,4358,-50.23512443824292,-0.09940071469930892,0.9172547727312067,0.9178751438913727,0.8431049048115513
pp_primary_long,B,1.7453292519943295,0.5555555555555556,4359,-50.91540505586191,-0.8249374799010729,0.9178202706500779,0.9178806266732624,0.0
pp_primary_long,B,1.7453292519943295,0.5555555555555556,4360,-50.214516057394114,-0.0777191857190971,0.9172548958439849,0.917875163671859,0.8431053615794457
pp_primary_long,B,1.7453292519943295,0.5555555555555556,4361,-50.45195051969162,-0.3436080636753705,0.9178202082669842,0.9178806214690441,0.0
pp_primary_long,B,1.7453292519943295,0.5555555555555556,4362,-50.149734103272564,-0.034067228672350514,0.9172552458299488,0.9178752383957413,0.8431059258599327
pp_primary_long,B,1.7453292519943295,0.5555555555555556,4363,-49.82825645594029,0.2962726910379884,0.91782013241991,0.9178806092752568,0.0
pp_primary_long,B,1.7453292519943295,0.5555555555555556,4364,-50.085863752618295,0.009131928152603885,0.917254843375132,0.9178751592761744,0.843105022222886
pp_primary_long,B,1.7453292519943295,0.5555555555555556,4365,-49.37651041839656,0.7660147924645798,0.9178201796989846,0.9178806157864081,0.0
pp_primary_long,B,1.7453292519943295,0.5555555555555556,4366,-50.06750836229712,0.029692834061445073,0.9172544241869027,0.9178750851491376,0.8431037858425283
pp_primary_long,B,1.7453292519943295,0.5555555555555556,4367,-49.34056255767885,0.824327747466637,0.9178198724100838,0.917880564892207,0.0
pp_primary_long,B,1.7453292519943295,0.5555555555555556,4368,-50.11591645368852,0.017048697162362153,0.9172544029698115,0.9178750783145407,0.8431038280215225
pp_primary_long,B,1.7453292519943295,0.5555555555555556,4369,-49.75068751853023,0.44125740578520906,0.9178196725854909,0.9178805391361862,0.0
pp_primary_long,B,1.7453292519943295,0.5555555555555556,4370,-50.21802412876181,-0.022303452498437557,0.9172535474702102,0.9178749443444071,0.8431005808082759
pp_primary_long,B,1.7453292519943295,0.5555555555555556,4371,-50.40802212830424,-0.18642197658386006,0.9178197504770732,0.9178805504873637,0.0
pp_primary_long,B,1.7453292519943295,0.5555555555555556,4372,-50.333191319751464,-0.06815097765157559,0.9172536694967912,0.9178749664419619,0.8431009310013795
pp_primary_long,B,1.7453292519943295,0.5555555555555556,4373,-50.98672255276634,-0.736293494515815,0.9178195990387397,0.9178805282127591,0.0
pp_primary_long,B,1.7453292519943295,0.5555555555555556,4374,-50.41406145402667,-0.09694055756919785,0.9172543017813855,0.9178750641486717,0.84310335937988
pp_primary_long,B,1.7453292519943295,0.5555555555555556,4375,-51.201331197514904,-0.9259057591712875,0.917819925563855,0.917880572946563,0.0
pp_primary_long,B,1.7453292519943295,0.5555555555555556,4376,-50.43090616413632,-0.09388654249242623,0.9172543245905278,0.9178750648931683,0.8431035470893251
pp_primary_long,B,1.7453292519943295,0.5555555555555556,4377,-50.9534214910754,-0.6578592003815611,0.91782014935643,0.9178806101272279,0.0
pp_primary_long,B,1.7453292519943295,0.5555555555555556,4378,-50.386870852077735,-0.06055396789990092,0.9172550166170279,0.9178751855559855,0.8431056925608276
pp_primary_long,B,1.7453292519943295,0.5555555555555556,4379,-50.38214093503931,-0.06984014939050937,0.917820105915753,0.9178806041190191,0.0
pp_primary_long,B,1.7453292519943295,0.5555555555555556,4380,-50.316399509086494,-0.014071722824626084,0.9172551485634973,0.9178752208384701,0.8431056396195655
pp_primary_long,B,1.7453292519943295,0.5555555555555556,4381,-49.79274478125444,0.536103555034227,0.9178202645515285,0.917880630868801,0.0
pp_primary_long,B,1.7453292519943295,0.5555555555555556,4382,-50.26748003828315,0.02169099600169025,0.9172548158503019,0.9178751545225822,0.8431049465471351
pp_primary_long,B,1.7453292519943295,0.5555555555555556,4383,-49.49979928341123,0.848715718942683,0.9178202155981792,0.9178806191149588,0.0
pp_primary_long,B,1.7453292519943295,0.5555555555555556,4384,-50.27705579028023,0.028360428961726428,0.9172549271892072,0.9178751721071802,0.8431053668495428
pp_primary_long,B,1.7453292519943295,0.5555555555555556,4385,-49.66558342366967,0.7074168917334658,0.9178199005709736,0.9178805714806527,0.0
pp_primary_long,B,1.7453292519943295,0.5555555555555556,4386,-50.35201292958549,0.002511900161664485,0.9172544367960831,0.917875080895266,0.8431040451070226
pp_primary_long,B,1.7453292519943295,0.5555555555555556,4387,-50.216750084770695,0.18478882288515763,0.9178198924472156,0.9178805712313489,0.0
pp_primary_long,B,1.7453292519943295,0.5555555555555556,4388,-50.46565953361295,-0.04257918215586515,0.9172535772358107,0.9178749535053309,0.8431005369939444
pp_primary_long,B,1.7453292519943295,0.5555555555555556,4389,-50.881985871957184,-0.45070805309821355,0.9178196421721251,0.9178805349965312,0.0
pp_primary_long,B,1.7453292519943295,0.5555555555555556,4390,-50.57142169090124,-0.08374892850891144,0.9172539584568167,0.9178750111722662,0.8431020517233537
pp_primary_long,B,1.7453292519943295,0.5555555555555556,4391,-51.3313884961276,-0.8726422566247671,0.917819582962826,0.9178805245168749,0.0
pp_primary_long,B,1.7453292519943295,0.5555555555555556,4392,-50.626783206325285,-0.0998513208599,0.9172537893139355,0.9178749826057268,0.8431014721912361
pp_primary_long,B,1.7453292519943295,0.5555555555555556,4393,-51.345917416691556,-0.8642778915320005,0.9178199194498846,0.9178805734055698,0.0
pp_primary_long,B,1.7453292519943295,0.5555555555555556,4394,-50.61510337932722,-0.08261117779200232,0.9172542593911603,0.9178750477587864,0.8431035597661249
pp_primary_long,B,1.7453292519943295,0.5555555555555556,4395,-50.92992210330239,-0.4299120636029057,0.9178199368156825,0.9178805770174998,0.0
pp_primary_long,B,1.7453292519943295,0.5555555555555556,4396,-50.55419931617759,-0.040888259800587363,0.9172549189996766,0.9178751752158828,0.843105133518522
pp_primary_long,B,1.7453292519943295,0.5555555555555556,4397,-50.3088845482912,0.20733739862869338,0.9178201020207315,0.9178806035340716,0.0
pp_primary_long,B,1.7453292519943295,0.5555555555555556,4398,-50.48716262121318,0.0038855470424353777,0.9172548462624375,0.9178751627864623,0.8431049104413499
pp_primary_long,B,1.7453292519943295,0.5555555555555556,4399,-49.813628664039165,0.7201334224684888,0.917820311610699,0.9178806375962354,0.0
pp_primary_long,B,1.7453292519943295,0.5555555555555556,4400,-50.460225989608304,0.028714642940040724,0.9172550022899743,0.9178751929751208,0.843105294902403
pp_primary_long,B,1.7453292519943295,0.5555555555555556,4401,-49.710352824501825,0.8450682201951505,0.9178201502998392,0.9178806093292652,0.0
pp_primary_long,B,1.7453292519943295,0.5555555555555556,4402,-50.49904027452845,0.020842313493653855,0.9172552440412726,0.9178752187115278,0.843106656854683
pp_primary_long,B,1.7453292519943295,0.5555555555555556,4403,-50.063917362741435,0.5179642898696765,0.9178200916738126,0.9178806013771781,0.0
pp_primary_long,B,1.7453292519943295,0.5555555555555556,4404,-50.59546926415124,-0.015685418018233033,0.9172543203883189,0.9178750676973676,0.8431034231282151
pp_primary_long,B,1.7453292519943295,0.5555555555555556,4405,-50.70451163916481,-0.09315103559586385,0.9178199866699953,0.9178805842978619,0.0
pp_primary_long,B,1.7453292519943295,0.5555555555555556,4406,-50.71179377920079,-0.062108318301720256,0.9172540997739358,0.917875036685786,0.8431024715121939
pp_primary_long,B,1.7453292519943295,0.5555555555555556,4407,-51.31489147419027,-0.6743678825061218,0.9178195796259702,0.9178805264767183,0.0
pp_primary_long,B,1.7453292519943295,0.5555555555555556,4408,-50.80006616298596,-0.09457909449668786,0.9172538610468761,0.9178749996681637,0.8431015360271388
pp_primary_long,B,1.7453292519943295,0.5555555555555556,4409,-51.59332646013519,-0.9271333404779044,0.9178197143373702,0.9178805437984244,0.0
pp_primary_long,B,1.7453292519943295,0.5555555555555556,4410,-50.82675017525177,-0.09641881783000815,0.917253559024191,0.917874939284875,0.8431008778743428
pp_primary_long,B,1.7453292519943295,0.5555555555555556,4411,-51.40860523180232,-0.7216107556527307,0.9178197705962811,0.9178805522862872,0.0
pp_primary_long,B,1.7453292519943295,0.5555555555555556,4412,-50.78993728535542,-0.06667859931747565,0.9172543155781276,0.9178750609814806,0.8431036106106761
pp_primary_long,B,1.7453292519943295,0.5555555555555556,4413,-50.86741512344899,-0.16336994500239715,0.9178198110859199,0.917880555799586,0.0
pp_primary_long,B,1.7453292519943295,0.5555555555555556,4414,-50.72036123091674,-0.020642111840737318,0.9172545345465156,0.9178751074545498,0.8431039729847218
pp_primary_long,B,1.7453292519943295,0.5555555555555556,4415,-50.25955757560064,0.46083935233725837,0.9178201211103045,0.9178806079955143,0.0
pp_primary_long,B,1.7453292519943295,0.5555555555555556,4416,-50.66555262018413,0.018049166248800624,0.9172546255690129,0.9178751265063755,0.8431041406276593
pp_primary_long,B,1.7453292519943295,0.5555555555555556,4417,-49.909079239101274,0.8303799617358193,0.9178202000511766,0.9178806189624081,0.0
pp_primary_long,B,1.7453292519943295,0.5555555555555556,4418,-50.66548213838933,0.029516460706527123,0.9172552666720031,0.9178752372473544,0.8431061662097183
pp_primary_long,B,1.7453292519943295,0.5555555555555556,4419,-50.00781297603676,0.7554279377001918,0.9178201553865095,0.9178806121326614,0.0
pp_primary_long,B,1.7453292519943295,0.5555555555555556,4420,-50.73198413947141,0.007873421037512734,0.9172551137988196,0.9178751956194275,0.8431062659062211
pp_primary_long,B,1.7453292519943295,0.5555555555555556,4421,-50.516853090219,0.27448367173616806,0.9178202935662596,0.9178806298941085,0.0
pp_primary_long,B,1.7453292519943295,0.5555555555555556,4422,-50.84271029467973,-0.03576508855113844,0.9172545820114781,0.9178751145814662,0.8431041998175537
pp_primary_long,B,1.7453292519943295,0.5555555555555556,4423,-51.18652601948618,-0.36540384324557296,0.9178199346433628,0.9178805778770095,0.0
pp_primary_long,B,1.7453292519943295,0.5555555555555556,4424,-50.95259058661868,-0.07898287027280819,0.9172545348701827,0.9178751070465245,0.8431040196270991
pp_primary_long,B,1.7453292519943295,0.5555555555555556,4425,-51.68464947807823,-0.8355452876124,0.9178197293354838,0.9178805483200307,0.0
pp_primary_long,B,1.7453292519943295,0.5555555555555556,4426,-51.01699586859491,-0.0995829247591545,0.9172536237761226,0.9178749633783674,0.8431006029725217
pp_primary_long,B,1.7453292519943295,0.5555555555555556,4427,-51.767157826970816,-0.8944426069635097,0.9178197704297566,0.9178805538455703,0.0
pp_primary_long,B,1.7453292519943295,0.5555555555555556,4428,-51.014636413773886,-0.0869780600992619,0.9172537724509986,0.9178749711619446,0.8431017558043595
pp_primary_long,B,1.7453292519943295,0.5555555555555556,4429,-51.40348007050046,-0.511844962282687,0.9178196174999883,0.9178805274423757,0.0
pp_primary_long,B,1.7453292519943295,0.5555555555555556,4430,-50.95854142056875,-0.04764702414651477,0.9172541571999182,0.9178750399223271,0.8431028777173055
pp_primary_long,B,1.7453292519943295,0.5555555555555556,4431,-50.79222592018525,0.11572114388349275,0.9178198120743474,0.9178805568032292,0.0
pp_primary_long,B,1.7453292519943295,0.5555555555555556,4432,-50.88932882700491,-0.0017918705300204174,0.9172541138057165,0.9178750296735373,0.8431028339044531
pp_primary_long,B,1.7453292519943295,0.5555555555555556,4433,-50.25919345321381,0.6658948451445499,0.917820038593601,0.9178805950379475,0.0
pp_primary_long,B,1.7453292519943295,0.5555555555555556,4434,-50.854357589678905,0.02703297949808675,0.917254624154066,0.9178751325169542,0.8431038906205693
pp_primary_long,B,1.7453292519943295,0.5555555555555556,4435,-50.08998396492575,0.8560695905930625,0.9178200334847921,0.9178805938906917,0.0
pp_primary_long,B,1.7453292519943295,0.5555555555555556,4436,-50.883402494877245,0.02401978343459807,0.9172552083324796,0.9178752204550782,0.8431062306597377
pp_primary_long,B,1.7453292519943295,0.5555555555555556,4437,-50.38332726073777,0.5885547725743869,0.9178202754328029,0.9178806300501359,0.0
pp_primary_long,B,1.7453292519943295,0.5555555555555556,4438,-50.97334177581811,-0.009280126250011067,0.9172549046160523,0.9178751671601166,0.8431053232384753
pp_primary_long,B,1.7453292519943295,0.5555555555555556,4439,-51.00034613479497,0.0007669595260924034,0.917820302079956,0.9178806306077697,0.0
pp_primary_long,B,1.7453292519943295,0.5555555555555556,4440,-51.0897886071327,-0.05576399136961768,0.917255144147137,0.9178752032383393,0.8431062878445872
pp_primary_long,B,1.7453292519943295,0.5555555555555556,4441,-51.63590652442211,-0.6053660997594954,0.9178199591646987,0.917880582699036,0.0
pp_primary_long,B,1.7453292519943295,0.5555555555555556,4442,-51.18473765815032,-0.09155530762346228,0.9172545088765459,0.9178751082139078,0.8431037094962767
pp_primary_long,B,1.7453292519943295,0.5555555555555556,4443,-51.97534316777827,-0.9184901039084252,0.9178199552969986,0.9178805820039183,0.0
pp_primary_long,B,1.7453292519943295,0.5555555555555556,4444,-51.2212232022821,-0.09826943098740482,0.9172537798253855,0.9178749848015738,0.8431013199796504
pp_primary_long,B,1.7453292519943295,0.5555555555555556,4445,-51.85611073864151,-0.7777649427548776,0.9178197063838759,0.9178805448181296,0.0
pp_primary_long,B,1.7453292519943295,0.5555555555555556,4446,-51.19230265382661,-0.07245394772734123,0.9172540316274264,0.9178750204068542,0.8431024161374214
pp_primary_long,B,1.7453292519943295,0.5555555555555556,4447,-51.35125618701957,-0.2554778277359182,0.9178196164041519,0.9178805260015501,0.0
pp_primary_long,B,1.7453292519943295,0.5555555555555556,4448,-51.12464923934276,-0.02737403531190971,0.9172538415883974,0.9178749822929766,0.8431019931021111
pp_primary_long,B,1.7453292519943295,0.5555555555555556,4449,-50.731918953943655,0.38008910611287705,0.9178198271073194,0.9178805610564854,0.0
pp_primary_long,B,1.7453292519943295,0.5555555555555556,4450,-51.0648087766312,0.013819152884137181,0.9172539264321751,0.9178750007826505,0.8431021094213013
pp_primary_long,B,1.7453292519943295,0.5555555555555556,4451,-50.328039196923925,0.8024668108396406,0.9178198453296662,0.9178805638073773,0.0
pp_primary_long,B,1.7453292519943295,0.5555555555555556,4452,-51.055342192069006,0.0299595982885751,0.9172546312172345,0.9178751316776579,0.8431039909669189
pp_primary_long,B,1.7453292519943295,0.5555555555555556,4453,-50.358882048166834,0.7946914244698904,0.9178199762255466,0.9178805865667039,0.0
pp_primary_long,B,1.7453292519943295,0.5555555555555556,4454,-51.112906818452096,0.012761680170899223,0.9172547580758372,0.9178751449694236,0.843104725128261
pp_primary_long,B,1.7453292519943295,0.5555555555555556,4455,-50.82041477555484,0.3607559248910361,0.9178203287157205,0.9178806361455225,0.0
pp_primary_long,B,1.7453292519943295,0.5555555555555556,4456,-51.219742399082946,-0.028941967232788524,0.9172550624510731,0.9178751942327834,0.8431058236141946
pp_primary_long,B,1.7453292519943295,0.5555555555555556,4457,-51.48736728407705,-0.27644017939026905,0.9178201806745013,0.9178806142236322,0.0
pp_primary_long,B,1.7453292519943295,0.5555555555555556,4458,-51.33277653732321,-0.07372846698238565,0.9172553819232028,0.91787524155036,0.8431071255784494
pp_primary_long,B,1.7453292519943295,0.5555555555555556,4459,-52.02895354427682,-0.7895885053925531,0.9178201534097644,0.9178806106849265,0.0
pp_primary_long,B,1.7453292519943295,0.5555555555555556,4460,-51.405763260502354,-0.09859639430230577,0.9172544166069688,0.917875095148778,0.8431033158830419
pp_primary_long,B,1.7453292519943295,0.5555555555555556,4461,-52.17878383367777,-0.9150979345391475,0.9178200384540433,0.9178805957956588,0.0
pp_primary_long,B,1.7453292519943295,0.5555555555555556,4462,-51.413007106823514,-0.09076722575012765,0.9172542838638404,0.9178750672459871,0.8431031008032779
pp_primary_long,B,1.7453292519943295,0.5555555555555556,4463,-51.87170454983149,-0.5885012466447559,0.9178196916746589,0.9178805411619549,0.0
pp_primary_long,B,1.7453292519943295,0.5555555555555556,4464,-51.36260350751556,-0.05426636011412743,0.9172540484144758,0.9178750275580225,0.8431022997577051
pp_primary_long,B,1.7453292519943295,0.5555555555555556,4465,-51.277254625780714,0.02243885987768668,0.9178197377185229,0.917880546339115,0.0
pp_primary_long,B,1.7453292519943295,0.5555555555555556,4466,-51.29223998910419,-0.00783912710435243,0.9172536659852503,0.9178749473914912,0.8431016115110874
pp_primary_long,B,1.7453292519943295,0.5555555555555556,4467,-50.71259919603403,0.60390131070689,0.9178197546156204,0.9178805489591024,0.0
pp_primary_long,B,1.7453292519943295,0.5555555555555556,4468,-51.24987342808163,0.02466359320747663,0.9172539939515177,0.9178750182845565,0.8431021117165468
pp_primary_long,B,1.7453292519943295,0.5555555555555556,4469,-50.479582804170576,0.857209152393733,0.9178196841449876,0.9178805395905304,0.0
pp_primary_long,B,1.7453292519943295,0.5555555555555556,4470,-51.269077223417085,0.026544742734460322,0.9172543273384431,0.9178750737552714,0.8431032392304619
pp_primary_long,B,1.7453292519943295,0.5555555555555556,4471,-50.70971206847425,0.652243876139335,0.9178200157450472,0.9178805920606449,0.0
pp_primary_long,B,1.7453292519943295,0.5555555555555556,4472,-51.351785413933506,-0.003158931871927048,0.917254392708194,0.917875089521087,0.8431032770811125
pp_primary_long,B,1.7453292519943295,0.5555555555555556,4473,-51.29657991023244,0.09429065705384665,0.9178201769262514,0.917880613402367,0.0
pp_primary_long,B,1.7453292519943295,0.5555555555555556,4474,-51.467321406849834,-0.04918991626331194,0.9172553438847046,0.9178752350105788,0.8431069952306698
pp_primary_long,B,1.7453292519943295,0.5555555555555556,4475,-51.95053971488382,-0.530049820171216,0.9178201617383064,0.9178806115473999,0.0
pp_primary_long,B,1.7453292519943295,0.5555555555555556,4476,-51.56814735116985,-0.08790422604095981,0.9172551204553924,0.9178752035762174,0.8431060255834175
pp_primary_long,B,1.7453292519943295,0.5555555555555556,4477,-52.34747526011885,-0.900069245688389,0.9178203225018139,0.9178806355001375,0.0
pp_primary_long,B,1.7453292519943295,0.5555555555555556,4478,-51.614279816811006,-0.0994163215679304,0.9172547055274525,0.9178751381440302,0.8431045016743337
pp_primary_long,B,1.7453292519943295,0.5555555555555556,4479,-52.2953060187144,-0.8257005728380824,0.9178200010772966,0.9178805907058796,0.0
pp_primary_long,B,1.7453292519943295,0.5555555555555556,4480,-51.593826978292626,-0.07781176021699303,0.9172546468823404,0.9178751343718574,0.8431040701081988
pp_primary_long,B,1.7453292519943295,0.5555555555555556,4481,-51.83262985044966,-0.3451455225502049,0.9178198317153545,0.9178805620947375,0.0
pp_primary_long,B,1.7453292519943295,0.5555555555555556,4482,-51.52910634902159,-0.034190109584332204,0.9172539824572837,0.9178750111520487,0.8431022752076632
pp_primary_long,B,1.7453292519943295,0.5555555555555556,4483,-51.20892240193914,0.29474786772767764,0.9178198366829381,0.9178805627396095,0.0
pp_primary_long,B,1.7453292519943295,0.5555555555555556,4484,-51.46515660529405,0.009046951072420886,0.9172538049465431,0.9178749759454815,0.8431018945663702
pp_primary_long,B,1.7453292519943295,0.5555555555555556,4485,-50.75636646748022,0.7652876688863005,0.9178196356599587,0.9178805289765529,0.0
pp_primary_long,B,1.7453292519943295,0.5555555555555556,4486,-51.44665108453913,0.029682797098805364,0.9172540427582772,0.917875023117165,0.8431024079141554
pp_primary_long,B,1.7453292519943295,0.5555555555555556,4487,-50.71923301611456,0.8247722843442497,0.9178196817883233,0.9178805409096182,0.0
pp_primary_long,B,1.7453292519943295,0.5555555555555556,4488,-51.494891942048355,0.017121679826969854,0.9172538166503484,0.9178749894056469,0.8431014756192696
pp_primary_long,B,1.7453292519943295,0.5555555555555556,4489,-51.128405099149134,0.4426471449960135,0.9178199640534547,0.9178805827353375,0.0
pp_primary_long,B,1.7453292519943295,0.5555555555555556,4490,-51.59690984909211,-0.022185969137653194,0.9172544378356965,0.9178750957092114,0.8431034752742443
pp_primary_long,B,1.7453292519943295,0.5555555555555556,4491,-51.785508768903235,-0.18480384580459902,0.9178199641857359,0.9178805827338337,0.0
pp_primary_long,B,1.7453292519943295,0.5555555555555556,4492,-51.71210278746659,-0.06804613992342802,0.9172551791223956,0.9178752072885745,0.8431064435625568
pp_primary_long,B,1.7453292519943295,0.5555555555555556,4493,-52.36481658590949,-0.7352790608195392,0.9178202692965126,0.9178806257317974,0.0
pp_primary_long,B,1.7453292519943295,0.5555555555555556,4494,-51.793113118980976,-0.09690502920599536,0.9172548887327067,0.9178751651738747,0.8431052383953094
pp_primary_long,B,1.7453292519943295,0.5555555555555556,4495,-52.58056386250624,-0.926013299107058,0.9178202917918263,0.9178806323560194,0.0
pp_primary_long,B,1.7453292519943295,0.5555555555555556,4496,-51.81012824131871,-0.09393582304756481,0.917255150496981,0.9178752114007507,0.843106034717802
pp_primary_long,B,1.7453292519943295,0.5555555555555556,4497,-52.333735164077765,-0.659033086667863,0.9178200289065357,0.9178805936918196,0.0
pp_primary_long,B,1.7453292519943295,0.5555555555555556,4498,-51.7662279211756,-0.060668899900060407,0.9172546816647963,0.9178751427784198,0.8431040752660034
pp_primary_long,B,1.7453292519943295,0.5555555555555556,4499,-51.762922490239546,-0.07147816190018319,0.9178200289660374,0.9178805937955565,0.0
pp_primary_long,B,1.7453292519943295,0.5555555555555556,4500,-51.695753787593034,-0.014186126401148746,0.9172541165638605,0.917875030584445,0.8431028542851119
pp_primary_long,B,1.7453292519943295,0.5555555555555556,4501,-51.17314819357497,0.534840578039564,0.9178198419314733,0.9178805617577783,0.0
pp_primary_long,B,1.7453292519943295,0.5555555555555556,4502,-51.64672051738334,0.02163263550964553,0.9172541395759648,0.9178750378066426,0.8431028078160405
pp_primary_long,B,1.7453292519943295,0.5555555555555556,4503,-50.879160628848354,0.8484772847376592,0.9178196157278435,0.9178805272296429,0.0
pp_primary_long,B,1.7453292519943295,0.5555555555555556,4504,-51.65612351021969,0.028387873789747747,0.9172538408267236,0.9178749831291235,0.843101956538271
pp_primary_long,B,1.7453292519943295,0.5555555555555556,4505,-51.04378575573296,0.7083266909187809,0.9178197621236676,0.9178805526757575,0.0
pp_primary_long,B,1.7453292519943295,0.5555555555555556,4506,-51.73093774115043,0.0026100405074032107,0.917253598648377,0.9178749584243099,0.8431005358310713
pp_primary_long,B,1.7453292519943295,0.5555555555555556,4507,-51.594262697774695,0.1863816079829726,0.9178197569855313,0.9178805516819931,0.0
pp_primary_long,B,1.7453292519943295,0.5555555555555556,4508,-51.84454073066732,-0.042459386375963235,0.9172545186353698,0.9178751032066976,0.8431039786383544
pp_primary_long,B,1.7453292519943295,0.5555555555555556,4509,-52.25963801957016,-0.44925493968267893,0.9178199087995209,0.9178805736420866,0.0
pp_primary_long,B,1.7453292519943295,0.5555555555555556,4510,-51.95038331520396,-0.08366891315132707,0.9172546265438344,0.9178751201726231,0.8431043847803477
pp_primary_long,B,1.7453292519943295,0.5555555555555556,4511,-52.709932520399335,-0.8720736222951216,0.9178202849087215,0.91788062800957,0.0
pp_primary_long,B,1.7453292519943295,0.5555555555555556,4512,-52.005901925998884,-0.09984993787914748,0.9172550254351945,0.9178751816251778,0.8431059352134245
pp_primary_long,B,1.7453292519943295,0.5555555555555556,4513,-52.72565592299651,-0.8648856441575411,0.9178201620878915,0.9178806131090267,0.0
pp_primary_long,B,1.7453292519943295,0.5555555555555556,4514,-51.99439063401942,-0.0826925726901805,0.9172552638372173,0.9178752363826591,0.8431061717084808
pp_primary_long,B,1.7453292519943295,0.5555555555555556,4515,-52.31053089532839,-0.43138155417113694,0.9178201714351713,0.9178806148630091,0.0
pp_primary_long,B,1.7453292519943295,0.5555555555555556,4516,-51.93357221228049,-0.04101129418185221,0.9172546504569719,0.9178751316049542,0.8431042013900913
pp_primary_long,B,1.7453292519943295,0.5555555555555556,4517,-51.68960906979682,0.20575892655519762,0.9178201328705676,0.9178806100143212,0.0
pp_primary_long,B,1.7453292519943295,0.5555555555555556,4518,-51.86648142144666,0.003788626791620453,0.9172544969494143,0.9178751010871657,0.8431038853694467
pp_primary_long,B,1.7453292519943295,0.5555555555555556,4519,-51.19364092334284,0.7192558557621802,0.9178198305791428,0.9178805590256743,0.0
pp_primary_long,B,1.7453292519943295,0.5555555555555556,4520,-51.83940057293253,0.028689607830061623,0.9172543589867183,0.9178750699925575,0.8431037069278173
pp_primary_long,B,1.7453292519943295,0.5555555555555556,4521,-51.08919927755852,0.8453410382485005,0.9178197563886619,0.9178805505429475,0.0
pp_primary_long,B,1.7453292519943295,0.5555555555555556,4522,-51.878037953054296,0.020904545414915918,0.917253606050404,0.9178749472427129,0.84310103909159
pp_primary_long,B,1.7453292519943295,0.5555555555555556,4523,-51.44173937809651,0.5192514893610978,0.9178197418386093,0.9178805479695856,0.0
pp_primary_long,B,1.7453292519943295,0.5555555555555556,4524,-51.97436286693038,-0.01557156615062004,0.9172538203141484,0.9178749933358749,0.8431013768306845
pp_primary_long,B,1.7453292519943295,0.5555555555555556,4525,-52.08197815544568,-0.09151204876288799,0.9178195902349234,0.9178805275688995,0.0
pp_primary_long,B,1.7453292519943295,0.5555555555555556,4526,-52.09069657332901,-0.06199896248737467,0.9172541720209128,0.9178750464777576,0.843102766812216
pp_primary_long,B,1.7453292519943295,0.5555555555555556,4527,-52.692851104800184,-0.6732203924678826,0.9178199634292946,0.917880580309,0.0
pp_primary_long,B,1.7453292519943295,0.5555555555555556,4528,-52.17909004969125,-0.09453037944648895,0.9172542949537397,0.9178750629789523,0.8431033301681747
pp_primary_long,B,1.7453292519943295,0.5555555555555556,4529,-52.972380286198174,-0.9270672145273857,0.9178201068405315,0.9178806028618971,0.0
pp_primary_long,B,1.7453292519943295,0.5555555555555556,4530,-52.20593881349748,-0.09645250632013058,0.9172551754809342,0.9178752065564626,0.8431064356353187
pp_primary_long,B,1.7453292519943295,0.5555555555555556,4531,-52.78878499492973,-0.7226588578466,0.9178201243904923,0.9178806055218454,0.0
pp_primary_long,B,1.7453292519943295,0.5555555555555556,4532,-52.169274261104746,-0.06678443309235557,0.9172550233201501,0.9178751966074822,0.8431053436317842
pp_primary_long,B,1.7453292519943295,0.5555555555555556,4533,-52.24817838900286,-0.16499182467402002,0.9178202894860423,0.9178806340785454,0.0
pp_primary_long,B,1.7453292519943295,0.5555555555555556,4534,-52.09972154507612,-0.020759693432023718,0.917254800084414,0.9178751549217297,0.843104778309264
pp_primary_long,B,1.7453292519943295,0.5555555555555556,4535,-51.640065200022136,0.4594755258947109,0.9178201206319001,0.917880606498024,0.0
pp_primary_long,B,1.7453292519943295,0.5555555555555556,4536,-52.04482302678941,0.017976743594883646,0.9172548980347313,0.9178751722434737,0.8431050695466293
pp_primary_long,B,1.7453292519943295,0.5555555555555556,4537,-51.288615180928986,0.8299725288700295,0.9178199264708656,0.9178805756469096,0.0
pp_primary_long,B,1.7453292519943295,0.5555555555555556,4538,-52.044580030104335,0.029529575657183324,0.9172543286331754,0.9178750604971552,0.8431037657359403
pp_primary_long,B,1.7453292519943295,0.5555555555555556,4539,-51.38617082733487,0.756186291292563,0.9178199230024172,0.917880574648874,0.0
pp_primary_long,B,1.7453292519943295,0.5555555555555556,4540,-52.11092709103547,0.007962993545285235,0.917253768768693,0.917874980300809,0.8431013827351186
pp_primary_long,B,1.7453292519943295,0.5555555555555556,4541,-51.89442251072344,0.27602159841384216,0.9178196220267099,0.917880530320912,0.0
pp_primary_long,B,1.7453292519943295,0.5555555555555556,4542,-52.2215936515462,-0.03564583147125313,0.9172539945492639,0.9178750173458101,0.8431021627593225
pp_primary_long,B,1.7453292519943295,0.5555555555555556,4543,-52.564107101002534,-0.3638782718610738,0.9178196306000211,0.9178805331599142,0.0
pp_primary_long,B,1.7453292519943295,0.5555555555555556,4544,-52.33153888221074,-0.07889589376936817,0.9172536564151008,0.9178749650164163,0.8431008455056543
pp_primary_long,B,1.7453292519943295,0.5555555555555556,4545,-53.06303229153405,-0.8348153430780522,0.9178199066389451,0.9178805724611255,0.0
pp_primary_long,B,1.7453292519943295,0.5555555555555556,4546,-52.39608715511965,-0.09956821555664125,0.9172543709256217,0.9178750695817922,0.8431038153981959
pp_primary_long,B,1.7453292519943295,0.5555555555555556,4547,-53.14672647469223,-0.894885986939693,0.9178199059910307,0.9178805719399262,0.0
pp_primary_long,B,1.7453292519943295,0.5555555555555556,4548,-52.39389578784278,-0.08704646189680257,0.9172549325678734,0.917875171695734,0.8431053986384152
pp_primary_long,B,1.7453292519943295,0.5555555555555556,4549,-52.78399818848605,-0.513230865880155,0.9178201754454787,0.9178806127782445,0.0
pp_primary_long,B,1.7453292519943295,0.5555555555555556,4550,-52.33789865706229,-0.047763545079831216,0.9172547911236224,0.9178751507612863,0.8431048315663882
pp_primary_long,B,1.7453292519943295,0.5555555555555556,4551,-52.17298508586416,0.11410542951278158,0.9178202633382876,0.9178806303506633,0.0
pp_primary_long,B,1.7453292519943295,0.5555555555555556,4552,-52.26866044378011,-0.0018954327609401606,0.9172550689023476,0.9178752064247486,0.8431054255418338
pp_primary_long,B,1.7453292519943295,0.5555555555555556,4553,-51.63934595062163,0.6648790738317749,0.9178201015211179,0.917880603292895,0.0
pp_primary_long,B,1.7453292519943295,0.5555555555555556,4554,-52.23356184882789,0.026993695952752764,0.9172550387241749,0.91787519006491,0.8431057457749722
pp_primary_long,B,1.7453292519943295,0.5555555555555556,4555,-51.469006036945416,0.8561718445681296,0.9178201243512611,0.9178806067759916,0.0
pp_primary_long,B,1.7453292519943295,0.5555555555555556,4556,-52.26242681195794,0.02406927266325129,0.9172543359835197,0.9178750673297178,0.8431035914276326
pp_primary_long,B,1.7453292519943295,0.5555555555555556,4557,-51.76126922443936,0.5897251088297099,0.9178199547569401,0.9178805778480537,0.0
pp_primary_long,B,1.7453292519943295,0.5555555555555556,4558,-52.35224665953315,-0.009171397043363241,0.9172542690899541,0.9178750609759777,0.8431031889142098
pp_primary_long,B,1.7453292519943295,0.5555555555555556,4559,-52.377816133022385,0.002404149958355084,0.917819611724558,0.917880530335354,0.0
pp_primary_long,B,1.7453292519943295,0.5555555555555556,4560,-52.468687524176616,-0.05565205740653653,0.9172537831168883,0.9178749846870863,0.8431013402876147
pp_primary_long,B,1.7453292519943295,0.5555555555555556,4561,-53.01375145132117,-0.6041015334295207,0.9178197527121963,0.9178805506706809,0.0
pp_primary_long,B,1.7453292519943295,0.5555555555555556,4562,-52.56374480427912,-0.09149771559650922,0.9172535606063055,0.9178749464385428,0.8431006235908927
pp_primary_long,B,1.7453292519943295,0.5555555555555556,4563,-53.35422390445136,-0.9182500550259554,0.9178197128102284,0.917880544454053,0.0
pp_primary_long,B,1.7453292519943295,0.5555555555555556,4564,-52.60038933704131,-0.09829177348268774,0.917254396937015,0.9178750757941251,0.8431038390327841
pp_primary_long,B,1.7453292519943295,0.5555555555555556,4565,-53.23614685884319,-0.7786739342219484,0.9178198533517317,0.9178805618749265,0.0
pp_primary_long,B,1.7453292519943295,0.5555555555555556,4566,-52.57161711596044,-0.07254955013508643,0.9172544574924761,0.9178750905815709,0.8431038633247694
pp_primary_long,B,1.7453292519943295,0.5555555555555556,4567,-52.73198115595126,-0.25706677173813836,0.9178201605778887,0.9178806122130762,0.0
pp_primary_long,B,1.7453292519943295,0.5555555555555556,4568,-52.50400204203247,-0.027489165733839804,0.9172547616764088,0.9178751448557059,0.8431047632477873
pp_primary_long,B,1.7453292519943295,0.5555555555555556,4569,-52.1125099682448,0.3786381655865445,0.9178201343317178,0.9178806091673026,0.0
pp_primary_long,B,1.7453292519943295,0.5555555555555556,4570,-52.444096431157206,0.013737802989073733,0.9172551980628458,0.9178752295932057,0.8431057868105152
pp_primary_long,B,1.7453292519943295,0.5555555555555556,4571,-51.70773857539454,0.801897573512301,0.9178201723109924,0.9178806156945387,0.0
pp_primary_long,B,1.7453292519943295,0.5555555555555556,4572,-52.43446737413361,0.029959265023400183,0.9172549140032826,0.9178751663715429,0.8431054379734005
pp_primary_long,B,1.7453292519943295,0.5555555555555556,4573,-51.737398790518796,0.795294548087128,0.917820260592791,0.9178806255736232,0.0
pp_primary_long,B,1.7453292519943295,0.5555555555555556,4574,-52.491870247388434,0.012841374257660881,0.9172546994134466,0.9178751329992307,0.8431046383465696
pp_primary_long,B,1.7453292519943295,0.5555555555555556,4575,-52.19805723341592,0.3622225632307146,0.9178199121787453,0.9178805728110827,0.0
pp_primary_long,B,1.7453292519943295,0.5555555555555556,4576,-52.59862877562567,-0.02882379421173495,0.9172545571572871,0.9178751049088288,0.8431043073890765
pp_primary_long,B,1.7453292519943295,0.5555555555555556,4577,-52.86489786172042,-0.27486297008936383,0.9178197979658914,0.9178805580831756,0.0
pp_primary_long,B,1.7453292519943295,0.5555555555555556,4578,-52.71171425572047,-0.07363556247488404,0.917253580929001,0.917874955601245,0.8431004819457715
pp_primary_long,B,1.7453292519943295,0.5555555555555556,4579,-53.40718944088197,-0.7887085543805887,0.9178197455015475,0.9178805503342665,0.0
pp_primary_long,B,1.7453292519943295,0.5555555555555556,4580,-52.784837891867966,-0.09857250287311486,0.9172538646736044,0.9178749927965466,0.8431018322839632
pp_primary_long,B,1.7453292519943295,0.5555555555555556,4581,-53.558183691805084,-0.9153712949378058,0.9178195908380729,0.9178805249540051,0.0
pp_primary_long,B,1.7453292519943295,0.5555555555555556,4582,-52.792249937688055,-0.0908270058037584,0.9172540795941636,0.9178750282101534,0.8431025642492797
pp_primary_long,B,1.7453292519943295,0.5555555555555556,4583,-53.252120644908395,-0.5897870331546372,0.917819886168753,0.9178805673961252,0.0
pp_primary_long,B,1.7453292519943295,0.5555555555555556,4584,-52.74194575646288,-0.05437635493392409,0.9172541621549662,0.9178750339750253,0.8431031381561472
pp_primary_long,B,1.7453292519943295,0.5555555555555556,4585,-52.65803016124322,0.02080205731758239,0.9178200122636289,0.9178805897219235,0.0
pp_primary_long,B,1.7453292519943295,0.5555555555555556,4586,-52.67157389385779,-0.007944812829211473,0.9172547905600841,0.9178751558384449,0.8431046202411036
pp_primary_long,B,1.7453292519943295,0.5555555555555556,4587,-52.09287668479742,0.6027567941889882,0.9178200364629494,0.9178805938640598,0.0
pp_primary_long,B,1.7453292519943295,0.5555555555555556,4588,-52.629096188805086,0.0246145029488202,0.917255008261536,0.9178751910207869,0.8431054057779992
pp_primary_long,B,1.7453292519943295,0.5555555555555556,4589,-51.85877525517536,0.8571423330268879,0.9178202798434134,0.9178806321924177,0.0
pp_primary_long,B,1.7453292519943295,0.5555555555555556,4590,-52.64812545514059,0.026582168837448197,0.9172548632318572,0.9178751639590563,0.843105042662868
pp_primary_long,B,1.7453292519943295,0.5555555555555556,4591,-52.087780851148494,0.6532892467970499,0.917820225817849,0.9178806194775289,0.0
pp_primary_long,B,1.7453292519943295,0.5555555555555556,4592,-52.730702156801506,-0.0030559982703183552,0.9172551895333501,0.9178752104190375,0.8431064477226732
pp_primary_long,B,1.7453292519943295,0.5555555555555556,4593,-52.67406855373109,0.09590924506817478,0.9178199934635086,0.9178805867066858,0.0
pp_primary_long,B,1.7453292519943295,0.5555555555555556,4594,-52.84621434707883,-0.0490747608968425,0.91725444969231,0.9178750911584974,0.8431037791305079
pp_primary_long,B,1.7453292519943295,0.5555555555555556,4595,-53.3282855449503,-0.5286855483871241,0.9178199888752374,0.9178805857881697,0.0
pp_primary_long,B,1.7453292519943295,0.5555555555555556,4596,-52.94713784048252,-0.08783771707285996,0.9172538661195144,0.9178750004761816,0.8431015659159669
pp_primary_long,B,1.7453292519943295,0.5555555555555556,4597,-53.72619047282608,-0.8996608347935253,0.9178196509465653,0.9178805370091119,0.0
pp_primary_long,B,1.7453292519943295,0.5555555555555556,4598,-52.993432328993,-0.09943071460848135,0.917254030577212,0.9178750242090418,0.8431022558804735
pp_primary_long,B,1.7453292519943295,0.5555555555555556,4599,-53.67519490634419,-0.8264597343968252,0.9178196556892846,0.9178805335687542,0.0
pp_primary_long,B,1.7453292519943295,0.5555555555555556,4600,-52.973130591309406,-0.07790152371622265,0.9172537209594452,0.9178749652234428,0.8431014653678464
pp_primary_long,B,1.7453292519943295,0.5555555555555556,4601,-53.21330393912407,-0.34668316007557765,0.9178198457143996,0.9178805632284254,0.0
pp_primary_long,B,1.7453292519943295,0.5555555555555556,4602,-52.90845557683619,-0.03430395485430381,0.9172541417108581,0.9178750316272168,0.8431030305698413
pp_primary_long,B,1.7453292519943295,0.5555555555555556,4603,-52.589582512287286,0.2932235536596478,0.9178198291261382,0.9178805598618789,0.0
pp_primary_long,B,1.7453292519943295,0.5555555555555556,4604,-52.84445374209493,0.008960056340441447,0.917254639451306,0.9178751300879847,0.8431041310636846
pp_primary_long,B,1.7453292519943295,0.5555555555555556,4605,-52.13622117291268,0.7645606604187636,0.9178200341388435,0.9178805948771621,0.0
pp_primary_long,B,1.7453292519943295,0.5555555555555556,4606,-52.8257952076051,0.029672221316636424,0.9172546373997927,0.9178751270127427,0.8431042345709739
pp_primary_long,B,1.7453292519943295,0.5555555555555556,4607,-52.09790981254211,0.825215764545229,0.9178202682989648,0.9178806287190631,0.0
pp_primary_long,B,1.7453292519943295,0.5555555555555556,4608,-52.87387406524664,0.017191788997205845,0.9172550925957622,0.9178752048485358,0.8431057089270478
pp_primary_long,B,1.7453292519943295,0.5555555555555556,4609,-52.50613013327135,0.44403127267349163,0.9178201401448021,0.9178806083343977,0.0
pp_primary_long,B,1.7453292519943295,0.5555555555555556,4610,-52.975798544429864,-0.022069055740267546,0.9172552856793126,0.9178752232485946,0.8431068816889107
pp_primary_long,B,1.7453292519943295,0.5555555555555556,4611,-53.16300168194591,-0.18319058399307342,0.9178202055808165,0.9178806175026352,0.0
pp_primary_long,B,1.7453292519943295,0.5555555555555556,4612,-53.09102473189867,-0.06794545996994494,0.9172544344689068,0.9178750928381865,0.8431035796196826
pp_primary_long,B,1.7453292519943295,0.5555555555555556,4613,-53.74291473043016,-0.7342616233662054,0.9178200081911492,0.9178805895222291,0.0
pp_primary_long,B,1.7453292519943295,0.5555555555555556,4614,-53.172167939849885,-0.09687066594937208,0.9172544016531924,0.9178750866985538,0.8431035013549846
pp_primary_long,B,1.7453292519943295,0.5555555555555556,4615,-53.95979519911126,-0.926116016440301,0.9178196807454051,0.917880540793175,0.0
pp_primary_long,B,1.7453292519943295,0.5555555555555556,4616,-53.18936046859795,-0.09398913350387006,0.917253889698466,0.9178750055019594,0.843101588119945
pp_primary_long,B,1.7453292519943295,0.5555555555555556,4617,-53.71404083212721,-0.660203774296884,0.9178197778607933,0.9178805534364997,0.0
pp_primary_long,B,1.7453292519943295,0.5555555555555556,4618,-53.14556737745423,-0.06077686396904119,0.9172536952503689,0.917874955302842,0.843101597421611
pp_primary_long,B,1.7453292519943295,0.5555555555555556,4619,-53.14370183022801,-0.07311739793663696,0.9178197164781405,0.9178805428260368,0.0
pp_primary_long,B,1.7453292519943295,0.5555555555555556,4620,-53.07509582287761,-0.01429587699040942,0.9172541685958208,0.9178750426188358,0.8431028841808366
pp_primary_long,B,1.7453292519943295,0.5555555555555556,4621,-52.55354213789811,0.5335771907360534,0.91781974399195,0.9178805468209924,0.0
pp_primary_long,B,1.7453292519943295,0.5555555555555556,4622,-53.02595728806436,0.02157572313791578,0.9172542535475061,0.9178750581233548,0.8431031132302677
pp_primary_long,B,1.7453292519943295,0.5555555555555556,4623,-52.25852293778871,0.8482392769783812,0.9178200409438448,0.91788059603182,0.0
pp_primary_long,B,1.7453292519943295,0.5555555555555556,4624,-53.035190903529454,0.02841503216568289,0.9172544438595307,0.9178751003065393,0.8431033627590602
pp_primary_long,B,1.7453292519943295,0.5555555555555556,4625,-52.421988787976105,0.7092372573664725,0.9178201004290142,0.9178806029746361,0.0
pp_primary_long,B,1.7453292519943295,0.5555555555555556,4626,-53.10986615154519,0.0027068608377474324,0.9172552734037196,0.9178752292009775,0.8431065290105789
pp_primary_long,B,1.7453292519943295,0.5555555555555556,4627,-52.9717813989575,0.1879687104211371,0.9178201804824339,0.9178806150136871,0.0
pp_primary_long,B,1.7453292519943295,0.5555555555555556,4628,-53.22342602575513,-0.042340847049403295,0.9172550020262501,0.91787518088119,0.8431057385478529
pp_primary_long,B,1.7453292519943295,0.5555555555555556,4629,-53.63729422990384,-0.4478038863762513,0.9178203260305203,0.9178806345102202,0.0
pp_primary_long,B,1.7453292519943295,0.5555555555555556,4630,-53.32934943601777,-0.08359066793359027,0.91725484174989,0.9178751569579965,0.8431051078192922
pp_primary_long,B,1.7453292519943295,0.5555555555555556,4631,-54.08848395080372,-0.8715035036748822,0.9178199626905834,0.9178805838261128,0.0
pp_primary_long,B,1.7453292519943295,0.5555555555555556,4632,-53.38503383734913,-0.09985352081584561,0.9172546301364303,0.9178751293900161,0.8431040874556449
pp_primary_long,B,1.7453292519943295,0.5555555555555556,4633,-54.105390533793845,-0.8654884258130694,0.9178198721468876,0.9178805691142995,0.0
pp_primary_long,B,1.7453292519943295,0.5555555555555556,4634,-53.37368646577784,-0.0827774203607343,0.9172538303055886,0.9178749920008736,0.8431015249014221
pp_primary_long,B,1.7453292519943295,0.5555555555555556,4635,-53.69114137613862,-0.43284983479589245,0.9178198050300552,0.9178805589104883,0.0
pp_primary_long,B,1.7453292519943295,0.5555555555555556,4636,-53.312929545864016,-0.04112817606518998,0.9172539464483884,0.9178750011600167,0.8431023132318739
pp_primary_long,B,1.7453292519943295,0.5555555555555556,4637,-53.070327486691774,0.20417859594171156,0.9178196275348152,0.9178805274062691,0.0
pp_primary_long,B,1.7453292519943295,0.5555555555555556,4638,-53.245794854787,0.003693764689707099,0.9172540401384094,0.9178750191624432,0.8431025270103734
pp_primary_long,B,1.7453292519943295,0.5555555555555556,4639,-52.57364856608684,0.718376021818574,0.9178197717990296,0.9178805529784365,0.0
pp_primary_long,B,1.7453292519943295,0.5555555555555556,4640,-53.21856296853593,0.028669256472096963,0.9172538706772557,0.9178749935479809,0.8431018410381401
pp_primary_long,B,1.7453292519943295,0.5555555555555556,4641,-52.468043139418704,0.8456164377896298,0.9178199291533458,0.9178805774405359,0.0
pp_primary_long,B,1.7453292519943295,0.5555555555555556,4642,-53.257037527030704,0.02096552047731809,0.9172545149647932,0.9178751127520296,0.8431035777337212
pp_primary_long,B,1.7453292519943295,0.5555555555555556,4643,-52.8195601049047,0.5205389821876207,0.917819944878784,0.9178805807805057,0.0
pp_primary_long,B,1.7453292519943295,0.5555555555555556,4644,-53.35325556941331,-0.015457029878629652,0.9172549990120928,0.9178751811274779,0.8431056880306018
pp_primary_long,B,1.7453292519943295,0.5555555555555556,4645,-53.45944584883277,-0.0898758241225745,0.9178202896422826,0.9178806296759966,0.0
pp_primary_long,B,1.7453292519943295,0.5555555555555556,4646,-53.46960094297972,-0.06189029305239448,0.9172548903543457,0.917875164621428,0.8431052745133332
pp_primary_long,B,1.7453292519943295,0.5555555555555556,4647,-54.07081642582034,-0.6720743987456232,0.9178202459377279,0.917880623811221,0.0
pp_primary_long,B,1.7453292519943295,0.5555555555555556,4648,-53.55811550062993,-0.09448191681755518,0.9172552712339184,0.9178752258888324,0.843106649879946
pp_primary_long,B,1.7453292519943295,0.5555555555555556,4649,-54.35143743760152,-0.9269997237176827,0.9178200472194648,0.9178805957318271,0.0
pp_primary_long,B,1.7453292519943295,0.5555555555555556,4650,-53.58514960779466,-0.09649487094015372,0.9172545393391923,0.9178751179908093,0.8431036317786693
pp_primary_long,B,1.7453292519943295,0.5555555555555556,4651,-54.16896643112729,-0.7237027868918592,0.9178200435468021,0.9178805962116577,0.0
pp_primary_long,B,1.7453292519943295,0.5555555555555556,4652,-53.54861133371904,-0.06689026849930302,0.9172541224755763,0.917875037137384,0.8431026657489994
pp_primary_long,B,1.7453292519943295,0.5555555555555556,4653,-53.62894600623501,-0.16661389655512265,0.9178197691692618,0.9178805522302977,0.0
pp_primary_long,B,1.7453292519943295,0.5555555555555556,4654,-53.47908142649726,-0.020877147220724826,0.9172541702923229,0.9178750448910267,0.843102830778345
pp_primary_long,B,1.7453292519943295,0.5555555555555556,4655,-53.0205675057772,0.4581079282768785,0.9178196764213141,0.9178805358821464,0.0
pp_primary_long,B,1.7453292519943295,0.5555555555555556,4656,-53.42408173593101,0.017909108111751754,0.9172538007995933,0.9178749724028826,0.8431019701811415
pp_primary_long,B,1.7453292519943295,0.5555555555555556,4657,-52.66815088618231,0.8295626669606531,0.9178197964127235,0.9178805566210908,0.0
pp_primary_long,B,1.7453292519943295,0.5555555555555556,4658,-53.423669045747914,0.029545716196588134,0.9172537983170589,0.9178749875639098,0.8431013707741204
pp_primary_long,B,1.7453292519943295,0.5555555555555556,4659,-52.7645222586133,0.7569478712768438,0.9178197294109208,0.9178805468300458,0.0
pp_primary_long,B,1.7453292519943295,0.5555555555555556,4660,-53.489868929900005,0.008052893589451854,0.9172544705918741,0.9178750989959454,0.8431036717269688
pp_primary_long,B,1.7453292519943295,0.5555555555555556,4661,-53.271988946377185,0.2775602754085357,0.9178199412189373,0.9178805801572585,0.0
pp_primary_long,B,1.7453292519943295,0.5555555555555556,4662,-53.60047515977004,-0.035525895672376115,0.9172544873777355,0.917875100535938,0.8431037778122958
pp_primary_long,B,1.7453292519943295,0.5555555555555556,4663,-53.94168574599127,-0.36235224294472584,0.9178202526338856,0.9178806236059704,0.0
pp_primary_long,B,1.7453292519943295,0.5555555555555556,4664,-53.71047990445705,-0.07880599893897858,0.9172551281522007,0.9178751989306572,0.8431062722691249
pp_primary_long,B,1.7453292519943295,0.5555555555555556,4665,-54.441419755377055,-0.8340874508641364,0.9178201358446983,0.9178806080068552,0.0
pp_primary_long,B,1.7453292519943295,0.5555555555555556,4666,-53.77518723426674,-0.09955658841445131,0.9172552422003439,0.9178752258582751,0.8431063579002313
pp_primary_long,B,1.7453292519943295,0.5555555555555556,4667,-54.526294631340846,-0.8953269330240888,0.9178202263768602,0.9178806218529217,0.0
pp_primary_long,B,1.7453292519943295,0.5555555555555556,4668,-53.773170147123245,-0.08712078582287741,0.917254574094692,0.9178751193440255,0.8431039277808976
pp_primary_long,B,1.7453292519943295,0.5555555555555556,4669,-54.16452578064666,-0.5146143021799814,0.9178200741143795,0.917880601671055,0.0
pp_primary_long,B,1.7453292519943295,0.5555555555555556,4670,-53.71726153106765,-0.047882262089786215,0.9172545564518405,0.9178751149635332,0.8431039316331219
pp_primary_long,B,1.7453292519943295,0.5555555555555556,4671,-53.55374522547186,0.11248854855509366,0.9178198049686577,0.9178805566270773,0.0
pp_primary_long,B,1.7453292519943295,0.5555555555555556,4672,-53.64799767176965,-0.00200106580415485,0.9172542150244257,0.917875049139806,0.8431030928775054
pp_primary_long,B,1.7453292519943295,0.5555555555555556,4673,-53.01950132724712,0.6638572210878947,0.9178198158554141,0.9178805590897856,0.0
pp_primary_long,B,1.7453292519943295,0.5555555555555556,4674,-53.61275121177576,0.026960330676954164,0.9172537137842527,0.9178749600571954,0.8431016007535309
pp_primary_long,B,1.7453292519943295,0.5555555555555556,4675,-52.84802635081943,0.8562727385176958,0.9178197223467311,0.917880543423372,0.0
pp_primary_long,B,1.7453292519943295,0.5555555555555556,4676,-53.641447973937474,0.024119601997552323,0.9172539795482473,0.9178750173690967,0.8431020108669649
pp_primary_long,B,1.7453292519943295,0.5555555555555556,4677,-53.139205677942776,0.590897273062734,0.9178196268075798,0.917880532654397,0.0
pp_primary_long,B,1.7453292519943295,0.5555555555555556,4678,-53.73114766317618,-0.009061113963809542,0.9172540488760236,0.9178750274745341,0.8431022887369913
pp_primary_long,B,1.7453292519943295,0.5555555555555556,4679,-53.7552789605294,0.004045177934366095,0.917819977401064,0.9178805841602868,0.0
pp_primary_long,B,1.7453292519943295,0.5555555555555556,4680,-53.84758085342407,-0.055538308401595564,0.9172542972089086,0.9178750691997382,0.8431031150139943
pp_primary_long,B,1.7453292519943295,0.5555555555555556,4681,-54.391594093158844,-0.6028359793063964,0.9178200463435162,0.9178805939769692,0.0
pp_primary_long,B,1.7453292519943295,0.5555555555555556,4682,-53.942741571367726,-0.09143566179317683,0.9172552254839651,0.9178752132589727,0.8431066653256636
pp_primary_long,B,1.7453292519943295,0.5555555555555556,4683,-54.733102092432894,-0.9180108852907652,0.9178201627569105,0.9178806103508065,0.0
pp_primary_long,B,1.7453292519943295,0.5555555555555556,4684,-53.97956640992674,-0.09831833065188066,0.9172549343840496,0.9178751764920426,0.8431052446877805
pp_primary_long,B,1.7453292519943295,0.5555555555555556,4685,-54.616186485026404,-0.7795806096794212,0.9178203021974031,0.917880634395692,0.0
pp_primary_long,B,1.7453292519943295,0.5555555555555556,4686,-53.950936577445454,-0.07264705915293775,0.9172548836764933,0.9178751681082905,0.8431050872035759
pp_primary_long,B,1.7453292519943295,0.5555555555555556,4687,-54.11271433202111,-0.2586540493392879,0.9178200470513941,0.9178805964524837,0.0
pp_primary_long,B,1.7453292519943295,0.5555555555555556,4688,-53.88337412343424,-0.027611905859031782,0.9172548046962741,0.9178751612884165,0.8431045708644946
pp_primary_long,B,1.7453292519943295,0.5555555555555556,4689,-53.49310438536193,0.377184060217928,0.9178199572900405,0.9178805813217016,0.0
pp_primary_long,B,1.7453292519943295,0.5555555555555556,4690,-53.823382864227064,0.013657255997722675,0.9172542002962382,0.917875041594457,0.8431032372691811
pp_primary_long,B,1.7453292519943295,0.5555555555555556,4691,-53.08744585062214,0.8013219273570169,0.9178199104692343,0.9178805724906522,0.0
pp_primary_long,B,1.7453292519943295,0.5555555555555556,4692,-53.81358609916349,0.029961251736875097,0.9172539690691982,0.9178750095601483,0.8431022182954842
pp_primary_long,B,1.7453292519943295,0.5555555555555556,4693,-53.11591322921973,0.7958955140199776,0.9178196272161375,0.9178805292156494,0.0
pp_primary_long,B,1.7453292519943295,0.5555555555555556,4694,-53.87083029885642,0.012922453923187999,0.9172540057536855,0.9178750156552117,0.8431023293422794
pp_primary_long,B,1.7453292519943295,0.5555555555555556,4695,-53.575695116570216,0.36369116016500563,0.9178196973565135,0.9178805434672704,0.0
pp_primary_long,B,1.7453292519943295,0.5555555555555556,4696,-53.977512843901735,-0.02870507307266887,0.9172536162124431,0.9178749601552558,0.843100637878799
pp_primary_long,B,1.7453292519943295,0.5555555555555556,4697,-54.242419679037525,-0.27327956620381433,0.9178198662979058,0.9178805673747431,0.0
pp_primary_long,B,1.7453292519943295,0.5555555555555556,4698,-54.09063932350141,-0.07353781572687779,0.9172544356498843,0.9178750866635156,0.8431037968773591
pp_primary_long,B,1.7453292519943295,0.5555555555555556,4699,-54.78542042998776,-0.7878278053921958,0.9178198875873418,0.9178805698797352,0.0
pp_primary_long,B,1.7453292519943295,0.5555555555555556,4700,-54.163907888792096,-0.09854653166053755,0.9172548526976464,0.9178751559589665,0.8431052201925301
pp_primary_long,B,1.7453292519943295,0.5555555555555556,4701,-54.937576693026344,-0.9156436950071019,0.9178202335284947,0.9178806202286343,0.0
pp_primary_long,B,1.7453292519943295,0.5555555555555556,4702,-54.17149117368976,-0.09088614335540457,0.9172548242455161,0.9178751521740246,0.8431050986730554
pp_primary_long,B,1.7453292519943295,0.5555555555555556,4703,-54.63254381329408,-0.5910713889138339,0.9178202154730574,0.9178806220422784,0.0
pp_primary_long,B,1.7453292519943295,0.5555555555555556,4704,-54.12129812221384,-0.054490317266327366,0.9172551563818673,0.9178752189708032,0.8431057928604065
pp_primary_long,B,1.7453292519943295,0.5555555555555556,4705,-54.038808344743025,0.01916650276763754,0.9178200920612328,0.9178806025411645,0.0
pp_primary_long,B,1.7453292519943295,0.5555555555555556,4706,-54.05092705507589,-0.008057951703709779,0.9172548101890866,0.9178751576630363,0.8431047549270401
pp_primary_long,B,1.7453292519943295,0.5555555555555556,4707,-53.47316528224496,0.6016073552704402,0.9178201285444758,0.9178806085023675,0.0
pp_primary_long,B,1.7453292519943295,0.5555555555555556,4708,-54.00831658897099,0.02456645547597683,0.9172543650861829,0.9178750737028494,0.8431036344220604
pp_primary_long,B,1.7453292519943295,0.5555555555555556,4709,-53.23797411936194,0.8570696487353091,0.9178199033222143,0.9178805696748543,0.0
pp_primary_long,B,1.7453292519943295,0.5555555555555556,4710,-54.02717464039751,0.026619204233131494,0.9172543649459745,0.9178750740523755,0.8431036164565555
pp_primary_long,B,1.7453292519943295,0.5555555555555556,4711,-53.465851161341504,0.6543303641234537,0.9178196757352556,0.9178805385545984,0.0
pp_primary_long,B,1.7453292519943295,0.5555555555555556,4712,-54.10961619311732,-0.002951870028957748,0.9172537519305274,0.9178749740283596,0.8431014370236642
pp_primary_long,B,1.7453292519943295,0.5555555555555556,4713,-54.05155139719695,0.0975321833097309,0.9178197775381732,0.9178805542962263,0.0
pp_primary_long,B,1.7453292519943295,0.5555555555555556,4714,-54.225104211064135,-0.04895892965682784,0.91725364749512,0.9178749650266184,0.8431007646014168
pp_primary_long,B,1.7453292519943295,0.5555555555555556,4715,-54.70602461823556,-0.5273156009778504,0.9178196630274934,0.9178805378060845,0.0
pp_primary_long,B,1.7453292519943295,0.5555555555555556,4716,-54.326116582915915,-0.0877664291047572,0.9172543698953205,0.917875075374031,0.8431035917449923
pp_primary_long,B,1.7453292519943295,0.5555555555555556,4717,-55.10489417619304,-0.8992500777773647,0.9178198951169362,0.9178805691992283,0.0
pp_primary_long,B,1.7453292519943295,0.5555555555555556,4718,-54.37257893228705,-0.09944283363397405,0.9172543706562576,0.9178750755440377,0.8431035890898565
pp_primary_long,B,1.7453292519943295,0.5555555555555556,4719,-55.05508042084544,-0.8272178024777046,0.9178201659966404,0.9178806116125489,0.0
pp_primary_long,B,1.7453292519943295,0.5555555555555556,4720,-54.352422832947354,-0.07798670999003217,0.9172549398759094,0.9178751691351956,0.8431055694932994
pp_primary_long,B,1.7453292519943295,0.5555555555555556,4721,-54.59397953638185,-0.34821935128363335,0.9178201022745273,0.9178806034423316,0.0
pp_primary_long,B,1.7453292519943295,0.5555555555555556,4722,-54.287823485290374,-0.03442521597232332,0.9172551224809569,0.9178752160713218,0.8431055640791696
pp_primary_long,B,1.7453292519943295,0.5555555555555556,4723,-53.97024680785172,0.2916991717839151,0.9178202062321211,0.9178806210451098,0.0
pp_primary_long,B,1.7453292519943295,0.5555555555555556,4724,-54.223759197184556,0.008870063859816743,0.9172547674826952,0.917875146588408,0.8431047684127917
pp_primary_long,B,1.7453292519943295,0.5555555555555556,4725,-53.516088812694036,0.7638291158214165,0.9178201925449142,0.9178806167727223,0.0
pp_primary_long,B,1.7453292519943295,0.5555555555555556,4726,-54.204945759767774,0.029659005725909376,0.9172547686468082,0.9178751471510141,0.843104768685988
pp_primary_long,B,1.7453292519943295,0.5555555555555556,4727,-53.47659301460549,0.8256521282780056,0.9178199026485964,0.9178805708251603,0.0
pp_primary_long,B,1.7453292519943295,0.5555555555555556,4728,-54.25285693659672,0.017262037462935795,0.9172545047228394,0.9178750920300496,0.843104279492988
pp_primary_long,B,1.7453292519943295,0.5555555555555556,4729,-53.88385910734291,0.44541134322940723,0.9178198650477261,0.9178805670716726,0.0
pp_primary_long,B,1.7453292519943295,0.5555555555555556,4730,-54.35468887255753,-0.0219530307368217,0.9172536539847931,0.9178749633751812,0.843100898330491
pp_primary_long,B,1.7453292519943295,0.5555555555555556,4731,-54.54049036356777,-0.18157198853750445,0.9178197171917634,0.9178805451948089,0.0
pp_primary_long,B,1.7453292519943295,0.5555555555555556,4732,-54.46994133433793,-0.06784283689817272,0.9172539540524861,0.9178750113457318,0.8431019959711619
pp_primary_long,B,1.7453292519943295,0.5555555555555556,4733,-55.12100510712051,-0.733239148790616,0.9178195932414008,0.9178805269183913,0.0
pp_primary_long,B,1.7453292519943295,0.5555555555555556,4734,-54.55121895186622,-0.09683481888309066,0.9172539398230576,0.9178750085316306,0.8431019494922646
pp_primary_long,B,1.7453292519943295,0.5555555555555556,4735,-55.339013722680626,-0.9262148853013247,0.9178199239081654,0.9178805737087921,0.0
pp_primary_long,B,1.7453292519943295,0.5555555555555556,4736,-54.568574356805165,-0.0940352679543565,0.9172542268180297,0.9178750451124772,0.843103342699526
pp_primary_long,B,1.7453292519943295,0.5555555555555556,4737,-55.09434464004571,-0.6613740581405956,0.9178199749155773,0.9178805830087096,0.0
pp_primary_long,B,1.7453292519943295,0.5555555555555556,4738,-54.52490166512306,-0.06088276721191363,0.9172549229604372,0.9178751717531786,0.8431053011934682
pp_primary_long,B,1.7453292519943295,0.5555555555555556,4739,-54.52447609418596,-0.07475515362385154,0.9178200785330097,0.9178805988592421,0.0
pp_primary_long,B,1.7453292519943295,0.5555555555555556,4740,-54.454449505553335,-0.014410202346421153,0.9172548610625363,0.917875166324768,0.8431049147171569
pp_primary_long,B,1.7453292519943295,0.5555555555555556,4741,-53.93394521655441,0.5323129722507558,0.9178202709604248,0.9178806314940885,0.0
pp_primary_long,B,1.7453292519943295,0.5555555555555556,4742,-54.405200232871,0.021516269423774922,0.9172548791201093,0.917875170351922,0.843104952299953
pp_primary_long,B,1.7453292519943295,0.5555555555555556,4743,-53.63789367915034,0.8479975631986525,0.9178201454855691,0.9178806086379632,0.0
pp_primary_long,B,1.7453292519943295,0.5555555555555556,4744,-54.41426866667232,0.028438271836038198,0.9172551193754236,0.9178752023167126,0.8431060667717886
pp_primary_long,B,1.7453292519943295,0.5555555555555556,4745,-53.800201553062024,0.7101391264815746,0.9178200342213442,0.9178805925693906,0.0
pp_primary_long,B,1.7453292519943295,0.5555555555555556,4746,-54.48879584238043,0.0028035428370649096,0.9172544004367922,0.917875077531549,0.84310381821898
pp_primary_long,B,1.7453292519943295,0.5555555555555556,4747,-54.34930369583739,0.18955393762096684,0.9178199974810305,0.9178805854686536,0.0
pp_primary_long,B,1.7453292519943295,0.5555555555555556,4748,-54.60231407122916,-0.042223670782534944,0.9172540297754841,0.9178750252736647,0.8431022147291181
pp_primary_long,B,1.7453292519943295,0.5555555555555556,4749,-55.01494999872926,-0.44634901308109354,0.9178196296706204,0.9178805332455081,0.0
pp_primary_long,B,1.7453292519943295,0.5555555555555556,4750,-54.70831610311375,-0.08351252005468486,0.9172539928165692,0.917875019102723,0.8431020761500785
pp_primary_long,B,1.7453292519943295,0.5555555555555556,4751,-55.46702417637039,-0.8709271836798462,0.9178197002911529,0.9178805420044913,0.0
pp_primary_long,B,1.7453292519943295,0.5555555555555556,4752,-54.76416130427115,-0.09985559433253086,0.9172536197642022,0.917874954027882,0.8431009060053101
pp_primary_long,B,1.7453292519943295,0.5555555555555556,4753,-55.4851181774748,-0.8660879793446407,0.9178198219716315,0.9178805599897187,0.0
pp_primary_long,B,1.7453292519943295,0.5555555555555556,4754,-54.752959589088505,-0.08285324513078209,0.9172543071254395,0.9178750581498628,0.843103631832753
pp_primary_long,B,1.7453292519943295,0.5555555555555556,4755,-55.07174382575808,-0.43431769835279,0.9178198313236526,0.917880559230858,0.0
pp_primary_long,B,1.7453292519943295,0.5555555555555556,4756,-54.69228759292312,-0.04124540306056627,0.9172546131318584,0.9178751208692121,0.843104224627391
pp_primary_long,B,1.7453292519943295,0.5555555555555556,4757,-54.45104293407557,0.202598728296831,0.9178201009296562,0.917880603539405,0.0
pp_primary_long,B,1.7453292519943295,0.5555555555555556,4758,-54.62510658186652,0.003599540025884168,0.9172546309427283,0.9178751244506155,0.8431042681139544
pp_primary_long,B,1.7453292519943295,0.5555555555555556,4759,-53.953663103145686,0.7174964571876177,0.9178201999567952,0.9178806193442103,0.0
pp_primary_long,B,1.7453292519943295,0.5555555555555556,4760,-54.59773772558147,0.028643761019002817,0.9172551044297835,0.9178752118740006,0.8431055527787157
pp_primary_long,B,1.7453292519943295,0.5555555555555556,4761,-53.84689359508175,0.8458872559178707,0.9178201197193304,0.917880606198918,0.0
pp_primary_long,B,1.7453292519943295,0.5555555555555556,4762,-54.6360429600457,0.021024673889116885,0.917255103442907,0.9178751951129492,0.8431061788632807
pp_primary_long,B,1.7453292519943295,0.5555555555555556,4763,-54.19739092121091,0.52181906642651,0.9178202280781169,0.9178806208197399,0.0
pp_primary_long,B,1.7453292519943295,0.5555555555555556,4764,-54.73215254337735,-0.015344215822053933,0.9172545061041546,0.9178751008529468,0.843103972789231
pp_primary_long,B,1.7453292519943295,0.5555555555555556,4765,-54.836918826406844,-0.08824102809778234,0.9178199750249545,0.9178805825663061,0.0
pp_primary_long,B,1.7453292519943295,0.5555555555555556,4766,-54.84850799155584,-0.061782507622984914,0.9172545098301348,0.9178751010887124,0.8431039985598443
pp_primary_long,B,1.7453292519943295,0.5555555555555556,4767,-55.448781027177624,-0.6709252887889079,0.9178197126908386,0.9178805457494347,0.0
pp_primary_long,B,1.7453292519943295,0.5555555555555556,4768,-54.937150964845664,-0.09443746859968485,0.91725376415226,0.9178749859371421,0.8431011068492076
pp_primary_long,B,1.7453292519943295,0.5555555555555556,4769,-55.73048618821444,-0.9269254055223088,0.9178197917991063,0.9178805564862166,0.0
pp_primary_long,B,1.7453292519943295,0.5555555555555556,4770,-54.9643474744449,-0.09653226267406981,0.9172537420724655,0.9178749691994922,0.8431015277312125
pp_primary_long,B,1.7453292519943295,0.5555555555555556,4771,-55.54914319844589,-0.7247447844108778,0.917819667042761,0.9178805360961235,0.0
pp_primary_long,B,1.7453292519943295,0.5555555555555556,4772,-54.92793658508148,-0.06699143135953378,0.9172542326240345,0.9178750517457244,0.8431031580982984
pp_primary_long,B,1.7453292519943295,0.5555555555555556,4773,-55.00970191152089,-0.16823595883869097,0.9178198153795405,0.9178805564110674,0.0
pp_primary_long,B,1.7453292519943295,0.5555555555555556,4774,-54.85843273519248,-0.020991220389168425,0.9172542163617655,0.9178750475510015,0.8431031508319766
pp_primary_long,B,1.7453292519943295,0.5555555555555556,4775,-54.40107093281058,0.4567403024915512,0.9178200518464527,0.917880596721303,0.0
pp_primary_long,B,1.7453292519943295,0.5555555555555556,4776,-54.80333791891187,0.017842143132385718,0.9172545829193852,0.9178751215604117,0.843103904949265
pp_primary_long,B,1.7453292519943295,0.5555555555555556,4777,-54.047686847217086,0.829153925576009,0.9178200496384664,0.917880595731438,0.0
pp_primary_long,B,1.7453292519943295,0.5555555555555556,4778,-54.80276929952937,0.02955743134438446,0.9172551390789371,0.9178752125040573,0.843105857393771
pp_primary_long,B,1.7453292519943295,0.5555555555555556,4779,-54.142881359850314,0.7577043908135842,0.9178202007786315,0.9178806193354194,0.0
pp_primary_long,B,1.7453292519943295,0.5555555555555556,4780,-54.86881382426513,0.00814181656711023,0.9172548837334233,0.9178751624677965,0.8431052905576846
pp_primary_long,B,1.7453292519943295,0.5555555555555556,4781,-54.649562730610874,0.2790943172949981,0.9178202883165407,0.9178806284699517,0.0
pp_primary_long,B,1.7453292519943295,0.5555555555555556,4782,-54.979359816722145,-0.03540717564240589,0.917254967640612,0.9178751755383091,0.8431056203499091
pp_primary_long,B,1.7453292519943295,0.5555555555555556,4783,-55.31927177234478,-0.3608289647714957,0.9178199556392161,0.9178805812942501,0.0
pp_primary_long,B,1.7453292519943295,0.5555555555555556,4784,-55.089430163105675,-0.07871937461199291,0.917254600330074,0.9178751187134957,0.8431041961713461
pp_primary_long,B,1.7453292519943295,0.5555555555555556,4785,-55.81980448570481,-0.8333551765622915,0.9178199237085398,0.9178805766701076,0.0
pp_primary_long,B,1.7453292519943295,0.5555555555555556,4786,-55.15429618405876,-0.0995486821210242,0.9172537788581872,0.9178749868818593,0.8431012219999658
pp_primary_long,B,1.7453292519943295,0.5555555555555556,4787,-55.90586220404228,-0.8957625285170883,0.9178197545866434,0.9178805521061157,0.0
pp_primary_long,B,1.7453292519943295,0.5555555555555556,4788,-55.15243423094642,-0.08719101569235517,0.9172540294448939,0.9178750192466022,0.8431024320567364
pp_primary_long,B,1.7453292519943295,0.5555555555555556,4789,-55.545044650510064,-0.5159963996399284,0.9178196304133737,0.917880528835591,0.0
pp_primary_long,B,1.7453292519943295,0.5555555555555556,4790,-55.096619058938316,-0.04799888951924393,0.9172539557706887,0.9178750049244478,0.8431022427769763
pp_primary_long,B,1.7453292519943295,0.5555555555555556,4791,-54.9344993218548,0.11087010594052332,0.9178198403028643,0.9178805621451566,0.0
pp_primary_long,B,1.7453292519943295,0.5555555555555556,4792,-55.027316318576794,-0.002099425216092507,0.9172540008453094,0.9178750096812468,0.8431024922572448
pp_primary_long,B,1.7453292519943295,0.5555555555555556,4793,-54.39965466780282,0.6628361613130969,0.9178198964441455,0.9178805714926748,0.0
pp_primary_long,B,1.7453292519943295,0.5555555555555556,4794,-54.991944060101886,0.026925187745523285,0.9172546004164995,0.9178751265562992,0.8431038838700344
pp_primary_long,B,1.7453292519943295,0.5555555555555556,4795,-54.22704509951177,0.8563738587938785,0.9178199639796164,0.9178805838638552,0.0
pp_primary_long,B,1.7453292519943295,0.5555555555555556,4796,-55.02047218897769,0.024168895237448085,0.917254809526734,0.9178751535320961,0.8431048960039934
pp_primary_long,B,1.7453292519943295,0.5555555555555556,4797,-54.5171473181631,0.5920667999034118,0.9178202772382722,0.917880629413064,0.0
pp_primary_long,B,1.7453292519943295,0.5555555555555556,4798,-55.11005138346543,-0.008952081074132104,0.9172549057647237,0.9178751702021691,0.8431052105036712
pp_primary_long,B,1.7453292519943295,0.5555555555555556,4799,-55.13274817751072,0.005682284175006047,0.9178201895157545,0.9178806147370149,0.0
pp_primary_long,B,1.7453292519943295,0.5555555555555556,4800,-55.22647530939884,-0.05542454147867229,0.9172553068323396,0.9178752280286105,0.8431069079728822
pp_primary_long,B,1.7453292519943295,0.5555555555555556,4801,-55.76944141138347,-0.6015727988338406,0.9178200919749534,0.9178806013760726,0.0
pp_primary_long,B,1.7453292519943295,0.5555555555555556,4802,-55.321753723026525,-0.09137957891017406,0.9172544664979189,0.9178751011024612,0.8431035658357189
pp_primary_long,B,1.7453292519943295,0.5555555555555556,4803,-56.111981424254225,-0.9177669001166309,0.9178200456070258,0.9178805955976999,0.0
pp_primary_long,B,1.7453292519943295,0.5555555555555556,4804,-55.35874589796269,-0.09834587891276596,0.9172541981451295,0.9178750528369172,0.8431028053740347
pp_primary_long,B,1.7453292519943295,0.5555555555555556,4805,-55.99622754571412,-0.7804835551562863,0.9178197121380773,0.9178805450861285,0.0
pp_primary_long,B,1.7453292519943295,0.5555555555555556,4806,-55.3302603048012,-0.0727462355652014,0.9172541058947714,0.9178750380848346,0.8431024565379264
pp_primary_long,B,1.7453292519943295,0.5555555555555556,4807,-55.49343946267559,-0.26024115494823785,0.9178197306727407,0.91788054474655,0.0
pp_primary_long,B,1.7453292519943295,0.5555555555555556,4808,-55.26273307226731,-0.027729372703549554,0.9172537536942449,0.9178749646818727,0.843101803963527
pp_primary_long,B,1.7453292519943295,0.5555555555555556,4809,-54.87369842932571,0.37572737347545226,0.9178197969848316,0.9178805557580925,0.0
pp_primary_long,B,1.7453292519943295,0.5555555555555556,4810,-55.2026556729336,0.013581800772007283,0.9172540234820898,0.9178750195841725,0.8431023438515983
pp_primary_long,B,1.7453292519943295,0.5555555555555556,4811,-54.46714623633428,0.8007469738308176,0.9178197360354933,0.9178805463427997,0.0
pp_primary_long,B,1.7453292519943295,0.5555555555555556,4812,-55.19270574829817,0.029962764106455278,0.9172544120804589,0.9178750888722405,0.8431034865877196
pp_primary_long,B,1.7453292519943295,0.5555555555555556,4813,-54.494427223679374,0.7964966254819345,0.917819984008876,0.91788058740253,0.0
pp_primary_long,B,1.7453292519943295,0.5555555555555556,4814,-55.24978958951222,0.013003635141517478,0.9172544146955666,0.9178750917893767,0.8431034029367853
pp_primary_long,B,1.7453292519943295,0.5555555555555556,4815,-54.95333344938436,0.3651601233300956,0.9178201889426398,0.9178806152116367,0.0
pp_primary_long,B,1.7453292519943295,0.5555555555555556,4816,-55.35639556778354,-0.028585844352524314,0.9172551641275609,0.9178752091234785,0.8431062315673912
pp_primary_long,B,1.7453292519943295,0.5555555555555556,4817,-55.619946618607905,-0.271700495554865,0.9178201256560247,0.9178806062565545,0.0
pp_primary_long,B,1.7453292519943295,0.5555555555555556,4818,-55.469568821017994,-0.07344133271120894,0.9172551622433242,0.9178752072786421,0.8431062857302232
pp_primary_long,B,1.7453292519943295,0.5555555555555556,4819,-56.16365258126167,-0.7869471867422363,0.9178202719552119,0.9178806271953646,0.0
pp_primary_long,B,1.7453292519943295,0.5555555555555556,4820,-55.542987752067944,-0.09852450211307316,0.9172546102276503,0.917875122496865,0.8431041604823378
pp_primary_long,B,1.7453292519943295,0.5555555555555556,4821,-56.31697681482759,-0.9159126587102683,0.9178200216831992,0.9178805931310333,0.0
pp_primary_long,B,1.7453292519943295,0.5555555555555556,4822,-55.55074047341542,-0.09094833539133965,0.9172546082962958,0.9178751246407538,0.8431040610071837
pp_primary_long,B,1.7453292519943295,0.5555555555555556,4823,-56.01296496290557,-0.5923526817383358,0.917819806922337,0.9178805584364416,0.0
pp_primary_long,B,1.7453292519943295,0.5555555555555556,4824,-55.50065993455947,-0.05460797430593119,0.9172540299735591,0.9178750237147041,0.8431022564842199
pp_primary_long,B,1.7453292519943295,0.5555555555555556,4825,-55.419587359829286,0.017529002808433114,0.9178198381124414,0.9178805629398726,0.0
pp_primary_long,B,1.7453292519943295,0.5555555555555556,4826,-55.43026297290017,-0.008164237742631433,0.9172538292812508,0.9178749783220357,0.843102031954059
pp_primary_long,B,1.7453292519943295,0.5555555555555556,4827,-54.85345181840547,0.6004552425636671,0.9178196949962587,0.9178805382788193,0.0
pp_primary_long,B,1.7453292519943295,0.5555555555555556,4828,-55.387532306941004,0.024520016582874532,0.9172540930052681,0.9178750321358414,0.8431025500187375
pp_primary_long,B,1.7453292519943295,0.5555555555555556,4829,-54.61716771661333,0.8569959427683461,0.9178196977404104,0.917880542031595,0.0
pp_primary_long,B,1.7453292519943295,0.5555555555555556,4830,-55.40621774769534,0.026658613024578712,0.9172539865653923,0.9178750148810824,0.8431021585005621
pp_primary_long,B,1.7453292519943295,0.5555555555555556,4831,-54.84391862452054,0.6553740705797353,0.9178199736135342,0.9178805845075285,0.0
pp_primary_long,B,1.7453292519943295,0.5555555555555556,4832,-55.48852906992288,-0.0028477915916439583,0.9172543482954296,0.9178750830147172,0.8431030864583188
pp_primary_long,B,1.7453292519943295,0.5555555555555556,4833,-55.429032624659555,0.0991560172498957,0.9178199896814779,0.9178805862908942,0.0
pp_primary_long,B,1.7453292519943295,0.5555555555555556,4834,-55.60398909378388,-0.0488407898935698,0.9172551560564551,0.9178752042262442,0.8431063334901483
pp_primary_long,B,1.7453292519943295,0.5555555555555556,4835,-56.08376337160249,-0.5259482508909337,0.9178201997369957,0.9178806160385683,0.0
pp_primary_long,B,1.7453292519943295,0.5555555555555556,4836,-55.70510027827285,-0.08769700008884432,0.9172548715772443,0.9178751622360948,0.843105177043309
pp_primary_long,B,1.7453292519943295,0.5555555555555556,4837,-56.483601033524174,-0.8988384845496366,0.9178202923552985,0.9178806310572034,0.0
pp_primary_long,B,1.7453292519943295,0.5555555555555556,4838,-55.751727670729004,-0.09945564149406345,0.917255022452925,0.9178751874580017,0.8431056960693435
pp_primary_long,B,1.7453292519943295,0.5555555555555556,4839,-56.43497148144266,-0.8279733533877625,0.9178200122148509,0.9178805911442088,0.0
pp_primary_long,B,1.7453292519943295,0.5555555555555556,4840,-55.73173574454743,-0.07807997981495543,0.9172546938314874,0.9178751440585294,0.8431041421526106
pp_primary_long,B,1.7453292519943295,0.5555555555555556,4841,-55.97465550952295,-0.34975365916441126,0.9178199897692593,0.9178805871134458,0.0
pp_primary_long,B,1.7453292519943295,0.5555555555555556,4842,-55.667192692274824,-0.0345468578622533,0.9172540983850476,0.9178750299963186,0.8431026903095354
pp_primary_long,B,1.7453292519943295,0.5555555555555556,4843,-55.35091780998427,0.29017155392399363,0.9178198612325771,0.9178805658382297,0.0
pp_primary_long,B,1.7453292519943295,0.5555555555555556,4844,-55.60305797089883,0.008782598600842656,0.917254111529518,0.9178750325136269,0.8431027291770061
pp_primary_long,B,1.7453292519943295,0.5555555555555556,4845,-54.89595292446111,0.7630936194016129,0.9178196512445953,0.9178805316400468,0.0
pp_primary_long,B,1.7453292519943295,0.5555555555555556,4846,-55.58409049326322,0.029648189529535518,0.9172539820511693,0.9178750072169432,0.8431024132483267
pp_primary_long,B,1.7453292519943295,0.5555555555555556,4847,-54.855274715482835,0.8260870074387245,0.9178197652113813,0.9178805528832218,0.0
pp_primary_long,B,1.7453292519943295,0.5555555555555556,4848,-55.631833624691815,0.017334343795444712,0.9172536929164008,0.9178749707433563,0.8431009808658666
pp_primary_long,B,1.7453292519943295,0.5555555555555556,4849,-55.2615819444715,0.44679604080944346,0.9178198220418057,0.917880560914776,0.0
pp_primary_long,B,1.7453292519943295,0.5555555555555556,4850,-55.73357487744885,-0.021835536946141182,0.9172544630312963,0.9178750971248926,0.8431036667659229
pp_primary_long,B,1.7453292519943295,0.5555555555555556,4851,-55.91797539282068,-0.17995259225019677,0.9178198890249576,0.9178805714351281,0.0
pp_primary_long,B,1.7453292519943295,0.5555555555555556,4852,-55.84885450276465,-0.06773865695668016,0.9172547075237978,0.9178751331699619,0.8431046752576512
pp_primary_long,B,1.7453292519943295,0.5555555555555556,4853,-56.49909066624931,-0.7322162715456632,0.9178202553084311,0.9178806233542237,0.0
pp_primary_long,B,1.7453292519943295,0.5555555555555556,4854,-55.930265147925525,-0.0967970842871864,0.9172548970551838,0.9178751621392635,0.8431054256780212
pp_primary_long,B,1.7453292519943295,0.5555555555555556,4855,-56.71823739314608,-0.9263135774110882,0.9178201723620478,0.9178806140852072,0.0
pp_primary_long,B,1.7453292519943295,0.5555555555555556,4856,-55.947795167012025,-0.09408387799254267,0.9172552291526358,0.9178752256442481,0.8431062409863922
pp_primary_long,B,1.7453292519943295,0.5555555555555556,4857,-56.4746485821703,-0.6625416747723678,0.9178201204835283,0.9178806064493467,0.0
pp_primary_long,B,1.7453292519943295,0.5555555555555556,4858,-55.9042557217022,-0.060996428369028695,0.9172546331464556,0.9178751309185446,0.8431040516668183
pp_primary_long,B,1.7453292519943295,0.5555555555555556,4859,-55.90525905641577,-0.07639280887768685,0.9178201095128439,0.917880606495908,0.0
pp_primary_long,B,1.7453292519943295,0.5555555555555556,4860,-55.83380317576692,-0.014524469717749205,0.9172544087834301,0.91787508503453,0.8431036290838031
pp_primary_long,B,1.7453292519943295,0.5555555555555556,4861,-55.3143530422899,0.5310450388150799,0.9178198467075689,0.9178805620084327,0.0
pp_primary_long,B,1.7453292519943295,0.5555555555555556,4862,-55.78444635323068,0.02145560498856447,0.9172543507242886,0.9178750720872138,0.8431035453495371
pp_primary_long,B,1.7453292519943295,0.5555555555555556,4863,-55.01726597229999,0.8477495540010693,0.9178197470280068,0.9178805482922165,0.0
pp_primary_long,B,1.7453292519943295,0.5555555555555556,4864,-55.793337039657786,0.02846535933456383,0.917253765092238,0.9178749702317855,0.8431017068910814
pp_primary_long,B,1.7453292519943295,0.5555555555555556,4865,-55.17841258409034,0.7110412066525675,0.9178197853408643,0.9178805544006097,0.0
pp_primary_long,B,1.7453292519943295,0.5555555555555556,4866,-55.867722615904924,0.0029008430656484174,0.917253805503785,0.9178749911343431,0.8431013104221352
pp_primary_long,B,1.7453292519943295,0.5555555555555556,4867,-55.72682007590971,0.19114320181918265,0.9178196446321483,0.9178805351140085,0.0
pp_primary_long,B,1.7453292519943295,0.5555555555555556,4868,-55.98119651640739,-0.0421042010106307,0.9172542815043296,0.917875064391811,0.8431031484759224
pp_primary_long,B,1.7453292519943295,0.5555555555555556,4869,-56.392597221261404,-0.444891202160394,0.9178199295210296,0.917880576124153,0.0
pp_primary_long,B,1.7453292519943295,0.5555555555555556,4870,-56.08727757614682,-0.08343251447486673,0.9172542952685916,0.9178750661584916,0.8431032119008584
pp_primary_long,B,1.7453292519943295,0.5555555555555556,4871,-56.845560753365994,-0.8703494091624628,0.9178201343687584,0.9178806063943825,0.0
pp_primary_long,B,1.7453292519943295,0.5555555555555556,4872,-56.14327622892704,-0.09985250788584221,0.9172550827188343,0.9178751896635376,0.8431061751851142
pp_primary_long,B,1.7453292519943295,0.5555555555555556,4873,-56.86484548288641,-0.8666872455292545,0.9178201008872721,0.9178806020861044,0.0
pp_primary_long,B,1.7453292519943295,0.5555555555555556,4874,-56.132247002209965,-0.08293460345481436,0.9172550487516621,0.9178751991603425,0.8431054894601145
pp_primary_long,B,1.7453292519943295,0.5555555555555556,4875,-56.452347974007345,-0.43578337606953604,0.9178202465984482,0.9178806262590632,0.0
pp_primary_long,B,1.7453292519943295,0.5555555555555556,4876,-56.07165370213223,-0.041365744631837766,0.9172547212534032,0.9178751410806306,0.8431045299283599
pp_primary_long,B,1.7453292519943295,0.5555555555555556,4877,-55.8317694770278,0.20101825561767234,0.9178201133740935,0.917880606197469,0.0
pp_primary_long,B,1.7453292519943295,0.5555555555555556,4878,-56.00442948268885,0.003500837963818823,0.9172547805796913,0.9178751535096014,0.8431046369102639
pp_primary_long,B,1.7453292519943295,0.5555555555555556,4879,-55.33368187445534,0.7166115990371854,0.9178199058280189,0.9178805719173907,0.0
pp_primary_long,B,1.7453292519943295,0.5555555555555556,4880,-55.97691349426973,0.028618235516968932,0.9172543811812157,0.9178750713585978,0.8431038600194406
pp_primary_long,B,1.7453292519943295,0.5555555555555556,4881,-55.225750748614786,0.846151291187447,0.9178199059057686,0.9178805724489647,0.0
pp_primary_long,B,1.7453292519943295,0.5555555555555556,4882,-56.01504311086863,0.02108571881742971,0.9172538017852241,0.9178749826291779,0.8431016055012277
pp_primary_long,B,1.7453292519943295,0.5555555555555556,4883,-55.57521948299617,0.5231000178281482,0.9178196962732604,0.9178805403988042,0.0
pp_primary_long,B,1.7453292519943295,0.5555555555555556,4884,-56.11104697041738,-0.015230537040639591,0.917254033835051,0.917875024219018,0.8431022795564151
pp_primary_long,B,1.7453292519943295,0.5555555555555556,4885,-56.2143860488336,-0.08660273796575968,0.9178196306090078,0.91788053335586,0.0
pp_primary_long,B,1.7453292519943295,0.5555555555555556,4886,-56.22741312698048,-0.06167408421296454,0.9172538130823431,0.9178749904083146,0.8431014030543218
pp_primary_long,B,1.7453292519943295,0.5555555555555556,4887,-56.82673487107517,-0.6697706617146766,0.9178199252090127,0.9178805751468232,0.0
pp_primary_long,B,1.7453292519943295,0.5555555555555556,4888,-56.31617204850865,-0.09438752257682115,0.9172542871834417,0.9178750596598635,0.8431033771759547
pp_primary_long,B,1.7453292519943295,0.5555555555555556,4889,-57.10953150697291,-0.9268501293815606,0.9178199332174966,0.9178805765615664,0.0
pp_primary_long,B,1.7453292519943295,0.5555555555555556,4890,-56.34353801435938,-0.09656652880569394,0.9172549681293042,0.9178751747560123,0.8431056255151576
pp_primary_long,B,1.7453292519943295,0.5555555555555556,4891,-56.929313246283435,-0.7257855948642157,0.9178201380468801,0.9178806063859369,0.0
pp_primary_long,B,1.7453292519943295,0.5555555555555556,4892,-56.30726856126447,-0.06709523417454129,0.9172547889776586,0.9178751510267118,0.8431047960493151
pp_primary_long,B,1.7453292519943295,0.5555555555555556,4893,-56.390464953991874,-0.16985681801781893,0.9178202520415304,0.9178806280901224,0.0
pp_primary_long,B,1.7453292519943295,0.5555555555555556,4894,-56.23779055862188,-0.021107921401057217,0.9172549568417212,0.9178751841656585,0.8431051791407598
pp_primary_long,B,1.7453292519943295,0.5555555555555556,4895,-55.78158046945833,0.45537200288303975,0.9178200860373125,0.9178806009309063,0.0
pp_primary_long,B,1.7453292519943295,0.5555555555555556,4896,-56.18261077420698,0.017768706245594165,0.9172549641908312,0.917875181962271,0.8431053272601093
pp_primary_long,B,1.7453292519943295,0.5555555555555556,4897,-55.42723223852754,0.8287379749724922,0.9178200662750328,0.9178805980358421,0.0
pp_primary_long,B,1.7453292519943295,0.5555555555555556,4898,-56.18186744691488,0.029570265717218713,0.9172543571077906,0.917875069028314,0.8431037223390722
pp_primary_long,B,1.7453292519943295,0.5555555555555556,4899,-55.52124711944707,0.7584555543849266,0.9178199740555452,0.9178805809230064,0.0
pp_primary_long,B,1.7453292519943295,0.5555555555555556,4900,-56.2477590728481,0.008230396469926085,0.9172542014986144,0.9178750502377688,0.8431029329802209
pp_primary_long,B,1.7453292519943295,0.5555555555555556,4901,-56.027136886127664,0.28062764426542297,0.9178196465196449,0.9178805344112035,0.0
pp_primary_long,B,1.7453292519943295,0.5555555555555556,4902,-56.35824430092884,-0.03528823397445975,0.9172539522453927,0.9178750096379179,0.8431020348024585
pp_primary_long,B,1.7453292519943295,0.5555555555555556,4903,-56.696849985968264,-0.3593004226612035,0.9178197466185062,0.9178805498716267,0.0
pp_primary_long,B,1.7453292519943295,0.5555555555555556,4904,-56.46837839561867,-0.07863236370731479,0.9172535911343881,0.9178749543074142,0.8431006179237353
pp_primary_long,B,1.7453292519943295,0.5555555555555556,4905,-57.19818173294931,-0.8326172739068647,0.9178197739802191,0.9178805535783537,0.0
pp_primary_long,B,1.7453292519943295,0.5555555555555556,4906,-56.533387572308285,-0.0995337562642193,0.9172543873387332,0.9178750745079071,0.8431037911255927
pp_primary_long,B,1.7453292519943295,0.5555555555555556,4907,-57.285420447505714,-0.8961967900982338,0.917819845923636,0.9178805616184473,0.0
pp_primary_long,B,1.7453292519943295,0.5555555555555556,4908,-56.53169556891132,-0.08726013121273193,0.9172545416350802,0.9178751055987466,0.8431041088520729
pp_primary_long,B,1.7453292519943295,0.5555555555555556,4909,-56.92555875080621,-0.5173774668932593,0.917820152654435,0.9178806097093568,0.0
pp_primary_long,B,1.7453292519943295,0.5555555555555556,4910,-56.47596985172966,-0.048112852800433634,0.9172547225637872,0.9178751355932244,0.8431047332917021
pp_primary_long,B,1.7453292519943295,0.5555555555555556,4911,-56.31525864707783,0.10925287446870535,0.9178201427521764,0.9178806105220552,0.0
pp_primary_long,B,1.7453292519943295,0.5555555555555556,4912,-56.40665004566728,-0.0022039030017122763,0.9172551079156667,0.9178752140254229,0.8431055012297378
pp_primary_long,B,1.7453292519943295,0.5555555555555556,4913,-55.77981238043112,0.661813297966281,0.9178201265037128,0.917880608017909,0.0
pp_primary_long,B,1.7453292519943295,0.5555555555555556,4914,-56.371146440723486,0.026886592520311642,0.9172548959660287,0.9178751652853465,0.8431052972517455
pp_primary_long,B,1.7453292519943295,0.5555555555555556,4915,-55.60607620811059,0.8564681710803301,0.9178202124126158,0.917880619383888,0.0
pp_primary_long,B,1.7453292519943295,0.5555555555555556,4916,-56.399498648439554,0.024217242379074633,0.9172545856466024,0.9178751137088695,0.8431042572400838
pp_primary_long,B,1.7453292519943295,0.5555555555555556,4917,-55.895095206789435,0.5932310752987872,0.9178199413042576,0.9178805762152665,0.0
pp_primary_long,B,1.7453292519943295,0.5555555555555556,4918,-56.48895676945586,-0.008843448750894933,0.9172545611859435,0.9178751052859331,0.8431043302215231
pp_primary_long,B,1.7453292519943295,0.5555555555555556,4919,-56.510219207189735,0.007318098318885524,0.9178197735865378,0.9178805541345697,0.0
pp_primary_long,B,1.7453292519943295,0.5555555555555556,4920,-56.605375336259335,-0.055313054115911,0.9172537198002735,0.9178749758361359,0.8431010577332797
pp_primary_long,B,1.7453292519943295,0.5555555555555556,4921,-57.147282118537916,-0.6003027676401952,0.9178197879408857,0.9178805559951608,0.0
pp_primary_long,B,1.7453292519943295,0.5555555555555556,4922,-56.700758584864246,-0.0913208699715014,0.9172538189294126,0.9178749877295785,0.8431015734383589
pp_primary_long,B,1.7453292519943295,0.5555555555555556,4923,-57.4908545535486,-0.917518393848214,0.9178196275427338,0.9178805314430871,0.0
pp_primary_long,B,1.7453292519943295,0.5555555555555556,4924,-56.737916838356895,-0.09836997161336633,0.9172541863343183,0.9178750459156553,0.8431029272532348
pp_primary_long,B,1.7453292519943295,0.5555555555555556,4925,-57.376255559979455,-0.7813844520734314,0.9178198762237032,0.9178805655896816,0.0
pp_primary_long,B,1.7453292519943295,0.5555555555555556,4926,-56.70957182047691,-0.07284062111002182,0.9172542032314734,0.9178750431767579,0.8431031875086872
pp_primary_long,B,1.7453292519943295,0.5555555555555556,4927,-56.874164111773354,-0.2618280294886815,0.9178200420010032,0.9178805939131303,0.0
pp_primary_long,B,1.7453292519943295,0.5555555555555556,4928,-56.642085552101435,-0.02784440631893817,0.917254760522366,0.9178751461087812,0.8431046966572913
pp_primary_long,B,1.7453292519943295,0.5555555555555556,4929,-56.254290660887456,0.374272087390175,0.917820037745599,0.9178805933551715,0.0
pp_primary_long,B,1.7453292519943295,0.5555555555555556,4930,-56.5819430447048,0.013500570614569121,0.9172549943871641,0.9178751909086693,0.8431052720275715
pp_primary_long,B,1.7453292519943295,0.5555555555555556,4931,-55.84685440576857,0.8001692307828869,0.9178202196278376,0.9178806231802789,0.0
pp_primary_long,B,1.7453292519943295,0.5555555555555556,4932,-56.57182946962994,0.02996274559398182,0.9172548039112854,0.9178751527755764,0.8431048843884735
pp_primary_long,B,1.7453292519943295,0.5555555555555556,4933,-55.87295061806062,0.7970928230276877,0.9178202190397773,0.9178806188525297,0.0
pp_primary_long,B,1.7453292519943295,0.5555555555555556,4934,-56.62875466468996,0.013082558472851433,0.917255023385053,0.917875185896136,0.8431057626233683
pp_primary_long,B,1.7453292519943295,0.5555555555555556,4935,-56.33097987487797,0.3666224208783941,0.9178199702459822,0.9178805825188502,0.0
pp_primary_long,B,1.7453292519943295,0.5555555555555556,4936,-56.73528230304185,-0.028467754698670925,0.9172545494521391,0.9178751040000783,0.8431042563408683
pp_primary_long,B,1.7453292519943295,0.5555555555555556,4937,-56.997474368268236,-0.27012084632343,0.9178199692045506,0.9178805824426465,0.0
pp_primary_long,B,1.7453292519943295,0.5555555555555556,4938,-56.84850446157622,-0.07334756542330179,0.9172538424449287,0.9178749969012636,0.8431014620228686
pp_primary_long,B,1.7453292519943295,0.5555555555555556,4939,-57.541883336714534,-0.7860606368358714,0.9178197095247463,0.9178805452658849,0.0
pp_primary_long,B,1.7453292519943295,0.5555555555555556,4940,-56.922063033598164,-0.09850060762063502,0.9172540663944688,0.9178750290549484,0.8431024156364164
pp_primary_long,B,1.7453292519943295,0.5555555555555556,4941,-57.69636700314625,-0.9161770928662507,0.9178196490016328,0.9178805333399438,0.0
pp_primary_long,B,1.7453292519943295,0.5555555555555556,4942,-56.92998629368804,-0.0910092370379398,0.9172538246137408,0.9178749863550528,0.8431016698323063
pp_primary_long,B,1.7453292519943295,0.5555555555555556,4943,-57.393378204872185,-0.5936326650174628,0.9178198699148569,0.9178805663603101,0.0
pp_primary_long,B,1.7453292519943295,0.5555555555555556,4944,-56.879999824088266,-0.05471697221853905,0.917254151394988,0.917875031693216,0.8431031194916067
pp_primary_long,B,1.7453292519943295,0.5555555555555556,4945,-56.8003627687814,0.01589163735587501,0.917819870662855,0.9178805663999365,0.0
pp_primary_long,B,1.7453292519943295,0.5555555555555556,4946,-56.80960042894733,-0.008271333746636245,0.9172546655621413,0.9178751333875395,0.8431042571739067
pp_primary_long,B,1.7453292519943295,0.5555555555555556,4947,-56.23373528480415,0.599303500808211,0.9178200159565537,0.9178805908669156,0.0
pp_primary_long,B,1.7453292519943295,0.5555555555555556,4948,-56.76675144456584,0.0244722764252968,0.9172546800879566,0.9178751333233319,0.8431044063861355
pp_primary_long,B,1.7453292519943295,0.5555555555555556,4949,-55.9963688111318,0.8569207641833805,0.917820241211533,0.917880625391229,0.0
pp_primary_long,B,1.7453292519943295,0.5555555555555556,4950,-56.78526726744508,0.026695232985738726,0.9172549331404966,0.9178751794795992,0.8431051213820898
pp_primary_long,B,1.7453292519943295,0.5555555555555556,4951,-56.22199278124131,0.6564131614005294,0.9178201355376739,0.9178806071128817,0.0
pp_primary_long,B,1.7453292519943295,0.5555555555555556,4952,-56.8674457940583,-0.0027447837657606083,0.9172552312416621,0.9178752155625046,0.8431066426570313
pp_primary_long,B,1.7453292519943295,0.5555555555555556,4953,-56.80652148793689,0.10077366732046211,0.9178201379173895,0.9178806076631426,0.0
pp_primary_long,B,1.7453292519943295,0.5555555555555556,4954,-56.98288164115682,-0.04872556505003547,0.917254454748272,0.9178750936295113,0.843103737261313
pp_primary_long,B,1.7453292519943295,0.5555555555555556,4955,-57.46150472864031,-0.5245790592849071,0.9178200336546098,0.9178805921029377,0.0
pp_primary_long,B,1.7453292519943295,0.5555555555555556,4956,-57.08408676987649,-0.08762870359089658,0.9172543240672069,0.9178750731364566,0.8431032557618439
pp_primary_long,B,1.7453292519943295,0.5555555555555556,4957,-57.86230792383951,-0.898422358332406,0.9178196912012604,0.9178805425890921,0.0
pp_primary_long,B,1.7453292519943295,0.5555555555555556,4958,-57.13088378157957,-0.09947131917255092,0.9172539998980569,0.9178750232760159,0.8431019826132669
pp_primary_long,B,1.7453292519943295,0.5555555555555556,4959,-57.81485292218029,-0.8287242920626958,0.9178197714489947,0.9178805521382735,0.0
pp_primary_long,B,1.7453292519943295,0.5555555555555556,4960,-57.111037464747554,-0.07816888766964958,0.9172537172243522,0.9178749628483861,0.84310152008727
pp_primary_long,B,1.7453292519943295,0.5555555555555556,4961,-57.355329092121664,-0.35128804102005695,0.9178197652693766,0.9178805509084824,0.0
pp_primary_long,B,1.7453292519943295,0.5555555555555556,4962,-57.046546077827415,-0.03466233458213002,0.917254199149773,0.9178750451526307,0.8431030803422397
pp_primary_long,B,1.7453292519943295,0.5555555555555556,4963,-56.73157994765837,0.2886436622213657,0.9178197699581941,0.9178805499884682,0.0
pp_primary_long,B,1.7453292519943295,0.5555555555555556,4964,-56.98235538828786,0.00869560741752877,0.9172543567751125,0.9178750762348513,0.8431034273349087
pp_primary_long,B,1.7453292519943295,0.5555555555555556,4965,-56.275817505854974,0.7623577932795566,0.9178200276372707,0.91788059359776,0.0
pp_primary_long,B,1.7453292519943295,0.5555555555555556,4966,-56.96323327831119,0.02963789167431191,0.9172544433786056,0.9178750970579967,0.8431034803026473
pp_primary_long,B,1.7453292519943295,0.5555555555555556,4967,-56.233958509570016,0.8265224472512669,0.9178201190234325,0.917880605738507,0.0
pp_primary_long,B,1.7453292519943295,0.5555555555555556,4968,-57.01081682242133,0.017403979225071947,0.9172551325521259,0.917875209796465,0.8431058969957248
pp_primary_long,B,1.7453292519943295,0.5555555555555556,4969,-56.63931095434883,0.4481755268541132,0.9178201289055434,0.9178806074632062,0.0
pp_primary_long,B,1.7453292519943295,0.5555555555555556,4970,-57.11246362509458,-0.02171868712754707,0.9172550306591792,0.9178751839873267,0.8431058927701136
pp_primary_long,B,1.7453292519943295,0.5555555555555556,4971,-57.295465137985076,-0.17833660068576296,0.9178202863971059,0.9178806284893233,0.0
pp_primary_long,B,1.7453292519943295,0.5555555555555556,4972,-57.22777287661418,-0.06763658743109849,0.9172547110867503,0.9178751357689764,0.8431046358333314
pp_primary_long,B,1.7453292519943295,0.5555555555555556,4973,-57.877182516788736,-0.7311925051102426,0.9178199856472476,0.9178805862532212,0.0
pp_primary_long,B,1.7453292519943295,0.5555555555555556,4974,-57.30931889528971,-0.09676206751258573,0.9172546474940144,0.9178751282937755,0.8431042956121051
pp_primary_long,B,1.7453292519943295,0.5555555555555556,4975,-58.09745807202885,-0.9264076018063621,0.9178198386162985,0.9178805639407452,0.0
pp_primary_long,B,1.7453292519943295,0.5555555555555556,4976,-57.32702731579312,-0.09413705522582774,0.9172538788122087,0.9178750030626477,0.8431015710685983
pp_primary_long,B,1.7453292519943295,0.5555555555555556,4977,-57.85495093233366,-0.6637061120537444,0.9178198267471572,0.9178805620932248,0.0
pp_primary_long,B,1.7453292519943295,0.5555555555555556,4978,-57.28359493493152,-0.06110420409649715,0.9172539273833938,0.9178749977193582,0.8431022508755432
pp_primary_long,B,1.7453292519943295,0.5555555555555556,4979,-57.286037691940706,-0.07803131583476763,0.9178196663808668,0.9178805341127964,0.0
pp_primary_long,B,1.7453292519943295,0.5555555555555556,4980,-57.21315129926415,-0.014636636901317931,0.9172541194030157,0.9178750338987884,0.8431027358964336
pp_primary_long,B,1.7453292519943295,0.5555555555555556,4981,-56.69475441689018,0.5297751385553499,0.9178197792435874,0.9178805528684432,0.0
pp_primary_long,B,1.7453292519943295,0.5555555555555556,4982,-57.16368112181566,0.021399398978276557,0.9172539991727369,0.9178750123256767,0.8431023757140472
pp_primary_long,B,1.7453292519943295,0.5555555555555556,4983,-56.396637898622096,0.8475024605802876,0.9178199584800985,0.9178805819912379,0.0
pp_primary_long,B,1.7453292519943295,0.5555555555555556,4984,-57.17240651525794,0.028491514297973572,0.9172544494468668,0.9178751017715,0.8431033568404418
pp_primary_long,B,1.7453292519943295,0.5555555555555556,4985,-56.5566223772505,0.7119439159080982,0.9178199586832878,0.9178805822740029,0.0
pp_primary_long,B,1.7453292519943295,0.5555555555555556,4986,-57.246650887150395,0.0029977818002489,0.9172550061765338,0.9178751838457669,0.8431056518184243
pp_primary_long,B,1.7453292519943295,0.5555555555555556,4987,-57.10433968556252,0.19272899504241686,0.9178202213241506,0.9178806204197993,0.0
pp_primary_long,B,1.7453292519943295,0.5555555555555556,4988,-57.3600812564536,-0.041985629354960655,0.9172548273368915,0.917875154644365,0.843105036148041
pp_primary_long,B,1.7453292519943295,0.5555555555555556,4989,-57.77024878908857,-0.44343516311669745,0.9178202556571508,0.9178806243116727,0.0
pp_primary_long,B,1.7453292519943295,0.5555555555555556,4990,-57.466239381925526,-0.08335239056290948,0.917255147055312,0.9178752041117767,0.8431062685484875
pp_primary_long,B,1.7453292519943295,0.5555555555555556,4991,-58.22410208490332,-0.8697713498200409,0.9178200164550857,0.9178805908974469,0.0
pp_primary_long,B,1.7453292519943295,0.5555555555555556,4992,-57.52240854589329,-0.09985612029554496,0.9172546016298821,0.9178751257279205,0.8431039389801778
pp_primary_long,B,1.7453292519943295,0.5555555555555556,4993,-58.244571594317456,-0.8672817568776535,0.9178200200266453,0.917880591699791,0.0
pp_primary_long,B,1.7453292519943295,0.5555555555555556,4994,-57.511538101815155,-0.08301744559272754,0.9172540671108342,0.9178750297824281,0.8431023976531938
pp_primary_long,B,1.7453292519943295,0.5555555555555556,4995,-57.83295603916152,-0.4372476179194216,0.9178197962008662,0.9178805572900923,0.0
pp_primary_long,B,1.7453292519943295,0.5555555555555556,4996,-57.451016468785575,-0.04148478133045594,0.9172541674123195,0.9178750442733369,0.843102822007106
pp_primary_long,B,1.7453292519943295,0.5555555555555556,4997,-57.212489855940944,0.19943566289854214,0.9178196849375377,0.9178805367319411,0.0
pp_primary_long,B,1.7453292519943295,0.5555555555555556,4998,-57.38374455047355,0.00340532981841013,0.9172539183405501,0.9178749943555485,0.8431022779546782
pp_primary_long,B,1.7453292519943295,0.5555555555555556,4999,-56.713700177277886,0.7157236340055649,0.9178198131914674,0.9178805589796261,0.0
pp_primary_long,B,1.7453292519943295,0.5555555555555556,5000,-57.356077336670765,0.02859712199746771,0.9172538593271431,0.9178749934931083,0.8431017345437213
pp_primary_long,B,1.7453292519943295,0.5555555555555556,5001,-56.604603164373174,0.8464173628081906,0.9178197921550326,0.9178805556208295,0.0
pp_primary_long,B,1.7453292519943295,0.5555555555555556,5002,-57.39404426390696,0.02114611200872475,0.9172544693950367,0.9178751008146874,0.8431035888612233
pp_primary_long,B,1.7453292519943295,0.5555555555555556,5003,-56.95304627828651,0.524381233661448,0.9178199147287217,0.9178805763976176,0.0
pp_primary_long,B,1.7453292519943295,0.5555555555555556,5004,-57.489940103957565,-0.015116285646642497,0.9172545570807387,0.9178751113821483,0.8431040410180972
pp_primary_long,B,1.7453292519943295,0.5555555555555556,5005,-57.591851996732714,-0.08496452330256243,0.9178202362432835,0.917880621405994,0.0
pp_primary_long,B,1.7453292519943295,0.5555555555555556,5006,-57.6063147893895,-0.061564374124725894,0.9172549625632809,0.917875174618668,0.843105585827622
pp_primary_long,B,1.7453292519943295,0.5555555555555556,5007,-58.204693326719685,-0.6686181354602283,0.9178201359204207,0.9178806076369876,0.0
pp_primary_long,B,1.7453292519943295,0.5555555555555556,5008,-57.69519657138828,-0.09433849426556506,0.9172552456232081,0.9178752224447116,0.8431065186436397
pp_primary_long,B,1.7453292519943295,0.5555555555555556,5009,-58.488576718934375,-0.9267734235790263,0.9178201700145296,0.9178806128038076,0.0
pp_primary_long,B,1.7453292519943295,0.5555555555555556,5010,-57.722744549393155,-0.0966071154413843,0.9172545499321638,0.9178751158981279,0.843103815653797
pp_primary_long,B,1.7453292519943295,0.5555555555555556,5011,-58.30948941183474,-0.7268229549001113,0.9178200782406261,0.9178806017232377,0.0
pp_primary_long,B,1.7453292519943295,0.5555555555555556,5012,-57.68660354331504,-0.06720017025701247,0.917254473524066,0.9178750991956557,0.8431037183145983
pp_primary_long,B,1.7453292519943295,0.5555555555555556,5013,-57.771229635813064,-0.17147720859473975,0.9178198041446383,0.917880557117659,0.0
pp_primary_long,B,1.7453292519943295,0.5555555555555556,5014,-57.617155499553014,-0.021227389084980577,0.917254239193899,0.9178750570760071,0.8431030253010061
pp_primary_long,B,1.7453292519943295,0.5555555555555556,5015,-57.16208991170358,0.45399931182395603,0.9178198036204746,0.9178805567350227,0.0
pp_primary_long,B,1.7453292519943295,0.5555555555555556,5016,-57.561869513160964,0.017700968604441092,0.9172538031734819,0.9178749732531032,0.8431019625257654
pp_primary_long,B,1.7453292519943295,0.5555555555555556,5017,-56.80677778977497,0.8283194294570527,0.9178197729935844,0.9178805513160042,0.0
pp_primary_long,B,1.7453292519943295,0.5555555555555556,5018,-57.560960711090694,0.029584618033498905,0.9172539853633256,0.9178750176359015,0.8431020522030119
pp_primary_long,B,1.7453292519943295,0.5555555555555556,5019,-56.89960757281537,0.7592077616185462,0.917819666389789,0.9178805374913755,0.0
pp_primary_long,B,1.7453292519943295,0.5555555555555556,5020,-57.62670126721523,0.008320205430773081,0.9172541878982787,0.9178750496275881,0.8431027973936
pp_primary_long,B,1.7453292519943295,0.5555555555555556,5021,-57.404706697692276,0.28216327219172355,0.9178199549270577,0.9178805814535577,0.0
pp_primary_long,B,1.7453292519943295,0.5555555555555556,5022,-57.737126108787486,-0.03516858746134938,0.917254264478263,0.9178750658001774,0.8431029256495783
pp_primary_long,B,1.7453292519943295,0.5555555555555556,5023,-58.07442556314087,-0.3577704265670364,0.9178200778784834,0.9178805983788748,0.0
pp_primary_long,B,1.7453292519943295,0.5555555555555556,5024,-57.84731749017489,-0.07854150602343414,0.917255136570522,0.9178751993074222,0.8431063305365307
pp_primary_long,B,1.7453292519943295,0.5555555555555556,5025,-58.57655873734029,-0.831880916278646,0.9178201181122266,0.9178806041199062,0.0
pp_primary_long,B,1.7453292519943295,0.5555555555555556,5026,-57.91248727277498,-0.0995219047819706,0.9172549721903211,0.9178751810363095,0.8431054344690103
pp_primary_long,B,1.7453292519943295,0.5555555555555556,5027,-58.664979307408025,-0.8966288571854155,0.917820277147175,0.9178806292638576,0.0
pp_primary_long,B,1.7453292519943295,0.5555555555555556,5028,-57.910962355493815,-0.08733135300967698,0.9172547780913212,0.9178751492952557,0.8431047697332655
pp_primary_long,B,1.7453292519943295,0.5555555555555556,5029,-58.30608099957624,-0.5187562949119804,0.91782004757239,0.9178805967896554,0.0
pp_primary_long,B,1.7453292519943295,0.5555555555555556,5030,-57.8553355269703,-0.04823267468834272,0.9172547530596978,0.917875151938743,0.8431044226352676
pp_primary_long,B,1.7453292519943295,0.5555555555555556,5031,-57.69601897302009,0.10763473027656262,0.917819922991377,0.9178805756475105,0.0
pp_primary_long,B,1.7453292519943295,0.5555555555555556,5032,-57.78598705118981,-0.002309448840804487,0.9172542242253882,0.917875049006023,0.8431031830289271
pp_primary_long,B,1.7453292519943295,0.5555555555555556,5033,-57.1599771128532,0.6607847534111578,0.9178199077409747,0.9178805728118605,0.0
pp_primary_long,B,1.7453292519943295,0.5555555555555556,5034,-57.7503394466026,0.02685158157048209,0.9172539631028553,0.9178750062207511,0.8431022786926083
pp_primary_long,B,1.7453292519943295,0.5555555555555556,5035,-56.98510562748677,0.8565597703774684,0.917819686001886,0.917880537278488,0.0
pp_primary_long,B,1.7453292519943295,0.5555555555555556,5036,-57.778522359817345,0.024266607342287153,0.9172540823843598,0.917875028991974,0.8431025656110401
pp_primary_long,B,1.7453292519943295,0.5555555555555556,5037,-57.27303994307629,0.5943955617969457,0.9178196949122381,0.917880542749617,0.0
pp_primary_long,B,1.7453292519943295,0.5555555555555556,5038,-57.86785883292305,-0.008733699992015106,0.9172537616825233,0.9178749817941438,0.8431012286005773
pp_primary_long,B,1.7453292519943295,0.5555555555555556,5039,-57.887682927042405,0.008959047906686723,0.9178199022124107,0.917880572661253,0.0
pp_primary_long,B,1.7453292519943295,0.5555555555555556,5040,-57.98426767903824,-0.055198839093248034,0.9172543412357607,0.9178750748850272,0.8431033252023643
pp_primary_long,B,1.7453292519943295,0.5555555555555556,5041,-58.5251192737291,-0.5990315226739393,0.9178198993457686,0.9178805721971157,0.0
pp_primary_long,B,1.7453292519943295,0.5555555555555556,5042,-58.079756971883974,-0.09125929657084138,0.9172549094807623,0.9178751640641422,0.8431054617618184
pp_primary_long,B,1.7453292519943295,0.5555555555555556,5043,-58.86972148635335,-0.9172693697884892,0.9178201893357038,0.917880613405264,0.0
pp_primary_long,B,1.7453292519943295,0.5555555555555556,5044,-58.11708899415317,-0.09839454019203904,0.9172547787939701,0.9178751457213784,0.8431048985850914
pp_primary_long,B,1.7453292519943295,0.5555555555555556,5045,-58.75628852369647,-0.7822838142518566,0.9178202241453557,0.9178806225033886,0.0
pp_primary_long,B,1.7453292519943295,0.5555555555555556,5046,-58.08888802378975,-0.07293675963722925,0.9172550716364158,0.9178752004133434,0.8431056726772177
pp_primary_long,B,1.7453292519943295,0.5555555555555556,5047,-58.25489176165639,-0.2634130026412046,0.9178200637822245,0.9178805980578189,0.0
pp_primary_long,B,1.7453292519943295,0.5555555555555556,5048,-58.02145843494517,-0.027967436459207393,0.9172547847920658,0.9178751563509528,0.8431045545440446
pp_primary_long,B,1.7453292519943295,0.5555555555555556,5049,-57.634890339300604,0.3728139356540816,0.9178200835420185,0.9178806015974903,0.0
pp_primary_long,B,1.7453292519943295,0.5555555555555556,5050,-57.96122851390164,0.013420263467896973,0.9172543299887747,0.9178750671680217,0.843103532220069
pp_primary_long,B,1.7453292519943295,0.5555555555555556,5051,-57.22656985641687,0.7995860448159366,0.9178199231553329,0.9178805733711217,0.0
pp_primary_long,B,1.7453292519943295,0.5555555555555556,5052,-57.95095328266042,0.029962581566301494,0.9172543130495466,0.9178750669154037,0.8431033792031458
pp_primary_long,B,1.7453292519943295,0.5555555555555556,5053,-57.251474757797595,0.7976844112636191,0.9178196907144816,0.9178805396534542,0.0
pp_primary_long,B,1.7453292519943295,0.5555555555555556,5054,-58.00771562121515,0.013163290046711698,0.9172539223743554,0.9178749995333354,0.8431021230880119
pp_primary_long,B,1.7453292519943295,0.5555555555555556,5055,-57.708622960945284,0.3680865408077913,0.9178197866985197,0.9178805556733911,0.0
pp_primary_long,B,1.7453292519943295,0.5555555555555556,5056,-58.11416714938403,-0.02834942151643402,0.9172536612303527,0.917874967763994,0.8431007896768922
pp_primary_long,B,1.7453292519943295,0.5555555555555556,5057,-58.37499549179092,-0.2685356316481362,0.9178197273209274,0.9178805470664249,0.0
pp_primary_long,B,1.7453292519943295,0.5555555555555556,5058,-58.2274299318131,-0.07324973541703961,0.9172543881390223,0.9178750793855622,0.8431036141163304
pp_primary_long,B,1.7453292519943295,0.5555555555555556,5059,-58.92010558332186,-0.7851719269087447,0.9178198686253614,0.9178805662747179,0.0
pp_primary_long,B,1.7453292519943295,0.5555555555555556,5060,-58.30113430688272,-0.09847512437602784,0.9172544362944588,0.9178750880979515,0.8431037490366023
pp_primary_long,B,1.7453292519943295,0.5555555555555556,5061,-59.07575170150273,-0.91643996783064,0.9178201706836775,0.9178806114134069,0.0
pp_primary_long,B,1.7453292519943295,0.5555555555555556,5062,-58.30922152864934,-0.09106588287434747,0.917254857062275,0.9178751540008189,0.8431053388122501
pp_primary_long,B,1.7453292519943295,0.5555555555555556,5063,-58.77379421552776,-0.5949115266968318,0.9178201060603226,0.9178806040112742,0.0
pp_primary_long,B,1.7453292519943295,0.5555555555555556,5064,-58.25935337938654,-0.054831349347094965,0.9172551031602387,0.9178752105393326,0.8431055847143951
pp_primary_long,B,1.7453292519943295,0.5555555555555556,5065,-58.181139639399454,0.01425537314253622,0.9178201589783512,0.9178806128718507,0.0
pp_primary_long,B,1.7453292519943295,0.5555555555555556,5066,-58.18894936511497,-0.008382817412903379,0.9172547339379723,0.9178751424234136,0.8431045935640369
pp_primary_long,B,1.7453292519943295,0.5555555555555556,5067,-57.61403085147681,0.598148282218399,0.9178201664600018,0.9178806137745473,0.0
pp_primary_long,B,1.7453292519943295,0.5555555555555556,5068,-58.14597471783865,0.024422833508035577,0.9172546461580295,0.9178751266062012,0.8431043532474946
pp_primary_long,B,1.7453292519943295,0.5555555555555556,5069,-57.375575546863416,0.8568395697017719,0.917819911771377,0.9178805716832141,0.0
pp_primary_long,B,1.7453292519943295,0.5555555555555556,5070,-58.16431870735207,0.02673137705854084,0.9172545244659007,0.9178750970853137,0.8431042780486695
pp_primary_long,B,1.7453292519943295,0.5555555555555556,5071,-57.60007152001363,0.6574467500674814,0.9178198390411979,0.91788056299434,0.0
pp_primary_long,B,1.7453292519943295,0.5555555555555556,5072,-58.24636111291485,-0.0026412905861129404,0.9172537615965155,0.9178749775019068,0.8431014009338761
pp_primary_long,B,1.7453292519943295,0.5555555555555556,5073,-58.184006780527604,0.10239488738620478,0.9178197745044656,0.9178805530393023,0.0
pp_primary_long,B,1.7453292519943295,0.5555555555555556,5074,-58.361770895311,-0.04860934104413063,0.9172539252577876,0.9178750080273486,0.8431018367627572
pp_primary_long,B,1.7453292519943295,0.5555555555555556,5075,-58.839240162818434,-0.5232051855292676,0.9178196171285059,0.917880530909006,0.0
pp_primary_long,B,1.7453292519943295,0.5555555555555556,5076,-58.46306867730442,-0.08755854143241529,0.9172540756293354,0.9178750307229256,0.8431024256793032
pp_primary_long,B,1.7453292519943295,0.5555555555555556,5077,-59.241002579926615,-0.8980021016014419,0.917819913617187,0.9178805722728843,0.0
pp_primary_long,B,1.7453292519943295,0.5555555555555556,5078,-58.51002761792157,-0.09948227605680594,0.9172542038068052,0.9178750449763746,0.8431031239442947
pp_primary_long,B,1.7453292519943295,0.5555555555555556,5079,-59.194731938549275,-0.8294742364885004,0.9178200104364591,0.9178805883048711,0.0
pp_primary_long,B,1.7453292519943295,0.5555555555555556,5080,-58.49032948626182,-0.07825385717748057,0.9172549084032527,0.9178751654261778,0.843105398654613
pp_primary_long,B,1.7453292519943295,0.5555555555555556,5081,-58.73599838178043,-0.35282106108341804,0.9178200608946153,0.9178805956487092,0.0
pp_primary_long,B,1.7453292519943295,0.5555555555555556,5082,-58.42591225612291,-0.03478286577931342,0.9172548785571392,0.9178751701734048,0.843104934836843
pp_primary_long,B,1.7453292519943295,0.5555555555555556,5083,-58.11224833682981,0.28711569862769426,0.917820234343277,0.917880625456116,0.0
pp_primary_long,B,1.7453292519943295,0.5555555555555556,5084,-58.36165767049978,0.008606687172169891,0.9172547958246093,0.9178751542829613,0.8431047483604395
pp_primary_long,B,1.7453292519943295,0.5555555555555556,5085,-57.655691174279696,0.7616191610468979,0.9178201404266463,0.9178806083730858,0.0
pp_primary_long,B,1.7453292519943295,0.5555555555555556,5086,-58.34238728902187,0.02962317001843874,0.917254990359196,0.9178751844964129,0.8431054890921802
pp_primary_long,B,1.7453292519943295,0.5555555555555556,5087,-57.61265041273533,0.8269501345151699,0.9178199947502022,0.9178805861891034,0.0
pp_primary_long,B,1.7453292519943295,0.5555555555555556,5088,-58.38980018026136,0.017473971504132588,0.9172544727776392,0.9178750876150332,0.8431041323761007
pp_primary_long,B,1.7453292519943295,0.5555555555555556,5089,-58.01704493341256,0.44955115390165545,0.917819990594188,0.9178805844972102,0.0
pp_primary_long,B,1.7453292519943295,0.5555555555555556,5090,-58.49135430644125,-0.021602880764491128,0.9172539864788365,0.9178750175281591,0.8431020797166339
pp_primary_long,B,1.7453292519943295,0.5555555555555556,5091,-58.67295412062316,-0.1767177364633607,0.9178196864999714,0.9178805407625329,0.0
pp_primary_long,B,1.7453292519943295,0.5555555555555556,5092,-58.6066899176121,-0.06753390823845302,0.9172540771277702,0.9178750313996518,0.8431024262300845
pp_primary_long,B,1.7453292519943295,0.5555555555555556,5093,-59.255265739922805,-0.7301633694148124,0.9178196854401001,0.9178805403017349,0.0
pp_primary_long,B,1.7453292519943295,0.5555555555555556,5094,-58.68837145317823,-0.09672679364382082,0.9172537070121576,0.9178749713556821,0.8431010948066698
pp_primary_long,B,1.7453292519943295,0.5555555555555556,5095,-59.47666993234545,-0.9264971526380875,0.9178198600234797,0.9178805654518823,0.0
pp_primary_long,B,1.7453292519943295,0.5555555555555556,5096,-58.70623910679078,-0.09418217430607789,0.9172542730867673,0.9178750529925989,0.8431034942089044
pp_primary_long,B,1.7453292519943295,0.5555555555555556,5097,-59.23524749402817,-0.6648698721934794,0.9178198531567618,0.9178805632068782,0.0
pp_primary_long,B,1.7453292519943295,0.5555555555555556,5098,-58.66293244147205,-0.06121130958989713,0.9172546778222445,0.9178751306972764,0.8431044779717962
pp_primary_long,B,1.7453292519943295,0.5555555555555556,5099,-58.666811092482796,-0.07966899766127217,0.9178200817736564,0.9178805993153049,0.0
pp_primary_long,B,1.7453292519943295,0.5555555555555556,5100,-58.5924995003582,-0.014748828738952058,0.917254644034715,0.9178751253663142,0.8431043580383584
pp_primary_long,B,1.7453292519943295,0.5555555555555556,5101,-58.075163129736325,0.5285053185682798,0.9178201956039607,0.9178806190049459,0.0
pp_primary_long,B,1.7453292519943295,0.5555555555555556,5102,-58.54292554679325,0.0213391420896637,0.9172549771708353,0.9178751901005728,0.8431051424362324
pp_primary_long,B,1.7453292519943295,0.5555555555555556,5103,-57.77601537695715,0.8472522220077123,0.9178201000975047,0.9178806027511599,0.0
pp_primary_long,B,1.7453292519943295,0.5555555555555556,5104,-58.551484601698725,0.02851461101252359,0.9172550666369482,0.9178751918196393,0.8431059432471449
pp_primary_long,B,1.7453292519943295,0.5555555555555556,5105,-57.93484255775206,0.7128389093581383,0.9178201646861366,0.9178806119724378,0.0
pp_primary_long,B,1.7453292519943295,0.5555555555555556,5106,-58.6255813772416,0.003093925405842024,0.9172544782298522,0.9178750942972709,0.8431039420863667
pp_primary_long,B,1.7453292519943295,0.5555555555555556,5107,-58.48186420176913,0.1943122609391411,0.9178200062938172,0.9178805863604508,0.0
pp_primary_long,B,1.7453292519943295,0.5555555555555556,5108,-58.73896798847505,-0.04186781133897433,0.9172544516267603,0.9178750911708786,0.8431038057149784
pp_primary_long,B,1.7453292519943295,0.5555555555555556,5109,-59.14790109515199,-0.4419774061305775,0.9178197112621131,0.9178805452392435,0.0
pp_primary_long,B,1.7453292519943295,0.5555555555555556,5110,-58.845207931966755,-0.08327487775415562,0.917253909426846,0.9178750077193464,0.8431016894155452
pp_primary_long,B,1.7453292519943295,0.5555555555555556,5111,-59.60263456772139,-0.8691865758955464,0.917819798061999,0.91788055707179,0.0
pp_primary_long,B,1.7453292519943295,0.5555555555555556,5112,-58.9015336223107,-0.0998570963792024,0.9172537191169841,0.9178749691239739,0.8431013024944201
pp_primary_long,B,1.7453292519943295,0.5555555555555556,5113,-59.62429309690302,-0.8678730223662784,0.9178197160958081,0.9178805442537866,0.0
pp_primary_long,B,1.7453292519943295,0.5555555555555556,5114,-58.89081497862884,-0.08309460997428701,0.9172542787879285,0.9178750582032299,0.8431033582823821
pp_primary_long,B,1.7453292519943295,0.5555555555555556,5115,-59.213552995282726,-0.4387111789334478,0.9178198162048734,0.9178805563187722,0.0
pp_primary_long,B,1.7453292519943295,0.5555555555555556,5116,-58.830373991061805,-0.04160176916885138,0.9172543032225002,0.9178750637093126,0.8431033807355534
pp_primary_long,B,1.7453292519943295,0.5555555555555556,5117,-58.5932097593432,0.19785292570723328,0.9178200583499305,0.9178805970317488,0.0
pp_primary_long,B,1.7453292519943295,0.5555555555555556,5118,-58.763054058725686,0.003311840734280466,0.9172545646341602,0.9178751142481936,0.8431040040910898
pp_primary_long,B,1.7453292519943295,0.5555555555555556,5119,-58.093720103155555,0.7148366238455024,0.9178200663557784,0.917880598051035,0.0
pp_primary_long,B,1.7453292519943295,0.5555555555555556,5120,-58.735253770869896,0.028570907624486122,0.9172550596560544,0.9178752021238406,0.8431054788383742
pp_primary_long,B,1.7453292519943295,0.5555555555555556,5121,-57.98346205086874,0.8466792752071669,0.9178201447068846,0.9178806108788531,0.0
pp_primary_long,B,1.7453292519943295,0.5555555555555556,5122,-58.773048931688194,0.02120541245799075,0.9172548836381464,0.9178751617530487,0.8431053106531026
pp_primary_long,B,1.7453292519943295,0.5555555555555556,5123,-58.33088143329239,0.5256571386413642,0.9178202610420195,0.9178806248837508,0.0
pp_primary_long,B,1.7453292519943295,0.5555555555555556,5124,-58.86883688739177,-0.015003539622251816,0.9172548140516649,0.9178751515078767,0.8431050360961849
pp_primary_long,B,1.7453292519943295,0.5555555555555556,5125,-58.96932467041238,-0.08332964135622917,0.9178199673426765,0.9178805820372754,0.0
pp_primary_long,B,1.7453292519943295,0.5555555555555556,5126,-58.98522132372622,-0.06145620750543152,0.9172546561818753,0.9178751244791451,0.8431045181435132
pp_primary_long,B,1.7453292519943295,0.5555555555555556,5127,-59.58265057978361,-0.6674629812145182,0.917819889836691,0.9178805713541813,0.0
pp_primary_long,B,1.7453292519943295,0.5555555555555556,5128,-59.074230937295695,-0.09429353799654505,0.9172538177045978,0.9178749941295345,0.8431013176441701
pp_primary_long,B,1.7453292519943295,0.5555555555555556,5129,-59.86761904229052,-0.9266905334930329,0.9178197965853984,0.9178805580043857,0.0
pp_primary_long,B,1.7453292519943295,0.5555555555555556,5130,-59.101941429349104,-0.09664389646737906,0.9172540040936021,0.917875015195519,0.8431023335371899
pp_primary_long,B,1.7453292519943295,0.5555555555555556,5131,-59.689658797980655,-0.7278578525475845,0.9178196472418102,0.9178805324188938,0.0
pp_primary_long,B,1.7453292519943295,0.5555555555555556,5132,-59.06593400275697,-0.06730334020779181,0.9172540537569244,0.9178750235190761,0.8431024883372166
pp_primary_long,B,1.7453292519943295,0.5555555555555556,5133,-59.15198582176646,-0.17309798290338546,0.9178198458967737,0.9178805621089474,0.0
pp_primary_long,B,1.7453292519943295,0.5555555555555556,5134,-58.99650392538578,-0.021340336567857013,0.9172540654585298,0.9178750191560479,0.8431027591771991
pp_primary_long,B,1.7453292519943295,0.5555555555555556,5135,-58.54259891931154,0.45262656099537,0.9178199357429889,0.9178805775634225,0.0
pp_primary_long,B,1.7453292519943295,0.5555555555555556,5136,-58.94112850270403,0.01763278178695149,0.9172545758044769,0.9178751206265103,0.8431038683185028
pp_primary_long,B,1.7453292519943295,0.5555555555555556,5137,-58.186321246826466,0.8279013673670577,0.9178199651665166,0.9178805830909483,0.0
pp_primary_long,B,1.7453292519943295,0.5555555555555556,5138,-58.940059747466314,0.029596796967763364,0.9172548404013035,0.9178751598388979,0.8431049537367689
pp_primary_long,B,1.7453292519943295,0.5555555555555556,5139,-58.27797434751837,0.7599569095126073,0.9178202238243138,0.9178806222707495,0.0
pp_primary_long,B,1.7453292519943295,0.5555555555555556,5140,-59.00564647213656,0.0084087124280489,0.9172548067150813,0.9178751541476977,0.8431048543559564
pp_primary_long,B,1.7453292519943295,0.5555555555555556,5141,-58.78228248605719,0.2836951523198475,0.917820198352028,0.9178806155624077,0.0
pp_primary_long,B,1.7453292519943295,0.5555555555555556,5142,-59.11600940335069,-0.03504923746227241,0.9172551958723396,0.9178752105950697,0.8431064911585482
pp_primary_long,B,1.7453292519943295,0.5555555555555556,5143,-59.45200717460868,-0.3562440933339972,0.9178200460954775,0.9178805943923901,0.0
pp_primary_long,B,1.7453292519943295,0.5555555555555556,5144,-59.22626765753911,-0.07845478561007473,0.9172545406246791,0.9178751100239002,0.8431039415288608
pp_primary_long,B,1.7453292519943295,0.5555555555555556,5145,-59.954935360665466,-0.831140628142466,0.9178200411297694,0.9178805939020033,0.0
pp_primary_long,B,1.7453292519943295,0.5555555555555556,5146,-59.29159133570656,-0.09951189276036218,0.9172541234082375,0.9178750412175408,0.8431025122438109
pp_primary_long,B,1.7453292519943295,0.5555555555555556,5147,-60.044539577001515,-0.897056400812627,0.9178197411575242,0.9178805499149845,0.0
pp_primary_long,B,1.7453292519943295,0.5555555555555556,5148,-59.29023031130853,-0.08740298527227522,0.9172541495080146,0.9178750447399808,0.8431026254595025
pp_primary_long,B,1.7453292519943295,0.5555555555555556,5149,-59.68659447967364,-0.5201332415552344,0.9178197216429332,0.9178805433077819,0.0
pp_primary_long,B,1.7453292519943295,0.5555555555555556,5150,-59.23469352063795,-0.04834944000239778,0.9172538288077681,0.9178749810333948,0.8431019115332601
pp_primary_long,B,1.7453292519943295,0.5555555555555556,5151,-59.07677767922539,0.10601472848198656,0.9178198269705983,0.9178805603859077,0.0
pp_primary_long,B,1.7453292519943295,0.5555555555555556,5152,-59.165307372801564,-0.0024085545556316312,0.9172540537593106,0.9178750209749834,0.8431025811950841
pp_primary_long,B,1.7453292519943295,0.5555555555555556,5153,-58.540136476633336,0.6597563331947403,0.917819783925901,0.9178805530475576,0.0
pp_primary_long,B,1.7453292519943295,0.5555555555555556,5154,-59.12953441382239,0.026815602531195915,0.9172544618539992,0.9178750982461669,0.843103612618986
pp_primary_long,B,1.7453292519943295,0.5555555555555556,5155,-58.364134388126296,0.8566510042566096,0.9178199611684208,0.9178805835689631,0.0
pp_primary_long,B,1.7453292519943295,0.5555555555555556,5156,-59.1575454676514,0.024316141244434306,0.9172544648981241,0.9178750982942989,0.843103642090508
pp_primary_long,B,1.7453292519943295,0.5555555555555556,5157,-58.65098678545177,0.5955598381733964,0.9178201877707135,0.9178806154419783,0.0
pp_primary_long,B,1.7453292519943295,0.5555555555555556,5158,-59.24676258384436,-0.008624791831951029,0.9172549962359722,0.9178751848665787,0.84310552140453
pp_primary_long,B,1.7453292519943295,0.5555555555555556,5159,-59.26515179962315,0.010595969558461815,0.9178201092509254,0.9178806036093713,0.0
pp_primary_long,B,1.7453292519943295,0.5555555555555556,5160,-59.363161856252866,-0.05508484541117525,0.9172551815876906,0.9178752083351056,0.843106430496631
pp_primary_long,B,1.7453292519943295,0.5555555555555556,5161,-59.90295867617363,-0.5977619588607146,0.9178202160395761,0.9178806186635581,0.0
pp_primary_long,B,1.7453292519943295,0.5555555555555556,5162,-59.45876542980536,-0.09120172696014565,0.9172545581643076,0.91787511365347,0.843103982683901
pp_primary_long,B,1.7453292519943295,0.5555555555555556,5163,-60.2485931787611,-0.9170169976407057,0.9178200444763019,0.9178805955548469,0.0
pp_primary_long,B,1.7453292519943295,0.5555555555555556,5164,-59.49626567931607,-0.09842077736916345,0.9172545553978241,0.9178751131448598,0.8431039797959892
pp_primary_long,B,1.7453292519943295,0.5555555555555556,5165,-60.13632053011332,-0.7831794286360095,0.9178197913988925,0.9178805564809353,0.0
pp_primary_long,B,1.7453292519943295,0.5555555555555556,5166,-59.46821485475976,-0.0730370939331379,0.9172540840757419,0.9178750357254776,0.843102324450919
pp_primary_long,B,1.7453292519943295,0.5555555555555556,5167,-59.63561678572975,-0.26499774080999455,0.9178198342613222,0.9178805620384484,0.0
pp_primary_long,B,1.7453292519943295,0.5555555555555556,5168,-59.40081640880047,-0.028084508238260114,0.9172538494650042,0.9178749818329395,0.843102088545711
pp_primary_long,B,1.7453292519943295,0.5555555555555556,5169,-59.01548939316532,0.37135336191228396,0.91781974225318,0.917880546128522,0.0
pp_primary_long,B,1.7453292519943295,0.5555555555555556,5170,-59.3405070164173,0.01334247879081324,0.9172541245833248,0.9178750368826692,0.8431026731106253
pp_primary_long,B,1.7453292519943295,0.5555555555555556,5171,-58.60627933728655,0.7990016346861399,0.9178197201873056,0.9178805441530958,0.0
pp_primary_long,B,1.7453292519943295,0.5555555555555556,5172,-59.33007228269225,0.029964318365064635,0.9172541271846476,0.9178750369957963,0.8431026846521006
pp_primary_long,B,1.7453292519943295,0.5555555555555556,5173,-58.629998133475105,0.7982768898639551,0.917819970959389,0.9178805844210798,0.0
pp_primary_long,B,1.7453292519943295,0.5555555555555556,5174,-59.38667581490682,0.013243879398470479,0.9172543041668441,0.9178750757385945,0.8431029334026073
pp_primary_long,B,1.7453292519943295,0.5555555555555556,5175,-59.08626477861457,0.3695517739641159,0.9178200189173844,0.9178805903408878,0.0
pp_primary_long,B,1.7453292519943295,0.5555555555555556,5176,-59.4930495261478,-0.028229933039523813,0.9172550919339307,0.9178751958630804,0.8431060270402555
pp_primary_long,B,1.7453292519943295,0.5555555555555556,5177,-59.752518407530935,-0.26695361753953456,0.9178201408812279,0.9178806079734498,0.0
pp_primary_long,B,1.7453292519943295,0.5555555555555556,5178,-59.606359171621605,-0.0731531887891055,0.9172548888659505,0.9178751640270271,0.8431052720385649
pp_primary_long,B,1.7453292519943295,0.5555555555555556,5179,-60.29832941613969,-0.7842830044842264,0.9178202823412156,0.9178806285321113,0.0
pp_primary_long,B,1.7453292519943295,0.5555555555555556,5180,-59.68020782073292,-0.09845044620164162,0.9172548960528687,0.9178751656231496,0.8431052933338881
pp_primary_long,B,1.7453292519943295,0.5555555555555556,5181,-60.45514231972656,-0.9167006290842279,0.9178200101792735,0.9178805906514486,0.0
pp_primary_long,B,1.7453292519943295,0.5555555555555556,5182,-59.68847198784578,-0.091128400572349,0.9172547102229317,0.9178751442596685,0.8431042922234463
pp_primary_long,B,1.7453292519943295,0.5555555555555556,5183,-60.154208505636,-0.5961871710697327,0.9178199535653317,0.9178805810672593,0.0
pp_primary_long,B,1.7453292519943295,0.5555555555555556,5184,-59.6387128777835,-0.054948016454631314,0.9172540916816361,0.9178750322473288,0.8431025331630995
pp_primary_long,B,1.7453292519943295,0.5555555555555556,5185,-59.56192160534477,0.012617580197223088,0.9178198744462154,0.9178805686277594,0.0
pp_primary_long,B,1.7453292519943295,0.5555555555555556,5186,-59.56828904308821,-0.008490686657234112,0.9172540877116743,0.9178750272402751,0.8431026915375293
pp_primary_long,B,1.7453292519943295,0.5555555555555556,5187,-58.994323240361226,0.596989851679073,0.9178196855341174,0.917880536509631,0.0
pp_primary_long,B,1.7453292519943295,0.5555555555555556,5188,-59.525193869481676,0.024375024804765083,0.9172540760631629,0.9178750245477074,0.8431026680735758
pp_primary_long,B,1.7453292519943295,0.5555555555555556,5189,-58.75478067416639,0.8567558230559982,0.917819766555938,0.9178805525143784,0.0
pp_primary_long,B,1.7453292519943295,0.5555555555555556,5190,-59.54336216555257,0.026770469862020405,0.9172538081958761,0.9178749861110038,0.8431015155758618
pp_primary_long,B,1.7453292519943295,0.5555555555555556,5191,-58.978146136863785,0.6584834296187072,0.9178198709183489,0.9178805680428577,0.0
pp_primary_long,B,1.7453292519943295,0.5555555555555556,5192,-59.62527493336221,-0.002537582776491437,0.9172543954631308,0.9178750886512455,0.8431033303022394
pp_primary_long,B,1.7453292519943295,0.5555555555555556,5193,-59.56148955669079,0.10401693978825177,0.9178198869002268,0.9178805713559753,0.0
pp_primary_long,B,1.7453292519943295,0.5555555555555556,5194,-59.74065676534553,-0.04849153325237353,0.9172547757830306,0.917875144050975,0.8431049231460593
pp_primary_long,B,1.7453292519943295,0.5555555555555556,5195,-60.21697222752865,-0.5218316170983284,0.9178202139131377,0.9178806175034162,0.0
pp_primary_long,B,1.7453292519943295,0.5555555555555556,5196,-59.84204893013775,-0.08748777739215323,0.9172548007218893,0.9178751481869206,0.8431050173024384
pp_primary_long,B,1.7453292519943295,0.5555555555555556,5197,-60.61970106239749,-0.8975817126534638,0.9178201876578964,0.9178806155940242,0.0
pp_primary_long,B,1.7453292519943295,0.5555555555555556,5198,-59.88917336424014,-0.09949370337650423,0.9172551749063078,0.9178752125608324,0.8431062098731675
pp_primary_long,B,1.7453292519943295,0.5555555555555556,5199,-60.57461190958336,-0.8302218810895212,0.9178200794492459,0.9178805999617232,0.0
pp_primary_long,B,1.7453292519943295,0.5555555555555556,5200,-59.8696412180442,-0.07834656763441789,0.9172546400853943,0.9178751330655378,0.843104032590173
pp_primary_long,B,1.7453292519943295,0.5555555555555556,5201,-60.116672421843866,-0.3543523168418301,0.9178200869522514,0.9178806026006133,0.0
pp_primary_long,B,1.7453292519943295,0.5555555555555556,5202,-59.805278752704005,-0.034903447385494904,0.9172543383276164,0.9178750727810788,0.8431034019115359
pp_primary_long,B,1.7453292519943295,0.5555555555555556,5203,-59.4929221094591,0.2855854284087238,0.917819861056121,0.9178805651101045,0.0
pp_primary_long,B,1.7453292519943295,0.5555555555555556,5204,-59.74096250596961,0.008516724524894326,0.9172543285247541,0.9178750707114309,0.8431033800558674
pp_primary_long,B,1.7453292519943295,0.5555555555555556,5205,-59.03556447600509,0.7608752085245248,0.9178197445452305,0.9178805470480264,0.0
pp_primary_long,B,1.7453292519943295,0.5555555555555556,5206,-59.72153258329606,0.029612073530506114,0.9172539000105202,0.9178749912315494,0.8431022180354628
pp_primary_long,B,1.7453292519943295,0.5555555555555556,5207,-58.99134246549792,0.827376037227977,0.9178198097788767,0.9178805581909877,0.0
pp_primary_long,B,1.7453292519943295,0.5555555555555556,5208,-59.76877925742556,0.01754518137353371,0.9172538138602909,0.9178749911711994,0.8431013854980733
pp_primary_long,B,1.7453292519943295,0.5555555555555556,5209,-59.394773564426984,0.45093004478062243,0.9178197034354851,0.917880543143432,0.0
pp_primary_long,B,1.7453292519943295,0.5555555555555556,5210,-59.87024095672349,-0.02148549288240484,0.9172543419168918,0.9178750751440665,0.8431033255532292
pp_primary_long,B,1.7453292519943295,0.5555555555555556,5211,-60.05043742003285,-0.17509684263484204,0.9178198975665972,0.9178805722187122,0.0
pp_primary_long,B,1.7453292519943295,0.5555555555555556,5212,-59.985603903005234,-0.06743013715074227,0.917254332921226,0.9178750738484985,0.8431032850841627
pp_primary_long,B,1.7453292519943295,0.5555555555555556,5213,-60.63334445356484,-0.7291325041568285,0.9178201500570029,0.9178806082984865,0.0
pp_primary_long,B,1.7453292519943295,0.5555555555555556,5214,-60.06741338672358,-0.09668721464181645,0.9172549705968444,0.917875171685221,0.8431057682951533
pp_primary_long,B,1.7453292519943295,0.5555555555555556,5215,-60.85588300285951,-0.9265868183948587,0.9178200896595977,0.9178806005539776,0.0
pp_primary_long,B,1.7453292519943295,0.5555555555555556,5216,-60.08546030459444,-0.0942308052510068,0.9172550777525721,0.9178752010297578,0.8431056975549956
pp_primary_long,B,1.7453292519943295,0.5555555555555556,5217,-60.615543370938994,-0.6660311540038122,0.9178202048254359,0.9178806188064402,0.0
pp_primary_long,B,1.7453292519943295,0.5555555555555556,5218,-60.04228031020054,-0.061322462177752765,0.9172546649319272,0.9178751321795373,0.8431043140947835
pp_primary_long,B,1.7453292519943295,0.5555555555555556,5219,-60.04759431238736,-0.08130616920139516,0.9178201080522491,0.917880605862393,0.0
pp_primary_long,B,1.7453292519943295,0.5555555555555556,5220,-59.97185536881559,-0.014864081856864955,0.9172546837464036,0.9178751365278788,0.843104337787101
pp_primary_long,B,1.7453292519943295,0.5555555555555556,5221,-59.455575018103524,0.5272321350451175,0.9178198942636866,0.9178805699575072,0.0
pp_primary_long,B,1.7453292519943295,0.5555555555555556,5222,-59.92217406418431,0.021277501105747304,0.9172544042652478,0.9178750786535003,0.8431038055449851
pp_primary_long,B,1.7453292519943295,0.5555555555555556,5223,-59.15539869742719,0.8469952070855526,0.9178198854002819,0.9178805694934231,0.0
pp_primary_long,B,1.7453292519943295,0.5555555555555556,5224,-59.93055482636105,0.028540772525230115,0.9172538594242006,0.9178749888436466,0.8431019224112178
pp_primary_long,B,1.7453292519943295,0.5555555555555556,5225,-59.31306168335726,0.7137332328889969,0.917819756333302,0.9178805488487547,0.0
pp_primary_long,B,1.7453292519943295,0.5555555555555556,5226,-60.004509870626556,0.0031905940165888325,0.9172540383916306,0.9178750257327392,0.8431022626471947
pp_primary_long,B,1.7453292519943295,0.5555555555555556,5227,-59.859384395217155,0.19589783993313659,0.9178196439390619,0.9178805351058628,0.0
pp_primary_long,B,1.7453292519943295,0.5555555555555556,5228,-60.11785208924369,-0.04174896884491158,0.9172539659603645,0.9178750142919333,0.8431019812563397
pp_primary_long,B,1.7453292519943295,0.5555555555555556,5229,-60.52554421385461,-0.44051487344247103,0.9178199261118504,0.9178805755354644,0.0
pp_primary_long,B,1.7453292519943295,0.5555555555555556,5230,-60.224167663160735,-0.08319415133053015,0.9172542201716415,0.9178750525319977,0.8431029961618657
pp_primary_long,B,1.7453292519943295,0.5555555555555556,5231,-60.981163665266735,-0.8686001748430345,0.9178199652643412,0.9178805815338152,0.0
pp_primary_long,B,1.7453292519943295,0.5555555555555556,5232,-60.28064866012129,-0.09985384413344991,0.9172549712893323,0.9178751730781047,0.8431057184643422
pp_primary_long,B,1.7453292519943295,0.5555555555555556,5233,-61.00400907810392,-0.8684634590197362,0.9178201025064828,0.9178806008928362,0.0
pp_primary_long,B,1.7453292519943295,0.5555555555555556,5234,-60.27009965027116,-0.08317481747458247,0.9172548042557325,0.9178751540339024,0.8431048266189828
pp_primary_long,B,1.7453292519943295,0.5555555555555556,5235,-60.594153973034075,-0.44017306145697055,0.9178202399826005,0.9178806253313142,0.0
pp_primary_long,B,1.7453292519943295,0.5555555555555556,5236,-60.20973544392834,-0.041720293935473794,0.9172548657809406,0.9178751658511821,0.8431049867870689
pp_primary_long,B,1.7453292519943295,0.5555555555555556,5237,-59.973936372160644,0.1962704311234944,0.9178200772665738,0.9178805999188547,0.0
pp_primary_long,B,1.7453292519943295,0.5555555555555556,5238,-60.14238017527411,0.0032117973521617604,0.9172548911905372,0.9178751726956021,0.8431049689729586
pp_primary_long,B,1.7453292519943295,0.5555555555555556,5239,-59.473746603293854,0.7139443053048715,0.9178200207929745,0.9178805908524911,0.0
pp_primary_long,B,1.7453292519943295,0.5555555555555556,5240,-60.11442929003397,0.028545369451578456,0.9172543822355138,0.9178750729953693,0.8431038090420759
pp_primary_long,B,1.7453292519943295,0.5555555555555556,5241,-59.36232859004021,0.8469351261659676,0.9178199776456997,0.9178805820602907,0.0
pp_primary_long,B,1.7453292519943295,0.5555555555555556,5242,-60.15205228446626,0.02126501843140624,0.9172541470968437,0.9178750408365258,0.8431027549498334
pp_primary_long,B,1.7453292519943295,0.5555555555555556,5243,-59.70871675013581,0.5269314363053683,0.9178196898429734,0.9178805397393326,0.0
pp_primary_long,B,1.7453292519943295,0.5555555555555556,5244,-60.24773215365352,-0.014890071968805346,0.9172540723126447,0.9178750277630994,0.8431025122007122
pp_primary_long,B,1.7453292519943295,0.5555555555555556,5245,-60.346792133855374,-0.08169150984097484,0.9178197350871988,0.917880548339469,0.0
pp_primary_long,B,1.7453292519943295,0.5555555555555556,5246,-60.36412736835277,-0.06134818606647162,0.9172536607255483,0.9178749666593492,0.8431008230315606
pp_primary_long,B,1.7453292519943295,0.5555555555555556,5247,-60.960599770689846,-0.6663018838465897,0.9178198249575227,0.9178805609643713,0.0
pp_primary_long,B,1.7453292519943295,0.5555555555555556,5248,-60.45325068330811,-0.09424283129021511,0.9172543431617919,0.9178750689586674,0.8431035701350943
pp_primary_long,B,1.7453292519943295,0.5555555555555556,5249,-61.24665451033282,-0.9266060305526507,0.9178198456987683,0.9178805625551679,0.0
pp_primary_long,B,1.7453292519943295,0.5555555555555556,5250,-60.4811344920411,-0.09667906382546813,0.9172546218022943,0.9178751187447403,0.843104387044321
pp_primary_long,B,1.7453292519943295,0.5555555555555556,5251,-61.0698214233245,-0.7288913596212424,0.9178201369613321,0.9178806063030355,0.0
pp_primary_long,B,1.7453292519943295,0.5555555555555556,5252,-60.44525968821067,-0.0674046071382136,0.9172546899087625,0.9178751293563042,0.8431046512671054
pp_primary_long,B,1.7453292519943295,0.5555555555555556,5253,-60.53274734640387,-0.17471763349163,0.917820152030415,0.917880611891901,0.0
pp_primary_long,B,1.7453292519943295,0.5555555555555556,5254,-60.375862594038345,-0.02145743284165086,0.9172550340205712,0.917875199280099,0.8431053426727502
pp_primary_long,B,1.7453292519943295,0.5555555555555556,5255,-59.9231108754048,0.45125338180643015,0.9178200947571137,0.9178806025841063,0.0
pp_primary_long,B,1.7453292519943295,0.5555555555555556,5256,-60.32040039336751,0.01755970256549122,0.9172548716321253,0.9178751641811219,0.8431050985046289
pp_primary_long,B,1.7453292519943295,0.5555555555555556,5257,-59.5658760354946,0.827477284538287,0.9178201640530131,0.9178806128671355,0.0
pp_primary_long,B,1.7453292519943295,0.5555555555555556,5258,-60.31915938087913,0.0296087691104914,0.9172545143563772,0.9178751006789503,0.8431040520252641
pp_primary_long,B,1.7453292519943295,0.5555555555555556,5259,-59.656347433025445,0.7607006849181682,0.9178199661871365,0.9178805795535353,0.0
pp_primary_long,B,1.7453292519943295,0.5555555555555556,5260,-60.38459337402554,0.008496647498747442,0.9172545249844758,0.9178751003522108,0.8431041640028923
pp_primary_long,B,1.7453292519943295,0.5555555555555556,5261,-60.15986094645856,0.2852242091944869,0.917819760978908,0.9178805517304338,0.0
pp_primary_long,B,1.7453292519943295,0.5555555555555556,5262,-60.49489502829851,-0.034930743978445124,0.9172538689248132,0.9178749970511985,0.8431016980678001
pp_primary_long,B,1.7453292519943295,0.5555555555555556,5263,-60.82958293644198,-0.35471246078398017,0.917819811853726,0.9178805591584077,0.0
pp_primary_long,B,1.7453292519943295,0.5555555555555556,5264,-60.60521425088605,-0.07836700263936422,0.9172537794402087,0.9178749837268266,0.8431013365719351
pp_primary_long,B,1.7453292519943295,0.5555555555555556,5265,-61.333306410275924,-0.8303952610253303,0.9178196720125459,0.917880538588108,0.0
pp_primary_long,B,1.7453292519943295,0.5555555555555556,5266,-60.67068558225684,-0.09949789422370114,0.9172542611979229,0.9178750578766841,0.8431031986496718
pp_primary_long,B,1.7453292519943295,0.5555555555555556,5267,-61.42408788312104,-0.8974813714694333,0.9178198602728358,0.9178805634642413,0.0
pp_primary_long,B,1.7453292519943295,0.5555555555555556,5268,-60.66949050034566,-0.08747159670481763,0.9172542488471229,0.9178750535705215,0.8431032359392112
pp_primary_long,B,1.7453292519943295,0.5555555555555556,5269,-61.067105613454764,-0.5215094735114447,0.917820064094977,0.9178805966629371,0.0
pp_primary_long,B,1.7453292519943295,0.5555555555555556,5270,-60.61404173350188,-0.048462359673469846,0.9172547292477399,0.9178751368212054,0.8431047447292316
pp_primary_long,B,1.7453292519943295,0.5555555555555556,5271,-60.457535859955215,0.1043959935037867,0.917820043419513,0.9178805939537548,0.0
pp_primary_long,B,1.7453292519943295,0.5555555555555556,5272,-60.54464209665986,-0.0025134301877709347,0.9172549764437846,0.9178751891209623,0.8431051636665341
pp_primary_long,B,1.7453292519943295,0.5555555555555556,5273,-59.92030113059576,0.658726195863377,0.917820171004695,0.917880615400566,0.0
pp_primary_long,B,1.7453292519943295,0.5555555555555556,5274,-60.50873432522942,0.02677780992170707,0.9172547724336052,0.9178751468083642,0.8431047995899341
pp_primary_long,B,1.7453292519943295,0.5555555555555556,5275,-59.74317339585217,0.8567375492315493,0.9178202036313537,0.9178806173327028,0.0
pp_primary_long,B,1.7453292519943295,0.5555555555555556,5276,-60.53657448836808,0.0243632628165463,0.9172548723159085,0.9178751630456424,0.8431051602424955
pp_primary_long,B,1.7453292519943295,0.5555555555555556,5277,-60.02894080641636,0.5967176822655065,0.9178199633494689,0.9178805807047549,0.0
pp_primary_long,B,1.7453292519943295,0.5555555555555556,5278,-60.625668380491106,-0.0085162629147668,0.9172546155334053,0.9178751130075627,0.8431045540510304
pp_primary_long,B,1.7453292519943295,0.5555555555555556,5279,-60.64262317061199,0.012231220662198894,0.9178199410925343,0.9178805781543786,0.0
pp_primary_long,B,1.7453292519943295,0.5555555555555556,5280,-60.74206142626264,-0.05497320634514696,0.9172538603991562,0.91787499892865,0.843101552192181
pp_primary_long,B,1.7453292519943295,0.5555555555555556,5281,-61.28079564819478,-0.5964869634064072,0.9178197647146971,0.917880552752859,0.0
pp_primary_long,B,1.7453292519943295,0.5555555555555556,5282,-60.83776930390313,-0.09114237070099251,0.9172540661377668,0.9178750288414893,0.843102417204554
pp_primary_long,B,1.7453292519943295,0.5555555555555556,5283,-61.62745725460806,-0.9167598901654527,0.9178196487156464,0.9178805341749441,0.0
pp_primary_long,B,1.7453292519943295,0.5555555555555556,5284,-60.875440208781725,-0.09844620960880707,0.9172539323899429,0.9178750064124416,0.8431019554013129
pp_primary_long,B,1.7453292519943295,0.5555555555555556,5285,-61.51634250403341,-0.7840723920988031,0.917819881344148,0.9178805676059426,0.0
pp_primary_long,B,1.7453292519943295,0.5555555555555556,5286,-60.84752316035115,-0.07313011764471591,0.9172541497980897,0.917875032042467,0.8431030892893914
pp_primary_long,B,1.7453292519943295,0.5555555555555556,5287,-61.01633949073674,-0.26658231518980013,0.917819907659527,0.9178805723561222,0.0
pp_primary_long,B,1.7453292519943295,0.5555555555555556,5288,-60.78017181500322,-0.028200692805418315,0.9172546828439418,0.9178751338304917,0.8431044065770448
pp_primary_long,B,1.7453292519943295,0.5555555555555556,5289,-60.39608425705815,0.3698934672241226,0.9178200054949901,0.9178805881580401,0.0
pp_primary_long,B,1.7453292519943295,0.5555555555555556,5290,-60.7197914421554,0.013262384439853364,0.9172547163320657,0.9178751397690269,0.8431045111498775
pp_primary_long,B,1.7453292519943295,0.5555555555555556,5291,-59.98599631819857,0.7984156559042348,0.9178202110511681,0.9178806213313956,0.0
pp_primary_long,B,1.7453292519943295,0.5555555555555556,5292,-60.70919644617623,0.02996382752522868,0.9172548227497892,0.9178751605232395,0.8431047666373452
pp_primary_long,B,1.7453292519943295,0.5555555555555556,5293,-60.00852807467263,0.798865545918929,0.9178201365613765,0.9178806070333363,0.0
pp_primary_long,B,1.7453292519943295,0.5555555555555556,5294,-60.7656417388318,0.01332246338236158,0.917255143327902,0.9178752037749853,0.8431062354068894
pp_primary_long,B,1.7453292519943295,0.5555555555555556,5295,-60.46391482996909,0.3710101355092385,0.9178200820496553,0.9178805994480955,0.0
pp_primary_long,B,1.7453292519943295,0.5555555555555556,5296,-60.871936549131355,-0.028112034942337896,0.9172545043689181,0.9178750988633636,0.8431040138825726
pp_primary_long,B,1.7453292519943295,0.5555555555555556,5297,-61.130043690649124,-0.2653713549957843,0.9178200444517789,0.9178805929304407,0.0
pp_primary_long,B,1.7453292519943295,0.5555555555555556,5298,-60.98529169535627,-0.0730580668037166,0.9172542449491252,0.917875060168432,0.843102973258301
pp_primary_long,B,1.7453292519943295,0.5555555555555556,5299,-61.67655380164923,-0.7833900035915282,0.9178197154818571,0.9178805460808958,0.0
pp_primary_long,B,1.7453292519943295,0.5555555555555556,5300,-61.05928532146859,-0.09842724615665471,0.9172540951199654,0.9178750373529837,0.8431023722277846
pp_primary_long,B,1.7453292519943295,0.5555555555555556,5301,-61.83452331643637,-0.9169560166654219,0.9178197581869237,0.9178805501617046,0.0
pp_primary_long,B,1.7453292519943295,0.5555555555555556,5302,-61.067717008907714,-0.09118888883501836,0.9172537482595106,0.9178749722297331,0.8431014630391791
pp_primary_long,B,1.7453292519943295,0.5555555555555556,5303,-61.53461898738942,-0.5974614399809408,0.9178198058749651,0.9178805573554557,0.0
pp_primary_long,B,1.7453292519943295,0.5555555555555556,5304,-61.01805438051681,-0.05505758230903331,0.917254211605419,0.9178750450210076,0.8431032027919032
pp_primary_long,B,1.7453292519943295,0.5555555555555556,5305,-60.9426960595646,0.01097972701442207,0.9178197945838875,0.9178805535844408,0.0
pp_primary_long,B,1.7453292519943295,0.5555555555555556,5306,-60.947628371310685,-0.008598509302224805,0.9172544350981815,0.9178750902261275,0.8431036560433431
pp_primary_long,B,1.7453292519943295,0.5555555555555556,5307,-60.374614495834734,0.5958309534558375,0.9178200154954123,0.917880590940372,0.0
pp_primary_long,B,1.7453292519943295,0.5555555555555556,5308,-60.904410330275326,0.024328161625234684,0.9172544674477614,0.9178750980695064,0.8431036746183248
pp_primary_long,B,1.7453292519943295,0.5555555555555556,5309,-60.13398951977317,0.85667218494513,0.9178201298708824,0.91788060765199,0.0
pp_primary_long,B,1.7453292519943295,0.5555555555555556,5310,-60.922413467119824,0.026806239020068567,0.9172549986973287,0.9178751904240516,0.843105332140946
pp_primary_long,B,1.7453292519943295,0.5555555555555556,5311,-60.356226361928435,0.6595156782285102,0.9178200975941511,0.9178806025853036,0.0
pp_primary_long,B,1.7453292519943295,0.5555555555555556,5312,-61.0041915517322,-0.0024345437465414788,0.9172550470879255,0.9178751862792968,0.8431059614358398
pp_primary_long,B,1.7453292519943295,0.5555555555555556,5313,-60.93897839574864,0.10563427148343507,0.9178202371269051,0.9178806215038137,0.0
pp_primary_long,B,1.7453292519943295,0.5555555555555556,5314,-61.11954772670049,-0.048375783795216044,0.9172546217405054,0.9178751209289517,0.8431043248712765
pp_primary_long,B,1.7453292519943295,0.5555555555555556,5315,-61.59470931203703,-0.5204578601409963,0.9178200134436768,0.9178805893012876,0.0
pp_primary_long,B,1.7453292519943295,0.5555555555555556,5316,-61.22103320922679,-0.08741838141861902,0.9172546321369045,0.9178751229701831,0.8431043465993758
pp_primary_long,B,1.7453292519943295,0.5555555555555556,5317,-61.998398148784815,-0.8971574389258298,0.9178198129787729,0.9178805601564285,0.0
pp_primary_long,B,1.7453292519943295,0.5555555555555556,5318,-61.26833057488255,-0.09950971338467388,0.9172539522165983,0.9178750163875323,0.843101775361943
pp_primary_long,B,1.7453292519943295,0.5555555555555556,5319,-61.95448736690315,-0.8309648316618329,0.9178198398043738,0.9178805636816784,0.0
pp_primary_long,B,1.7453292519943295,0.5555555555555556,5320,-61.24894095903622,-0.07843455343537584,0.9172539006513794,0.9178749944957436,0.8431021075722773
pp_primary_long,B,1.7453292519943295,0.5555555555555556,5321,-61.497343407544136,-0.3558832842260265,0.9178197025937739,0.9178805406103356,0.0
pp_primary_long,B,1.7453292519943295,0.5555555555555556,5322,-61.184637953981884,-0.03502121514498423,0.9172541776098027,0.9178750438691331,0.8431029209650913
pp_primary_long,B,1.7453292519943295,0.5555555555555556,5323,-60.87358794161281,0.2840538795442561,0.9178197866126058,0.9178805529462711,0.0
pp_primary_long,B,1.7453292519943295,0.5555555555555556,5324,-61.120258214841726,0.00843037269198088,0.917254108619015,0.9178750298477277,0.8431027735285848
pp_primary_long,B,1.7453292519943295,0.5555555555555556,5325,-60.41543849644025,0.7601309937135726,0.917819975629059,0.9178805846388012,0.0
pp_primary_long,B,1.7453292519943295,0.5555555555555556,5326,-61.100676723168455,0.029601026229840205,0.9172544137559496,0.9178750938722842,0.8431033091437086
pp_primary_long,B,1.7453292519943295,0.5555555555555556,5327,-60.370033682567005,0.8278026687540242,0.9178199800781229,0.9178805849353585,0.0
pp_primary_long,B,1.7453292519943295,0.5555555555555556,5328,-61.1477627017649,0.017614750382431196,0.9172549799625817,0.917875182027089,0.8431054647317313
pp_primary_long,B,1.7453292519943295,0.5555555555555556,5329,-60.772506732404125,0.4523051064095921,0.9178201606867691,0.9178806121101218,0.0
pp_primary_long,B,1.7453292519943295,0.5555555555555556,5330,-61.249129747204144,-0.021368841501698987,0.9172548083366178,0.9178751509755125,0.8431049864892198
pp_primary_long,B,1.7453292519943295,0.5555555555555556,5331,-61.4279247296808,-0.17347829655284353,0.9178202550878711,0.9178806237253287,0.0
pp_primary_long,B,1.7453292519943295,0.5555555555555556,5332,-61.36451875293876,-0.0673265915001966,0.9172550103254933,0.9178751819253167,0.8431057807303003
pp_primary_long,B,1.7453292519943295,0.5555555555555556,5333,-62.01142867059153,-0.7281022786171149,0.9178200029262507,0.9178805885010197,0.0
pp_primary_long,B,1.7453292519943295,0.5555555555555556,5334,-61.44646730009367,-0.09665210418941052,0.9172546655180112,0.9178751327329999,0.843104291319449
pp_primary_long,B,1.7453292519943295,0.5555555555555556,5335,-62.235093718740536,-0.9266719199597104,0.9178199915370716,0.9178805867145027,0.0
pp_primary_long,B,1.7453292519943295,0.5555555555555556,5336,-61.464688656153264,-0.09428234675496891,0.9172540344384961,0.9178750266120835,0.843102193496387
pp_primary_long,B,1.7453292519943295,0.5555555555555556,5337,-61.99584162221514,-0.6671894512946281,0.9178198233947588,0.9178805618897824,0.0
pp_primary_long,B,1.7453292519943295,0.5555555555555556,5338,-61.42162237110553,-0.06143130118588345,0.917254155030889,0.9178750413774601,0.8431028074125398
pp_primary_long,B,1.7453292519943295,0.5555555555555556,5339,-61.4283715908007,-0.08294394285503054,0.9178196941233643,0.9178805382683376,0.0
pp_primary_long,B,1.7453292519943295,0.5555555555555556,5340,-61.351206575466094,-0.014977464560206155,0.9172540081119178,0.9178750123341022,0.8431024674676588
pp_primary_long,B,1.7453292519943295,0.5555555555555556,5341,-60.83598491290756,0.5259560408657606,0.917819822708922,0.9178805599483925,0.0
pp_primary_long,B,1.7453292519943295,0.5555555555555556,5342,-61.30140878246635,0.02122117008913145,0.9172539306498023,0.9178750015399869,0.8431021194661836
pp_primary_long,B,1.7453292519943295,0.5555555555555556,5343,-60.534779270986505,0.8467390017111719,0.9178198436515229,0.9178805631424135,0.0
pp_primary_long,B,1.7453292519943295,0.5555555555555556,5344,-61.30962671945506,0.028565926755000928,0.9172544499320887,0.917875098874133,0.8431034717860031
pp_primary_long,B,1.7453292519943295,0.5555555555555556,5345,-60.69127931130251,0.7146276236718663,0.9178199040724493,0.9178805745100083,0.0
pp_primary_long,B,1.7453292519943295,0.5555555555555556,5346,-61.38343799220429,0.003287527674250487,0.9172546267426757,0.9178751223770338,0.8431042985234174
pp_primary_long,B,1.7453292519943295,0.5555555555555556,5347,-61.23690517784567,0.19748251760176816,0.9178202067321813,0.9178806176359359,0.0
pp_primary_long,B,1.7453292519943295,0.5555555555555556,5348,-61.49673560976437,-0.04163004637507916,0.9172548298605065,0.9178751552584665,0.843105030610458
pp_primary_long,B,1.7453292519943295,0.5555555555555556,5349,-61.90319139853166,-0.4390543838855571,0.9178201458263852,0.9178806085735796,0.0
pp_primary_long,B,1.7453292519943295,0.5555555555555556,5350,-61.60312765718065,-0.08311311410083194,0.9172552158405213,0.9178752149822997,0.8431065116933394
pp_primary_long,B,1.7453292519943295,0.5555555555555556,5351,-62.35969403469677,-0.8680135880257144,0.9178201188037501,0.9178806049507661,0.0
pp_primary_long,B,1.7453292519943295,0.5555555555555556,5352,-61.65977877226668,-0.09985649790292904,0.9172545618679443,0.9178751173570732,0.8431038702151975
pp_primary_long,B,1.7453292519943295,0.5555555555555556,5353,-62.38372791317882,-0.8690498570938108,0.917820079668693,0.9178806010434066,0.0
pp_primary_long,B,1.7453292519943295,0.5555555555555556,5354,-61.64938672773107,-0.083255936701377,0.917254394297601,0.9178750849693682,0.843103482822605
pp_primary_long,B,1.7453292519943295,0.5555555555555556,5355,-61.97475731304027,-0.4416331583250188,0.9178198096060187,0.9178805587421031,0.0
pp_primary_long,B,1.7453292519943295,0.5555555555555556,5356,-61.58910335980561,-0.04184136442911199,0.9172542573536947,0.9178750623205605,0.8431030018403375
pp_primary_long,B,1.7453292519943295,0.5555555555555556,5357,-61.354660155755454,0.19468549950136904,0.9178197922769669,0.9178805544851276,0.0
pp_primary_long,B,1.7453292519943295,0.5555555555555556,5358,-61.52169493260593,0.003116377344632007,0.9172538795972072,0.9178749863925576,0.843102202810839
pp_primary_long,B,1.7453292519943295,0.5555555555555556,5359,-60.853774301613484,0.7130487664592859,0.9178198076052421,0.9178805569559924,0.0
pp_primary_long,B,1.7453292519943295,0.5555555555555556,5360,-61.49359708451743,0.02852254127357505,0.9172539967997501,0.91787501753435,0.8431021629135161
pp_primary_long,B,1.7453292519943295,0.5555555555555556,5361,-60.741190144627645,0.8471913612092639,0.9178197112818527,0.917880543198986,0.0
pp_primary_long,B,1.7453292519943295,0.5555555555555556,5362,-61.53105405106552,0.02132521131304005,0.9172542840709714,0.9178750657860879,0.8431031174334883
pp_primary_long,B,1.7453292519943295,0.5555555555555556,5363,-61.086549854889334,0.5282066662879364,0.9178199306754155,0.9178805782968337,0.0
pp_primary_long,B,1.7453292519943295,0.5555555555555556,5364,-61.62662584292639,-0.01477623608504966,0.9172542772668528,0.9178750681259655,0.8431029611220826
pp_primary_long,B,1.7453292519943295,0.5555555555555556,5365,-61.72425725204644,-0.08005193726955429,0.9178201013686815,0.9178806017195087,0.0
pp_primary_long,B,1.7453292519943295,0.5555555555555556,5366,-61.74302711340667,-0.06123759988219125,0.9172550205214002,0.9178751824238744,0.843105844080835
pp_primary_long,B,1.7453292519943295,0.5555555555555556,5367,-62.33855042435851,-0.6651427453413219,0.9178200883049015,0.9178806000463016,0.0
pp_primary_long,B,1.7453292519943295,0.5555555555555556,5368,-61.832275313713595,-0.09419374237170303,0.9172550177307438,0.9178751861232752,0.8431056803214783
pp_primary_long,B,1.7453292519943295,0.5555555555555556,5369,-62.6256891928011,-0.9265198973073933,0.9178202446233689,0.9178806234063159,0.0
pp_primary_long,B,1.7453292519943295,0.5555555555555556,5370,-61.86033442804265,-0.09671693412458289,0.9172546933167299,0.9178751351311127,0.8431044785129186
pp_primary_long,B,1.7453292519943295,0.5555555555555556,5371,-62.44999113865534,-0.7299221459117304,0.9178200554801864,0.9178805978947003,0.0
pp_primary_long,B,1.7453292519943295,0.5555555555555556,5372,-61.8245954766417,-0.0675098026472695,0.9172547064078793,0.9178751420132972,0.8431043446422615
pp_primary_long,B,1.7453292519943295,0.5555555555555556,5373,-61.913508803035825,-0.1763364294339992,0.917819896449363,0.9178805714795164,0.0
pp_primary_long,B,1.7453292519943295,0.5555555555555556,5374,-61.755228502498284,-0.021577264062393506,0.9172542426982764,0.9178750560798309,0.8431030910047908
pp_primary_long,B,1.7453292519943295,0.5555555555555556,5375,-61.30362772752538,0.44987590565848645,0.9178198996386364,0.9178805719469747,0.0
pp_primary_long,B,1.7453292519943295,0.5555555555555556,5376,-61.69966111747088,0.01749102527199163,0.9172539710902341,0.9178750053458083,0.8431023827336281
pp_primary_long,B,1.7453292519943295,0.5555555555555556,5377,-60.945430272224996,0.8270500934959752,0.9178197359535271,0.9178805446257245,0.0
pp_primary_long,B,1.7453292519943295,0.5555555555555556,5378,-61.69825639098259,0.029621610955754843,0.9172541203068667,0.917875036196655,0.8431026585213591
pp_primary_long,B,1.7453292519943295,0.5555555555555556,5379,-61.03471770172507,0.761443526733798,0.9178197010681403,0.917880542960916,0.0
pp_primary_long,B,1.7453292519943295,0.5555555555555556,5380,-61.76353605537644,0.008586181626295708,0.9172539101833593,0.9178750037631542,0.8431018368038241
pp_primary_long,B,1.7453292519943295,0.5555555555555556,5381,-61.53743426898454,0.2867568544755868,0.917819920121234,0.9178805755281869,0.0
pp_primary_long,B,1.7453292519943295,0.5555555555555556,5382,-61.8737767103156,-0.034811089615386544,0.9172542626543272,0.9178750649585551,0.8431029377121435
pp_primary_long,B,1.7453292519943295,0.5555555555555556,5383,-62.20715570022723,-0.35317923565171955,0.9178199224010613,0.9178805757824933,0.0
pp_primary_long,B,1.7453292519943295,0.5555555555555556,5384,-61.9841537783543,-0.07827613355434586,0.9172549321188178,0.9178751672644555,0.8431055586723851
pp_primary_long,B,1.7453292519943295,0.5555555555555556,5385,-62.7116730256677,-0.8296500289131212,0.9178201425444086,0.9178806067289634,0.0
pp_primary_long,B,1.7453292519943295,0.5555555555555556,5386,-62.04978259114358,-0.09948495296331697,0.9172547634201711,0.9178751439666308,0.843104812712431
pp_primary_long,B,1.7453292519943295,0.5555555555555556,5387,-62.80363866161112,-0.8979047117404209,0.9178202303645181,0.9178806223984362,0.0
pp_primary_long,B,1.7453292519943295,0.5555555555555556,5388,-62.048752215600274,-0.0875406874072682,0.9172549843991707,0.9178751825344789,0.8431055023907379
pp_primary_long,B,1.7453292519943295,0.5555555555555556,5389,-62.44762055842331,-0.5228835187508943,0.9178200462033902,0.9178805954560695,0.0
pp_primary_long,B,1.7453292519943295,0.5555555555555556,5390,-61.99340902417876,-0.04858278097402627,0.9172547700995062,0.9178751550855752,0.8431044580157098
pp_primary_long,B,1.7453292519943295,0.5555555555555556,5391,-61.83829789562779,0.10277644411273223,0.9178200444290925,0.9178805952413231,0.0
pp_primary_long,B,1.7453292519943295,0.5555555555555556,5392,-61.923977179065474,-0.0026182721526296637,0.9172543072408339,0.917875064094937,0.8431034208191913
pp_primary_long,B,1.7453292519943295,0.5555555555555556,5393,-61.300473463829896,0.6576913401627058,0.9178199335852812,0.9178805759046631,0.0
pp_primary_long,B,1.7453292519943295,0.5555555555555556,5394,-61.88793245358082,0.026740594676199825,0.9172542630448717,0.9178750589877392,0.8431031902302326
pp_primary_long,B,1.7453292519943295,0.5555555555555556,5395,-61.12221238235244,0.8568195831723787,0.9178197134884903,0.917880542067703,0.0
pp_primary_long,B,1.7453292519943295,0.5555555555555556,5396,-61.91559947625126,0.02441213265572148,0.9172540499794627,0.9178750197251095,0.8431025956021682
pp_primary_long,B,1.7453292519943295,0.5555555555555556,5397,-61.40689347113276,0.5978751396610353,0.9178197857095443,0.917880555543284,0.0
pp_primary_long,B,1.7453292519943295,0.5555555555555556,5398,-62.00457168004864,-0.00840714245055417,0.9172537130434126,0.9178749750363612,0.8431010139365087
pp_primary_long,B,1.7453292519943295,0.5555555555555556,5399,-62.02008840757318,0.013871394677360205,0.9178197857140553,0.9178805553508442,0.0
pp_primary_long,B,1.7453292519943295,0.5555555555555556,5400,-62.12095352423297,-0.05485870762907992,0.9172543663960014,0.9178750777794316,0.8431034618567024
pp_primary_long,B,1.7453292519943295,0.5555555555555556,5401,-62.658626678927796,-0.5952100287200457,0.9178198517175234,0.91788056468033,0.0
pp_primary_long,B,1.7453292519943295,0.5555555555555556,5402,-62.216769440314664,-0.09108144802163538,0.9172545133212142,0.9178751012632712,0.8431039964540448
pp_primary_long,B,1.7453292519943295,0.5555555555555556,5403,-63.006314827030465,-0.9165010812371047,0.9178201623014817,0.917880609597254,0.0
pp_primary_long,B,1.7453292519943295,0.5555555555555556,5404,-62.25460674119243,-0.09846845427738438,0.9172547754812005,0.9178751409571904,0.8431050407603939
pp_primary_long,B,1.7453292519943295,0.5555555555555556,5405,-62.896367528270076,-0.784964355986489,0.9178201163795806,0.9178806054395736,0.0
pp_primary_long,B,1.7453292519943295,0.5555555555555556,5406,-62.22683943017485,-0.07322618808161858,0.9172550839246693,0.9178752038003775,0.843105652832884
pp_primary_long,B,1.7453292519943295,0.5555555555555556,5407,-62.39706223156567,-0.26816503627597416,0.9178201199579894,0.9178806061844648,0.0
pp_primary_long,B,1.7453292519943295,0.5555555555555556,5408,-62.15954160513141,-0.02832247031132401,0.9172547122926277,0.917875140863077,0.8431044374250796
pp_primary_long,B,1.7453292519943295,0.5555555555555556,5409,-61.77668917414291,0.3684314503420551,0.9178201401958512,0.9178806103083669,0.0
pp_primary_long,B,1.7453292519943295,0.5555555555555556,5410,-62.099077994604386,0.013181444681926169,0.9172545548346702,0.9178751103908875,0.8431040763133806
pp_primary_long,B,1.7453292519943295,0.5555555555555556,5411,-61.365718918093044,0.7978247384790383,0.9178199223937975,0.9178805733121611,0.0
pp_primary_long,B,1.7453292519943295,0.5555555555555556,5412,-62.088323792656404,0.02996220753984276,0.9172545090337842,0.9178750971857148,0.8431041235785555
pp_primary_long,B,1.7453292519943295,0.5555555555555556,5413,-61.387062190908615,0.7994481055655278,0.917819819383455,0.9178805596265319,0.0
pp_primary_long,B,1.7453292519943295,0.5555555555555556,5414,-62.14460377605048,0.013402658331557751,0.9172538813347267,0.9178749937839377,0.8431019418355312
pp_primary_long,B,1.7453292519943295,0.5555555555555556,5415,-61.841562797756794,0.37246999682786863,0.9178198129852478,0.9178805584534747,0.0
pp_primary_long,B,1.7453292519943295,0.5555555555555556,5416,-62.250821690981304,-0.027993782222677108,0.9172538937035668,0.9178750039424406,0.8431016806899965
pp_primary_long,B,1.7453292519943295,0.5555555555555556,5417,-62.50756401046277,-0.26378486435428106,0.9178196534468267,0.9178805362714293,0.0
pp_primary_long,B,1.7453292519943295,0.5555555555555556,5418,-62.36421902394483,-0.07296081032107467,0.917254183675225,0.9178750480239509,0.8431028177310476
pp_primary_long,B,1.7453292519943295,0.5555555555555556,5419,-63.05476775943924,-0.7824931365329656,0.9178198936803617,0.9178805698070582,0.0
pp_primary_long,B,1.7453292519943295,0.5555555555555556,5420,-62.438355402932125,-0.09840126612310643,0.9172542022669455,0.9178750481518824,0.8431029883700362
pp_primary_long,B,1.7453292519943295,0.5555555555555556,5421,-63.21390056949245,-0.9172096929761285,0.9178200412565346,0.917880592625142,0.0
pp_primary_long,B,1.7453292519943295,0.5555555555555556,5422,-62.44694999199432,-0.09124448021521142,0.9172548712785538,0.9178751565457086,0.8431053744612756
pp_primary_long,B,1.7453292519943295,0.5555555555555556,5423,-62.91502662667203,-0.5987345692219527,0.9178200489466056,0.9178805937680505,0.0
pp_primary_long,B,1.7453292519943295,0.5555555555555556,5424,-62.39740775156009,-0.05517182387254693,0.9172549012052545,0.9178751739202041,0.8431050100217743
pp_primary_long,B,1.7453292519943295,0.5555555555555556,5425,-62.32347355619957,0.009342677215686546,0.9178202014121809,0.9178806196019653,0.0
pp_primary_long,B,1.7453292519943295,0.5555555555555556,5426,-62.326972794064034,-0.00870829783537655,0.9172547378330048,0.9178751432181183,0.843104600603032
pp_primary_long,B,1.7453292519943295,0.5555555555555556,5427,-61.7549153357655,0.5946700520337602,0.9178201338631271,0.9178806081068324,0.0
pp_primary_long,B,1.7453292519943295,0.5555555555555556,5428,-62.28363725190934,0.024277093612790235,0.9172548715210902,0.9178751668719465,0.843105002796116
pp_primary_long,B,1.7453292519943295,0.5555555555555556,5429,-61.513204747817944,0.8565821306683299,0.9178199701461982,0.9178805819603838,0.0
pp_primary_long,B,1.7453292519943295,0.5555555555555556,5430,-62.3014656273652,0.02684205662654958,0.9172545228184078,0.9178750959130796,0.8431043001444709
pp_primary_long,B,1.7453292519943295,0.5555555555555556,5431,-61.734312751978706,0.6605425168333496,0.9178199719279255,0.9178805820021426,0.0
pp_primary_long,B,1.7453292519943295,0.5555555555555556,5432,-62.383108243925456,-0.0023317434522959896,0.9172539771224055,0.9178750143340266,0.8431021030970199
pp_primary_long,B,1.7453292519943295,0.5555555555555556,5433,-62.316466338303606,0.10725331915445235,0.9178197429585636,0.9178805482184907,0.0
pp_primary_long,B,1.7453292519943295,0.5555555555555556,5434,-62.498436887851895,-0.048259331158215686,0.9172541159659635,0.9178750372567498,0.8431025789564073
pp_primary_long,B,1.7453292519943295,0.5555555555555556,5435,-62.97244026462377,-0.5190798140623936,0.917819676278826,0.9178805393901991,0.0
pp_primary_long,B,1.7453292519943295,0.5555555555555556,5436,-62.60001719726806,-0.08734900545595643,0.9172538162811339,0.9178749904095085,0.843101432661491
pp_primary_long,B,1.7453292519943295,0.5555555555555556,5437,-63.377085377998,-0.896728015417814,0.9178198834721835,0.9178805687429634,0.0
pp_primary_long,B,1.7453292519943295,0.5555555555555556,5438,-62.64747161033142,-0.09951939609907692,0.9172542243564381,0.917875047086819,0.843103243355762
pp_primary_long,B,1.7453292519943295,0.5555555555555556,5439,-63.334358447931464,-0.8317066264158391,0.9178198782209767,0.917880567646983,0.0
pp_primary_long,B,1.7453292519943295,0.5555555555555556,5440,-62.62823558676263,-0.07852044332475608,0.9172547272182113,0.9178751369824832,0.8431047176835766
pp_primary_long,B,1.7453292519943295,0.5555555555555556,5441,-62.878007927472254,-0.35741311429536426,0.9178200625470085,0.9178805954262746,0.0
pp_primary_long,B,1.7453292519943295,0.5555555555555556,5442,-62.56399961233019,-0.03513994372980609,0.9172546610747329,0.917875128268579,0.8431044112113335
pp_primary_long,B,1.7453292519943295,0.5555555555555556,5443,-62.25426026306909,0.28252253526823184,0.9178201889603043,0.9178806180068905,0.0
pp_primary_long,B,1.7453292519943295,0.5555555555555556,5444,-62.49956030558811,0.008341341371112629,0.917254881835695,0.9178751721046244,0.8431048985089761
pp_primary_long,B,1.7453292519943295,0.5555555555555556,5445,-61.795317785849775,0.7593848035094986,0.9178200899749662,0.9178806010068387,0.0
pp_primary_long,B,1.7453292519943295,0.5555555555555556,5446,-62.479832109043976,0.029585714908693397,0.9172550089374348,0.9178751857811779,0.8431056105404732
pp_primary_long,B,1.7453292519943295,0.5555555555555556,5447,-61.74873456452167,0.8282219678735834,0.9178201088310574,0.9178806039455987,0.0
pp_primary_long,B,1.7453292519943295,0.5555555555555556,5448,-62.52674676569626,0.01768426806976206,0.9172544824928347,0.9178750929940952,0.8431040260674653
pp_primary_long,B,1.7453292519943295,0.5555555555555556,5449,-62.15024531721463,0.4536764338492612,0.9178200243291735,0.9178805887354097,0.0
pp_primary_long,B,1.7453292519943295,0.5555555555555556,5450,-62.62802035227767,-0.021252993033520753,0.9172543789053381,0.91787507954647,0.8431035365778458
pp_primary_long,B,1.7453292519943295,0.5555555555555556,5451,-62.805413422216425,-0.17185924782109496,0.9178197248569081,0.9178805466738045,0.0
pp_primary_long,B,1.7453292519943295,0.5555555555555556,5452,-62.7434370076319,-0.06722426013970753,0.917254041425916,0.9178750267849327,0.8431022470159408
pp_primary_long,B,1.7453292519943295,0.5555555555555556,5453,-63.38950501733928,-0.727066223209601,0.9178197923584372,0.9178805561542912,0.0
pp_primary_long,B,1.7453292519943295,0.5555555555555556,5454,-62.82551855957766,-0.0966162199919314,0.9172537177599402,0.9178749722309238,0.8431011680147008
pp_primary_long,B,1.7453292519943295,0.5555555555555556,5455,-63.614298993643615,-0.9267525955766129,0.9178197634092922,0.9178805516749545,0.0
pp_primary_long,B,1.7453292519943295,0.5555555555555556,5456,-62.84390176384733,-0.0943277913579844,0.9172542939841962,0.9178750599453395,0.8431034370723567
pp_primary_long,B,1.7453292519943295,0.5555555555555556,5457,-63.37613027645473,-0.6683465088648884,0.9178198165775867,0.9178805567368193,0.0
pp_primary_long,B,1.7453292519943295,0.5555555555555556,5458,-62.800961026115814,-0.061538813829671135,0.9172543814047404,0.9178750782651025,0.8431035871945329
pp_primary_long,B,1.7453292519943295,0.5555555555555556,5459,-62.80914602425357,-0.08458149188705927,0.9178200595683542,0.9178805962894585,0.0
pp_primary_long,B,1.7453292519943295,0.5555555555555556,5460,-62.730550922606895,-0.015088205182191908,0.9172545579113217,0.9178751097623373,0.8431041083633855
pp_primary_long,B,1.7453292519943295,0.5555555555555556,5461,-62.216397801101856,0.5246806463024445,0.9178200812539963,0.9178806003808295,0.0
pp_primary_long,B,1.7453292519943295,0.5555555555555556,5462,-62.68065536978504,0.021159956830832313,0.9172549833053385,0.9178751907139444,0.8431051699011667
pp_primary_long,B,1.7453292519943295,0.5555555555555556,5463,-61.91416472562735,0.8464797777489821,0.9178201055793017,0.9178806045953165,0.0
pp_primary_long,B,1.7453292519943295,0.5555555555555556,5464,-62.68870380970837,0.028589319590079806,0.9172548854589125,0.9178751624940044,0.8431052957720961
pp_primary_long,B,1.7453292519943295,0.5555555555555556,5465,-62.06950632582202,0.7155162106915076,0.917820223934465,0.9178806201253012,0.0
pp_primary_long,B,1.7453292519943295,0.5555555555555556,5466,-62.76236943058153,0.003383074097647737,0.9172546954635816,0.9178751324396741,0.8431046034416336
pp_primary_long,B,1.7453292519943295,0.5555555555555556,5467,-62.6144320136395,0.19906340806351003,0.9178199869577164,0.9178805840302395,0.0
pp_primary_long,B,1.7453292519943295,0.5555555555555556,5468,-62.87562170196133,-0.04151183053652684,0.9172546699726113,0.9178751249618852,0.8431046327585937
pp_primary_long,B,1.7453292519943295,0.5555555555555556,5469,-63.28083922049869,-0.43759312305944664,0.9178198593941348,0.9178805666937333,0.0
pp_primary_long,B,1.7453292519943295,0.5555555555555556,5470,-62.982096360018524,-0.08303561326687084,0.9172538921975806,0.9178750056067723,0.8431016012412308
pp_primary_long,B,1.7453292519943295,0.5555555555555556,5471,-63.73821983511911,-0.8674206751559251,0.9178198287773696,0.9178805622488844,0.0
pp_primary_long,B,1.7453292519943295,0.5555555555555556,5472,-63.03890154105234,-0.09985634076102057,0.9172539630603994,0.9178750096642387,0.8431021397987184
pp_primary_long,B,1.7453292519943295,0.5555555555555556,5473,-63.76344149059696,-0.8696328327424931,0.9178196695074775,0.917880536800281,0.0
pp_primary_long,B,1.7453292519943295,0.5555555555555556,5474,-63.02866839573292,-0.08333490283374614,0.9172541376352472,0.9178750383093549,0.8431027410426594
pp_primary_long,B,1.7453292519943295,0.5555555555555556,5475,-63.355350526890376,-0.44309243596153663,0.9178198447616215,0.9178805613312719,0.0
pp_primary_long,B,1.7453292519943295,0.5555555555555556,5476,-62.968458291566684,-0.04195730360003611,0.9172541200614207,0.917875028935499,0.8431029180203662
pp_primary_long,B,1.7453292519943295,0.5555555555555556,5477,-62.735383817549355,0.19310021260907256,0.9178199659115123,0.917880582164013,0.0
pp_primary_long,B,1.7453292519943295,0.5555555555555556,5478,-62.901005942422465,0.003022190189238508,0.9172545602175262,0.9178751148652788,0.8431039345253633
pp_primary_long,B,1.7453292519943295,0.5555555555555556,5479,-62.23379996195429,0.7121538614530502,0.9178199742743163,0.917880583695656,0.0
pp_primary_long,B,1.7453292519943295,0.5555555555555556,5480,-62.87277317236292,0.02849644889352819,0.9172548504169584,0.9178751633696622,0.8431049151436603
pp_primary_long,B,1.7453292519943295,0.5555555555555556,5481,-62.12005805626294,0.8474445358581261,0.917820174420875,0.9178806153552298,0.0
pp_primary_long,B,1.7453292519943295,0.5555555555555556,5482,-62.91005862898844,0.021384275749477627,0.9172547543511566,0.9178751447992526,0.8431046971861529
pp_primary_long,B,1.7453292519943295,0.5555555555555556,5483,-62.46438930078608,0.5294780934473862,0.9178202011732746,0.9178806159342273,0.0
pp_primary_long,B,1.7453292519943295,0.5555555555555556,5484,-63.00552230918006,-0.01466338037640881,0.9172550648172687,0.9178751909942724,0.8431059615618547
pp_primary_long,B,1.7453292519943295,0.5555555555555556,5485,-63.10172900453861,-0.07841686506127199,0.9178200171566282,0.9178805897686543,0.0
pp_primary_long,B,1.7453292519943295,0.5555555555555556,5486,-63.12193374410078,-0.06112939560810716,0.9172546182092199,0.9178751193445668,0.8431043378333516
pp_primary_long,B,1.7453292519943295,0.5555555555555556,5487,-63.716500681811645,-0.6639811532260494,0.9178200250411894,0.9178805908575954,0.0
pp_primary_long,B,1.7453292519943295,0.5555555555555556,5488,-63.211306047182596,-0.09414723059348463,0.9172540713581014,0.9178750335056858,0.8431022925905279
pp_primary_long,B,1.7453292519943295,0.5555555555555556,5489,-64.00472442021443,-0.9264287316798259,0.9178197764582656,0.91788055520419,0.0
pp_primary_long,B,1.7453292519943295,0.5555555555555556,5490,-63.23953288469047,-0.09675415189519278,0.9172541732887616,0.9178750475308938,0.8431027481909487
pp_primary_long,B,1.7453292519943295,0.5555555555555556,5491,-63.83015263412837,-0.7309498330617662,0.9178197127245866,0.9178805423355976,0.0
pp_primary_long,B,1.7453292519943295,0.5555555555555556,5492,-63.20392775058639,-0.06761363481305561,0.9172539000644369,0.917874996707072,0.8431020083932437
pp_primary_long,B,1.7453292519943295,0.5555555555555556,5493,-63.29426639802497,-0.17795583658817005,0.917819847393067,0.917880563258574,0.0
pp_primary_long,B,1.7453292519943295,0.5555555555555556,5494,-63.1345765570356,-0.021690090313686627,0.9172540795941506,0.9178750225996574,0.8431027677078353
pp_primary_long,B,1.7453292519943295,0.5555555555555556,5495,-62.684140929083846,0.4484981432203518,0.9178198259550227,0.9178805593592403,0.0
pp_primary_long,B,1.7453292519943295,0.5555555555555556,5496,-63.07892316603092,0.01742159472235187,0.9172544909260973,0.9178751034077397,0.8431036977137728
pp_primary_long,B,1.7453292519943295,0.5555555555555556,5497,-62.32498288084504,0.8266224603257206,0.9178199481957598,0.9178805808311357,0.0
pp_primary_long,B,1.7453292519943295,0.5555555555555556,5498,-63.07735368312366,0.029634347096727826,0.9172545236850967,0.9178751067226043,0.8431038917560445
pp_primary_long,B,1.7453292519943295,0.5555555555555556,5499,-62.41309181032793,0.7621854414207142,0.9178201753043302,0.9178806142078197,0.0
pp_primary_long,B,1.7453292519943295,0.5555555555555556,5500,-63.142482051950125,0.008674165366551065,0.9172548571372179,0.917875164157031,0.8431049560708271
pp_primary_long,B,1.7453292519943295,0.5555555555555556,5501,-62.91501245094312,0.28828590043032887,0.9178201067964656,0.9178806028886458,0.0
pp_primary_long,B,1.7453292519943295,0.5555555555555556,5502,-63.25265952611296,-0.03469144558386,0.9172551671295206,0.9178752054219208,0.8431063991339505
pp_primary_long,B,1.7453292519943295,0.5555555555555556,5503,-63.58473234140474,-0.3516491919433081,0.9178201601076541,0.917880610474731,0.0
pp_primary_long,B,1.7453292519943295,0.5555555555555556,5504,-63.363102210890936,-0.07818873639311087,0.9172545481749228,0.9178751108886782,0.8431039843799262
pp_primary_long,B,1.7453292519943295,0.5555555555555556,5505,-64.09004238557958,-0.8289019380883418,0.9178200635288944,0.9178805973269016,0.0
pp_primary_long,B,1.7453292519943295,0.5555555555555556,5506,-63.42888265193577,-0.09947315052373287,0.9172544882522056,0.917875100453339,0.8431038055016958
pp_primary_long,B,1.7453292519943295,0.5555555555555556,5507,-64.1831896278664,-0.8983240338238179,0.9178197867406727,0.9178805562019986,0.0
pp_primary_long,B,1.7453292519943295,0.5555555555555556,5508,-63.42802339187115,-0.08761349611070221,0.9172541440496752,0.9178750467561907,0.8431024875286818
pp_primary_long,B,1.7453292519943295,0.5555555555555556,5509,-63.82813014329986,-0.524255417242236,0.9178198255309271,0.9178805603550867,0.0
pp_primary_long,B,1.7453292519943295,0.5555555555555556,5510,-63.37276546312146,-0.04869887309511639,0.917253865603215,0.9178749864333472,0.843102066560218
pp_primary_long,B,1.7453292519943295,0.5555555555555556,5511,-63.219059729974475,0.10115519448479604,0.9178197801420707,0.9178805526019059,0.0
pp_primary_long,B,1.7453292519943295,0.5555555555555556,5512,-63.30330223568065,-0.002719319717304547,0.9172541465844635,0.9178750389690097,0.8431028044041238
pp_primary_long,B,1.7453292519943295,0.5555555555555556,5513,-62.68063955721154,0.6566553292789259,0.9178197458472032,0.9178805470502965,0.0
pp_primary_long,B,1.7453292519943295,0.5555555555555556,5514,-63.26712756412316,0.02670454274594254,0.9172542353513023,0.9178750550632863,0.8431030492986027
pp_primary_long,B,1.7453292519943295,0.5555555555555556,5515,-62.501251541993604,0.8569012806356188,0.917819962699504,0.9178805832364538,0.0
pp_primary_long,B,1.7453292519943295,0.5555555555555556,5516,-63.29462291246153,0.02446129000988373,0.9172543012712657,0.9178750736774164,0.843102983027225
pp_primary_long,B,1.7453292519943295,0.5555555555555556,5517,-62.784845763449994,0.5990335233911263,0.9178200453269932,0.9178805941276675,0.0
pp_primary_long,B,1.7453292519943295,0.5555555555555556,5518,-63.383475522419054,-0.008298234772829705,0.9172549996417452,0.9178751836822966,0.8431055926324175
pp_primary_long,B,1.7453292519943295,0.5555555555555556,5519,-63.3975567799281,0.01550811125554985,0.9178200967948883,0.917880601885119,0.0
pp_primary_long,B,1.7453292519943295,0.5555555555555556,5520,-63.49984786785625,-0.05474479468333451,0.9172549231238367,0.917875168204185,0.8431054424798482
pp_primary_long,B,1.7453292519943295,0.5555555555555556,5521,-64.03645907251862,-0.5939338741921127,0.9178202599939197,0.917880624666815,0.0
pp_primary_long,B,1.7453292519943295,0.5555555555555556,5522,-63.595772851231494,-0.09102180752893141,0.9172547827071879,0.9178751470487504,0.8431048936373247
pp_primary_long,B,1.7453292519943295,0.5555555555555556,5523,-64.38517787965023,-0.9162403986946082,0.9178200201042872,0.9178805916681851,0.0
pp_primary_long,B,1.7453292519943295,0.5555555555555556,5524,-63.633783125986476,-0.09849439676610865,0.9172547187184013,0.917875142373455,0.8431044453381255
pp_primary_long,B,1.7453292519943295,0.5555555555555556,5525,-64.27639028159092,-0.7858524682439065,0.9178199205852053,0.9178805758208485,0.0
pp_primary_long,B,1.7453292519943295,0.5555555555555556,5526,-63.60616520525463,-0.07332601413317232,0.9172541009881586,0.9178750370593032,0.843102436662008
pp_primary_long,B,1.7453292519943295,0.5555555555555556,5527,-63.777787447446904,-0.2697473980755871,0.9178198832816645,0.9178805702788664,0.0
pp_primary_long,B,1.7453292519943295,0.5555555555555556,5528,-63.538900935471226,-0.02844010208353169,0.9172540650826022,0.9178750223860931,0.8431026503388992
pp_primary_long,B,1.7453292519943295,0.5555555555555556,5529,-63.15729180646328,0.36696706538190516,0.9178197167060934,0.9178805415042258,0.0
pp_primary_long,B,1.7453292519943295,0.5555555555555556,5530,-63.47836113006516,0.013101789740529377,0.9172541371876538,0.9178750364609237,0.8431028089756722
pp_primary_long,B,1.7453292519943295,0.5555555555555556,5531,-62.74543882778204,0.7972309929794511,0.9178197696905535,0.9178805521518427,0.0
pp_primary_long,B,1.7453292519943295,0.5555555555555556,5532,-63.46744237629693,0.029963977115447932,0.9172539273361279,0.91787500275855,0.8431020400904834
pp_primary_long,B,1.7453292519943295,0.5555555555555556,5533,-62.76559436086465,0.8000321045981701,0.9178199039770869,0.9178805730716082,0.0
pp_primary_long,B,1.7453292519943295,0.5555555555555556,5534,-63.52356553176844,0.01348252476955851,0.917254336145189,0.9178750803051208,0.843103069688952
pp_primary_long,B,1.7453292519943295,0.5555555555555556,5535,-63.21920875407204,0.3739307426671623,0.9178198993008834,0.9178805730381342,0.0
pp_primary_long,B,1.7453292519943295,0.5555555555555556,5536,-63.6297044238676,-0.0278743564768357,0.9172548174389596,0.9178751512590166,0.8431050526672128
pp_primary_long,B,1.7453292519943295,0.5555555555555556,5537,-63.88508304744357,-0.2621995393493233,0.9178201664482694,0.91788061110186,0.0
pp_primary_long,B,1.7453292519943295,0.5555555555555556,5538,-63.743146640395054,-0.07286370136343527,0.9172547430951231,0.9178751400025004,0.8431047659207562
pp_primary_long,B,1.7453292519943295,0.5555555555555556,5539,-64.43298415027472,-0.781596263807798,0.9178202021280373,0.9178806169264893,0.0
pp_primary_long,B,1.7453292519943295,0.5555555555555556,5540,-63.81742484257306,-0.09837478414499823,0.9172550974795716,0.9178751972334701,0.8431060389655356
pp_primary_long,B,1.7453292519943295,0.5555555555555556,5541,-64.59328003741419,-0.9174616873659034,0.9178200496052553,0.9178805953926714,0.0
pp_primary_long,B,1.7453292519943295,0.5555555555555556,5542,-63.826200362916644,-0.09130685195118912,0.9172546672802221,0.9178751369538213,0.8431041460549648
pp_primary_long,B,1.7453292519943295,0.5555555555555556,5543,-64.29543558775052,-0.6000046553346224,0.9178200635868092,0.9178805983467101,0.0
pp_primary_long,B,1.7453292519943295,0.5555555555555556,5544,-63.77676345348861,-0.05528693017408481,0.9172542810244038,0.9178750638964976,0.843103175964185
pp_primary_long,B,1.7453292519943295,0.5555555555555556,5545,-63.70425649372541,0.0077047652324102045,0.9178198743725968,0.9178805681088732,0.0
pp_primary_long,B,1.7453292519943295,0.5555555555555556,5546,-63.70631784919309,-0.008818382174620693,0.9172543024361322,0.9178750672437532,0.8431032560893023
pp_primary_long,B,1.7453292519943295,0.5555555555555556,5547,-63.135214283648914,0.5935051446205383,0.917819747023985,0.9178805467642523,0.0
pp_primary_long,B,1.7453292519943295,0.5555555555555556,5548,-63.66285751146815,0.02422881118145148,0.9172540049791457,0.9178750092109987,0.8431025542792033
pp_primary_long,B,1.7453292519943295,0.5555555555555556,5549,-62.892421011944506,0.8564889738851827,0.9178198215677522,0.9178805600493233,0.0
pp_primary_long,B,1.7453292519943295,0.5555555555555556,5550,-63.680511188164274,0.02688012912974587,0.917253848283664,0.917874994221115,0.8431016005854541
pp_primary_long,B,1.7453292519943295,0.5555555555555556,5551,-63.11239472274656,0.6615716158459739,0.9178197600875084,0.9178805509508883,0.0
pp_primary_long,B,1.7453292519943295,0.5555555555555556,5552,-63.76202287965487,-0.00222826692605288,0.9172543612405138,0.91787507982466,0.8431033341887056
pp_primary_long,B,1.7453292519943295,0.5555555555555556,5553,-63.693950740347205,0.10887359715943523,0.9178198740010804,0.917880569286965,0.0
pp_primary_long,B,1.7453292519943295,0.5555555555555556,5554,-63.87732376439409,-0.0481419947533421,0.9172543962963229,0.9178750844798231,0.8431034964341662
pp_primary_long,B,1.7453292519943295,0.5555555555555556,5555,-64.35016689916078,-0.5177002464243865,0.9178201516820025,0.917880608427278,0.0
pp_primary_long,B,1.7453292519943295,0.5555555555555556,5556,-63.97899377653435,-0.08727670524006606,0.917254853752382,0.9178751543481952,0.8431052912961169
pp_primary_long,B,1.7453292519943295,0.5555555555555556,5557,-64.75577452695913,-0.8962989015138814,0.9178200900894197,0.9178806006139855,0.0
pp_primary_long,B,1.7453292519943295,0.5555555555555556,5558,-64.02661707812234,-0.09953054496734581,0.9172550978635139,0.9178752009203828,0.8431058955689781
pp_primary_long,B,1.7453292519943295,0.5555555555555556,5559,-64.71422798600605,-0.8324461208026658,0.9178201635087493,0.9178806118129801,0.0
pp_primary_long,B,1.7453292519943295,0.5555555555555556,5560,-64.00754256177268,-0.0786111862240491,0.9172546319925635,0.9178751276108033,0.8431041622695508
pp_primary_long,B,1.7453292519943295,0.5555555555555556,5561,-64.2586799437916,-0.3589413059183285,0.9178201043512412,0.9178806053011522,0.0
pp_primary_long,B,1.7453292519943295,0.5555555555555556,5562,-63.94336594994576,-0.03526050703740731,0.9172546021748169,0.9178751213359622,0.8431041186997805
pp_primary_long,B,1.7453292519943295,0.5555555555555556,5563,-63.63493558496741,0.28098950718930693,0.9178198885178931,0.9178805693199374,0.0
pp_primary_long,B,1.7453292519943295,0.5555555555555556,5564,-63.87886872226365,0.0082499196069927,0.9172544076162323,0.9178750828581586,0.8431036777939205
pp_primary_long,B,1.7453292519943295,0.5555555555555556,5565,-63.17520104382711,0.7586326526645636,0.9178198659581865,0.9178805663945827,0.0
pp_primary_long,B,1.7453292519943295,0.5555555555555556,5566,-63.85897840652237,0.02957407192248651,0.9172539275997408,0.917874997551599,0.843102249108939
pp_primary_long,B,1.7453292519943295,0.5555555555555556,5567,-63.12743594728866,0.8286391638249746,0.9178198006191963,0.9178805554158964,0.0
pp_primary_long,B,1.7453292519943295,0.5555555555555556,5568,-63.90572852878332,0.017754362330965917,0.9172540289586865,0.9178750244933235,0.8431022145722633
pp_primary_long,B,1.7453292519943295,0.5555555555555556,5569,-63.52798021653446,0.4550491116622495,0.917819669779282,0.917880538351102,0.0
pp_primary_long,B,1.7453292519943295,0.5555555555555556,5570,-64.00690797160802,-0.021135935478922938,0.9172540980648275,0.9178750348528929,0.8431024838322192
pp_primary_long,B,1.7453292519943295,0.5555555555555556,5571,-64.18289524997661,-0.17023662971539677,0.9178199144966807,0.9178805743013095,0.0
pp_primary_long,B,1.7453292519943295,0.5555555555555556,5572,-64.12235045838821,-0.06712032623124023,0.9172541839574673,0.9178750495453091,0.8431027574922421
pp_primary_long,B,1.7453292519943295,0.5555555555555556,5573,-64.76757757753731,-0.7260280036757605,0.9178199979630783,0.917880586327195,0.0
pp_primary_long,B,1.7453292519943295,0.5555555555555556,5574,-64.2045591308282,-0.09657588678707517,0.9172549390102729,0.9178751668825709,0.8431056393658019
pp_primary_long,B,1.7453292519943295,0.5555555555555556,5575,-64.99350059282833,-0.9268328889378251,0.9178200718609252,0.9178805965581526,0.0
pp_primary_long,B,1.7453292519943295,0.5555555555555556,5576,-64.22312195378771,-0.0943759420560758,0.9172548360473204,0.9178751589489873,0.843104945991183
pp_primary_long,B,1.7453292519943295,0.5555555555555556,5577,-64.75641993066688,-0.6695014949156477,0.9178202250115564,0.9178806219700195,0.0
pp_primary_long,B,1.7453292519943295,0.5555555555555556,5578,-64.1803029736457,-0.06164758307999857,0.9172547881934818,0.9178751509353562,0.8431047962221667
pp_primary_long,B,1.7453292519943295,0.5555555555555556,5579,-64.18992753331699,-0.0862180720658755,0.9178200738994229,0.9178805998204849,0.0
pp_primary_long,B,1.7453292519943295,0.5555555555555556,5580,-64.10990979867276,-0.015204713226259658,0.9172548265229507,0.9178751629356443,0.8431047107656358
pp_primary_long,B,1.7453292519943295,0.5555555555555556,5581,-63.596814707434405,0.5234019488052544,0.9178199860998075,0.9178805851908756,0.0
pp_primary_long,B,1.7453292519943295,0.5555555555555556,5582,-64.05990371036035,0.021098325704254683,0.9172544008220015,0.9178750775769231,0.8431038112663318
pp_primary_long,B,1.7453292519943295,0.5555555555555556,5583,-63.29355811209511,0.8462143553875567,0.9178199701948307,0.9178805816435841,0.0
pp_primary_long,B,1.7453292519943295,0.5555555555555556,5584,-64.06777730217794,0.028613976683270564,0.917254114227211,0.9178750340458149,0.8431026876097952
pp_primary_long,B,1.7453292519943295,0.5555555555555556,5585,-63.44773355339323,0.7164024368497347,0.9178197351881092,0.9178805455968119,0.0
pp_primary_long,B,1.7453292519943295,0.5555555555555556,5586,-64.1412991539099,0.003479333324249753,0.9172541443011669,0.9178750392763495,0.843102773583095
pp_primary_long,B,1.7453292519943295,0.5555555555555556,5587,-63.991955727795194,0.20064568732828636,0.9178197252979668,0.917880546918482,0.0
pp_primary_long,B,1.7453292519943295,0.5555555555555556,5588,-64.25450704780081,-0.04139354245315852,0.9172537618890098,0.9178749825172948,0.8431012026982307
pp_primary_long,B,1.7453292519943295,0.5555555555555556,5589,-64.65847922562926,-0.4361262963047538,0.917819862394206,0.9178805663643747,0.0
pp_primary_long,B,1.7453292519943295,0.5555555555555556,5590,-64.36105444256131,-0.08295406992977064,0.917254279756391,0.9178750612538672,0.8431032449771179
pp_primary_long,B,1.7453292519943295,0.5555555555555556,5591,-65.11674051414478,-0.8668258219190568,0.9178198550067532,0.9178805647389353,0.0
pp_primary_long,B,1.7453292519943295,0.5555555555555556,5592,-64.41801865526604,-0.09985377103240475,0.9172546900345021,0.9178751291173073,0.8431046548439911
pp_primary_long,B,1.7453292519943295,0.5555555555555556,5593,-65.1431476265411,-0.8702143006873682,0.9178201138850541,0.9178806022479976,0.0
pp_primary_long,B,1.7453292519943295,0.5555555555555556,5594,-64.40794794699698,-0.08341302299209305,0.9172546670947366,0.9178751260836023,0.8431045523679074
pp_primary_long,B,1.7453292519943295,0.5555555555555556,5595,-64.73594801868512,-0.4445504354867624,0.9178201617000047,0.9178806130353762,0.0
pp_primary_long,B,1.7453292519943295,0.5555555555555556,5596,-64.34781866384935,-0.042075413633510056,0.9172549707810067,0.9178751853370282,0.8431052571967134
pp_primary_long,B,1.7453292519943295,0.5555555555555556,5597,-64.11611000088142,0.19151550513862153,0.9178200729651858,0.917880598943055,0.0
pp_primary_long,B,1.7453292519943295,0.5555555555555556,5598,-64.28033228149147,0.002922045130548667,0.917254843843208,0.9178751626021008,0.8431048859939676
pp_primary_long,B,1.7453292519943295,0.5555555555555556,5599,-63.61383485271872,0.7112542344619794,0.9178201195107074,0.9178806064768028,0.0
pp_primary_long,B,1.7453292519943295,0.5555555555555556,5600,-64.25194907173125,0.028470543865069628,0.917254473500702,0.9178750927161253,0.8431039511625849
pp_primary_long,B,1.7453292519943295,0.5555555555555556,5601,-63.498932896088874,0.8476922794096786,0.9178199829023438,0.9178805822354156,0.0
pp_primary_long,B,1.7453292519943295,0.5555555555555556,5602,-64.28906486715901,0.021442654847647055,0.9172544671009577,0.9178750921949702,0.8431039093545778
pp_primary_long,B,1.7453292519943295,0.5555555555555556,5603,-63.84223145538287,0.5307457391884636,0.9178197610439077,0.9178805509954854,0.0
pp_primary_long,B,1.7453292519943295,0.5555555555555556,5604,-64.38441850621568,-0.014550263668217947,0.9172540081112751,0.9178750169461173,0.8431022933945506
pp_primary_long,B,1.7453292519943295,0.5555555555555556,5605,-64.47919660203593,-0.07677850184409268,0.9178198199891895,0.9178805602493957,0.0
pp_primary_long,B,1.7453292519943295,0.5555555555555556,5606,-64.50083923616133,-0.061021125858313055,0.9172537626657095,0.9178749826366146,0.8431012111160344
pp_primary_long,B,1.7453292519943295,0.5555555555555556,5607,-65.09444537467347,-0.6628142313787357,0.9178197209812815,0.9178805459402578,0.0
pp_primary_long,B,1.7453292519943295,0.5555555555555556,5608,-64.59032680296883,-0.09409669275838695,0.9172542994561199,0.9178750641680021,0.8431033297603548
pp_primary_long,B,1.7453292519943295,0.5555555555555556,5609,-65.38374966481939,-0.9263347915805474,0.917819843065127,0.917880561571391,0.0
pp_primary_long,B,1.7453292519943295,0.5555555555555556,5610,-64.61872638257228,-0.0967894401458455,0.9172543048013105,0.9178750651350303,0.8431033403823588
pp_primary_long,B,1.7453292519943295,0.5555555555555556,5611,-65.21030956358176,-0.7319761415092865,0.9178200777444128,0.9178805979920998,0.0
pp_primary_long,B,1.7453292519943295,0.5555555555555556,5612,-64.58324923349986,-0.06771317001278905,0.9172546921982054,0.9178751280523759,0.8431047172732371
pp_primary_long,B,1.7453292519943295,0.5555555555555556,5613,-64.67502473791993,-0.17957411900438702,0.9178200523022387,0.9178805953155166,0.0
pp_primary_long,B,1.7453292519943295,0.5555555555555556,5614,-64.51393671523869,-0.021807777165703507,0.9172549601087316,0.9178751860607539,0.843105120091743
pp_primary_long,B,1.7453292519943295,0.5555555555555556,5615,-64.06465692109245,0.4471198208110243,0.9178201327403867,0.9178806088976542,0.0
pp_primary_long,B,1.7453292519943295,0.5555555555555556,5616,-64.45819218603226,0.01734955624212671,0.9172547539609522,0.9178751440637283,0.8431047198793913
pp_primary_long,B,1.7453292519943295,0.5555555555555556,5617,-63.70454608882093,0.8261905464644195,0.9178201817940178,0.9178806149502914,0.0
pp_primary_long,B,1.7453292519943295,0.5555555555555556,5618,-64.45645597047353,0.029645011463338075,0.9172547478383873,0.917875143312366,0.8431046974728854
pp_primary_long,B,1.7453292519943295,0.5555555555555556,5619,-63.791472319314785,0.7629214062797519,0.9178199666724116,0.9178805805641373,0.0
pp_primary_long,B,1.7453292519943295,0.5555555555555556,5620,-64.52142986812024,0.008761768354413849,0.9172546418902087,0.9178751173074507,0.8431046458460841
pp_primary_long,B,1.7453292519943295,0.5555555555555556,5621,-64.29259457947396,0.28981138853738436,0.9178199112022762,0.9178805736763685,0.0
pp_primary_long,B,1.7453292519943295,0.5555555555555556,5622,-64.63154569338958,-0.03457323544642073,0.9172539156716919,0.9178750058924796,0.8431018194246964
pp_primary_long,B,1.7453292519943295,0.5555555555555556,5623,-64.96230617920088,-0.35011477782586037,0.9178198109248377,0.9178805589072575,0.0
pp_primary_long,B,1.7453292519943295,0.5555555555555556,5624,-64.74204728615732,-0.07810014496739512,0.9172540397330354,0.9178750251983371,0.8431022952275058
pp_primary_long,B,1.7453292519943295,0.5555555555555556,5625,-65.46840602115729,-0.828149156220702,0.9178196584116832,0.917880536320983,0.0
pp_primary_long,B,1.7453292519943295,0.5555555555555556,5626,-64.8079801638523,-0.09946032922680365,0.9172540383994384,0.9178750245970476,0.8431022948689921
pp_primary_long,B,1.7453292519943295,0.5555555555555556,5627,-65.56272958087773,-0.8987397746244006,0.9178198809591978,0.9178805673316597,0.0
pp_primary_long,B,1.7453292519943295,0.5555555555555556,5628,-64.80728064806303,-0.08768085327858179,0.9172541448661373,0.917875033446579,0.843102987466222
pp_primary_long,B,1.7453292519943295,0.5555555555555556,5629,-65.2086375204872,-0.5256267216036585,0.9178199411937508,0.9178805776447551,0.0
pp_primary_long,B,1.7453292519943295,0.5555555555555556,5630,-64.75211507741068,-0.04881230295262932,0.9172546904677431,0.9178751319345954,0.8431045514269749
pp_primary_long,B,1.7453292519943295,0.5555555555555556,5631,-64.59981716043711,0.09953485268318496,0.9178199999191616,0.917880586545408,0.0
pp_primary_long,B,1.7453292519943295,0.5555555555555556,5632,-64.68263525529731,-0.0028235205332318575,0.9172547454267199,0.9178751456169105,0.8431045697829569
pp_primary_long,B,1.7453292519943295,0.5555555555555556,5633,-64.06081191713625,0.6556180594868268,0.9178201815894735,0.9178806169377021,0.0
pp_primary_long,B,1.7453292519943295,0.5555555555555556,5634,-64.64632655533686,0.02666686341855458,0.9172547521310389,0.9178751472429356,0.8431045824966362
pp_primary_long,B,1.7453292519943295,0.5555555555555556,5635,-63.88029774109224,0.8569797397636408,0.9178201375311951,0.9178806073319612,0.0
pp_primary_long,B,1.7453292519943295,0.5555555555555556,5636,-64.67365382714178,0.024507575742312826,0.9172550364942931,0.917875189279075,0.8431057477393089
pp_primary_long,B,1.7453292519943295,0.5555555555555556,5637,-64.16280603196155,0.6001849879486593,0.9178200405522383,0.9178805931281886,0.0
pp_primary_long,B,1.7453292519943295,0.5555555555555556,5638,-64.76238175589975,-0.008189935726029787,0.917254562697509,0.9178751059747674,0.8431043059542209
pp_primary_long,B,1.7453292519943295,0.5555555555555556,5639,-64.77502832564693,0.017143247579609666,0.91782004036509,0.9178805920116693,0.0
pp_primary_long,B,1.7453292519943295,0.5555555555555556,5640,-64.87874576031345,-0.05463246615387041,0.9172541802439557,0.9178750496032964,0.8431027401297335
pp_primary_long,B,1.7453292519943295,0.5555555555555556,5641,-65.41429188714916,-0.5926542604028576,0.917819750246949,0.917880550765059,0.0
pp_primary_long,B,1.7453292519943295,0.5555555555555556,5642,-64.97477744636592,-0.0909625241939791,0.9172541641880237,0.9178750469171607,0.8431026790516339
pp_primary_long,B,1.7453292519943295,0.5555555555555556,5643,-65.76403254810214,-0.9159744495578882,0.9178197421419407,0.9178805480763634,0.0
pp_primary_long,B,1.7453292519943295,0.5555555555555556,5644,-65.01295812126929,-0.09851993078209069,0.9172537968119693,0.9178749837871347,0.8431014948075198
pp_primary_long,B,1.7453292519943295,0.5555555555555556,5645,-65.65640721607578,-0.7867377356753312,0.9178198381503442,0.9178805621972534,0.0
pp_primary_long,B,1.7453292519943295,0.5555555555555556,5646,-64.98547289592236,-0.07341867402288427,0.9172542053092879,0.9178750429361099,0.8431032181050724
pp_primary_long,B,1.7453292519943295,0.5555555555555556,5647,-65.15850676342194,-0.27132949727609784,0.9178198182032408,0.9178805574983444,0.0
pp_primary_long,B,1.7453292519943295,0.5555555555555556,5648,-64.9182591996562,-0.02855739555183881,0.9172544970217379,0.917875100744047,0.8431038573605878
pp_primary_long,B,1.7453292519943295,0.5555555555555556,5649,-64.53789129419519,0.36550249655516553,0.9178200053057408,0.9178805883659872,0.0
pp_primary_long,B,1.7453292519943295,0.5555555555555556,5650,-64.85764211758372,0.01302294707096284,0.9172545013778041,0.9178751017147557,0.8431038647910096
pp_primary_long,B,1.7453292519943295,0.5555555555555556,5651,-64.12516369966613,0.7966369205365814,0.9178201334654996,0.9178806085979152,0.0
pp_primary_long,B,1.7453292519943295,0.5555555555555556,5652,-64.84656838519587,0.029962548958576377,0.9172548855643351,0.9178751727846283,0.8431049027994615
pp_primary_long,B,1.7453292519943295,0.5555555555555556,5653,-64.14413145523113,0.800612566787138,0.9178200817987823,0.91788059986645,0.0
pp_primary_long,B,1.7453292519943295,0.5555555555555556,5654,-64.90253151271239,0.013561080225527364,0.9172550398557962,0.9178751861369565,0.8431058942961933
pp_primary_long,B,1.7453292519943295,0.5555555555555556,5655,-64.59686206088446,0.3753857542495699,0.9178201842157108,0.917880614164687,0.0
pp_primary_long,B,1.7453292519943295,0.5555555555555556,5656,-65.00859123510675,-0.027756524751195708,0.9172545748288958,0.917875112287388,0.8431041915967459
pp_primary_long,B,1.7453292519943295,0.5555555555555556,5657,-65.26260625805259,-0.26061493135964076,0.9178200389203145,0.9178805921346781,0.0
pp_primary_long,B,1.7453292519943295,0.5555555555555556,5658,-65.12207670338036,-0.07276742725450927,0.9172545865883887,0.9178751140944551,0.8431042390509742
pp_primary_long,B,1.7453292519943295,0.5555555555555556,5659,-65.81120070332044,-0.7806965171819428,0.9178197985866626,0.9178805580261191,0.0
pp_primary_long,B,1.7453292519943295,0.5555555555555556,5660,-65.19650381981972,-0.09835205224007308,0.9172540425869141,0.9178750307130978,0.8431021078368421
pp_primary_long,B,1.7453292519943295,0.5555555555555556,5661,-65.97265311604562,-0.9177081453980492,0.9178198433824896,0.9178805638208648,0.0
pp_primary_long,B,1.7453292519943295,0.5555555555555556,5662,-65.2054428725902,-0.09136619454773694,0.9172538734618393,0.9178749924188384,0.8431019178507894
pp_primary_long,B,1.7453292519943295,0.5555555555555556,5663,-65.67584185672632,-0.6012731835342393,0.9178197378317969,0.9178805468289051,0.0
pp_primary_long,B,1.7453292519943295,0.5555555555555556,5664,-65.15610944199432,-0.05539821681780859,0.9172542182031641,0.9178750499171501,0.8431030837082232
pp_primary_long,B,1.7453292519943295,0.5555555555555556,5665,-65.08503083415849,0.006066394927977725,0.9178197931569771,0.9178805533181674,0.0
pp_primary_long,B,1.7453292519943295,0.5555555555555556,5666,-65.08565648394406,-0.008925935905804205,0.9172541987910293,0.9178750456006828,0.8431030515174993
pp_primary_long,B,1.7453292519943295,0.5555555555555556,5667,-64.51551368716403,0.5923394221347935,0.9178199849901719,0.9178805858559123,0.0
pp_primary_long,B,1.7453292519943295,0.5555555555555556,5668,-65.0420739915769,0.024181742467166978,0.9172544042089559,0.9178750892076943,0.8431033928551768
pp_primary_long,B,1.7453292519943295,0.5555555555555556,5669,-64.27163735161344,0.8563964023113587,0.9178200030379852,0.9178805880587513,0.0
pp_primary_long,B,1.7453292519943295,0.5555555555555556,5670,-65.05956351295092,0.0269154673514765,0.9172549303585926,0.9178751765742398,0.8431051891777506
pp_primary_long,B,1.7453292519943295,0.5555555555555556,5671,-64.49048157550753,0.6625969553999868,0.9178201122285023,0.9178806052361086,0.0
pp_primary_long,B,1.7453292519943295,0.5555555555555556,5672,-65.14093950597922,-0.0021253809424592873,0.9172548158805436,0.9178751513998047,0.843105040011579
pp_primary_long,B,1.7453292519943295,0.5555555555555556,5673,-65.07143978794899,0.11049071497038321,0.9178202419962479,0.9178806217760466,0.0
pp_primary_long,B,1.7453292519943295,0.5555555555555556,5674,-65.25621259022061,-0.048025422219800454,0.9172548777295131,0.9178751611751333,0.8431052783002038
pp_primary_long,B,1.7453292519943295,0.5555555555555556,5675,-65.72789908579355,-0.5163220643620761,0.9178200042016769,0.9178805881054044,0.0
pp_primary_long,B,1.7453292519943295,0.5555555555555556,5676,-65.35797754732096,-0.08720693006318045,0.9172547142363032,0.9178751372434506,0.8431045921087619
pp_primary_long,B,1.7453292519943295,0.5555555555555556,5677,-66.13446164035349,-0.895866067673373,0.9178199599847393,0.9178805816079751,0.0
pp_primary_long,B,1.7453292519943295,0.5555555555555556,5678,-65.40577193585776,-0.09954550841100843,0.9172540308324968,0.9178750277656745,0.8431021094889425
pp_primary_long,B,1.7453292519943295,0.5555555555555556,5679,-66.09409769177142,-0.833181324731422,0.9178198492148706,0.9178805657865917,0.0
pp_primary_long,B,1.7453292519943295,0.5555555555555556,5680,-65.38684262040701,-0.07869916797055879,0.9172541307930077,0.9178750367178158,0.8431027447536751
pp_primary_long,B,1.7453292519943295,0.5555555555555556,5681,-65.6393469238977,-0.36046875983137144,0.9178197046197614,0.9178805404695661,0.0
pp_primary_long,B,1.7453292519943295,0.5555555555555556,5682,-65.32272929968872,-0.03537990289755661,0.9172540800260729,0.9178750269427229,0.8431026115778959
pp_primary_long,B,1.7453292519943295,0.5555555555555556,5683,-65.01560672158993,0.27945440199962657,0.9178198276976641,0.9178805600404121,0.0
pp_primary_long,B,1.7453292519943295,0.5555555555555556,5684,-65.2581632429154,0.008163950845201093,0.9172540014567384,0.9178750107968966,0.8431024544883758
pp_primary_long,B,1.7453292519943295,0.5555555555555556,5685,-64.55508332310899,0.7578802777686278,0.9178198836557254,0.9178805692351684,0.0
pp_primary_long,B,1.7453292519943295,0.5555555555555556,5686,-65.23812532433854,0.029561815723561563,0.9172544283450651,0.9178750952389083,0.8431033987789917
pp_primary_long,B,1.7453292519943295,0.5555555555555556,5687,-64.50613566529897,0.8290564028040738,0.917819906807943,0.9178805743128591,0.0
pp_primary_long,B,1.7453292519943295,0.5555555555555556,5688,-65.28471156567727,0.017824061342508662,0.9172546812962477,0.9178751316404475,0.8431044753971749
pp_primary_long,B,1.7453292519943295,0.5555555555555556,5689,-64.90571758637329,0.45642004566288413,0.9178201694896954,0.9178806128590067,0.0
pp_primary_long,B,1.7453292519943295,0.5555555555555556,5690,-65.38579660194259,-0.02101941982830309,0.917254738577542,0.9178751416270721,0.843104659985289
pp_primary_long,B,1.7453292519943295,0.5555555555555556,5691,-65.56038067436721,-0.16861607353120156,0.9178201588269788,0.9178806099962494,0.0
pp_primary_long,B,1.7453292519943295,0.5555555555555556,5692,-65.50126320279713,-0.0670157923136891,0.9172551511553657,0.9178752035263615,0.8431063179275479
pp_primary_long,B,1.7453292519943295,0.5555555555555556,5693,-66.14565302253408,-0.724990842777792,0.9178200765672685,0.9178805986299686,0.0
pp_primary_long,B,1.7453292519943295,0.5555555555555556,5694,-65.58361217601848,-0.09654034445144166,0.9172546020064916,0.9178751222445555,0.8431040703725963
pp_primary_long,B,1.7453292519943295,0.5555555555555556,5695,-66.37270260524423,-0.9269091128219914,0.917820075075561,0.9178805994066923,0.0
pp_primary_long,B,1.7453292519943295,0.5555555555555556,5696,-65.60234554176321,-0.09442544213048762,0.9172543206850802,0.9178750727598284,0.8431032258497297
pp_primary_long,B,1.7453292519943295,0.5555555555555556,5697,-66.13671216481332,-0.6706536058567464,0.9178198217644319,0.9178805612637935,0.0
pp_primary_long,B,1.7453292519943295,0.5555555555555556,5698,-65.55964921738038,-0.06175803257021777,0.9172542714904338,0.9178750652133278,0.8431030284621325
pp_primary_long,B,1.7453292519943295,0.5555555555555556,5699,-65.57070432430496,-0.08785519204232384,0.9178197815953675,0.9178805525389258,0.0
pp_primary_long,B,1.7453292519943295,0.5555555555555556,5700,-65.48926113736955,-0.015318145761990323,0.9172539422424584,0.9178749989439764,0.8431023332105386
pp_primary_long,B,1.7453292519943295,0.5555555555555556,5701,-64.97723261802287,0.5221201164298149,0.917819830635082,0.9178805607501519,0.0
pp_primary_long,B,1.7453292519943295,0.5555555555555556,5702,-65.43914127276284,0.021040721952487865,0.917254016992953,0.9178750180703048,0.8431023352563601
pp_primary_long,B,1.7453292519943295,0.5555555555555556,5703,-64.67294726623528,0.8459487228506788,0.9178197561944161,0.9178805492178145,0.0
pp_primary_long,B,1.7453292519943295,0.5555555555555556,5704,-65.44685061008201,0.02863857987756599,0.9172543429603256,0.917875076445269,0.8431032840879819
pp_primary_long,B,1.7453292519943295,0.5555555555555556,5705,-64.82595966489929,0.7172885993383397,0.9178199108173655,0.9178805754271683,0.0
pp_primary_long,B,1.7453292519943295,0.5555555555555556,5706,-65.5202275152342,0.0035759899464887918,0.9172543229777718,0.9178750747363954,0.8431031537083072
pp_primary_long,B,1.7453292519943295,0.5555555555555556,5707,-65.36947818007837,0.20222892785854502,0.9178201133976462,0.9178806036289028,0.0
pp_primary_long,B,1.7453292519943295,0.5555555555555556,5708,-65.63338936708479,-0.04127413384681493,0.9172548953689063,0.9178751647243186,0.8431053004204452
pp_primary_long,B,1.7453292519943295,0.5555555555555556,5709,-66.0361216152832,-0.43466158569501656,0.9178200735926216,0.9178805979985917,0.0
pp_primary_long,B,1.7453292519943295,0.5555555555555556,5710,-65.74001432369107,-0.0828728598925666,0.9172550544834348,0.9178751897974884,0.8431058956875654
pp_primary_long,B,1.7453292519943295,0.5555555555555556,5711,-66.49526047272595,-0.866230306955699,0.9178202053994019,0.9178806170345539,0.0
pp_primary_long,B,1.7453292519943295,0.5555555555555556,5712,-65.79714387439633,-0.09985440521701891,0.9172546355433564,0.9178751258229101,0.8431042658953254
pp_primary_long,B,1.7453292519943295,0.5555555555555556,5713,-66.52285902412659,-0.8707927059376719,0.917820067861202,0.9178805992779869,0.0
pp_primary_long,B,1.7453292519943295,0.5555555555555556,5714,-65.78723364038319,-0.08349347559396746,0.9172546572865441,0.9178751313104991,0.8431042719334011
pp_primary_long,B,1.7453292519943295,0.5555555555555556,5715,-66.1165454489102,-0.4460063231935498,0.917819876990742,0.9178805687212729,0.0
pp_primary_long,B,1.7453292519943295,0.5555555555555556,5716,-65.72718866554233,-0.0421972767639565,0.9172542618303512,0.9178750627484987,0.8431030222743127
pp_primary_long,B,1.7453292519943295,0.5555555555555556,5717,-65.49683819419576,0.18992831733527082,0.9178198888909511,0.9178805703108267,0.0
pp_primary_long,B,1.7453292519943295,0.5555555555555556,5718,-65.65964743637312,0.002826381501036354,0.9172539848906753,0.9178750064168404,0.8431024709370243
pp_primary_long,B,1.7453292519943295,0.5555555555555556,5719,-64.99387041022881,0.7103513724940813,0.9178197758702035,0.9178805509573468,0.0
pp_primary_long,B,1.7453292519943295,0.5555555555555556,5720,-65.63112139971344,0.02844583592765826,0.9172541369746168,0.9178750393545978,0.8431026984216893
pp_primary_long,B,1.7453292519943295,0.5555555555555556,5721,-64.87780460179614,0.8479384708135327,0.917819715852582,0.9178805442438364,0.0
pp_primary_long,B,1.7453292519943295,0.5555555555555556,5722,-65.66806679072633,0.021502734684997013,0.9172540445307023,0.9178750241058747,0.843102369567324
pp_primary_long,B,1.7453292519943295,0.5555555555555556,5723,-65.22007076586931,0.532015268081774,0.9178199241801129,0.9178805764667664,0.0
pp_primary_long,B,1.7453292519943295,0.5555555555555556,5724,-65.763312779518,-0.014436794244080398,0.9172542143889099,0.9178750585905009,0.8431027100198139
pp_primary_long,B,1.7453292519943295,0.5555555555555556,5725,-65.85666149589366,-0.07513836982510214,0.9178199515433637,0.9178805800120358,0.0
pp_primary_long,B,1.7453292519943295,0.5555555555555556,5726,-65.87973862096274,-0.06091023031336176,0.9172549167087964,0.9178751653899099,0.8431054793134165
pp_primary_long,B,1.7453292519943295,0.5555555555555556,5727,-66.47238779549383,-0.6616481361968898,0.9178200986019508,0.9178806007601613,0.0
pp_primary_long,B,1.7453292519943295,0.5555555555555556,5728,-65.96935040561759,-0.09404717879655553,0.9172547762147546,0.9178751460660773,0.843104854580898
pp_primary_long,B,1.7453292519943295,0.5555555555555556,5729,-66.76277531433288,-0.9262393398113871,0.9178202301584075,0.9178806213613327,0.0
pp_primary_long,B,1.7453292519943295,0.5555555555555556,5730,-65.99792045074652,-0.09682484999919103,0.9172548938512028,0.917875165632518,0.8431052626722607
pp_primary_long,B,1.7453292519943295,0.5555555555555556,5731,-66.5904709292148,-0.733000182942519,0.917820038901555,0.9178805944393156,0.0
pp_primary_long,B,1.7453292519943295,0.5555555555555556,5732,-65.96258648558995,-0.06781887597370363,0.9172547643040385,0.9178751534529288,0.8431044627696818
pp_primary_long,B,1.7453292519943295,0.5555555555555556,5733,-66.05578410115262,-0.18119144652069036,0.9178200100030349,0.917880589517803,0.0
pp_primary_long,B,1.7453292519943295,0.5555555555555556,5734,-65.89330060111274,-0.021926802359710562,0.9172542917492689,0.9178750635266555,0.8431032867817629
pp_primary_long,B,1.7453292519943295,0.5555555555555556,5735,-65.44518003533483,0.4457378996683398,0.9178199374240219,0.917880577375435,0.0
pp_primary_long,B,1.7453292519943295,0.5555555555555556,5736,-65.83745709139967,0.017279054947648198,0.9172542220379123,0.9178750515395429,0.8431030704550043
pp_primary_long,B,1.7453292519943295,0.5555555555555556,5737,-65.08410894404761,0.8257544970858505,0.9178197394767704,0.9178805453303194,0.0
pp_primary_long,B,1.7453292519943295,0.5555555555555556,5738,-65.8355551503942,0.029656982553197667,0.917254135594951,0.9178750344460077,0.8431028682841507
pp_primary_long,B,1.7453292519943295,0.5555555555555556,5739,-65.16985250331669,0.7636553616249899,0.9178197814231256,0.917880554734782,0.0
pp_primary_long,B,1.7453292519943295,0.5555555555555556,5740,-65.90037365817633,0.008850707438139913,0.9172537953086631,0.9178749861461725,0.8431013894139324
pp_primary_long,B,1.7453292519943295,0.5555555555555556,5741,-65.67017171476027,0.29134065806860016,0.9178198334549946,0.9178805621741158,0.0
pp_primary_long,B,1.7453292519943295,0.5555555555555556,5742,-66.010427326266,-0.03445346574913012,0.9172543207754118,0.9178750726657796,0.8431032112642107
pp_primary_long,B,1.7453292519943295,0.5555555555555556,5743,-66.33987587100077,-0.3485786048258815,0.9178198474925401,0.917880564654142,0.0
pp_primary_long,B,1.7453292519943295,0.5555555555555556,5744,-66.12098827018107,-0.07800977856225425,0.9172545886024008,0.9178751134301694,0.8431042649211552
pp_primary_long,B,1.7453292519943295,0.5555555555555556,5745,-66.84676344532724,-0.8273949356282138,0.9178201417230099,0.9178806064138695,0.0
pp_primary_long,B,1.7453292519943295,0.5555555555555556,5746,-66.18707282075502,-0.09944560665722718,0.917254705878961,0.9178751309453994,0.8431047439053935
pp_primary_long,B,1.7453292519943295,0.5555555555555556,5747,-66.94227193513905,-0.8991544764112163,0.9178201312098876,0.9178806073052775,0.0
pp_primary_long,B,1.7453292519943295,0.5555555555555556,5748,-66.18654080498993,-0.0877491903220309,0.9172550560409249,0.9178751953858745,0.843105700986271
pp_primary_long,B,1.7453292519943295,0.5555555555555556,5749,-66.5891447357052,-0.5269958578916989,0.9178200878413557,0.9178806008925433,0.0
pp_primary_long,B,1.7453292519943295,0.5555555555555556,5750,-66.13148068298206,-0.04893200169797467,0.9172547038505061,0.9178751412322533,0.8431043378971816
pp_primary_long,B,1.7453292519943295,0.5555555555555556,5751,-65.9805817079639,0.09791392519645009,0.9178201151793901,0.9178806065337395,0.0
pp_primary_long,B,1.7453292519943295,0.5555555555555556,5752,-66.06196950536494,-0.002928156909480825,0.9172544862116573,0.9178750979800467,0.8431038758043023
pp_primary_long,B,1.7453292519943295,0.5555555555555556,5753,-65.44099028676135,0.6545769209831782,0.9178199315396314,0.9178805751931771,0.0
pp_primary_long,B,1.7453292519943295,0.5555555555555556,5754,-66.02552917460531,0.02662776345849359,0.9172544738069528,0.9178750938387242,0.8431039077238021
pp_primary_long,B,1.7453292519943295,0.5555555555555556,5755,-65.259346966747,0.8570522556091439,0.91781980786025,0.9178805572848685,0.0
pp_primary_long,B,1.7453292519943295,0.5555555555555556,5756,-66.0526796773072,0.024556022702433233,0.9172539952308275,0.9178750101423315,0.84310242481979
pp_primary_long,B,1.7453292519943295,0.5555555555555556,5757,-65.54076601840872,0.6013358858599848,0.9178198345970896,0.9178805616607157,0.0
pp_primary_long,B,1.7453292519943295,0.5555555555555556,5758,-66.14128627494178,-0.008081364202026084,0.917253876570176,0.9178750012457093,0.8431016127836202
pp_primary_long,B,1.7453292519943295,0.5555555555555556,5759,-66.15249540719068,0.018781996077952723,0.9178196981701904,0.9178805425311446,0.0
pp_primary_long,B,1.7453292519943295,0.5555555555555556,5760,-66.25763868820087,-0.05451812793239781,0.9172542556254344,0.9178750598161991,0.8431030681869187
pp_primary_long,B,1.7453292519943295,0.5555555555555556,5761,-66.7921166892815,-0.5913714081940206,0.9178198703615267,0.9178805670565067,0.0
pp_primary_long,B,1.7453292519943295,0.5555555555555556,5762,-66.35377771155848,-0.09090165647522755,0.9172542277374273,0.9178750547639989,0.8431029847966536
pp_primary_long,B,1.7453292519943295,0.5555555555555556,5763,-67.14288214703855,-0.915706216362929,0.9178200643190618,0.9178805956796382,0.0
pp_primary_long,B,1.7453292519943295,0.5555555555555556,5764,-66.3921211174857,-0.0985406070569984,0.9172548126008958,0.9178751457954444,0.8431052122906927
pp_primary_long,B,1.7453292519943295,0.5555555555555556,5765,-67.0364227967818,-0.7876220728542164,0.9178200435880702,0.9178805931302755,0.0
pp_primary_long,B,1.7453292519943295,0.5555555555555556,5766,-66.36478967341958,-0.07351485682010998,0.9172549278423218,0.9178751770532073,0.8431051481275194
pp_primary_long,B,1.7453292519943295,0.5555555555555556,5767,-66.53922635172499,-0.27291003259346763,0.9178201707774847,0.917880613987233,0.0
pp_primary_long,B,1.7453292519943295,0.5555555555555556,5768,-66.29762405844475,-0.02867723625032287,0.9172546963631727,0.9178751360105285,0.8431044674233887
pp_primary_long,B,1.7453292519943295,0.5555555555555556,5769,-65.91850014223107,0.36403678886618945,0.9178201263722536,0.9178806076431919,0.0
pp_primary_long,B,1.7453292519943295,0.5555555555555556,5770,-66.23693154027633,0.012940690446785585,0.9172547703080597,0.9178751505254077,0.8431046388650469
pp_primary_long,B,1.7453292519943295,0.5555555555555556,5771,-65.5048936261719,0.7960379150417913,0.9178199561506372,0.9178805794682137,0.0
pp_primary_long,B,1.7453292519943295,0.5555555555555556,5772,-66.22569714066111,0.02996032976436254,0.9172545457526553,0.917875101408378,0.8431043126746333
pp_primary_long,B,1.7453292519943295,0.5555555555555556,5773,-65.52267514950756,0.8011867381459213,0.9178199478198515,0.9178805786682036,0.0
pp_primary_long,B,1.7453292519943295,0.5555555555555556,5774,-66.28149522527596,0.013640435222376346,0.917253999187908,0.9178750155382047,0.8431022661404204
pp_primary_long,B,1.7453292519943295,0.5555555555555556,5775,-65.97451489458709,0.37684111844527846,0.9178197927566917,0.9178805549117484,0.0
pp_primary_long,B,1.7453292519943295,0.5555555555555556,5776,-66.38747658830857,-0.027638238498464765,0.9172541195303451,0.9178750381351314,0.8431025779285914
pp_primary_long,B,1.7453292519943295,0.5555555555555556,5777,-66.64012524119971,-0.2590271495164658,0.9178196772818622,0.9178805397251186,0.0
pp_primary_long,B,1.7453292519943295,0.5555555555555556,5778,-66.50100594975599,-0.07267087719996901,0.9172539358128151,0.9178750097203492,0.8431018607366357
pp_primary_long,B,1.7453292519943295,0.5555555555555556,5779,-67.18940754323023,-0.7797916175405686,0.9178198924110843,0.9178805700668042,0.0
pp_primary_long,B,1.7453292519943295,0.5555555555555556,5780,-66.57557145435746,-0.09832498710700355,0.9172541754380621,0.9178750420995937,0.8431029565708731
pp_primary_long,B,1.7453292519943295,0.5555555555555556,5781,-67.35202227144353,-0.9179528140189752,0.9178199066920454,0.9178805723629153,0.0
pp_primary_long,B,1.7453292519943295,0.5555555555555556,5782,-66.58467707845631,-0.09142211390752375,0.9172547560464653,0.9178751395624513,0.8431048986614769
pp_primary_long,B,1.7453292519943295,0.5555555555555556,5783,-67.05624162211666,-0.602540429877078,0.9178200431761254,0.9178805920003956,0.0
pp_primary_long,B,1.7453292519943295,0.5555555555555556,5784,-66.53545981356606,-0.05551122690061476,0.9172546834140373,0.9178751326283728,0.8431044608581846
pp_primary_long,B,1.7453292519943295,0.5555555555555556,5785,-66.46580969717536,0.004428651043948295,0.9178201810710224,0.9178806164224799,0.0
pp_primary_long,B,1.7453292519943295,0.5555555555555556,5786,-66.46499876564015,-0.009035001061035317,0.9172548105033874,0.9178751575529112,0.8431047566853478
pp_primary_long,B,1.7453292519943295,0.5555555555555556,5787,-65.89581866548207,0.5911726339859844,0.9178200849279138,0.9178806003516445,0.0
pp_primary_long,B,1.7453292519943295,0.5555555555555556,5788,-66.42130323955092,0.024129672686680495,0.9172549408248997,0.9178751777113785,0.8431052547393194
pp_primary_long,B,1.7453292519943295,0.5555555555555556,5789,-65.65086179225496,0.8562974836781007,0.9178200632985135,0.9178805971111971,0.0
pp_primary_long,B,1.7453292519943295,0.5555555555555556,5790,-66.43861602363282,0.02695099595698361,0.9172545013984268,0.9178750948382012,0.8431041345601523
pp_primary_long,B,1.7453292519943295,0.5555555555555556,5791,-65.86857484891607,0.6636174404237204,0.9178200285243046,0.9178805895329886,0.0
pp_primary_long,B,1.7453292519943295,0.5555555555555556,5792,-66.51985741267399,-0.0020231521687909676,0.9172543096457754,0.917875068350282,0.8431032847970854
pp_primary_long,B,1.7453292519943295,0.5555555555555556,5793,-66.44893030864642,0.11210729516899226,0.9178197503676195,0.9178805496639334,0.0
pp_primary_long,B,1.7453292519943295,0.5555555555555556,5794,-66.63510235515976,-0.04790907138375636,0.917254145380104,0.9178750416466833,0.8431026921622242
pp_primary_long,B,1.7453292519943295,0.5555555555555556,5795,-67.10562527053366,-0.5149394577137979,0.9178197796478653,0.9178805543994175,0.0
pp_primary_long,B,1.7453292519943295,0.5555555555555556,5796,-66.7369614184293,-0.0871374630635887,0.917253746745692,0.9178749791530921,0.8431011847241989
pp_primary_long,B,1.7453292519943295,0.5555555555555556,5797,-67.5131422321924,-0.8954279876832066,0.9178198060705465,0.9178805580392134,0.0
pp_primary_long,B,1.7453292519943295,0.5555555555555556,5798,-66.78491236160681,-0.09955473252618115,0.9172542796247186,0.9178750578388677,0.8431033753392557
pp_primary_long,B,1.7453292519943295,0.5555555555555556,5799,-67.47395964994335,-0.8339148081880426,0.917819819367395,0.9178805578679335,0.0
pp_primary_long,B,1.7453292519943295,0.5555555555555556,5800,-66.76613939237694,-0.07878583464457099,0.9172544544772282,0.9178750911481869,0.8431038074728733
pp_primary_long,B,1.7453292519943295,0.5555555555555556,5801,-67.02000872054131,-0.3619954063314428,0.9178200555241862,0.9178805947133485,0.0
pp_primary_long,B,1.7453292519943295,0.5555555555555556,5802,-66.70208630995366,-0.03549680448224153,0.9172545554003764,0.9178751074560126,0.8431041708738463
pp_primary_long,B,1.7453292519943295,0.5555555555555556,5803,-66.39628165033133,0.27791984704237016,0.9178200940151295,0.917880602464951,0.0
pp_primary_long,B,1.7453292519943295,0.5555555555555556,5804,-66.63746711844993,0.008074099415960073,0.9172549178258077,0.9178751793220887,0.8431049661634595
pp_primary_long,B,1.7453292519943295,0.5555555555555556,5805,-65.9349690817373,0.7571260538858614,0.9178200799428914,0.917880600211447,0.0
pp_primary_long,B,1.7453292519943295,0.5555555555555556,5806,-66.6172799809381,0.029546731004685342,0.9172548788460907,0.9178751630394799,0.8431052078302148
pp_primary_long,B,1.7453292519943295,0.5555555555555556,5807,-65.88484518066701,0.8294677509785434,0.9178201821331489,0.9178806146604881,0.0
pp_primary_long,B,1.7453292519943295,0.5555555555555556,5808,-66.66369694689372,0.017892804494907863,0.9172546148587643,0.917875118711318,0.8431043371745591
pp_primary_long,B,1.7453292519943295,0.5555555555555556,5809,-66.28346075261761,0.45778676225410386,0.9178200074054713,0.9178805864276286,0.0
pp_primary_long,B,1.7453292519943295,0.5555555555555556,5810,-66.76468709769341,-0.02090345086929138,0.9172546453236025,0.9178751206627523,0.843104555692367
pp_primary_long,B,1.7453292519943295,0.5555555555555556,5811,-66.93786823594718,-0.16699642689538358,0.9178198372334117,0.9178805632010933,0.0
pp_primary_long,B,1.7453292519943295,0.5555555555555556,5812,-66.88018217101478,-0.0669137019206386,0.917253990535384,0.917875019711854,0.8431020183427036
pp_primary_long,B,1.7453292519943295,0.5555555555555556,5813,-67.52372331246451,-0.72394795959111,0.9178198487531181,0.9178805647300395,0.0
pp_primary_long,B,1.7453292519943295,0.5555555555555556,5814,-66.962660979303,-0.09650330701382914,0.9172539186297941,0.917875004293343,0.8431019078860812
pp_primary_long,B,1.7453292519943295,0.5555555555555556,5815,-67.75190013325098,-0.926981108628223,0.9178196983819744,0.9178805418918043,0.0
pp_primary_long,B,1.7453292519943295,0.5555555555555556,5816,-66.98156214219668,-0.09447212333646138,0.9172542039502611,0.9178750491737429,0.8431029719175229
pp_primary_long,B,1.7453292519943295,0.5555555555555556,5817,-67.51699382126536,-0.6718039000046057,0.9178198381581641,0.917880560161497,0.0
pp_primary_long,B,1.7453292519943295,0.5555555555555556,5818,-66.9389863314116,-0.06186489089713906,0.9172541693653061,0.9178750390581475,0.8431030127646808
pp_primary_long,B,1.7453292519943295,0.5555555555555556,5819,-66.95148004019299,-0.08949242318827072,0.9178199889338046,0.9178805854433852,0.0
pp_primary_long,B,1.7453292519943295,0.5555555555555556,5820,-66.8686051673389,-0.015428824687649348,0.9172545502794874,0.9178751096094622,0.8431040367607615
pp_primary_long,B,1.7453292519943295,0.5555555555555556,5821,-66.35764915651197,0.5208389467021066,0.9178199870951155,0.9178805851910627,0.0
pp_primary_long,B,1.7453292519943295,0.5555555555555556,5822,-66.81838856747764,0.020979200442469884,0.9172548457583877,0.9178751643637902,0.8431048310021427
pp_primary_long,B,1.7453292519943295,0.5555555555555556,5823,-66.05234177651633,0.8456804659543457,0.9178201327605893,0.9178806091342587,0.0
pp_primary_long,B,1.7453292519943295,0.5555555555555556,5824,-66.82592687320508,0.02866208122783863,0.9172547331967233,0.9178751403997759,0.8431046555611381
pp_primary_long,B,1.7453292519943295,0.5555555555555556,5825,-66.20419302457827,0.7181707745297683,0.917820195254586,0.9178806154299424,0.0
pp_primary_long,B,1.7453292519943295,0.5555555555555556,5826,-66.8991598008946,0.0036710796490435765,0.9172549318845853,0.9178751712375836,0.8431054194533757
pp_primary_long,B,1.7453292519943295,0.5555555555555556,5827,-66.74700720947544,0.20380725221561358,0.9178200037369763,0.9178805872787947,0.0
pp_primary_long,B,1.7453292519943295,0.5555555555555556,5828,-67.0122754776605,-0.04115584362977774,0.9172546804904605,0.9178751268609603,0.8431046555286541
pp_primary_long,B,1.7453292519943295,0.5555555555555556,5829,-67.4137646863223,-0.43319625049300714,0.9178200000763103,0.9178805868565171,0.0
pp_primary_long,B,1.7453292519943295,0.5555555555555556,5830,-67.1189809685638,-0.0827944868259598,0.9172540510516093,0.9178750304242347,0.8431022068410661
pp_primary_long,B,1.7453292519943295,0.5555555555555556,5831,-67.87377973889735,-0.865629640468308,0.9178198140046094,0.9178805604247643,0.0
pp_primary_long,B,1.7453292519943295,0.5555555555555556,5832,-67.1762662213385,-0.0998538589985166,0.9172541734958601,0.9178750467047231,0.8431027790610747
pp_primary_long,B,1.7453292519943295,0.5555555555555556,5833,-67.90256351456547,-0.8713672448190757,0.9178197069725813,0.917880542134441,0.0
pp_primary_long,B,1.7453292519943295,0.5555555555555556,5834,-67.16651808220657,-0.08357346906184152,0.9172539732768181,0.917875011758514,0.843102148334948
pp_primary_long,B,1.7453292519943295,0.5555555555555556,5835,-67.49713654007564,-0.4474613702445834,0.9178198593159785,0.9178805646766256,0.0
pp_primary_long,B,1.7453292519943295,0.5555555555555556,5836,-67.10654179636973,-0.04231247497405939,0.917254097578441,0.917875024521711,0.8431028676738533
pp_primary_long,B,1.7453292519943295,0.5555555555555556,5837,-66.87756410901255,0.18834071529899932,0.9178198622074815,0.9178805650944082,0.0
pp_primary_long,B,1.7453292519943295,0.5555555555555556,5838,-67.03896166286461,0.0027308751006042825,0.9172545097258716,0.9178751056589813,0.8431037936969414
pp_primary_long,B,1.7453292519943295,0.5555555555555556,5839,-66.37390324157096,0.7094482564906052,0.917819943601783,0.9178805792033948,0.0
pp_primary_long,B,1.7453292519943295,0.5555555555555556,5840,-67.01029567377503,0.02842038163865014,0.9172545776284092,0.9178751153102416,0.8431040885359767
pp_primary_long,B,1.7453292519943295,0.5555555555555556,5841,-66.25668133134849,0.8481831558288428,0.9178201554600944,0.9178806118514353,0.0
pp_primary_long,B,1.7453292519943295,0.5555555555555556,5842,-67.04707228087102,0.021561176376670696,0.9172547551704148,0.9178751480556764,0.8431045761730702
pp_primary_long,B,1.7453292519943295,0.5555555555555556,5843,-66.59791480647979,0.5332815842150098,0.9178201117357672,0.9178806033189449,0.0
pp_primary_long,B,1.7453292519943295,0.5555555555555556,5844,-67.14220905435653,-0.014323805801815567,0.91725511757663,0.917875198316367,0.8431061870015466
pp_primary_long,B,1.7453292519943295,0.5555555555555556,5845,-67.23413173485947,-0.0735026246619413,0.9178201097044119,0.9178806031949871,0.0
pp_primary_long,B,1.7453292519943295,0.5555555555555556,5846,-67.2586447567943,-0.06080185462692689,0.9172545716393828,0.917875112813935,0.8431041344178906
pp_primary_long,B,1.7453292519943295,0.5555555555555556,5847,-67.85033183548623,-0.6604801401945549,0.9178200740314328,0.9178805979773855,0.0
pp_primary_long,B,1.7453292519943295,0.5555555555555556,5848,-67.3483770652841,-0.09399888231263186,0.9172544138300683,0.9178750876690726,0.8431035640522502
pp_primary_long,B,1.7453292519943295,0.5555555555555556,5849,-68.14180186659789,-0.9261398776994091,0.9178197937367766,0.9178805574778,0.0
pp_primary_long,B,1.7453292519943295,0.5555555555555556,5850,-67.37712136534988,-0.09686290258672924,0.917254203476023,0.9178750560645026,0.8431027109843485
pp_primary_long,B,1.7453292519943295,0.5555555555555556,5851,-67.97062541822385,-0.7340206726467456,0.917819812482541,0.9178805581921433,0.0
pp_primary_long,B,1.7453292519943295,0.5555555555555556,5852,-67.34191755098337,-0.06792214752597352,0.9172538826548065,0.9178749923315814,0.8431020057822294
pp_primary_long,B,1.7453292519943295,0.5555555555555556,5853,-67.43654251790483,-0.18280932306165365,0.9178198109734002,0.9178805578004628,0.0
pp_primary_long,B,1.7453292519943295,0.5555555555555556,5854,-67.27265164972059,-0.022040840739133247,0.9172541609814877,0.9178750393180605,0.8431029281222511
pp_primary_long,B,1.7453292519943295,0.5555555555555556,5855,-66.82569727953324,0.4443550418029025,0.9178197718578549,0.9178805504593838,0.0
pp_primary_long,B,1.7453292519943295,0.5555555555555556,5856,-67.21672044880034,0.017209090709622454,0.9172543152317721,0.9178750691442435,0.8431032904962343
pp_primary_long,B,1.7453292519943295,0.5555555555555556,5857,-66.46367170059857,0.8253174690583128,0.9178199537481301,0.9178805815800873,0.0
pp_primary_long,B,1.7453292519943295,0.5555555555555556,5858,-67.2146518253717,0.029669745734868566,0.917254328219997,0.9178750758155978,0.8431031631807424
pp_primary_long,B,1.7453292519943295,0.5555555555555556,5859,-66.5482336997339,0.764389739721512,0.9178200648221608,0.9178805971380005,0.0
pp_primary_long,B,1.7453292519943295,0.5555555555555556,5860,-67.27932048726325,0.008938298184191756,0.9172548964156529,0.9178751696259231,0.8431051235967183
pp_primary_long,B,1.7453292519943295,0.5555555555555556,5861,-67.04775252613376,0.29286654668526935,0.9178200686226735,0.9178805978447007,0.0
pp_primary_long,B,1.7453292519943295,0.5555555555555556,5862,-67.38931025344819,-0.03433385721192424,0.9172549560296267,0.9178751724894626,0.8431055967841439
pp_primary_long,B,1.7453292519943295,0.5555555555555556,5863,-67.71744780772865,-0.347044444105745,0.9178202266162496,0.9178806196504004,0.0
pp_primary_long,B,1.7453292519943295,0.5555555555555556,5864,-67.49993341280474,-0.07792107621480077,0.9172546939345277,0.9178751327715139,0.8431045696051198
pp_primary_long,B,1.7453292519943295,0.5555555555555556,5865,-68.22512537884094,-0.8266392684987426,0.9178200376333515,0.9178805935630007,0.0
pp_primary_long,B,1.7453292519943295,0.5555555555555556,5866,-67.5661711217894,-0.09943290568155567,0.9172547092236951,0.9178751377380464,0.8431045281758291
pp_primary_long,B,1.7453292519943295,0.5555555555555556,5867,-68.32181260408319,-0.899565295863725,0.9178198925673944,0.9178805716008569,0.0
pp_primary_long,B,1.7453292519943295,0.5555555555555556,5868,-67.56581213676328,-0.08782196109533669,0.9172541296847879,0.9178750440911775,0.8431024459194223
pp_primary_long,B,1.7453292519943295,0.5555555555555556,5869,-67.96965143432931,-0.5283628226227426,0.9178198878487382,0.9178805708839064,0.0
pp_primary_long,B,1.7453292519943295,0.5555555555555556,5870,-67.51083646209784,-0.04904778560846082,0.917254040717659,0.9178750181780051,0.8431025686667498
pp_primary_long,B,1.7453292519943295,0.5555555555555556,5871,-67.36134490921333,0.096291605561873,0.9178197447130249,0.917880546420394,0.0
pp_primary_long,B,1.7453292519943295,0.5555555555555556,5872,-67.44129969163687,-0.0030312782586031373,0.91725417780366,0.9178750442565601,0.8431029067016045
pp_primary_long,B,1.7453292519943295,0.5555555555555556,5873,-66.8211645205612,0.6535332692710775,0.91781977538696,0.9178805520934831,0.0
pp_primary_long,B,1.7453292519943295,0.5555555555555556,5874,-67.40472357578895,0.026591906379772892,0.9172540369116304,0.917875019136541,0.843102482516592
pp_primary_long,B,1.7453292519943295,0.5555555555555556,5875,-66.6383959836923,0.8571247546007208,0.9178199239884768,0.9178805762489765,0.0
pp_primary_long,B,1.7453292519943295,0.5555555555555556,5876,-67.43170481441075,0.024604329464841035,0.9172542979193878,0.9178750738377599,0.8431029429935067
pp_primary_long,B,1.7453292519943295,0.5555555555555556,5877,-66.91872437344374,0.6024876195174107,0.9178199210685154,0.9178805759212516,0.0
pp_primary_long,B,1.7453292519943295,0.5555555555555556,5878,-67.52019029046897,-0.007972461066837133,0.9172548268740461,0.9178751541323761,0.843105034309975
pp_primary_long,B,1.7453292519943295,0.5555555555555556,5879,-67.52996323394086,0.020418796921258253,0.9178201193935439,0.9178806048420446,0.0
pp_primary_long,B,1.7453292519943295,0.5555555555555556,5880,-67.63653261995074,-0.05440415818163431,0.9172547227666292,0.9178751370314145,0.8431046790031356
pp_primary_long,B,1.7453292519943295,0.5555555555555556,5881,-68.16994306650625,-0.5900889185904625,0.917820210396304,0.917880617493737,0.0
pp_primary_long,B,1.7453292519943295,0.5555555555555556,5882,-67.73277690064344,-0.09084019566741831,0.9172550012252354,0.9178751804802313,0.843105739246336
pp_primary_long,B,1.7453292519943295,0.5555555555555556,5883,-68.52173503741693,-0.9154369918586581,0.9178200321313457,0.9178805926916229,0.0
pp_primary_long,B,1.7453292519943295,0.5555555555555556,5884,-67.77129763325182,-0.09856646424172029,0.9172547057244118,0.9178751412652937,0.8431043540162747
pp_primary_long,B,1.7453292519943295,0.5555555555555556,5885,-68.41643739448592,-0.7885026574532474,0.9178200380890844,0.9178805938010672,0.0
pp_primary_long,B,1.7453292519943295,0.5555555555555556,5886,-67.74411163594556,-0.07361307445250642,0.9172542378129377,0.9178750582825594,0.8431029640655837
pp_primary_long,B,1.7453292519943295,0.5555555555555556,5887,-67.91995052431697,-0.274489928960412,0.917819887594088,0.91788057086162,0.0
pp_primary_long,B,1.7453292519943295,0.5555555555555556,5888,-67.67698714892566,-0.02879639747369929,0.9172542755482822,0.9178750625066456,0.8431031722353917
pp_primary_long,B,1.7453292519943295,0.5555555555555556,5889,-67.29910631736337,0.36256849354794884,0.9178197523379681,0.9178805473009138,0.0
pp_primary_long,B,1.7453292519943295,0.5555555555555556,5890,-67.61621678585705,0.01286017321366116,0.9172540820166103,0.9178750238931134,0.8431027451435215
pp_primary_long,B,1.7453292519943295,0.5555555555555556,5891,-66.88462426957719,0.7954352840288956,0.9178198262603492,0.9178805606358368,0.0
pp_primary_long,B,1.7453292519943295,0.5555555555555556,5892,-67.60481700176673,0.029961412721051087,0.9172539030260122,0.9178750000783682,0.843101907484153
pp_primary_long,B,1.7453292519943295,0.5555555555555556,5893,-66.9012158053155,0.8017620076643005,0.917819809654955,0.9178805579721697,0.0
pp_primary_long,B,1.7453292519943295,0.5555555555555556,5894,-67.66045844208489,0.013719734208178236,0.9172543535630903,0.9178750801310931,0.8431032467652441
pp_primary_long,B,1.7453292519943295,0.5555555555555556,5895,-67.35216543529152,0.37829712288408823,0.9178198623664052,0.9178805677257845,0.0
pp_primary_long,B,1.7453292519943295,0.5555555555555556,5896,-67.76636002143772,-0.027519136065983177,0.9172544693225039,0.9178750961135645,0.8431037634905151
pp_primary_long,B,1.7453292519943295,0.5555555555555556,5897,-68.01764110595866,-0.25743848750821063,0.9178201396836679,0.9178806068979205,0.0
pp_primary_long,B,1.7453292519943295,0.5555555555555556,5898,-67.87993109663941,-0.07257279606418622,0.9172547483666681,0.9178751393751055,0.8431048357817972
pp_primary_long,B,1.7453292519943295,0.5555555555555556,5899,-68.56761629112151,-0.7788870898747808,0.9178200996096476,0.9178806018131827,0.0
pp_primary_long,B,1.7453292519943295,0.5555555555555556,5900,-67.95463960514644,-0.09829780440202862,0.9172550973946578,0.917875197811193,0.8431060083369044
pp_primary_long,B,1.7453292519943295,0.5555555555555556,5901,-68.731390310309,-0.9181957644612229,0.9178201238680452,0.9178806054909515,0.0
pp_primary_long,B,1.7453292519943295,0.5555555555555556,5902,-67.96392438021543,-0.09148317575238563,0.9172546242542724,0.9178751268542304,0.8431041117380605
pp_primary_long,B,1.7453292519943295,0.5555555555555556,5903,-68.43664600083537,-0.6038050364483109,0.9178201007701171,0.9178806043232383,0.0
pp_primary_long,B,1.7453292519943295,0.5555555555555556,5904,-67.9148131949409,-0.05562538369867347,0.9172545298149535,0.9178751078412304,0.8431039245425338
pp_primary_long,B,1.7453292519943295,0.5555555555555556,5905,-67.84659184685118,0.002790663942656424,0.9178198871979141,0.9178805696814714,0.0
pp_primary_long,B,1.7453292519943295,0.5555555555555556,5906,-67.84434806765069,-0.009146811325213722,0.9172544013003472,0.9178750846762855,0.8431035471661279
pp_primary_long,B,1.7453292519943295,0.5555555555555556,5907,-67.27612525673368,0.5900012756043429,0.9178198494586374,0.9178805635332272,0.0
pp_primary_long,B,1.7453292519943295,0.5555555555555556,5908,-67.80052389727672,0.024081134465409493,0.917253993724303,0.9178750073507813,0.8431025161874776
pp_primary_long,B,1.7453292519943295,0.5555555555555556,5909,-67.03008809025123,0.8561953721543438,0.9178198303756817,0.9178805601286436,0.0
pp_primary_long,B,1.7453292519943295,0.5555555555555556,5910,-67.8176648057754,0.0269876653628036,0.9172540214909728,0.9178750226117273,0.8431022102328799
pp_primary_long,B,1.7453292519943295,0.5555555555555556,5911,-67.24666473959883,0.6646384658149989,0.9178197045556381,0.9178805427496199,0.0
pp_primary_long,B,1.7453292519943295,0.5555555555555556,5912,-67.89877273241285,-0.0019198908285247424,0.9172541987036982,0.9178750509369464,0.8431028506619862
pp_primary_long,B,1.7453292519943295,0.5555555555555556,5913,-67.82641637325082,0.11372607052832157,0.9178198967718623,0.9178805722028365,0.0
pp_primary_long,B,1.7453292519943295,0.5555555555555556,5914,-68.01398955771346,-0.047791966823526585,0.9172541840596974,0.917875051118325,0.8431026986550725
pp_primary_long,B,1.7453292519943295,0.5555555555555556,5915,-68.4833474462251,-0.513554481329701,0.917820026472347,0.917880590408437,0.0
pp_primary_long,B,1.7453292519943295,0.5555555555555556,5916,-68.11593589968149,-0.08706415234584894,0.9172548753655694,0.9178751570464908,0.8431053942786627
pp_primary_long,B,1.7453292519943295,0.5555555555555556,5917,-68.891820993875,-0.8949899349240015,0.9178200493129611,0.9178805936004744,0.0
pp_primary_long,B,1.7453292519943295,0.5555555555555556,5918,-68.16405772622275,-0.09956573633272668,0.917254878379209,0.9178751646419613,0.8431051389514876
pp_primary_long,B,1.7453292519943295,0.5555555555555556,5919,-68.85382038935518,-0.8346461083301753,0.917820205123587,0.9178806179650384,0.0
pp_primary_long,B,1.7453292519943295,0.5555555555555556,5920,-68.14544028405606,-0.07887408971568523,0.9172547224671155,0.9178751392534479,0.8431045981821221
pp_primary_long,B,1.7453292519943295,0.5555555555555556,5921,-68.40067725892105,-0.36352043178060256,0.9178200754092938,0.9178806003111516,0.0
pp_primary_long,B,1.7453292519943295,0.5555555555555556,5922,-68.08145449610547,-0.03561812984334166,0.9172547710674898,0.9178751530032281,0.8431045485718156
pp_primary_long,B,1.7453292519943295,0.5555555555555556,5923,-67.77695881631942,0.2763838485962967,0.9178199597971608,0.9178805809175504,0.0
pp_primary_long,B,1.7453292519943295,0.5555555555555556,5924,-68.01677598707171,0.007982469901147732,0.9172544102799408,0.9178750818764805,0.8431037373255899
pp_primary_long,B,1.7453292519943295,0.5555555555555556,5925,-67.31486198756153,0.7563661585500355,0.9178199565325925,0.917880580135734,0.0
pp_primary_long,B,1.7453292519943295,0.5555555555555556,5926,-67.99642885501869,0.02953386487468279,0.9172541023689258,0.9178750301993456,0.843102713355923
pp_primary_long,B,1.7453292519943295,0.5555555555555556,5927,-67.2635554330422,0.8298760955859918,0.9178197770054305,0.9178805513337167,0.0
pp_primary_long,B,1.7453292519943295,0.5555555555555556,5928,-68.04268082296323,0.017962073626742417,0.9172541774442318,0.9178750452359451,0.8431028682897095
pp_primary_long,B,1.7453292519943295,0.5555555555555556,5929,-67.66120203688041,0.45915336974039817,0.9178197222106032,0.9178805462091352,0.0
pp_primary_long,B,1.7453292519943295,0.5555555555555556,5930,-68.14357579901124,-0.02078687842711381,0.9172538802341412,0.9178750002260047,0.8431016796102228
pp_primary_long,B,1.7453292519943295,0.5555555555555556,5931,-68.31534916310108,-0.16537221987102713,0.9178198850858802,0.9178805697485412,0.0
pp_primary_long,B,1.7453292519943295,0.5555555555555556,5932,-68.25909447722285,-0.06680924199908941,0.9172542151585604,0.9178750535793653,0.8431029076782467
pp_primary_long,B,1.7453292519943295,0.5555555555555556,5933,-68.90178942024197,-0.722902811283356,0.9178198737632931,0.9178805680037323,0.0
pp_primary_long,B,1.7453292519943295,0.5555555555555556,5934,-68.34170261339975,-0.09646322012761421,0.9172547364902062,0.9178751358124984,0.8431048509956621
pp_primary_long,B,1.7453292519943295,0.5555555555555556,5935,-69.13109082021671,-0.927051770437689,0.9178200854851267,0.917880597901919,0.0
pp_primary_long,B,1.7453292519943295,0.5555555555555556,5936,-68.36077888509976,-0.09451884874720505,0.9172546594828102,0.9178751257973123,0.8431044878442443
pp_primary_long,B,1.7453292519943295,0.5555555555555556,5937,-68.8972778626602,-0.6729526163437853,0.9178201702591222,0.9178806137098565,0.0
pp_primary_long,B,1.7453292519943295,0.5555555555555556,5938,-68.3183252193796,-0.061972405433460005,0.9172549110888011,0.9178751720409595,0.843105181490769
pp_primary_long,B,1.7453292519943295,0.5555555555555556,5939,-68.33225856111929,-0.09112840404982037,0.9178200587813146,0.9178805967494127,0.0
pp_primary_long,B,1.7453292519943295,0.5555555555555556,5940,-68.247965228221,-0.015545808725894103,0.9172548179794973,0.9178751605289117,0.8431047121344231
pp_primary_long,B,1.7453292519943295,0.5555555555555556,5941,-67.73807218824354,0.5195546907654391,0.9178200806061997,0.9178806005191241,0.0
pp_primary_long,B,1.7453292519943295,0.5555555555555556,5942,-68.19763625148465,0.020917685588673574,0.9172544503582207,0.9178750884432548,0.8431038834458356
pp_primary_long,B,1.7453292519943295,0.5555555555555556,5943,-67.43174390773218,0.8454069170614764,0.9178199906045429,0.9178805839822094,0.0
pp_primary_long,B,1.7453292519943295,0.5555555555555556,5944,-68.20500406518133,0.02868511680001154,0.9172544045483596,0.9178750828137696,0.8431036555218132
pp_primary_long,B,1.7453292519943295,0.5555555555555556,5945,-67.58242867526725,0.7190486994698849,0.9178197717631171,0.9178805517578613,0.0
pp_primary_long,B,1.7453292519943295,0.5555555555555556,5946,-68.27809043462824,0.0037669982507201327,0.9172541219757546,0.9178750337375732,0.843102761432939
pp_primary_long,B,1.7453292519943295,0.5555555555555556,5947,-68.12453408629686,0.20538674548533842,0.9178198172161279,0.9178805598750552,0.0
pp_primary_long,B,1.7453292519943295,0.5555555555555556,5948,-68.39116123820938,-0.04103776677648622,0.917253777835762,0.9178749854615417,0.8431012484151397
pp_primary_long,B,1.7453292519943295,0.5555555555555556,5949,-68.79140214595876,-0.43172576968470106,0.9178197696082881,0.9178805529511508,0.0
pp_primary_long,B,1.7453292519943295,0.5555555555555556,5950,-68.49793882082598,-0.08271263328004211,0.9172543021017027,0.9178750654145674,0.8431033065921396
pp_primary_long,B,1.7453292519943295,0.5555555555555556,5951,-69.25229126417017,-0.8650262104708837,0.9178198296044636,0.9178805604053911,0.0
pp_primary_long,B,1.7453292519943295,0.5555555555555556,5952,-68.55538470962722,-0.09985176841459763,0.9172543710300891,0.917875077367472,0.8431035192087938
pp_primary_long,B,1.7453292519943295,0.5555555555555556,5953,-69.28226163866991,-0.8719398388106762,0.9178200817029992,0.9178805979307304,0.0
pp_primary_long,B,1.7453292519943295,0.5555555555555556,5954,-68.54579279394142,-0.08364958133980538,0.9172546499346579,0.9178751201561719,0.8431046061788823
pp_primary_long,B,1.7453292519943295,0.5555555555555556,5955,-68.87772910353362,-0.4489153201808637,0.917820064200735,0.917880597186669,0.0
pp_primary_long,B,1.7453292519943295,0.5555555555555556,5956,-68.48590321357807,-0.04243097636345013,0.9172549461771907,0.9178751818940879,0.8431051423897661
pp_primary_long,B,1.7453292519943295,0.5555555555555556,5957,-68.25829090642632,0.18675358342820436,0.9178201026230725,0.9178806036049684,0.0
pp_primary_long,B,1.7453292519943295,0.5555555555555556,5958,-68.41828544414074,0.0026317059546341337,0.917254741008447,0.9178751432038657,0.8431046233063697
pp_primary_long,B,1.7453292519943295,0.5555555555555556,5959,-67.75394607959402,0.7085415933380039,0.9178201567525968,0.9178806119078943,0.0
pp_primary_long,B,1.7453292519943295,0.5555555555555556,5960,-68.38947348441948,0.028393467785264637,0.9172546529166282,0.9178751273246533,0.8431043793371122
pp_primary_long,B,1.7453292519943295,0.5555555555555556,5961,-67.63556413890564,0.8484224823721398,0.9178199743431714,0.9178805814030985,0.0
pp_primary_long,B,1.7453292519943295,0.5555555555555556,5962,-68.4260803516661,0.021618807193293094,0.9172546322712063,0.9178751170814878,0.8431045606143301
pp_primary_long,B,1.7453292519943295,0.5555555555555556,5963,-67.97576352559983,0.5345430382847898,0.9178198851255785,0.9178805696497379,0.0
pp_primary_long,B,1.7453292519943295,0.5555555555555556,5964,-68.52110617172879,-0.014211133462778885,0.9172539962026595,0.91787501635068,0.8431022009760243
pp_primary_long,B,1.7453292519943295,0.5555555555555556,5965,-68.6115996859156,-0.07186406044802446,0.9178198444709093,0.9178805633827144,0.0
pp_primary_long,B,1.7453292519943295,0.5555555555555556,5966,-68.63754912196137,-0.06069301283223421,0.9172540020378545,0.9178750200929396,0.8431021194177768
pp_primary_long,B,1.7453292519943295,0.5555555555555556,5967,-69.22827136383118,-0.6593076756580443,0.9178196793142505,0.9178805397822175,0.0
pp_primary_long,B,1.7453292519943295,0.5555555555555556,5968,-68.72740013257719,-0.09394910763828819,0.917254132515836,0.9178750398672616,0.8431026292792307
pp_primary_long,B,1.7453292519943295,0.5555555555555556,5969,-69.52081772549695,-0.9260364256758631,0.9178198710038019,0.9178805659794272,0.0
pp_primary_long,B,1.7453292519943295,0.5555555555555556,5970,-68.75631294720604,-0.09689735469901847,0.9172541467179222,0.9178750366796459,0.8431028826090814
pp_primary_long,B,1.7453292519943295,0.5555555555555556,5971,-69.35077681082866,-0.7350398603267062,0.9178199711308678,0.91788058213516,0.0
pp_primary_long,B,1.7453292519943295,0.5555555555555556,5972,-68.7212385401857,-0.06802139632219968,0.9172546846085995,0.9178751279618915,0.8431046445324942
pp_primary_long,B,1.7453292519943295,0.5555555555555556,5973,-68.81729712473847,-0.1844261704675743,0.9178199976970448,0.9178805858676232,0.0
pp_primary_long,B,1.7453292519943295,0.5555555555555556,5974,-68.65201141526806,-0.022158352740351744,0.9172547706901717,0.9178751506248811,0.8431046236195301
pp_primary_long,B,1.7453292519943295,0.5555555555555556,5975,-68.20621865327236,0.4429715731110657,0.9178201548156435,0.91788061250827,0.0
pp_primary_long,B,1.7453292519943295,0.5555555555555556,5976,-68.59598717172904,0.017137783049328018,0.9172547090486793,0.9178751385094674,0.8431044931508397
pp_primary_long,B,1.7453292519943295,0.5555555555555556,5977,-67.84324221528303,0.8248776774945448,0.9178201356255146,0.9178806075220262,0.0
pp_primary_long,B,1.7453292519943295,0.5555555555555556,5978,-68.5937567637774,0.02967920382182991,0.9172549265246938,0.9178751737213164,0.84310526998803
pp_primary_long,B,1.7453292519943295,0.5555555555555556,5979,-67.92662202839807,0.7651176794188141,0.9178200130887477,0.917880588698037,0.0
pp_primary_long,B,1.7453292519943295,0.5555555555555556,5980,-68.65826880767236,0.00902566117754433,0.9172546119347372,0.9178751127383054,0.8431045246280011
pp_primary_long,B,1.7453292519943295,0.5555555555555556,5981,-68.42533781667925,0.29438907106072487,0.9178200241702343,0.917880589652073,0.0
pp_primary_long,B,1.7453292519943295,0.5555555555555556,5982,-68.76819615978303,-0.03421560267996458,0.9172541415671217,0.9178750427156102,0.8431026208926545
pp_primary_long,B,1.7453292519943295,0.5555555555555556,5983,-69.09501982226121,-0.34550766064451344,0.9178197902576896,0.9178805560013854,0.0
pp_primary_long,B,1.7453292519943295,0.5555555555555556,5984,-68.87887813470272,-0.0778321350290144,0.9172542010964821,0.917875051730463,0.843102853657874
pp_primary_long,B,1.7453292519943295,0.5555555555555556,5985,-69.60348078922674,-0.8258788290490601,0.9178197281589873,0.9178805464415766,0.0
pp_primary_long,B,1.7453292519943295,0.5555555555555556,5986,-68.94527001770828,-0.0994205564120357,0.9172538655494886,0.9178749973086823,0.8431016488338898
pp_primary_long,B,1.7453292519943295,0.5555555555555556,5987,-69.70134560584721,-0.899972072866542,0.9178198609318902,0.9178805654338094,0.0
pp_primary_long,B,1.7453292519943295,0.5555555555555556,5988,-68.94506735881191,-0.08788836627504593,0.9172541831912052,0.9178750397453709,0.8431031224970413
pp_primary_long,B,1.7453292519943295,0.5555555555555556,5989,-69.3501535604623,-0.5297290435902952,0.9178198420344635,0.917880561661271,0.0
pp_primary_long,B,1.7453292519943295,0.5555555555555556,5990,-68.89018901181606,-0.0491623301028793,0.917254546775796,0.9178751082136901,0.8431040562306313
pp_primary_long,B,1.7453292519943295,0.5555555555555556,5991,-68.74210324212493,0.09466957602586967,0.9178199963992533,0.9178805860272921,0.0
pp_primary_long,B,1.7453292519943295,0.5555555555555556,5992,-68.82062930485297,-0.003134178235650209,0.9172545364204404,0.9178751067942359,0.8431040114194515
pp_primary_long,B,1.7453292519943295,0.5555555555555556,5993,-68.20134407455242,0.6524890870091239,0.9178201318457169,0.9178806086536082,0.0
pp_primary_long,B,1.7453292519943295,0.5555555555555556,5994,-68.78392369560885,0.026553558297620503,0.9172547989211646,0.9178751578570638,0.8431046276330062
pp_primary_long,B,1.7453292519943295,0.5555555555555556,5995,-68.01744954674444,0.8571945628227529,0.9178200760276266,0.9178805987053517,0.0
pp_primary_long,B,1.7453292519943295,0.5555555555555556,5996,-68.81073636901081,0.02465033313584203,0.9172550072130058,0.917875182995732,0.8431056953424817
pp_primary_long,B,1.7453292519943295,0.5555555555555556,5997,-68.29669074704645,0.6036331074258843,0.9178201336035668,0.9178806070941359,0.0
pp_primary_long,B,1.7453292519943295,0.5555555555555556,5998,-68.8990969607639,-0.007864497567182077,0.9172545631902145,0.9178751088720419,0.8431042034406906
pp_primary_long,B,1.7453292519943295,0.5555555555555556,5999,-68.90743514229618,0.02205375780252039,0.9178200564948569,0.9178805941175622,0.0
pp_primary_long,B,1.7453292519943295,0.5555555555555556,6000,-69.01542865353932,-0.05429099431310683,0.91725452098158,0.9178751030378228,0.843104019251756
