label,sequence,phi,phi_over_pi,t,x_mean,deltaP,w_loc3_inst,w_loc5_inst,P0
paper_max_T300,A,1.0471975511965976,0.3333333333333333,0,0.0,0.0,0.9999999999999998,0.9999999999999998,0.9999999999999998
paper_max_T300,A,1.0471975511965976,0.3333333333333333,1,-0.1382301328771871,-0.1382301328771871,1.0,1.0,0.0
paper_max_T300,A,1.0471975511965976,0.3333333333333333,2,-0.20983707521680695,-0.10491853760840347,1.0,1.0,0.24098649531343475
paper_max_T300,A,1.0471975511965976,0.3333333333333333,3,-0.22967509933281782,-0.07040592545933111,0.9999999999999999,0.9999999999999999,0.0
paper_max_T300,A,1.0471975511965976,0.3333333333333333,4,-0.23904014360601122,-0.059076344877881104,0.5627311812047027,1.0,0.2865420715358755
paper_max_T300,A,1.0471975511965976,0.3333333333333333,5,-0.26044383623453404,-0.05195261812446672,0.6681070613560268,1.0,0.0
paper_max_T300,A,1.0471975511965976,0.3333333333333333,6,-0.3054898946469129,-0.056332512509244426,0.4891001043411561,0.7480887774591148,0.27721067242902275
paper_max_T300,A,1.0471975511965976,0.3333333333333333,7,-0.3645140780717797,-0.05725375863096793,0.5164930319392825,0.8087959801093656,0.0
paper_max_T300,A,1.0471975511965976,0.3333333333333333,8,-0.42750477950080823,-0.06107133062671738,0.45318169448351575,0.531094327640214,0.26930709321103957
paper_max_T300,A,1.0471975511965976,0.3333333333333333,9,-0.47948475163714677,-0.05785810433551497,0.49251154734130365,0.5445294619778759,0.0
paper_max_T300,A,1.0471975511965976,0.3333333333333333,10,-0.5234783148241366,-0.05749684125499255,0.47548599609594755,0.5257378072845749,0.2899518856964045
paper_max_T300,A,1.0471975511965976,0.3333333333333333,11,-0.5635982060904499,-0.054862015405820364,0.5205706716270139,0.5548482335816327,0.0
paper_max_T300,A,1.0471975511965976,0.3333333333333333,12,-0.6101964975202807,-0.05620712512193399,0.5044262086946006,0.5461382584432264,0.31144517192431564
paper_max_T300,A,1.0471975511965976,0.3333333333333333,13,-0.6668653829412521,-0.05825152835643238,0.5348796865488306,0.5585800649204344,0.0
paper_max_T300,A,1.0471975511965976,0.3333333333333333,14,-0.7312689752216674,-0.06169606264846145,0.5098500984389023,0.5467061539634416,0.31473861001898684
paper_max_T300,A,1.0471975511965976,0.3333333333333333,15,-0.7962696701759402,-0.06405173679670223,0.5348820587846975,0.5523929727248235,0.0
paper_max_T300,A,1.0471975511965976,0.3333333333333333,16,-0.8566826770647595,-0.0653969310539334,0.5117439081288714,0.5481271745831996,0.3160970524360276
paper_max_T300,A,1.0471975511965976,0.3333333333333333,17,-0.9105517526718998,-0.06546071799002329,0.5416464986152193,0.557507628788682,0.0
paper_max_T300,A,1.0471975511965976,0.3333333333333333,18,-0.9612270094021658,-0.06495029608654468,0.5239744103498905,0.5569300521391226,0.3253348793032698
paper_max_T300,A,1.0471975511965976,0.3333333333333333,19,-1.0138307241641646,-0.06556402133433875,0.5525860947587684,0.5638768717789155,0.0
paper_max_T300,A,1.0471975511965976,0.3333333333333333,20,-1.0703180582773912,-0.06603646317481754,0.5313263512520799,0.5630242157345701,0.3299457863151116
paper_max_T300,A,1.0471975511965976,0.3333333333333333,21,-1.1310336196212982,-0.06806126208003854,0.5540351077030073,0.5655955111524186,0.0
paper_max_T300,A,1.0471975511965976,0.3333333333333333,22,-1.191805471876238,-0.06886794138625135,0.5265843983986344,0.561403587133079,0.3255126375310975
paper_max_T300,A,1.0471975511965976,0.3333333333333333,23,-1.2498930767021381,-0.06982618785558159,0.5491683142011604,0.5638859154142438,0.0
paper_max_T300,A,1.0471975511965976,0.3333333333333333,24,-1.3035586157713617,-0.06913134406374633,0.5227766263890773,0.5586628388120664,0.3226721475154562
paper_max_T300,A,1.0471975511965976,0.3333333333333333,25,-1.3544529393098523,-0.0687341214582432,0.5485971986152932,0.5628268950318058,0.0
paper_max_T300,A,1.0471975511965976,0.3333333333333333,26,-1.4046151541755725,-0.06757697948037045,0.5242419375584711,0.5594583729517103,0.32371775096250094
paper_max_T300,A,1.0471975511965976,0.3333333333333333,27,-1.4569983844037564,-0.0676983284861552,0.5492447472760127,0.5633799838438799,0.0
paper_max_T300,A,1.0471975511965976,0.3333333333333333,28,-1.5113198741539993,-0.0674986707516882,0.5213986144727006,0.5583164425890087,0.32112009118929963
paper_max_T300,A,1.0471975511965976,0.3333333333333333,29,-1.5670067283846194,-0.06802072578560309,0.5441791037894742,0.56103092628137,0.0
paper_max_T300,A,1.0471975511965976,0.3333333333333333,30,-1.6217347308440244,-0.06788002380951058,0.5139118953766422,0.5529828653582818,0.3154197316483906
paper_max_T300,A,1.0471975511965976,0.3333333333333333,31,-1.674210065932975,-0.06744453597310524,0.5384675795711463,0.5567437332740086,0.0
paper_max_T300,A,1.0471975511965976,0.3333333333333333,32,-1.724467109841859,-0.0665706136373887,0.5107122959351433,0.5499102727700944,0.3132819035254344
paper_max_T300,A,1.0471975511965976,0.3333333333333333,33,-1.7737536993404293,-0.06565305061840776,0.5378437669066818,0.5557168239170139,0.0
paper_max_T300,A,1.0471975511965976,0.3333333333333333,34,-1.823805239783427,-0.06505810825624869,0.5112690767749165,0.550266413018705,0.31374233083463166
paper_max_T300,A,1.0471975511965976,0.3333333333333333,35,-1.8758521668294827,-0.06480962680674218,0.5375665556045134,0.5557895098502429,0.0
paper_max_T300,A,1.0471975511965976,0.3333333333333333,36,-1.9297819780070018,-0.06503845698325839,0.5090132094928386,0.5486958844682472,0.31201137721644356
paper_max_T300,A,1.0471975511965976,0.3333333333333333,37,-1.9842474968988464,-0.06499466940720672,0.534418055892281,0.5534820627778408,0.0
paper_max_T300,A,1.0471975511965976,0.3333333333333333,38,-2.038083173862896,-0.0651376408529441,0.5060755762344327,0.5460816766952831,0.30997361991104777
paper_max_T300,A,1.0471975511965976,0.3333333333333333,39,-2.0900861949471388,-0.06455087489818356,0.5333766016392112,0.552228693090136,0.0
paper_max_T300,A,1.0471975511965976,0.3333333333333333,40,-2.1411457817700352,-0.06431541396712576,0.507619766023742,0.5468713433873192,0.3113269687775156
paper_max_T300,A,1.0471975511965976,0.3333333333333333,41,-2.1922714979756233,-0.06381747316286784,0.536007532428135,0.5538495610337701,0.0
paper_max_T300,A,1.0471975511965976,0.3333333333333333,42,-2.245027013994373,-0.06399311517327799,0.5106381142644263,0.5490519230617392,0.31364452672338006
paper_max_T300,A,1.0471975511965976,0.3333333333333333,43,-2.2996607003184257,-0.06416791060429344,0.5375425954786941,0.5548135141035142,0.0
paper_max_T300,A,1.0471975511965976,0.3333333333333333,44,-2.355576824563168,-0.06478368721409455,0.5109602632992455,0.5492132350567616,0.3138959421782447
paper_max_T300,A,1.0471975511965976,0.3333333333333333,45,-2.411131698373093,-0.0649991588013627,0.5373160352986791,0.554502911353177,0.0
paper_max_T300,A,1.0471975511965976,0.3333333333333333,46,-2.4655521219849694,-0.06527740309560326,0.5114944316912895,0.5494878119565224,0.314364886751367
paper_max_T300,A,1.0471975511965976,0.3333333333333333,47,-2.518524429149288,-0.06513974313057513,0.5390367926599681,0.5555697883811618,0.0
paper_max_T300,A,1.0471975511965976,0.3333333333333333,48,-2.571179281732701,-0.06512115382768036,0.5147181913468581,0.5518018652252106,0.3168466436294902
paper_max_T300,A,1.0471975511965976,0.3333333333333333,49,-2.624678929200263,-0.06522552968856193,0.542032987426546,0.5575372680544626,0.0
paper_max_T300,A,1.0471975511965976,0.3333333333333333,50,-2.67955649555714,-0.0655074093560658,0.5170827768146736,0.5536080745693809,0.31858246278611646
paper_max_T300,A,1.0471975511965976,0.3333333333333333,51,-2.7355361252190082,-0.06602104274525922,0.5428120580297542,0.5581426217695626,0.0
paper_max_T300,A,1.0471975511965976,0.3333333333333333,52,-2.7914391835902164,-0.06638329255320435,0.5166692889954075,0.5534420139557494,0.31819824335694036
paper_max_T300,A,1.0471975511965976,0.3333333333333333,53,-2.8463161783021693,-0.06667232136946444,0.5422730037434544,0.5578993761756517,0.0
paper_max_T300,A,1.0471975511965976,0.3333333333333333,54,-2.899844745797335,-0.0665884690395927,0.5166669079368101,0.5534660254815844,0.3181916405979166
paper_max_T300,A,1.0471975511965976,0.3333333333333333,55,-2.9526451378316967,-0.06656150728630661,0.5430769275187598,0.5584123325647924,0.0
paper_max_T300,A,1.0471975511965976,0.3333333333333333,56,-3.005490666342645,-0.0663212555883369,0.5179816005484622,0.5544440115024314,0.31916868125158815
paper_max_T300,A,1.0471975511965976,0.3333333333333333,57,-3.05928527365751,-0.06649726989751692,0.5438371831692147,0.5589791635516617,0.0
paper_max_T300,A,1.0471975511965976,0.3333333333333333,58,-3.113748368926329,-0.06652198547303939,0.5175757589887299,0.5543027404505673,0.3187787358457826
paper_max_T300,A,1.0471975511965976,0.3333333333333333,59,-3.1685159816073867,-0.06682498903193718,0.5424754581231443,0.5582502295790935,0.0
paper_max_T300,A,1.0471975511965976,0.3333333333333333,60,-3.222646889406583,-0.06679832562864269,0.5153745281233425,0.5527732804329091,0.3170699374635415
paper_max_T300,A,1.0471975511965976,0.3333333333333333,61,-3.275814439363124,-0.06674859994132232,0.5408043166826796,0.5571372394733963,0.0
paper_max_T300,A,1.0471975511965976,0.3333333333333333,62,-3.328100762623521,-0.06640156987797252,0.5143743190447219,0.5519741375458436,0.31633515677429125
paper_max_T300,A,1.0471975511965976,0.3333333333333333,63,-3.3801845544965143,-0.066157633475454,0.5406041969863047,0.5569407013051813,0.0
paper_max_T300,A,1.0471975511965976,0.3333333333333333,64,-3.4326081500375327,-0.06588377589676286,0.5143484298172883,0.5519705845751185,0.3163065396455677
paper_max_T300,A,1.0471975511965976,0.3333333333333333,65,-3.485832313327542,-0.06585770939074564,0.5401447744278727,0.5567120300736551,0.0
paper_max_T300,A,1.0471975511965976,0.3333333333333333,66,-3.539585003254601,-0.06587315196367027,0.5129578214818545,0.5510111388413098,0.3152243357785948
paper_max_T300,A,1.0471975511965976,0.3333333333333333,67,-3.593369707316052,-0.06586720038924943,0.5384438263931767,0.5555925114456316,0.0
paper_max_T300,A,1.0471975511965976,0.3333333333333333,68,-3.64669655930998,-0.06581697830482014,0.5112031960010117,0.5496562234356505,0.3139203084439043
paper_max_T300,A,1.0471975511965976,0.3333333333333333,69,-3.6992552186165923,-0.06553866349692022,0.5375630957043767,0.5548974482144096,0.0
paper_max_T300,A,1.0471975511965976,0.3333333333333333,70,-3.7514411497094837,-0.06533247660732017,0.5112685702178652,0.5496178057708331,0.31401389851245376
paper_max_T300,A,1.0471975511965976,0.3333333333333333,71,-3.8037449172872577,-0.06506781937886996,0.5381600856944114,0.5552553910692072,0.0
paper_max_T300,A,1.0471975511965976,0.3333333333333333,72,-3.8567623608283643,-0.06506758568859194,0.5119548875858028,0.5501144651919873,0.31454358102957086
paper_max_T300,A,1.0471975511965976,0.3333333333333333,73,-3.9105686534482835,-0.06507220477256803,0.5383087327265754,0.5553531793405548,0.0
paper_max_T300,A,1.0471975511965976,0.3333333333333333,74,-3.96489418797551,-0.0652897623649542,0.5115744404422443,0.5498118525382406,0.31426208375744047
paper_max_T300,A,1.0471975511965976,0.3333333333333333,75,-4.019004163636705,-0.06528871627591082,0.5378423994039337,0.5549852722292649,0.0
paper_max_T300,A,1.0471975511965976,0.3333333333333333,76,-4.072624961767936,-0.065375543757422,0.5115410666697425,0.5497239400458213,0.31426846755051596
paper_max_T300,A,1.0471975511965976,0.3333333333333333,77,-4.125601523905736,-0.0652170347477049,0.5384952853998402,0.5553647020496076,0.0
paper_max_T300,A,1.0471975511965976,0.3333333333333333,78,-4.17853511168315,-0.06520758742854754,0.5129897305548755,0.5507506086183125,0.31539207574321054
paper_max_T300,A,1.0471975511965976,0.3333333333333333,79,-4.23192692598348,-0.06519045035576754,0.5399112688083083,0.5562886607886537,0.0
paper_max_T300,A,1.0471975511965976,0.3333333333333333,80,-4.286098306098516,-0.06536610005858967,0.5141930845022079,0.5516385712058413,0.3163004441151391
paper_max_T300,A,1.0471975511965976,0.3333333333333333,81,-4.340827127840946,-0.06556880962016698,0.5403915506106096,0.5566125938091171,0.0
paper_max_T300,A,1.0471975511965976,0.3333333333333333,82,-4.39558210935556,-0.06580224499558995,0.5142324907955623,0.5516823492956506,0.31632103698876113
paper_max_T300,A,1.0471975511965976,0.3333333333333333,83,-4.44979378729248,-0.0659165990295364,0.5404113363390342,0.5566347833626477,0.0
paper_max_T300,A,1.0471975511965976,0.3333333333333333,84,-4.503368693148593,-0.06593698040205415,0.5146641944467267,0.5519945216021007,0.3166547316000125
paper_max_T300,A,1.0471975511965976,0.3333333333333333,85,-4.556594823291258,-0.06592867208357822,0.5412396611445974,0.5571759893219955,0.0
paper_max_T300,A,1.0471975511965976,0.3333333333333333,86,-4.609955161544029,-0.0658814610041561,0.5158166658093587,0.552842694225787,0.3175268505266572
paper_max_T300,A,1.0471975511965976,0.3333333333333333,87,-4.663887168312687,-0.06601281629140243,0.5420200750665944,0.557710452031457,0.0
paper_max_T300,A,1.0471975511965976,0.3333333333333333,88,-4.718234384652755,-0.06610071150675029,0.5160241044648404,0.5530425500725453,0.31765795464468377
paper_max_T300,A,1.0471975511965976,0.3333333333333333,89,-4.772715185730693,-0.06631497144768911,0.5416400424433727,0.557514245122894,0.0
paper_max_T300,A,1.0471975511965976,0.3333333333333333,90,-4.826787876210862,-0.06635211417516212,0.5152377064283682,0.5525038024434553,0.3170428419543848
paper_max_T300,A,1.0471975511965976,0.3333333333333333,91,-4.880281849213372,-0.06638510456084379,0.541073067287031,0.5571533289183239,0.0
paper_max_T300,A,1.0471975511965976,0.3333333333333333,92,-4.93327461420702,-0.0662250419370678,0.5150119620303609,0.5523308848923489,0.3168733885963505
paper_max_T300,A,1.0471975511965976,0.3333333333333333,93,-4.9862135705981885,-0.06616032450961284,0.5411830581909308,0.5572159251299342,0.0
paper_max_T300,A,1.0471975511965976,0.3333333333333333,94,-5.039363527879107,-0.06602210799953051,0.5151332058621026,0.5524350806822669,0.31695602636340364
paper_max_T300,A,1.0471975511965976,0.3333333333333333,95,-5.092973285037438,-0.06607366625743039,0.5409595978138392,0.5571051080064995,0.0
paper_max_T300,A,1.0471975511965976,0.3333333333333333,96,-5.146775870049391,-0.06607137717668637,0.5143080538132127,0.5518694051104812,0.31631012601350295
paper_max_T300,A,1.0471975511965976,0.3333333333333333,97,-5.200508598170355,-0.06611186635170507,0.539917917639323,0.5564399459215477,0.0
paper_max_T300,A,1.0471975511965976,0.3333333333333333,98,-5.253864822380677,-0.0660436974678964,0.5131629818949972,0.551021956070494,0.31544233496520246
paper_max_T300,A,1.0471975511965976,0.3333333333333333,99,-5.306777378463675,-0.06590544530628217,0.5392607715464639,0.5559745766885559,0.0
paper_max_T300,A,1.0471975511965976,0.3333333333333333,100,-5.359463211700106,-0.06573411177790134,0.5129575078015982,0.5508437047513088,0.31529909396212547
paper_max_T300,A,1.0471975511965976,0.3333333333333333,101,-5.412256421554147,-0.06558668029387377,0.5393478677756744,0.5560207794259642,0.0
paper_max_T300,A,1.0471975511965976,0.3333333333333333,102,-5.465421710234352,-0.06553417521305671,0.5130056374666144,0.5508832803003499,0.31533526329195716
paper_max_T300,A,1.0471975511965976,0.3333333333333333,103,-5.519005775188617,-0.06552199465497321,0.5391022906483183,0.5558686850037506,0.0
paper_max_T300,A,1.0471975511965976,0.3333333333333333,104,-5.572818068555719,-0.0655959078691643,0.5124002659745217,0.5504363147551903,0.3148757501723953
paper_max_T300,A,1.0471975511965976,0.3333333333333333,105,-5.626472931914517,-0.06555510021956279,0.5385173582837944,0.555458813070219,0.0
paper_max_T300,A,1.0471975511965976,0.3333333333333333,106,-5.679835405217174,-0.06555491517590145,0.5120677251325649,0.5501602779533377,0.3146383716922684
paper_max_T300,A,1.0471975511965976,0.3333333333333333,107,-5.732837734171287,-0.0654084084437882,0.5386705840583709,0.5555285242252944,0.0
paper_max_T300,A,1.0471975511965976,0.3333333333333333,108,-5.785844790840475,-0.06536952012991087,0.5127046347907204,0.5506050027377156,0.31513595674623035
paper_max_T300,A,1.0471975511965976,0.3333333333333333,109,-5.839137255654176,-0.06530958073740811,0.5393448206919019,0.5559657459381737,0.0
paper_max_T300,A,1.0471975511965976,0.3333333333333333,110,-5.892928654570898,-0.0654063979696003,0.513268502296423,0.5510157704172227,0.31556578607811714
paper_max_T300,A,1.0471975511965976,0.3333333333333333,111,-5.947061525496821,-0.06548155340617179,0.5395294779798148,0.5560834237332981,0.0
paper_max_T300,A,1.0471975511965976,0.3333333333333333,112,-6.001254450713574,-0.06562927457393186,0.5132461351142332,0.5509940198664145,0.3155503058594258
paper_max_T300,A,1.0471975511965976,0.3333333333333333,113,-6.055117015421338,-0.06565481881397728,0.5395629854775346,0.5560953544401519,0.0
paper_max_T300,A,1.0471975511965976,0.3333333333333333,114,-6.108631026974859,-0.0656857824380011,0.5136190441577442,0.5512545759253911,0.3158419120390937
paper_max_T300,A,1.0471975511965976,0.3333333333333333,115,-6.161936688251423,-0.06565306730364034,0.5402174534975783,0.5565185877392178,0.0
paper_max_T300,A,1.0471975511965976,0.3333333333333333,116,-6.215389891329654,-0.06566072094449743,0.5145353415278843,0.5519220569651349,0.3165409559357759
paper_max_T300,A,1.0471975511965976,0.3333333333333333,117,-6.269237290250395,-0.0657378982089562,0.5408922665798841,0.5569678828330324,0.0
paper_max_T300,A,1.0471975511965976,0.3333333333333333,118,-6.323413561306602,-0.06584100035230839,0.5148990441333327,0.5522036015873458,0.31680862030938095
paper_max_T300,A,1.0471975511965976,0.3333333333333333,119,-6.377681304142836,-0.06598568961524909,0.5408687703510225,0.5569702091381074,0.0
paper_max_T300,A,1.0471975511965976,0.3333333333333333,120,-6.43169672643084,-0.0660533885097519,0.5146780700793044,0.552055905790672,0.3166339891344383
paper_max_T300,A,1.0471975511965976,0.3333333333333333,121,-6.485315831248414,-0.06609529278141435,0.5407686041465505,0.5569112399971576,0.0
paper_max_T300,A,1.0471975511965976,0.3333333333333333,122,-6.538618655193517,-0.06603086607525765,0.514830634296777,0.5521666293810981,0.3167506028424316
paper_max_T300,A,1.0471975511965976,0.3333333333333333,123,-6.591912871391607,-0.06602561963162445,0.5410827690572254,0.5571171380772714,0.0
paper_max_T300,A,1.0471975511965976,0.3333333333333333,124,-6.645380529042612,-0.06596978236429973,0.5151400711997044,0.5524026712594392,0.3169801062633856
paper_max_T300,A,1.0471975511965976,0.3333333333333333,125,-6.699170069513492,-0.06604879640175065,0.5410961972599174,0.5571452449476842,0.0
paper_max_T300,A,1.0471975511965976,0.3333333333333333,126,-6.753053920069398,-0.06606725788823165,0.5147374080001338,0.5521316868287324,0.3166618408963204
paper_max_T300,A,1.0471975511965976,0.3333333333333333,127,-6.806846037997978,-0.0661351044835119,0.5405039703375303,0.5567733439991611,0.0
paper_max_T300,A,1.0471975511965976,0.3333333333333333,128,-6.860321461268381,-0.06608980252005137,0.5140516843132268,0.5516340685257696,0.31613758690418475
paper_max_T300,A,1.0471975511965976,0.3333333333333333,129,-6.913492503370943,-0.06603251679629496,0.5401039122849364,0.556501888299685,0.0
paper_max_T300,A,1.0471975511965976,0.3333333333333333,130,-6.966500614553748,-0.06590452274158659,0.5138997033471461,0.5515146115634616,0.3160252183190794
paper_max_T300,A,1.0471975511965976,0.3333333333333333,131,-7.019608882667892,-0.06583476762185703,0.5401019015820294,0.556498711285776,0.0
paper_max_T300,A,1.0471975511965976,0.3333333333333333,132,-7.072934130268379,-0.06577710195660835,0.5138028233442413,0.5514514419937346,0.3159479940916463
paper_max_T300,A,1.0471975511965976,0.3333333333333333,133,-7.126510680828073,-0.0657844744361652,0.5397856243891701,0.5563023188599406,0.0
paper_max_T300,A,1.0471975511965976,0.3333333333333333,134,-7.1801647517489755,-0.06580083300970313,0.513192056778186,0.5510094974296008,0.3154804590620689
paper_max_T300,A,1.0471975511965976,0.3333333333333333,135,-7.23368113270849,-0.06576960088551398,0.5392049412099337,0.5559125756089023,0.0
paper_max_T300,A,1.0471975511965976,0.3333333333333333,136,-7.286973169518372,-0.06572868686312211,0.5127493321512759,0.550670523449645,0.31515033387559627
paper_max_T300,A,1.0471975511965976,0.3333333333333333,137,-7.340039148373155,-0.06561211749857832,0.5391184937786878,0.555838250316215,0.0
paper_max_T300,A,1.0471975511965976,0.3333333333333333,138,-7.393109738370029,-0.06554930529133296,0.5129606624245058,0.55081332511937,0.31531794764234466
paper_max_T300,A,1.0471975511965976,0.3333333333333333,139,-7.44637507078426,-0.06548436882777597,0.5393804787397011,0.5560075430685659,0.0
paper_max_T300,A,1.0471975511965976,0.3333333333333333,140,-7.499964490469129,-0.06552382215314012,0.5131260471747234,0.5509336550278261,0.31544450843347727
paper_max_T300,A,1.0471975511965976,0.3333333333333333,141,-7.553773345208647,-0.06554299916746903,0.5393290144360793,0.5559709896798734,0.0
paper_max_T300,A,1.0471975511965976,0.3333333333333333,142,-7.607630683607933,-0.06562482502222583,0.5129457874133428,0.5507951926986289,0.31530990532071645
paper_max_T300,A,1.0471975511965976,0.3333333333333333,143,-7.661267959045791,-0.06560404029123823,0.5392459239846991,0.5559045363868416,0.0
paper_max_T300,A,1.0471975511965976,0.3333333333333333,144,-7.714694257020472,-0.06561592333215122,0.5131339922505029,0.5509203373604499,0.3154601771233039
paper_max_T300,A,1.0471975511965976,0.3333333333333333,145,-7.767983971179255,-0.06555957972550641,0.539673021165936,0.5561770042211645,0.0
paper_max_T300,A,1.0471975511965976,0.3333333333333333,146,-7.821408537512934,-0.06557185776649171,0.5137750841465454,0.5513839414152111,0.3159516003283206
paper_max_T300,A,1.0471975511965976,0.3333333333333333,147,-7.875119505232284,-0.06560233166568624,0.5401681622649226,0.5565026376764151,0.0
paper_max_T300,A,1.0471975511965976,0.3333333333333333,148,-7.929105685700453,-0.06569429764452939,0.5140897624100864,0.5516177140838838,0.31618872417022464
paper_max_T300,A,1.0471975511965976,0.3333333333333333,149,-7.983168254542726,-0.06578021614475399,0.5402320964159439,0.556548459929655,0.0
paper_max_T300,A,1.0471975511965976,0.3333333333333333,150,-8.037084384534555,-0.06585274185914297,0.5140701426808629,0.5516059827091957,0.3161726370735394
paper_max_T300,A,1.0471975511965976,0.3333333333333333,151,-8.090714398899078,-0.06587634759492872,0.5403112240095027,0.5566010752887275,0.0
paper_max_T300,A,1.0471975511965976,0.3333333333333333,152,-8.144141031442292,-0.06586007426589002,0.5143742687236281,0.5518261236361174,0.3164058407195267
paper_max_T300,A,1.0471975511965976,0.3333333333333333,153,-8.197573690869469,-0.06586538902843952,0.5407132734598571,0.5568649225009957,0.0
paper_max_T300,A,1.0471975511965976,0.3333333333333333,154,-8.251169812336116,-0.06585897313733968,0.5147922108087164,0.5521361332290381,0.31672134657117823
paper_max_T300,A,1.0471975511965976,0.3333333333333333,155,-8.305018062416686,-0.06593645421389627,0.5408846255307775,0.5569871480900745,0.0
paper_max_T300,A,1.0471975511965976,0.3333333333333333,156,-8.358943471287255,-0.06597871072701628,0.5146782785417063,0.5520659512113907,0.316627793635452
paper_max_T300,A,1.0471975511965976,0.3333333333333333,157,-8.41278387765334,-0.06605281831869647,0.5406055483749177,0.5568150188121753,0.0
paper_max_T300,A,1.0471975511965976,0.3333333333333333,158,-8.466367394963012,-0.06603854200162834,0.5143409722900413,0.551824433959447,0.3163684522009474
paper_max_T300,A,1.0471975511965976,0.3333333333333333,159,-8.519720206673021,-0.0660254591673673,0.5404414454183996,0.5567062783161199,0.0
paper_max_T300,A,1.0471975511965976,0.3333333333333333,160,-8.572953222179898,-0.06594246069891663,0.514339816637053,0.5518218628192112,0.31636796204913914
paper_max_T300,A,1.0471975511965976,0.3333333333333333,161,-8.626281702517446,-0.06592277629268911,0.5405019185058024,0.5567473043931099,0.0
paper_max_T300,A,1.0471975511965976,0.3333333333333333,162,-8.679758276177893,-0.06588231143586215,0.5142934828556838,0.551795458067263,0.31632880649900774
paper_max_T300,A,1.0471975511965976,0.3333333333333333,163,-8.733403527086232,-0.06591406964174296,0.5402588534453087,0.5565980099677786,0.0
paper_max_T300,A,1.0471975511965976,0.3333333333333333,164,-8.787049015874278,-0.06591515305704554,0.5138006264355043,0.5514426681748746,0.31594965304307204
paper_max_T300,A,1.0471975511965976,0.3333333333333333,165,-8.840564068479928,-0.06590777783466978,0.5397752258907096,0.5562802426376505,0.0
paper_max_T300,A,1.0471975511965976,0.3333333333333333,166,-8.893881266189279,-0.06585594332695982,0.513386634854426,0.5511344698867913,0.3156366699653992
paper_max_T300,A,1.0471975511965976,0.3333333333333333,167,-8.947044284529582,-0.06577657086430821,0.5396163181049403,0.5561671475757792,0.0
paper_max_T300,A,1.0471975511965976,0.3333333333333333,168,-9.000203259418257,-0.06570510320688627,0.5134066625331148,0.551143784431535,0.31565474411408895
paper_max_T300,A,1.0471975511965976,0.3333333333333333,169,-9.05350720666955,-0.06565585374316546,0.5396700021395086,0.5562023070767319,0.0
paper_max_T300,A,1.0471975511965976,0.3333333333333333,170,-9.10701730200898,-0.06565956343732998,0.5133521799867682,0.5511058387832583,0.31561257738555654
paper_max_T300,A,1.0471975511965976,0.3333333333333333,171,-9.16066677154102,-0.06566143568988347,0.5394727774897343,0.5560730426630441,0.0
paper_max_T300,A,1.0471975511965976,0.3333333333333333,172,-9.214330935419799,-0.06569594580413884,0.5130457144206203,0.550878208829391,0.3153805610392394
paper_max_T300,A,1.0471975511965976,0.3333333333333333,173,-9.267834202610665,-0.06565806181890838,0.5392743558112538,0.5559339000601793,0.0
paper_max_T300,A,1.0471975511965976,0.3333333333333333,174,-9.321192195975417,-0.06564482651014092,0.5130510285184668,0.5508724784580779,0.31538962846177154
paper_max_T300,A,1.0471975511965976,0.3333333333333333,175,-9.37445786344658,-0.0655775823912409,0.5394896756478659,0.5560681820416896,0.0
paper_max_T300,A,1.0471975511965976,0.3333333333333333,176,-9.427833412110353,-0.06557521549424555,0.5134292388759837,0.5511442513289576,0.31568063738738444
paper_max_T300,A,1.0471975511965976,0.3333333333333333,177,-9.481420768917715,-0.06557382127966693,0.5397854701930355,0.5562615556301691,0.0
paper_max_T300,A,1.0471975511965976,0.3333333333333333,178,-9.535230694709561,-0.06564101701686531,0.5136049670983817,0.5512726616408454,0.31581426268846824
paper_max_T300,A,1.0471975511965976,0.3333333333333333,179,-9.58910425657443,-0.06568181911524518,0.5398062543965965,0.5562740646813614,0.0
paper_max_T300,A,1.0471975511965976,0.3333333333333333,180,-9.642896121118945,-0.06574134326137704,0.5135991067360963,0.5512661553884366,0.31581088975857774
paper_max_T300,A,1.0471975511965976,0.3333333333333333,181,-9.696476862717176,-0.06573966163079942,0.5399045737760952,0.5563354906297302,0.0
paper_max_T300,A,1.0471975511965976,0.3333333333333333,182,-9.749927288652945,-0.06574069039534819,0.513904565396653,0.5514854404030891,0.3160460829624442
paper_max_T300,A,1.0471975511965976,0.3333333333333333,183,-9.803387453565808,-0.06573551093683017,0.540292429851382,0.556588732257106,0.0
paper_max_T300,A,1.0471975511965976,0.3333333333333333,184,-9.857003926158647,-0.06575254975312322,0.5143300256574331,0.551797283361539,0.31636961507612554
paper_max_T300,A,1.0471975511965976,0.3333333333333333,185,-9.91082784481706,-0.06581206233965148,0.540525220949941,0.5567456314822917,0.0
paper_max_T300,A,1.0471975511965976,0.3333333333333333,186,-9.96473743944518,-0.06586848819959001,0.5143728348285315,0.5518346972566414,0.3163989147802429
paper_max_T300,A,1.0471975511965976,0.3333333333333333,187,-10.018579653057685,-0.06593204997817326,0.5404364667787297,0.5566929190974422,0.0
paper_max_T300,A,1.0471975511965976,0.3333333333333333,188,-10.072225425512801,-0.06594289436323553,0.5142673575629763,0.5517604537562463,0.3163173249845071
paper_max_T300,A,1.0471975511965976,0.3333333333333333,189,-10.125687279396015,-0.065947145320778,0.5404472018352765,0.55670037017141,0.0
paper_max_T300,A,1.0471975511965976,0.3333333333333333,190,-10.179065809848261,-0.06590306853283595,0.5144113115068296,0.551865341815711,0.3164270040207229
paper_max_T300,A,1.0471975511965976,0.3333333333333333,191,-10.232534576486358,-0.0659097547529574,0.5406045644518426,0.5568053845925672,0.0
paper_max_T300,A,1.0471975511965976,0.3333333333333333,192,-10.286126809829845,-0.06589411220596197,0.5144765686023265,0.5519186452492945,0.31647366029266255
paper_max_T300,A,1.0471975511965976,0.3333333333333333,193,-10.33984717812232,-0.06594228833775068,0.5404854717268848,0.5567350624146555,0.0
paper_max_T300,A,1.0471975511965976,0.3333333333333333,194,-10.393538342774008,-0.06594931529665987,0.514153121513389,0.5516893213200155,0.3162237021147466
paper_max_T300,A,1.0471975511965976,0.3333333333333333,195,-10.447105618873653,-0.06596406050272707,0.5401476384873607,0.5565161118524238,0.0
paper_max_T300,A,1.0471975511965976,0.3333333333333333,196,-10.500492613668342,-0.06592028540693379,0.5138526237460859,0.5514688007527798,0.3159949937311879
paper_max_T300,A,1.0471975511965976,0.3333333333333333,197,-10.553766356942518,-0.06587602591878411,0.5400224532517451,0.5564303643827043,0.0
paper_max_T300,A,1.0471975511965976,0.3333333333333333,198,-10.60703158968412,-0.06581097336661879,0.5138347236380347,0.5514541221533347,0.31598204244001926
paper_max_T300,A,1.0471975511965976,0.3333333333333333,199,-10.66041503595584,-0.06578574430008832,0.5400088167094984,0.5564229806909817,0.0
paper_max_T300,A,1.0471975511965976,0.3333333333333333,200,-10.713928582823801,-0.06577391612188366,0.5137019271649549,0.5513606320794237,0.3158792056527022
paper_max_T300,A,1.0471975511965976,0.3333333333333333,201,-10.767527962204085,-0.06577958065327538,0.5397607625087104,0.5562627305937969,0.0
paper_max_T300,A,1.0471975511965976,0.3333333333333333,202,-10.821104243029058,-0.06578592163498925,0.5133456904169501,0.5510998951715743,0.31560778020093777
paper_max_T300,A,1.0471975511965976,0.3333333333333333,203,-10.874550478018058,-0.06575080922650867,0.5395009962849032,0.5560871746809074,0.0
paper_max_T300,A,1.0471975511965976,0.3333333333333333,204,-10.927880061007759,-0.06571828036098332,0.5132288539216029,0.5510084336002582,0.31552176350970906
paper_max_T300,A,1.0471975511965976,0.3333333333333333,205,-10.981147515594607,-0.06565443776918328,0.53956161631727,0.5561218659465893,0.0
paper_max_T300,A,1.0471975511965976,0.3333333333333333,206,-11.034496621911888,-0.0656344298704003,0.513400354139161,0.5511307354260911,0.31565429792388666
paper_max_T300,A,1.0471975511965976,0.3333333333333333,207,-11.088003967966735,-0.06561807111624385,0.5396848926128007,0.556202436349643,0.0
paper_max_T300,A,1.0471975511965976,0.3333333333333333,208,-11.141678312629455,-0.06565731744016845,0.5134240528080327,0.5511477471215913,0.3156724437719882
paper_max_T300,A,1.0471975511965976,0.3333333333333333,209,-11.195400003204362,-0.06566937426218994,0.5396156401747122,0.5561549973864196,0.0
paper_max_T300,A,1.0471975511965976,0.3333333333333333,210,-11.249070879664309,-0.06570693924152127,0.51334785260322,0.5510887115043078,0.3156159574183031
paper_max_T300,A,1.0471975511965976,0.3333333333333333,211,-11.30258343682437,-0.06568439192746439,0.5396526439010583,0.5561748050180032,0.0
paper_max_T300,A,1.0471975511965976,0.3333333333333333,212,-11.356010852626767,-0.06568345841059436,0.5135679308320757,0.5512449466423237,0.3157863187819173
paper_max_T300,A,1.0471975511965976,0.3333333333333333,213,-11.40944827635441,-0.06566254498115248,0.539956869329691,0.556372278071712,0.0
paper_max_T300,A,1.0471975511965976,0.3333333333333333,214,-11.463028302083416,-0.0656834272136928,0.5139191752419102,0.5515006795519636,0.31605449524033224
paper_max_T300,A,1.0471975511965976,0.3333333333333333,215,-11.516780000879287,-0.06571906999233279,0.5401677965310673,0.5565118214236133,0.0
paper_max_T300,A,1.0471975511965976,0.3333333333333333,216,-11.57062587804024,-0.06577667017797556,0.5140046235926419,0.5515650976700532,0.3161184176362315
paper_max_T300,A,1.0471975511965976,0.3333333333333333,217,-11.624423356328798,-0.06582009621794155,0.5401612768400307,0.5565091066905187,0.0
paper_max_T300,A,1.0471975511965976,0.3333333333333333,218,-11.67807947967081,-0.0658441294900447,0.5140162147748949,0.5515738652975496,0.3161272717428767
paper_max_T300,A,1.0471975511965976,0.3333333333333333,219,-11.731586452052618,-0.06584745448812579,0.540267184053202,0.5565782521929921,0.0
paper_max_T300,A,1.0471975511965976,0.3333333333333333,220,-11.785041266932566,-0.06583069581315798,0.5142486301937623,0.5517428860648774,0.3163048383144969
paper_max_T300,A,1.0471975511965976,0.3333333333333333,221,-11.838579023468178,-0.06584462665010132,0.540494919855846,0.5567287042280517,0.0
paper_max_T300,A,1.0471975511965976,0.3333333333333333,222,-11.892235745268458,-0.06585126723627216,0.5144109676715005,0.5518648336329492,0.31642666369351136
paper_max_T300,A,1.0471975511965976,0.3333333333333333,223,-11.946001025682087,-0.06590361572591896,0.5404905062202908,0.5567308785196732,0.0
paper_max_T300,A,1.0471975511965976,0.3333333333333333,224,-11.999738018300356,-0.06592394337978774,0.5142501260812481,0.5517524367918512,0.31630151303429366
paper_max_T300,A,1.0471975511965976,0.3333333333333333,225,-12.053361490633144,-0.06595141511735853,0.5403016695667918,0.5566099730541669,0.0
paper_max_T300,A,1.0471975511965976,0.3333333333333333,226,-12.106825535480283,-0.06592482684946016,0.5140923241518411,0.5516377763513008,0.3161808910654861
paper_max_T300,A,1.0471975511965976,0.3333333333333333,227,-12.160200698066696,-0.06590683016039123,0.540261607469612,0.5565826588263093,0.0
paper_max_T300,A,1.0471975511965976,0.3333333333333333,228,-12.213570312635433,-0.06585835157769382,0.5141232110252083,0.5516604076458389,0.31620423621749605
paper_max_T300,A,1.0471975511965976,0.3333333333333333,229,-12.267044241534776,-0.06585591264195717,0.5402684064639187,0.5565892707843684,0.0
paper_max_T300,A,1.0471975511965976,0.3333333333333333,230,-12.320605950593716,-0.06584441983661432,0.5140109144669706,0.5515823719153445,0.3161166496567336
paper_max_T300,A,1.0471975511965976,0.3333333333333333,231,-12.374220134492035,-0.06586232794956981,0.5400467206349738,0.556447435461479,0.0
paper_max_T300,A,1.0471975511965976,0.3333333333333333,232,-12.427782058382427,-0.06585784578317377,0.5136828592687633,0.5513443604912657,0.3158657131884858
paper_max_T300,A,1.0471975511965976,0.3333333333333333,233,-12.481229578274288,-0.06583623648173709,0.5397915024369998,0.5562779947695179,0.0
paper_max_T300,A,1.0471975511965976,0.3333333333333333,234,-12.534571943314937,-0.06579534426008776,0.5135234110249917,0.55122478485208,0.3157456210123153
paper_max_T300,A,1.0471975511965976,0.3333333333333333,235,-12.587873532440845,-0.06574550575666405,0.5397715729472156,0.5562619130886439,0.0
paper_max_T300,A,1.0471975511965976,0.3333333333333333,236,-12.641232322603997,-0.0657138173404303,0.5135686260557842,0.5512565659069302,0.31578085371775416
paper_max_T300,A,1.0471975511965976,0.3333333333333333,237,-12.694711987230782,-0.06569715806012716,0.5397791312899924,0.5562675034001576,0.0
paper_max_T300,A,1.0471975511965976,0.3333333333333333,238,-12.748305534144194,-0.06571323957364256,0.5134775845358699,0.5511907003914688,0.3157111502442189
paper_max_T300,A,1.0471975511965976,0.3333333333333333,239,-12.801927417813182,-0.06571267670620562,0.5396285665372182,0.5561675960028404,0.0
paper_max_T300,A,1.0471975511965976,0.3333333333333333,240,-12.85550475786048,-0.06572772740772248,0.5133180151785119,0.5510715154658904,0.31559072066110333
paper_max_T300,A,1.0471975511965976,0.3333333333333333,241,-12.908960176341942,-0.06569433605153213,0.5395833707955703,0.5561337729971331,0.0
paper_max_T300,A,1.0471975511965976,0.3333333333333333,242,-12.96235513148573,-0.06568232450711836,0.513423868625432,0.5511447793133222,0.31567364183482405
paper_max_T300,A,1.0471975511965976,0.3333333333333333,243,-13.015760247795697,-0.06564983679407305,0.5397754264842574,0.5562575338999006,0.0
paper_max_T300,A,1.0471975511965976,0.3333333333333333,244,-13.06928661431651,-0.06566245063584625,0.5136576385918579,0.5513142206611442,0.31585261988536373
paper_max_T300,A,1.0471975511965976,0.3333333333333333,245,-13.122952389482947,-0.06567671641023937,0.5399121904504656,0.5563472279417091,0.0
paper_max_T300,A,1.0471975511965976,0.3333333333333333,246,-13.176709828461277,-0.06572459334247382,0.5137061383760873,0.5513497046162936,0.3158894232662257
paper_max_T300,A,1.0471975511965976,0.3333333333333333,247,-13.230433616393654,-0.06574608537661064,0.5399068094994646,0.556343029820751,0.0
paper_max_T300,A,1.0471975511965976,0.3333333333333333,248,-13.284059469167268,-0.0657708715790114,0.5137398729084118,0.5513729277837266,0.3159159527630906
paper_max_T300,A,1.0471975511965976,0.3333333333333333,249,-13.337564630300292,-0.0657637511656699,0.5400320576389646,0.5564237621135364,0.0
paper_max_T300,A,1.0471975511965976,0.3333333333333333,250,-13.391041643199443,-0.06576075166494405,0.5139892756301849,0.5515535242012337,0.31610700006469006
paper_max_T300,A,1.0471975511965976,0.3333333333333333,251,-13.444592223358605,-0.0657692083174426,0.5402783067182328,0.5565854181548014,0.0
paper_max_T300,A,1.0471975511965976,0.3333333333333333,252,-13.498261903799381,-0.06578964670762005,0.5141968149683206,0.5517065266268698,0.31626436099730854
paper_max_T300,A,1.0471975511965976,0.3333333333333333,253,-13.55202923924265,-0.06583509130989051,0.5403449021544817,0.5566317637354474,0.0
paper_max_T300,A,1.0471975511965976,0.3333333333333333,254,-13.605784292729723,-0.06586678151736408,0.5141522417399718,0.5516768432603913,0.3162289109585866
paper_max_T300,A,1.0471975511965976,0.3333333333333333,255,-13.659440304278256,-0.0658957048922525,0.54027236935033,0.5565861088651911,0.0
paper_max_T300,A,1.0471975511965976,0.3333333333333333,256,-13.712963086296384,-0.06588692750127689,0.5141193980561805,0.5516533563613087,0.3162036793707701
paper_max_T300,A,1.0471975511965976,0.3333333333333333,257,-13.766412571154497,-0.06588321847571638,0.5403219411010528,0.5566184400854011,0.0
paper_max_T300,A,1.0471975511965976,0.3333333333333333,258,-13.819865378084543,-0.06585475719610995,0.5142277125658211,0.5517328437112987,0.31628594551694034
paper_max_T300,A,1.0471975511965976,0.3333333333333333,259,-13.873414727874234,-0.0658676953969321,0.540387389984032,0.556663312392224,0.0
paper_max_T300,A,1.0471975511965976,0.3333333333333333,260,-13.927034843196829,-0.06586597301146585,0.5141865601485902,0.5517062609195722,0.3162527701423929
paper_max_T300,A,1.0471975511965976,0.3333333333333333,261,-13.980689711428752,-0.06589544480974258,0.5402373774762237,0.5565684544265159,0.0
paper_max_T300,A,1.0471975511965976,0.3333333333333333,262,-14.034278154542903,-0.06589293047780487,0.513940397330998,0.5515288749589888,0.31606389325247153
paper_max_T300,A,1.0471975511965976,0.3333333333333333,263,-14.087761094485721,-0.06588718406650884,0.5400386638940944,0.5564380053055938,0.0
paper_max_T300,A,1.0471975511965976,0.3333333333333333,264,-14.141145507424376,-0.06584889719767284,0.513807676027813,0.5514308181405301,0.3159631761049897
paper_max_T300,A,1.0471975511965976,0.3333333333333333,265,-14.19450405056029,-0.0658175831987508,0.5400069293519086,0.556415827276841,0.0
paper_max_T300,A,1.0471975511965976,0.3333333333333333,266,-14.247903540139191,-0.06578361471750521,0.5138077759487616,0.551430937061121,0.31596324165292655
paper_max_T300,A,1.0471975511965976,0.3333333333333333,267,-14.301399770965716,-0.06577614073306681,0.5399647583122896,0.5563895860972815,0.0
paper_max_T300,A,1.0471975511965976,0.3333333333333333,268,-14.354966362217304,-0.06577836582657087,0.5136630233827062,0.5513268649000687,0.3158520862931399
paper_max_T300,A,1.0471975511965976,0.3333333333333333,269,-14.40854274367431,-0.06577789514166682,0.5397725260913366,0.5562636363562534,0.0
paper_max_T300,A,1.0471975511965976,0.3333333333333333,270,-14.462066937452299,-0.06577613316591663,0.5134511019844787,0.5511708374647402,0.3156910583979081
paper_max_T300,A,1.0471975511965976,0.3333333333333333,271,-14.515492975719333,-0.06574271171332136,0.5396652217337619,0.5561902289245023,0.0
paper_max_T300,A,1.0471975511965976,0.3333333333333333,272,-14.56886950076295,-0.06571886569888896,0.5134596043286737,0.5511741137848172,0.3156990837605822
paper_max_T300,A,1.0471975511965976,0.3333333333333333,273,-14.622257563328745,-0.06568318855882477,0.5397544496334364,0.5562470091090757,0.0
paper_max_T300,A,1.0471975511965976,0.3333333333333333,274,-14.675741399890974,-0.06568312982921909,0.513574462131261,0.5512570954668619,0.31578722225736194
paper_max_T300,A,1.0471975511965976,0.3333333333333333,275,-14.7293353799178,-0.06568374607058058,0.5398016059461942,0.556277850272227,0.0
paper_max_T300,A,1.0471975511965976,0.3333333333333333,276,-14.783005884220309,-0.06571606366882315,0.5135490886216136,0.5512381975497089,0.3157679823894845
paper_max_T300,A,1.0471975511965976,0.3333333333333333,277,-14.836650754929991,-0.06572014186500447,0.5397519773339605,0.5562438558293011,0.0
paper_max_T300,A,1.0471975511965976,0.3333333333333333,278,-14.890225961422622,-0.06573656305158315,0.5135442982978111,0.5512326238502859,0.3157654090077362
paper_max_T300,A,1.0471975511965976,0.3333333333333333,279,-14.943704403421144,-0.06571735092240755,0.5398421787612016,0.5563009202927147,0.0
paper_max_T300,A,1.0471975511965976,0.3333333333333333,280,-14.9971701228068,-0.06571621308675951,0.5137511243765082,0.5513816484366675,0.3159242651716466
paper_max_T300,A,1.0471975511965976,0.3333333333333333,281,-15.050698985637666,-0.06571367052471166,0.5400563283172873,0.5564408559797427,0.0
paper_max_T300,A,1.0471975511965976,0.3333333333333333,282,-15.104342775015304,-0.06573769294823867,0.5139451846087062,0.5515235375225317,0.3160720794680136
paper_max_T300,A,1.0471975511965976,0.3333333333333333,283,-15.158074844715586,-0.06576957739376699,0.5401399166751495,0.5564966462397323,0.0
paper_max_T300,A,1.0471975511965976,0.3333333333333333,284,-15.211812983366976,-0.06580573676159862,0.513954091565804,0.5515310880826171,0.31607829906568463
paper_max_T300,A,1.0471975511965976,0.3333333333333333,285,-15.265468630999905,-0.06582711322426454,0.5401320467286541,0.5564920459289069,0.0
paper_max_T300,A,1.0471975511965976,0.3333333333333333,286,-15.319019554156732,-0.06583083341178847,0.513998987823456,0.5515636118334555,0.3161127551923936
paper_max_T300,A,1.0471975511965976,0.3333333333333333,287,-15.37250844567884,-0.06583006446981599,0.5402431526162321,0.5565646379157677,0.0
paper_max_T300,A,1.0471975511965976,0.3333333333333333,288,-15.426011711218209,-0.06581888890674686,0.5141695891531635,0.5516881909496623,0.31624278764010877
paper_max_T300,A,1.0471975511965976,0.3333333333333333,289,-15.479605388348794,-0.06583746678799451,0.5403648639563571,0.556645767613855,0.0
paper_max_T300,A,1.0471975511965976,0.3333333333333333,290,-15.533268441424077,-0.06584810044953987,0.5142054888790621,0.5517168291045641,0.31626885829513673
paper_max_T300,A,1.0471975511965976,0.3333333333333333,291,-15.586959446658355,-0.06588311795947333,0.5402964281905013,0.5566036238340093,0.0
paper_max_T300,A,1.0471975511965976,0.3333333333333333,292,-15.640585175542128,-0.06588921546987836,0.5140596406767586,0.551612479829317,0.31615658727136886
paper_max_T300,A,1.0471975511965976,0.3333333333333333,293,-15.694112839698747,-0.06589543889055721,0.5401787298725973,0.5565270830300767,0.0
paper_max_T300,A,1.0471975511965976,0.3333333333333333,294,-15.747550331127442,-0.06586729891049731,0.5139949077586008,0.551565020985584,0.3161072740269982
paper_max_T300,A,1.0471975511965976,0.3333333333333333,295,-15.800971856033087,-0.06585295820892145,0.5401820890332355,0.5565289159764679,0.0
paper_max_T300,A,1.0471975511965976,0.3333333333333333,296,-15.854427505717439,-0.06582523345380376,0.514011757938702,0.5515780025981605,0.316119729148671
paper_max_T300,A,1.0471975511965976,0.3333333333333333,297,-15.907965984535721,-0.06583018169441213,0.5401461030821612,0.5565070797235835,0.0
paper_max_T300,A,1.0471975511965976,0.3333333333333333,298,-15.961545811315787,-0.06582863588893972,0.5138732915728577,0.5514790818691214,0.3160130628479599
paper_max_T300,A,1.0471975511965976,0.3333333333333333,299,-16.015120601956106,-0.06583551821851286,0.5399596047450693,0.5563858860294193,0.0
paper_max_T300,A,1.0471975511965976,0.3333333333333333,300,-16.06863181329286,-0.06582567642061438,0.5136576965797219,0.5513216266275299,0.31584862985121875
paper_max_T300,A,1.0471975511965976,0.3333333333333333,301,-16.122059420180896,-0.06580026404070649,0.5398305244438727,0.5562995285327083,0.0
paper_max_T300,A,1.0471975511965976,0.3333333333333333,302,-16.175441199429827,-0.06576936870258493,0.5136125212335906,0.5512869359609343,0.3158150317484224
paper_max_T300,A,1.0471975511965976,0.3333333333333333,303,-16.22883726696527,-0.06573880887090405,0.5398519938582594,0.5563125937219399,0.0
paper_max_T300,A,1.0471975511965976,0.3333333333333333,304,-16.282304765358028,-0.06572802671683958,0.5136395876501041,0.5513065299317598,0.31583583266488247
paper_max_T300,A,1.0471975511965976,0.3333333333333333,305,-16.335857548647276,-0.06572430899232551,0.539825761857084,0.556295754045742,0.0
paper_max_T300,A,1.0471975511965976,0.3333333333333333,306,-16.389463366340358,-0.06574096295703807,0.5135429977968214,0.5512360241215182,0.3157621338836998
paper_max_T300,A,1.0471975511965976,0.3333333333333333,307,-16.44304495450104,-0.06573563029700041,0.5397222954336887,0.5562266510342642,0.0
paper_max_T300,A,1.0471975511965976,0.3333333333333333,308,-16.496570374895505,-0.06573977684095028,0.5134780353179201,0.5511867053943683,0.31571353624917764
paper_max_T300,A,1.0471975511965976,0.3333333333333333,309,-16.550018647880876,-0.06571247072602615,0.5397532653769344,0.5562447928938491,0.0
paper_max_T300,A,1.0471975511965976,0.3333333333333333,310,-16.603461391245617,-0.06570554655319638,0.5136103785840083,0.5512813879461329,0.31581555293948216
paper_max_T300,A,1.0471975511965976,0.3333333333333333,311,-16.656957301360812,-0.06569281436694441,0.5399033398456641,0.5563424708821877,0.0
paper_max_T300,A,1.0471975511965976,0.3333333333333333,312,-16.71055643591216,-0.06571202465372455,0.5137476652131683,0.5513812982351375,0.3159204046268178
paper_max_T300,A,1.0471975511965976,0.3333333333333333,313,-16.764232663584487,-0.06572918397155691,0.5399593161110661,0.5563792517770698,0.0
paper_max_T300,A,1.0471975511965976,0.3333333333333333,314,-16.81792693070946,-0.06576201014174082,0.5137528609391531,0.551385035281709,0.31592434520010515
paper_max_T300,A,1.0471975511965976,0.3333333333333333,315,-16.871554500362244,-0.06577142799948288,0.5399642437628549,0.556381972055634,0.0
paper_max_T300,A,1.0471975511965976,0.3333333333333333,316,-16.92510346967152,-0.06577973442952983,0.5138200249213011,0.5514330738169898,0.31597615159513015
paper_max_T300,A,1.0471975511965976,0.3333333333333333,317,-16.97859981156558,-0.06577404943516851,0.5400945192383138,0.5564667071887331,0.0
paper_max_T300,A,1.0471975511965976,0.3333333333333333,318,-17.032119829371204,-0.06577346326764377,0.5140137571960753,0.5515739860683909,0.3161241702993505
paper_max_T300,A,1.0471975511965976,0.3333333333333333,319,-17.08572322125587,-0.06578913240913892,0.5402445005594196,0.5565656545340069,0.0
paper_max_T300,A,1.0471975511965976,0.3333333333333333,320,-17.13940058677877,-0.06580919125577661,0.5141005525019708,0.5516386595660485,0.31618962481323665
paper_max_T300,A,1.0471975511965976,0.3333333333333333,321,-17.193105132566323,-0.06584223853891202,0.5402387407029726,0.5565635361467587,0.0
paper_max_T300,A,1.0471975511965976,0.3333333333333333,322,-17.246756574412373,-0.06585756893362826,0.5140403805851662,0.5515960917202563,0.3161430710626491
paper_max_T300,A,1.0471975511965976,0.3333333333333333,323,-17.300318580382687,-0.06586869842195714,0.5401974039082316,0.5565370174979658,0.0
paper_max_T300,A,1.0471975511965976,0.3333333333333333,324,-17.353802568289133,-0.06585326254387969,0.5140513534183306,0.551604060032358,0.31615146069948286
paper_max_T300,A,1.0471975511965976,0.3333333333333333,325,-17.407276668476193,-0.0658500880382959,0.540253720086772,0.5565739552590275,0.0
paper_max_T300,A,1.0471975511965976,0.3333333333333333,326,-17.46078580311041,-0.06583351250483843,0.514116219899003,0.5516521410479689,0.3162004967644386
paper_max_T300,A,1.0471975511965976,0.3333333333333333,327,-17.514370662994324,-0.06584868037387548,0.5402569987730141,0.556577757984676,0.0
paper_max_T300,A,1.0471975511965976,0.3333333333333333,328,-17.567983294069137,-0.0658511080216636,0.5140248118997162,0.5515875592982119,0.31612969788959705
paper_max_T300,A,1.0471975511965976,0.3333333333333333,329,-17.621581806558837,-0.06586682479568379,0.5401130219606972,0.5564848803261897,0.0
paper_max_T300,A,1.0471975511965976,0.3333333333333333,330,-17.675109194613434,-0.06585732704316449,0.5138492377295618,0.5514600648001139,0.31599543868126284
paper_max_T300,A,1.0471975511965976,0.3333333333333333,331,-17.72856163835131,-0.06584333895509997,0.5400029824132612,0.5564120720112458,0.0
paper_max_T300,A,1.0471975511965976,0.3333333333333333,332,-17.781970035897345,-0.06581234815199183,0.5137997492621402,0.551423193787268,0.31595803099017494
paper_max_T300,A,1.0471975511965976,0.3333333333333333,333,-17.83539627877161,-0.06579218377322649,0.5400007974700001,0.5564103004824891,0.0
paper_max_T300,A,1.0471975511965976,0.3333333333333333,334,-17.88887536684055,-0.06577639908467531,0.5137859078836888,0.5514135649530107,0.3159472639075045
paper_max_T300,A,1.0471975511965976,0.3333333333333333,335,-17.9424208018644,-0.0657760311862785,0.5399361235389154,0.5563687786817014,0.0
paper_max_T300,A,1.0471975511965976,0.3333333333333333,336,-17.995994274900724,-0.06578141746205651,0.5136477980663735,0.5513133848165837,0.31584160306328257
paper_max_T300,A,1.0471975511965976,0.3333333333333333,337,-18.049540283290554,-0.06577494522951532,0.5397964532575753,0.5562765913721456,0.0
paper_max_T300,A,1.0471975511965976,0.3333333333333333,338,-18.103032529632472,-0.06576803653725122,0.5135341693879155,0.5512291934117061,0.3157555382788769
paper_max_T300,A,1.0471975511965976,0.3333333333333333,339,-18.15646283790057,-0.06573921675191419,0.539772966310943,0.5562594179270469,0.0
paper_max_T300,A,1.0471975511965976,0.3333333333333333,340,-18.20988872376318,-0.06572405626346228,0.5135913908375154,0.5512694729886857,0.3157999988946576
paper_max_T300,A,1.0471975511965976,0.3333333333333333,341,-18.263359641791183,-0.06570604551990389,0.5398525016345097,0.5563109749617381,0.0
paper_max_T300,A,1.0471975511965976,0.3333333333333333,342,-18.316915870034023,-0.06571603055957564,0.513655321605903,0.5513158827051371,0.31584891350300753
paper_max_T300,A,1.0471975511965976,0.3333333333333333,343,-18.370535724362654,-0.06572193281406019,0.5398576543751683,0.5563142037208136,0.0
paper_max_T300,A,1.0471975511965976,0.3333333333333333,344,-18.424175410649717,-0.06574580287870002,0.5136207830826296,0.5512902343470488,0.3158227481004155
paper_max_T300,A,1.0471975511965976,0.3333333333333333,345,-18.477761011773325,-0.06574378686272497,0.5398383053095451,0.5563004650861476,0.0
paper_max_T300,A,1.0471975511965976,0.3333333333333333,346,-18.531287873291888,-0.06574939838782862,0.5136653433233742,0.5513213834888012,0.3158574864028848
paper_max_T300,A,1.0471975511965976,0.3333333333333333,347,-18.584770779076592,-0.06573574671730353,0.5399487700425902,0.5563718498607166,0.0
paper_max_T300,A,1.0471975511965976,0.3333333333333333,348,-18.638282240152563,-0.06573802026502257,0.513839712133681,0.5514477788655084,0.31599097088039185
paper_max_T300,A,1.0471975511965976,0.3333333333333333,349,-18.69186831309247,-0.0657457737310076,0.5400909609229236,0.5564651407717351,0.0
paper_max_T300,A,1.0471975511965976,0.3333333333333333,350,-18.745531228865076,-0.06576932635531063,0.5139371823968355,0.5515193746665699,0.31606503004349207
paper_max_T300,A,1.0471975511965976,0.3333333333333333,351,-18.799222203667846,-0.06579453098201898,0.5401134893484215,0.5564805928044263,0.0
paper_max_T300,A,1.0471975511965976,0.3333333333333333,352,-18.852876679187972,-0.0658153562028615,0.5139269024149297,0.551512356406424,0.3160569537306086
paper_max_T300,A,1.0471975511965976,0.3333333333333333,353,-18.906452093072915,-0.06582434334510062,0.54012246717144,0.5564865946402833,0.0
paper_max_T300,A,1.0471975511965976,0.3333333333333333,354,-18.959964337510584,-0.06581951530065588,0.5139935533291564,0.5515606886381452,0.3161079848948161
paper_max_T300,A,1.0471975511965976,0.3333333333333333,355,-19.013470079951034,-0.06582017719168587,0.5402231091652097,0.5565525458575132,0.0
paper_max_T300,A,1.0471975511965976,0.3333333333333333,356,-19.067015890184315,-0.06581514335717487,0.5141065647857338,0.5516435926154253,0.31619391994306467
paper_max_T300,A,1.0471975511965976,0.3333333333333333,357,-19.120633671771657,-0.06583505891614921,0.5402722295877691,0.556585984687643,0.0
paper_max_T300,A,1.0471975511965976,0.3333333333333333,358,-19.174278073331436,-0.0658451057152768,0.5140755356011053,0.5516226278154088,0.3161693806158953
paper_max_T300,A,1.0471975511965976,0.3333333333333333,359,-19.227905283514865,-0.06586664833819533,0.5401866361600278,0.5565312837591586,0.0
paper_max_T300,A,1.0471975511965976,0.3333333333333333,360,-19.281461456085516,-0.06586308810131991,0.5139639267426013,0.5515419998967164,0.3160838396532001
paper_max_T300,A,1.0471975511965976,0.3333333333333333,361,-19.33494841367468,-0.06585930628134395,0.5401223898211494,0.5564891027896182,0.0
paper_max_T300,A,1.0471975511965976,0.3333333333333333,362,-19.388394639004005,-0.06583426591231578,0.5139475484092663,0.5515298382425311,0.3160714129399123
paper_max_T300,A,1.0471975511965976,0.3333333333333333,363,-19.44186218114855,-0.06582553225617327,0.5401338969306358,0.5564967474663733,0.0
paper_max_T300,A,1.0471975511965976,0.3333333333333333,364,-19.495372155805818,-0.06581124213073175,0.5139373704283915,0.5515232295677308,0.31606322620176963
paper_max_T300,A,1.0471975511965976,0.3333333333333333,365,-19.548936044587876,-0.0658182663105828,0.5400687760593206,0.5564552610016775,0.0
paper_max_T300,A,1.0471975511965976,0.3333333333333333,366,-19.602507900744712,-0.06581890381867433,0.5137972112445623,0.5514220442266428,0.3159557621438259
paper_max_T300,A,1.0471975511965976,0.3333333333333333,367,-19.656047247174122,-0.06581721655866735,0.5399237807965171,0.5563602702142573,0.0
paper_max_T300,A,1.0471975511965976,0.3333333333333333,368,-19.70952958678526,-0.06580397225335721,0.513665953471312,0.5513257202377534,0.3158558774283887
paper_max_T300,A,1.0471975511965976,0.3333333333333333,369,-19.76296097239028,-0.06577978785330463,0.5398702467709512,0.5563240072554133,0.0
paper_max_T300,A,1.0471975511965976,0.3333333333333333,370,-19.81638610601614,-0.06575841410870498,0.5136717409792058,0.5513290528549807,0.315860763464105
paper_max_T300,A,1.0471975511965976,0.3333333333333333,371,-19.869850832078733,-0.06574129596253697,0.5398952896981545,0.5563401719368359,0.0
paper_max_T300,A,1.0471975511965976,0.3333333333333333,372,-19.923380773442602,-0.0657420870099168,0.513672457400305,0.5513296790578981,0.31586128848941397
paper_max_T300,A,1.0471975511965976,0.3333333333333333,373,-19.976959977973273,-0.06574270003823018,0.5398503922668082,0.5563107887889108,0.0
paper_max_T300,A,1.0471975511965976,0.3333333333333333,374,-20.030551461341588,-0.06575575271213435,0.5135892082008601,0.5512686249987998,0.3157979067055907
paper_max_T300,A,1.0471975511965976,0.3333333333333333,375,-20.08409701655446,-0.06574647838017383,0.5397920396179052,0.5562714528515861,0.0
paper_max_T300,A,1.0471975511965976,0.3333333333333333,376,-20.137595737170344,-0.06574501933852528,0.5135884699451312,0.5512667402116291,0.31579804906977416
paper_max_T300,A,1.0471975511965976,0.3333333333333333,377,-20.191058714115506,-0.06572479027847505,0.5398595003095634,0.5563145312640658,0.0
paper_max_T300,A,1.0471975511965976,0.3333333333333333,378,-20.244550016321185,-0.06572381165753344,0.5137139188684312,0.5513573508909165,0.31589427274208104
paper_max_T300,A,1.0471975511965976,0.3333333333333333,379,-20.298105966355287,-0.06572293413598163,0.5399650875197443,0.5563835616432098,0.0
paper_max_T300,A,1.0471975511965976,0.3333333333333333,380,-20.351735520603043,-0.0657438619982807,0.5137855020410913,0.55140958828905,0.3159488489663159
paper_max_T300,A,1.0471975511965976,0.3333333333333333,381,-20.405392546141464,-0.06575879529089174,0.5399811006119349,0.5563940927257406,0.0
paper_max_T300,A,1.0471975511965976,0.3333333333333333,382,-20.45902770267282,-0.0657795433059315,0.5137843083952407,0.5514085496451907,0.3159480197011826
paper_max_T300,A,1.0471975511965976,0.3333333333333333,383,-20.51259506933986,-0.06578177155761544,0.5400059488684903,0.5564099729385676,0.0
paper_max_T300,A,1.0471975511965976,0.3333333333333333,384,-20.56611413184035,-0.06578253682406837,0.5138720416447607,0.5514718928555624,0.3160153380692746
paper_max_T300,A,1.0471975511965976,0.3333333333333333,385,-20.61962847391662,-0.0657808389490473,0.5401256823697336,0.5564881998086585,0.0
paper_max_T300,A,1.0471975511965976,0.3333333333333333,386,-20.673187985614973,-0.06578401493640312,0.5140108845317951,0.5515732231025763,0.31612122220004385
paper_max_T300,A,1.0471975511965976,0.3333333333333333,387,-20.726816162208635,-0.06580261021965533,0.5402057235573783,0.5565413830188348,0.0
paper_max_T300,A,1.0471975511965976,0.3333333333333333,388,-20.78047667506347,-0.06581969348760225,0.514028260570433,0.5515869400261318,0.3161339213918572
paper_max_T300,A,1.0471975511965976,0.3333333333333333,389,-20.834121597075885,-0.06584186477951609,0.5401723249103715,0.5565204544982937,0.0
paper_max_T300,A,1.0471975511965976,0.3333333333333333,390,-20.88770311824534,-0.06584589291087628,0.5139801484705611,0.551552411705205,0.3160969468178102
paper_max_T300,A,1.0471975511965976,0.3333333333333333,391,-20.941220449297496,-0.06584792995380928,0.540160061941032,0.5565125094872403,0.0
paper_max_T300,A,1.0471975511965976,0.3333333333333333,392,-20.99470309513704,-0.06583196022406168,0.5140124996228044,0.5515759467393281,0.31612164220794925
paper_max_T300,A,1.0471975511965976,0.3333333333333333,393,-21.048209585609875,-0.06583192344441302,0.5402054602537028,0.5565425257322991,0.0
paper_max_T300,A,1.0471975511965976,0.3333333333333333,394,-21.101755934905675,-0.0658238894664131,0.5140345743304024,0.5515928853196878,0.31613803129523255
paper_max_T300,A,1.0471975511965976,0.3333333333333333,395,-21.155349566934063,-0.06583826693895795,0.5401676511334574,0.5565189768037123,0.0
paper_max_T300,A,1.0471975511965976,0.3333333333333333,396,-21.20893991887121,-0.06584022115216931,0.5139253495197933,0.5515144413499915,0.3160540777074573
paper_max_T300,A,1.0471975511965976,0.3333333333333333,397,-21.262493576386994,-0.06584555521839242,0.5400468348814935,0.5564402935782831,0.0
paper_max_T300,A,1.0471975511965976,0.3333333333333333,398,-21.31598666118684,-0.06583180123817267,0.5138107510707707,0.5514308195129404,0.3159666354317794
paper_max_T300,A,1.0471975511965976,0.3333333333333333,399,-21.36943618998346,-0.06581582601787939,0.5399940074776325,0.5564050768385899,0.0
paper_max_T300,A,1.0471975511965976,0.3333333333333333,400,-21.422877751429958,-0.06579282179692159,0.5137998077539798,0.5514224684757894,0.31595846218983686
paper_max_T300,A,1.0471975511965976,0.3333333333333333,401,-21.476356251244454,-0.06578147882501556,0.5399932580188966,0.5564046866225937,0.0
paper_max_T300,A,1.0471975511965976,0.3333333333333333,402,-21.529882333932477,-0.06577649815840297,0.5137653061991398,0.5513977900761536,0.3159319112574288
paper_max_T300,A,1.0471975511965976,0.3333333333333333,403,-21.583444542491122,-0.06577778238667065,0.5399173678848957,0.5563553471809464,0.0
paper_max_T300,A,1.0471975511965976,0.3333333333333333,404,-21.637006161078247,-0.06578187069283092,0.5136475959113467,0.5513119818495166,0.3158420548110633
paper_max_T300,A,1.0471975511965976,0.3333333333333333,405,-21.690525648645917,-0.06577096024379864,0.5398267183596807,0.5562951559223498,0.0
paper_max_T300,A,1.0471975511965976,0.3333333333333333,406,-21.744003019033343,-0.06576179929620896,0.5136031857552741,0.5512785559293216,0.3158086921343268
paper_max_T300,A,1.0471975511965976,0.3333333333333333,407,-21.797452201814878,-0.06573917078437685,0.5398483186329429,0.5563083144697802,0.0
paper_max_T300,A,1.0471975511965976,0.3333333333333333,408,-21.85092558437327,-0.06573205004050997,0.5136712569115862,0.5513274822124861,0.31586104313567887
paper_max_T300,A,1.0471975511965976,0.3333333333333333,409,-21.9044537380466,-0.06572533979323303,0.5399049766631673,0.556345278678273,0.0
paper_max_T300,A,1.0471975511965976,0.3333333333333333,410,-21.958045502687035,-0.06573956985117346,0.51369645622307,0.5513457957157062,0.31588029682705054
paper_max_T300,A,1.0471975511965976,0.3333333333333333,411,-22.011661254971777,-0.06574547282352627,0.5398912317674229,0.5563360441283643,0.0
paper_max_T300,A,1.0471975511965976,0.3333333333333333,412,-22.06526352208226,-0.0657612440454392,0.5136730517465287,0.5513282523309659,0.3158626652266376
paper_max_T300,A,1.0471975511965976,0.3333333333333333,413,-22.11880871042448,-0.0657556141572862,0.5399022766666477,0.556342526801533,0.0
paper_max_T300,A,1.0471975511965976,0.3333333333333333,414,-22.172317782701768,-0.06575637306376375,0.5137478309803113,0.5513818984269379,0.3159202236811409
paper_max_T300,A,1.0471975511965976,0.3333333333333333,415,-22.225823270395452,-0.06574901740513178,0.5400122340372232,0.5564141147372478,0.0
paper_max_T300,A,1.0471975511965976,0.3333333333333333,416,-22.279375981597546,-0.06575522710884968,0.513881505164935,0.5514791284965522,0.31602235922857114
paper_max_T300,A,1.0471975511965976,0.3333333333333333,417,-22.332992663165328,-0.06576811791957221,0.540097446444022,0.556470237957017,0.0
paper_max_T300,A,1.0471975511965976,0.3333333333333333,418,-22.38664819375471,-0.06578867163026991,0.5139199340867634,0.5515076152942417,0.31605141874280585
paper_max_T300,A,1.0471975511965976,0.3333333333333333,419,-22.440292108123984,-0.06580654607215292,0.5400945293545659,0.5564687438984615,0.0
paper_max_T300,A,1.0471975511965976,0.3333333333333333,420,-22.493884881386606,-0.06581625559880028,0.5139151274061411,0.551504262794281,0.31604769504386143
paper_max_T300,A,1.0471975511965976,0.3333333333333333,421,-22.547419049754915,-0.06581875670439752,0.5401217246489998,0.5564865185439521,0.0
paper_max_T300,A,1.0471975511965976,0.3333333333333333,422,-22.60092661477408,-0.0658114761982394,0.5139894313136834,0.55155827509408,0.31610448700231053
paper_max_T300,A,1.0471975511965976,0.3333333333333333,423,-22.654459063137146,-0.06581529586655444,0.540201325422473,0.5565388805456107,0.0
paper_max_T300,A,1.0471975511965976,0.3333333333333333,424,-22.708034027149914,-0.06581517200347231,0.5140505966840176,0.5516035001109512,0.31615081323869865
paper_max_T300,A,1.0471975511965976,0.3333333333333333,425,-22.761653662108685,-0.06583375968752547,0.540201141297695,0.5565397725651438,0.0
paper_max_T300,A,1.0471975511965976,0.3333333333333333,426,-22.81526807826762,-0.06584072064984103,0.5139882678941654,0.551559120055429,0.31610270683168684
paper_max_T300,A,1.0471975511965976,0.3333333333333333,427,-22.868844220926377,-0.0658517473101074,0.5401218272911418,0.5564884284851884,0.0
paper_max_T300,A,1.0471975511965976,0.3333333333333333,428,-22.922359593071498,-0.06584214895914614,0.5139142682442234,0.5515053615146911,0.3160461298443952
paper_max_T300,A,1.0471975511965976,0.3333333333333333,429,-22.975836216888368,-0.06583458092853267,0.5400943247303878,0.5564702078938467,0.0
paper_max_T300,A,1.0471975511965976,0.3333333333333333,430,-23.029305285645364,-0.06581477771889976,0.5139180288899222,0.5515080594994297,0.3160489987492103
paper_max_T300,A,1.0471975511965976,0.3333333333333333,431,-23.082810791160043,-0.06581125819855427,0.5400969110731065,0.5564722425597327,0.0
paper_max_T300,A,1.0471975511965976,0.3333333333333333,432,-23.136352134962237,-0.06580536312218155,0.5138809891865517,0.5514817811207046,0.31602036705888337
paper_max_T300,A,1.0471975511965976,0.3333333333333333,433,-23.18991954590301,-0.06581125881524935,0.5400167430200329,0.5564204010499196,0.0
paper_max_T300,A,1.0471975511965976,0.3333333333333333,434,-23.243473351884745,-0.06581062498912671,0.5137557110520535,0.551390837276353,0.31592455141047565
paper_max_T300,A,1.0471975511965976,0.3333333333333333,435,-23.296985676772536,-0.06580289891292634,0.5399143044638421,0.5563529190606823,0.0
paper_max_T300,A,1.0471975511965976,0.3333333333333333,436,-23.350455993051114,-0.06578856199225336,0.51368731747726,0.5513403515765468,0.3158726554309522
paper_max_T300,A,1.0471975511965976,0.3333333333333333,437,-23.40390466778789,-0.06576830148620894,0.5399043006557185,0.5563456633742537,0.0
paper_max_T300,A,1.0471975511965976,0.3333333333333333,438,-23.45737190127018,-0.0657556011672073,0.5137098119614302,0.5513563491679317,0.3158900516208622
paper_max_T300,A,1.0471975511965976,0.3333333333333333,439,-23.510885525743063,-0.06574758912893758,0.5399177459206249,0.5563544849536276,0.0
paper_max_T300,A,1.0471975511965976,0.3333333333333333,440,-23.564448393668975,-0.06575416134267287,0.5136884843462058,0.5513408976763445,0.3158737299765001
paper_max_T300,A,1.0471975511965976,0.3333333333333333,441,-23.61802907969141,-0.06575484689902822,0.539868235326926,0.5563218684925505,0.0
paper_max_T300,A,1.0471975511965976,0.3333333333333333,442,-23.671597205493114,-0.06576313688635593,0.5136296237971182,0.5512975193576509,0.31582902736245877
paper_max_T300,A,1.0471975511965976,0.3333333333333333,443,-23.72511705624217,-0.06575173536503143,0.5398496231771611,0.5563088270272476,0.0
paper_max_T300,A,1.0471975511965976,0.3333333333333333,444,-23.778608711204868,-0.06574837338589778,0.5136698631722365,0.5513259427792913,0.3158602327723704
paper_max_T300,A,1.0471975511965976,0.3333333333333333,445,-23.83209799122622,-0.06573542182967512,0.5399287289918451,0.5563600910418606,0.0
paper_max_T300,A,1.0471975511965976,0.3333333333333333,446,-23.88563219971391,-0.06573979674876185,0.5137723117880398,0.551400261819076,0.3159386288488031
paper_max_T300,A,1.0471975511965976,0.3333333333333333,447,-23.93922374083131,-0.06574552131716149,0.5399945146116268,0.5564032177014728,0.0
paper_max_T300,A,1.0471975511965976,0.3333333333333333,448,-23.99285677832495,-0.06576497419911681,0.5138021389923385,0.551422091495465,0.31596132611727396
paper_max_T300,A,1.0471975511965976,0.3333333333333333,449,-24.046482127526943,-0.06577572488691097,0.5399954411457054,0.5564037964255454,0.0
paper_max_T300,A,1.0471975511965976,0.3333333333333333,450,-24.10006910373093,-0.06578714256190621,0.5138113923290992,0.551428607449487,0.3159685202072558
paper_max_T300,A,1.0471975511965976,0.3333333333333333,451,-24.153603936084437,-0.06578587922899826,0.5400388243993927,0.5564319201584248,0.0
paper_max_T300,A,1.0471975511965976,0.3333333333333333,452,-24.20712051402252,-0.06578416964682776,0.5139056113884339,0.5514969223336343,0.31604063973124596
paper_max_T300,A,1.0471975511965976,0.3333333333333333,453,-24.26066144171378,-0.06578697718431092,0.5401374852026601,0.5564965881831787,0.0
paper_max_T300,A,1.0471975511965976,0.3333333333333333,454,-24.314249072251854,-0.0657932948997158,0.5139935641649054,0.551561357561872,0.31610758039715514
paper_max_T300,A,1.0471975511965976,0.3333333333333333,455,-24.367880504535265,-0.06581166856958404,0.5401678959612614,0.5565171769012822,0.0
paper_max_T300,A,1.0471975511965976,0.3333333333333333,456,-24.421511563634468,-0.0658241962870092,0.5139745474238684,0.5515482222527005,0.31609269082298935
paper_max_T300,A,1.0471975511965976,0.3333333333333333,457,-24.475105849903457,-0.06583731153322725,0.5401309207329591,0.55649344381225,0.0
paper_max_T300,A,1.0471975511965976,0.3333333333333333,458,-24.52864383291093,-0.06583394762337869,0.5139476039674049,0.5515287544476383,0.31607204815170936
paper_max_T300,A,1.0471975511965976,0.3333333333333333,459,-24.58214639726218,-0.06583214939758092,0.540139400925131,0.5564989659917902,0.0
paper_max_T300,A,1.0471975511965976,0.3333333333333333,460,-24.635644467509124,-0.06581872452480919,0.5139838274344213,0.5515552209209493,0.31609964343003394
paper_max_T300,A,1.0471975511965976,0.3333333333333333,461,-24.689179527315858,-0.06582200224192264,0.5401647675711683,0.5565159994711368,0.0
paper_max_T300,A,1.0471975511965976,0.3333333333333333,462,-24.74274570033181,-0.06581942663306034,0.5139692902568501,0.5515453937863829,0.3160881477129219
paper_max_T300,A,1.0471975511965976,0.3333333333333333,463,-24.796331863366902,-0.06583091023532162,0.5401035130517127,0.5564766760651234,0.0
paper_max_T300,A,1.0471975511965976,0.3333333333333333,464,-24.84989557011457,-0.06583026604810194,0.5138632669728405,0.5514687128181205,0.3160069192109582
paper_max_T300,A,1.0471975511965976,0.3333333333333333,465,-24.903417070398945,-0.06582819930990147,0.5400128784204551,0.5564172983157146,0.0
paper_max_T300,A,1.0471975511965976,0.3333333333333333,466,-24.956895289743628,-0.06581280992170446,0.5137975052015343,0.5514205239798671,0.31595683760152987
paper_max_T300,A,1.0471975511965976,0.3333333333333333,467,-25.01035711475292,-0.06579833279194908,0.539994125188692,0.55640463609942,0.0
paper_max_T300,A,1.0471975511965976,0.3333333333333333,468,-25.063832848445713,-0.06578308745209355,0.5137986475425393,0.5514212634382715,0.3159577609463536
paper_max_T300,A,1.0471975511965976,0.3333333333333333,469,-25.11734906662501,-0.06577801548644552,0.5399829616354764,0.5563975569766945,0.0
paper_max_T300,A,1.0471975511965976,0.3333333333333333,470,-25.170899705711577,-0.06577885247608445,0.5137473049234988,0.5513841841495482,0.3159184055590988
paper_max_T300,A,1.0471975511965976,0.3333333333333333,471,-25.224460675297223,-0.06577890062245295,0.53990755163104,0.5563482009135248,0.0
paper_max_T300,A,1.0471975511965976,0.3333333333333333,472,-25.278004179401847,-0.06578012844947778,0.5136585649239198,0.5513192477799015,0.31585078552699186
paper_max_T300,A,1.0471975511965976,0.3333333333333333,473,-25.33150556173547,-0.06576684944559269,0.5398598861854956,0.5563162611102775,0.0
paper_max_T300,A,1.0471975511965976,0.3333333333333333,474,-25.384982362865742,-0.06575790341503318,0.5136604315758775,0.5513198510153313,0.31585260856103675
paper_max_T300,A,1.0471975511965976,0.3333333333333333,475,-25.438458473668234,-0.06574200856391849,0.5399012871858765,0.5563428662814057,0.0
paper_max_T300,A,1.0471975511965976,0.3333333333333333,476,-25.491973522206152,-0.06574163964161639,0.513719644672407,0.5513626988888685,0.3158979871331712
paper_max_T300,A,1.0471975511965976,0.3333333333333333,477,-25.54553789584112,-0.06574163665700017,0.5399333499934408,0.5563638351935213,0.0
paper_max_T300,A,1.0471975511965976,0.3333333333333333,478,-25.599140490739728,-0.06575634306057554,0.5137202571086285,0.5513630930188047,0.3158984661906581
paper_max_T300,A,1.0471975511965976,0.3333333333333333,479,-25.65273748645029,-0.06575995738476492,0.5399169407737267,0.55635281612737,0.0
paper_max_T300,A,1.0471975511965976,0.3333333333333333,480,-25.70630577468691,-0.06576895484802298,0.5137172199611376,0.5513604243026797,0.315896384748942
paper_max_T300,A,1.0471975511965976,0.3333333333333333,481,-25.75982885724963,-0.06576213109345891,0.5399527955717419,0.5563757877649661,0.0
paper_max_T300,A,1.0471975511965976,0.3333333333333333,482,-25.813340455894902,-0.06576173664141499,0.5138051546530391,0.5514239825328454,0.3159638053344728
paper_max_T300,A,1.0471975511965976,0.3333333333333333,483,-25.866874670859403,-0.06576035136889724,0.5400488122232477,0.556438540926577,0.0
paper_max_T300,A,1.0471975511965976,0.3333333333333333,484,-25.920457913197367,-0.06576961672728654,0.5138971283410104,0.5514910650762858,0.31603397296651947
paper_max_T300,A,1.0471975511965976,0.3333333333333333,485,-25.974083757426413,-0.0657839853194675,0.5400915454108445,0.556466853116159,0.0
paper_max_T300,A,1.0471975511965976,0.3333333333333333,486,-26.027716662808317,-0.06579997577464192,0.5139031655650864,0.5514958130838575,0.31603839391531635
paper_max_T300,A,1.0471975511965976,0.3333333333333333,487,-26.08131668545944,-0.06581112557136753,0.5400836783895137,0.5564619109910226,0.0
paper_max_T300,A,1.0471975511965976,0.3333333333333333,488,-26.134868587642828,-0.06581323476906642,0.5139127558191994,0.5515027894347749,0.31604573846972356
paper_max_T300,A,1.0471975511965976,0.3333333333333333,489,-26.188387894882638,-0.06581318684642112,0.5401234396043227,0.5564878975088918,0.0
paper_max_T300,A,1.0471975511965976,0.3333333333333333,490,-26.241907578697507,-0.06580672485766348,0.513981824316945,0.5515531237480127,0.31609845219741745
paper_max_T300,A,1.0471975511965976,0.3333333333333333,491,-26.29546467754095,-0.06581360491548838,0.5401764225053808,0.556522947929848,0.0
paper_max_T300,A,1.0471975511965976,0.3333333333333333,492,-26.349053916850522,-0.06581650831360908,0.5139997619770079,0.5515668311084059,0.316111804986313
paper_max_T300,A,1.0471975511965976,0.3333333333333333,493,-26.402660775333075,-0.06583185355802035,0.5401458848815394,0.5565036783131992,0.0
paper_max_T300,A,1.0471975511965976,0.3333333333333333,494,-26.456242599716546,-0.06583462916171445,0.5139295236945184,0.5515162495647162,0.3160578846954201
paper_max_T300,A,1.0471975511965976,0.3333333333333333,495,-26.509781810350376,-0.0658379131391309,0.5400840375411854,0.5564633585249853,0.0
paper_max_T300,A,1.0471975511965976,0.3333333333333333,496,-26.563277781876778,-0.06582535847783405,0.5138885090008574,0.5514863235332506,0.3160265840738137
paper_max_T300,A,1.0471975511965976,0.3333333333333333,497,-26.616761208557733,-0.06581764614592234,0.5400779960059082,0.5564592741736377,0.0
paper_max_T300,A,1.0471975511965976,0.3333333333333333,498,-26.67025657975931,-0.0658037072417621,0.5138940497996662,0.551490477332961,0.3160307447538299
paper_max_T300,A,1.0471975511965976,0.3333333333333333,499,-26.72378922905675,-0.06580398966747769,0.5400648273565497,0.5564510482429861,0.0
paper_max_T300,A,1.0471975511965976,0.3333333333333333,500,-26.777344765355977,-0.0658026775403705,0.5138368635473777,0.5514493438437047,0.3159868211529826
paper_max_T300,A,1.0471975511965976,0.3333333333333333,501,-26.830903624080705,-0.06580566939753146,0.5399825430771745,0.5563974405856955,0.0
paper_max_T300,A,1.0471975511965976,0.3333333333333333,502,-26.884437643478634,-0.06580254957684095,0.513736693365632,0.5513763571569621,0.3159103383319469
paper_max_T300,A,1.0471975511965976,0.3333333333333333,503,-26.937933082732968,-0.06579132375039232,0.5399192902232944,0.5563555504583756,0.0
paper_max_T300,A,1.0471975511965976,0.3333333333333333,504,-26.991404540805178,-0.0657780004491837,0.5137121531531131,0.551357970018534,0.3158918598934446
paper_max_T300,A,1.0471975511965976,0.3333333333333333,505,-27.04487753167875,-0.06576287412710119,0.539930493037201,0.5563625289327114,0.0
paper_max_T300,A,1.0471975511965976,0.3333333333333333,506,-27.098381825367227,-0.06575747978994745,0.5137324804674873,0.5513726465496933,0.3159074650487208
paper_max_T300,A,1.0471975511965976,0.3333333333333333,507,-27.151927319776618,-0.06575503350511869,0.5399285651551469,0.5563613212749302,0.0
paper_max_T300,A,1.0471975511965976,0.3333333333333333,508,-27.205502557276702,-0.06576351010898518,0.5136983482149812,0.5513477817942158,0.3158813984950153
paper_max_T300,A,1.0471975511965976,0.3333333333333333,509,-27.25907171906087,-0.06576235061345748,0.5398857246160595,0.5563329656326029,0.0
paper_max_T300,A,1.0471975511965976,0.3333333333333333,510,-27.312616817561036,-0.06576625299283634,0.5136684320761506,0.5513254943130217,0.315858805817513
paper_max_T300,A,1.0471975511965976,0.3333333333333333,511,-27.36612337779664,-0.06575471074551409,0.5398985580799028,0.5563407653161351,0.0
paper_max_T300,A,1.0471975511965976,0.3333333333333333,512,-27.419622522950448,-0.06575197262755816,0.513730294675972,0.5513699955862916,0.31590635119642585
paper_max_T300,A,1.0471975511965976,0.3333333333333333,513,-27.473142030727587,-0.06574572156136982,0.5399732269782522,0.5563894312504252,0.0
paper_max_T300,A,1.0471975511965976,0.3333333333333333,514,-27.526709051899303,-0.06575405151593472,0.5138038207567194,0.5514234731251084,0.3159625315823324
paper_max_T300,A,1.0471975511965976,0.3333333333333333,515,-27.580315839415007,-0.06576259203569823,0.5400077602242117,0.5564121257115049,0.0
paper_max_T300,A,1.0471975511965976,0.3333333333333333,516,-27.63393553542147,-0.06577860037571309,0.5138112833933187,0.5514289638980384,0.31596818928616754
paper_max_T300,A,1.0471975511965976,0.3333333333333333,517,-27.68752722630846,-0.06578492665336466,0.5400088297562474,0.5564127488587935,0.0
paper_max_T300,A,1.0471975511965976,0.3333333333333333,518,-27.74108035054904,-0.06578971520778676,0.5138365195143588,0.5514471169188041,0.3159875928134158
paper_max_T300,A,1.0471975511965976,0.3333333333333333,519,-27.794603845705907,-0.06578771955505802,0.5400642093063823,0.5564488329975349,0.0
paper_max_T300,A,1.0471975511965976,0.3333333333333333,520,-27.848132795684037,-0.0657863909549723,0.5139245966009678,0.5515111506879149,0.3160549083967925
paper_max_T300,A,1.0471975511965976,0.3333333333333333,521,-27.90169856633429,-0.06579304793730384,0.5401361520946764,0.5564961453166571,0.0
paper_max_T300,A,1.0471975511965976,0.3333333333333333,522,-27.955300346354747,-0.06580107053129175,0.5139691474589215,0.5515440172861645,0.31608869524942274
paper_max_T300,A,1.0471975511965976,0.3333333333333333,523,-28.008919841544312,-0.06581702425063352,0.5401343634267303,0.5564954993650764,0.0
paper_max_T300,A,1.0471975511965976,0.3333333333333333,524,-28.062517547872773,-0.06582437110297562,0.5139362952915063,0.5515205270306075,0.3160633914305041
paper_max_T300,A,1.0471975511965976,0.3333333333333333,525,-28.116073661748715,-0.06583054909654029,0.5401061575966075,0.5564772263756943,0.0
paper_max_T300,A,1.0471975511965976,0.3333333333333333,526,-28.169589263899837,-0.06582305502923486,0.5139299152020498,0.5515158907967488,0.31605851413916297
paper_max_T300,A,1.0471975511965976,0.3333333333333333,527,-28.223094896878763,-0.06582065758785871,0.5401251477752179,0.5564896601759339,0.0
paper_max_T300,A,1.0471975511965976,0.3333333333333333,528,-28.27661356496678,-0.06581104750955818,0.5139575102196317,0.5515361834939585,0.3160794709606314
paper_max_T300,A,1.0471975511965976,0.3333333333333333,529,-28.33016846108586,-0.06581666778927525,0.5401277102073632,0.5564917928885975,0.0
paper_max_T300,A,1.0471975511965976,0.3333333333333333,530,-28.383740205491833,-0.06581684126679843,0.5139160640451734,0.5515065960524185,0.3160475180531108
paper_max_T300,A,1.0471975511965976,0.3333333333333333,531,-28.437310246058942,-0.06582424693325295,0.5400578951495166,0.5564465143139714,0.0
paper_max_T300,A,1.0471975511965976,0.3333333333333333,532,-28.490849205774353,-0.06582042352857431,0.513826288661854,0.5514413977414189,0.3159788677000672
paper_max_T300,A,1.0471975511965976,0.3333333333333333,533,-28.544351214611808,-0.06581373907173005,0.539997822181569,0.5564069737990687,0.0
paper_max_T300,A,1.0471975511965976,0.3333333333333333,534,-28.597828763682728,-0.06579896869049456,0.513795782390438,0.5514189177895407,0.31595569723013933
paper_max_T300,A,1.0471975511965976,0.3333333333333333,535,-28.65131038589564,-0.06578774539865584,0.5399955552742474,0.5564053223074058,0.0
paper_max_T300,A,1.0471975511965976,0.3333333333333333,536,-28.704816507823836,-0.06577928112238857,0.5137938134102802,0.5514175464250572,0.31595417018681743
paper_max_T300,A,1.0471975511965976,0.3333333333333333,537,-28.758356939152435,-0.06577797551425263,0.5399713206790283,0.5563896609805715,0.0
paper_max_T300,A,1.0471975511965976,0.3333333333333333,538,-28.811916154236755,-0.06578112897886473,0.5137339974412265,0.5513741358194264,0.31590841586007123
paper_max_T300,A,1.0471975511965976,0.3333333333333333,539,-28.865466619759555,-0.06577869075401455,0.539906184312499,0.556346835352822,0.0
paper_max_T300,A,1.0471975511965976,0.3333333333333333,540,-28.918992803073063,-0.06577707135757871,0.5136775268843786,0.5513326249941405,0.3158654820270582
paper_max_T300,A,1.0471975511965976,0.3333333333333333,541,-28.97248611939857,-0.06576350375410911,0.5398929732623298,0.556337627916912,0.0
paper_max_T300,A,1.0471975511965976,0.3333333333333333,542,-29.025973351415843,-0.06575659298330394,0.5137063624523476,0.5513531330282665,0.3158877688787268
paper_max_T300,A,1.0471975511965976,0.3333333333333333,543,-29.07947892310653,-0.06574708904354154,0.5399373728603407,0.5563664710051806,0.0
paper_max_T300,A,1.0471975511965976,0.3333333333333333,544,-29.133026569106917,-0.06575171895121357,0.5137480122280529,0.5513833673314746,0.3159196308105953
paper_max_T300,A,1.0471975511965976,0.3333333333333333,545,-29.18660922984878,-0.06575495943496579,0.5399491889402396,0.5563741874341375,0.0
paper_max_T300,A,1.0471975511965976,0.3333333333333333,546,-29.240206328314585,-0.06576777730203376,0.5137376182057476,0.5513757026170991,0.31591173069995254
paper_max_T300,A,1.0471975511965976,0.3333333333333333,547,-29.293779774925245,-0.0657685374873237,0.5399406074104689,0.5563682949916199,0.0
paper_max_T300,A,1.0471975511965976,0.3333333333333333,548,-29.347322997862634,-0.0657725907916753,0.5137566089655875,0.5513891443331009,0.31592644374803747
paper_max_T300,A,1.0471975511965976,0.3333333333333333,549,-29.400839957719242,-0.06576657861621754,0.5399926697288443,0.5564020666924455,0.0
paper_max_T300,A,1.0471975511965976,0.3333333333333333,550,-29.45436607604593,-0.06576718575242574,0.5138434324298419,0.5514521249686876,0.31599288363798445
paper_max_T300,A,1.0471975511965976,0.3333333333333333,551,-29.507927043422196,-0.0657706835081956,0.5400672264859339,0.5564509293744041,0.0
paper_max_T300,A,1.0471975511965976,0.3333333333333333,552,-29.561527414478284,-0.0657815005973692,0.5138980067504868,0.5514920593296477,0.31603444691575877
paper_max_T300,A,1.0471975511965976,0.3333333333333333,553,-29.61514637739733,-0.06579481153314831,0.5400815039807811,0.5564605528056975,0.0
paper_max_T300,A,1.0471975511965976,0.3333333333333333,554,-29.6687501919163,-0.06580559544275522,0.5138908802579905,0.5514870801323907,0.31602889884289476
paper_max_T300,A,1.0471975511965976,0.3333333333333333,555,-29.722315158817164,-0.06581137451692559,0.5400795787793724,0.5564593670234504,0.0
paper_max_T300,A,1.0471975511965976,0.3333333333333333,556,-29.77584488577085,-0.06580892919433284,0.5139148923902832,0.551504506872228,0.31604727453344816
paper_max_T300,A,1.0471975511965976,0.3333333333333333,557,-29.82936625228282,-0.06580887227357352,0.5401236670526243,0.5564882366507659,0.0
paper_max_T300,A,1.0471975511965976,0.3333333333333333,558,-29.882903886400943,-0.06580472744163657,0.5139689937310205,0.5515440564904908,0.31608849839446884
paper_max_T300,A,1.0471975511965976,0.3333333333333333,559,-29.936477788304053,-0.0658136325543196,0.5401491552595803,0.5565053254375893,0.0
paper_max_T300,A,1.0471975511965976,0.3333333333333333,560,-29.990068056669,-0.0658176045596236,0.5139546477330542,0.5515341500574708,0.3160772618271266
paper_max_T300,A,1.0471975511965976,0.3333333333333333,561,-30.043654284764976,-0.06582862000940848,0.5401039881543771,0.5564762128891991,0.0
paper_max_T300,A,1.0471975511965976,0.3333333333333333,562,-30.097206843659325,-0.06582717208961697,0.5138913555082127,0.5514883289591386,0.3160287935961219
paper_max_T300,A,1.0471975511965976,0.3333333333333333,563,-30.150723206448365,-0.0658253691960774,0.5400629467524168,0.5564493204281058,0.0
paper_max_T300,A,1.0471975511965976,0.3333333333333333,564,-30.204215321380147,-0.0658123839276058,0.5138745716003209,0.5514760212589901,0.31601600997204976
paper_max_T300,A,1.0471975511965976,0.3333333333333333,565,-30.25771397619216,-0.0658064765907802,0.5400654324770782,0.5564509399091746,0.0
paper_max_T300,A,1.0471975511965976,0.3333333333333333,566,-30.311233062257273,-0.06579799100879163,0.5138711050772103,0.5514737063931683,0.3160132543924098
paper_max_T300,A,1.0471975511965976,0.3333333333333333,567,-30.36478172539856,-0.06580030427407124,0.5400363297971241,0.5564322285155145,0.0
paper_max_T300,A,1.0471975511965976,0.3333333333333333,568,-30.418339122932082,-0.06580073103506456,0.513803449065108,0.5514247541872275,0.31596142976741465
paper_max_T300,A,1.0471975511965976,0.3333333333333333,569,-30.471884035005424,-0.06580017187213832,0.5399623768014752,0.5563838210740389,0.0
paper_max_T300,A,1.0471975511965976,0.3333333333333333,570,-30.5254014054258,-0.0657946794134181,0.5137328516551898,0.5513731478029001,0.31590760932649325
paper_max_T300,A,1.0471975511965976,0.3333333333333333,571,-30.578890152733468,-0.06578229004378955,0.5399315544269241,0.5563632312649514,0.0
paper_max_T300,A,1.0471975511965976,0.3333333333333333,572,-30.632372330632712,-0.06577157231492303,0.5137351618877115,0.551374486925905,0.31590955459328474
paper_max_T300,A,1.0471975511965976,0.3333333333333333,573,-30.685871635096373,-0.06576169154323791,0.5399485664164219,0.5563742261823109,0.0
paper_max_T300,A,1.0471975511965976,0.3333333333333333,574,-30.739405195909097,-0.06576183059391416,0.5137444684507931,0.5513812510769743,0.3159166777939818
paper_max_T300,A,1.0471975511965976,0.3333333333333333,575,-30.7929677451459,-0.06576209495327384,0.5399338303261242,0.5563645873602728,0.0
paper_max_T300,A,1.0471975511965976,0.3333333333333333,576,-30.846541368059416,-0.0657699777495957,0.5137078466605774,0.5513544868763335,0.3158887516606498
paper_max_T300,A,1.0471975511965976,0.3333333333333333,577,-30.90009408078041,-0.06576652383586201,0.5399052168601159,0.5563455200291128,0.0
paper_max_T300,A,1.0471975511965976,0.3333333333333333,578,-30.953621902479426,-0.06576721999619534,0.5137059872031078,0.5513526946781303,0.31588756120414163
paper_max_T300,A,1.0471975511965976,0.3333333333333333,579,-31.00712714443516,-0.06575725229520235,0.5399394439016117,0.5563675352080739,0.0
paper_max_T300,A,1.0471975511965976,0.3333333333333333,580,-31.060642967614676,-0.06575662674474247,0.5137737738858127,0.5514017424942317,0.31593950358472156
paper_max_T300,A,1.0471975511965976,0.3333333333333333,581,-31.11419051720604,-0.06575587227379875,0.5400002637853646,0.5564072968242143,0.0
paper_max_T300,A,1.0471975511965976,0.3333333333333333,582,-31.167777893559013,-0.06576639231188092,0.5138192899449102,0.5514349181705959,0.31597423887682285
paper_max_T300,A,1.0471975511965976,0.3333333333333333,583,-31.221383991033075,-0.06577508868683224,0.5400137610142375,0.5564161992295817,0.0
paper_max_T300,A,1.0471975511965976,0.3333333333333333,584,-31.274981753764216,-0.06578672523162654,0.5138193445827305,0.5514349549334298,0.3159742800738886
paper_max_T300,A,1.0471975511965976,0.3333333333333333,585,-31.328544686478658,-0.06578938702994797,0.5400230623688528,0.5564221898727997,0.0
paper_max_T300,A,1.0471975511965976,0.3333333333333333,586,-31.38207892230961,-0.06579009023592564,0.5138590736872339,0.551463695950205,0.31600472993838746
paper_max_T300,A,1.0471975511965976,0.3333333333333333,587,-31.435605844609707,-0.06578921541865701,0.5400819959349268,0.5564607013302277,0.0
paper_max_T300,A,1.0471975511965976,0.3333333333333333,588,-31.489152735563128,-0.06578960762251584,0.5139315012113098,0.5515164741583413,0.3160600152313553
paper_max_T300,A,1.0471975511965976,0.3333333333333333,589,-31.542735836958713,-0.06579880259907345,0.5401261619102183,0.5564898900105862,0.0
paper_max_T300,A,1.0471975511965976,0.3333333333333333,590,-31.596338545519906,-0.06580689868466993,0.5139427421589439,0.551525047368641,0.3160683926487772
paper_max_T300,A,1.0471975511965976,0.3333333333333333,591,-31.64993733353488,-0.0658191479641611,0.5401070314365347,0.5564777274342603,0.0
paper_max_T300,A,1.0471975511965976,0.3333333333333333,592,-31.703504235727976,-0.06582153132012447,0.5139107886914168,0.5515020060477895,0.31604388046221843
paper_max_T300,A,1.0471975511965976,0.3333333333333333,593,-31.757035818265457,-0.06582300814975295,0.5400921521908517,0.5564680308413494,0.0
paper_max_T300,A,1.0471975511965976,0.3333333333333333,594,-31.810545041418848,-0.06581403359222238,0.5139191701099909,0.5515080925856093,0.3160502840204491
paper_max_T300,A,1.0471975511965976,0.3333333333333333,595,-31.864062786418586,-0.06581281951103846,0.5401119985200394,0.5564810997963064,0.0
paper_max_T300,A,1.0471975511965976,0.3333333333333333,596,-31.91760029819585,-0.06580708571311061,0.5139308061783857,0.5515168318252534,0.31605902616658865
paper_max_T300,A,1.0471975511965976,0.3333333333333333,597,-31.971165015387143,-0.06581361532521457,0.5400937952801421,0.5564695878390323,0.0
paper_max_T300,A,1.0471975511965976,0.3333333333333333,598,-32.024732025516776,-0.06581437115386735,0.513873736653946,0.5514756863320083,0.31601523560387734
paper_max_T300,A,1.0471975511965976,0.3333333333333333,599,-32.07828312652148,-0.06581738690209327,0.5400270947172005,0.5564260896565124,0.0
paper_max_T300,A,1.0471975511965976,0.3333333333333333,600,-32.131802936421145,-0.06581081640285164,0.5138066833216957,0.5514268403842415,0.3159640325298587
paper_max_T300,A,1.0471975511965976,0.3333333333333333,601,-32.18529691463973,-0.06580199641477602,0.5399934320300478,0.5564038209725013,0.0
paper_max_T300,A,1.0471975511965976,0.3333333333333333,602,-32.2387834108753,-0.06578952474259048,0.5137979037423464,0.5514202738768572,0.3159574136126606
paper_max_T300,A,1.0471975511965976,0.3333333333333333,603,-32.292286865691736,-0.06578207425512062,0.539994993259266,0.5564048224761883,0.0
paper_max_T300,A,1.0471975511965976,0.3333333333333333,604,-32.345816749326914,-0.06577889312008167,0.5137857732777613,0.5514115598259975,0.31594809616007247
paper_max_T300,A,1.0471975511965976,0.3333333333333333,605,-32.39936949476339,-0.06577915298557346,0.5399604870056307,0.5563823484626524,0.0
paper_max_T300,A,1.0471975511965976,0.3333333333333333,606,-32.45292648877569,-0.06578230304168514,0.5137269450013322,0.5513687295282625,0.31590316182885303
paper_max_T300,A,1.0471975511965976,0.3333333333333333,607,-32.50646334388415,-0.0657772709512896,0.5399122397086462,0.5563504915615516,0.0
paper_max_T300,A,1.0471975511965976,0.3333333333333333,608,-32.55997716435577,-0.06577367939533824,0.5137012486760167,0.5513496418058348,0.3158837295650656
paper_max_T300,A,1.0471975511965976,0.3333333333333333,609,-32.61347211048711,-0.06576157617919098,0.539923405778783,0.556357419047814,0.0
paper_max_T300,A,1.0471975511965976,0.3333333333333333,610,-32.666976847476874,-0.06575776089625507,0.5137412911187756,0.5513785083790094,0.3159144718269635
paper_max_T300,A,1.0471975511965976,0.3333333333333333,611,-32.72050969811674,-0.0657536255599398,0.5399606166886516,0.5563816988122845,0.0
paper_max_T300,A,1.0471975511965976,0.3333333333333333,612,-32.77407892948773,-0.06576129648803558,0.5137640672655658,0.5513950691215299,0.3159318761766888
paper_max_T300,A,1.0471975511965976,0.3333333333333333,613,-32.82766536967534,-0.06576528301001355,0.5399594503701317,0.556380887106144,0.0
paper_max_T300,A,1.0471975511965976,0.3333333333333333,614,-32.88124773002818,-0.06577498608417398,0.5137539130591009,0.5513875402902184,0.3159241857245067
paper_max_T300,A,1.0471975511965976,0.3333333333333333,615,-32.93479965536522,-0.06577336520997135,0.5399640080361187,0.5563836268749836,0.0
paper_max_T300,A,1.0471975511965976,0.3333333333333333,616,-32.98832901384685,-0.06577443802821115,0.5137913515246606,0.5514144984845558,0.31595294522772366
paper_max_T300,A,1.0471975511965976,0.3333333333333333,617,-33.041851946949926,-0.06577061817381824,0.5400227420360668,0.5564219107814273,0.0
paper_max_T300,A,1.0471975511965976,0.3333333333333333,618,-33.09539733379901,-0.06577318832985818,0.513866506550714,0.5514691419494813,0.3160103830027068
paper_max_T300,A,1.0471975511965976,0.3333333333333333,619,-33.148977874109946,-0.06578002454362081,0.5400734068796872,0.5564552095411408,0.0
paper_max_T300,A,1.0471975511965976,0.3333333333333333,620,-33.202582158011815,-0.06579076431713377,0.5138915319747056,0.5514875697165474,0.3160293800050268
paper_max_T300,A,1.0471975511965976,0.3333333333333333,621,-33.25618412279807,-0.06580148350530579,0.5400719094809355,0.5564544255937286,0.0
paper_max_T300,A,1.0471975511965976,0.3333333333333333,622,-33.30975930778398,-0.06580723656110404,0.5138841422884702,0.5514822867139714,0.31602369250614526
paper_max_T300,A,1.0471975511965976,0.3333333333333333,623,-33.363300822568405,-0.06580935752005468,0.5400799833203273,0.5564597156491603,0.0
paper_max_T300,A,1.0471975511965976,0.3333333333333333,624,-33.41682352612435,-0.0658048819874596,0.5139176325101569,0.5515066264479996,0.3160492933798448
paper_max_T300,A,1.0471975511965976,0.3333333333333333,625,-33.47035595958255,-0.06580621154364474,0.540120230613744,0.556486140471527,0.0
paper_max_T300,A,1.0471975511965976,0.3333333333333333,626,-33.52391021535647,-0.0658046699411649,0.5139511567419641,0.5515312666137894,0.31607476804908136
paper_max_T300,A,1.0471975511965976,0.3333333333333333,627,-33.57749113530941,-0.06581418269127759,0.5401212966395446,0.556487215959003,0.0
paper_max_T300,A,1.0471975511965976,0.3333333333333333,628,-33.63107260457359,-0.06581755492025804,0.5139164689666922,0.5515064135024753,0.3160480704845636
paper_max_T300,A,1.0471975511965976,0.3333333333333333,629,-33.684636141760805,-0.0658239673282025,0.540073789993407,0.5564563571573983,0.0
paper_max_T300,A,1.0471975511965976,0.3333333333333333,630,-33.738166379499454,-0.06581902902243941,0.5138680760946335,0.5514712595635436,0.3160110692365629
paper_max_T300,A,1.0471975511965976,0.3333333333333333,631,-33.79167245794131,-0.06581453812860194,0.5400516505524425,0.5564417791058668,0.0
paper_max_T300,A,1.0471975511965976,0.3333333333333333,632,-33.845170957894496,-0.06580298543015006,0.513865325500175,0.5514692139751061,0.3160089833797971
paper_max_T300,A,1.0471975511965976,0.3333333333333333,633,-33.89868713749364,-0.06579959803239127,0.5400529482472523,0.5564427159781373,0.0
paper_max_T300,A,1.0471975511965976,0.3333333333333333,634,-33.95222409169313,-0.065795477304183,0.5138483317226554,0.5514570729767976,0.31599588845980625
paper_max_T300,A,1.0471975511965976,0.3333333333333333,635,-34.00577887580822,-0.06579812240042127,0.5400119738452516,0.5564161265392376,0.0
paper_max_T300,A,1.0471975511965976,0.3333333333333333,636,-34.059330222627594,-0.06579835735666867,0.5137802872842626,0.5514076679086944,0.31594384944330933
paper_max_T300,A,1.0471975511965976,0.3333333333333333,637,-34.11286060923811,-0.06579448194978155,0.5399534098452078,0.5563776502941287,0.0
paper_max_T300,A,1.0471975511965976,0.3333333333333333,638,-34.16636717343185,-0.06578748789334127,0.5137387106196766,0.5513771480120605,0.31591221839543854
paper_max_T300,A,1.0471975511965976,0.3333333333333333,639,-34.21985823833792,-0.06577584720338497,0.5399462325392006,0.5563726544293855,0.0
paper_max_T300,A,1.0471975511965976,0.3333333333333333,640,-34.273357003285355,-0.06576865345149024,0.513753552113189,0.5513877571258291,0.31592366214550216
paper_max_T300,A,1.0471975511965976,0.3333333333333333,641,-34.32688059326911,-0.06576333412365276,0.5399594968914907,0.5563813051784419,0.0
paper_max_T300,A,1.0471975511965976,0.3333333333333333,642,-34.380434055549216,-0.0657670569025367,0.5137499798757399,0.5513851728277821,0.31592092775513314
paper_max_T300,A,1.0471975511965976,0.3333333333333333,643,-34.434001513467166,-0.06576790752256634,0.5399377203057114,0.55636699388717,0.0
paper_max_T300,A,1.0471975511965976,0.3333333333333333,644,-34.48756526464881,-0.06577382966195844,0.5137198494153302,0.5513630742937916,0.3158979926795762
paper_max_T300,A,1.0471975511965976,0.3333333333333333,645,-34.541102409845394,-0.06576855792133052,0.5399268321554004,0.5563595567824052,0.0
paper_max_T300,A,1.0471975511965976,0.3333333333333333,646,-34.59462135350266,-0.06576754325696355,0.5137410301687377,0.5513781467608004,0.3159143571641502
paper_max_T300,A,1.0471975511965976,0.3333333333333333,647,-34.64813491245478,-0.06576033651520768,0.5399720859427718,0.556388951690524,0.0
paper_max_T300,A,1.0471975511965976,0.3333333333333333,648,-34.70167116812733,-0.06576238855992433,0.5138031615160369,0.5514232346880502,0.31596189152742626
paper_max_T300,A,1.0471975511965976,0.3333333333333333,649,-34.7552401707015,-0.06576553797607998,0.5400151430505662,0.5564171622198885,0.0
paper_max_T300,A,1.0471975511965976,0.3333333333333333,650,-34.80883528246869,-0.06577647724931379,0.513826001566946,0.551439924719425,0.31597929612613884
paper_max_T300,A,1.0471975511965976,0.3333333333333333,651,-34.862429875342244,-0.06578367251708733,0.5400176802919266,0.5564188544991833,0.0
paper_max_T300,A,1.0471975511965976,0.3333333333333333,652,-34.9160039670261,-0.06579089037768326,0.5138288941973024,0.5514419809148898,0.3159815349306958
paper_max_T300,A,1.0471975511965976,0.3333333333333333,653,-34.9695469785961,-0.06579115944423092,0.5400377367187456,0.5564318890449642,0.0
paper_max_T300,A,1.0471975511965976,0.3333333333333333,654,-35.02307556629266,-0.06578997243987428,0.5138775403069722,0.5514772716188041,0.31601875956067416
paper_max_T300,A,1.0471975511965976,0.3333333333333333,655,-35.0766142460288,-0.06579119401690903,0.5400920982884927,0.5564674947179895,0.0
paper_max_T300,A,1.0471975511965976,0.3333333333333333,656,-35.13017789258393,-0.06579355722197067,0.5139288164448728,0.5515147398242523,0.3160578433285663
paper_max_T300,A,1.0471975511965976,0.3333333333333333,657,-35.18376848347354,-0.06580373064511369,0.5401112875941987,0.5564803367048605,0.0
paper_max_T300,A,1.0471975511965976,0.3333333333333333,658,-35.23736185657002,-0.0658104728591496,0.5139180067160359,0.5515071795084078,0.3160494267517524
paper_max_T300,A,1.0471975511965976,0.3333333333333333,659,-35.290937131607535,-0.06581858636072957,0.540086609104321,0.5564643965998497,0.0
paper_max_T300,A,1.0471975511965976,0.3333333333333333,660,-35.34447998519309,-0.06581687617862786,0.5138951393339821,0.5514906197336331,0.31603191941787434
paper_max_T300,A,1.0471975511965976,0.3333333333333333,661,-35.39799976554458,-0.06581576379626541,0.5400843208248057,0.5564628873358991,0.0
paper_max_T300,A,1.0471975511965976,0.3333333333333333,662,-35.451513312996596,-0.06580727155368943,0.5139103352567105,0.5515016990093966,0.31604351024237237
paper_max_T300,A,1.0471975511965976,0.3333333333333333,663,-35.505045689173585,-0.06580790845343565,0.5400975329808569,0.5564716803717142,0.0
paper_max_T300,A,1.0471975511965976,0.3333333333333333,664,-35.55859653551886,-0.06580533086196666,0.5139036117150133,0.5514970871670197,0.31603822757014793
paper_max_T300,A,1.0471975511965976,0.3333333333333333,665,-35.61216204099638,-0.06581133071445827,0.540063877753622,0.5564499562021745,0.0
paper_max_T300,A,1.0471975511965976,0.3333333333333333,666,-35.665718190250544,-0.06581117476315035,0.5138419390173496,0.551452422480537,0.315991005076002
paper_max_T300,A,1.0471975511965976,0.3333333333333333,667,-35.71925183382501,-0.06581022755630317,0.5400082404358565,0.5564135339440054,0.0
paper_max_T300,A,1.0471975511965976,0.3333333333333333,668,-35.772759838641235,-0.06580194215124696,0.5137986336929489,0.5514207835132817,0.3159579816022914
paper_max_T300,A,1.0471975511965976,0.3333333333333333,669,-35.82625511285879,-0.06579299993572829,0.5399941399695856,0.5564041254587495,0.0
paper_max_T300,A,1.0471975511965976,0.3333333333333333,670,-35.879755997652495,-0.06578381402730343,0.5137996146216474,0.5514214190149271,0.3159587728006206
paper_max_T300,A,1.0471975511965976,0.3333333333333333,671,-35.93327940304337,-0.0657797772198081,0.539991609910941,0.5564025229496768,0.0
paper_max_T300,A,1.0471975511965976,0.3333333333333333,672,-35.98682509176281,-0.0657801365850364,0.5137763024012838,0.551404556155399,0.3159409156331203
paper_max_T300,A,1.0471975511965976,0.3333333333333333,673,-36.04038052722056,-0.06578027158979488,0.53995245756215,0.5563769086141014,0.0
paper_max_T300,A,1.0471975511965976,0.3333333333333333,674,-36.09392910953447,-0.06578212306570896,0.5137267245792566,0.5513683623555631,0.3159030957234855
paper_max_T300,A,1.0471975511965976,0.3333333333333333,675,-36.14745370265189,-0.06577514815938262,0.5399240296181955,0.5563580142034323,0.0
paper_max_T300,A,1.0471975511965976,0.3333333333333333,676,-36.20096216442428,-0.06577082416930607,0.5137265500096635,0.5513679173130772,0.31590312939886045
paper_max_T300,A,1.0471975511965976,0.3333333333333333,677,-36.25446659483478,-0.06576139548082333,0.5399492663503257,0.5563743002440618,0.0
paper_max_T300,A,1.0471975511965976,0.3333333333333333,678,-36.30799169702894,-0.06576097493802557,0.5137660639378897,0.551396535314573,0.31593339357430106
paper_max_T300,A,1.0471975511965976,0.3333333333333333,679,-36.36154604408688,-0.06576076540704029,0.5399745846545243,0.5563908565717217,0.0
paper_max_T300,A,1.0471975511965976,0.3333333333333333,680,-36.415125543704704,-0.06576959290370843,0.5137734595298777,0.5514019103759258,0.315939041608903
paper_max_T300,A,1.0471975511965976,0.3333333333333333,681,-36.46870541610117,-0.06577274078342321,0.5399683410612779,0.55638669125754,0.0
paper_max_T300,A,1.0471975511965976,0.3333333333333333,682,-36.522269955879096,-0.06577903635565052,0.5137713219006993,0.5514001970125625,0.31593749054339415
paper_max_T300,A,1.0471975511965976,0.3333333333333333,683,-36.57580667423167,-0.06577605733215713,0.539986881932321,0.5563986320538425,0.0
paper_max_T300,A,1.0471975511965976,0.3333333333333333,684,-36.62933305093428,-0.06577593892973144,0.5138204754445477,0.5514357724789487,0.3159751492045828
paper_max_T300,A,1.0471975511965976,0.3333333333333333,685,-36.68286920139077,-0.06577498282209737,0.5400435286482912,0.5564356567022694,0.0
paper_max_T300,A,1.0471975511965976,0.3333333333333333,686,-36.73643269949683,-0.0657795623777323,0.5138776674929525,0.5514774395885954,0.31601881089776396
paper_max_T300,A,1.0471975511965976,0.3333333333333333,687,-36.79002315277492,-0.06578804518668319,0.5400719924213486,0.5564544457178241,0.0
paper_max_T300,A,1.0471975511965976,0.3333333333333333,688,-36.84362055528267,-0.06579730271045475,0.5138827246119378,0.5514812959876627,0.3160225797678813
paper_max_T300,A,1.0471975511965976,0.3333333333333333,689,-36.89720129942337,-0.06580479380959248,0.5400650647525821,0.5564500284765262,0.0
paper_max_T300,A,1.0471975511965976,0.3333333333333333,690,-36.95075319586675,-0.06580632869343728,0.5138822683555115,0.5514809862963372,0.31602222550712383
paper_max_T300,A,1.0471975511965976,0.3333333333333333,691,-37.00428305432551,-0.06580652627598016,0.5400823844318243,0.556461350871712,0.0
paper_max_T300,A,1.0471975511965976,0.3333333333333333,692,-37.05780931218507,-0.06580191528721419,0.513918165446572,0.5515071223168674,0.3160496378817708
paper_max_T300,A,1.0471975511965976,0.3333333333333333,693,-37.111355394222784,-0.06580508351829006,0.5401123984645558,0.5564811373119345,0.0
paper_max_T300,A,1.0471975511965976,0.3333333333333333,694,-37.16492081267492,-0.06580563606725537,0.5139297784650518,0.551515837482365,0.31605836815041677
paper_max_T300,A,1.0471975511965976,0.3333333333333333,695,-37.21849967824474,-0.06581435924621626,0.5400949061308505,0.5564699956022003,0.0
paper_max_T300,A,1.0471975511965976,0.3333333333333333,696,-37.27206669716007,-0.06581597864094557,0.5138861446361898,0.5514843345821021,0.31602490885304385
paper_max_T300,A,1.0471975511965976,0.3333333333333333,697,-37.32560992101014,-0.06581821539349086,0.5400535385923398,0.5564430031760423,0.0
paper_max_T300,A,1.0471975511965976,0.3333333333333333,698,-37.37912633100635,-0.06581098946782443,0.513854967544508,0.551461622966721,0.3160011004294153
paper_max_T300,A,1.0471975511965976,0.3333333333333333,699,-37.43263205297308,-0.06580577291400103,0.5400452437721525,0.556437502507357,0.0
paper_max_T300,A,1.0471975511965976,0.3333333333333333,700,-37.48614242210792,-0.06579678355438173,0.5138566850476245,0.5514628921689444,0.31600239926423784
paper_max_T300,A,1.0471975511965976,0.3333333333333333,701,-37.539674271222395,-0.06579574718436992,0.5400393546673506,0.5564337832928515,0.0
paper_max_T300,A,1.0471975511965976,0.3333333333333333,702,-37.593221990030614,-0.06579456125824135,0.5138266159848831,0.5514412045540604,0.3159793319842092
paper_max_T300,A,1.0471975511965976,0.3333333333333333,703,-37.64677521377786,-0.06579620241864959,0.539992773333461,0.5564034060191297,0.0
paper_max_T300,A,1.0471975511965976,0.3333333333333333,704,-37.70031658740979,-0.06579518286279518,0.5137667719984674,0.5513976420617412,0.31593361890944227
paper_max_T300,A,1.0471975511965976,0.3333333333333333,705,-37.753835212905244,-0.06578883951497377,0.5399529128881242,0.5563771166070577,0.0
paper_max_T300,A,1.0471975511965976,0.3333333333333333,706,-37.807337863108955,-0.0657815359947363,0.513749791875008,0.5513850499856546,0.3159207672711771
paper_max_T300,A,1.0471975511965976,0.3333333333333333,707,-37.86083813939101,-0.06577197039359922,0.5399600559092089,0.5563816087696579,0.0
paper_max_T300,A,1.0471975511965976,0.3333333333333333,708,-37.914355684195485,-0.0657685184998687,0.5137663353869081,0.5513970019123878,0.31593345699102604
paper_max_T300,A,1.0471975511965976,0.3333333333333333,709,-37.967898570575656,-0.06576658520084211,0.5399650559863975,0.5563848880072311,0.0
paper_max_T300,A,1.0471975511965976,0.3333333333333333,710,-38.02146232574805,-0.065772023801411,0.5137526601910565,0.5513870472509071,0.31592300966229514
paper_max_T300,A,1.0471975511965976,0.3333333333333333,711,-38.07502586601085,-0.06577210729810751,0.5399429030810959,0.5563702789882154,0.0
paper_max_T300,A,1.0471975511965976,0.3333333333333333,712,-38.128576593540245,-0.06577563142725001,0.513735201359913,0.5513741448367098,0.3159097718660777
paper_max_T300,A,1.0471975511965976,0.3333333333333333,713,-38.18210289712164,-0.0657695170581033,0.5399494531869273,0.5563743122299694,0.0
paper_max_T300,A,1.0471975511965976,0.3333333333333333,714,-38.23562170105227,-0.06576823128644438,0.5137718705146321,0.5514005873874763,0.3159379177235595
paper_max_T300,A,1.0471975511965976,0.3333333333333333,715,-38.28914962410762,-0.06576433115711089,0.5399964469428242,0.5564049618865452,0.0
paper_max_T300,A,1.0471975511965976,0.3333333333333333,716,-38.342705176360425,-0.06576886821428407,0.5138212143410651,0.5514364653068261,0.3159756284564921
paper_max_T300,A,1.0471975511965976,0.3333333333333333,717,-38.3962866395633,-0.0657742146159973,0.5400221860011378,0.556421862788024,0.0
paper_max_T300,A,1.0471975511965976,0.3333333333333333,718,-38.449878709239,-0.0657840813450884,0.5138289969603183,0.5514421815835171,0.31598154178746574
paper_max_T300,A,1.0471975511965976,0.3333333333333333,719,-38.50345639151777,-0.06578901395449244,0.5400222598021588,0.5564219088213647,0.0
paper_max_T300,A,1.0471975511965976,0.3333333333333333,720,-38.55701025228663,-0.06579243775334581,0.5138402456646984,0.5514502952263199,0.3159901781065923
paper_max_T300,A,1.0471975511965976,0.3333333333333333,721,-38.61054343511434,-0.06579171026354069,0.5400515002985518,0.5564409781125393,0.0
paper_max_T300,A,1.0471975511965976,0.3333333333333333,722,-38.66407617286251,-0.06579030810887132,0.5138905372389891,0.5514868500525976,0.3160286203052515
paper_max_T300,A,1.0471975511965976,0.3333333333333333,723,-38.71762908852149,-0.06579381789298278,0.5400949961575838,0.5564695375621437,0.0
paper_max_T300,A,1.0471975511965976,0.3333333333333333,724,-38.77120404522762,-0.06579767087030297,0.5139193053244149,0.5515079763258965,0.31605049219875203
paper_max_T300,A,1.0471975511965976,0.3333333333333333,725,-38.8247926532452,-0.06580734771145824,0.5400947428627496,0.5564696167839357,0.0
paper_max_T300,A,1.0471975511965976,0.3333333333333333,726,-38.8783705430223,-0.06581175794330801,0.5138973000259822,0.5514921733533581,0.3160335751394632
paper_max_T300,A,1.0471975511965976,0.3333333333333333,727,-38.9319243341435,-0.06581602331955771,0.5400727561799056,0.5564553269821911,0.0
paper_max_T300,A,1.0471975511965976,0.3333333333333333,728,-38.98545186207299,-0.06581149227370792,0.5138862796770833,0.5514841667117694,0.31602514962654193
paper_max_T300,A,1.0471975511965976,0.3333333333333333,729,-39.038970071212304,-0.06580955288737145,0.5400790903319361,0.5564594646281467,0.0
paper_max_T300,A,1.0471975511965976,0.3333333333333333,730,-39.092493598305026,-0.06580276713601002,0.5139004725680958,0.551494564645571,0.31603595073938495
paper_max_T300,A,1.0471975511965976,0.3333333333333333,731,-39.146038655734344,-0.06580510440975107,0.5400812041365313,0.5564610290038577,0.0
paper_max_T300,A,1.0471975511965976,0.3333333333333333,732,-39.199595973589794,-0.06580455119051598,0.5138771528076813,0.5514778434665638,0.3160180088467679
paper_max_T300,A,1.0471975511965976,0.3333333333333333,733,-39.25315554707743,-0.06580888355532244,0.5400390820185597,0.5564336496435478,0.0
paper_max_T300,A,1.0471975511965976,0.3333333333333333,734,-39.30669858877505,-0.0658070392057265,0.513820083254719,0.551436395513517,0.31597436845899357
paper_max_T300,A,1.0471975511965976,0.3333333333333333,735,-39.3602190549349,-0.06580308508946547,0.5399985650448411,0.5564070387259713,0.0
paper_max_T300,A,1.0471975511965976,0.3333333333333333,736,-39.413722798373556,-0.06579435609489498,0.5137974280520806,0.5514197770334185,0.3159571255667788
paper_max_T300,A,1.0471975511965976,0.3333333333333333,737,-39.46722597810893,-0.06578670245963558,0.5399962015164667,0.5564053884923428,0.0
paper_max_T300,A,1.0471975511965976,0.3333333333333333,738,-39.520743010971046,-0.06578108721111353,0.5137989696960322,0.5514208928551699,0.31595831000210595
paper_max_T300,A,1.0471975511965976,0.3333333333333333,739,-39.574281912318,-0.06577955899041754,0.5399860267026385,0.556398798223878,0.0
paper_max_T300,A,1.0471975511965976,0.3333333333333333,740,-39.627835420983985,-0.0657817501953718,0.5137675531649462,0.5513980880174056,0.315934280813014
paper_max_T300,A,1.0471975511965976,0.3333333333333333,741,-39.68138674006441,-0.06578070016226684,0.539948603949073,0.556374235187891,0.0
paper_max_T300,A,1.0471975511965976,0.3333333333333333,742,-39.734924799218206,-0.06578082239355876,0.513732859279948,0.5513726746026347,0.3159078590005353
paper_max_T300,A,1.0471975511965976,0.3333333333333333,743,-39.7884414191476,-0.06577296371066899,0.5399394055410852,0.5563679630426369,0.0
paper_max_T300,A,1.0471975511965976,0.3333333333333333,744,-39.84195178443042,-0.06576913637404924,0.5137506289321575,0.5513853712671849,0.3159215603717821
paper_max_T300,A,1.0471975511965976,0.3333333333333333,745,-39.89547068322756,-0.06576295529181553,0.5399694927875773,0.5563875329181556,0.0
paper_max_T300,A,1.0471975511965976,0.3333333333333333,746,-39.94901504381821,-0.06576557325741278,0.5137822242519574,0.5514083086739717,0.3159457284046555
paper_max_T300,A,1.0471975511965976,0.3333333333333333,747,-40.002582975492075,-0.06576770769536888,0.5399825650923262,0.5563960885895491,0.0
paper_max_T300,A,1.0471975511965976,0.3333333333333333,748,-40.05616277578356,-0.06577612288072476,0.5137802994201245,0.5514068845010831,0.3159442653178042
paper_max_T300,A,1.0471975511965976,0.3333333333333333,749,-40.10973033866449,-0.06577768430274133,0.5399781082931159,0.5563930742857647,0.0
paper_max_T300,A,1.0471975511965976,0.3333333333333333,750,-40.16327889828361,-0.06578098310576319,0.5137900301446255,0.5514138101832167,0.3159517832324657
paper_max_T300,A,1.0471975511965976,0.3333333333333333,751,-40.21680859825915,-0.06577782926671838,0.5400080433579397,0.5564125283451694,0.0
paper_max_T300,A,1.0471975511965976,0.3333333333333333,752,-40.27034056211224,-0.0657779048680191,0.5138429759496559,0.5514522295789498,0.3159922913118715
paper_max_T300,A,1.0471975511965976,0.3333333333333333,753,-40.323892189466775,-0.0657798087130651,0.5400558848531425,0.5564438636727028,0.0
paper_max_T300,A,1.0471975511965976,0.3333333333333333,754,-40.377468537964106,-0.06578581368878705,0.5138801572153224,0.5514793846490352,0.31602063952788706
paper_max_T300,A,1.0471975511965976,0.3333333333333333,755,-40.43105923232598,-0.06579438601005572,0.5400667312417292,0.5564511096739697,0.0
paper_max_T300,A,1.0471975511965976,0.3333333333333333,756,-40.484642782676076,-0.06580120358080405,0.5138748095222686,0.5514756150788944,0.31601649179947844
paper_max_T300,A,1.0471975511965976,0.3333333333333333,757,-40.53820317323601,-0.06580557297835887,0.540061651299739,0.5564478388687376,0.0
paper_max_T300,A,1.0471975511965976,0.3333333333333333,758,-40.59173975460941,-0.0658040973923979,0.513883581907017,0.5514819864656946,0.31602320289091
paper_max_T300,A,1.0471975511965976,0.3333333333333333,759,-40.64526790087764,-0.06580385587753546,0.5400844847372461,0.556462784102292,0.0
paper_max_T300,A,1.0471975511965976,0.3333333333333333,760,-40.698803413323205,-0.06580030830751793,0.5139148704278719,0.5515048198761685,0.31604706715805075
paper_max_T300,A,1.0471975511965976,0.3333333333333333,761,-40.75236106792106,-0.06580505209276066,0.5401005910703802,0.5564735025924733,0.0
paper_max_T300,A,1.0471975511965976,0.3333333333333333,762,-40.80593061446609,-0.0658067609880772,0.5139069713404409,0.5514993178636779,0.31604090436322
paper_max_T300,A,1.0471975511965976,0.3333333333333333,763,-40.85950072719852,-0.06581360022255955,0.5400718037566801,0.5564548781825854,0.0
paper_max_T300,A,1.0471975511965976,0.3333333333333333,764,-40.913051716773495,-0.06581292473675776,0.513863862254939,0.5514680794051866,0.3160079049144725
paper_max_T300,A,1.0471975511965976,0.3333333333333333,765,-40.96657983767693,-0.06581191789100671,0.5400411535072809,0.5564348104323924,0.0
paper_max_T300,A,1.0471975511965976,0.3333333333333333,766,-41.02009073578512,-0.0658037744024903,0.5138479770987744,0.5514564718243404,0.31599579026217217
paper_max_T300,A,1.0471975511965976,0.3333333333333333,767,-41.07360280057746,-0.0657992209128555,0.5400403415766573,0.5564342532949864,0.0
paper_max_T300,A,1.0471975511965976,0.3333333333333333,768,-41.12712654463638,-0.06579320727145671,0.513846724052792,0.5514556290747826,0.31599479727538093
paper_max_T300,A,1.0471975511965976,0.3333333333333333,769,-41.18066976018514,-0.06579379791477852,0.540024968942006,0.556424329474116,0.0
paper_max_T300,A,1.0471975511965976,0.3333333333333333,770,-41.23422137094734,-0.06579408291863731,0.5138074969402529,0.5514272177633708,0.3159647625729127
paper_max_T300,A,1.0471975511965976,0.3333333333333333,771,-41.287768061912004,-0.06579391234887827,0.5399794738050205,0.5563945615846685,0.0
paper_max_T300,A,1.0471975511965976,0.3333333333333333,772,-41.34129893406087,-0.06579134000686393,0.5137617114296993,0.5513938087581368,0.3159298283524512
paper_max_T300,A,1.0471975511965976,0.3333333333333333,773,-41.394810567604864,-0.0657837015417605,0.5399581155150616,0.5563803856545935,0.0
paper_max_T300,A,1.0471975511965976,0.3333333333333333,774,-41.44831589626425,-0.06577725630307285,0.5137624977058469,0.551394201551458,0.3159305234347183
paper_max_T300,A,1.0471975511965976,0.3333333333333333,775,-41.50182957312063,-0.06577043896944157,0.5399711040847497,0.5563887938877983,0.0
paper_max_T300,A,1.0471975511965976,0.3333333333333333,776,-41.55536477548651,-0.06577033444847846,0.5137738792497557,0.551402457310334,0.3159392361844777
paper_max_T300,A,1.0471975511965976,0.3333333333333333,777,-41.6089202400279,-0.06577042269363587,0.5399673961084124,0.5563863696527477,0.0
paper_max_T300,A,1.0471975511965976,0.3333333333333333,778,-41.66248575381536,-0.06577602043606179,0.5137553881835493,0.551388964793298,0.3159251254290819
paper_max_T300,A,1.0471975511965976,0.3333333333333333,779,-41.7160402927729,-0.06577472653939265,0.5399507191729995,0.5563753165021262,0.0
paper_max_T300,A,1.0471975511965976,0.3333333333333333,780,-41.769579063430825,-0.06577611639397718,0.5137533366579654,0.551387277428403,0.3159236599577453
paper_max_T300,A,1.0471975511965976,0.3333333333333333,781,-41.823101152130945,-0.06577027479438141,0.5399714237170236,0.5563886807595104,0.0
paper_max_T300,A,1.0471975511965976,0.3333333333333333,782,-41.87662703296276,-0.06576983964418548,0.5137970949587446,0.5514189674892893,0.3159571735943797
paper_max_T300,A,1.0471975511965976,0.3333333333333333,783,-41.93017129540394,-0.06576916728934246,0.5400130435953124,0.55641588953535,0.0
paper_max_T300,A,1.0471975511965976,0.3333333333333333,784,-41.98374130747138,-0.06577546308953713,0.5138308355321188,0.5514435421036137,0.3159829351832325
paper_max_T300,A,1.0471975511965976,0.3333333333333333,785,-42.03732591051899,-0.06578144612368658,0.5400249534941274,0.5564237366439985,0.0
paper_max_T300,A,1.0471975511965976,0.3333333333333333,786,-42.09090745996224,-0.06578921777512947,0.5138315593100178,0.5514440930456372,0.31598347436215146
paper_max_T300,A,1.0471975511965976,0.3333333333333333,787,-42.14446779040071,-0.0657918646648582,0.5400285199543099,0.5564260450541589,0.0
paper_max_T300,A,1.0471975511965976,0.3333333333333333,788,-42.19800801312677,-0.06579253755823883,0.5138524178313408,0.5514591982641014,0.31599945199056934
paper_max_T300,A,1.0471975511965976,0.3333333333333333,789,-42.251540452089515,-0.06579203473343109,0.5400628174504285,0.5564484598267869,0.0
paper_max_T300,A,1.0471975511965976,0.3333333333333333,790,-42.3050828378083,-0.06579147388661077,0.5138973368624679,0.5514919051177295,0.3160337550673603
paper_max_T300,A,1.0471975511965976,0.3333333333333333,791,-42.35864787025358,-0.06579684949869014,0.5400918403435329,0.5564675868155055,0.0
paper_max_T300,A,1.0471975511965976,0.3333333333333333,792,-42.412226857800675,-0.06580131486137142,0.513905856757329,0.5514982976217987,0.31604016110765776
paper_max_T300,A,1.0471975511965976,0.3333333333333333,793,-42.46580626441758,-0.06580935085863926,0.5400790592273848,0.5564594079550063,0.0
paper_max_T300,A,1.0471975511965976,0.3333333333333333,794,-42.51936680393786,-0.06581100936670153,0.5138817301413126,0.5514808644808761,0.31602166840193985
paper_max_T300,A,1.0471975511965976,0.3333333333333333,795,-42.57290436089242,-0.06581222961056077,0.5400643069411725,0.5564497816682359,0.0
paper_max_T300,A,1.0471975511965976,0.3333333333333333,796,-42.62642525740799,-0.06580628149484735,0.5138812099772477,0.5514804778170385,0.3160212729303661
paper_max_T300,A,1.0471975511965976,0.3333333333333333,797,-42.679948737423814,-0.06580476773069044,0.5400738940263666,0.5564560793393583,0.0
paper_max_T300,A,1.0471975511965976,0.3333333333333333,798,-42.73348361076724,-0.06580019747164118,0.5138883175770383,0.5514857600856333,0.316026643011324
paper_max_T300,A,1.0471975511965976,0.3333333333333333,799,-42.78703686919641,-0.0658035662300247,0.5400636643332726,0.5564495646766534,0.0
paper_max_T300,A,1.0471975511965976,0.3333333333333333,800,-42.840594207386985,-0.0658038184995754,0.5138531217388123,0.5514603382083786,0.3159996589805537
paper_max_T300,A,1.0471975511965976,0.3333333333333333,801,-42.89414400926286,-0.06580582241097038,0.5400202003923382,0.5564212025522363,0.0
paper_max_T300,A,1.0471975511965976,0.3333333333333333,802,-42.94767486733625,-0.06580217661028231,0.5138069956851654,0.5514267636977124,0.31596442342958775
paper_max_T300,A,1.0471975511965976,0.3333333333333333,803,-43.00118781742911,-0.06579644640964455,0.5399952861449163,0.5564047790342911,0.0
paper_max_T300,A,1.0471975511965976,0.3333333333333333,804,-43.054693873988384,-0.06578847977656926,0.5137993148279724,0.5514210715450082,0.31595860739185955
paper_max_T300,A,1.0471975511965976,0.3333333333333333,805,-43.10820864393017,-0.06578287074974842,0.5399973582168756,0.5564060987528963,0.0
paper_max_T300,A,1.0471975511965976,0.3333333333333333,806,-43.1617405829642,-0.06578050322545359,0.5137956684942778,0.5514184511590786,0.3159558082262989
paper_max_T300,A,1.0471975511965976,0.3333333333333333,807,-43.21528921617269,-0.06578034802572924,0.5399796169470787,0.5563945349985999,0.0
paper_max_T300,A,1.0471975511965976,0.3333333333333333,808,-43.26884362747768,-0.0657829340584814,0.5137614347725981,0.551393542312726,0.3159296522409101
paper_max_T300,A,1.0471975511965976,0.3333333333333333,809,-43.32238710953614,-0.06578028467559643,0.5399494604717548,0.556374677239475,0.0
paper_max_T300,A,1.0471975511965976,0.3333333333333333,810,-43.375915879754814,-0.06577890617695537,0.5137439887001642,0.5513806668724333,0.31591641627203915
paper_max_T300,A,1.0471975511965976,0.3333333333333333,811,-43.42943025544713,-0.06577131465856584,0.5399560917476913,0.5563788234336151,0.0
paper_max_T300,A,1.0471975511965976,0.3333333333333333,812,-43.48294856917063,-0.06576893620517632,0.5137713795648857,0.5514004440999435,0.31593742688948423
paper_max_T300,A,1.0471975511965976,0.3333333333333333,813,-43.53648358744084,-0.06576596158188053,0.539983935622127,0.5563969954776921,0.0
paper_max_T300,A,1.0471975511965976,0.3333333333333333,814,-43.59004294597564,-0.06577079402470365,0.5137918761789202,0.5514153462555852,0.31595309140132155
paper_max_T300,A,1.0471975511965976,0.3333333333333333,815,-43.64361607486617,-0.06577381304236513,0.5399874541964766,0.5563992902193289,0.0
paper_max_T300,A,1.0471975511965976,0.3333333333333333,816,-43.697188891472635,-0.06578072897291948,0.5137873053806423,0.5514119740949913,0.3159496208226542
paper_max_T300,A,1.0471975511965976,0.3333333333333333,817,-43.75074284991122,-0.0657806539610703,0.5399895116523875,0.5564005355669339,0.0
paper_max_T300,A,1.0471975511965976,0.3333333333333333,818,-43.804280545817505,-0.06578180804444306,0.5138090446895491,0.551427657782456,0.31596630364566713
paper_max_T300,A,1.0471975511965976,0.3333333333333333,819,-43.857811119280825,-0.0657795224907437,0.5400261068899127,0.5564244041684108,0.0
paper_max_T300,A,1.0471975511965976,0.3333333333333333,820,-43.91135372142142,-0.06578064305716957,0.5138583780535553,0.5514635191478986,0.3160040118988453
paper_max_T300,A,1.0471975511965976,0.3333333333333333,821,-43.96491881221938,-0.06578486162408292,0.5400611874185781,0.5564474324008735,0.0
paper_max_T300,A,1.0471975511965976,0.3333333333333333,822,-44.01850072731436,-0.06579137132614427,0.5138771509205533,0.5514772938013702,0.31601829063125486
paper_max_T300,A,1.0471975511965976,0.3333333333333333,823,-44.07208391919036,-0.06579882847892493,0.540060500177391,0.5564470984848375,0.0
paper_max_T300,A,1.0471975511965976,0.3333333333333333,824,-44.125650922629774,-0.06580279478846157,0.513869485404479,0.5514717845386741,0.3160124014529908
paper_max_T300,A,1.0471975511965976,0.3333333333333333,825,-44.17919546479459,-0.06580467909381793,0.540061206709299,0.5564475744503717,0.0
paper_max_T300,A,1.0471975511965976,0.3333333333333333,826,-44.232725174664125,-0.06580153203809225,0.513886018470908,0.5514837991156679,0.3160250406855581
paper_max_T300,A,1.0471975511965976,0.3333333333333333,827,-44.28625841313621,-0.0658019003405998,0.5400845444025631,0.5564628806078156,0.0
paper_max_T300,A,1.0471975511965976,0.3333333333333333,828,-44.33980447357163,-0.06579993447758492,0.5139072983272888,0.5514993910491809,0.3160412381964627
paper_max_T300,A,1.0471975511965976,0.3333333333333333,829,-44.39336891057205,-0.06580553594148003,0.5400860375654577,0.5564640403250994,0.0
paper_max_T300,A,1.0471975511965976,0.3333333333333333,830,-44.44693597839475,-0.06580735651572067,0.5138849573183244,0.5514833351170322,0.3160240675119649
paper_max_T300,A,1.0471975511965976,0.3333333333333333,831,-44.500493763581375,-0.06581168362475881,0.5400532204107245,0.5564426886981776,0.0
paper_max_T300,A,1.0471975511965976,0.3333333333333333,832,-44.55403046655552,-0.0658087587612271,0.5138489663407817,0.5514571909513092,0.3159965480785401
paper_max_T300,A,1.0471975511965976,0.3333333333333333,833,-44.6075499106347,-0.06580570215758763,0.5400343174052665,0.5564302715678128,0.0
paper_max_T300,A,1.0471975511965976,0.3333333333333333,834,-44.66106217711558,-0.06579790826802068,0.5138437816966067,0.5514533828753204,0.31599260239611904
paper_max_T300,A,1.0471975511965976,0.3333333333333333,835,-44.71458399984637,-0.06579477904521208,0.5400348875142075,0.5564306661593135,0.0
paper_max_T300,A,1.0471975511965976,0.3333333333333333,836,-44.768119640687246,-0.06579154006701882,0.5138350938389228,0.551447154894527,0.31598591826866385
paper_max_T300,A,1.0471975511965976,0.3333333333333333,837,-44.82166893705816,-0.06579279068897131,0.5400109122911555,0.5564150815088685,0.0
paper_max_T300,A,1.0471975511965976,0.3333333333333333,838,-44.87521884121824,-0.06579330083212498,0.5137924520247196,0.5514161911305654,0.31595330767944196
paper_max_T300,A,1.0471975511965976,0.3333333333333333,839,-44.9287568147012,-0.06579108132149691,0.5399722059653395,0.5563896855468738,0.0
paper_max_T300,A,1.0471975511965976,0.3333333333333333,840,-44.98227926697406,-0.06578725013692333,0.5137633085072607,0.551394858063174,0.3159311058605951
paper_max_T300,A,1.0471975511965976,0.3333333333333333,841,-45.03578943520715,-0.0657795343697859,0.5399663586772915,0.5563856981065247,0.0
paper_max_T300,A,1.0471975511965976,0.3333333333333333,842,-45.08930267945287,-0.06577484091442104,0.5137742028601903,0.5514026675403629,0.31593949306415553
paper_max_T300,A,1.0471975511965976,0.3333333333333333,843,-45.142831049427116,-0.06577082743208662,0.5399786398371217,0.5563937014028144,0.0
paper_max_T300,A,1.0471975511965976,0.3333333333333333,844,-45.196380193235015,-0.0657732376440196,0.5137774776364237,0.551405049083456,0.3159419969175712
paper_max_T300,A,1.0471975511965976,0.3333333333333333,845,-45.249941114886525,-0.06577406444029726,0.5399686483168421,0.556387141914687,0.0
paper_max_T300,A,1.0471975511965976,0.3333333333333333,846,-45.30350201818101,-0.065778733925352,0.5137600866394109,0.5513923250530529,0.31592874365956725
paper_max_T300,A,1.0471975511965976,0.3333333333333333,847,-45.35704617777003,-0.06577608468415147,0.539961373063992,0.5563822372186104,0.0
paper_max_T300,A,1.0471975511965976,0.3333333333333333,848,-45.410577018271596,-0.065776046063313,0.5137728250970139,0.5514014237863716,0.3159385670093033
paper_max_T300,A,1.0471975511965976,0.3333333333333333,849,-45.464101577309734,-0.06577144996722689,0.5399910837100032,0.5564015607399841,0.0
paper_max_T300,A,1.0471975511965976,0.3333333333333333,850,-45.51763897792139,-0.06577251992766042,0.5138159660334877,0.5514327368638683,0.315971568744271
paper_max_T300,A,1.0471975511965976,0.3333333333333333,851,-45.57119779805819,-0.06577449221006754,0.5400230132015525,0.5564224719096574,0.0
paper_max_T300,A,1.0471975511965976,0.3333333333333333,852,-45.62477537780785,-0.06578154349729154,0.5138349555869463,0.5514465968727185,0.3159860508298733
paper_max_T300,A,1.0471975511965976,0.3333333333333333,853,-45.67835528772406,-0.06578695326869177,0.5400262011235769,0.5564245944084694,0.0
paper_max_T300,A,1.0471975511965976,0.3333333333333333,854,-45.73192280898655,-0.0657921584371482,0.5138354609517704,0.5514469604961231,0.3159864404604321
paper_max_T300,A,1.0471975511965976,0.3333333333333333,855,-45.785469160989024,-0.06579302368739981,0.5400362712274063,0.5564311491713333,0.0
paper_max_T300,A,1.0471975511965976,0.3333333333333333,856,-45.839003373925806,-0.06579214068854605,0.5138638534636857,0.5514675643402043,0.3160081631782776
paper_max_T300,A,1.0471975511965976,0.3333333333333333,857,-45.89254155755627,-0.06579270884978433,0.540070467870223,0.5564535377327254,0.0
paper_max_T300,A,1.0471975511965976,0.3333333333333333,858,-45.946094845512604,-0.06579342362955215,0.5138980618731497,0.551492525466206,0.31603425803416874
paper_max_T300,A,1.0471975511965976,0.3333333333333333,859,-45.999667000168714,-0.06579985326780852,0.5400843102629924,0.5564627433924185,0.0
paper_max_T300,A,1.0471975511965976,0.3333333333333333,860,-46.053243005175744,-0.0658039602384487,0.5138911781270061,0.5514876835922106,0.3160289120766101
paper_max_T300,A,1.0471975511965976,0.3333333333333333,861,-46.10680922685307,-0.06580968529567066,0.5400659389184509,0.5564508415900244,0.0
paper_max_T300,A,1.0471975511965976,0.3333333333333333,862,-46.16035417487822,-0.06580871761994922,0.5138712797839888,0.5514732607796106,0.31601368274762265
paper_max_T300,A,1.0471975511965976,0.3333333333333333,863,-46.21388218987374,-0.06580796730979355,0.540059582142914,0.556446676247644,0.0
paper_max_T300,A,1.0471975511965976,0.3333333333333333,864,-46.26740361397346,-0.06580188697492362,0.5138773206346674,0.5514776577884904,0.3160182940385022
paper_max_T300,A,1.0471975511965976,0.3333333333333333,865,-46.3209356558303,-0.06580147505341877,0.5400672001085924,0.5564517210066623,0.0
paper_max_T300,A,1.0471975511965976,0.3333333333333333,866,-46.37448009920766,-0.06579902252782521,0.5138739121131615,0.5514753081525519,0.31601562188659293
paper_max_T300,A,1.0471975511965976,0.3333333333333333,867,-46.428036251148086,-0.06580252939323183,0.5400462100248474,0.556438134342476,0.0
paper_max_T300,A,1.0471975511965976,0.3333333333333333,868,-46.48158871523886,-0.06580254136580704,0.5138330676811738,0.5514457072652588,0.31598435703359457
paper_max_T300,A,1.0471975511965976,0.3333333333333333,869,-46.53512774456746,-0.06580208340416699,0.5400073976186966,0.5564127361422799,0.0
paper_max_T300,A,1.0471975511965976,0.3333333333333333,870,-46.588649557443176,-0.06579704529219532,0.5138009168711176,0.5514222532820864,0.3159598227997104
paper_max_T300,A,1.0471975511965976,0.3333333333333333,871,-46.64216079975634,-0.06579078799405252,0.5399957555852474,0.5564050132630405,0.0
paper_max_T300,A,1.0471975511965976,0.3333333333333333,872,-46.69567399439677,-0.06578449851444473,0.5138015615866122,0.5514226616549497,0.3159603474839939
paper_max_T300,A,1.0471975511965976,0.3333333333333333,873,-46.74920126191691,-0.06578107811166967,0.5399966146907978,0.5564055828641664,0.0
paper_max_T300,A,1.0471975511965976,0.3333333333333333,874,-46.80274472058461,-0.06578120174712077,0.5137905087678228,0.5514146610254337,0.31595188386052864
paper_max_T300,A,1.0471975511965976,0.3333333333333333,875,-46.856297179222835,-0.06578132957580157,0.5399739580990249,0.5563907638798846,0.0
paper_max_T300,A,1.0471975511965976,0.3333333333333333,876,-46.90984746672885,-0.06578330666171917,0.5137592174674046,0.5513918452757449,0.3159279997692623
paper_max_T300,A,1.0471975511965976,0.3333333333333333,877,-46.96338238075525,-0.06577920584474017,0.5399547169528109,0.556378030401095,0.0
paper_max_T300,A,1.0471975511965976,0.3333333333333333,878,-47.016905443825266,-0.06577697089174067,0.513758191133184,0.5513909321815778,0.31592730292423554
paper_max_T300,A,1.0471975511965976,0.3333333333333333,879,-47.0704233092664,-0.0657706321105388,0.539972035557,0.5563892327554,0.0
paper_max_T300,A,1.0471975511965976,0.3333333333333333,880,-47.12395335581009,-0.06577022560069373,0.5137875957274524,0.551412239885047,0.315949816784457
paper_max_T300,A,1.0471975511965976,0.3333333333333333,881,-47.177502968379116,-0.0657699226918762,0.5399932599627304,0.5564031108815464,0.0
paper_max_T300,A,1.0471975511965976,0.3333333333333333,882,-47.23107116937979,-0.06577591007893846,0.5137973832436326,0.5514193625664504,0.3159572914702917
paper_max_T300,A,1.0471975511965976,0.3333333333333333,883,-47.284642191164224,-0.06577867924812975,0.5399915551637514,0.5564019714324784,0.0
paper_max_T300,A,1.0471975511965976,0.3333333333333333,884,-47.338204171450826,-0.06578355963797983,0.5137958971041305,0.5514182166972438,0.31595618943103976
paper_max_T300,A,1.0471975511965976,0.3333333333333333,885,-47.39174686083908,-0.06578229737186292,0.5400022301176345,0.556408865889989,0.0
paper_max_T300,A,1.0471975511965976,0.3333333333333333,886,-47.445280216553655,-0.06578233104158132,0.5138268469300179,0.5514406338620059,0.3159798917497608
paper_max_T300,A,1.0471975511965976,0.3333333333333333,887,-47.49881758783056,-0.06578161592209386,0.5400399720152859,0.5564335350040319,0.0
paper_max_T300,A,1.0471975511965976,0.3333333333333333,888,-47.55237204971638,-0.06578407507668704,0.5138669623355581,0.5514698409493578,0.3160105281001078
paper_max_T300,A,1.0471975511965976,0.3333333333333333,889,-47.60594568056882,-0.06578972226415791,0.5400612424327155,0.5564475450733327,0.0
paper_max_T300,A,1.0471975511965976,0.3333333333333333,890,-47.65952587085226,-0.06579575572934715,0.5138715281877806,0.5514732684128157,0.31601396012304706
paper_max_T300,A,1.0471975511965976,0.3333333333333333,891,-47.71309691860131,-0.0658013721694114,0.5400552411281382,0.5564436950519586,0.0
paper_max_T300,A,1.0471975511965976,0.3333333333333333,892,-47.76664851874878,-0.06580260594114162,0.5138671698754235,0.5514701239169068,0.3160106191602602
paper_max_T300,A,1.0471975511965976,0.3333333333333333,893,-47.820183569938024,-0.06580292622159822,0.5400625672387772,0.5564484861221493,0.0
paper_max_T300,A,1.0471975511965976,0.3333333333333333,894,-47.873713570074045,-0.0657993353356841,0.5138876279861956,0.5514850109902744,0.3160262466295202
paper_max_T300,A,1.0471975511965976,0.3333333333333333,895,-47.92725512422223,-0.06580084515384199,0.540081585698652,0.5564609986715597,0.0
paper_max_T300,A,1.0471975511965976,0.3333333333333333,896,-47.980809697744874,-0.06580040052380276,0.5138960079260082,0.5514912396478073,0.31603257862300643
paper_max_T300,A,1.0471975511965976,0.3333333333333333,897,-48.03437526729509,-0.06580595537836287,0.5400703885828908,0.5564538324009978,0.0
paper_max_T300,A,1.0471975511965976,0.3333333333333333,898,-48.08793501071989,-0.06580699328383632,0.5138656234353631,0.551469273015249,0.31600929319882465
paper_max_T300,A,1.0471975511965976,0.3333333333333333,899,-48.141479985637005,-0.06580869186799254,0.5400396269459159,0.5564337514422906,0.0
paper_max_T300,A,1.0471975511965976,0.3333333333333333,900,-48.1950063408903,-0.06580403017149627,0.5138400797978979,0.5514506796409748,0.3159897803213718
paper_max_T300,A,1.0471975511965976,0.3333333333333333,901,-48.24852335143363,-0.06580013276029417,0.5400307217221205,0.5564278768099042,0.0
paper_max_T300,A,1.0471975511965976,0.3333333333333333,902,-48.302041701635545,-0.06579364833570933,0.5138399404788448,0.5514505716541633,0.31598967584996
paper_max_T300,A,1.0471975511965976,0.3333333333333333,903,-48.35557380646776,-0.06579211754563907,0.5400279946820999,0.556426145626716,0.0
paper_max_T300,A,1.0471975511965976,0.3333333333333333,904,-48.4091179804976,-0.06579101603758525,0.513822510728349,0.5514379821070511,0.31597631354978517
paper_max_T300,A,1.0471975511965976,0.3333333333333333,905,-48.46266827433351,-0.065791988650922,0.539998555444239,0.5564069374976481,0.0
paper_max_T300,A,1.0471975511965976,0.3333333333333333,906,-48.5162127728059,-0.0657918652670193,0.5137824474632351,0.5514088336079943,0.315945702970303
paper_max_T300,A,1.0471975511965976,0.3333333333333333,907,-48.56974235396203,-0.06578786492483124,0.5399704023881453,0.5563884105802128,0.0
paper_max_T300,A,1.0471975511965976,0.3333333333333333,908,-48.6232601457973,-0.06578343988073254,0.5137693756414317,0.5513991937317697,0.3159357819847989
paper_max_T300,A,1.0471975511965976,0.3333333333333333,909,-48.676774021730196,-0.06577667580341279,0.5399753432608908,0.5563915324032979,0.0
paper_max_T300,A,1.0471975511965976,0.3333333333333333,910,-48.73029835629838,-0.0657742101975739,0.5137833347863758,0.5514092857166899,0.3159464835538498
paper_max_T300,A,1.0471975511965976,0.3333333333333333,911,-48.783840046407235,-0.06577256380722168,0.5399828941974343,0.5563964682329078,0.0
paper_max_T300,A,1.0471975511965976,0.3333333333333333,912,-48.83739784335512,-0.06577643862171928,0.5137789007794519,0.5514060585787879,0.31594309567333456
paper_max_T300,A,1.0471975511965976,0.3333333333333333,913,-48.89095795250239,-0.06577700868650949,0.5399705770842463,0.5563883610133861,0.0
paper_max_T300,A,1.0471975511965976,0.3333333333333333,914,-48.944510708011606,-0.06578019588716338,0.5137676461662961,0.5513977777426942,0.31593454346058214
paper_max_T300,A,1.0471975511965976,0.3333333333333333,915,-48.99804624659899,-0.0657766663231748,0.5399741976844045,0.5563906008988361,0.0
paper_max_T300,A,1.0471975511965976,0.3333333333333333,916,-49.051574627588295,-0.06577608262525336,0.5137918866630533,0.5514152819064015,0.3159531359778345
paper_max_T300,A,1.0471975511965976,0.3333333333333333,917,-49.10510688029527,-0.06577337215117096,0.5400071575454973,0.5564121065186458,0.0
paper_max_T300,A,1.0471975511965976,0.3333333333333333,918,-49.15865696166638,-0.06577609862866401,0.5138285688651568,0.5514419483929678,0.3159811734200972
paper_max_T300,A,1.0471975511965976,0.3333333333333333,919,-49.21222579345978,-0.0657798169595164,0.5400279702579768,0.5564257626916685,0.0
paper_max_T300,A,1.0471975511965976,0.3333333333333333,920,-49.26580377100862,-0.06578659524197761,0.5138362634403126,0.551447587993419,0.3159870284152779
paper_max_T300,A,1.0471975511965976,0.3333333333333333,921,-49.31937389306,-0.06579069050818176,0.5400277925440629,0.5564256623076501,0.0
paper_max_T300,A,1.0471975511965976,0.3333333333333333,922,-49.37292767376201,-0.06579338437298543,0.513841205138177,0.5514511591462036,0.3159908190888989
paper_max_T300,A,1.0471975511965976,0.3333333333333333,923,-49.42646562056831,-0.06579325709146899,0.5400445786357249,0.5564366155513036,0.0
paper_max_T300,A,1.0471975511965976,0.3333333333333333,924,-49.480000626960205,-0.0657919233455983,0.5138729830542721,0.5514742541621622,0.3160151115879769
paper_max_T300,A,1.0471975511965976,0.3333333333333333,925,-49.53354769832774,-0.06579394238333813,0.5400738329212212,0.5564558058353546,0.0
paper_max_T300,A,1.0471975511965976,0.3333333333333333,926,-49.587109733364514,-0.06579583355479385,0.5138936388457733,0.5514893834640728,0.3160308378352126
paper_max_T300,A,1.0471975511965976,0.3333333333333333,927,-49.640682988655755,-0.06580235998102835,0.540074338552275,0.5564562743454663,0.0
paper_max_T300,A,1.0471975511965976,0.3333333333333333,928,-49.694250777897366,-0.06580528867781626,0.5138774777683578,0.551477750595886,0.3160184265165087
paper_max_T300,A,1.0471975511965976,0.3333333333333333,929,-49.74780317348049,-0.0658085419718637,0.5400561925516253,0.5564444628024466,0.0
paper_max_T300,A,1.0471975511965976,0.3333333333333333,930,-49.80133672650055,-0.06580550778414607,0.5138650497581884,0.5514687217227316,0.31600892440911155
paper_max_T300,A,1.0471975511965976,0.3333333333333333,931,-49.8548617220022,-0.06580388902841261,0.5400567449068953,0.5564448148780469,0.0
paper_max_T300,A,1.0471975511965976,0.3333333333333333,932,-49.90838842429142,-0.06579865167624394,0.5138726732141924,0.5514742940895693,0.316014732989758
paper_max_T300,A,1.0471975511965976,0.3333333333333333,933,-49.961929221743276,-0.06579947273748316,0.5400584642410527,0.5564460249984675,0.0
paper_max_T300,A,1.0471975511965976,0.3333333333333333,934,-50.015479628541385,-0.06579860992211384,0.5138582021090667,0.551463892730234,0.31600361160158363
paper_max_T300,A,1.0471975511965976,0.3333333333333333,935,-50.069033865762634,-0.06580139602751589,0.5400303029639288,0.5564276980530155,0.0
paper_max_T300,A,1.0471975511965976,0.3333333333333333,936,-50.12257867653412,-0.06580046831097547,0.513817999247701,0.5514346938663347,0.31597286906023053
paper_max_T300,A,1.0471975511965976,0.3333333333333333,937,-50.176108290804905,-0.0657978848904428,0.540000148258952,0.5564079159589224,0.0
paper_max_T300,A,1.0471975511965976,0.3333333333333333,938,-50.22962537310568,-0.06579218629637207,0.513799716796617,0.5514213159763313,0.3159589384349044
paper_max_T300,A,1.0471975511965976,0.3333333333333333,939,-50.283139892782174,-0.06578645130292538,0.539997696761966,0.5564062407434417,0.0
paper_max_T300,A,1.0471975511965976,0.3333333333333333,940,-50.33666290509899,-0.06578233378626525,0.5138025092328905,0.551423326050249,0.3159610849363974
paper_max_T300,A,1.0471975511965976,0.3333333333333333,941,-50.39020125278475,-0.0657807609545718,0.5399939887377132,0.5564038394556168,0.0
paper_max_T300,A,1.0471975511965976,0.3333333333333333,942,-50.443751671000854,-0.06578240266379337,0.5137848732422301,0.5514105230606097,0.3159475964739271
paper_max_T300,A,1.0471975511965976,0.3333333333333333,943,-50.49730290512167,-0.0657819771513336,0.5399704090673715,0.5563883769835988,0.0
paper_max_T300,A,1.0471975511965976,0.3333333333333333,944,-50.550846400456294,-0.06578284123116912,0.513761345390593,0.5513933228019496,0.3159296613603957
paper_max_T300,A,1.0471975511965976,0.3333333333333333,945,-50.60437452197897,-0.06577783912978791,0.5399633743051272,0.5563836376085961,0.0
paper_max_T300,A,1.0471975511965976,0.3333333333333333,946,-50.65789661624834,-0.06577555555559589,0.5137733740679835,0.5514019395974848,0.3159389238988944
paper_max_T300,A,1.0471975511965976,0.3333333333333333,947,-50.711422492477226,-0.06577111586813694,0.5399856943189619,0.5563981670520081,0.0
paper_max_T300,A,1.0471975511965976,0.3333333333333333,948,-50.764965306505246,-0.06577273597493455,0.5137990146207927,0.5514205553434077,0.31595853580054895
paper_max_T300,A,1.0471975511965976,0.3333333333333333,949,-50.81852553686315,-0.06577426200921643,0.5399987186508669,0.5564066935144876,0.0
paper_max_T300,A,1.0471975511965976,0.3333333333333333,950,-50.87209599521722,-0.06578034317606785,0.5138010099732682,0.5514220043722745,0.3159600593228856
paper_max_T300,A,1.0471975511965976,0.3333333333333333,951,-50.92565986806048,-0.06578216990390895,0.5399964146992464,0.5564051476272156,0.0
paper_max_T300,A,1.0471975511965976,0.3333333333333333,952,-50.97921062656016,-0.06578499835428508,0.5138063595289118,0.5514258233071697,0.3159641861318222
paper_max_T300,A,1.0471975511965976,0.3333333333333333,953,-51.032746687454846,-0.06578326572778159,0.540015272551684,0.556417416352631,0.0
paper_max_T300,A,1.0471975511965976,0.3333333333333333,954,-51.086281856998795,-0.06578313490564824,0.5138419227422804,0.5514516345202842,0.3159913920324582
paper_max_T300,A,1.0471975511965976,0.3333333333333333,955,-51.13982903022588,-0.0657842586526084,0.5400491048905718,0.5564395675693783,0.0
paper_max_T300,A,1.0471975511965976,0.3333333333333333,956,-51.19339326157919,-0.06578786714618051,0.5138697412894074,0.55147192821946,0.31601261546675385
paper_max_T300,A,1.0471975511965976,0.3333333333333333,957,-51.24696928108929,-0.06579394192330151,0.5400580450879492,0.5564455085634029,0.0
paper_max_T300,A,1.0471975511965976,0.3333333333333333,958,-51.3005420501037,-0.06579868436209252,0.5138656064386132,0.5514690011208322,0.3160094143837955
paper_max_T300,A,1.0471975511965976,0.3333333333333333,959,-51.35409972901553,-0.06580223974201382,0.540051948696293,0.5564415606777133,0.0
paper_max_T300,A,1.0471975511965976,0.3333333333333333,960,-51.40763980801444,-0.06580127960609844,0.513867308443319,0.5514702408456666,0.3160107155439683
paper_max_T300,A,1.0471975511965976,0.3333333333333333,961,-51.461171830988235,-0.0658009990656856,0.540064292486721,0.5564496377437358,0.0
paper_max_T300,A,1.0471975511965976,0.3333333333333333,962,-51.51470689490762,-0.06579789617144116,0.5138869508313704,0.5514845604601849,0.3160257056248876
paper_max_T300,A,1.0471975511965976,0.3333333333333333,963,-51.568256735908506,-0.06580058253323984,0.5400754408527799,0.5564570244157371,0.0
paper_max_T300,A,1.0471975511965976,0.3333333333333333,964,-51.62181585952399,-0.06580118956093978,0.5138822762995252,0.5514812930395603,0.31602206439587865
paper_max_T300,A,1.0471975511965976,0.3333333333333333,965,-51.67537755461734,-0.06580584818910928,0.5400553312376712,0.5564439872406771,0.0
paper_max_T300,A,1.0471975511965976,0.3333333333333333,966,-51.7289275164826,-0.06580553023065133,0.5138502144743649,0.5514580478297813,0.3159975269184281
paper_max_T300,A,1.0471975511965976,0.3333333333333333,967,-51.782461686173406,-0.06580493728127412,0.5400307359250078,0.5564278905094466,0.0
paper_max_T300,A,1.0471975511965976,0.3333333333333333,968,-51.835982602239426,-0.06579933496525564,0.5138353776987191,0.5514472239719077,0.3159862044133295
paper_max_T300,A,1.0471975511965976,0.3333333333333333,969,-51.889502218496915,-0.06579561152773694,0.5400283487445245,0.5564263015816748,0.0
paper_max_T300,A,1.0471975511965976,0.3333333333333333,970,-51.94302897921989,-0.06579097365792852,0.5138349931621065,0.5514469666614499,0.31598589902954477
paper_max_T300,A,1.0471975511965976,0.3333333333333333,971,-51.99656969885055,-0.0657907515048115,0.5400197278641489,0.5564207242233549,0.0
paper_max_T300,A,1.0471975511965976,0.3333333333333333,972,-52.0501182319953,-0.06579092980149559,0.5138102607178108,0.5514290433485772,0.3159669671690607
paper_max_T300,A,1.0471975511965976,0.3333333333333333,973,-52.103665504790484,-0.06579091965205841,0.5399890914858154,0.5564006831598945,0.0
paper_max_T300,A,1.0471975511965976,0.3333333333333333,974,-52.15720303197091,-0.06578976260168118,0.5137777187436865,0.5514053222422812,0.3159421257446313
paper_max_T300,A,1.0471975511965976,0.3333333333333333,975,-52.2107264945835,-0.06578460928717561,0.5399729059391021,0.5563899799216685,0.0
paper_max_T300,A,1.0471975511965976,0.3333333333333333,976,-52.264244063707935,-0.06578039089722731,0.5137776588220244,0.5514051695287622,0.3159421373047246
paper_max_T300,A,1.0471975511965976,0.3333333333333333,977,-52.317765575959555,-0.06577526024180858,0.5399833559914259,0.5563967532272317,0.0
paper_max_T300,A,1.0471975511965976,0.3333333333333333,978,-52.37130181547724,-0.06577504615937368,0.5137893474605615,0.5514136463552315,0.31595108410906536
paper_max_T300,A,1.0471975511965976,0.3333333333333333,979,-52.42485341055573,-0.06577502285395331,0.5399847770854417,0.5563976832409062,0.0
paper_max_T300,A,1.0471975511965976,0.3333333333333333,980,-52.478414176200005,-0.06577931816568144,0.513779959317503,0.5514068016111695,0.3159439170194115
paper_max_T300,A,1.0471975511965976,0.3333333333333333,981,-52.531969039711896,-0.06577904266254075,0.5399743403780763,0.556390787278041,0.0
paper_max_T300,A,1.0471975511965976,0.3333333333333333,982,-52.58551306014701,-0.06578069487611338,0.5137779967682639,0.5514052732146573,0.3159424701247381
paper_max_T300,A,1.0471975511965976,0.3333333333333333,983,-52.639043848173515,-0.06577699661457914,0.5399879850678453,0.5563996127192155,0.0
paper_max_T300,A,1.0471975511965976,0.3333333333333333,984,-52.692575151184656,-0.06577669350693932,0.5138088435761943,0.5514276247557777,0.3159660880899546
paper_max_T300,A,1.0471975511965976,0.3333333333333333,985,-52.7461178808924,-0.06577608943680818,0.5400189835341835,0.5564198774314695,0.0
paper_max_T300,A,1.0471975511965976,0.3333333333333333,986,-52.79967877060335,-0.06578018495758658,0.5138357490244385,0.5514472114577272,0.31598663710370756
paper_max_T300,A,1.0471975511965976,0.3333333333333333,987,-52.853251715228026,-0.06578465057567712,0.5400297449871733,0.5564269591807033,0.0
paper_max_T300,A,1.0471975511965976,0.3333333333333333,988,-52.90682419679726,-0.06579031116774453,0.5138369258372947,0.5514480952761911,0.3159875211220919
paper_max_T300,A,1.0471975511965976,0.3333333333333333,989,-52.9603826767671,-0.06579284102657756,0.5400306791482907,0.5564275687896754,0.0
paper_max_T300,A,1.0471975511965976,0.3333333333333333,990,-53.013925910017065,-0.0657934929590524,0.513848334612257,0.5514563628655369,0.31599625716721874
paper_max_T300,A,1.0471975511965976,0.3333333333333333,991,-53.06746149835968,-0.06579321009497652,0.5400521977879669,0.5564416330371663,0.0
paper_max_T300,A,1.0471975511965976,0.3333333333333333,992,-53.12100197344884,-0.06579225867706162,0.5138786345902294,0.5514784145193447,0.3160194024371153
paper_max_T300,A,1.0471975511965976,0.3333333333333333,993,-53.17455782049663,-0.06579565486848338,0.540072991046467,0.5564553128116951,0.0
paper_max_T300,A,1.0471975511965976,0.3333333333333333,994,-53.228124364989526,-0.06579824820524582,0.5138855791201766,0.5514835774339817,0.31602464941255703
paper_max_T300,A,1.0471975511965976,0.3333333333333333,995,-53.2816932936137,-0.06580399208890297,0.5400637936971757,0.5564494061813239,0.0
paper_max_T300,A,1.0471975511965976,0.3333333333333333,996,-53.33525019730979,-0.06580523558066004,0.513866231921528,0.5514695821053426,0.3160098270485292
paper_max_T300,A,1.0471975511965976,0.3333333333333333,997,-53.38879087351802,-0.06580630293060058,0.540049800820376,0.5564402706107874,0.0
paper_max_T300,A,1.0471975511965976,0.3333333333333333,998,-53.44231828112282,-0.0658020218634543,0.5138615963624082,0.5514662050456746,0.31600628652735196
paper_max_T300,A,1.0471975511965976,0.3333333333333333,999,-53.49584541535171,-0.0658004589606942,0.5400541393302324,0.5564431143579526,0.0
paper_max_T300,A,1.0471975511965976,0.3333333333333333,1000,-53.54937950766458,-0.06579662360518801,0.513866166767601,0.5514695809545497,0.316009750777422
paper_max_T300,A,1.0471975511965976,0.3333333333333333,1001,-53.602927020153686,-0.06579837859090121,0.5400479735021865,0.5564391727457335,0.0
paper_max_T300,A,1.0471975511965976,0.3333333333333333,1002,-53.65647920590962,-0.06579835916961829,0.5138426055108019,0.551452544611565,0.3159916955812618
paper_max_T300,A,1.0471975511965976,0.3333333333333333,1003,-53.710028085813434,-0.06579979469187275,0.5400171861718879,0.5564190756446763,0.0
paper_max_T300,A,1.0471975511965976,0.3333333333333333,1004,-53.763564636347155,-0.06579764875802163,0.5138081919556461,0.5514275069190702,0.3159654015559693
paper_max_T300,A,1.0471975511965976,0.3333333333333333,1005,-53.81708781109279,-0.06579360839745291,0.5399973513072186,0.556406026380922,0.0
paper_max_T300,A,1.0471975511965976,0.3333333333333333,1006,-53.870604672968426,-0.0657880850561322,0.5138012113045948,0.5514223604130557,0.31596010249066053
paper_max_T300,A,1.0471975511965976,0.3333333333333333,1007,-53.92412597599372,-0.06578357495793363,0.5399994183162756,0.5564073437014739,0.0
paper_max_T300,A,1.0471975511965976,0.3333333333333333,1008,-53.97765930719774,-0.0657816771433668,0.5138015280794894,0.5514225959695634,0.31596034380193827
paper_max_T300,A,1.0471975511965976,0.3333333333333333,1009,-54.03120567800977,-0.06578130876764571,0.5399902027909895,0.556401335117168,0.0
paper_max_T300,A,1.0471975511965976,0.3333333333333333,1010,-54.08475831183722,-0.06578349712255249,0.5137802604777288,0.5514071269448753,0.3159440917262384
paper_max_T300,A,1.0471975511965976,0.3333333333333333,1011,-54.138304864713064,-0.06578205503015067,0.5399698273939896,0.5563879394046622,0.0
paper_max_T300,A,1.0471975511965976,0.3333333333333333,1012,-54.19184131124959,-0.06578177274804159,0.5137674435697579,0.5513977038884863,0.3159343493629802
paper_max_T300,A,1.0471975511965976,0.3333333333333333,1013,-54.24536610660155,-0.06577662077776886,0.5399740097987354,0.5563905629617288,0.0
paper_max_T300,A,1.0471975511965976,0.3333333333333333,1014,-54.29889190298144,-0.06577503485697522,0.5137876517520972,0.5514123091471107,0.3159498421408745
paper_max_T300,A,1.0471975511965976,0.3333333333333333,1015,-54.35242826782212,-0.06577272440648307,0.5399962064485027,0.5564050522456174,0.0
paper_max_T300,A,1.0471975511965976,0.3333333333333333,1016,-54.40598224678712,-0.06577601715959736,0.513806199204338,0.5514257925339567,0.3159640183558209
paper_max_T300,A,1.0471975511965976,0.3333333333333333,1017,-54.45954779365286,-0.06577843121683286,0.5400018486556982,0.5564087476270699,0.0
paper_max_T300,A,1.0471975511965976,0.3333333333333333,1018,-54.51311487224953,-0.0657837388989953,0.5138045966073962,0.5514246119449543,0.31596280007308586
paper_max_T300,A,1.0471975511965976,0.3333333333333333,1019,-54.56666940830249,-0.06578439414832937,0.5400027622669016,0.5564092989551028,0.0
paper_max_T300,A,1.0471975511965976,0.3333333333333333,1020,-54.620211387322655,-0.06578556046118456,0.513818107319239,0.5514343705179707,0.315973161920601
paper_max_T300,A,1.0471975511965976,0.3333333333333333,1021,-54.67374621570494,-0.06578411451104327,0.5400273816357097,0.5564253629434055,0.0
paper_max_T300,A,1.0471975511965976,0.3333333333333333,1022,-54.72728761484612,-0.06578452683145353,0.5138531524270513,0.551459842001697,0.3159999509577621
paper_max_T300,A,1.0471975511965976,0.3333333333333333,1023,-54.78084452026616,-0.06578733449506624,0.5400536335628449,0.5564425822084729,0.0
paper_max_T300,A,1.0471975511965976,0.3333333333333333,1024,-54.8344142431566,-0.06579156690634402,0.5138682592921997,0.551470902454835,0.31601145497592736
paper_max_T300,A,1.0471975511965976,0.3333333333333333,1025,-54.887986893839525,-0.06579716253740864,0.5400534887632362,0.5564425642945346,0.0
paper_max_T300,A,1.0471975511965976,0.3333333333333333,1026,-54.94154908636412,-0.06580011519779849,0.5138609419558868,0.5514656309912744,0.31600583839089924
paper_max_T300,A,1.0471975511965976,0.3333333333333333,1027,-54.99509513040633,-0.06580182812905644,0.5400507612995138,0.5564407945935704,0.0
paper_max_T300,A,1.0471975511965976,0.3333333333333333,1028,-55.04862888129563,-0.0657994623766105,0.5138687467556581,0.5514713024935382,0.3160118052500037
paper_max_T300,A,1.0471975511965976,0.3333333333333333,1029,-55.102163063290504,-0.06579938433671495,0.5400650401636666,0.5564501528157249,0.0
paper_max_T300,A,1.0471975511965976,0.3333333333333333,1030,-55.15570519718921,-0.06579730329848799,0.5138832369874726,0.5514818993367308,0.3160228459354832
paper_max_T300,A,1.0471975511965976,0.3333333333333333,1031,-55.20926092668208,-0.06580081008749417,0.5400666522216934,0.5564513088580106,0.0
paper_max_T300,A,1.0471975511965976,0.3333333333333333,1032,-55.26282011776763,-0.06580179458916474,0.5138677350838201,0.5514707385581137,0.3160109415017016
paper_max_T300,A,1.0471975511965976,0.3333333333333333,1033,-55.3163745517314,-0.06580494360729888,0.5400422615784749,0.5564354248591857,0.0
paper_max_T300,A,1.0471975511965976,0.3333333333333333,1034,-55.369914659931254,-0.06580309104403748,0.5138391916549899,0.5514500046704367,0.31598911631094806
paper_max_T300,A,1.0471975511965976,0.3333333333333333,1035,-55.42344159321959,-0.06580086179015959,0.5400256490637572,0.5564245258641548,0.0
paper_max_T300,A,1.0471975511965976,0.3333333333333333,1036,-55.476961848459155,-0.06579519342122037,0.5138329306648666,0.5514454217077629,0.3159843455230555
paper_max_T300,A,1.0471975511965976,0.3333333333333333,1037,-55.53048732787269,-0.06579232391282958,0.5400257060081405,0.5564245625361346,0.0
paper_max_T300,A,1.0471975511965976,0.3333333333333333,1038,-55.584022631597264,-0.06578962735438093,0.5138284391081656,0.5514421958849341,0.31598089299137433
paper_max_T300,A,1.0471975511965976,0.3333333333333333,1039,-55.637568958234084,-0.06579013756345786,0.5400108143203562,0.5564148730308087,0.0
paper_max_T300,A,1.0471975511965976,0.3333333333333333,1040,-55.691117808330006,-0.06579073179188005,0.5137997428471428,0.551421357417804,0.3159589477672874
paper_max_T300,A,1.0471975511965976,0.3333333333333333,1041,-55.7446596259183,-0.06578938401658363,0.5399832506391705,0.5563968022900281,0.0
paper_max_T300,A,1.0471975511965976,0.3333333333333333,1042,-55.79819063076198,-0.0657872273525324,0.5137777558032024,0.551405289987161,0.3159421842849436
paper_max_T300,A,1.0471975511965976,0.3333333333333333,1043,-55.85171144113903,-0.06578172018259681,0.5399782026006396,0.5563934001797444,0.0
paper_max_T300,A,1.0471975511965976,0.3333333333333333,1044,-55.90523294452407,-0.06577843261043448,0.5137861708819927,0.5514113326190122,0.3159486567479848
paper_max_T300,A,1.0471975511965976,0.3333333333333333,1045,-55.95876419840286,-0.06577520246262597,0.5399894025241747,0.5564006990924816,0.0
paper_max_T300,A,1.0471975511965976,0.3333333333333333,1046,-56.01231093453475,-0.06577687143527061,0.5137925645188042,0.5514159770485161,0.3159535462756794
paper_max_T300,A,1.0471975511965976,0.3333333333333333,1047,-56.065867890492626,-0.06577762630851186,0.5399855409907436,0.556398164234785,0.0
paper_max_T300,A,1.0471975511965976,0.3333333333333333,1048,-56.119426674513875,-0.06578149067371442,0.5137821382311896,0.5514083596271707,0.3159455951332616
paper_max_T300,A,1.0471975511965976,0.3333333333333333,1049,-56.17297424323911,-0.06578021097809206,0.5399803858768846,0.5563947156684456,0.0
paper_max_T300,A,1.0471975511965976,0.3333333333333333,1050,-56.22651145014231,-0.06578066485662498,0.5137903168510243,0.5514142139846149,0.31595189527220147
paper_max_T300,A,1.0471975511965976,0.3333333333333333,1051,-56.28004218836699,-0.06577753114206741,0.540001341023865,0.5564083557647735,0.0
paper_max_T300,A,1.0471975511965976,0.3333333333333333,1052,-56.333580431780376,-0.06577810166667492,0.5138224630534374,0.5514375497045529,0.3159764845443169
paper_max_T300,A,1.0471975511965976,0.3333333333333333,1053,-56.38713367455577,-0.06577941805319698,0.540026580314694,0.5564248804665319,0.0
paper_max_T300,A,1.0471975511965976,0.3333333333333333,1054,-56.44070133543735,-0.06578429343021341,0.5138388955844009,0.5514495333172323,0.31598902304504645
paper_max_T300,A,1.0471975511965976,0.3333333333333333,1055,-56.494272634970486,-0.06578860705798145,0.5400300860312057,0.556427206823781,0.0
paper_max_T300,A,1.0471975511965976,0.3333333333333333,1056,-56.54783604140991,-0.06579262674489939,0.5138383849971798,0.5514491720847852,0.3159886282213302
paper_max_T300,A,1.0471975511965976,0.3333333333333333,1057,-56.60138400963294,-0.06579376361273082,0.5400349875904692,0.556430401633773,0.0
paper_max_T300,A,1.0471975511965976,0.3333333333333333,1058,-56.65492146542093,-0.06579308862886196,0.5138558014868461,0.5514618134334857,0.3160019519248889
paper_max_T300,A,1.0471975511965976,0.3333333333333333,1059,-56.70845973481377,-0.06579333844121027,0.5400579539100694,0.5564454335186944,0.0
paper_max_T300,A,1.0471975511965976,0.3333333333333333,1060,-56.76200764395355,-0.06579323009225624,0.5138802721123552,0.5514796531347136,0.3160206276906872
paper_max_T300,A,1.0471975511965976,0.3333333333333333,1061,-56.81556966180361,-0.06579757412661391,0.5400686486495513,0.5564525182047888,0.0
paper_max_T300,A,1.0471975511965976,0.3333333333333333,1062,-56.869135863648836,-0.0658002146156268,0.5138756617741063,0.5514764018963226,0.31601705149922027
paper_max_T300,A,1.0471975511965976,0.3333333333333333,1063,-56.9226967585559,-0.06580454298613264,0.5400541963032439,0.5564431392203195,0.0
paper_max_T300,A,1.0471975511965976,0.3333333333333333,1064,-56.976242731536445,-0.06580397526104492,0.5138580880709127,0.5514636578999971,0.3160036038057188
paper_max_T300,A,1.0471975511965976,0.3333333333333333,1065,-57.029775518381115,-0.06580345412033689,0.5400460943783776,0.5564378352457188,0.0
paper_max_T300,A,1.0471975511965976,0.3333333333333333,1066,-57.08330181126658,-0.06579880956453849,0.5138593068786367,0.5514645409495682,0.31600453534748746
paper_max_T300,A,1.0471975511965976,0.3333333333333333,1067,-57.1368342280106,-0.06579791204400037,0.5400505542859874,0.5564407790255318,0.0
paper_max_T300,A,1.0471975511965976,0.3333333333333333,1068,-57.19037548750336,-0.0657956068553538,0.5138575557993026,0.5514633346425394,0.3160031620994379
paper_max_T300,A,1.0471975511965976,0.3333333333333333,1069,-57.24392647286783,-0.06579773567308173,0.5400365955478493,0.556431728687266,0.0
paper_max_T300,A,1.0471975511965976,0.3333333333333333,1070,-57.297476692474135,-0.06579780399444651,0.5138285959454328,0.5514423380150988,0.3159809985870895
paper_max_T300,A,1.0471975511965976,0.3333333333333333,1071,-57.35101853831506,-0.0657975981302194,0.5400076248492202,0.5564127751629661,0.0
paper_max_T300,A,1.0471975511965976,0.3333333333333333,1072,-57.40454807248392,-0.06579435548112522,0.5138031863890244,0.5514238185695474,0.3159616004582348
paper_max_T300,A,1.0471975511965976,0.3333333333333333,1073,-57.45806856348602,-0.06578967860351526,0.5399975613212307,0.5564061222632303,0.0
paper_max_T300,A,1.0471975511965976,0.3333333333333333,1074,-57.5115890927886,-0.06578507172275472,0.5138034846103801,0.5514239882046603,0.3159618532423806
paper_max_T300,A,1.0471975511965976,0.3333333333333333,1075,-57.56511888245947,-0.06578208203156843,0.5399999370144573,0.5564076693039209,0.0
paper_max_T300,A,1.0471975511965976,0.3333333333333333,1076,-57.6186611434685,-0.06578206785635377,0.5137988510104343,0.5514206338593098,0.3159583055730178
paper_max_T300,A,1.0471975511965976,0.3333333333333333,1077,-57.67221166508821,-0.06578216061870013,0.5399863390118509,0.5563987766194921,0.0
paper_max_T300,A,1.0471975511965976,0.3333333333333333,1078,-57.72576247739286,-0.06578410679221935,0.5137779021029067,0.5514053706599729,0.3159423099348723
paper_max_T300,A,1.0471975511965976,0.3333333333333333,1079,-57.77930287473242,-0.06578158310718873,0.5399724400708776,0.5563896027838806,0.0
paper_max_T300,A,1.0471975511965976,0.3333333333333333,1080,-57.832834065953506,-0.06578048429560213,0.5137764853458356,0.5514042418860614,0.3159412788630333
paper_max_T300,A,1.0471975511965976,0.3333333333333333,1081,-57.88635967405813,-0.06577593311622676,0.5399850887811352,0.5563977965004513,0.0
paper_max_T300,A,1.0471975511965976,0.3333333333333333,1082,-57.93989271984162,-0.0657755629460205,0.5137996405491743,0.5514210270754831,0.31595900406114275
paper_max_T300,A,1.0471975511965976,0.3333333333333333,1083,-57.99343968835396,-0.06577521311286116,0.5400034236035026,0.5564097845210502,0.0
paper_max_T300,A,1.0471975511965976,0.3333333333333333,1084,-58.04700124203313,-0.06577954727795493,0.5138102926677652,0.5514287789936816,0.31596714039744894
paper_max_T300,A,1.0471975511965976,0.3333333333333333,1085,-58.10056675465452,-0.06578200374704085,0.5400041537024932,0.5564102578254985,0.0
paper_max_T300,A,1.0471975511965976,0.3333333333333333,1086,-58.15412677879419,-0.06578599236728677,0.5138093341202918,0.5514280541392089,0.3159664221113826
paper_max_T300,A,1.0471975511965976,0.3333333333333333,1087,-58.207672572226045,-0.06578564563515016,0.5400105739151484,0.5564144117534832,0.0
paper_max_T300,A,1.0471975511965976,0.3333333333333333,1088,-58.26120991886086,-0.0657857794867866,0.5138300258464186,0.5514430485318428,0.31598226437007393
paper_max_T300,A,1.0471975511965976,0.3333333333333333,1089,-58.31474822438014,-0.06578522932398201,0.5400373911961309,0.5564319405854187,0.0
paper_max_T300,A,1.0471975511965976,0.3333333333333333,1090,-58.368297789682316,-0.06578654579196741,0.5138600372154853,0.5514648899309736,0.3160051895951162
paper_max_T300,A,1.0471975511965976,0.3333333333333333,1091,-58.42186184169856,-0.06579055297151015,0.5400542818668166,0.5564430498828371,0.0
paper_max_T300,A,1.0471975511965976,0.3333333333333333,1092,-58.47543199180828,-0.06579473103650024,0.5138642929618149,0.5514680556237564,0.3160084040764762
paper_max_T300,A,1.0471975511965976,0.3333333333333333,1093,-58.528997143723444,-0.06579919260271949,0.5400491019082516,0.5564397160025122,0.0
paper_max_T300,A,1.0471975511965976,0.3333333333333333,1094,-58.5825483547095,-0.06580023301835419,0.5138582555226161,0.5514636889888529,0.3160037791651378
paper_max_T300,A,1.0471975511965976,0.3333333333333333,1095,-58.63608645856755,-0.06580062649235874,0.5400511568435904,0.5564410616499509,0.0
paper_max_T300,A,1.0471975511965976,0.3333333333333333,1096,-58.689618983734704,-0.06579770253683609,0.5138701227900643,0.5514723214249027,0.31601284612382086
paper_max_T300,A,1.0471975511965976,0.3333333333333333,1097,-58.74315842686761,-0.06579833677588709,0.5400638487797371,0.5564494008938939,0.0
paper_max_T300,A,1.0471975511965976,0.3333333333333333,1098,-58.796707142051986,-0.06579740088095959,0.5138764958982215,0.5514770309970434,0.31601767639429884
paper_max_T300,A,1.0471975511965976,0.3333333333333333,1099,-58.85026514038901,-0.06580114087841565,0.5400562582999728,0.5564445293200331,0.0
paper_max_T300,A,1.0471975511965976,0.3333333333333333,1100,-58.90382055179356,-0.06580182523910133,0.513853999404379,0.5514607536476244,0.3160004424458812
paper_max_T300,A,1.0471975511965976,0.3333333333333333,1101,-58.957366361570564,-0.06580318847764727,0.5400320611127744,0.5564287294384753,0.0
paper_max_T300,A,1.0471975511965976,0.3333333333333333,1102,-59.01089845787669,-0.06579999688323585,0.5138322594675122,0.5514449361565347,0.31598383191589063
paper_max_T300,A,1.0471975511965976,0.3333333333333333,1103,-59.06442228876508,-0.06579692940022203,0.5400231033184939,0.5564228345168925,0.0
paper_max_T300,A,1.0471975511965976,0.3333333333333333,1104,-59.117945708725465,-0.06579196090168737,0.5138310378808302,0.5514440336154485,0.3159829049534446
paper_max_T300,A,1.0471975511965976,0.3333333333333333,1105,-59.171478374867974,-0.06579023438077791,0.5400219589744935,0.556422106565594,0.0
paper_max_T300,A,1.0471975511965976,0.3333333333333333,1106,-59.225020649398694,-0.06578919778803588,0.5138205850752992,0.5514364770189069,0.3159748946896896
paper_max_T300,A,1.0471975511965976,0.3333333333333333,1107,-59.27856909794424,-0.06578977276113962,0.5400023133417238,0.5564092845373895,0.0
paper_max_T300,A,1.0471975511965976,0.3333333333333333,1108,-59.332115084009764,-0.06579008902672456,0.5137920966595656,0.5514157565363976,0.31595312464471303
paper_max_T300,A,1.0471975511965976,0.3333333333333333,1109,-59.385650775190925,-0.06578742264864024,0.5399811691440229,0.556395389036292,0.0
paper_max_T300,A,1.0471975511965976,0.3333333333333333,1110,-59.43917730595736,-0.06578463261252054,0.5137814532593161,0.5514079344840128,0.3159450329499178
paper_max_T300,A,1.0471975511965976,0.3333333333333333,1111,-59.4926992787078,-0.06577955107669392,0.5399847086521344,0.5563976303221,0.0
paper_max_T300,A,1.0471975511965976,0.3333333333333333,1112,-59.546227796158085,-0.06577768589936106,0.5137934559800987,0.55141661693214,0.31595423127667155
paper_max_T300,A,1.0471975511965976,0.3333333333333333,1113,-59.59976887540638,-0.065776231094191,0.5399932164114862,0.5564031882988992,0.0
paper_max_T300,A,1.0471975511965976,0.3333333333333333,1114,-59.65332301050522,-0.06577915143663987,0.5137939133708336,0.5514169482652521,0.315954581137702
paper_max_T300,A,1.0471975511965976,0.3333333333333333,1115,-59.70688069088732,-0.06577992718284686,0.5399864478157052,0.5563987377834828,0.0
paper_max_T300,A,1.0471975511965976,0.3333333333333333,1116,-59.760434153201686,-0.06578282265642893,0.5137863500159466,0.5514113985420194,0.3159488260586745
paper_max_T300,A,1.0471975511965976,0.3333333333333333,1117,-59.81397478387198,-0.06578074861813732,0.5399884881142402,0.5563999995227369,0.0
paper_max_T300,A,1.0471975511965976,0.3333333333333333,1118,-59.86750872019876,-0.06578056797959858,0.5138033370129496,0.5514236757096339,0.31596184909554026
paper_max_T300,A,1.0471975511965976,0.3333333333333333,1119,-59.92104366633418,-0.06577857612924154,0.5400130094059332,0.5564160036242635,0.0
paper_max_T300,A,1.0471975511965976,0.3333333333333333,1120,-59.97459071849188,-0.06578028611917475,0.5138321543859568,0.5514446220303634,0.31598387685520946
paper_max_T300,A,1.0471975511965976,0.3333333333333333,1121,-60.02815211537783,-0.06578302332983965,0.5400305659875215,0.5564275167969924,0.0
paper_max_T300,A,1.0471975511965976,0.3333333333333333,1122,-60.08172157473887,-0.06578796160611328,0.5138396369441626,0.5514500973011763,0.31598957611239464
paper_max_T300,A,1.0471975511965976,0.3333333333333333,1123,-60.135286856219665,-0.06579147294889864,0.5400303981178641,0.556427426987787,0.0
paper_max_T300,A,1.0471975511965976,0.3333333333333333,1124,-60.18884029053239,-0.06579370235747217,0.5138412842062658,0.5514512906357638,0.31599083864024313
paper_max_T300,A,1.0471975511965976,0.3333333333333333,1125,-60.24238100548443,-0.06579390960361814,0.5400402117249565,0.5564338333199348,0.0
paper_max_T300,A,1.0471975511965976,0.3333333333333333,1126,-60.2959176094952,-0.06579268197311205,0.5138623542778805,0.5514666022866258,0.3160069463698164
paper_max_T300,A,1.0471975511965976,0.3333333333333333,1127,-60.34946162576305,-0.06579387513266344,0.5400610248751881,0.5564474777754217,0.0
paper_max_T300,A,1.0471975511965976,0.3333333333333333,1128,-60.4030163567129,-0.06579468605767524,0.5138780583790703,0.5514780853967256,0.31601891330988285
paper_max_T300,A,1.0471975511965976,0.3333333333333333,1129,-60.456580597853986,-0.06579934516545677,0.5400619486776086,0.5564481682022431,0.0
paper_max_T300,A,1.0471975511965976,0.3333333333333333,1130,-60.510142270535255,-0.06580138850772138,0.5138655961974811,0.551469102338696,0.3160093488068017
paper_max_T300,A,1.0471975511965976,0.3333333333333333,1131,-60.56369364909316,-0.06580400651892987,0.5400465249415594,0.5564381199401186,0.0
paper_max_T300,A,1.0471975511965976,0.3333333333333333,1132,-60.61723075745816,-0.06580186019378492,0.5138529178422832,0.5514598918687731,0.3159996550683234
paper_max_T300,A,1.0471975511965976,0.3333333333333333,1133,-60.6707600561033,-0.06580048738636546,0.5400440157537538,0.556436469405724,0.0
paper_max_T300,A,1.0471975511965976,0.3333333333333333,1134,-60.72428910936732,-0.06579624808507878,0.5138567473482123,0.5514626862486072,0.31600257529464837
paper_max_T300,A,1.0471975511965976,0.3333333333333333,1135,-60.77782782835525,-0.06579625697810565,0.5400453720883747,0.5564374000948331,0.0
paper_max_T300,A,1.0471975511965976,0.3333333333333333,1136,-60.83137435472219,-0.0657952468425167,0.5138473232562621,0.5514559024788236,0.31599533770039473
paper_max_T300,A,1.0471975511965976,0.3333333333333333,1137,-60.884925356329774,-0.06579711496445506,0.5400254750288902,0.5564244416875254,0.0
paper_max_T300,A,1.0471975511965976,0.3333333333333333,1138,-60.93847098650805,-0.06579667654272897,0.5138173579287801,0.5514341387044244,0.3159724237038593
paper_max_T300,A,1.0471975511965976,0.3333333333333333,1139,-60.992005880759436,-0.06579489776603598,0.5400017909501328,0.556408915644205,0.0
paper_max_T300,A,1.0471975511965976,0.3333333333333333,1140,-61.045530929830605,-0.06579098262506855,0.513801942352316,0.55142287584314,0.31596066912632736
paper_max_T300,A,1.0471975511965976,0.3333333333333333,1141,-61.09905247135598,-0.06578645904436686,0.5399992694569274,0.5564072138683795,0.0
paper_max_T300,A,1.0471975511965976,0.3333333333333333,1142,-61.15257935030837,-0.06578326969248394,0.51380514283146,0.551425179773562,0.31596312821520944
paper_max_T300,A,1.0471975511965976,0.3333333333333333,1143,-61.20611752755512,-0.06578171465000021,0.5399989799030064,0.5564070320425801,0.0
paper_max_T300,A,1.0471975511965976,0.3333333333333333,1144,-61.25966598286872,-0.06578299249333136,0.5137953043596064,0.5514180372063248,0.3159556036594422
paper_max_T300,A,1.0471975511965976,0.3333333333333333,1145,-61.313216817745655,-0.06578288578571612,0.5399835043158482,0.5563968897736311,0.0
paper_max_T300,A,1.0471975511965976,0.3333333333333333,1146,-61.366763147756565,-0.06578409951972508,0.5137785077941681,0.5514057733071293,0.3159427920026495
paper_max_T300,A,1.0471975511965976,0.3333333333333333,1147,-61.4202978918755,-0.06578076847213843,0.5399778636558193,0.5563931176725634,0.0
paper_max_T300,A,1.0471975511965976,0.3333333333333333,1148,-61.47382696655222,-0.06577938989019944,0.5137870661684865,0.5514119137585625,0.3159493769820482
paper_max_T300,A,1.0471975511965976,0.3333333333333333,1149,-61.52735716345384,-0.06577602271608934,0.5399952586298271,0.5564044474042676,0.0
paper_max_T300,A,1.0471975511965976,0.3333333333333333,1150,-61.58089918072743,-0.06577706965443048,0.5138086252655213,0.5514275671577649,0.31596586638154045
paper_max_T300,A,1.0471975511965976,0.3333333333333333,1151,-61.63445472473515,-0.06577820703208281,0.5400078108498144,0.556412664279121,0.0
paper_max_T300,A,1.0471975511965976,0.3333333333333333,1152,-61.688019286038674,-0.06578284118290506,0.5138127017122814,0.5514305363752345,0.3159689778022208
paper_max_T300,A,1.0471975511965976,0.3333333333333333,1153,-61.74158050659095,-0.06578473344706048,0.5400068336411677,0.5564120108325403,0.0
paper_max_T300,A,1.0471975511965976,0.3333333333333333,1154,-61.795132229040675,-0.06578722505369994,0.51381567735059,0.5514326644182659,0.31597127126902036
paper_max_T300,A,1.0471975511965976,0.3333333333333333,1155,-61.84867199779164,-0.06578631603424112,0.5400192477512549,0.5564200932854318,0.0
paper_max_T300,A,1.0471975511965976,0.3333333333333333,1156,-61.902209248776856,-0.06578610504565219,0.5138408364835195,0.5514509269930348,0.31599051663667443
paper_max_T300,A,1.0471975511965976,0.3333333333333333,1157,-61.95575401189532,-0.06578678977374913,0.5400444935802668,0.5564366183315552,0.0
paper_max_T300,A,1.0471975511965976,0.3333333333333333,1158,-62.009311155127065,-0.06578901306166135,0.5138627555949693,0.5514669047706326,0.31600724628731625
paper_max_T300,A,1.0471975511965976,0.3333333333333333,1159,-62.062878291366886,-0.06579355242954088,0.5400521838884661,0.5564417110504595,0.0
paper_max_T300,A,1.0471975511965976,0.3333333333333333,1160,-62.116444346378785,-0.06579702644059748,0.5138595300006102,0.5514646165215653,0.3160047514323636
paper_max_T300,A,1.0471975511965976,0.3333333333333333,1161,-62.17000013964858,-0.06580003476365204,0.5400458696570669,0.5564376126364963,0.0
paper_max_T300,A,1.0471975511965976,0.3333333333333333,1162,-62.22354227341229,-0.06579939061285728,0.5138574984845848,0.5514631454634061,0.3160031965081344
paper_max_T300,A,1.0471975511965976,0.3333333333333333,1163,-62.277076868211765,-0.06579912299828561,0.5400522210218084,0.5564417676148081,0.0
paper_max_T300,A,1.0471975511965976,0.3333333333333333,1164,-62.3306120941574,-0.0657963752431876,0.5138702208151723,0.5514724137835196,0.31601290917761393
paper_max_T300,A,1.0471975511965976,0.3333333333333333,1165,-62.38415762843631,-0.0657978863851601,0.5400602966315623,0.5564471030832348,0.0
paper_max_T300,A,1.0471975511965976,0.3333333333333333,1166,-62.43771067042768,-0.06579787537547677,0.513867391420999,0.5514704353334301,0.316010705539656
paper_max_T300,A,1.0471975511965976,0.3333333333333333,1167,-62.491267223889096,-0.06580120776525333,0.5400455170304159,0.5564375089525211,0.0
paper_max_T300,A,1.0471975511965976,0.3333333333333333,1168,-62.5448163853482,-0.0658010740701408,0.5138423548961027,0.5514522776486471,0.3159915473719721
paper_max_T300,A,1.0471975511965976,0.3333333333333333,1169,-62.59835412681477,-0.06580072744434284,0.5400250037327615,0.5564240871113069,0.0
paper_max_T300,A,1.0471975511965976,0.3333333333333333,1170,-62.65188123272897,-0.06579667213888735,0.513828534077692,0.551442204395434,0.3159809959908667
paper_max_T300,A,1.0471975511965976,0.3333333333333333,1171,-62.70540578250916,-0.0657935308356844,0.5400217564094338,0.5564219380863996,0.0
paper_max_T300,A,1.0471975511965976,0.3333333333333333,1172,-62.75893476172428,-0.06578978319727269,0.5138284830819858,0.5514421711793521,0.315980955066124
paper_max_T300,A,1.0471975511965976,0.3333333333333333,1173,-62.81247420196728,-0.06578912515651553,0.5400169389167988,0.5564188175271718,0.0
paper_max_T300,A,1.0471975511965976,0.3333333333333333,1174,-62.866020825628325,-0.06578921869288945,0.5138122881161576,0.5514304307158563,0.31596856038577137
paper_max_T300,A,1.0471975511965976,0.3333333333333333,1175,-62.91956819764877,-0.06578927533943307,0.5399952937042597,0.5564046602316576,0.0
paper_max_T300,A,1.0471975511965976,0.3333333333333333,1176,-62.97310946375708,-0.06578890141990462,0.5137879553870105,0.5514127053129426,0.3159499798140867
paper_max_T300,A,1.0471975511965976,0.3333333333333333,1177,-63.02663998339794,-0.06578525140098657,0.5399824064028927,0.5563961581210161,0.0
paper_max_T300,A,1.0471975511965976,0.3333333333333333,1178,-63.08016505681073,-0.0657823767628597,0.5137873686384143,0.5514122060446578,0.31594956950998143
paper_max_T300,A,1.0471975511965976,0.3333333333333333,1179,-63.13369154526694,-0.06577832369605341,0.539991045018143,0.5564017624257307,0.0
paper_max_T300,A,1.0471975511965976,0.3333333333333333,1180,-63.18722856035862,-0.06577805887026439,0.5137987345817207,0.551420449380546,0.3159582682961803
paper_max_T300,A,1.0471975511965976,0.3333333333333333,1181,-63.240777727460085,-0.06577795706202982,0.5399951464214457,0.556404444855405,0.0
paper_max_T300,A,1.0471975511965976,0.3333333333333333,1182,-63.29433529228851,-0.06578139637632568,0.5137946002214295,0.5514174359490722,0.31595511138328913
paper_max_T300,A,1.0471975511965976,0.3333333333333333,1183,-63.3478899262241,-0.06578166197059426,0.5399884918346887,0.556400056383196,0.0
paper_max_T300,A,1.0471975511965976,0.3333333333333333,1184,-63.40143679525376,-0.06578340552393247,0.5137928350277474,0.551416095276795,0.3159537921481934
paper_max_T300,A,1.0471975511965976,0.3333333333333333,1185,-63.45497277015292,-0.06578099197987408,0.5399979049184964,0.556406152918629,0.0
paper_max_T300,A,1.0471975511965976,0.3333333333333333,1186,-63.50850748051958,-0.065780791618123,0.5138156777057056,0.5514326530333459,0.3159712782901357
paper_max_T300,A,1.0471975511965976,0.3333333333333333,1187,-63.56204944853934,-0.065780249218784,0.5400221162382822,0.5564219804298898,0.0
paper_max_T300,A,1.0471975511965976,0.3333333333333333,1188,-63.61560484409564,-0.06578302740911002,0.513838007643343,0.5514489032083237,0.3159883362117196
paper_max_T300,A,1.0471975511965976,0.3333333333333333,1189,-63.669170499275594,-0.06578651527440871,0.5400319670901733,0.5564284563942227,0.0
paper_max_T300,A,1.0471975511965976,0.3333333333333333,1190,-63.72273711994342,-0.0657908440305896,0.5138395221913006,0.5514500305911368,0.3159894796105156
paper_max_T300,A,1.0471975511965976,0.3333333333333333,1191,-63.77629414336897,-0.06579322978114427,0.5400315671164921,0.556428202043826,0.0
paper_max_T300,A,1.0471975511965976,0.3333333333333333,1192,-63.82983909806467,-0.06579386320313907,0.5138455332875872,0.5514543891129896,0.3159940813085689
paper_max_T300,A,1.0471975511965976,0.3333333333333333,1193,-63.883376765494646,-0.06579373058697424,0.5400454753852738,0.556437292782868,0.0
paper_max_T300,A,1.0471975511965976,0.3333333333333333,1194,-63.93691641057755,-0.06579261693690669,0.5138668847692208,0.5514699231805674,0.3160103940063479
paper_max_T300,A,1.0471975511965976,0.3333333333333333,1195,-63.99046693537338,-0.0657948380814879,0.5400610993194471,0.5564475597084595,0.0
paper_max_T300,A,1.0471975511965976,0.3333333333333333,1196,-64.04402598473045,-0.06579632540891717,0.5138727604694185,0.5514742666423577,0.3160148466731065
paper_max_T300,A,1.0471975511965976,0.3333333333333333,1197,-64.09758837455621,-0.06580063262040281,0.5400542125474583,0.5564431273323794,0.0
paper_max_T300,A,1.0471975511965976,0.3333333333333333,1198,-64.15114285582877,-0.06580159968009619,0.5138567344773008,0.5514626657194391,0.316002572472202
paper_max_T300,A,1.0471975511965976,0.3333333333333333,1199,-64.204685367584,-0.06580255987571376,0.5400411422605712,0.5564345917163568,0.0
paper_max_T300,A,1.0471975511965976,0.3333333333333333,1200,-64.25821693533172,-0.06579933235412883,0.5138499987766155,0.5514577636943381,0.31599742630436023
paper_max_T300,A,1.0471975511965976,0.3333333333333333,1201,-64.3117467026303,-0.06579781238404847,0.5400424104711207,0.556435419080226,0.0
paper_max_T300,A,1.0471975511965976,0.3333333333333333,1202,-64.36528074104164,-0.06579450353976302,0.5138529242784026,0.5514599160140133,0.3159996483107367
paper_max_T300,A,1.0471975511965976,0.3333333333333333,1203,-64.4188249823678,-0.06579531903103736,0.5400385864617995,0.5564329690845169,0.0
paper_max_T300,A,1.0471975511965976,0.3333333333333333,1204,-64.47237400632041,-0.06579513147641025,0.5138364426312954,0.5514479905291241,0.3159870222967205
paper_max_T300,A,1.0471975511965976,0.3333333333333333,1205,-64.5259221391676,-0.06579619742668619,0.5400157316937845,0.5564180468245221,0.0
paper_max_T300,A,1.0471975511965976,0.3333333333333333,1206,-64.57946200179225,-0.06579492568793838,0.5138095595577212,0.5514284374488972,0.3159664791466029
paper_max_T300,A,1.0471975511965976,0.3333333333333333,1207,-64.63299147181621,-0.06579194295118496,0.5399992885356671,0.556407242603261,0.0
paper_max_T300,A,1.0471975511965976,0.3333333333333333,1208,-64.68651518003662,-0.0657879385842971,0.5138030947421461,0.5514236868467061,0.31596156383026264
paper_max_T300,A,1.0471975511965976,0.3333333333333333,1209,-64.74004081980692,-0.06578417824985405,0.5400011695704743,0.5564084423274126,0.0
paper_max_T300,A,1.0471975511965976,0.3333333333333333,1210,-64.79357521820295,-0.06578259407048986,0.5138054498364344,0.5514253943324405,0.31596336747329856
paper_max_T300,A,1.0471975511965976,0.3333333333333333,1211,-64.84712017092558,-0.06578210183504851,0.5399968688097683,0.5564056384435188,0.0
paper_max_T300,A,1.0471975511965976,0.3333333333333333,1212,-64.90067144553353,-0.06578398372158556,0.5137919850119846,0.551415602941481,0.31595307691260255
paper_max_T300,A,1.0471975511965976,0.3333333333333333,1213,-64.95421954081573,-0.06578323285802817,0.5399825552583308,0.5563962377631898,0.0
paper_max_T300,A,1.0471975511965976,0.3333333333333333,1214,-65.00776045152185,-0.06578356073038794,0.513782160857182,0.5514083980604549,0.3159456001999519
paper_max_T300,A,1.0471975511965976,0.3333333333333333,1215,-65.06129163532978,-0.06577991672290406,0.5399852471525415,0.5563979269718848,0.0
paper_max_T300,A,1.0471975511965976,0.3333333333333333,1216,-65.11482217364853,-0.06577883281038682,0.5137977174641648,0.5514196488089509,0.31595752259073656
paper_max_T300,A,1.0471975511965976,0.3333333333333333,1217,-65.16835952069621,-0.06577696015948115,0.5400035707870345,0.5564098899390985,0.0
paper_max_T300,A,1.0471975511965976,0.3333333333333333,1218,-65.22191017920133,-0.06577930238100987,0.5138145787574075,0.5514319051217116,0.31597041092225076
paper_max_T300,A,1.0471975511965976,0.3333333333333333,1219,-65.27547080071264,-0.0657812898535568,0.5400102469810525,0.5564142647546274,0.0
paper_max_T300,A,1.0471975511965976,0.3333333333333333,1220,-65.32903394729506,-0.06578553734216913,0.513814774913775,0.5514320457030599,0.3159705610001925
paper_max_T300,A,1.0471975511965976,0.3333333333333333,1221,-65.38258847895854,-0.0657865713386998,0.5400106068454514,0.5564144785747117,0.0
paper_max_T300,A,1.0471975511965976,0.3333333333333333,1222,-65.4361329448683,-0.0657877223311591,0.5138234017510078,0.5514382816415709,0.3159771745441091
paper_max_T300,A,1.0471975511965976,0.3333333333333333,1223,-65.4896704935523,-0.06578680201035159,0.5400278530036499,0.5564257347314752,0.0
paper_max_T300,A,1.0471975511965976,0.3333333333333333,1224,-65.54321138216551,-0.06578683030630555,0.513849425764974,0.5514571946421378,0.3159970687594662
paper_max_T300,A,1.0471975511965976,0.3333333333333333,1225,-65.59676338705307,-0.06578877521830412,0.5400483867501664,0.5564391959087226,0.0
paper_max_T300,A,1.0471975511965976,0.3333333333333333,1226,-65.65032555063236,-0.06579161367716596,0.5138620675595872,0.5514664366247318,0.3160067032145465
paper_max_T300,A,1.0471975511965976,0.3333333333333333,1227,-65.70389144199713,-0.0657959976239082,0.5400486341208073,0.5564394123763252,0.0
paper_max_T300,A,1.0471975511965976,0.3333333333333333,1228,-65.75745039050307,-0.06579829190213027,0.5138552963211619,0.5514615520104659,0.3160015086653829
paper_max_T300,A,1.0471975511965976,0.3333333333333333,1229,-65.81099724458653,-0.06579986811186023,0.5400441709860138,0.5564365066490785,0.0
paper_max_T300,A,1.0471975511965976,0.3333333333333333,1230,-65.86453364100583,-0.0657980228660886,0.5138580402171978,0.5514635460083928,0.3160036064259272
paper_max_T300,A,1.0471975511965976,0.3333333333333333,1231,-65.9180687546364,-0.06579772111561355,0.5400529384944613,0.5564422497320817,0.0
paper_max_T300,A,1.0471975511965976,0.3333333333333333,1232,-65.97160883290233,-0.06579564786446335,0.5138682338784768,0.5514709911082558,0.316011378650248
paper_max_T300,A,1.0471975511965976,0.3333333333333333,1233,-66.02515936117699,-0.06579788325882341,0.540054526686261,0.5564433496710637,0.0
paper_max_T300,A,1.0471975511965976,0.3333333333333333,1234,-66.0787136449749,-0.06579835634033382,0.5138570216101506,0.5514629094054446,0.31600277301611884
paper_max_T300,A,1.0471975511965976,0.3333333333333333,1235,-66.13226582964572,-0.06580074550463272,0.5400356251169103,0.556431032919851,0.0
paper_max_T300,A,1.0471975511965976,0.3333333333333333,1236,-66.18580793092383,-0.065799536135762,0.5138335530208525,0.5514458620419914,0.3159848280439452
paper_max_T300,A,1.0471975511965976,0.3333333333333333,1237,-66.23933961122079,-0.06579784678571782,0.5400207939166846,0.5564213098908252,0.0
paper_max_T300,A,1.0471975511965976,0.3333333333333333,1238,-66.29286512949832,-0.06579354371076424,0.513826803739459,0.5514409303388736,0.3159796814708434
paper_max_T300,A,1.0471975511965976,0.3333333333333333,1239,-66.34639327307497,-0.06579091619061339,0.5400204515970959,0.5564210771959653,0.0
paper_max_T300,A,1.0471975511965976,0.3333333333333333,1240,-66.39992863816458,-0.06578859905302642,0.5138246699266041,0.5514393964149318,0.3159780421287401
paper_max_T300,A,1.0471975511965976,0.3333333333333333,1241,-66.45347314576986,-0.06578866547443307,0.5400110326709926,0.5564149449489663,0.0
paper_max_T300,A,1.0471975511965976,0.3333333333333333,1242,-66.5070211481515,-0.06578926679011365,0.5138046444645319,0.5514248539956781,0.3159627280152694
paper_max_T300,A,1.0471975511965976,0.3333333333333333,1243,-66.56056511482996,-0.06578843320887923,0.5399905694971013,0.5564015362932708,0.0
paper_max_T300,A,1.0471975511965976,0.3333333333333333,1244,-66.61410130311421,-0.06578727402285228,0.513787347034754,0.5514122276742667,0.31594953292954575
paper_max_T300,A,1.0471975511965976,0.3333333333333333,1245,-66.66762883076686,-0.06578317533276945,0.5399860829720441,0.5563985349139013,0.0
paper_max_T300,A,1.0471975511965976,0.3333333333333333,1246,-66.72115569310782,-0.06578078551235028,0.5137940212686977,0.5514170256034976,0.31595466336292655
paper_max_T300,A,1.0471975511965976,0.3333333333333333,1247,-66.77468894117246,-0.06577808958006282,0.5399962436713309,0.5564051578079467,0.0
paper_max_T300,A,1.0471975511965976,0.3333333333333333,1248,-66.82823417907457,-0.06577928755169204,0.5138019094884724,0.5514227546870523,0.3159606959902097
paper_max_T300,A,1.0471975511965976,0.3333333333333333,1249,-66.88178842227194,-0.06577995837824924,0.5399959516950862,0.5564049637924661,0.0
paper_max_T300,A,1.0471975511965976,0.3333333333333333,1250,-66.93534550389114,-0.06578324282225873,0.513795787696199,0.5514182860883392,0.31595602537866
paper_max_T300,A,1.0471975511965976,0.3333333333333333,1251,-66.98889487311706,-0.06578276314697329,0.5399922202013611,0.5564024800065053,0.0
paper_max_T300,A,1.0471975511965976,0.3333333333333333,1252,-67.04243591235523,-0.06578349157833474,0.5138012088808948,0.551422171714484,0.3159601986553172
paper_max_T300,A,1.0471975511965976,0.3333333333333333,1253,-67.09597059247807,-0.06578128562756669,0.5400076107741055,0.556412503622933,0.0
paper_max_T300,A,1.0471975511965976,0.3333333333333333,1254,-67.14950953370743,-0.06578157622288561,0.5138261565461854,0.5514402834405755,0.31597928068419834
paper_max_T300,A,1.0471975511965976,0.3333333333333333,1255,-67.20305935991172,-0.06578248303651862,0.5400283006575916,0.55642604671746,0.0
paper_max_T300,A,1.0471975511965976,0.3333333333333333,1256,-67.25662069306588,-0.06578598462396845,0.5138406891035985,0.5514508749470673,0.31599037342796593
paper_max_T300,A,1.0471975511965976,0.3333333333333333,1257,-67.31018628167546,-0.06578954006698079,0.5400319695315676,0.5564284747656811,0.0
paper_max_T300,A,1.0471975511965976,0.3333333333333333,1258,-67.36374677665364,-0.06579276864345057,0.5138397541329656,0.55145020960106,0.3159896516028885
paper_max_T300,A,1.0471975511965976,0.3333333333333333,1259,-67.41729558039134,-0.06579403366164688,0.5400339004200289,0.5564297359373659,0.0
paper_max_T300,A,1.0471975511965976,0.3333333333333333,1260,-67.47083514639384,-0.0657935140210894,0.513850493088042,0.5514580054495584,0.3159978663328544
paper_max_T300,A,1.0471975511965976,0.3333333333333333,1261,-67.52437373076071,-0.06579359660932538,0.5400498161768091,0.5564401510531172,0.0
paper_max_T300,A,1.0471975511965976,0.3333333333333333,1262,-67.57791854933261,-0.06579303792748364,0.5138686829887107,0.5514712581758363,0.31601175329592945
paper_max_T300,A,1.0471975511965976,0.3333333333333333,1263,-67.63147430711805,-0.06579607457453418,0.5400584014613583,0.5564458234065264,0.0
paper_max_T300,A,1.0471975511965976,0.3333333333333333,1264,-67.68503426394406,-0.06579779578052536,0.5138655403298913,0.5514690404665696,0.3160093162670068
paper_max_T300,A,1.0471975511965976,0.3333333333333333,1265,-67.73859160024094,-0.06580120066729045,0.5400466757300301,0.5564382055194176,0.0
paper_max_T300,A,1.0471975511965976,0.3333333333333333,1266,-67.792138090219,-0.0658008709826503,0.5138498856583603,0.5514576847472402,0.3159973384555901
paper_max_T300,A,1.0471975511965976,0.3333333333333333,1267,-67.84567397551072,-0.06580051018224342,0.540037844440109,0.5564324262819262,0.0
paper_max_T300,A,1.0471975511965976,0.3333333333333333,1268,-67.89920364615537,-0.06579682760181849,0.513848279136526,0.5514565112546737,0.3159961125225596
paper_max_T300,A,1.0471975511965976,0.3333333333333333,1269,-67.9527366931848,-0.06579569479874325,0.5400402915035203,0.5564340373519616,0.0
paper_max_T300,A,1.0471975511965976,0.3333333333333333,1270,-68.00627623257462,-0.06579353718558972,0.5138474219440214,0.5514559246984856,0.3159954381911846
paper_max_T300,A,1.0471975511965976,0.3333333333333333,1271,-68.05982401149731,-0.06579481076018379,0.5400307005949315,0.5564278122332194,0.0
paper_max_T300,A,1.0471975511965976,0.3333333333333333,1272,-68.11337267631487,-0.06579488800255306,0.5138260835084819,0.551440449511599,0.31597910954589525
paper_max_T300,A,1.0471975511965976,0.3333333333333333,1273,-68.1669161291797,-0.0657948226192201,0.5400082126733887,0.5564131022281397,0.0
paper_max_T300,A,1.0471975511965976,0.3333333333333333,1274,-68.22045048879312,-0.06579269103527574,0.5138052665189217,0.5514252864221473,0.3159632129972
paper_max_T300,A,1.0471975511965976,0.3333333333333333,1275,-68.27397699869996,-0.06578905957008874,0.5399992940955878,0.556407219417845,0.0
paper_max_T300,A,1.0471975511965976,0.3333333333333333,1276,-68.32750245239845,-0.06578555326948704,0.5138052459359438,0.5514252339657486,0.3159632169680898
paper_max_T300,A,1.0471975511965976,0.3333333333333333,1277,-68.3810340935961,-0.06578289515487212,0.5400023562010431,0.5564092105026567,0.0
paper_max_T300,A,1.0471975511965976,0.3333333333333333,1278,-68.43457565192176,-0.06578279321889202,0.5138043273782577,0.5514245707679518,0.3159625133417254
paper_max_T300,A,1.0471975511965976,0.3333333333333333,1279,-68.48812476971315,-0.06578284246792854,0.5399943166298029,0.5564039534800963,0.0
paper_max_T300,A,1.0471975511965976,0.3333333333333333,1280,-68.54167560052099,-0.06578469855058572,0.5137899436910043,0.5514140961944267,0.3159515279673919
paper_max_T300,A,1.0471975511965976,0.3333333333333333,1281,-68.59521921743936,-0.06578314007788655,0.5399839217381566,0.5563971045723842,0.0
paper_max_T300,A,1.0471975511965976,0.3333333333333333,1282,-68.64875546888763,-0.06578272950442021,0.5137883611303574,0.5514128827864141,0.3159503513112767
paper_max_T300,A,1.0471975511965976,0.3333333333333333,1283,-68.70228609772062,-0.06577934018929155,0.5399934928978498,0.5564033108469699,0.0
paper_max_T300,A,1.0471975511965976,0.3333333333333333,1284,-68.75582120995071,-0.06577901516597817,0.513807194219146,0.5514265383866046,0.31596476582789734
paper_max_T300,A,1.0471975511965976,0.3333333333333333,1285,-68.80936655313286,-0.0657786426907338,0.5400095959987707,0.556413839244851,0.0
paper_max_T300,A,1.0471975511965976,0.3333333333333333,1286,-68.86292373389708,-0.06578189951970487,0.5138180472272688,0.5514344352108648,0.3159730568482554
paper_max_T300,A,1.0471975511965976,0.3333333333333333,1287,-68.91648540800892,-0.06578408982716244,0.5400117738717894,0.5564152673518753,0.0
paper_max_T300,A,1.0471975511965976,0.3333333333333333,1288,-68.97004382979685,-0.06578744902592926,0.5138175378378343,0.5514340540604841,0.31597267294627795
paper_max_T300,A,1.0471975511965976,0.3333333333333333,1289,-69.02359138898785,-0.06578764203643805,0.5400156497018307,0.5564177781699668,0.0
paper_max_T300,A,1.0471975511965976,0.3333333333333333,1290,-69.07713129403265,-0.06578784808513971,0.5138317795205404,0.5514443778840937,0.31598357489800577
paper_max_T300,A,1.0471975511965976,0.3333333333333333,1291,-69.13067037841932,-0.06578742420892925,0.5400354010880921,0.5564306886357753,0.0
paper_max_T300,A,1.0471975511965976,0.3333333333333333,1292,-69.18421702051259,-0.06578805969647983,0.5138550859384645,0.5514613346144179,0.31600138119691334
paper_max_T300,A,1.0471975511965976,0.3333333333333333,1293,-69.2377749894957,-0.06579100732638665,0.5400492924318814,0.5564398159434037,0.0
paper_max_T300,A,1.0471975511965976,0.3333333333333333,1294,-69.2913385822551,-0.06579399099077476,0.5138591082007863,0.5514643094444426,0.31600442851993554
paper_max_T300,A,1.0471975511965976,0.3333333333333333,1295,-69.34489970616895,-0.0657976555191504,0.5400448326969286,0.5564369400334571,0.0
paper_max_T300,A,1.0471975511965976,0.3333333333333333,1296,-69.39845049493351,-0.06579855464013779,0.5138523825870878,0.5514594403726515,0.3159992781231261
paper_max_T300,A,1.0471975511965976,0.3333333333333333,1297,-69.45199059345038,-0.0657989954286734,0.5400438344250637,0.5564362897956404,0.0
paper_max_T300,A,1.0471975511965976,0.3333333333333333,1298,-69.50552499870614,-0.06579655444757326,0.5138589326463718,0.5514642035790007,0.31600428330767416
paper_max_T300,A,1.0471975511965976,0.3333333333333333,1299,-69.55906343756968,-0.06579668158725677,0.5400524536589644,0.5564419477332582,0.0
paper_max_T300,A,1.0471975511965976,0.3333333333333333,1300,-69.61260866255944,-0.06579548856587492,0.5138639001081077,0.5514678604460101,0.3160080556671242
paper_max_T300,A,1.0471975511965976,0.3333333333333333,1301,-69.66616185012779,-0.0657980685410201,0.5400471511066631,0.5564385387131289,0.0
paper_max_T300,A,1.0471975511965976,0.3333333333333333,1302,-69.71971436141558,-0.06579851166641681,0.5138466402163927,0.5514553651702242,0.3159948366764168
paper_max_T300,A,1.0471975511965976,0.3333333333333333,1303,-69.77326056059931,-0.06579963880742834,0.5400274874308785,0.5564256968507496,0.0
paper_max_T300,A,1.0471975511965976,0.3333333333333333,1304,-69.82679633111096,-0.0657973843382259,0.5138277403122555,0.5514416180660887,0.31598039416665397
paper_max_T300,A,1.0471975511965976,0.3333333333333333,1305,-69.88032475435688,-0.06579489724489956,0.5400187126050533,0.5564199305228962,0.0
paper_max_T300,A,1.0471975511965976,0.3333333333333333,1306,-69.93385176391979,-0.06579095371561311,0.5138258193444368,0.551440205489744,0.31597893379636127
paper_max_T300,A,1.0471975511965976,0.3333333333333333,1307,-69.98738509117987,-0.0657891648897081,0.5400184118250586,0.5564197397950066,0.0
paper_max_T300,A,1.0471975511965976,0.3333333333333333,1308,-70.04092625392417,-0.06578818352505894,0.513819621910268,0.5514357228281581,0.3159741857937436
paper_max_T300,A,1.0471975511965976,0.3333333333333333,1309,-70.0944734028609,-0.0657884940794522,0.5400049853359856,0.5564109750892534,0.0
paper_max_T300,A,1.0471975511965976,0.3333333333333333,1310,-70.14802010831255,-0.06578903807439485,0.5137986847636018,0.5514204979075915,0.31595818456007146
paper_max_T300,A,1.0471975511965976,0.3333333333333333,1311,-70.20155955827806,-0.06578721374652408,0.5399885328235718,0.5564001728580187,0.0
paper_max_T300,A,1.0471975511965976,0.3333333333333333,1312,-70.25509169457249,-0.06578545462451857,0.5137897393693066,0.5514139389189114,0.31595137600490597
paper_max_T300,A,1.0471975511965976,0.3333333333333333,1313,-70.308619048759,-0.06578150012278405,0.5399910944667904,0.5564017957401173,0.0
paper_max_T300,A,1.0471975511965976,0.3333333333333333,1314,-70.36215045719763,-0.06578004473834381,0.5138001656801563,0.5514214842861176,0.3159593641623145
paper_max_T300,A,1.0471975511965976,0.3333333333333333,1315,-70.41569122155468,-0.06577873361408149,0.5399998511937195,0.5564075155244206,0.0
paper_max_T300,A,1.0471975511965976,0.3333333333333333,1316,-70.4692428619802,-0.06578100726826352,0.5138034443183273,0.5514238671171908,0.3159618703220821
paper_max_T300,A,1.0471975511965976,0.3333333333333333,1317,-70.52279866613856,-0.06578186198115454,0.5399965515328445,0.5564053466553106,0.0
paper_max_T300,A,1.0471975511965976,0.3333333333333333,1318,-70.57635224475092,-0.06578450072251701,0.5137983332418793,0.5514201236301092,0.3159579776717852
paper_max_T300,A,1.0471975511965976,0.3333333333333333,1319,-70.62989596530792,-0.06578333327179064,0.5399976718033385,0.5564060355454187,0.0
paper_max_T300,A,1.0471975511965976,0.3333333333333333,1320,-70.68343348721146,-0.06578340896058676,0.5138106296078767,0.5514290160799618,0.3159674016619994
paper_max_T300,A,1.0471975511965976,0.3333333333333333,1321,-70.7369703160974,-0.0657819023115147,0.5400165537294576,0.5564183615218141,0.0
paper_max_T300,A,1.0471975511965976,0.3333333333333333,1322,-70.79051554279175,-0.06578298364826851,0.5138340115597534,0.5514460099755099,0.31598527558109857
paper_max_T300,A,1.0471975511965976,0.3333333333333333,1323,-70.84407209357704,-0.0657850656081323,0.5400317228838653,0.5564283047414528,0.0
paper_max_T300,A,1.0471975511965976,0.3333333333333333,1324,-70.89763582967271,-0.0657887856350694,0.5138412328645097,0.551451287652495,0.31599077965199507
paper_max_T300,A,1.0471975511965976,0.3333333333333333,1325,-70.95119766385585,-0.06579185090144463,0.5400316684979117,0.5564282890587923,0.0
paper_max_T300,A,1.0471975511965976,0.3333333333333333,1326,-71.00475064849616,-0.06579374988882225,0.5138410223371104,0.5514511380802268,0.3159906176596431
paper_max_T300,A,1.0471975511965976,0.3333333333333333,1327,-71.05829314021949,-0.06579416174036046,0.5400371838857391,0.556431891034886,0.0
paper_max_T300,A,1.0471975511965976,0.3333333333333333,1328,-71.11183097589259,-0.06579304868911828,0.5138552341566205,0.5514614652272626,0.31600148273673323
paper_max_T300,A,1.0471975511965976,0.3333333333333333,1329,-71.1653732801579,-0.06579374027907264,0.5400524378107077,0.5564418865210041,0.0
paper_max_T300,A,1.0471975511965976,0.3333333333333333,1330,-71.21892346541046,-0.06579389936714602,0.5138675672126253,0.5514704728401536,0.3160108866173862
paper_max_T300,A,1.0471975511965976,0.3333333333333333,1331,-71.27248183880667,-0.06579733093295437,0.5400535976212975,0.5564427027253696,0.0
paper_max_T300,A,1.0471975511965976,0.3333333333333333,1332,-71.32603938590012,-0.06579878594182265,0.5138576878708678,0.551463344897804,0.31600330766013207
paper_max_T300,A,1.0471975511965976,0.3333333333333333,1333,-71.37958994082857,-0.06580095910476108,0.5400402712603224,0.5564340160695427,0.0
paper_max_T300,A,1.0471975511965976,0.3333333333333333,1334,-71.43312935399541,-0.0657993938462042,0.5138452580657128,0.5514543151812391,0.31599380381189446
paper_max_T300,A,1.0471975511965976,0.3333333333333333,1335,-71.48666166709174,-0.06579822040811717,0.540036011817711,0.5564312216422072,0.0
paper_max_T300,A,1.0471975511965976,0.3333333333333333,1336,-71.54019259619196,-0.06579469302871693,0.5138466667590798,0.5514553408919589,0.31599487885355115
paper_max_T300,A,1.0471975511965976,0.3333333333333333,1337,-71.59373027242526,-0.06579423030103826,0.5400370303759418,0.5564319104705565,0.0
paper_max_T300,A,1.0471975511965976,0.3333333333333333,1338,-71.6472744072739,-0.06579315041494449,0.5138404038140526,0.5514508282324138,0.31599007120671485
paper_max_T300,A,1.0471975511965976,0.3333333333333333,1339,-71.7008232258789,-0.06579441416331289,0.540022538388963,0.5564224674955235,0.0
paper_max_T300,A,1.0471975511965976,0.3333333333333333,1340,-71.75436921397892,-0.06579425765473007,0.5138173220335215,0.5514340638187569,0.315972420973488
paper_max_T300,A,1.0471975511965976,0.3333333333333333,1341,-71.80790745050697,-0.06579299850746556,0.5400033378927154,0.5564098867814222,0.0
paper_max_T300,A,1.0471975511965976,0.3333333333333333,1342,-71.86143775488074,-0.06579024267043443,0.5138039941019767,0.5514243363039256,0.31596225327054067
paper_max_T300,A,1.0471975511965976,0.3333333333333333,1343,-71.9149641148046,-0.0657865655833818,0.5400007682146438,0.5564081659935493,0.0
paper_max_T300,A,1.0471975511965976,0.3333333333333333,1344,-71.96849377004568,-0.06578401523509986,0.513807230555821,0.5514266672070725,0.315964739065012
paper_max_T300,A,1.0471975511965976,0.3333333333333333,1345,-72.02203196241584,-0.0657825048985155,0.5400024211452112,0.5564092472195608,0.0
paper_max_T300,A,1.0471975511965976,0.3333333333333333,1346,-72.0755790461586,-0.06578351943357663,0.513802231678243,0.5514230382410529,0.3159609158842386
paper_max_T300,A,1.0471975511965976,0.3333333333333333,1347,-72.12912936667456,-0.0657835846065557,0.539992181552456,0.556402539094548,0.0
paper_max_T300,A,1.0471975511965976,0.3333333333333333,1348,-72.18267726604998,-0.06578496250018234,0.5137899306767476,0.5514140644738174,0.3159515293202142
paper_max_T300,A,1.0471975511965976,0.3333333333333333,1349,-72.23621619900831,-0.0657827084687399,0.5399875483866596,0.556399455901671,0.0
paper_max_T300,A,1.0471975511965976,0.3333333333333333,1350,-72.28974986617047,-0.06578191489089635,0.5137961862121956,0.5514185571289768,0.3159563400104968
paper_max_T300,A,1.0471975511965976,0.3333333333333333,1351,-72.34328303923004,-0.06577928005203504,0.5400015013089485,0.5564085474268715,0.0
paper_max_T300,A,1.0471975511965976,0.3333333333333333,1352,-72.39682464353152,-0.06577996768130506,0.5138146821331493,0.5514319870568452,0.31597048612442935
paper_max_T300,A,1.0471975511965976,0.3333333333333333,1353,-72.45037705338629,-0.06578083328303014,0.5400134222422638,0.5564163501010402,0.0
paper_max_T300,A,1.0471975511965976,0.3333333333333333,1354,-72.50393750702278,-0.06578447691816836,0.5138199387809894,0.5514358162560753,0.3159744990926609
paper_max_T300,A,1.0471975511965976,0.3333333333333333,1355,-72.55749665450162,-0.06578634592777333,0.5400133493050172,0.5564162993644248,0.0
paper_max_T300,A,1.0471975511965976,0.3333333333333333,1356,-72.61104875392573,-0.06578857393674697,0.5138215299324763,0.5514369554266236,0.3159757248307403
paper_max_T300,A,1.0471975511965976,0.3333333333333333,1357,-72.66459089771129,-0.0657881890921207,0.5400216520150818,0.5564217079317193,0.0
paper_max_T300,A,1.0471975511965976,0.3333333333333333,1358,-72.71812964664969,-0.06578795567891671,0.5138398288779336,0.551450239609649,0.3159897218072647
paper_max_T300,A,1.0471975511965976,0.3333333333333333,1359,-72.7716730184311,-0.06578837270953314,0.5400410860011184,0.5564344263460108,0.0
paper_max_T300,A,1.0471975511965976,0.3333333333333333,1360,-72.82522561750869,-0.0657897186364354,0.5138576341067842,0.5514632114995919,0.3160033155779324
paper_max_T300,A,1.0471975511965976,0.3333333333333333,1361,-72.87878682784697,-0.06579321741706406,0.540047860234903,0.5564389015802684,0.0
paper_max_T300,A,1.0471975511965976,0.3333333333333333,1362,-72.93234826042533,-0.06579583512516507,0.5138551273275441,0.5514614318033303,0.3160013773211159
paper_max_T300,A,1.0471975511965976,0.3333333333333333,1363,-72.9859026058721,-0.06579843813304359,0.5400416787022536,0.5564348842350344,0.0
paper_max_T300,A,1.0471975511965976,0.3333333333333333,1364,-73.03944605047192,-0.06579800481047271,0.5138509953507812,0.5514584351838608,0.31599821585972787
paper_max_T300,A,1.0471975511965976,0.3333333333333333,1365,-73.09298251416249,-0.06579777078040905,0.5400442903167074,0.5564365922120336,0.0
paper_max_T300,A,1.0471975511965976,0.3333333333333333,1366,-73.14651815957103,-0.06579532062286497,0.5138591945009936,0.5514644052527956,0.31600447704776635
paper_max_T300,A,1.0471975511965976,0.3333333333333333,1367,-73.20006113157774,-0.06579609921205776,0.540050256616395,0.5564405261919287,0.0
paper_max_T300,A,1.0471975511965976,0.3333333333333333,1368,-73.25361028538441,-0.06579571209581025,0.5138575038541076,0.5514632260919707,0.31600315869178075
paper_max_T300,A,1.0471975511965976,0.3333333333333333,1369,-73.30716337146498,-0.06579815546604195,0.5400390699470976,0.5564332580286858,0.0
paper_max_T300,A,1.0471975511965976,0.3333333333333333,1370,-73.36071185447335,-0.06579812009082431,0.5138373820592739,0.5514486295698403,0.31598776283376373
paper_max_T300,A,1.0471975511965976,0.3333333333333333,1371,-73.4142518897653,-0.06579793172990644,0.5400215757243734,0.5564218134800096,0.0
paper_max_T300,A,1.0471975511965976,0.3333333333333333,1372,-73.46778319319034,-0.06579491107809687,0.5138245190913163,0.5514392601397302,0.31597794008493585
paper_max_T300,A,1.0471975511965976,0.3333333333333333,1373,-73.52131128487162,-0.06579221365173255,0.5400178288580261,0.556419340913528,0.0
paper_max_T300,A,1.0471975511965976,0.3333333333333333,1374,-73.57484202986763,-0.06578910107026487,0.513824553736474,0.5514392811928759,0.3159779687595424
paper_max_T300,A,1.0471975511965976,0.3333333333333333,1375,-73.62838079420405,-0.0657881942507208,0.5400153323813321,0.5564177229524588,0.0
paper_max_T300,A,1.0471975511965976,0.3333333333333333,1376,-73.68192611703378,-0.06578821863258372,0.5138138608085236,0.5514315276031498,0.3159697859277777
paper_max_T300,A,1.0471975511965976,0.3333333333333333,1377,-73.73547336484876,-0.06578829695476096,0.5399996624329811,0.5564074749306911,0.0
paper_max_T300,A,1.0471975511965976,0.3333333333333333,1378,-73.7890168950579,-0.06578839003292647,0.5137951312030413,0.5514178900759836,0.31595548080634767
paper_max_T300,A,1.0471975511965976,0.3333333333333333,1379,-73.8425520207598,-0.06578573701174018,0.5399891014971466,0.5564005189044511,0.0
paper_max_T300,A,1.0471975511965976,0.3333333333333333,1380,-73.89608215046059,-0.06578375236762735,0.513794199519569,0.5514171615670231,0.31595479553410366
paper_max_T300,A,1.0471975511965976,0.3333333333333333,1381,-73.9496121266935,-0.06578045741072469,0.5399963477284511,0.5564052230631955,0.0
paper_max_T300,A,1.0471975511965976,0.3333333333333333,1382,-74.00314978261139,-0.0657801727487593,0.5138049862510047,0.5514249856705639,0.3159630502374987
paper_max_T300,A,1.0471975511965976,0.3333333333333333,1383,-74.05669729006766,-0.06578001292371938,0.5400019192343467,0.5564088664693707,0.0
paper_max_T300,A,1.0471975511965976,0.3333333333333333,1384,-74.11025249789654,-0.06578283631922655,0.513804151034554,0.5514243758010636,0.3159624126664296
paper_max_T300,A,1.0471975511965976,0.3333333333333333,1385,-74.16380666545251,-0.06578340619018874,0.5399977823000064,0.5564061416840749,0.0
paper_max_T300,A,1.0471975511965976,0.3333333333333333,1386,-74.21735517884156,-0.06578516022019831,0.5138026305149452,0.5514232364808604,0.31596126815065684
paper_max_T300,A,1.0471975511965976,0.3333333333333333,1387,-74.27089453758975,-0.0657835897270333,0.5400044312011997,0.5564104518929669,0.0
paper_max_T300,A,1.0471975511965976,0.3333333333333333,1388,-74.3244316093232,-0.06578347423921094,0.5138200370518428,0.5514358570633678,0.31597459105710723
paper_max_T300,A,1.0471975511965976,0.3333333333333333,1389,-74.3779732114518,-0.06578298990185683,0.5400238828752497,0.5564231677752112,0.0
paper_max_T300,A,1.0471975511965976,0.3333333333333333,1390,-74.43152500145587,-0.06578490705714157,0.513839007470338,0.5514496588715094,0.315989084733333
paper_max_T300,A,1.0471975511965976,0.3333333333333333,1391,-74.4850856631449,-0.06578770519972588,0.5400329635086432,0.556429132627988,0.0
paper_max_T300,A,1.0471975511965976,0.3333333333333333,1392,-74.53864812429907,-0.06579111136802507,0.5138407835627323,0.5514509732496162,0.3159904298074045
paper_max_T300,A,1.0471975511965976,0.3333333333333333,1393,-74.59220392572755,-0.06579334700748485,0.5400318682065692,0.5564284267645185,0.0
paper_max_T300,A,1.0471975511965976,0.3333333333333333,1394,-74.6457499365651,-0.06579396148630978,0.5138434592642133,0.5514529147337905,0.3159924776385975
paper_max_T300,A,1.0471975511965976,0.3333333333333333,1395,-74.69928910553506,-0.06579394053049437,0.5400408324790515,0.5564342863370575,0.0
paper_max_T300,A,1.0471975511965976,0.3333333333333333,1396,-74.7528284466882,-0.06579277355693502,0.5138588128047182,0.5514640824203136,0.31600420936082824
paper_max_T300,A,1.0471975511965976,0.3333333333333333,1397,-74.80637563299192,-0.06579423529879108,0.5400528878401256,0.5564422016018893,0.0
paper_max_T300,A,1.0471975511965976,0.3333333333333333,1398,-74.85992975408053,-0.06579501136609467,0.5138638813667624,0.5514678150202647,0.3160080579413381
paper_max_T300,A,1.0471975511965976,0.3333333333333333,1399,-74.91348766743127,-0.06579833145102232,0.540047619419268,0.5564388061300484,0.0
paper_max_T300,A,1.0471975511965976,0.3333333333333333,1400,-74.96704036776606,-0.0657990953471248,0.5138503584117475,0.5514580213836484,0.31599770295794205
paper_max_T300,A,1.0471975511965976,0.3333333333333333,1401,-75.0205840358642,-0.06579997141193572,0.5400354998629013,0.5564308900497209,0.0
paper_max_T300,A,1.0471975511965976,0.3333333333333333,1402,-75.07411850189678,-0.06579747106304601,0.5138425274259343,0.5514523246974183,0.3159917190325623
paper_max_T300,A,1.0471975511965976,0.3333333333333333,1403,-75.12765031719377,-0.06579603231538717,0.5400348201286371,0.5564304400469267,0.0
paper_max_T300,A,1.0471975511965976,0.3333333333333333,1404,-75.18118463433782,-0.06579313248127228,0.5138442831513448,0.5514536127228715,0.3159930544541239
paper_max_T300,A,1.0471975511965976,0.3333333333333333,1405,-75.23472687337826,-0.06579335553815402,0.5400324465140871,0.5564289173817755,0.0
paper_max_T300,A,1.0471975511965976,0.3333333333333333,1406,-75.28827377678604,-0.06579305531050872,0.5138324940568992,0.5514450785635989,0.31598402524104224
paper_max_T300,A,1.0471975511965976,0.3333333333333333,1407,-75.34182126550135,-0.06579385693404333,0.5400150160165658,0.5564175349969938,0.0
paper_max_T300,A,1.0471975511965976,0.3333333333333333,1408,-75.39536319957853,-0.06579313616655619,0.5138109116836574,0.5514293841241708,0.3159675310924611
paper_max_T300,A,1.0471975511965976,0.3333333333333333,1409,-75.44889688952472,-0.06579087514655335,0.5400010565661867,0.5564083707049028,0.0
paper_max_T300,A,1.0471975511965976,0.3333333333333333,1410,-75.50242533880089,-0.06578790249098643,0.5138048685027033,0.5514249532717684,0.31596293133567327
paper_max_T300,A,1.0471975511965976,0.3333333333333333,1411,-75.55595413152002,-0.06578470021749971,0.5400026863280546,0.5564094103379845,0.0
paper_max_T300,A,1.0471975511965976,0.3333333333333333,1412,-75.60948941483579,-0.06578334710202399,0.5138083013032877,0.5514274401712898,0.31596556042452695
paper_max_T300,A,1.0471975511965976,0.3333333333333333,1413,-75.66303340705306,-0.06578277848088493,0.5400014395516792,0.5564085987954183,0.0
paper_max_T300,A,1.0471975511965976,0.3333333333333333,1414,-75.71658357667758,-0.06578441076055203,0.5137999431074695,0.5514213632061327,0.3159591721364181
paper_max_T300,A,1.0471975511965976,0.3333333333333333,1415,-75.77013244554004,-0.06578408526522794,0.5399912306074462,0.5564018986739349,0.0
paper_max_T300,A,1.0471975511965976,0.3333333333333333,1416,-75.82367615329565,-0.06578477445475983,0.5137922442693552,0.5514157267218207,0.3159533078920841
paper_max_T300,A,1.0471975511965976,0.3333333333333333,1417,-75.87721160498583,-0.06578214682972572,0.5399929490651152,0.5564029745336367,0.0
paper_max_T300,A,1.0471975511965976,0.3333333333333333,1418,-75.9307454348099,-0.0657814107765528,0.513804522955206,0.5514246109823769,0.3159627157759524
paper_max_T300,A,1.0471975511965976,0.3333333333333333,1419,-75.98428357161902,-0.0657798554404655,0.5400083867644729,0.5564130546039022,0.0
paper_max_T300,A,1.0471975511965976,0.3333333333333333,1420,-76.03783201379687,-0.06578156031374471,0.5138198918003374,0.5514357814916622,0.3159744639192241
paper_max_T300,A,1.0471975511965976,0.3333333333333333,1421,-76.09138915128003,-0.06578322349547366,0.5400155491760372,0.5564177477936897,0.0
paper_max_T300,A,1.0471975511965976,0.3333333333333333,1422,-76.14494936510448,-0.06578670830779171,0.5138212684006263,0.5514367859611475,0.3159755135641768
paper_max_T300,A,1.0471975511965976,0.3333333333333333,1423,-76.19850362021793,-0.06578794322622428,0.540015651880634,0.5564178058912315,0.0
paper_max_T300,A,1.0471975511965976,0.3333333333333333,1424,-76.2520496357771,-0.06578906520279743,0.5138267638350092,0.5514407606521161,0.315979725277858
paper_max_T300,A,1.0471975511965976,0.3333333333333333,1425,-76.30558908424157,-0.06578850377541579,0.5400279642180977,0.5564258435460264,0.0
paper_max_T300,A,1.0471975511965976,0.3333333333333333,1426,-76.35912981115561,-0.06578831342244773,0.5138465795912388,0.5514551608085502,0.3159948741237314
paper_max_T300,A,1.0471975511965976,0.3333333333333333,1427,-76.41267864960847,-0.06578968677105734,0.5400444515170131,0.5564366476373487,0.0
paper_max_T300,A,1.0471975511965976,0.3333333333333333,1428,-76.46623571901415,-0.0657915985711584,0.5138574028408953,0.5514630649375932,0.3160031272682972
paper_max_T300,A,1.0471975511965976,0.3333333333333333,1429,-76.5197968818272,-0.06579512262433906,0.5400449923722498,0.5564370420764673,0.0
paper_max_T300,A,1.0471975511965976,0.3333333333333333,1430,-76.57335343708962,-0.0657969489144723,0.513851235584104,0.5514586121871189,0.3159983978030172
paper_max_T300,A,1.0471975511965976,0.3333333333333333,1431,-76.62690073316804,-0.06579840842299006,0.540039648883964,0.5564335594467797,0.0
paper_max_T300,A,1.0471975511965976,0.3333333333333333,1432,-76.68043900660015,-0.06579693861014402,0.513850829816994,0.5514583176669784,0.31599808750573866
paper_max_T300,A,1.0471975511965976,0.3333333333333333,1433,-76.7339750035404,-0.06579652486227067,0.5400447796668026,0.5564369187626128,0.0
paper_max_T300,A,1.0471975511965976,0.3333333333333333,1434,-76.78751398189584,-0.06579451592958069,0.5138580583644722,0.551463592219654,0.3160036016273567
paper_max_T300,A,1.0471975511965976,0.3333333333333333,1435,-76.84106115663542,-0.06579591550314023,0.5400462678541746,0.5564379307463339,0.0
paper_max_T300,A,1.0471975511965976,0.3333333333333333,1436,-76.89461211506577,-0.0657960497115,0.5138497590982387,0.5514576054929948,0.31599723413228964
paper_max_T300,A,1.0471975511965976,0.3333333333333333,1437,-76.9481626456631,-0.06579790366988669,0.5400312514100656,0.5564281415676353,0.0
paper_max_T300,A,1.0471975511965976,0.3333333333333333,1438,-77.00170598445615,-0.06579710969013897,0.5138300472285896,0.551443287082819,0.31598216159425063
paper_max_T300,A,1.0471975511965976,0.3333333333333333,1439,-77.05524092284838,-0.0657958015518838,0.5400178943766477,0.5564193893468276,0.0
paper_max_T300,A,1.0471975511965976,0.3333333333333333,1440,-77.10877020848264,-0.065792452132303,0.5138231116706203,0.5514382248720544,0.3159768704298855
paper_max_T300,A,1.0471975511965976,0.3333333333333333,1441,-77.1623004449354,-0.0657900479266546,0.5400172267400898,0.5564189409782541,0.0
paper_max_T300,A,1.0471975511965976,0.3333333333333333,1442,-77.21583606256073,-0.06578802019651714,0.5138223809227184,0.5514376997874848,0.3159763090909268
paper_max_T300,A,1.0471975511965976,0.3333333333333333,1443,-77.26937936955045,-0.06578780025918163,0.5400113647077317,0.5564151230975157,0.0
paper_max_T300,A,1.0471975511965976,0.3333333333333333,1444,-77.32292665549085,-0.06578837378897578,0.5138082009839158,0.5514274021714046,0.3159654653257728
paper_max_T300,A,1.0471975511965976,0.3333333333333333,1445,-77.3764718823785,-0.06578786506733181,0.5399958223858964,0.5564049426108476,0.0
paper_max_T300,A,1.0471975511965976,0.3333333333333333,1446,-77.43001145564818,-0.0657873451465214,0.5137942557446642,0.5514172308173606,0.3159548233521311
paper_max_T300,A,1.0471975511965976,0.3333333333333333,1447,-77.48354358359046,-0.06578422169369452,0.5399917765763231,0.5564022494590525,0.0
paper_max_T300,A,1.0471975511965976,0.3333333333333333,1448,-77.53707423273616,-0.06578245550180717,0.5137996204571846,0.5514210901991603,0.3159589455587385
paper_max_T300,A,1.0471975511965976,0.3333333333333333,1449,-77.59060899066901,-0.06578015679445387,0.5400009675185811,0.556408241454996,0.0
paper_max_T300,A,1.0471975511965976,0.3333333333333333,1450,-77.64415323393419,-0.06578103229486293,0.5138081816498529,0.5514273077453252,0.315965492833698
paper_max_T300,A,1.0471975511965976,0.3333333333333333,1451,-77.69770547281854,-0.06578161853823972,0.5400028957913432,0.5564095022408319,0.0
paper_max_T300,A,1.0471975511965976,0.3333333333333333,1452,-77.75126111822914,-0.06578445324248994,0.5138049384158893,0.5514249414813575,0.3159630177014958
paper_max_T300,A,1.0471975511965976,0.3333333333333333,1453,-77.80481145376953,-0.06578447306441176,0.54000020814504,0.5564077193429651,0.0
paper_max_T300,A,1.0471975511965976,0.3333333333333333,1454,-77.85835497413896,-0.0657853612938879,0.5138085722300952,0.5514275480366018,0.31596581394425816
paper_max_T300,A,1.0471975511965976,0.3333333333333333,1455,-77.91189238730527,-0.06578379427554504,0.5400117724475952,0.5564152540505489,0.0
paper_max_T300,A,1.0471975511965976,0.3333333333333333,1456,-77.96543194127884,-0.06578392015938372,0.5138284075694055,0.5514419492065344,0.3159809851041969
paper_max_T300,A,1.0471975511965976,0.3333333333333333,1457,-78.01897952274265,-0.06578455241582926,0.5400291043784154,0.5564265971733212,0.0
paper_max_T300,A,1.0471975511965976,0.3333333333333333,1458,-78.07253648823172,-0.06578711530341363,0.5138414181676652,0.55145142707661,0.3159909187351593
paper_max_T300,A,1.0471975511965976,0.3333333333333333,1459,-78.12609796654334,-0.06579010359238757,0.5400328480302382,0.5564290695770668,0.0
paper_max_T300,A,1.0471975511965976,0.3333333333333333,1460,-78.1796562288072,-0.06579275793812966,0.5138403488043536,0.5514506649703359,0.31599009353842894
paper_max_T300,A,1.0471975511965976,0.3333333333333333,1461,-78.23320545562501,-0.06579407697346568,0.5400329669260064,0.5564291501662905,0.0
paper_max_T300,A,1.0471975511965976,0.3333333333333333,1462,-78.28674650455494,-0.06579367937655256,0.5138467151450278,0.5514552872441811,0.31599496314772685
paper_max_T300,A,1.0471975511965976,0.3333333333333333,1463,-78.34028550068504,-0.06579367298512911,0.5400440946455328,0.5564364309717145,0.0
paper_max_T300,A,1.0471975511965976,0.3333333333333333,1464,-78.39382844209416,-0.06579285863255574,0.5138605087899134,0.5514653324396941,0.3160054963349641
paper_max_T300,A,1.0471975511965976,0.3333333333333333,1465,-78.447380033515,-0.06579501007304278,0.540051135628484,0.5564410742702974,0.0
paper_max_T300,A,1.0471975511965976,0.3333333333333333,1466,-78.50093568184587,-0.0657961084294823,0.5138583780349415,0.5514638303144032,0.31600384317722274
paper_max_T300,A,1.0471975511965976,0.3333333333333333,1467,-78.55449043110713,-0.06579885012608822,0.540041450741376,0.556434777520396,0.0
paper_max_T300,A,1.0471975511965976,0.3333333333333333,1468,-78.60803716097877,-0.06579867007836837,0.5138443684132983,0.5514536658792387,0.3159931249119074
paper_max_T300,A,1.0471975511965976,0.3333333333333333,1469,-78.6615752114372,-0.0657984282129237,0.5400324037337937,0.5564288584028183,0.0
paper_max_T300,A,1.0471975511965976,0.3333333333333333,1470,-78.71510740851895,-0.06579544268713916,0.5138410031761402,0.551451213387283,0.315990555307722
paper_max_T300,A,1.0471975511965976,0.3333333333333333,1471,-78.76864118303018,-0.06579420276562853,0.540033463306417,0.5564295539406551,0.0
paper_max_T300,A,1.0471975511965976,0.3333333333333333,1472,-78.82217977308818,-0.06579218820306842,0.5138406363026081,0.5514509670194946,0.31599026423618043
paper_max_T300,A,1.0471975511965976,0.3333333333333333,1473,-78.87572540969683,-0.06579288982197978,0.5400267891912895,0.5564252187991773,0.0
paper_max_T300,A,1.0471975511965976,0.3333333333333333,1474,-78.92927290652517,-0.06579295367140314,0.5138245772608826,0.5514393183194616,0.3159779766022469
paper_max_T300,A,1.0471975511965976,0.3333333333333333,1475,-78.98281731428386,-0.06579296827514924,0.5400089243059822,0.5564135341531299,0.0
paper_max_T300,A,1.0471975511965976,0.3333333333333333,1476,-79.03635491353634,-0.06579157608917802,0.5138071527099178,0.5514266316898936,0.3159646679561114
paper_max_T300,A,1.0471975511965976,0.3333333333333333,1477,-79.0898856546909,-0.06578869182788838,0.54000090942996,0.5564082556930224,0.0
paper_max_T300,A,1.0471975511965976,0.3333333333333333,1478,-79.14341468940927,-0.06578596510229373,0.5138068505594648,0.5514263817763781,0.3159644528888864
paper_max_T300,A,1.0471975511965976,0.3333333333333333,1479,-79.19694779946155,-0.06578357927088474,0.5400042383871818,0.5564104199823176,0.0
paper_max_T300,A,1.0471975511965976,0.3333333333333333,1480,-79.25048893223467,-0.06578341942468602,0.5138082061533864,0.5514273668832692,0.3159654897941259
paper_max_T300,A,1.0471975511965976,0.3333333333333333,1481,-79.30403696302787,-0.06578342387225977,0.5399998601070103,0.5564075573819695,0.0
paper_max_T300,A,1.0471975511965976,0.3333333333333333,1482,-79.35758756730678,-0.06578516572476956,0.5137983202068355,0.5514201702226412,0.31595793822163676
paper_max_T300,A,1.0471975511965976,0.3333333333333333,1483,-79.4111331851862,-0.06578424045658221,0.5399919578222805,0.5564023573133899,0.0
paper_max_T300,A,1.0471975511965976,0.3333333333333333,1484,-79.46467282231703,-0.06578427551176202,0.5137966988584326,0.551418949576417,0.3159567209176487
paper_max_T300,A,1.0471975511965976,0.3333333333333333,1485,-79.51820697294062,-0.06578170263004507,0.5399993486454719,0.5564071531444531,0.0
paper_max_T300,A,1.0471975511965976,0.3333333333333333,1486,-79.57174363532587,-0.06578142633301265,0.5138123127088298,0.5514302731244117,0.31596867019962677
paper_max_T300,A,1.0471975511965976,0.3333333333333333,1487,-79.62528792245783,-0.0657810461874816,0.5400136234075018,0.556416485860102,0.0
paper_max_T300,A,1.0471975511965976,0.3333333333333333,1488,-79.67884200635697,-0.06578354635233291,0.5138230335144464,0.5514380724016652,0.3159768612100935
paper_max_T300,A,1.0471975511965976,0.3333333333333333,1489,-79.732400798009,-0.06578550421173252,0.540016712417535,0.556418512957422,0.0
paper_max_T300,A,1.0471975511965976,0.3333333333333333,1490,-79.78595784473364,-0.0657883838733766,0.5138229160402161,0.55143798468368,0.3159767724503118
paper_max_T300,A,1.0471975511965976,0.3333333333333333,1491,-79.839506449049,-0.06578891376180068,0.5400189714255588,0.5564199777984978,0.0
paper_max_T300,A,1.0471975511965976,0.3333333333333333,1492,-79.8930481195992,-0.06578917411914514,0.5138328011512487,0.5514451522443504,0.3159843384739057
paper_max_T300,A,1.0471975511965976,0.3333333333333333,1493,-79.9465878831297,-0.06578885368632115,0.5400337961174564,0.5564296680509879,0.0
paper_max_T300,A,1.0471975511965976,0.3333333333333333,1494,-80.00013267766423,-0.06578905799389939,0.5138512997948055,0.5514586081102136,0.3159984732653609
paper_max_T300,A,1.0471975511965976,0.3333333333333333,1495,-80.0536864963484,-0.06579126902607219,0.5400454609159641,0.5564373266321089,0.0
paper_max_T300,A,1.0471975511965976,0.3333333333333333,1496,-80.10724546985563,-0.06579342411868566,0.5138551207294677,0.5514614231147436,0.31600137389771055
paper_max_T300,A,1.0471975511965976,0.3333333333333333,1497,-80.16080361680395,-0.06579649461459253,0.5400416352828791,0.5564348565918517,0.0
paper_max_T300,A,1.0471975511965976,0.3333333333333333,1498,-80.2143539704598,-0.0657972808791687,0.5138482093938888,0.551456416867482,0.3159960823502975
paper_max_T300,A,1.0471975511965976,0.3333333333333333,1499,-80.26789546270442,-0.0657977527765844,0.5400387775950868,0.5564329907349637,0.0
paper_max_T300,A,1.0471975511965976,0.3333333333333333,1500,-80.32143135778819,-0.06579568564478344,0.5138512364566258,0.5514586174408543,0.31599839576106525
paper_max_T300,A,1.0471975511965976,0.3333333333333333,1501,-80.37496936996519,-0.0657955039686936,0.5400445716006648,0.5564367913263801,0.0
paper_max_T300,A,1.0471975511965976,0.3333333333333333,1502,-80.42851239311352,-0.06579417822363076,0.5138551359261692,0.5514614804865314,0.316001361118295
paper_max_T300,A,1.0471975511965976,0.3333333333333333,1503,-80.4820622963426,-0.06579596078984384,0.540040817421979,0.5564343752447103,0.0
paper_max_T300,A,1.0471975511965976,0.3333333333333333,1504,-80.53561270867237,-0.06579622646788019,0.5138416137810341,0.5514516873289658,0.3159910066612854
paper_max_T300,A,1.0471975511965976,0.3333333333333333,1505,-80.58915905267665,-0.06579717277716435,0.5400245236383441,0.5564237329078405,0.0
paper_max_T300,A,1.0471975511965976,0.3333333333333333,1506,-80.64269733750362,-0.06579555881443322,0.5138249815734139,0.5514395921589531,0.31597829582010306
paper_max_T300,A,1.0471975511965976,0.3333333333333333,1507,-80.69622908472945,-0.06579350692883601,0.5400160476300032,0.5564181681327243,0.0
paper_max_T300,A,1.0471975511965976,0.3333333333333333,1508,-80.74975882696373,-0.06579031055838985,0.5138225821958119,0.5514378323488935,0.3159764696619891
paper_max_T300,A,1.0471975511965976,0.3333333333333333,1509,-80.8032928468966,-0.06578852765877513,0.5400161990229918,0.5564182660682688,0.0
paper_max_T300,A,1.0471975511965976,0.3333333333333333,1510,-80.85683333344988,-0.06578759682473373,0.5138191475146977,0.5514353473212251,0.31597383871317863
paper_max_T300,A,1.0471975511965976,0.3333333333333333,1511,-80.91037950110143,-0.06578771837642672,0.5400070068820153,0.5564122647705001,0.0
paper_max_T300,A,1.0471975511965976,0.3333333333333333,1512,-80.96392651873052,-0.06578837833563833,0.5138035105493968,0.5514239783262714,0.31596188725113067
paper_max_T300,A,1.0471975511965976,0.3333333333333333,1513,-81.01746842676681,-0.06578712253134233,0.5399939435921915,0.5564036934895596,0.0
paper_max_T300,A,1.0471975511965976,0.3333333333333333,1514,-81.07100441844864,-0.06578605934555676,0.5137958551760644,0.5514183744107497,0.31595605583170105
paper_max_T300,A,1.0471975511965976,0.3333333333333333,1515,-81.12453562526753,-0.0657829177882856,0.5399957837652333,0.5564048580863541,0.0
paper_max_T300,A,1.0471975511965976,0.3333333333333333,1516,-81.17806919494754,-0.0657817649123878,0.5138049587676914,0.5514249647274945,0.31596302924484543
paper_max_T300,A,1.0471975511965976,0.3333333333333333,1517,-81.23160981641516,-0.0657805707963039,0.5400044337701235,0.5564105080211855,0.0
paper_max_T300,A,1.0471975511965976,0.3333333333333333,1518,-81.28515963892897,-0.06578237484875371,0.513809933575852,0.5514285805110393,0.3159668320116378
paper_max_T300,A,1.0471975511965976,0.3333333333333333,1519,-81.33871391009626,-0.06578324413718162,0.5400034503133583,0.556409860467132,0.0
paper_max_T300,A,1.0471975511965976,0.3333333333333333,1520,-81.39226730550132,-0.06578565228571953,0.5138065765790268,0.5514261248637955,0.31596427364033175
paper_max_T300,A,1.0471975511965976,0.3333333333333333,1521,-81.44581301096744,-0.06578508725567916,0.5400040171752505,0.5564102039509914,0.0
paper_max_T300,A,1.0471975511965976,0.3333333333333333,1522,-81.49935301589869,-0.06578533656867347,0.5138156270930414,0.5514326728618173,0.3159712084135395
paper_max_T300,A,1.0471975511965976,0.3333333333333333,1523,-81.55289126698233,-0.0657841834056701,0.540018852305836,0.5564198896741132,0.0
paper_max_T300,A,1.0471975511965976,0.3333333333333333,1524,-81.60643534112816,-0.06578485138223816,0.5138349698622817,0.5514467300921049,0.3159859952320673
paper_max_T300,A,1.0471975511965976,0.3333333333333333,1525,-81.659988511616,-0.06578646484428735,0.5400321425991124,0.5564285983382774,0.0
paper_max_T300,A,1.0471975511965976,0.3333333333333333,1526,-81.71354811692117,-0.06578931853022996,0.5138419038786838,0.5514517931308456,0.31599128301714596
paper_max_T300,A,1.0471975511965976,0.3333333333333333,1527,-81.76710731255585,-0.06579202173093623,0.540032241920969,0.5564286817326015,0.0
paper_max_T300,A,1.0471975511965976,0.3333333333333333,1528,-81.82065980255013,-0.06579366654299607,0.5138406116860517,0.5514508607474581,0.3159902921327853
paper_max_T300,A,1.0471975511965976,0.3333333333333333,1529,-81.87420350766078,-0.06579421000322988,0.5400349415622148,0.5564304459008437,0.0
paper_max_T300,A,1.0471975511965976,0.3333333333333333,1530,-81.9277423466828,-0.06579321021961215,0.5138501232501189,0.5514577721313838,0.3159975639958741
paper_max_T300,A,1.0471975511965976,0.3333333333333333,1531,-81.98128367091542,-0.0657935796702403,0.5400462630957098,0.5564378620650843,0.0
paper_max_T300,A,1.0471975511965976,0.3333333333333333,1532,-82.03483084858578,-0.0657933235912978,0.5138599815106217,0.5514649660863291,0.31600508421394047
paper_max_T300,A,1.0471975511965976,0.3333333333333333,1533,-82.08838512910177,-0.06579588975127765,0.5400475473708634,0.5564387422712058,0.0
paper_max_T300,A,1.0471975511965976,0.3333333333333333,1534,-82.14193968218217,-0.06579692463598907,0.5138520258043495,0.5514592223167896,0.3159989828164239
paper_max_T300,A,1.0471975511965976,0.3333333333333333,1535,-82.1954895265477,-0.06579876161331527,0.5400359275582842,0.5564311651393612,0.0
paper_max_T300,A,1.0471975511965976,0.3333333333333333,1536,-82.24903052619135,-0.0657976020474858,0.5138400856890036,0.5514505484767634,0.3159898532811577
paper_max_T300,A,1.0471975511965976,0.3333333333333333,1537,-82.3025650955704,-0.0657965960159742,0.5400306379696235,0.5564276980580845,0.0
paper_max_T300,A,1.0471975511965976,0.3333333333333333,1538,-82.35609759593291,-0.06579361257056715,0.5138398479146158,0.5514503732035618,0.31598967226511726
paper_max_T300,A,1.0471975511965976,0.3333333333333333,1539,-82.40963478795166,-0.06579286520732719,0.5400313411038884,0.556428169220035,0.0
paper_max_T300,A,1.0471975511965976,0.3333333333333333,1540,-82.4631773648272,-0.06579175833881451,0.5138356865439528,0.5514473728290925,0.3159864788683922
paper_max_T300,A,1.0471975511965976,0.3333333333333333,1541,-82.51672460315427,-0.06579259551027655,0.5400206285721748,0.5564211864628379,0.0
paper_max_T300,A,1.0471975511965976,0.3333333333333333,1542,-82.57027069916103,-0.06579260735894421,0.5138175671948473,0.5514342125821381,0.315972623332777
paper_max_T300,A,1.0471975511965976,0.3333333333333333,1543,-82.62381118002747,-0.06579170525999933,0.540004765314425,0.556410796036416,0.0
paper_max_T300,A,1.0471975511965976,0.3333333333333333,1544,-82.67734519000618,-0.06578975495956496,0.5138058751015058,0.5514256853485839,0.315963700422472
paper_max_T300,A,1.0471975511965976,0.3333333333333333,1545,-82.73087509596718,-0.06578671167989392,0.5400021708627583,0.5564090677372189,0.0
paper_max_T300,A,1.0471975511965976,0.3333333333333333,1546,-82.7844068927115,-0.06578463457411016,0.5138089676228144,0.5514279135101966,0.3159660750165709
paper_max_T300,A,1.0471975511965976,0.3333333333333333,1547,-82.83794520512899,-0.06578318255204085,0.540004959057536,0.5564108879226315,0.0
paper_max_T300,A,1.0471975511965976,0.3333333333333333,1548,-82.89149127112694,-0.065783995460451,0.5138071527113761,0.5514265963296093,0.3159646868863505
paper_max_T300,A,1.0471975511965976,0.3333333333333333,1549,-82.94504103845293,-0.06578415321100167,0.5399983323266395,0.5564065478028362,0.0
paper_max_T300,A,1.0471975511965976,0.3333333333333333,1550,-82.99858981183269,-0.06578559614198459,0.5137980719411285,0.5514199758853157,0.3159577554901124
paper_max_T300,A,1.0471975511965976,0.3333333333333333,1551,-83.05213155910124,-0.06578408249508272,0.5399944871911241,0.5564039977578265,0.0
paper_max_T300,A,1.0471975511965976,0.3333333333333333,1552,-83.10566845854726,-0.0657836922264452,0.5138027041401523,0.551423304703746,0.31596131667206373
paper_max_T300,A,1.0471975511965976,0.3333333333333333,1553,-83.15920383702695,-0.06578159444158116,0.5400058716717536,0.556411417991744,0.0
paper_max_T300,A,1.0471975511965976,0.3333333333333333,1554,-83.2127452495101,-0.065782044339459,0.513818757175089,0.5514349612637427,0.3159735941311026
paper_max_T300,A,1.0471975511965976,0.3333333333333333,1555,-83.26629542770166,-0.06578270858785568,0.5400170983509176,0.5564187653496683,0.0
paper_max_T300,A,1.0471975511965976,0.3333333333333333,1556,-83.31985282213498,-0.06578562672831495,0.5138246913961849,0.5514392831149992,0.3159781252474636
paper_max_T300,A,1.0471975511965976,0.3333333333333333,1557,-83.37341025652773,-0.0657874284820047,0.5400176819538989,0.5564191494477798,0.0
paper_max_T300,A,1.0471975511965976,0.3333333333333333,1558,-83.42696241590579,-0.06578943724496328,0.5138254462446277,0.5514398239391042,0.3159787065734827
paper_max_T300,A,1.0471975511965976,0.3333333333333333,1559,-83.4805061749496,-0.06578940664834437,0.5400231976035733,0.5564227440107605,0.0
paper_max_T300,A,1.0471975511965976,0.3333333333333333,1560,-83.53404607644799,-0.06578917973762716,0.5138389156254719,0.5514496028158086,0.31598900898906157
paper_max_T300,A,1.0471975511965976,0.3333333333333333,1561,-83.58758862704977,-0.06578942598680204,0.5400384203377849,0.556432704976415,0.0
paper_max_T300,A,1.0471975511965976,0.3333333333333333,1562,-83.64113813246269,-0.06579018222050725,0.5138536422064812,0.5514603273842926,0.316000254762849
paper_max_T300,A,1.0471975511965976,0.3333333333333333,1563,-83.6946951197354,-0.06579292723258251,0.5400444668382395,0.5564366924027941,0.0
paper_max_T300,A,1.0471975511965976,0.3333333333333333,1564,-83.74825314243526,-0.06579492593555786,0.5138517213311515,0.5514589640700694,0.3159987692653262
paper_max_T300,A,1.0471975511965976,0.3333333333333333,1565,-83.80180630023557,-0.0657972076468964,0.5400385860409661,0.5564328674622573,0.0
paper_max_T300,A,1.0471975511965976,0.3333333333333333,1566,-83.85535062165434,-0.06579692243138063,0.5138463892884465,0.551455095551839,0.3159946900860699
paper_max_T300,A,1.0471975511965976,0.3333333333333333,1567,-83.90888852665572,-0.06579672995654723,0.5400387311752689,0.5564329619270663,0.0
paper_max_T300,A,1.0471975511965976,0.3333333333333333,1568,-83.96242470744912,-0.0657945377036005,0.5138514369019531,0.551458769331227,0.31599854543233763
paper_max_T300,A,1.0471975511965976,0.3333333333333333,1569,-84.0159660947682,-0.06579483394133401,0.5400431440891948,0.5564358673396842,0.0
paper_max_T300,A,1.0471975511965976,0.3333333333333333,1570,-84.06951261114256,-0.06579420751891935,0.5138504775002581,0.5514581047678333,0.3159977948763305
paper_max_T300,A,1.0471975511965976,0.3333333333333333,1571,-84.12306319664373,-0.06579601384805167,0.5400345358899397,0.5564302709649644,0.0
paper_max_T300,A,1.0471975511965976,0.3333333333333333,1572,-84.17661107762143,-0.06579602917297117,0.5138340255311425,0.5514461684653861,0.31598520782725426
paper_max_T300,A,1.0471975511965976,0.3333333333333333,1573,-84.23015266593819,-0.06579594677285905,0.5400194203890132,0.5564203837328776,0.0
paper_max_T300,A,1.0471975511965976,0.3333333333333333,1574,-84.2836870006548,-0.06579366382510599,0.5138220673968282,0.5514374618340877,0.3159760742901422
paper_max_T300,A,1.0471975511965976,0.3333333333333333,1575,-84.33721780359679,-0.06579132425943512,0.5400153826128474,0.5564177239378943,0.0
paper_max_T300,A,1.0471975511965976,0.3333333333333333,1576,-84.39075003031036,-0.06578869655568398,0.5138220632123354,0.5514374511624446,0.3159760750973012
paper_max_T300,A,1.0471975511965976,0.3333333333333333,1577,-84.44428845885162,-0.06578764596950942,0.540014371067591,0.5564170687920381,0.0
paper_max_T300,A,1.0471975511965976,0.3333333333333333,1578,-84.49783284185094,-0.06578761330889416,0.5138151336969302,0.5514324257253764,0.3159707726508222
paper_max_T300,A,1.0471975511965976,0.3333333333333333,1579,-84.55137985405491,-0.0657876893686396,0.5400029339972419,0.5564095896389064,0.0
paper_max_T300,A,1.0471975511965976,0.3333333333333333,1580,-84.60492481172298,-0.06578807193640562,0.5138004923313572,0.5514217685150207,0.3159595882140658
paper_max_T300,A,1.0471975511965976,0.3333333333333333,1581,-84.65846312870195,-0.06578612265367861,0.5399941350974669,0.5564038010310586,0.0
paper_max_T300,A,1.0471975511965976,0.3333333333333333,1582,-84.71199689231105,-0.06578476593834753,0.513799333777652,0.5514208888841796,0.3159587222782292
paper_max_T300,A,1.0471975511965976,0.3333333333333333,1583,-84.76552948620622,-0.06578204139282351,0.540000258666237,0.5564077783676933,0.0
paper_max_T300,A,1.0471975511965976,0.3333333333333333,1584,-84.8190677060939,-0.06578175526227181,0.5138094319471542,0.5514282143199424,0.31596644946164637
paper_max_T300,A,1.0471975511965976,0.3333333333333333,1585,-84.87261401499762,-0.06578155187323786,0.5400066280842922,0.556411943239,0.0
paper_max_T300,A,1.0471975511965976,0.3333333333333333,1586,-84.92616738173683,-0.06578390395147271,0.5138107789265067,0.5514291931403273,0.3159674788437825
paper_max_T300,A,1.0471975511965976,0.3333333333333333,1587,-84.979720973561,-0.065784646472821,0.5400042761388022,0.5564103951904933,0.0
paper_max_T300,A,1.0471975511965976,0.3333333333333333,1588,-85.03327045175149,-0.0657863678303115,0.5138095241619478,0.5514282605427829,0.3159665303785067
paper_max_T300,A,1.0471975511965976,0.3333333333333333,1589,-85.0868121529229,-0.06578538525972144,0.5400090143317934,0.5564134687651714,0.0
paper_max_T300,A,1.0471975511965976,0.3333333333333333,1590,-85.1403509738627,-0.06578534217253496,0.5138230011075708,0.5514380338809947,0.31597684452415453
paper_max_T300,A,1.0471975511965976,0.3333333333333333,1591,-85.19389243595452,-0.06578491374287077,0.5400249065404944,0.5564238576799184,0.0
paper_max_T300,A,1.0471975511965976,0.3333333333333333,1592,-85.24744172141334,-0.06578623408937778,0.5138393412507478,0.5514499197069868,0.31598932999308993
paper_max_T300,A,1.0471975511965976,0.3333333333333333,1593,-85.30099874106489,-0.06578851465804036,0.540033304576506,0.5564293706572547,0.0
paper_max_T300,A,1.0471975511965976,0.3333333333333333,1594,-85.35455805259201,-0.0657912387577736,0.5138413211060677,0.551451379057307,0.3159908325428938
paper_max_T300,A,1.0471975511965976,0.3333333333333333,1595,-85.40811278372882,-0.06579332488526485,0.540031862766205,0.5564284391513716,0.0
paper_max_T300,A,1.0471975511965976,0.3333333333333333,1596,-85.46165946308182,-0.06579391861543055,0.5138418361163937,0.551451754026942,0.31599122638585553
paper_max_T300,A,1.0471975511965976,0.3333333333333333,1597,-85.51519978186062,-0.06579398489608201,0.5400374240065484,0.5564320745693591,0.0
paper_max_T300,A,1.0471975511965976,0.3333333333333333,1598,-85.56873910229419,-0.06579282216906451,0.5138529111936174,0.5514598082458992,0.3159996897216696
paper_max_T300,A,1.0471975511965976,0.3333333333333333,1599,-85.62228408967434,-0.06579376485190874,0.54004684781402,0.5564382580955032,0.0
paper_max_T300,A,1.0471975511965976,0.3333333333333333,1600,-85.67583477398853,-0.06579405765386503,0.513857322225391,0.5514630479819529,0.31600304363911985
paper_max_T300,A,1.0471975511965976,0.3333333333333333,1601,-85.72938942063149,-0.06579665480673824,0.5400427760060849,0.5564356315540697,0.0
paper_max_T300,A,1.0471975511965976,0.3333333333333333,1602,-85.78294072063937,-0.0657972589790336,0.5138457908191774,0.5514546938536664,0.31599421498816366
paper_max_T300,A,1.0471975511965976,0.3333333333333333,1603,-85.83648514300918,-0.0657980633527614,0.5400315917037003,0.5564283255249753,0.0
paper_max_T300,A,1.0471975511965976,0.3333333333333333,1604,-85.89002174960785,-0.06579609606814874,0.513837426873998,0.551448611010626,0.31598782315139934
paper_max_T300,A,1.0471975511965976,0.3333333333333333,1605,-85.94355524050181,-0.06579475504349486,0.5400296139328373,0.5564270253554071,0.0
paper_max_T300,A,1.0471975511965976,0.3333333333333333,1606,-85.99709000430121,-0.06579219104374212,0.5138382983529148,0.5514492487925274,0.31598848673311897
paper_max_T300,A,1.0471975511965976,0.3333333333333333,1607,-86.05063097109985,-0.06579202169810022,0.540028176580645,0.5564261027679149,0.0
paper_max_T300,A,1.0471975511965976,0.3333333333333333,1608,-86.10417636691301,-0.06579164263204712,0.5138298042179046,0.5514430977845669,0.31598198216168494
paper_max_T300,A,1.0471975511965976,0.3333333333333333,1609,-86.15772328187796,-0.06579224239025161,0.5400146892987902,0.5564172944162991,0.0
paper_max_T300,A,1.0471975511965976,0.3333333333333333,1610,-86.21126656697686,-0.0657918862900101,0.5138121966652718,0.5514302957312872,0.3159685247597984
paper_max_T300,A,1.0471975511965976,0.3333333333333333,1611,-86.26480325282688,-0.06579014766527713,0.5400026710096939,0.5564094094716325,0.0
paper_max_T300,A,1.0471975511965976,0.3333333333333333,1612,-86.31833519296529,-0.06578791995889133,0.5138065252721338,0.5514261441440184,0.31596420459310437
paper_max_T300,A,1.0471975511965976,0.3333333333333333,1613,-86.37186642765207,-0.06578515888403902,0.5400040314652124,0.5564102767780291,0.0
paper_max_T300,A,1.0471975511965976,0.3333333333333333,1614,-86.42540248460577,-0.06578398846819383,0.51381050339722,0.5514290259535112,0.3159672510650882
paper_max_T300,A,1.0471975511965976,0.3333333333333333,1615,-86.47894579616275,-0.0657833723017987,0.5400047685604994,0.556410759910084,0.0
paper_max_T300,A,1.0471975511965976,0.3333333333333333,1616,-86.53249503268083,-0.06578479377246071,0.5138056795382046,0.5514255190793005,0.3159635639142826
paper_max_T300,A,1.0471975511965976,0.3333333333333333,1617,-86.58604424535804,-0.06578474111841193,0.5399975138896763,0.5564060011150244,0.0
paper_max_T300,A,1.0471975511965976,0.3333333333333333,1618,-86.63958978397164,-0.06578564928265918,0.5137995932554168,0.5514210687698072,0.3159589250713175
paper_max_T300,A,1.0471975511965976,0.3333333333333333,1619,-86.69312825741525,-0.06578374870637815,0.5399985704699252,0.5564066586280645,0.0
paper_max_T300,A,1.0471975511965976,0.3333333333333333,1620,-86.74666452094002,-0.06578326896301306,0.5138094253727067,0.5514281852730853,0.31596645702180937
paper_max_T300,A,1.0471975511965976,0.3333333333333333,1621,-86.80020333360162,-0.06578195975262169,0.5400117322589574,0.5564152534901433,0.0
paper_max_T300,A,1.0471975511965976,0.3333333333333333,1622,-86.85375021931941,-0.06578321278145599,0.5138234455368282,0.5514383748182917,0.31597717463671904
paper_max_T300,A,1.0471975511965976,0.3333333333333333,1623,-86.90730474380433,-0.06578461687285686,0.5400190713375015,0.556420061629608,0.0
paper_max_T300,A,1.0471975511965976,0.3333333333333333,1624,-86.96086263878851,-0.06578751853085435,0.5138256345567819,0.5514399722515917,0.31597884419511646
paper_max_T300,A,1.0471975511965976,0.3333333333333333,1625,-87.01441647574885,-0.06578885399543916,0.5400190799063447,0.5564200648702812,0.0
paper_max_T300,A,1.0471975511965976,0.3333333333333333,1626,-87.06796349304571,-0.06578993874430417,0.5138290201326413,0.5514424220798625,0.3159814383374263
paper_max_T300,A,1.0471975511965976,0.3333333333333333,1627,-87.1215043494229,-0.06578963715410435,0.5400278978666357,0.5564258223200839,0.0
paper_max_T300,A,1.0471975511965976,0.3333333333333333,1628,-87.17504510716839,-0.06578932160620199,0.5138442994511174,0.5514535250241083,0.31599311947575415
paper_max_T300,A,1.0471975511965976,0.3333333333333333,1629,-87.2285917970317,-0.06579029552601245,0.5400413372804962,0.5564346263964428,0.0
paper_max_T300,A,1.0471975511965976,0.3333333333333333,1630,-87.28214523206162,-0.06579155587264762,0.5138536885183418,0.55146037635052,0.3160002819790551
paper_max_T300,A,1.0471975511965976,0.3333333333333333,1631,-87.33570287974217,-0.0657944316713246,0.5400420994703693,0.5564351561074129,0.0
paper_max_T300,A,1.0471975511965976,0.3333333333333333,1632,-87.38925755512014,-0.06579590334314966,0.513848129560369,0.5514563604235715,0.3159960200986981
paper_max_T300,A,1.0471975511965976,0.3333333333333333,1633,-87.44280507385011,-0.06579725830872896,0.5400363532243616,0.556431408919762,0.0
paper_max_T300,A,1.0471975511965976,0.3333333333333333,1634,-87.49634475211494,-0.06579607411164179,0.5138456830331828,0.5514545831998516,0.3159941494903077
paper_max_T300,A,1.0471975511965976,0.3333333333333333,1635,-87.54988157728226,-0.06579561012538404,0.5400389508411686,0.5564331087401941,0.0
paper_max_T300,A,1.0471975511965976,0.3333333333333333,1636,-87.60341999756417,-0.06579369396929119,0.5138507385460698,0.5514582694858747,0.3159980073681199
paper_max_T300,A,1.0471975511965976,0.3333333333333333,1637,-87.65696490273916,-0.0657945140314512,0.5400402945099044,0.5564340126262648,0.0
paper_max_T300,A,1.0471975511965976,0.3333333333333333,1638,-87.71051347547666,-0.0657944118224581,0.513844525867854,0.5514537854679649,0.31599324201975404
paper_max_T300,A,1.0471975511965976,0.3333333333333333,1639,-87.76406271179661,-0.06579586463373249,0.5400281906372807,0.5564261197622086,0.0
paper_max_T300,A,1.0471975511965976,0.3333333333333333,1640,-87.81760684037442,-0.06579535186085717,0.5138277598651547,0.5514416069661444,0.3159804219551851
paper_max_T300,A,1.0471975511965976,0.3333333333333333,1641,-87.87114413899064,-0.0657943274935221,0.5400161073522444,0.5564182049843912,0.0
paper_max_T300,A,1.0471975511965976,0.3333333333333333,1642,-87.92467628081488,-0.06579168436375893,0.5138208139641929,0.5514365411027137,0.3159751210629187
paper_max_T300,A,1.0471975511965976,0.3333333333333333,1643,-87.97820824772668,-0.06578948717798111,0.5400151693379757,0.5564175791109094,0.0
paper_max_T300,A,1.0471975511965976,0.3333333333333333,1644,-88.03174422104468,-0.06578769425757902,0.513820938470047,0.5514366318095595,0.31597521640654924
paper_max_T300,A,1.0471975511965976,0.3333333333333333,1645,-88.08528670019805,-0.0657872812931869,0.5400117365108225,0.5564153430226447,0.0
paper_max_T300,A,1.0471975511965976,0.3333333333333333,1646,-88.13883336359436,-0.06578781051986593,0.5138109243285275,0.5514293593687324,0.3159675583735676
paper_max_T300,A,1.0471975511965976,0.3333333333333333,1647,-88.19237933549616,-0.06578751564077095,0.5399998109188743,0.5564075336768189,0.0
paper_max_T300,A,1.0471975511965976,0.3333333333333333,1648,-88.24592122851396,-0.06578742464857684,0.5137995283447814,0.5514210522410185,0.3159588593371665
paper_max_T300,A,1.0471975511965976,0.3333333333333333,1649,-88.29945668911091,-0.06578501628384881,0.5399961398496327,0.5564050984934469,0.0
paper_max_T300,A,1.0471975511965976,0.3333333333333333,1650,-88.35299017920471,-0.06578370959687924,0.5138038633182034,0.5514241722891425,0.3159621894698263
paper_max_T300,A,1.0471975511965976,0.3333333333333333,1651,-88.4065261554635,-0.06578172507578195,0.5400044311275684,0.55641050493767,0.0
paper_max_T300,A,1.0471975511965976,0.3333333333333333,1652,-88.46006971459192,-0.06578236872470888,0.5138126374307709,0.55143054438217,0.3159688995310815
paper_max_T300,A,1.0471975511965976,0.3333333333333333,1653,-88.51362039374578,-0.06578287407670713,0.5400077894383408,0.5564127021624721,0.0
paper_max_T300,A,1.0471975511965976,0.3333333333333333,1654,-88.5671747868513,-0.06578534189673702,0.5138114229168906,0.5514296580244886,0.31596797258103526
paper_max_T300,A,1.0471975511965976,0.3333333333333333,1655,-88.62072560854,-0.06578568544013164,0.5400059143034744,0.5564114612197476,0.0
paper_max_T300,A,1.0471975511965976,0.3333333333333333,1656,-88.67427080903786,-0.0657866659738034,0.5138138472682184,0.5514313977151537,0.3159698377596103
paper_max_T300,A,1.0471975511965976,0.3333333333333333,1657,-88.7278102288966,-0.06578556479927827,0.5400147011514796,0.5564171880602752,0.0
paper_max_T300,A,1.0471975511965976,0.3333333333333333,1658,-88.78135033859854,-0.06578559254941097,0.5138298391724616,0.551443008990698,0.3159820689190863
paper_max_T300,A,1.0471975511965976,0.3333333333333333,1659,-88.83489637826736,-0.06578603229055568,0.5400294070991436,0.5564268112757091,0.0
paper_max_T300,A,1.0471975511965976,0.3333333333333333,1660,-88.8884501602808,-0.06578791773588438,0.5138415643843869,0.5514515474013485,0.31599102293685444
paper_max_T300,A,1.0471975511965976,0.3333333333333333,1661,-88.94200850566753,-0.0657904580842762,0.5400331663933048,0.5564292900565558,0.0
paper_max_T300,A,1.0471975511965976,0.3333333333333333,1662,-88.99556495697138,-0.06579266985987464,0.5138405134247258,0.5514507982246829,0.3159902119589427
paper_max_T300,A,1.0471975511965976,0.3333333333333333,1663,-89.04911436346879,-0.06579400003050273,0.5400321476193004,0.5564286288188026,0.0
paper_max_T300,A,1.0471975511965976,0.3333333333333333,1664,-89.10265650823274,-0.06579370120786265,0.5138438748452373,0.5514532392504748,0.315992782942196
paper_max_T300,A,1.0471975511965976,0.3333333333333333,1665,-89.15619595531246,-0.06579365015279115,0.5400398429537725,0.5564336632606988,0.0
paper_max_T300,A,1.0471975511965976,0.3333333333333333,1666,-89.20973772992494,-0.06579269243753616,0.5138544085773205,0.5514609077817093,0.3160008282289759
paper_max_T300,A,1.0471975511965976,0.3333333333333333,1667,-89.26328640601022,-0.06579421197807939,0.5400456792012869,0.5564375066979905,0.0
paper_max_T300,A,1.0471975511965976,0.3333333333333333,1668,-89.31683891284345,-0.06579486536889517,0.5138530034455558,0.5514599202137017,0.31599973644960344
paper_max_T300,A,1.0471975511965976,0.3333333333333333,1669,-89.37039166641759,-0.06579710194343397,0.5400375995111846,0.5564322507416616,0.0
paper_max_T300,A,1.0471975511965976,0.3333333333333333,1670,-89.42393846938049,-0.06579701819694983,0.5138404424491201,0.5514508055137837,0.31599012704922397
paper_max_T300,A,1.0471975511965976,0.3333333333333333,1671,-89.47747810913917,-0.06579686755776798,0.5400286240805763,0.5564263792920011,0.0
paper_max_T300,A,1.0471975511965976,0.3333333333333333,1672,-89.5310122957722,-0.06579441556281329,0.5138359510467638,0.5514475346927235,0.3159866966742192
paper_max_T300,A,1.0471975511965976,0.3333333333333333,1673,-89.58454683124317,-0.06579314076372511,0.5400286762697379,0.5564264117960325,0.0
paper_max_T300,A,1.0471975511965976,0.3333333333333333,1674,-89.638084921897,-0.06579126424470055,0.5138358408827314,0.5514474655414077,0.31598660673173673
paper_max_T300,A,1.0471975511965976,0.3333333333333333,1675,-89.69162905767493,-0.06579156384226209,0.5400240465640432,0.5564234030330546,0.0
paper_max_T300,A,1.0471975511965976,0.3333333333333333,1676,-89.74517562939427,-0.06579160349824209,0.5138236405418842,0.5514386145577908,0.3159772722174027
paper_max_T300,A,1.0471975511965976,0.3333333333333333,1677,-89.79872060587986,-0.06579166198453057,0.5400096686479388,0.5564139998462551,0.0
paper_max_T300,A,1.0471975511965976,0.3333333333333333,1678,-89.85226048642703,-0.06579078642840724,0.5138088708848312,0.5514278643355306,0.315965989645492
paper_max_T300,A,1.0471975511965976,0.3333333333333333,1679,-89.90579436631793,-0.06578846597133609,0.5400024120775757,0.5564092262709461,0.0
paper_max_T300,A,1.0471975511965976,0.3333333333333333,1680,-89.95932615599918,-0.06578632352683167,0.5138083261358481,0.5514274436075377,0.31596558622570825
paper_max_T300,A,1.0471975511965976,0.3333333333333333,1681,-90.01286049593887,-0.0657841715973172,0.5400057773635942,0.5564114144428726,0.0
paper_max_T300,A,1.0471975511965976,0.3333333333333333,1682,-90.0664013769716,-0.06578397371827288,0.5138111096551861,0.5514294641110601,0.3159677157846092
paper_max_T300,A,1.0471975511965976,0.3333333333333333,1683,-90.11994852995404,-0.0657839351342353,0.540003925162719,0.5564102036705705,0.0
paper_max_T300,A,1.0471975511965976,0.3333333333333333,1684,-90.17349878055907,-0.06578555323730978,0.5138044719347803,0.5514246332833499,0.31596264479042724
paper_max_T300,A,1.0471975511965976,0.3333333333333333,1685,-90.22704567573668,-0.06578506258835742,0.5399979010006206,0.5564062431627341,0.0
paper_max_T300,A,1.0471975511965976,0.3333333333333333,1686,-90.28058768889326,-0.06578539800365313,0.51380289146975,0.5514234555088037,0.3159614518368925
paper_max_T300,A,1.0471975511965976,0.3333333333333333,1687,-90.33412444948485,-0.06578343131540854,0.5400036691942739,0.5564099879797582,0.0
paper_max_T300,A,1.0471975511965976,0.3333333333333333,1688,-90.38766234598472,-0.06578320491461354,0.5138159809009231,0.5514329496887663,0.31597146836303924
paper_max_T300,A,1.0471975511965976,0.3333333333333333,1689,-90.44120592779565,-0.0657828274595354,0.540016384149774,0.5564183007045946,0.0
paper_max_T300,A,1.0471975511965976,0.3333333333333333,1690,-90.49475770392218,-0.06578476767900338,0.5138263841537084,0.5514405167786575,0.3159794175162208
paper_max_T300,A,1.0471975511965976,0.3333333333333333,1691,-90.54831421497866,-0.0657865185338743,0.5400200597054524,0.5564207124078618,0.0
paper_max_T300,A,1.0471975511965976,0.3333333333333333,1692,-90.60187004284619,-0.06578901251076752,0.5138266124782912,0.5514406848282539,0.3159795908045273
paper_max_T300,A,1.0471975511965976,0.3333333333333333,1693,-90.65541926254619,-0.06578975828453582,0.5400212542877748,0.5564214877553214,0.0
paper_max_T300,A,1.0471975511965976,0.3333333333333333,1694,-90.7089622122021,-0.06579006003761928,0.5138334081400513,0.5514456132781833,0.3159847916507946
paper_max_T300,A,1.0471975511965976,0.3333333333333333,1695,-90.76250258327907,-0.06578982794023641,0.5400324580550571,0.5564288112498058,0.0
paper_max_T300,A,1.0471975511965976,0.3333333333333333,1696,-90.8160461742652,-0.06578974966164142,0.5138482638328922,0.5514564174547457,0.3159961438914748
paper_max_T300,A,1.0471975511965976,0.3333333333333333,1697,-90.8695970187185,-0.06579142187831843,0.5400423707423969,0.5564353157005618,0.0
paper_max_T300,A,1.0471975511965976,0.3333333333333333,1698,-90.92315256036042,-0.06579297133102979,0.5138518940637977,0.5514590846672486,0.31599890364502925
paper_max_T300,A,1.0471975511965976,0.3333333333333333,1699,-90.97670838093305,-0.06579557417690435,0.5400391063780065,0.5564332063867468,0.0
paper_max_T300,A,1.0471975511965976,0.3333333333333333,1700,-91.03025829404221,-0.06579626448839898,0.5138450741033092,0.5514541428570399,0.31599368279196877
paper_max_T300,A,1.0471975511965976,0.3333333333333333,1701,-91.08380080289369,-0.0657967559298489,0.5400350962867126,0.5564305870499472,0.0
paper_max_T300,A,1.0471975511965976,0.3333333333333333,1702,-91.13733792814529,-0.06579499162184904,0.5138456615909541,0.5514545694102401,0.31599413191635967
paper_max_T300,A,1.0471975511965976,0.3333333333333333,1703,-91.19087584315287,-0.06579461821903904,0.5400388261974034,0.5564330321651868,0.0
paper_max_T300,A,1.0471975511965976,0.3333333333333333,1704,-91.24441743599405,-0.06579323266547726,0.5138487024189243,0.5514567977222161,0.31599644660218595
paper_max_T300,A,1.0471975511965976,0.3333333333333333,1705,-91.29796498522025,-0.06579443876948737,0.5400361645204026,0.5564313182224083,0.0
paper_max_T300,A,1.0471975511965976,0.3333333333333333,1706,-91.35151379398803,-0.0657945672298349,0.5138379864863618,0.5514490346782709,0.315988242079111
paper_max_T300,A,1.0471975511965976,0.3333333333333333,1707,-91.40506013668873,-0.06579536643725642,0.5400225089689978,0.5564223982827091,0.0
paper_max_T300,A,1.0471975511965976,0.3333333333333333,1708,-91.45860022074099,-0.06579421163239535,0.513823251921927,0.5514383211332209,0.3159769806718289
paper_max_T300,A,1.0471975511965976,0.3333333333333333,1709,-91.51213449833888,-0.06579250217551674,0.5400143961481702,0.5564170754650097,0.0
paper_max_T300,A,1.0471975511965976,0.3333333333333333,1710,-91.56566642905814,-0.06578988047775791,0.5138205174561029,0.5514363190351738,0.31597489780634824
paper_max_T300,A,1.0471975511965976,0.3333333333333333,1711,-91.61920114793533,-0.06578814188501608,0.5400147749987311,0.5564173186276907,0.0
paper_max_T300,A,1.0471975511965976,0.3333333333333333,1712,-91.6727412259345,-0.06578725963926557,0.5138189476029065,0.551435183333335,0.31597369538069764
paper_max_T300,A,1.0471975511965976,0.3333333333333333,1713,-91.72628661915945,-0.06578723954250038,0.5400086068525007,0.5564132913362164,0.0
paper_max_T300,A,1.0471975511965976,0.3333333333333333,1714,-91.77983371479486,-0.06578795120245856,0.5138072277147555,0.5514266632910464,0.31596473726386787
paper_max_T300,A,1.0471975511965976,0.3333333333333333,1715,-91.8333772913517,-0.06578709703186036,0.5399981294423157,0.556406420151495,0.0
paper_max_T300,A,1.0471975511965976,0.3333333333333333,1716,-91.88691606440153,-0.06578652571074645,0.5138006138913263,0.5514218276881535,0.3159596962088482
paper_max_T300,A,1.0471975511965976,0.3333333333333333,1717,-91.94045017828594,-0.06578400230454073,0.5399994192822724,0.5564072340999786,0.0
paper_max_T300,A,1.0471975511965976,0.3333333333333333,1718,-91.99398545687824,-0.06578308564207641,0.5138085770783202,0.5514275939201485,0.31596579517962387
paper_max_T300,A,1.0471975511965976,0.3333333333333333,1719,-92.04752604632476,-0.06578199269176588,0.5400077688317336,0.556412687865566,0.0
paper_max_T300,A,1.0471975511965976,0.3333333333333333,1720,-92.10107448249113,-0.06578343896763761,0.5138145760664163,0.55143195395372,0.3159703809788826
paper_max_T300,A,1.0471975511965976,0.3333333333333333,1721,-92.1546274531398,-0.06578428757906585,0.5400083983794817,0.5564130986423036,0.0
paper_max_T300,A,1.0471975511965976,0.3333333333333333,1722,-92.20818049979934,-0.06578648495037553,0.5138125395239322,0.5514304654880872,0.3159688282121602
paper_max_T300,A,1.0471975511965976,0.3333333333333333,1723,-92.2617275195276,-0.06578633732483752,0.5400086339495189,0.5564132355716548,0.0
paper_max_T300,A,1.0471975511965976,0.3333333333333333,1724,-92.31526932814506,-0.06578670862802238,0.5138192371485816,0.5514353127811356,0.31597395926060956
paper_max_T300,A,1.0471975511965976,0.3333333333333333,1725,-92.36880871261133,-0.06578582733314042,0.5400204153851896,0.5564209284754875,0.0
paper_max_T300,A,1.0471975511965976,0.3333333333333333,1726,-92.42235204547893,-0.06578621274352092,0.5138354189114953,0.5514470721145545,0.31598632998274834
paper_max_T300,A,1.0471975511965976,0.3333333333333333,1727,-92.4759027451661,-0.06578747508109895,0.5400321505466872,0.5564286160102583,0.0
paper_max_T300,A,1.0471975511965976,0.3333333333333333,1728,-92.5294592138614,-0.06578968065256297,0.5138420474045348,0.5514519086058473,0.315991386732259
paper_max_T300,A,1.0471975511965976,0.3333333333333333,1729,-92.5830162841621,-0.06579207734587722,0.5400324145108817,0.5564288052545666,0.0
paper_max_T300,A,1.0471975511965976,0.3333333333333333,1730,-92.63656825821892,-0.06579351514733828,0.5138401303573259,0.5514505235181174,0.3159899172718046
paper_max_T300,A,1.0471975511965976,0.3333333333333333,1731,-92.69011282354323,-0.06579414474918,0.5400331981355362,0.5564293184885838,0.0
paper_max_T300,A,1.0471975511965976,0.3333333333333333,1732,-92.74365250898758,-0.06579325335381808,0.5138462673012922,0.5514549826872908,0.3159946092239464
paper_max_T300,A,1.0471975511965976,0.3333333333333333,1733,-92.79719328812885,-0.06579340911380355,0.5400415935902543,0.5564348164438025,0.0
paper_max_T300,A,1.0471975511965976,0.3333333333333333,1734,-92.85073839731122,-0.06579288113518228,0.5138542068768304,0.5514607727282423,0.3160006678494795
paper_max_T300,A,1.0471975511965976,0.3333333333333333,1735,-92.90428968220913,-0.06579480633674267,0.5400429270766586,0.5564357175008747,0.0
paper_max_T300,A,1.0471975511965976,0.3333333333333333,1736,-92.95784194671887,-0.06579552562443941,0.5138477480634535,0.5514561075054679,0.3159957155216444
paper_max_T300,A,1.0471975511965976,0.3333333333333333,1737,-93.0113911532699,-0.0657970940109302,0.5400327484384994,0.5564290783199061,0.0
paper_max_T300,A,1.0471975511965976,0.3333333333333333,1738,-93.06493328745808,-0.06579623040516397,0.5138364226800944,0.5514478803400055,0.3159870559399438
paper_max_T300,A,1.0471975511965976,0.3333333333333333,1739,-93.11846962463264,-0.06579536820241194,0.5400268632591039,0.556425222790535,0.0
paper_max_T300,A,1.0471975511965976,0.3333333333333333,1740,-93.1720034851673,-0.065792821058126,0.5138350190286286,0.5514468557049118,0.31598598490626784
paper_max_T300,A,1.0471975511965976,0.3333333333333333,1741,-93.22554052275797,-0.06579190143166624,0.5400272719087699,0.5564254948289876,0.0
paper_max_T300,A,1.0471975511965976,0.3333333333333333,1742,-93.27908205468535,-0.06579079386785397,0.5138323090781886,0.551444900960285,0.31598390576642743
paper_max_T300,A,1.0471975511965976,0.3333333333333333,1743,-93.33262809324364,-0.06579131502801155,0.54001932824111,0.556420315572443,0.0
paper_max_T300,A,1.0471975511965976,0.3333333333333333,1744,-93.38617415173053,-0.06579142765915164,0.5138179492356568,0.5514344712454239,0.3159729250618518
paper_max_T300,A,1.0471975511965976,0.3333333333333333,1745,-93.43971619745244,-0.06579078122000609,0.5400060803306506,0.5564116404742289,0.0
paper_max_T300,A,1.0471975511965976,0.3333333333333333,1746,-93.49325294437057,-0.06578941722815723,0.5138076090950995,0.5514269342232725,0.31596503178992397
paper_max_T300,A,1.0471975511965976,0.3333333333333333,1747,-93.54678559308991,-0.06578687242770315,0.5400034850319444,0.5564099179616684,0.0
paper_max_T300,A,1.0471975511965976,0.3333333333333333,1748,-93.60031912831477,-0.06578516486099223,0.5138104678343197,0.551428994559922,0.3159672264655401
paper_max_T300,A,1.0471975511965976,0.3333333333333333,1749,-93.6538576277214,-0.06578377904229782,0.5400069276979054,0.5564121645011463,0.0
paper_max_T300,A,1.0471975511965976,0.3333333333333333,1750,-93.70740290928786,-0.06578443175258519,0.5138108240429303,0.551429253859823,0.3159674987343367
paper_max_T300,A,1.0471975511965976,0.3333333333333333,1751,-93.76095211771666,-0.06578463582336036,0.5400029090856513,0.5564095329943145,0.0
paper_max_T300,A,1.0471975511965976,0.3333333333333333,1752,-93.81450134839076,-0.06578608609717268,0.5138041678586843,0.5514244033375996,0.3159624168730466
paper_max_T300,A,1.0471975511965976,0.3333333333333333,1753,-93.8680450609026,-0.06578510443711244,0.5399997157141054,0.5564074204459719,0.0
paper_max_T300,A,1.0471975511965976,0.3333333333333333,1754,-93.92158434462331,-0.0657850044334245,0.513807609200805,0.5514268771855284,0.31596506208699043
paper_max_T300,A,1.0471975511965976,0.3333333333333333,1755,-93.9751214449292,-0.06578332134591641,0.5400090936676645,0.5564135343076396,0.0
paper_max_T300,A,1.0471975511965976,0.3333333333333333,1756,-94.02866280445562,-0.06578360884709183,0.513821629819065,0.5514370582428878,0.3159757849530561
paper_max_T300,A,1.0471975511965976,0.3333333333333333,1757,-94.08221132422676,-0.06578411821372288,0.5400196025523529,0.5564204111435218,0.0
paper_max_T300,A,1.0471975511965976,0.3333333333333333,1758,-94.1357663299427,-0.0657864787147136,0.5138279327874601,0.5514416475174668,0.315980598430675
paper_max_T300,A,1.0471975511965976,0.3333333333333333,1759,-94.18932229326656,-0.0657881899185222,0.5400206815494148,0.5564211218657344,0.0
paper_max_T300,A,1.0471975511965976,0.3333333333333333,1760,-94.24287432458028,-0.06579000824966852,0.513828180477786,0.551441825173617,0.3159807891365327
paper_max_T300,A,1.0471975511965976,0.3333333333333333,1761,-94.29641922374805,-0.06579022627460707,0.5400242298594004,0.5564234351934175,0.0
paper_max_T300,A,1.0471975511965976,0.3333333333333333,1762,-94.34996005247271,-0.06579002092395442,0.513838089680111,0.5514490197710864,0.31598836822573106
paper_max_T300,A,1.0471975511965976,0.3333333333333333,1763,-94.40350212819175,-0.06579015600363552,0.5400362483002832,0.556431298550829,0.0
paper_max_T300,A,1.0471975511965976,0.3333333333333333,1764,-94.45704944149013,-0.06579050023837041,0.5138503909641977,0.5514579752858596,0.31599776353044584
paper_max_T300,A,1.0471975511965976,0.3333333333333333,1765,-94.5106032752706,-0.06579267276413092,0.5400416810839249,0.5564348764739295,0.0
paper_max_T300,A,1.0471975511965976,0.3333333333333333,1766,-94.5641586549146,-0.06579420150514687,0.5138489557366841,0.5514569581430921,0.3159966528002175
paper_max_T300,A,1.0471975511965976,0.3333333333333333,1767,-94.6177107929488,-0.06579621582688733,0.5400361841280858,0.5564312992395438,0.0
paper_max_T300,A,1.0471975511965976,0.3333333333333333,1768,-94.67125571390095,-0.06579603779031246,0.5138429639220018,0.5514526100539702,0.31599206918031114
paper_max_T300,A,1.0471975511965976,0.3333333333333333,1769,-94.72479477577468,-0.06579588898055111,0.540034648245021,0.5564302942276561,0.0
paper_max_T300,A,1.0471975511965976,0.3333333333333333,1770,-94.77833154335775,-0.06579392560715014,0.5138457172526091,0.5514546131565066,0.3159941725375044
paper_max_T300,A,1.0471975511965976,0.3333333333333333,1771,-94.83187194280372,-0.06579389354523357,0.5400378586099561,0.5564324054557477,0.0
paper_max_T300,A,1.0471975511965976,0.3333333333333333,1772,-94.88541660055736,-0.0657931124795873,0.513845233239854,0.5514542834084867,0.3159937909787005
paper_max_T300,A,1.0471975511965976,0.3333333333333333,1773,-94.9389652959785,-0.06579444011985314,0.5400311833852521,0.5564280637677528,0.0
paper_max_T300,A,1.0471975511965976,0.3333333333333333,1774,-94.9925126286096,-0.06579447774471892,0.5138316515884271,0.5514444284167829,0.31598340051114016
paper_max_T300,A,1.0471975511965976,0.3333333333333333,1775,-95.04605530268488,-0.0657944673537183,0.5400180281288885,0.556419459525951,0.0
paper_max_T300,A,1.0471975511965976,0.3333333333333333,1776,-95.09959192495157,-0.0657927347046674,0.5138205550863115,0.5514363516843129,0.31597492385088344
paper_max_T300,A,1.0471975511965976,0.3333333333333333,1777,-95.15312489943318,-0.06579069499685386,0.540013833604494,0.556416699903686,0.0
paper_max_T300,A,1.0471975511965976,0.3333333333333333,1778,-95.2066584157747,-0.06578845620771251,0.5138204482061624,0.5514362649824772,0.3159748468732573
paper_max_T300,A,1.0471975511965976,0.3333333333333333,1779,-95.26019671931724,-0.06578732636514939,0.5400137953616951,0.5564166765447793,0.0
paper_max_T300,A,1.0471975511965976,0.3333333333333333,1780,-95.3137403983861,-0.0657872466646815,0.5138161984300633,0.5514331827198141,0.31597159512080497
paper_max_T300,A,1.0471975511965976,0.3333333333333333,1781,-95.36728711848541,-0.06578730710119474,0.5400054952372525,0.5564112491165638,0.0
paper_max_T300,A,1.0471975511965976,0.3333333333333333,1782,-95.42083298825094,-0.0657878708793912,0.5138046870815398,0.5514248059235984,0.3159628006052868
paper_max_T300,A,1.0471975511965976,0.3333333333333333,1783,-95.4743736073663,-0.0657864405186494,0.5399981025631317,0.5564063899693478,0.0
paper_max_T300,A,1.0471975511965976,0.3333333333333333,1784,-95.52791010461101,-0.065785546869911,0.5138033857922991,0.5514238319310044,0.31596182063152134
paper_max_T300,A,1.0471975511965976,0.3333333333333333,1785,-95.5814447624985,-0.06578327295217773,0.5400032918627079,0.5564097617521345,0.0
paper_max_T300,A,1.0471975511965976,0.3333333333333333,1786,-95.63498349933263,-0.06578299724668046,0.5138127517974018,0.5514306268728033,0.3159689871231782
paper_max_T300,A,1.0471975511965976,0.3333333333333333,1787,-95.68852891182638,-0.06578276144559075,0.5400100530776109,0.5564141825875802,0.0
paper_max_T300,A,1.0471975511965976,0.3333333333333333,1788,-95.74208078076546,-0.06578473685890696,0.5138155850082169,0.5514326871045658,0.315971152117012
paper_max_T300,A,1.0471975511965976,0.3333333333333333,1789,-95.79563374562703,-0.06578557274891322,0.5400090224459182,0.5564135040476607,0.0
paper_max_T300,A,1.0471975511965976,0.3333333333333333,1790,-95.84918377064625,-0.06578723626211896,0.5138146038444787,0.5514319616538708,0.3159704084653254
paper_max_T300,A,1.0471975511965976,0.3333333333333333,1791,-95.90272715818213,-0.06578668117173436,0.5400123890641146,0.5564156889382483,0.0
paper_max_T300,A,1.0471975511965976,0.3333333333333333,1792,-95.95626733676603,-0.06578670086089344,0.5138251119037798,0.5514395831390092,0.3159784498317916
paper_max_T300,A,1.0471975511965976,0.3333333333333333,1793,-96.00980879763674,-0.065786326894826,0.5400254934153464,0.5564242553449088,0.0
paper_max_T300,A,1.0471975511965976,0.3333333333333333,1794,-96.06335627572116,-0.06578721661716652,0.5138392951669504,0.5514498984442089,0.315989288152117
paper_max_T300,A,1.0471975511965976,0.3333333333333333,1795,-96.11691051778362,-0.06578909141324901,0.540033265776117,0.5564293549969362,0.0
paper_max_T300,A,1.0471975511965976,0.3333333333333333,1796,-96.17046733058757,-0.06579128694061087,0.5138414309060807,0.55145146825632,0.315990911401821
paper_max_T300,A,1.0471975511965976,0.3333333333333333,1797,-96.22402109591741,-0.06579322623430672,0.5400316814716523,0.5564283302518386,0.0
paper_max_T300,A,1.0471975511965976,0.3333333333333333,1798,-96.27756819656491,-0.06579379674019692,0.5138405107988446,0.5514508023559586,0.31599020689983637
paper_max_T300,A,1.0471975511965976,0.3333333333333333,1799,-96.33110943064807,-0.06579393311626097,0.5400348071075427,0.5564303737567751,0.0
paper_max_T300,A,1.0471975511965976,0.3333333333333333,1800,-96.38464889307096,-0.06579280714501806,0.51384839631353,0.5514565361846754,0.31599623329076865
paper_max_T300,A,1.0471975511965976,0.3333333333333333,1801,-96.43819239165566,-0.06579338156068348,0.5400421952298128,0.556435219138663,0.0
paper_max_T300,A,1.0471975511965976,0.3333333333333333,1802,-96.49174058088096,-0.06579333427780876,0.5138522419475542,0.5514593551700326,0.31599916022798913
paper_max_T300,A,1.0471975511965976,0.3333333333333333,1803,-96.54529273244276,-0.06579537704800947,0.5400390405749309,0.5564331831879653,0.0
paper_max_T300,A,1.0471975511965976,0.3333333333333333,1804,-96.59884287816496,-0.06579584961201113,0.5138423555905377,0.5514521910294613,0.31599159191811216
paper_max_T300,A,1.0471975511965976,0.3333333333333333,1805,-96.65238779630255,-0.06579658924848375,0.5400287616909365,0.5564264680793691,0.0
paper_max_T300,A,1.0471975511965976,0.3333333333333333,1806,-96.70592604910502,-0.06579502972884843,0.5138338011355885,0.5514459707124457,0.3159850540038952
paper_max_T300,A,1.0471975511965976,0.3333333333333333,1807,-96.75946095914935,-0.06579379295432275,0.5400258964465673,0.5564245872499008,0.0
paper_max_T300,A,1.0471975511965976,0.3333333333333333,1808,-96.81299625950402,-0.06579151573041636,0.5138339767367894,0.5514460985099946,0.31598518793084895
paper_max_T300,A,1.0471975511965976,0.3333333333333333,1809,-96.86653641134365,-0.06579107926173794,0.540025075142193,0.556424060092963,0.0
paper_max_T300,A,1.0471975511965976,0.3333333333333333,1810,-96.92008069370297,-0.06579064418209774,0.5138278903619505,0.5514416899878563,0.3159805277145407
paper_max_T300,A,1.0471975511965976,0.3333333333333333,1811,-96.97362708847308,-0.06579108251143256,0.5400145826729527,0.5564172070746967,0.0
paper_max_T300,A,1.0471975511965976,0.3333333333333333,1812,-97.02717127219313,-0.06579097485348734,0.5138134033010104,0.5514311579987486,0.31596945467715853
paper_max_T300,A,1.0471975511965976,0.3333333333333333,1813,-97.08071017099951,-0.06578963035534457,0.5400041554395381,0.5564103692617387,0.0
paper_max_T300,A,1.0471975511965976,0.3333333333333333,1814,-97.13424479650828,-0.06578796457925656,0.5138080778358141,0.5514272643079319,0.3159653956325282
paper_max_T300,A,1.0471975511965976,0.3333333333333333,1815,-97.18777801052522,-0.0657855677301572,0.5400052502168203,0.5564110660782526,0.0
paper_max_T300,A,1.0471975511965976,0.3333333333333333,1816,-97.24131476883571,-0.06578454949209633,0.5138122841017376,0.5514303116283914,0.31596861652114555
paper_max_T300,A,1.0471975511965976,0.3333333333333333,1817,-97.29485758721776,-0.06578390521189492,0.540007304626586,0.5564124091091301,0.0
paper_max_T300,A,1.0471975511965976,0.3333333333333333,1818,-97.34840601646681,-0.06578514424462395,0.5138100000161213,0.5514286512424172,0.31596687059617534
paper_max_T300,A,1.0471975511965976,0.3333333333333333,1819,-97.40195531423836,-0.06578526989482186,0.54000227047224,0.5564091081112071,0.0
paper_max_T300,A,1.0471975511965976,0.3333333333333333,1820,-97.4555020764821,-0.06578630870506047,0.5138051973655506,0.5514251428461502,0.31596320838931935
paper_max_T300,A,1.0471975511965976,0.3333333333333333,1821,-97.50904277685757,-0.06578495059970929,0.54000286866663,0.5564094754437758,0.0
paper_max_T300,A,1.0471975511965976,0.3333333333333333,1822,-97.56258092303591,-0.06578466795173915,0.5138131283216022,0.5514308847935313,0.31596928310357486
paper_max_T300,A,1.0471975511965976,0.3333333333333333,1823,-97.61612033803402,-0.06578355941504538,0.5400141622271482,0.5564168509156852,0.0
paper_max_T300,A,1.0471975511965976,0.3333333333333333,1824,-97.66966609459806,-0.06578447955196604,0.5138259095195007,0.5514401733622835,0.3159790539026244
paper_max_T300,A,1.0471975511965976,0.3333333333333333,1825,-97.72321857644562,-0.06578566953295595,0.5400214869303335,0.5564216487503307,0.0
paper_max_T300,A,1.0471975511965976,0.3333333333333333,1826,-97.77677456039089,-0.06578810519111117,0.5138286710890133,0.5514421877982826,0.31598116079340005
paper_max_T300,A,1.0471975511965976,0.3333333333333333,1827,-97.83032789983918,-0.06578947983169603,0.5400214957464331,0.5564216558828868,0.0
paper_max_T300,A,1.0471975511965976,0.3333333333333333,1828,-97.8838755701249,-0.06579052161302934,0.5138305901603545,0.5514435770597779,0.31598263098094614
paper_max_T300,A,1.0471975511965976,0.3333333333333333,1829,-97.93741751298853,-0.0657904157961211,0.5400277385417978,0.556425732543979,0.0
paper_max_T300,A,1.0471975511965976,0.3333333333333333,1830,-97.99095841412793,-0.06579003178439802,0.5138424085427561,0.5514521647196439,0.31599166640962517
paper_max_T300,A,1.0471975511965976,0.3333333333333333,1831,-98.0445036011235,-0.06579071631401817,0.5400387751068957,0.556432960745794,0.0
paper_max_T300,A,1.0471975511965976,0.3333333333333333,1832,-98.09805433737282,-0.06579150065403533,0.513850609213311,0.5514581451936079,0.31599792433642965
paper_max_T300,A,1.0471975511965976,0.3333333333333333,1833,-98.15160925480919,-0.06579386589116415,0.5400397018118919,0.5564335912711957,0.0
paper_max_T300,A,1.0471975511965976,0.3333333333333333,1834,-98.20516238542129,-0.06579505598058027,0.513845640311265,0.5514545540343857,0.31599411554347856
paper_max_T300,A,1.0471975511965976,0.3333333333333333,1835,-98.25870998447044,-0.065796314019468,0.5400338395716192,0.5564297671426289,0.0
paper_max_T300,A,1.0471975511965976,0.3333333333333333,1836,-98.31225075261892,-0.06579535520592189,0.5138418492552069,0.5514518000040101,0.3159912169107738
paper_max_T300,A,1.0471975511965976,0.3333333333333333,1837,-98.36578835222008,-0.06579487738630196,0.5400346079866783,0.5564302691712163,0.0
paper_max_T300,A,1.0471975511965976,0.3333333333333333,1838,-98.41932654547367,-0.0657930690876326,0.5138452427846495,0.5514542729917367,0.3159938072659447
paper_max_T300,A,1.0471975511965976,0.3333333333333333,1839,-98.47286986956937,-0.06579347278823788,0.5400357797849303,0.5564310520007859,0.0
paper_max_T300,A,1.0471975511965976,0.3333333333333333,1840,-98.52641666213043,-0.06579320032811486,0.5138405802746294,0.5514509065040158,0.3159902316141232
paper_max_T300,A,1.0471975511965976,0.3333333333333333,1841,-98.57996484108446,-0.06579433855759531,0.5400259509843158,0.5564246412471034,0.0
paper_max_T300,A,1.0471975511965976,0.3333333333333333,1842,-98.63350947364475,-0.06579402175102522,0.5138262218625151,0.551440476885038,0.31597925246199343
paper_max_T300,A,1.0471975511965976,0.3333333333333333,1843,-98.68704854707863,-0.06579321639023472,0.5400150024813332,0.5564174716792294,0.0
paper_max_T300,A,1.0471975511965976,0.3333333333333333,1844,-98.7405829448565,-0.06579111892732337,0.5138193787784328,0.5514354888404012,0.3159740286698769
paper_max_T300,A,1.0471975511965976,0.3333333333333333,1845,-98.79411639472298,-0.06578911500240292,0.540013838870399,0.5564166985766584,0.0
paper_max_T300,A,1.0471975511965976,0.3333333333333333,1846,-98.84765278458335,-0.06578752139700866,0.5138200213111184,0.5514359528797339,0.3159745215852566
paper_max_T300,A,1.0471975511965976,0.3333333333333333,1847,-98.9011946811222,-0.0657869755850819,0.540012118977343,0.556415578497106,0.0
paper_max_T300,A,1.0471975511965976,0.3333333333333333,1848,-98.95474079504419,-0.0657874529801632,0.5138130939858875,0.5514309221352347,0.3159692241212918
paper_max_T300,A,1.0471975511965976,0.3333333333333333,1849,-99.00828719114713,-0.06578730188350546,0.5400029669775258,0.5564095866523251,0.0
paper_max_T300,A,1.0471975511965976,0.3333333333333333,1850,-99.0618307224957,-0.06578750644298181,0.5138037270005129,0.5514240971092741,0.31596207234470697
paper_max_T300,A,1.0471975511965976,0.3333333333333333,1851,-99.11536869513233,-0.06578564446042257,0.5399996330885375,0.5564073807672931,0.0
paper_max_T300,A,1.0471975511965976,0.3333333333333333,1852,-99.16890441088066,-0.06578469100748568,0.5138072285850108,0.5514266180041247,0.3159647618820106
paper_max_T300,A,1.0471975511965976,0.3333333333333333,1853,-99.22244141621061,-0.06578296654602844,0.5400070893549825,0.5564122434872878,0.0
paper_max_T300,A,1.0471975511965976,0.3333333333333333,1854,-99.27598449876336,-0.06578343808456621,0.5138159386685737,0.5514329435896215,0.3159714229280367
paper_max_T300,A,1.0471975511965976,0.3333333333333333,1855,-99.32953392010887,-0.06578386787197288,0.540011377104328,0.5564150490270364,0.0
paper_max_T300,A,1.0471975511965976,0.3333333333333333,1856,-99.38308719621259,-0.06578602552770524,0.5138162041843582,0.5514331358988535,0.3159716259290658
paper_max_T300,A,1.0471975511965976,0.3333333333333333,1857,-99.43663820563586,-0.06578658188716296,0.5400101607983767,0.5564142454106293,0.0
paper_max_T300,A,1.0471975511965976,0.3333333333333333,1858,-99.49018457217187,-0.06578761153424545,0.5138177897698305,0.5514342737954943,0.31597284574959267
paper_max_T300,A,1.0471975511965976,0.3333333333333333,1859,-99.54372552582495,-0.06578686405810974,0.5400168529025291,0.5564186080681716,0.0
paper_max_T300,A,1.0471975511965976,0.3333333333333333,1860,-99.59726614892725,-0.06578683480351205,0.5138307708253915,0.551443699349388,0.3159827738995933
paper_max_T300,A,1.0471975511965976,0.3333333333333333,1861,-99.6508111011843,-0.06578713582474183,0.5400294171586268,0.556426828919824,0.0
paper_max_T300,A,1.0471975511965976,0.3333333333333333,1862,-99.70436247156414,-0.06578851304259897,0.5138413683511412,0.5514514143459428,0.3159908680167537
paper_max_T300,A,1.0471975511965976,0.3333333333333333,1863,-99.75791832777279,-0.06579068560773726,0.540033147658053,0.556429285657539,0.0
paper_max_T300,A,1.0471975511965976,0.3333333333333333,1864,-99.81147325005247,-0.06579254089636744,0.5138404185877731,0.5514507377264665,0.3159901348701074
paper_max_T300,A,1.0471975511965976,0.3333333333333333,1865,-99.86502267999703,-0.06579385515244796,0.5400314127024367,0.5564281570822651,0.0
paper_max_T300,A,1.0471975511965976,0.3333333333333333,1866,-99.91856566122024,-0.06579363758711909,0.5138416498820726,0.5514516323278533,0.3159910765079449
paper_max_T300,A,1.0471975511965976,0.3333333333333333,1867,-99.97210557043508,-0.06579356847246687,0.5400365520052292,0.5564315190082608,0.0
paper_max_T300,A,1.0471975511965976,0.3333333333333333,1868,-100.02564662527797,-0.06579253705574667,0.5138496629979737,0.5514574642658499,0.3159971975048875
paper_max_T300,A,1.0471975511965976,0.3333333333333333,1869,-100.07919319202796,-0.06579358851634665,0.5400414034169223,0.5564347104490821,0.0
paper_max_T300,A,1.0471975511965976,0.3333333333333333,1870,-100.13274331655538,-0.065793912245803,0.5138487890939988,0.5514568540451452,0.31599651638352744
paper_max_T300,A,1.0471975511965976,0.3333333333333333,1871,-100.18629446337053,-0.06579574710601271,0.5400346305379375,0.5564303028240188,0.0
paper_max_T300,A,1.0471975511965976,0.3333333333333333,1872,-100.23984123159033,-0.06579572506914033,0.5138375284341906,0.5514486820550982,0.3159879021550561
paper_max_T300,A,1.0471975511965976,0.3333333333333333,1873,-100.29338207721224,-0.06579564558022233,0.5400258995316534,0.5564245918529602,0.0
paper_max_T300,A,1.0471975511965976,0.3333333333333333,1874,-100.34691788825032,-0.06579361837805975,0.5138323168616259,0.5514448883531153,0.3159839210927301
paper_max_T300,A,1.0471975511965976,0.3333333333333333,1875,-100.40045318965622,-0.065792352266556,0.5400251953259506,0.5564241274903923,0.0
paper_max_T300,A,1.0471975511965976,0.3333333333333333,1876,-100.45399106446973,-0.06579060932162151,0.5138323197483461,0.5514448956984809,0.3159839205356322
paper_max_T300,A,1.0471975511965976,0.3333333333333333,1877,-100.50753411809296,-0.06579061696535937,0.5400220458728453,0.5564220799903337,0.0
paper_max_T300,A,1.0471975511965976,0.3333333333333333,1878,-100.5610799311963,-0.0657906275448204,0.5138230499717613,0.5514381700387571,0.31597682856290543
paper_max_T300,A,1.0471975511965976,0.3333333333333333,1879,-100.61462523181439,-0.06579070685890875,0.5400104076638711,0.5564144690748518,0.0
paper_max_T300,A,1.0471975511965976,0.3333333333333333,1880,-100.66816677031329,-0.06579020424548909,0.5138104480651671,0.5514289998719197,0.31596720081612906
paper_max_T300,A,1.0471975511965976,0.3333333333333333,1881,-100.72170306950221,-0.06578832613569391,0.5400038165860563,0.5564101370612986,0.0
paper_max_T300,A,1.0471975511965976,0.3333333333333333,1882,-100.77523706694035,-0.06578664002825285,0.5138096990611702,0.5514284350108438,0.3159666389843322
paper_max_T300,A,1.0471975511965976,0.3333333333333333,1883,-100.82877247689794,-0.06578469558625505,0.5400070849465656,0.5564122625651576,0.0
paper_max_T300,A,1.0471975511965976,0.3333333333333333,1884,-100.88231322505288,-0.06578447401857918,0.5138133768052734,0.5514311041428549,0.3159694526918093
paper_max_T300,A,1.0471975511965976,0.3333333333333333,1885,-100.9358596499587,-0.06578439562817018,0.5400070273922882,0.5564122252256477,0.0
paper_max_T300,A,1.0471975511965976,0.3333333333333333,1886,-100.98940947923705,-0.06578588724723006,0.5138091735091475,0.5514280455880951,0.315966241213553
paper_max_T300,A,1.0471975511965976,0.3333333333333333,1887,-101.04295718951829,-0.06578570352467061,0.5400024787438557,0.5564092368680023,0.0
paper_max_T300,A,1.0471975511965976,0.3333333333333333,1888,-101.09650092253969,-0.06578624547924694,0.5138076875463911,0.5514269452089497,0.3159651159334692
paper_max_T300,A,1.0471975511965976,0.3333333333333333,1889,-101.1500396949236,-0.06578474723307637,0.5400069975497435,0.556412171634188,0.0
paper_max_T300,A,1.0471975511965976,0.3333333333333333,1890,-101.20357861644925,-0.06578457059246517,0.5138187234459137,0.5514349508314591,0.3159735604826096
paper_max_T300,A,1.0471975511965976,0.3333333333333333,1891,-101.25712172539511,-0.06578420357908749,0.5400183433236722,0.5564195890775411,0.0
paper_max_T300,A,1.0471975511965976,0.3333333333333333,1892,-101.31067171899898,-0.06578571364978925,0.5138286977418833,0.5514422049477877,0.31598118245863493
paper_max_T300,A,1.0471975511965976,0.3333333333333333,1893,-101.36422635695334,-0.06578727752374547,0.5400223922012284,0.556422244976858,0.0
paper_max_T300,A,1.0471975511965976,0.3333333333333333,1894,-101.41778107950489,-0.06578944882789506,0.5138292319811976,0.5514425976275332,0.3159815884237364
paper_max_T300,A,1.0471975511965976,0.3333333333333333,1895,-101.47133063773111,-0.06579033269014967,0.5400228744652977,0.5564225584857106,0.0
paper_max_T300,A,1.0471975511965976,0.3333333333333333,1896,-101.5248745436381,-0.06579066566887437,0.5138337622623402,0.5514458837315379,0.3159850552462064
paper_max_T300,A,1.0471975511965976,0.3333333333333333,1897,-101.57841546634685,-0.06579051093782873,0.5400313142992843,0.55642807536486,0.0
paper_max_T300,A,1.0471975511965976,0.3333333333333333,1898,-101.63195826697722,-0.06579024485627594,0.5138457437397423,0.5514545964003087,0.3159942117536916
paper_max_T300,A,1.0471975511965976,0.3333333333333333,1899,-101.68550690630104,-0.0657915084403472,0.5400397872713677,0.5564336325599124,0.0
paper_max_T300,A,1.0471975511965976,0.3333333333333333,1900,-101.7390597984598,-0.0657925983738582,0.5138491827173951,0.5514571180505562,0.3159968288024024
paper_max_T300,A,1.0471975511965976,0.3333333333333333,1901,-101.79261372572842,-0.06579481801132475,0.5400370214954124,0.5564318445635896,0.0
paper_max_T300,A,1.0471975511965976,0.3333333333333333,1902,-101.84616319602259,-0.06579542311017028,0.5138426152760218,0.5514523580268488,0.315991801779845
paper_max_T300,A,1.0471975511965976,0.3333333333333333,1903,-101.89970646609692,-0.06579592504470011,0.5400323084768275,0.5564287655643448,0.0
paper_max_T300,A,1.0471975511965976,0.3333333333333333,1904,-101.95324463563202,-0.0657944139221226,0.5138414670797429,0.5514515227266708,0.3159909243439111
paper_max_T300,A,1.0471975511965976,0.3333333333333333,1905,-102.00678265343896,-0.0657939227797052,0.5400344745994636,0.5564301846386788,0.0
paper_max_T300,A,1.0471975511965976,0.3333333333333333,1906,-102.06032331240448,-0.0657925234119987,0.5138437897733215,0.5514532223072901,0.3159926936933958
paper_max_T300,A,1.0471975511965976,0.3333333333333333,1907,-102.11386911813958,-0.06579329778753096,0.5400326039432187,0.5564289798490971,0.0
paper_max_T300,A,1.0471975511965976,0.3333333333333333,1908,-102.16741665426014,-0.0657933166054544,0.5138352580948629,0.5514470402759548,0.31598616218830267
paper_max_T300,A,1.0471975511965976,0.3333333333333333,1909,-102.22096290318757,-0.06579399083816417,0.5400210927757232,0.5564214601542906,0.0
paper_max_T300,A,1.0471975511965976,0.3333333333333333,1910,-102.274504313269,-0.06579317622282127,0.5138221656647197,0.551437521846677,0.31597615528542256
paper_max_T300,A,1.0471975511965976,0.3333333333333333,1911,-102.32804058762221,-0.06579174549464567,0.5400133827113764,0.5564164040729722,0.0
paper_max_T300,A,1.0471975511965976,0.3333333333333333,1912,-102.38157433576475,-0.06578958353624176,0.5138191979971807,0.5514353517421068,0.3159738934393703
paper_max_T300,A,1.0471975511965976,0.3333333333333333,1913,-102.43510974970326,-0.06578791238128034,0.5400138531252635,0.5564167054019554,0.0
paper_max_T300,A,1.0471975511965976,0.3333333333333333,1914,-102.48864959748096,-0.06578707836488068,0.5138189145655384,0.5514351473446396,0.31597367621181655
paper_max_T300,A,1.0471975511965976,0.3333333333333333,1915,-102.542194362488,-0.06578694888952913,0.540009916944546,0.5564141353712747,0.0
paper_max_T300,A,1.0471975511965976,0.3333333333333333,1916,-102.59574139409182,-0.06578767303435096,0.5138101993301741,0.5514288121889258,0.31596701440989233
paper_max_T300,A,1.0471975511965976,0.3333333333333333,1917,-102.64928612545751,-0.06578711135316301,0.5400014935128805,0.5564086133194438,0.0
paper_max_T300,A,1.0471975511965976,0.3333333333333333,1918,-102.70282697200182,-0.06578689839897389,0.5138044653566424,0.5514246237619717,0.31596264196848517
paper_max_T300,A,1.0471975511965976,0.3333333333333333,1919,-102.75636336456836,-0.06578486352113899,0.5400023559715675,0.556409154403998,0.0
paper_max_T300,A,1.0471975511965976,0.3333333333333333,1920,-102.80990005089214,-0.0657841390051363,0.5138114271095567,0.5514296658607118,0.3159679733498104
paper_max_T300,A,1.0471975511965976,0.3333333333333333,1921,-102.86344068553214,-0.06578313738838665,0.5400102942345786,0.5564143396663797,0.0
paper_max_T300,A,1.0471975511965976,0.3333333333333333,1922,-102.91698803141125,-0.06578430168680371,0.5138180194436119,0.5514344569213079,0.3159730128654497
paper_max_T300,A,1.0471975511965976,0.3333333333333333,1923,-102.97053987007791,-0.06578510951178762,0.5400120752135327,0.5564155053019002,0.0
paper_max_T300,A,1.0471975511965976,0.3333333333333333,1924,-103.02409247117754,-0.06578711157960887,0.5138170127404333,0.5514337214198065,0.31597224507597343
paper_max_T300,A,1.0471975511965976,0.3333333333333333,1925,-103.0776403676839,-0.06578726059345141,0.5400121226058635,0.5564155256492306,0.0
paper_max_T300,A,1.0471975511965976,0.3333333333333333,1926,-103.1311835293485,-0.06578771895508778,0.5138219489447655,0.5514372948236297,0.3159760262119764
paper_max_T300,A,1.0471975511965976,0.3333333333333333,1927,-103.1847238514552,-0.06578705512804317,0.5400215143820251,0.556421658768773,0.0
paper_max_T300,A,1.0471975511965976,0.3333333333333333,1928,-103.2382667115532,-0.06578724292751503,0.5138355615374592,0.5514471866918995,0.31598643309022767
paper_max_T300,A,1.0471975511965976,0.3333333333333333,1929,-103.29181554535884,-0.06578823326451039,0.5400319142403506,0.556428470045988,0.0
paper_max_T300,A,1.0471975511965976,0.3333333333333333,1930,-103.34536954300924,-0.06578993580541243,0.5138418690833816,0.5514517863959946,0.3159912464474869
paper_max_T300,A,1.0471975511965976,0.3333333333333333,1931,-103.39892483684133,-0.0657920651652123,0.5400323388406401,0.5564287624988273,0.0
paper_max_T300,A,1.0471975511965976,0.3333333333333333,1932,-103.45247628443889,-0.06579332707068258,0.5138396128651217,0.5514501552687704,0.3159895173676307
paper_max_T300,A,1.0471975511965976,0.3333333333333333,1933,-103.50602147115751,-0.06579401210789626,0.5400317908003387,0.5564284060950897,0.0
paper_max_T300,A,1.0471975511965976,0.3333333333333333,1934,-103.5595618867518,-0.06579322289121858,0.5138432480756984,0.5514527966278335,0.315992296671169
paper_max_T300,A,1.0471975511965976,0.3333333333333333,1935,-103.61310239589193,-0.06579323490506372,0.5400379278107678,0.5564324241629166,0.0
paper_max_T300,A,1.0471975511965976,0.3333333333333333,1936,-103.66664605050721,-0.06579252793591728,0.5138496389720134,0.551457454886646,0.3159971747988333
paper_max_T300,A,1.0471975511965976,0.3333333333333333,1937,-103.7201950672648,-0.06579396124558456,0.5400392561432146,0.5564333140883975,0.0
paper_max_T300,A,1.0471975511965976,0.3333333333333333,1938,-103.77374551551202,-0.06579443474938729,0.5138443806903032,0.5514536555434386,0.3159931436147231
paper_max_T300,A,1.0471975511965976,0.3333333333333333,1939,-103.82729413495105,-0.06579577949193288,0.5400303264655716,0.5564274883635161,0.0
paper_max_T300,A,1.0471975511965976,0.3333333333333333,1940,-103.88083709900172,-0.06579513833257322,0.5138337369624196,0.5514459236400431,0.31598500518017647
paper_max_T300,A,1.0471975511965976,0.3333333333333333,1941,-103.93437486635577,-0.06579440154038185,0.5400241274641926,0.556423428576755,0.0
paper_max_T300,A,1.0471975511965976,0.3333333333333333,1942,-103.98790993130984,-0.06579221691622039,0.5138314888446383,0.551444284426817,0.3159832891427942
paper_max_T300,A,1.0471975511965976,0.3333333333333333,1943,-104.041447022628,-0.06579119727844962,0.5400242620214007,0.5564235174846724,0.0
paper_max_T300,A,1.0471975511965976,0.3333333333333333,1944,-104.09498784916687,-0.06579010662345064,0.5138298044115409,0.5514430690922225,0.31598199698666884
paper_max_T300,A,1.0471975511965976,0.3333333333333333,1945,-104.14853294725685,-0.06579038564897188,0.5400184149235093,0.5564197044761342,0.0
paper_max_T300,A,1.0471975511965976,0.3333333333333333,1946,-104.202078879999,-0.06579055641404552,0.5138183976929225,0.5514347842559768,0.31597327448106827
paper_max_T300,A,1.0471975511965976,0.3333333333333333,1947,-104.25562204118697,-0.0657900980232905,0.5400072960284092,0.5564124249991051,0.0
paper_max_T300,A,1.0471975511965976,0.3333333333333333,1948,-104.30916087667032,-0.06578917493245395,0.5138092197228414,0.5514280972455876,0.3159662669035933
paper_max_T300,A,1.0471975511965976,0.3333333333333333,1949,-104.36269572486083,-0.06578703647736917,0.5400047236945671,0.5564107223031888,0.0
paper_max_T300,A,1.0471975511965976,0.3333333333333333,1950,-104.416230724797,-0.06578562902458363,0.5138118015179229,0.5514299583213123,0.31596824874341367
paper_max_T300,A,1.0471975511965976,0.3333333333333333,1951,-104.4697694579888,-0.06578431454499356,0.5400085161552385,0.5564131968824775,0.0
paper_max_T300,A,1.0471975511965976,0.3333333333333333,1952,-104.52331412100926,-0.06578483689284648,0.5138136661841517,0.5514313129807066,0.3159696746072126
paper_max_T300,A,1.0471975511965976,0.3333333333333333,1953,-104.57686278070724,-0.06578505888379099,0.5400064395063228,0.5564118370943911,0.0
paper_max_T300,A,1.0471975511965976,0.3333333333333333,1954,-104.63041220256008,-0.0657864808025439,0.5138089025257908,0.5514278428040275,0.3159660370082261
paper_max_T300,A,1.0471975511965976,0.3333333333333333,1955,-104.68395731875034,-0.06578589314063576,0.5400038068541079,0.5564100987180066,0.0
paper_max_T300,A,1.0471975511965976,0.3333333333333333,1956,-104.73749841992941,-0.06578600790185751,0.5138114475612346,0.5514296725039518,0.3159679931664373
paper_max_T300,A,1.0471975511965976,0.3333333333333333,1957,-104.7910369164511,-0.06578465746477313,0.5400115650458782,0.556415157545261,0.0
paper_max_T300,A,1.0471975511965976,0.3333333333333333,1958,-104.84457831581054,-0.06578483232526766,0.51382372560562,0.5514385884013681,0.31597738319431234
paper_max_T300,A,1.0471975511965976,0.3333333333333333,1959,-104.8981255668466,-0.06578521968952139,0.5400213503455973,0.5564215602668614,0.0
paper_max_T300,A,1.0471975511965976,0.3333333333333333,1960,-104.95167864266492,-0.06578713623472054,0.5138301927753248,0.5514432961614573,0.31598232275194715
paper_max_T300,A,1.0471975511965976,0.3333333333333333,1961,-105.00523330817677,-0.06578874420253039,0.54002281083901,0.5564225216705232,0.0
paper_max_T300,A,1.0471975511965976,0.3333333333333333,1962,-105.05878509178388,-0.06579039189914526,0.5138301423779963,0.5514432603665496,0.31598228386314053
paper_max_T300,A,1.0471975511965976,0.3333333333333333,1963,-105.1123308118199,-0.06579078808625838,0.5400249332596955,0.5564239059526132,0.0
paper_max_T300,A,1.0471975511965976,0.3333333333333333,1964,-105.16587240898514,-0.06579061197963776,0.5138373395327327,0.5514484861531198,0.31598778849674036
paper_max_T300,A,1.0471975511965976,0.3333333333333333,1965,-105.21941423299836,-0.06579067485719103,0.540034424683722,0.5564301153855554,0.0
paper_max_T300,A,1.0471975511965976,0.3333333333333333,1966,-105.27295995249574,-0.06579072430741167,0.5138476559258083,0.551455994739677,0.3159956688565406
paper_max_T300,A,1.0471975511965976,0.3333333333333333,1967,-105.32651135104345,-0.0657924468097354,0.5400393164983419,0.5564333336944266,0.0
paper_max_T300,A,1.0471975511965976,0.3333333333333333,1968,-105.38006460640435,-0.06579360572987425,0.5138466262065786,0.5514552672300786,0.31599487075696187
paper_max_T300,A,1.0471975511965976,0.3333333333333333,1969,-105.43361584039411,-0.06579538946202806,0.5400342428365636,0.5564300306288484,0.0
paper_max_T300,A,1.0471975511965976,0.3333333333333333,1970,-105.48716117096035,-0.06579529001699524,0.5138403197001384,0.551450690192937,0.3159900466222478
paper_max_T300,A,1.0471975511965976,0.3333333333333333,1971,-105.5407011867793,-0.06579518400580936,0.5400315439207001,0.5564282650561256,0.0
paper_max_T300,A,1.0471975511965976,0.3333333333333333,1972,-105.59423856005492,-0.0657934271892679,0.513841352371985,0.5514514409215145,0.31599083569459185
paper_max_T300,A,1.0471975511965976,0.3333333333333333,1973,-105.647778360166,-0.06579316801129387,0.5400337894575855,0.5564297403820058,0.0
paper_max_T300,A,1.0471975511965976,0.3333333333333333,1974,-105.70132167815996,-0.06579228848610913,0.5138411728408021,0.551451325365222,0.3159906906113171
paper_max_T300,A,1.0471975511965976,0.3333333333333333,1975,-105.75486889687062,-0.0657932438624863,0.5400286086052416,0.5564263695150614,0.0
paper_max_T300,A,1.0471975511965976,0.3333333333333333,1976,-105.80841572256026,-0.06579328603780871,0.5138299130654849,0.551443154404463,0.31598207682716745
paper_max_T300,A,1.0471975511965976,0.3333333333333333,1977,-105.86195916820714,-0.06579332410597927,0.5400171220739385,0.5564188572333869,0.0
paper_max_T300,A,1.0471975511965976,0.3333333333333333,1978,-105.9154975712907,-0.06579201549300917,0.5138196436363905,0.5514356814837323,0.31597423108199973
paper_max_T300,A,1.0471975511965976,0.3333333333333333,1979,-105.96903234252929,-0.06579023395937633,0.5400128646063982,0.5564160587731504,0.0
paper_max_T300,A,1.0471975511965976,0.3333333333333333,1980,-106.0225670104216,-0.06578831869702118,0.5138194030402192,0.5514354972622972,0.31597405205809725
paper_max_T300,A,1.0471975511965976,0.3333333333333333,1981,-106.07610532954101,-0.06578715208518993,0.5400134671987595,0.5564164517358787,0.0
paper_max_T300,A,1.0471975511965976,0.3333333333333333,1982,-106.12964847102182,-0.06578703397422603,0.5138171126941484,0.5514338361846676,0.31597229961493
paper_max_T300,A,1.0471975511965976,0.3333333333333333,1983,-106.18319487222959,-0.06578707127748662,0.5400075680720946,0.5564125945308573,0.0
paper_max_T300,A,1.0471975511965976,0.3333333333333333,1984,-106.23674131653709,-0.06578774601392334,0.5138080841125181,0.5514272673977171,0.31596540123579375
paper_max_T300,A,1.0471975511965976,0.3333333333333333,1985,-106.29028364131554,-0.06578671032071398,0.5400013422951776,0.5564085052095599,0.0
paper_max_T300,A,1.0471975511965976,0.3333333333333333,1986,-106.3438222632746,-0.06578616891935773,0.5138067041458896,0.5514262429030099,0.3159643576113188
paper_max_T300,A,1.0471975511965976,0.3333333333333333,1987,-106.39735860861705,-0.06578426409098537,0.5400057375854317,0.5564113618749924,0.0
paper_max_T300,A,1.0471975511965976,0.3333333333333333,1988,-106.45089783182166,-0.0657840069639618,0.5138153267093815,0.5514324989834166,0.31597095492878996
paper_max_T300,A,1.0471975511965976,0.3333333333333333,1989,-106.50444255986548,-0.06578374789999059,0.5400126293459547,0.5564158678986283,0.0
paper_max_T300,A,1.0471975511965976,0.3333333333333333,1990,-106.55799317519109,-0.06578541276542449,0.5138191825299029,0.5514353029409699,0.3159739014606553
paper_max_T300,A,1.0471975511965976,0.3333333333333333,1991,-106.61154549119692,-0.06578629139076547,0.5400126054681772,0.5564158509500184,0.0
paper_max_T300,A,1.0471975511965976,0.3333333333333333,1992,-106.66509578856738,-0.06578788136726282,0.5138184750872309,0.5514347817059541,0.3159733642953775
paper_max_T300,A,1.0471975511965976,0.3333333333333333,1993,-106.7186404203386,-0.06578764599594056,0.5400149630485143,0.5564173815155516,0.0
paper_max_T300,A,1.0471975511965976,0.3333333333333333,1994,-106.77218168782792,-0.06578772045220749,0.5138266675673457,0.5514407244232211,0.315979633256011
paper_max_T300,A,1.0471975511965976,0.3333333333333333,1995,-106.82572323722673,-0.06578739980548087,0.5400258085632642,0.5564244712711129,0.0
paper_max_T300,A,1.0471975511965976,0.3333333333333333,1996,-106.87926937823497,-0.06578797023086003,0.5138390210472463,0.5514497078203595,0.3159890739634573
paper_max_T300,A,1.0471975511965976,0.3333333333333333,1997,-106.93282143249073,-0.06578951671191541,0.5400329934937205,0.5564291835414956,0.0
paper_max_T300,A,1.0471975511965976,0.3333333333333333,1998,-106.98637619406355,-0.06579128812813462,0.5138412707354584,0.5514513579641431,0.3159907856595513
paper_max_T300,A,1.0471975511965976,0.3333333333333333,1999,-107.03992906957637,-0.0657930838473052,0.5400313912585757,0.5564281465474895,0.0
paper_max_T300,A,1.0471975511965976,0.3333333333333333,2000,-107.09347642239868,-0.06579362836169417,0.5138393917257392,0.5514499963498297,0.3159893474037687
paper_max_T300,A,1.0471975511965976,0.3333333333333333,2001,-107.1470184038372,-0.06579382178030191,0.5400327284875541,0.5564290211184124,0.0
paper_max_T300,A,1.0471975511965976,0.3333333333333333,2002,-107.20055810521899,-0.06579275161293918,0.513844823229514,0.5514539453138364,0.3159934986031923
paper_max_T300,A,1.0471975511965976,0.3333333333333333,2003,-107.25410058568963,-0.0657930584247517,0.5400384853379222,0.5564327951376951,0.0
paper_max_T300,A,1.0471975511965976,0.3333333333333333,2004,-107.30764691374395,-0.06579276698336306,0.5138481638704049,0.5514563905365099,0.315996043091204
paper_max_T300,A,1.0471975511965976,0.3333333333333333,2005,-107.36119709568894,-0.06579437000721139,0.5400360502606341,0.5564312232580781,0.0
paper_max_T300,A,1.0471975511965976,0.3333333333333333,2006,-107.4147462575682,-0.06579473054009038,0.513839672479847,0.5514502360774304,0.31598954324219336
paper_max_T300,A,1.0471975511965976,0.3333333333333333,2007,-107.46829149453924,-0.0657954093633275,0.5400266426711993,0.5564250769995501,0.0
paper_max_T300,A,1.0471975511965976,0.3333333333333333,2008,-107.5218310494669,-0.06579417142614591,0.5138311498564425,0.5514440396975846,0.3159830292843217
paper_max_T300,A,1.0471975511965976,0.3333333333333333,2009,-107.57536719058288,-0.0657930404156633,0.5400231676384966,0.5564227975915909,0.0
paper_max_T300,A,1.0471975511965976,0.3333333333333333,2010,-107.62890307655141,-0.06579101506486001,0.513830763692787,0.5514437568289288,0.3159827350800544
paper_max_T300,A,1.0471975511965976,0.3333333333333333,2011,-107.68244271923771,-0.06579039512377316,0.5400227514427564,0.5564225306411353,0.0
paper_max_T300,A,1.0471975511965976,0.3333333333333333,2012,-107.73598615987311,-0.06578992070352652,0.513826485894012,0.5514406577530979,0.3159794599503297
paper_max_T300,A,1.0471975511965976,0.3333333333333333,2013,-107.78953207864086,-0.0657902257101245,0.5400146070061475,0.5564172109071445,0.0
paper_max_T300,A,1.0471975511965976,0.3333333333333333,2014,-107.84307685974758,-0.06579028954222149,0.5138145330938189,0.5514319689517464,0.3159703235448912
paper_max_T300,A,1.0471975511965976,0.3333333333333333,2015,-107.8966174382698,-0.06578925128656365,0.5400055307282756,0.5564112612269585,0.0
paper_max_T300,A,1.0471975511965976,0.3333333333333333,2016,-107.95015419598803,-0.06578802301855297,0.5138095413854609,0.5514283226485507,0.31596651716277585
paper_max_T300,A,1.0471975511965976,0.3333333333333333,2017,-108.0036890685256,-0.06578593648176684,0.5400063742097259,0.5564117964710131,0.0
paper_max_T300,A,1.0471975511965976,0.3333333333333333,2018,-108.05722647865713,-0.06578504996595558,0.5138137771985789,0.5514313916906781,0.31596976041902286
paper_max_T300,A,1.0471975511965976,0.3333333333333333,2019,-108.11076893872053,-0.06578439176941753,0.5400093048230663,0.5564137115693606,0.0
paper_max_T300,A,1.0471975511965976,0.3333333333333333,2020,-108.1643166588292,-0.06578547030319021,0.5138133628952849,0.551431090469719,0.3159694437362325
paper_max_T300,A,1.0471975511965976,0.3333333333333333,2021,-108.21786587764089,-0.06578571220020946,0.5400059921050199,0.5564115398950376,0.0
paper_max_T300,A,1.0471975511965976,0.3333333333333333,2022,-108.27141345744099,-0.06578682333521613,0.5138096184882184,0.551428357126377,0.31596658743956335
paper_max_T300,A,1.0471975511965976,0.3333333333333333,2023,-108.32495584429904,-0.06578588233631072,0.5400062731086306,0.5564117064205815,0.0
paper_max_T300,A,1.0471975511965976,0.3333333333333333,2024,-108.378495495192,-0.06578575576199774,0.5138160292947238,0.5514329994385201,0.31597149727451973
paper_max_T300,A,1.0471975511965976,0.3333333333333333,2025,-108.43203546135067,-0.06578481701133082,0.5400159883238902,0.5564180515451003,0.0
paper_max_T300,A,1.0471975511965976,0.3333333333333333,2026,-108.48558038312925,-0.0657854853283088,0.5138276582332958,0.5514414502251626,0.3159803874327509
paper_max_T300,A,1.0471975511965976,0.3333333333333333,2027,-108.539131220115,-0.06578649422918526,0.5400231724229717,0.5564227564660779,0.0
paper_max_T300,A,1.0471975511965976,0.3333333333333333,2028,-108.59268558130734,-0.06578854521623834,0.5138308242218924,0.5514437586669605,0.31598280351228547
paper_max_T300,A,1.0471975511965976,0.3333333333333333,2029,-108.64623837670132,-0.06578991919717397,0.5400232371720519,0.5564228022603458,0.0
paper_max_T300,A,1.0471975511965976,0.3333333333333333,2030,-108.69978646276707,-0.06579091353953764,0.5138317062938523,0.5514443976082067,0.3159834791278835
paper_max_T300,A,1.0471975511965976,0.3333333333333333,2031,-108.75332926710297,-0.06579095914689254,0.540027528739433,0.5564256051281176,0.0
paper_max_T300,A,1.0471975511965976,0.3333333333333333,2032,-108.80687037933728,-0.06579054288767422,0.5138407997680983,0.551451005044038,0.3159904314222256
paper_max_T300,A,1.0471975511965976,0.3333333333333333,2033,-108.86041449816128,-0.06579101270510818,0.5400366056813305,0.5564315487188644,0.0
paper_max_T300,A,1.0471975511965976,0.3333333333333333,2034,-108.91396317327116,-0.06579143998600506,0.5138479786427139,0.551456237814349,0.31599591099797475
paper_max_T300,A,1.0471975511965976,0.3333333333333333,2035,-108.96751590084716,-0.06579338993741907,0.5400376498267647,0.5564322510110183,0.0
paper_max_T300,A,1.0471975511965976,0.3333333333333333,2036,-109.02106771972944,-0.06579434855712074,0.5138435714398759,0.5514530516486816,0.31599253322053944
paper_max_T300,A,1.0471975511965976,0.3333333333333333,2037,-109.07461530059595,-0.06579551455043325,0.5400318528017545,0.5564284685446398,0.0
paper_max_T300,A,1.0471975511965976,0.3333333333333333,2038,-109.12815693453987,-0.06579473812244224,0.5138389002484868,0.5514496582290827,0.31598896161729656
paper_max_T300,A,1.0471975511965976,0.3333333333333333,2039,-109.1816952578404,-0.06579426879558403,0.5400312701833275,0.5564280862197306,0.0
paper_max_T300,A,1.0471975511965976,0.3333333333333333,2040,-109.2352334376431,-0.06579257641974057,0.5138409836042965,0.551451175643751,0.31599055227108525
paper_max_T300,A,1.0471975511965976,0.3333333333333333,2041,-109.28877564565857,-0.06579267412406431,0.5400322532301919,0.5564287398618367,0.0
paper_max_T300,A,1.0471975511965976,0.3333333333333333,2042,-109.3423210740865,-0.06579227709624536,0.5138375014945694,0.551448660766277,0.31598788220625174
paper_max_T300,A,1.0471975511965976,0.3333333333333333,2043,-109.39586836294035,-0.06579316027629828,0.5400242552960607,0.5564235223707517,0.0
paper_max_T300,A,1.0471975511965976,0.3333333333333333,2044,-109.44941330666398,-0.06579298211468576,0.5138251710218177,0.5514397042393527,0.3159784536853804
paper_max_T300,A,1.0471975511965976,0.3333333333333333,2045,-109.5029537493163,-0.06579234997560307,0.5400143400822721,0.5564170307838412,0.0
paper_max_T300,A,1.0471975511965976,0.3333333333333333,2046,-109.55648998242341,-0.06579068734305299,0.5138185094718344,0.5514348506359865,0.3159733674318745
paper_max_T300,A,1.0471975511965976,0.3333333333333333,2047,-109.61002473571199,-0.06578886496563591,0.5400129897361687,0.5564161363044178,0.0
paper_max_T300,A,1.0471975511965976,0.3333333333333333,2048,-109.66356158035904,-0.06578744626895888,0.5138194518188766,0.5514355308679344,0.31597409037847923
paper_max_T300,A,1.0471975511965976,0.3333333333333333,2049,-109.71710306711685,-0.06578680908592238,0.5400125005475382,0.556415818394092,0.0
paper_max_T300,A,1.0471975511965976,0.3333333333333333,2050,-109.7706486921536,-0.06578723192978098,0.5138148751955215,0.5514322072818646,0.31597059054103377
paper_max_T300,A,1.0471975511965976,0.3333333333333333,2051,-109.8241953019944,-0.06578717792582645,0.5400055427469838,0.556411263839104,0.0
paper_max_T300,A,1.0471975511965976,0.3333333333333333,2052,-109.87774000912063,-0.06578758830638542,0.5138071789432039,0.5514266015726562,0.31596471337031473
paper_max_T300,A,1.0471975511965976,0.3333333333333333,2053,-109.93127992902629,-0.06578615650185476,0.5400025241064254,0.5564092703680935,0.0
paper_max_T300,A,1.0471975511965976,0.3333333333333333,2054,-109.98481744451985,-0.06578548304482029,0.5138099936531169,0.5514286281562368,0.3159668752066729
paper_max_T300,A,1.0471975511965976,0.3333333333333333,2055,-110.0383553482049,-0.06578398123933099,0.5400092040656748,0.5564136273786147,0.0
paper_max_T300,A,1.0471975511965976,0.3333333333333333,2056,-110.0918981018527,-0.06578432247252836,0.5138184641894527,0.5514347797943847,0.3159733530157751
paper_max_T300,A,1.0471975511965976,0.3333333333333333,2057,-110.1454464837291,-0.0657846826467402,0.5400140842227967,0.5564168204593888,0.0
paper_max_T300,A,1.0471975511965976,0.3333333333333333,2058,-110.19899874787268,-0.06578657132219934,0.5138198322641702,0.5514357750821179,0.3159743980760057
paper_max_T300,A,1.0471975511965976,0.3333333333333333,2059,-110.25254974860047,-0.06578726635164844,0.5400134169911502,0.5564163800093378,0.0
paper_max_T300,A,1.0471975511965976,0.3333333333333333,2060,-110.30609693006755,-0.06578831557654674,0.5138208304058439,0.5514364912489873,0.3159751660473025
paper_max_T300,A,1.0471975511965976,0.3333333333333333,2061,-110.35963908927283,-0.06578784449053754,0.540018485784822,0.5564196850725629,0.0
paper_max_T300,A,1.0471975511965976,0.3333333333333333,2062,-110.41318019155071,-0.06578778483362191,0.5138313805900603,0.5514441519918899,0.3159832348866258
paper_max_T300,A,1.0471975511965976,0.3333333333333333,2063,-110.46672436742986,-0.06578798451660844,0.5400292483338398,0.5564267264308166,0.0
paper_max_T300,A,1.0471975511965976,0.3333333333333333,2064,-110.52027386007387,-0.06578896978374021,0.5138409612162761,0.5514511250546335,0.31599055323825315
paper_max_T300,A,1.0471975511965976,0.3333333333333333,2065,-110.57382767739867,-0.06579083177500117,0.54003291389579,0.5564291380231902,0.0
paper_max_T300,A,1.0471975511965976,0.3333333333333333,2066,-110.62738127068312,-0.06579239030633605,0.5138401564889159,0.551450552660268,0.315989931557178
paper_max_T300,A,1.0471975511965976,0.3333333333333333,2067,-110.68093061710954,-0.06579367039166217,0.5400307405101257,0.5564277231233652,0.0
paper_max_T300,A,1.0471975511965976,0.3333333333333333,2068,-110.73447424926115,-0.06579352013431955,0.5138398505637477,0.5514503311653387,0.315989697427891
paper_max_T300,A,1.0471975511965976,0.3333333333333333,2069,-110.78801461685532,-0.06579344947482868,0.5400339250785957,0.5564298061791758,0.0
paper_max_T300,A,1.0471975511965976,0.3333333333333333,2070,-110.84155524888507,-0.0657923899468068,0.5138458540097833,0.5514546994904115,0.3159942838175167
paper_max_T300,A,1.0471975511965976,0.3333333333333333,2071,-110.89510025693662,-0.06579308565049424,0.5400379430950105,0.5564324471318269,0.0
paper_max_T300,A,1.0471975511965976,0.3333333333333333,2072,-110.94864852383637,-0.06579315916736705,0.513845371250349,0.5514543673320212,0.31599390495416435
paper_max_T300,A,1.0471975511965976,0.3333333333333333,2073,-111.00219833621662,-0.06579466410941431,0.5400322600723592,0.5564287476372661,0.0
paper_max_T300,A,1.0471975511965976,0.3333333333333333,2074,-111.05574499639266,-0.06579468012640438,0.5138352936972012,0.5514470533457698,0.31598619605546974
paper_max_T300,A,1.0471975511965976,0.3333333333333333,2075,-111.10928677686735,-0.06579465634192372,0.5400238830305569,0.5564232686200605,0.0
paper_max_T300,A,1.0471975511965976,0.3333333333333333,2076,-111.1628239484944,-0.0657929772240507,0.5138296392360281,0.5514429384187717,0.31598187615919127
paper_max_T300,A,1.0471975511965976,0.3333333333333333,2077,-111.21636000683165,-0.0657917473227016,0.540022599666592,0.5564224244102369,0.0
paper_max_T300,A,1.0471975511965976,0.3333333333333333,2078,-111.26989785523756,-0.06579013412816453,0.5138296635041019,0.5514429577726905,0.3159818937959574
paper_max_T300,A,1.0471975511965976,0.3333333333333333,2079,-111.32344011770732,-0.065789925565922,0.5400205446176961,0.55642108810955,0.0
paper_max_T300,A,1.0471975511965976,0.3333333333333333,2080,-111.37698529478263,-0.06578990550674346,0.5138226816509749,0.5514378917078318,0.315976552439664
paper_max_T300,A,1.0471975511965976,0.3333333333333333,2081,-111.43053075692359,-0.06578999023230747,0.5400111248874874,0.5564149283157686,0.0
paper_max_T300,A,1.0471975511965976,0.3333333333333333,2082,-111.48407352412204,-0.06578976246097801,0.5138119065234927,0.5514300523697864,0.31596831957096216
paper_max_T300,A,1.0471975511965976,0.3333333333333333,2083,-111.53761174002628,-0.06578824141381495,0.5400051372382632,0.5564109955950862,0.0
paper_max_T300,A,1.0471975511965976,0.3333333333333333,2084,-111.59114756042501,-0.06578692272608422,0.513810990253315,0.5514293693978478,0.315967628057889
paper_max_T300,A,1.0471975511965976,0.3333333333333333,2085,-111.64468392707016,-0.06578516661608758,0.5400082299145249,0.5564130071558865,0.0
paper_max_T300,A,1.0471975511965976,0.3333333333333333,2086,-111.69822462917901,-0.06578493232791577,0.5138152070635518,0.5514324296639443,0.3159708541217947
paper_max_T300,A,1.0471975511965976,0.3333333333333333,2087,-111.75177044027879,-0.0657848181058156,0.5400094677776144,0.5564138167640407,0.0
paper_max_T300,A,1.0471975511965976,0.3333333333333333,2088,-111.805319813431,-0.0657861839412669,0.513812875813475,0.5514307334640006,0.31596907284423403
paper_max_T300,A,1.0471975511965976,0.3333333333333333,2089,-111.85886802672675,-0.06578622032908665,0.5400061142290582,0.5564116147327812,0.0
paper_max_T300,A,1.0471975511965976,0.3333333333333333,2090,-111.91241302729796,-0.06578690451805486,0.5138115220236583,0.5514297351473303,0.3159680454578593
paper_max_T300,A,1.0471975511965976,0.3333333333333333,2091,-111.96595339464633,-0.0657857790012672,0.5400096482998,0.5564139105547572,0.0
paper_max_T300,A,1.0471975511965976,0.3333333333333333,2092,-112.01949319363985,-0.06578565115802432,0.5138208426922747,0.5514364971484751,0.315975177170152
paper_max_T300,A,1.0471975511965976,0.3333333333333333,2093,-112.07303599262656,-0.06578530067638777,0.5400197677096458,0.5564205261423943,0.0
paper_max_T300,A,1.0471975511965976,0.3333333333333333,2094,-112.12658457429373,-0.06578647129236131,0.5138303172289976,0.5514433870256329,0.3159824177081144
paper_max_T300,A,1.0471975511965976,0.3333333333333333,2095,-112.18013763172945,-0.06578786458176855,0.5400240403033479,0.5564233279499576,0.0
paper_max_T300,A,1.0471975511965976,0.3333333333333333,2096,-112.2336913357795,-0.06578975799091835,0.5138311211274258,0.5514439768057106,0.3159830292469412
paper_max_T300,A,1.0471975511965976,0.3333333333333333,2097,-112.28724104312357,-0.06579072689446008,0.5400240462917849,0.5564233324589434,0.0
paper_max_T300,A,1.0471975511965976,0.3333333333333333,2098,-112.34078567702605,-0.06579108258727168,0.5138339527219389,0.5514460311124038,0.31598519598117814
paper_max_T300,A,1.0471975511965976,0.3333333333333333,2099,-112.39432710469265,-0.0657909965999588,0.5400303177904019,0.5564274320202215,0.0
paper_max_T300,A,1.0471975511965976,0.3333333333333333,2100,-112.44786939428451,-0.06579060646180196,0.5138435974710005,0.551453043802708,0.31599256713145407
paper_max_T300,A,1.0471975511965976,0.3333333333333333,2101,-112.50141636065109,-0.06579155208809984,0.540037568801999,0.5564321859960973,0.0
paper_max_T300,A,1.0471975511965976,0.3333333333333333,2102,-112.5549671495402,-0.06579228397982795,0.513846838764217,0.5514554169215987,0.3159950356483646
paper_max_T300,A,1.0471975511965976,0.3333333333333333,2103,-112.60851948926847,-0.06579418014451355,0.5400352464805944,0.5564306843273807,0.0
paper_max_T300,A,1.0471975511965976,0.3333333333333333,2104,-112.66206851628601,-0.065794707289898,0.5138406200416062,0.5514509088093755,0.3159902759275205
paper_max_T300,A,1.0471975511965976,0.3333333333333333,2105,-112.71561236395104,-0.06579521218132411,0.5400301321424257,0.5564273428325852,0.0
paper_max_T300,A,1.0471975511965976,0.3333333333333333,2106,-112.76915143659704,-0.06579391750388203,0.5138382205769196,0.5514491640204835,0.3159884420556792
paper_max_T300,A,1.0471975511965976,0.3333333333333333,2107,-112.8226896835682,-0.06579335778665607,0.5400310835991291,0.5564279654893777,0.0
paper_max_T300,A,1.0471975511965976,0.3333333333333333,2108,-112.87622974628019,-0.06579197528381842,0.5138399260988478,0.5514504105685775,0.31598974200973684
paper_max_T300,A,1.0471975511965976,0.3333333333333333,2109,-112.92977423333627,-0.06579241833529303,0.5400297935610459,0.5564271347972891,0.0
paper_max_T300,A,1.0471975511965976,0.3333333333333333,2110,-112.98332073219859,-0.06579234776363135,0.5138331392158825,0.5514454919855994,0.31598454666351666
paper_max_T300,A,1.0471975511965976,0.3333333333333333,2111,-113.03686682677142,-0.06579291247304486,0.5400200738982079,0.5564207850927861,0.0
paper_max_T300,A,1.0471975511965976,0.3333333333333333,2112,-113.09040923199717,-0.06579235559770524,0.5138215025810633,0.5514370327307551,0.31597565207128464
paper_max_T300,A,1.0471975511965976,0.3333333333333333,2113,-113.14394712309075,-0.06579115727902785,0.5400127928930811,0.5564160121963667,0.0
paper_max_T300,A,1.0471975511965976,0.3333333333333333,2114,-113.19748242054027,-0.06578937400233686,0.5138183795437704,0.5514347511955996,0.3159732707161432
paper_max_T300,A,1.0471975511965976,0.3333333333333333,2115,-113.25101852112977,-0.06578778490514253,0.5400132703222182,0.5564163173817642,0.0
paper_max_T300,A,1.0471975511965976,0.3333333333333333,2116,-113.30455826530306,-0.0657869996675835,0.513818990016625,0.5514351942070532,0.31597373794484906
paper_max_T300,A,1.0471975511965976,0.3333333333333333,2117,-113.35810251263962,-0.06578678433111745,0.5400110183514188,0.5564148471406355,0.0
paper_max_T300,A,1.0471975511965976,0.3333333333333333,2118,-113.41164939145102,-0.0657874960771665,0.5138126424842145,0.551430580490884,0.3159688858075603
paper_max_T300,A,1.0471975511965976,0.3333333333333333,2119,-113.4651949250117,-0.06578715156414933,0.5400042759746011,0.5564104284531417,0.0
paper_max_T300,A,1.0471975511965976,0.3333333333333333,2120,-113.51873735141919,-0.06578720460341286,0.5138076770957037,0.5514269561166713,0.31596509808699114
paper_max_T300,A,1.0471975511965976,0.3333333333333333,2121,-113.57227558026403,-0.06578556699048921,0.5400048045012632,0.556410756081419,0.0
paper_max_T300,A,1.0471975511965976,0.3333333333333333,2122,-113.62581346159567,-0.06578500349395022,0.5138137486176431,0.5514313541579057,0.31596974731633165
paper_max_T300,A,1.0471975511965976,0.3333333333333333,2123,-113.6793541982936,-0.06578408689362414,0.5400122668694332,0.5564156306364636,0.0
paper_max_T300,A,1.0471975511965976,0.3333333333333333,2124,-113.7329006691541,-0.0657850235646007,0.5138206425852636,0.551436364219797,0.31597501754681767
paper_max_T300,A,1.0471975511965976,0.3333333333333333,2125,-113.78645150511005,-0.0657857790395448,0.540014878123837,0.5564173402165558,0.0
paper_max_T300,A,1.0471975511965976,0.3333333333333333,2126,-113.84000360236735,-0.06578759832600883,0.5138204583591801,0.5514362292333709,0.3159748771057721
paper_max_T300,A,1.0471975511965976,0.3333333333333333,2127,-113.89355207367697,-0.06578796066356196,0.5400148335440261,0.5564173047181027,0.0
paper_max_T300,A,1.0471975511965976,0.3333333333333333,2128,-113.94709627122461,-0.06578848086607747,0.5138240466640687,0.5514388273923906,0.31597762547483776
paper_max_T300,A,1.0471975511965976,0.3333333333333333,2129,-114.00063738942686,-0.06578799599845236,0.5400223050235662,0.5564221842151436,0.0
paper_max_T300,A,1.0471975511965976,0.3333333333333333,2130,-114.05417996094911,-0.06578804425466633,0.5138355118515945,0.5514471585011308,0.31598639082426994
paper_max_T300,A,1.0471975511965976,0.3333333333333333,2131,-114.10772735387991,-0.06578881896338695,0.5400315271127387,0.5564282230097968,0.0
paper_max_T300,A,1.0471975511965976,0.3333333333333333,2132,-114.16127935169868,-0.06579012044224397,0.5138414842967577,0.5514515118458517,0.3159909495613356
paper_max_T300,A,1.0471975511965976,0.3333333333333333,2133,-114.21483311998668,-0.065792011617413,0.5400321001584397,0.5564286108070039,0.0
paper_max_T300,A,1.0471975511965976,0.3333333333333333,2134,-114.26838403622486,-0.06579311928852433,0.513839075313334,0.5514497696434715,0.31598910366265986
paper_max_T300,A,1.0471975511965976,0.3333333333333333,2135,-114.32192967282816,-0.06579383763430374,0.5400306203724559,0.5564276457944932,0.0
paper_max_T300,A,1.0471975511965976,0.3333333333333333,2136,-114.37547072706178,-0.06579314392325886,0.5138408159880555,0.5514510344625154,0.3159904344990495
paper_max_T300,A,1.0471975511965976,0.3333333333333333,2137,-114.42901114817317,-0.0657930595523103,0.5400349674945165,0.556430491423714,0.0
paper_max_T300,A,1.0471975511965976,0.3333333333333333,2138,-114.48255377150952,-0.06579223715114735,0.5138459189439396,0.5514547524167372,0.3159943303737582
paper_max_T300,A,1.0471975511965976,0.3333333333333333,2139,-114.53610103005042,-0.06579328317404859,0.5400362495547553,0.5564313455672076,0.0
paper_max_T300,A,1.0471975511965976,0.3333333333333333,2140,-114.58964999712151,-0.06579356035061995,0.5138416435672999,0.5514516625321827,0.31599105308418685
paper_max_T300,A,1.0471975511965976,0.3333333333333333,2141,-114.64319806753804,-0.06579471303630635,0.5400284219839591,0.5564262380478995,0.0
paper_max_T300,A,1.0471975511965976,0.3333333333333333,2142,-114.69674164466,-0.06579424237654768,0.5138317166181691,0.5514444513840165,0.3159834626695295
paper_max_T300,A,1.0471975511965976,0.3333333333333333,2143,-114.75028059528745,-0.06579361592811439,0.5400221023887334,0.5564221002639078,0.0
paper_max_T300,A,1.0471975511965976,0.3333333333333333,2144,-114.80381674348195,-0.06579174038123847,0.5138288523744821,0.5514423641748832,0.31598127581590474
paper_max_T300,A,1.0471975511965976,0.3333333333333333,2145,-114.8573540264697,-0.06579066964972535,0.5400219832434334,0.5564220209208579,0.0
paper_max_T300,A,1.0471975511965976,0.3333333333333333,2146,-114.91089438565831,-0.06578960850991267,0.5138279002177807,0.5514416771283532,0.31598054545388926
paper_max_T300,A,1.0471975511965976,0.3333333333333333,2147,-114.96443873134712,-0.06578969773045412,0.5400177609187334,0.556419267099745,0.0
paper_max_T300,A,1.0471975511965976,0.3333333333333333,2148,-115.01798448405589,-0.06578989858868811,0.5138188757035792,0.551435122521014,0.31597364457273436
paper_max_T300,A,1.0471975511965976,0.3333333333333333,2149,-115.07152844781609,-0.06578958075837271,0.5400084249076615,0.5564131558588427,0.0
paper_max_T300,A,1.0471975511965976,0.3333333333333333,2150,-115.1250689136017,-0.06578899678625078,0.5138107262497316,0.5514291869240606,0.31596742125247684
paper_max_T300,A,1.0471975511965976,0.3333333333333333,2151,-115.1786055727298,-0.06578719841286207,0.5400058988046985,0.5564114871316416,0.0
paper_max_T300,A,1.0471975511965976,0.3333333333333333,2152,-115.23214184063306,-0.06578604193718474,0.5138130141082426,0.5514308362294591,0.31596917737467334
paper_max_T300,A,1.0471975511965976,0.3333333333333333,2153,-115.28568084246541,-0.06578480244170021,0.540009839070578,0.5564140581610106,0.0
paper_max_T300,A,1.0471975511965976,0.3333333333333333,2154,-115.33922501213965,-0.06578521712861551,0.5138159303610241,0.5514329545174101,0.31597140742858115
paper_max_T300,A,1.0471975511965976,0.3333333333333333,2155,-115.39277314159295,-0.06578543907162093,0.5400092378663985,0.5564136642911774,0.0
paper_max_T300,A,1.0471975511965976,0.3333333333333333,2156,-115.4463225765611,-0.06578680959745747,0.5138126827583005,0.5514305893541303,0.31596892717153047
paper_max_T300,A,1.0471975511965976,0.3333333333333333,2157,-115.49986870445844,-0.06578651958020432,0.5400071009764124,0.5564122552762043,0.0
paper_max_T300,A,1.0471975511965976,0.3333333333333333,2158,-115.55341122239736,-0.06578679571295659,0.513814542953515,0.5514319265353612,0.3159703570319466
paper_max_T300,A,1.0471975511965976,0.3333333333333333,2159,-115.60695088273326,-0.06578571976826253,0.5400135205149089,0.556416441853068,0.0
paper_max_T300,A,1.0471975511965976,0.3333333333333333,2160,-115.66049238664874,-0.06578581646709503,0.5138252944055699,0.5514397340237319,0.3159785794575455
paper_max_T300,A,1.0471975511965976,0.3333333333333333,2161,-115.71403864851447,-0.06578610639772209,0.5400225852385708,0.5564223725984427,0.0
paper_max_T300,A,1.0471975511965976,0.3333333333333333,2162,-115.76759012612126,-0.06578766025132826,0.5138317820088818,0.5514444557175063,0.3159835351898323
paper_max_T300,A,1.0471975511965976,0.3333333333333333,2163,-115.82114362470071,-0.0657891582141098,0.5400243410963861,0.5564235275699623,0.0
paper_max_T300,A,1.0471975511965976,0.3333333333333333,2164,-115.87469508044222,-0.06579064956862962,0.5138315714952602,0.5514443054404932,0.3159833728810427
paper_max_T300,A,1.0471975511965976,0.3333333333333333,2165,-115.92824139413057,-0.06579117417657043,0.5400254137975095,0.5564242276470545,0.0
paper_max_T300,A,1.0471975511965976,0.3333333333333333,2166,-115.98178364050733,-0.0657910307641757,0.513836654067533,0.5514479960353441,0.3159872601250392
paper_max_T300,A,1.0471975511965976,0.3333333333333333,2167,-116.03532536288526,-0.06579104806510488,0.5400328589807505,0.5564290980370632,0.0
paper_max_T300,A,1.0471975511965976,0.3333333333333333,2168,-116.08886990659431,-0.0657908841314166,0.5138452989545998,0.5514542867522142,0.31599386438614163
paper_max_T300,A,1.0471975511965976,0.3333333333333333,2169,-116.14241937877904,-0.06579224387521987,0.5400372583666473,0.5564319899906836,0.0
paper_max_T300,A,1.0471975511965976,0.3333333333333333,2170,-116.19597088065376,-0.06579310405231248,0.5138446078576153,0.5514538014213584,0.31599332719042494
paper_max_T300,A,1.0471975511965976,0.3333333333333333,2171,-116.24952129514327,-0.0657946836692272,0.5400326231505264,0.5564289714817475,0.0
paper_max_T300,A,1.0471975511965976,0.3333333333333333,2172,-116.30306689801353,-0.06579464177914424,0.5138382174838447,0.5514491631050134,0.31598843906423435
paper_max_T300,A,1.0471975511965976,0.3333333333333333,2173,-116.35660771458288,-0.06579457607931127,0.5400291212224643,0.556426680866459,0.0
paper_max_T300,A,1.0471975511965976,0.3333333333333333,2174,-116.41014569460964,-0.06579300786337883,0.5138379350502443,0.5514489570130581,0.3159882234163687
paper_max_T300,A,1.0471975511965976,0.3333333333333333,2175,-116.46368516106281,-0.06579259144931526,0.5400305728698732,0.5564276337836723,0.0
paper_max_T300,A,1.0471975511965976,0.3333333333333333,2176,-116.51722750404133,-0.06579165287154137,0.5138379405694771,0.5514489710663865,0.315988222351384
paper_max_T300,A,1.0471975511965976,0.3333333333333333,2177,-116.57077354231205,-0.06579231151264475,0.5400265724434931,0.5564250302875055,0.0
paper_max_T300,A,1.0471975511965976,0.3333333333333333,2178,-116.62431989561333,-0.06579234687860103,0.5138286058370736,0.5514421965811362,0.31598108147178816
paper_max_T300,A,1.0471975511965976,0.3333333333333333,2179,-116.6778638908786,-0.06579241624065141,0.5400165404732309,0.5564184696687355,0.0
paper_max_T300,A,1.0471975511965976,0.3333333333333333,2180,-116.73140371076897,-0.06579144204158066,0.5138191353179818,0.5514353063431273,0.31597384542948115
paper_max_T300,A,1.0471975511965976,0.3333333333333333,2181,-116.78494000393351,-0.06578988710127648,0.5400122901073523,0.5564156778550875,0.0
paper_max_T300,A,1.0471975511965976,0.3333333333333333,2182,-116.83847571865476,-0.06578824837694719,0.5138187492045891,0.5514350165687386,0.3159735550555086
paper_max_T300,A,1.0471975511965976,0.3333333333333333,2183,-116.89201415252052,-0.06578707454586269,0.5400133075889332,0.5564163405182224,0.0
paper_max_T300,A,1.0471975511965976,0.3333333333333333,2184,-116.94555688107988,-0.06578692569450773,0.5138179146872857,0.5514344116056504,0.31597291648244485
paper_max_T300,A,1.0471975511965976,0.3333333333333333,2185,-116.99910295405755,-0.06578693586957551,0.5400092886471562,0.5564137128347066,0.0
paper_max_T300,A,1.0471975511965976,0.3333333333333333,2186,-117.05264974133053,-0.06578767380928735,0.5138109076578827,0.5514293144136977,0.3159675622765534
paper_max_T300,A,1.0471975511965976,0.3333333333333333,2187,-117.10619335037421,-0.06578694484201963,0.540004059809766,0.5564102802285751,0.0
paper_max_T300,A,1.0471975511965976,0.3333333333333333,2188,-117.15973366248329,-0.06578667710505792,0.5138095000476695,0.5514282747514409,0.31596649493681994
paper_max_T300,A,1.0471975511965976,0.3333333333333333,2189,-117.21327142471534,-0.06578508283397433,0.5400077709965887,0.5564126927543234,0.0
paper_max_T300,A,1.0471975511965976,0.3333333333333333,2190,-117.26681111302526,-0.06578485005733892,0.5138173851550457,0.5514339961567993,0.31597252777014795
paper_max_T300,A,1.0471975511965976,0.3333333333333333,2191,-117.32035531356553,-0.06578457554839096,0.5400146171603001,0.5564171688351394,0.0
paper_max_T300,A,1.0471975511965976,0.3333333333333333,2192,-117.37390485873829,-0.06578597856200297,0.5138219378815879,0.551437306745618,0.31597600703002227
paper_max_T300,A,1.0471975511965976,0.3333333333333333,2193,-117.4274565202341,-0.06578686618598822,0.5400153741378241,0.5564176644619618,0.0
paper_max_T300,A,1.0471975511965976,0.3333333333333333,2194,-117.48100690039894,-0.0657883723813692,0.513821499137269,0.5514369842465477,0.315975673469187
paper_max_T300,A,1.0471975511965976,0.3333333333333333,2195,-117.53455246184069,-0.06578838041923951,0.540016978585647,0.5564187063503453,0.0
paper_max_T300,A,1.0471975511965976,0.3333333333333333,2196,-117.5880946227104,-0.06578850259714492,0.5138278437595384,0.5514415870111457,0.3159805281866923
paper_max_T300,A,1.0471975511965976,0.3333333333333333,2197,-117.64163632042812,-0.06578823418079144,0.5400259474752166,0.5564245693291132,0.0
paper_max_T300,A,1.0471975511965976,0.3333333333333333,2198,-117.6951814578319,-0.0657885636872132,0.5138386055821225,0.5514494121509947,0.31598875298108475
paper_max_T300,A,1.0471975511965976,0.3333333333333333,2199,-117.74873174817299,-0.06578983840067587,0.540032571607659,0.5564289123101881,0.0
paper_max_T300,A,1.0471975511965976,0.3333333333333333,2200,-117.80228478293907,-0.06579126062958551,0.5138409312495832,0.5514511153597905,0.315990523915766
paper_max_T300,A,1.0471975511965976,0.3333333333333333,2201,-117.85583682685012,-0.06579291614467014,0.5400310290794111,0.5564279136282707,0.0
paper_max_T300,A,1.0471975511965976,0.3333333333333333,2202,-117.90938430964258,-0.0657934318364341,0.5138384207381385,0.5514492954184372,0.3159886025125177
paper_max_T300,A,1.0471975511965976,0.3333333333333333,2203,-117.96292691094817,-0.06579367170282618,0.5400310332365091,0.556427916861162,0.0
paper_max_T300,A,1.0471975511965976,0.3333333333333333,2204,-118.01646690952941,-0.06579266857924954,0.5138419216942599,0.5514518405125044,0.31599127836622964
paper_max_T300,A,1.0471975511965976,0.3333333333333333,2205,-118.07000869914418,-0.06579277832883879,0.5400354484447363,0.5564308103658581,0.0
paper_max_T300,A,1.0471975511965976,0.3333333333333333,2206,-118.12355361518189,-0.06579231039853006,0.5138447994267537,0.5514539445185035,0.31599347153277557
paper_max_T300,A,1.0471975511965976,0.3333333333333333,2207,-118.17710220497571,-0.0657935558148166,0.5400335859419909,0.5564296081568505,0.0
paper_max_T300,A,1.0471975511965976,0.3333333333333333,2208,-118.23065050830655,-0.06579381885566377,0.5138375128851046,0.5514486625310492,0.31598789433632873
paper_max_T300,A,1.0471975511965976,0.3333333333333333,2209,-118.28419593710333,-0.06579443906881294,0.540025014673319,0.5564240080444172,0.0
paper_max_T300,A,1.0471975511965976,0.3333333333333333,2210,-118.33773654189736,-0.06579346033803557,0.5138291736127097,0.551442600055635,0.3159815202275278
paper_max_T300,A,1.0471975511965976,0.3333333333333333,2211,-118.39127376870482,-0.06579243387843481,0.5400211282753011,0.5564214600494055,0.0
paper_max_T300,A,1.0471975511965976,0.3333333333333333,2212,-118.44481026601085,-0.0657906342671375,0.5138283274637871,0.551441981562266,0.3159808751180726
paper_max_T300,A,1.0471975511965976,0.3333333333333333,2213,-118.49834961482657,-0.06578988961249121,0.5400209724546168,0.5564213603036187,0.0
paper_max_T300,A,1.0471975511965976,0.3333333333333333,2214,-118.5518924119869,-0.06578938881562096,0.5138254332949139,0.551439884613428,0.31597865945825976
paper_max_T300,A,1.0471975511965976,0.3333333333333333,2215,-118.6054378935471,-0.06578958126244994,0.5400147119969343,0.5564172709729716,0.0
paper_max_T300,A,1.0471975511965976,0.3333333333333333,2216,-118.65898306236949,-0.06578976325516456,0.5138155911784559,0.5514327306554386,0.31597113613342087
paper_max_T300,A,1.0471975511965976,0.3333333333333333,2217,-118.71252493880462,-0.06578896793710287,0.5400068133291802,0.5564120947864795,0.0
paper_max_T300,A,1.0471975511965976,0.3333333333333333,2218,-118.76606342861294,-0.06578808815136589,0.5138109290098443,0.5514293275436837,0.31596757976698586
paper_max_T300,A,1.0471975511965976,0.3333333333333333,2219,-118.81959972504086,-0.06578627216483857,0.5400074255200077,0.5564124811276383,0.0
paper_max_T300,A,1.0471975511965976,0.3333333333333333,2220,-118.87313775113972,-0.06578550291181523,0.5138150660699234,0.5514323253273617,0.315970747202449
paper_max_T300,A,1.0471975511965976,0.3333333333333333,2221,-118.92667995542632,-0.06578484183545202,0.5400109264032664,0.5564147686077052,0.0
paper_max_T300,A,1.0471975511965976,0.3333333333333333,2222,-118.98022704691027,-0.06578577763631865,0.5138160469110247,0.5514330381168012,0.3159714970218436
paper_max_T300,A,1.0471975511965976,0.3333333333333333,2223,-119.033776079169,-0.06578609324996548,0.5400089773870375,0.5564134910520133,0.0
paper_max_T300,A,1.0471975511965976,0.3333333333333333,2224,-119.08732419145474,-0.06578723630857242,0.5138131973518003,0.5514309591798575,0.315969322703932
paper_max_T300,A,1.0471975511965976,0.3333333333333333,2225,-119.14086787782719,-0.06578662285136289,0.540009043721347,0.5564135219237729,0.0
paper_max_T300,A,1.0471975511965976,0.3333333333333333,2226,-119.19440875979666,-0.06578662225374382,0.51381836797172,0.5514347040152091,0.3159732823943099
paper_max_T300,A,1.0471975511965976,0.3333333333333333,2227,-119.24794923879608,-0.06578583113535164,0.5400173975717378,0.5564189782264511,0.0
paper_max_T300,A,1.0471975511965976,0.3333333333333333,2228,-119.30149353869575,-0.06578630561257459,0.5138289158339326,0.5514423688825281,0.31598134625178476
paper_max_T300,A,1.0471975511965976,0.3333333333333333,2229,-119.3550430228396,-0.06578715895144477,0.5400243531889477,0.5564235328073582,0.0
paper_max_T300,A,1.0471975511965976,0.3333333333333333,2230,-119.40859597598387,-0.06578888468411404,0.5138323612261446,0.5514448800703383,0.31598397613981755
paper_max_T300,A,1.0471975511965976,0.3333333333333333,2231,-119.46214819974927,-0.06579023097299308,0.540024506069849,0.5564236373620357,0.0
paper_max_T300,A,1.0471975511965976,0.3333333333333333,2232,-119.51569653153996,-0.06579117416460228,0.5138325061784201,0.5514449854638754,0.31598408706940473
paper_max_T300,A,1.0471975511965976,0.3333333333333333,2233,-119.56924003064046,-0.06579133871576215,0.5400272910438644,0.5564254565484992,0.0
paper_max_T300,A,1.0471975511965976,0.3333333333333333,2234,-119.62278139450632,-0.06579091412193805,0.5138394044043197,0.5514499976798245,0.3159893610902315
paper_max_T300,A,1.0471975511965976,0.3333333333333333,2235,-119.67632475166295,-0.06579122233726098,0.5400347289027871,0.5564303260567661,0.0
paper_max_T300,A,1.0471975511965976,0.3333333333333333,2236,-119.72987182220282,-0.06579137727975437,0.513845680259503,0.5514545704289063,0.31599415237214223
paper_max_T300,A,1.0471975511965976,0.3333333333333333,2237,-119.78342275149885,-0.06579298129289157,0.5400358501612279,0.5564310749201777,0.0
paper_max_T300,A,1.0471975511965976,0.3333333333333333,2238,-119.83697342966099,-0.06579374470714588,0.5138418016971902,0.5514517658340032,0.3159911800471721
paper_max_T300,A,1.0471975511965976,0.3333333333333333,2239,-119.89052092086715,-0.06579482186434149,0.5400302367804755,0.5564274116588935,0.0
paper_max_T300,A,1.0471975511965976,0.3333333333333333,2240,-119.94406325266058,-0.06579419554609084,0.5138365751301739,0.5514479689754631,0.3159871837770193
paper_max_T300,A,1.0471975511965976,0.3333333333333333,2241,-119.99760225189426,-0.06579374864270976,0.5400286448116526,0.556426368848647,0.0
paper_max_T300,A,1.0471975511965976,0.3333333333333333,2242,-120.05114056143915,-0.06579217624983802,0.5138376039050186,0.5514487178094369,0.31598796943997565
paper_max_T300,A,1.0471975511965976,0.3333333333333333,2243,-120.10468198311013,-0.06579204632847047,0.5400294293120425,0.5564268887125356,0.0
paper_max_T300,A,1.0471975511965976,0.3333333333333333,2244,-120.15822634860645,-0.06579155804358594,0.5138350349249615,0.5514468620938549,0.31598599972609687
paper_max_T300,A,1.0471975511965976,0.3333333333333333,2245,-120.21177287268831,-0.06579222933480566,0.5400229369652563,0.5564226528284866,0.0
paper_max_T300,A,1.0471975511965976,0.3333333333333333,2246,-120.26531799206082,-0.06579214955856183,0.5138244507470143,0.5514391740650716,0.31597790648913726
paper_max_T300,A,1.0471975511965976,0.3333333333333333,2247,-120.31885950890431,-0.06579165664160813,0.5400139772727951,0.5564167877931708,0.0
paper_max_T300,A,1.0471975511965976,0.3333333333333333,2248,-120.37239726724508,-0.06579034847006787,0.5138180288575505,0.5514344966949013,0.31597300242002985
paper_max_T300,A,1.0471975511965976,0.3333333333333333,2249,-120.42593318677383,-0.0657886974367991,0.540012475325257,0.5564157950917096,0.0
paper_max_T300,A,1.0471975511965976,0.3333333333333333,2250,-120.47947051108117,-0.06578743601724768,0.5138191249073742,0.551435287770548,0.31597384328087585
paper_max_T300,A,1.0471975511965976,0.3333333333333333,2251,-120.53301171676934,-0.06578673763248533,0.5400128770405138,0.5564160580637448,0.0
paper_max_T300,A,1.0471975511965976,0.3333333333333333,2252,-120.58655690562904,-0.06578710596435822,0.5138163718672895,0.55143328855542,0.3159717379624327
paper_max_T300,A,1.0471975511965976,0.3333333333333333,2253,-120.64010358593849,-0.06578711665123727,0.5400076948915408,0.5564126662820897,0.0
paper_max_T300,A,1.0471975511965976,0.3333333333333333,2254,-120.69364913979581,-0.06578766960808125,0.5138100866714439,0.5514287119119865,0.3159669376635452
paper_max_T300,A,1.0471975511965976,0.3333333333333333,2255,-120.74719059847305,-0.0657865839240982,0.5400049783766028,0.5564108749823621,0.0
paper_max_T300,A,1.0471975511965976,0.3333333333333333,2256,-120.80072960330213,-0.06578613731251393,0.5138123292588608,0.5514303264615467,0.31596866012762154
paper_max_T300,A,1.0471975511965976,0.3333333333333333,2257,-120.85426830993924,-0.0657848309836303,0.5400109356842329,0.5564147610688657,0.0
paper_max_T300,A,1.0471975511965976,0.3333333333333333,2258,-120.90781084491826,-0.06578507256443739,0.5138204451904305,0.5514362206004615,0.3159748667185661
paper_max_T300,A,1.0471975511965976,0.3333333333333333,2259,-120.96135835354556,-0.06578536927887696,0.5400161701789943,0.5564181858193616,0.0
paper_max_T300,A,1.0471975511965976,0.3333333333333333,2260,-121.0149096912271,-0.06578702040539397,0.5138226423230005,0.5514378193166929,0.3159765451412057
paper_max_T300,A,1.0471975511965976,0.3333333333333333,2261,-121.06846054835958,-0.06578780225558711,0.5400159685980985,0.556418052526619,0.0
paper_max_T300,A,1.0471975511965976,0.3333333333333333,2262,-121.12200829273618,-0.06578884977415544,0.5138232306711558,0.5514382412344224,0.31597699793939715
paper_max_T300,A,1.0471975511965976,0.3333333333333333,2263,-121.17555141728228,-0.06578859898921496,0.5400197553906924,0.5564205220891426,0.0
paper_max_T300,A,1.0471975511965976,0.3333333333333333,2264,-121.22909296901162,-0.06578852664473955,0.5138317742741458,0.5514444451180662,0.31598353204458896
paper_max_T300,A,1.0471975511965976,0.3333333333333333,2265,-121.28263659113625,-0.06578865215350771,0.5400289670832774,0.5564265483570098,0.0
paper_max_T300,A,1.0471975511965976,0.3333333333333333,2266,-121.33618459353147,-0.06578932927300501,0.5138404196614356,0.5514507362706526,0.3159901366720035
paper_max_T300,A,1.0471975511965976,0.3333333333333333,2267,-121.38973670302428,-0.06579092360347649,0.5400325368251131,0.5564288950414463,0.0
paper_max_T300,A,1.0471975511965976,0.3333333333333333,2268,-121.44328911672646,-0.06579222895158543,0.5138397806147408,0.5514502830692752,0.3159896422682922
paper_max_T300,A,1.0471975511965976,0.3333333333333333,2269,-121.4968383027737,-0.06579346189526303,0.5400301153257293,0.5564273179220387,0.0
paper_max_T300,A,1.0471975511965976,0.3333333333333333,2270,-121.55038244595173,-0.06579336735884683,0.5138383581749955,0.5514492508613332,0.3159885541920876
paper_max_T300,A,1.0471975511965976,0.3333333333333333,2271,-121.60392325949603,-0.06579330550766732,0.5400317781471089,0.5564284055111354,0.0
paper_max_T300,A,1.0471975511965976,0.3333333333333333,2272,-121.6574636741412,-0.06579224889829716,0.513842723205475,0.5514524264105605,0.31599188921479415
paper_max_T300,A,1.0471975511965976,0.3333333333333333,2273,-121.71100751771564,-0.06579266955699226,0.540035072839288,0.5564305695454679,0.0
paper_max_T300,A,1.0471975511965976,0.3333333333333333,2274,-121.76455430796537,-0.0657925504070167,0.5138425259641898,0.5514522971993608,0.31599173100265077
paper_max_T300,A,1.0471975511965976,0.3333333333333333,2275,-121.81810298696324,-0.06579377782528856,0.5400303140436516,0.5564274709816324,0.0
paper_max_T300,A,1.0471975511965976,0.3333333333333333,2276,-121.87164948767322,-0.06579381509302668,0.5138335349099855,0.5514457713487282,0.315984853421855
paper_max_T300,A,1.0471975511965976,0.3333333333333333,2277,-121.92519200208186,-0.06579383458273769,0.540022362728727,0.5564222707304404,0.0
paper_max_T300,A,1.0471975511965976,0.3333333333333333,2278,-121.9787303339226,-0.06579244673929491,0.5138276365448994,0.5514414798367427,0.31598034676760656
paper_max_T300,A,1.0471975511965976,0.3333333333333333,2279,-122.03226713262384,-0.06579127093392023,0.5400206325265707,0.5564211338413373,0.0
paper_max_T300,A,1.0471975511965976,0.3333333333333333,2280,-122.0858050868365,-0.06578978417041365,0.5138276227939015,0.551441469329662,0.3159803365094491
paper_max_T300,A,1.0471975511965976,0.3333333333333333,2281,-122.13934677098007,-0.06578941416370904,0.5400193961371419,0.5564203298333632,0.0
paper_max_T300,A,1.0471975511965976,0.3333333333333333,2282,-122.19289140780268,-0.06578936390084333,0.5138224624842196,0.551437724770004,0.31597638881475026
paper_max_T300,A,1.0471975511965976,0.3333333333333333,2283,-122.24643691969914,-0.06578944343712706,0.5400118132899008,0.5564153714435887,0.0
paper_max_T300,A,1.0471975511965976,0.3333333333333333,2284,-122.29998060632046,-0.06578942043909836,0.5138132634500951,0.5514310331512284,0.31596935964811423
paper_max_T300,A,1.0471975511965976,0.3333333333333333,2285,-122.35352037050227,-0.0657881936313161,0.5400063857254768,0.5564118085375414,0.0
paper_max_T300,A,1.0471975511965976,0.3333333333333333,2286,-122.40705772941178,-0.06578717746651652,0.5138122153189912,0.5514302571589227,0.3159685658573058
paper_max_T300,A,1.0471975511965976,0.3333333333333333,2287,-122.46059496805809,-0.06578559510861448,0.5400092566493855,0.5564136760942051,0.0
paper_max_T300,A,1.0471975511965976,0.3333333333333333,2288,-122.5141356907375,-0.06578535682961151,0.5138167250616512,0.5514335300451791,0.3159720159491093
paper_max_T300,A,1.0471975511965976,0.3333333333333333,2289,-122.56768097982233,-0.06578521115406155,0.5400114331488992,0.5564150993443584,0.0
paper_max_T300,A,1.0471975511965976,0.3333333333333333,2290,-122.62122988165599,-0.06578645379196507,0.5138158579238294,0.5514328990132786,0.3159713533808149
paper_max_T300,A,1.0471975511965976,0.3333333333333333,2291,-122.67477837801123,-0.0657866486197215,0.5400090690521688,0.5564135476252422,0.0
paper_max_T300,A,1.0471975511965976,0.3333333333333333,2292,-122.72832431917502,-0.06578742881754263,0.5138146632557719,0.5514320206018891,0.3159704454036411
paper_max_T300,A,1.0471975511965976,0.3333333333333333,2293,-122.78186597614786,-0.06578660622340038,0.5400118149232845,0.5564153317269598,0.0
paper_max_T300,A,1.0471975511965976,0.3333333333333333,2294,-122.83540654241158,-0.06578652561630394,0.5138225237567395,0.5514377237119115,0.3159764596221967
paper_max_T300,A,1.0471975511965976,0.3333333333333333,2295,-122.8889491505532,-0.0657861965804874,0.5400208201621148,0.5564212188457407,0.0
paper_max_T300,A,1.0471975511965976,0.3333333333333333,2296,-122.94249659440915,-0.06578709412850609,0.513831451958872,0.5514442156747302,0.31598328300490464
paper_max_T300,A,1.0471975511965976,0.3333333333333333,2297,-122.99604829200914,-0.06578833075497048,0.540025205804347,0.5564240939875502,0.0
paper_max_T300,A,1.0471975511965976,0.3333333333333333,2298,-123.04960104719106,-0.06578997968003625,0.5138324914401547,0.551444977115895,0.31598407441670184
paper_max_T300,A,1.0471975511965976,0.3333333333333333,2299,-123.10315076788102,-0.065790995734339,0.5400248997556462,0.5564238959673273,0.0
paper_max_T300,A,1.0471975511965976,0.3333333333333333,2300,-123.15669595987107,-0.06579136672261027,0.5138340317574513,0.5514460948775545,0.31598525297263635
paper_max_T300,A,1.0471975511965976,0.3333333333333333,2301,-123.21023785142515,-0.06579134223511385,0.5400294366285591,0.5564268616972178,0.0
paper_max_T300,A,1.0471975511965976,0.3333333333333333,2302,-123.26377982640454,-0.06579087268430905,0.5138417340691736,0.5514516947189033,0.3159911398622607
paper_max_T300,A,1.0471975511965976,0.3333333333333333,2303,-123.31732550513959,-0.0657915664564881,0.540035625105539,0.5564309177981853,0.0
paper_max_T300,A,1.0471975511965976,0.3333333333333333,2304,-123.37087459065071,-0.06579201420159375,0.5138447683402063,0.5514539136809029,0.31599345208969054
paper_max_T300,A,1.0471975511965976,0.3333333333333333,2305,-123.42442556977122,-0.06579363124669152,0.5400336967591312,0.5564296708507565,0.0
paper_max_T300,A,1.0471975511965976,0.3333333333333333,2306,-123.4779741545548,-0.06579408567573236,0.5138389555328018,0.551449699228573,0.3159890033251872
paper_max_T300,A,1.0471975511965976,0.3333333333333333,2307,-123.53151844131156,-0.06579458699948015,0.5400283920253569,0.5564262047510583,0.0
paper_max_T300,A,1.0471975511965976,0.3333333333333333,2308,-123.58505830449772,-0.06579348024768056,0.5138356539868534,0.5514472988860161,0.31598647985637085
paper_max_T300,A,1.0471975511965976,0.3333333333333333,2309,-123.63859686216281,-0.06579288586076798,0.5400283848082357,0.5564261991980197,0.0
paper_max_T300,A,1.0471975511965976,0.3333333333333333,2310,-123.69213656837697,-0.06579154155531253,0.5138368194562772,0.5514481499092765,0.3159873685892859
paper_max_T300,A,1.0471975511965976,0.3333333333333333,2311,-123.74568004679304,-0.06579172627030588,0.5400275223211396,0.5564256441330726,0.0
paper_max_T300,A,1.0471975511965976,0.3333333333333333,2312,-123.79922568492952,-0.06579158207189523,0.5138314522389296,0.5514442596782064,0.3159832602518308
paper_max_T300,A,1.0471975511965976,0.3333333333333333,2313,-123.85277158498931,-0.06579204869372934,0.5400193297345651,0.5564202918404099,0.0
paper_max_T300,A,1.0471975511965976,0.3333333333333333,2314,-123.90631474363968,-0.06579168986295214,0.5138211288025363,0.5514367556190636,0.31597536913222773
paper_max_T300,A,1.0471975511965976,0.3333333333333333,2315,-123.95985396777178,-0.06579068864385212,0.5400124961600842,0.5564158136048112,0.0
paper_max_T300,A,1.0471975511965976,0.3333333333333333,2316,-124.013390611036,-0.06578922410405891,0.5138179132041909,0.5514344082205768,0.3159729163107898
paper_max_T300,A,1.0471975511965976,0.3333333333333333,2317,-124.06692738740591,-0.06578772655228587,0.5400129277341953,0.5564160886233176,0.0
paper_max_T300,A,1.0471975511965976,0.3333333333333333,2318,-124.12046712240547,-0.06578699113286002,0.513819140299446,0.5514352979669763,0.31597385560653657
paper_max_T300,A,1.0471975511965976,0.3333333333333333,2319,-124.17401094031243,-0.06578670805533793,0.5400119639315488,0.5564154596529125,0.0
paper_max_T300,A,1.0471975511965976,0.3333333333333333,2320,-124.22755761055053,-0.06578739128101374,0.5138146946731154,0.5514320668522436,0.3159704572111415
paper_max_T300,A,1.0471975511965976,0.3333333333333333,2321,-124.28110369395122,-0.0657872097029158,0.5400066282441374,0.5564119636990157,0.0
paper_max_T300,A,1.0471975511965976,0.3333333333333333,2322,-124.33464733988444,-0.06578746185232448,0.5138104172967342,0.5514289464884201,0.3159671933829793
paper_max_T300,A,1.0471975511965976,0.3333333333333333,2323,-124.38818707822779,-0.06578615416324873,0.5400068969716474,0.5564121251885685,0.0
paper_max_T300,A,1.0471975511965976,0.3333333333333333,2324,-124.44172599643753,-0.0657857285020978,0.5138156912336315,0.5514327672593689,0.31597123159266244
paper_max_T300,A,1.0471975511965976,0.3333333333333333,2325,-124.49526687866016,-0.06578489271181676,0.5400138465599018,0.5564166649185074,0.0
paper_max_T300,A,1.0471975511965976,0.3333333333333333,2326,-124.5488126385808,-0.0657856425472449,0.5138226808256171,0.5514378466195752,0.3159765750379747
paper_max_T300,A,1.0471975511965976,0.3333333333333333,2327,-124.60236257584404,-0.06578633926779465,0.5400170537967204,0.5564187647157098,0.0
paper_max_T300,A,1.0471975511965976,0.3333333333333333,2328,-124.65591413435475,-0.06578798630109867,0.5138231630702615,0.5514381977069698,0.31597694322656256
paper_max_T300,A,1.0471975511965976,0.3333333333333333,2329,-124.70946296248037,-0.06578850187396634,0.5400169836413071,0.556418715413661,0.0
paper_max_T300,A,1.0471975511965976,0.3333333333333333,2330,-124.76300796155233,-0.06578906472687224,0.5138257053033863,0.5514400387467544,0.31597889023120784
paper_max_T300,A,1.0471975511965976,0.3333333333333333,2331,-124.81654976760552,-0.06578873011373992,0.5400228820507805,0.5564225678316868,0.0
paper_max_T300,A,1.0471975511965976,0.3333333333333333,2332,-124.87009218160955,-0.06578868010394667,0.513835338098867,0.5514470381474518,0.31598625480133485
paper_max_T300,A,1.0471975511965976,0.3333333333333333,2333,-124.92363844577504,-0.06578928117965838,0.5400310447897204,0.5564279121158092,0.0
paper_max_T300,A,1.0471975511965976,0.3333333333333333,2334,-124.97718879318477,-0.06579025662094928,0.5138409622511849,0.5514511360830873,0.31599054853059116
paper_max_T300,A,1.0471975511965976,0.3333333333333333,2335,-125.03074122538186,-0.06579193235223996,0.5400317494012485,0.5564283843681318,0.0
paper_max_T300,A,1.0471975511965976,0.3333333333333333,2336,-125.08429160888957,-0.06579290162331003,0.5138385255191127,0.5514493733883133,0.31598868154765936
paper_max_T300,A,1.0471975511965976,0.3333333333333333,2337,-125.13783756613226,-0.06579363648704883,0.5400296230272531,0.5564269969161063,0.0
paper_max_T300,A,1.0471975511965976,0.3333333333333333,2338,-125.19137918337721,-0.06579303149378751,0.5138388132530467,0.5514495825674901,0.31598890151333925
paper_max_T300,A,1.0471975511965976,0.3333333333333333,2339,-125.24491964056008,-0.06579288399636773,0.5400325247946569,0.5564288960678789,0.0
paper_max_T300,A,1.0471975511965976,0.3333333333333333,2340,-125.2984615370254,-0.06579199150292903,0.5138428213312238,0.5514525018071658,0.3159919620283198
paper_max_T300,A,1.0471975511965976,0.3333333333333333,2341,-125.35200741143413,-0.06579272703401218,0.5400337286211923,0.5564296950045045,0.0
paper_max_T300,A,1.0471975511965976,0.3333333333333333,2342,-125.4055551469346,-0.06579284470178015,0.5138393616761584,0.5514500010530624,0.3159893102308561
paper_max_T300,A,1.0471975511965976,0.3333333333333333,2343,-125.459102699114,-0.0657938286384141,0.5400268857642961,0.5564252294596027,0.0
paper_max_T300,A,1.0471975511965976,0.3333333333333333,2344,-125.5126467283697,-0.06579349018470604,0.5138301677364763,0.5514433224337395,0.31598228025912456
paper_max_T300,A,1.0471975511965976,0.3333333333333333,2345,-125.56618667310198,-0.06579296129091272,0.5400205839857437,0.5564211040877737,0.0
paper_max_T300,A,1.0471975511965976,0.3333333333333333,2346,-125.61972380581554,-0.0657913542563826,0.5138268578377537,0.5514409114618559,0.31597975270540113
paper_max_T300,A,1.0471975511965976,0.3333333333333333,2347,-125.6732613749734,-0.06579026687959127,0.5400202318548953,0.5564208709824126,0.0
paper_max_T300,A,1.0471975511965976,0.3333333333333333,2348,-125.72680144150183,-0.06578924474476733,0.5138264282159121,0.551440601534281,0.31597942315233946
paper_max_T300,A,1.0471975511965976,0.3333333333333333,2349,-125.7803451784427,-0.0657891830801528,0.5400172886014233,0.5564189512285304,0.0
paper_max_T300,A,1.0471975511965976,0.3333333333333333,2350,-125.83389071839156,-0.0657893951070802,0.5138193630130655,0.551435470011084,0.31597402051596357
paper_max_T300,A,1.0471975511965976,0.3333333333333333,2351,-125.88743525792685,-0.06578918310058413,0.5400094773812033,0.5564138387728964,0.0
paper_max_T300,A,1.0471975511965976,0.3333333333333333,2352,-125.940977015438,-0.0657888638123661,0.5138121433911955,0.5514302131187433,0.31596850651238373
paper_max_T300,A,1.0471975511965976,0.3333333333333333,2353,-125.99451519434658,-0.06578735561575472,0.5400070198950374,0.5564122178916598,0.0
paper_max_T300,A,1.0471975511965976,0.3333333333333333,2354,-126.04805258167468,-0.06578641363593157,0.5138141359268421,0.5514316494651872,0.315970035966721
paper_max_T300,A,1.0471975511965976,0.3333333333333333,2355,-126.10159187910239,-0.06578525184273032,0.5400109697466995,0.556414795261578,0.0
paper_max_T300,A,1.0471975511965976,0.3333333333333333,2356,-126.1551356545016,-0.06578557691144099,0.5138177754393196,0.5514342929722299,0.31597281911950686
paper_max_T300,A,1.0471975511965976,0.3333333333333333,2357,-126.20868327696078,-0.06578578732792495,0.5400115023307871,0.5564151434543326,0.0
paper_max_T300,A,1.0471975511965976,0.3333333333333333,2358,-126.26223260193058,-0.06578709122058923,0.5138157645589685,0.5514328287324733,0.31597128321402285
paper_max_T300,A,1.0471975511965976,0.3333333333333333,2359,-126.31577945586574,-0.06578702861658559,0.5400098118883251,0.5564140300429181,0.0
paper_max_T300,A,1.0471975511965976,0.3333333333333333,2360,-126.36932309388615,-0.06578742653938852,0.513817098140986,0.5514337870203273,0.315972308465418
paper_max_T300,A,1.0471975511965976,0.3333333333333333,2361,-126.42286374364218,-0.06578658186669595,0.5400151064699178,0.5564174833937748,0.0
paper_max_T300,A,1.0471975511965976,0.3333333333333333,2362,-126.4764053984238,-0.06578662516991768,0.5138264915577277,0.5514406084402108,0.3159794922362411
paper_max_T300,A,1.0471975511965976,0.3333333333333333,2363,-126.52995088058708,-0.06578683683220121,0.5400234585697398,0.556422947505299,0.0
paper_max_T300,A,1.0471975511965976,0.3333333333333333,2364,-126.58350101099384,-0.06578808874571401,0.513832893744303,0.5514452671657739,0.31598438318917377
paper_max_T300,A,1.0471975511965976,0.3333333333333333,2365,-126.63705344635395,-0.06578947349673853,0.5400254410100362,0.5564242506284546,0.0
paper_max_T300,A,1.0471975511965976,0.3333333333333333,2366,-126.6906045186733,-0.06579081933353814,0.5138326162734506,0.5514450693144234,0.3159841691049665
paper_max_T300,A,1.0471975511965976,0.3333333333333333,2367,-126.74415125658783,-0.06579143558495881,0.5400257359540379,0.556424443610205,0.0
paper_max_T300,A,1.0471975511965976,0.3333333333333333,2368,-126.79769405777733,-0.06579132573407054,0.5138360237019834,0.5514475436797219,0.31598677511486645
paper_max_T300,A,1.0471975511965976,0.3333333333333333,2369,-126.85123578234698,-0.06579131622455825,0.5400314918751468,0.5564282087094027,0.0
paper_max_T300,A,1.0471975511965976,0.3333333333333333,2370,-126.90477945452545,-0.06579099779919151,0.5138432307124812,0.5514527871837082,0.3159922813993008
paper_max_T300,A,1.0471975511965976,0.3333333333333333,2371,-126.9583273771072,-0.06579205976878283,0.5400354327048902,0.5564307974973901,0.0
paper_max_T300,A,1.0471975511965976,0.3333333333333333,2372,-127.01187740311337,-0.06579267403359712,0.5138428206255838,0.551452502979851,0.3159919606422198
paper_max_T300,A,1.0471975511965976,0.3333333333333333,2373,-127.06542706333022,-0.0657940695021848,0.5400312366155112,0.5564280643493159,0.0
paper_max_T300,A,1.0471975511965976,0.3333333333333333,2374,-127.11897283500207,-0.06579406906082097,0.5138365059870925,0.5514479193348206,0.31598713057077893
paper_max_T300,A,1.0471975511965976,0.3333333333333333,2375,-127.17251433119668,-0.06579404026043972,0.5400271926210185,0.55642541937088,0.0
paper_max_T300,A,1.0471975511965976,0.3333333333333333,2376,-127.22605290842148,-0.06579264560984943,0.513835208499236,0.551446974972601,0.3159861393023058
paper_max_T300,A,1.0471975511965976,0.3333333333333333,2377,-127.27959222978319,-0.06579212216077412,0.5400279797620008,0.5564259355713421,0.0
paper_max_T300,A,1.0471975511965976,0.3333333333333333,2378,-127.3331338655104,-0.06579115341687602,0.5138353129403812,0.5514470574780522,0.3159862156626506
paper_max_T300,A,1.0471975511965976,0.3333333333333333,2379,-127.386678946025,-0.06579157141980568,0.54002492538705,0.5564239473992041,0.0
paper_max_T300,A,1.0471975511965976,0.3333333333333333,2380,-127.44022485769625,-0.06579159270952517,0.5138276030598353,0.5514414618793728,0.31598031791822934
paper_max_T300,A,1.0471975511965976,0.3333333333333333,2381,-127.49376923967517,-0.06579168039364003,0.5400161832242035,0.5564182305424745,0.0
paper_max_T300,A,1.0471975511965976,0.3333333333333333,2382,-127.5473102033321,-0.06579097422410668,0.5138189075704696,0.5514351364993035,0.3159736735517822
paper_max_T300,A,1.0471975511965976,0.3333333333333333,2383,-127.60084780738131,-0.0657896208479048,0.5400119949343033,0.5564154810490199,0.0
paper_max_T300,A,1.0471975511965976,0.3333333333333333,2384,-127.65438448551026,-0.06578822330186662,0.5138183760763394,0.551434741550928,0.3159732717866359
paper_max_T300,A,1.0471975511965976,0.3333333333333333,2385,-127.7079231070469,-0.06578706368947396,0.5400132686018965,0.5564163103198396,0.0
paper_max_T300,A,1.0471975511965976,0.3333333333333333,2386,-127.76146552077392,-0.06578689104873814,0.5138186307758289,0.5514349268641953,0.31597346652695635
paper_max_T300,A,1.0471975511965976,0.3333333333333333,2387,-127.81501126718013,-0.06578687236182323,0.5400107450494752,0.5564146604628718,0.0
paper_max_T300,A,1.0471975511965976,0.3333333333333333,2388,-127.86855823297446,-0.06578763989116504,0.5138133015145298,0.5514310506407224,0.315969394078842
paper_max_T300,A,1.0471975511965976,0.3333333333333333,2389,-127.92210281586762,-0.06578715275704555,0.5400063865198415,0.5564118004626668,0.0
paper_max_T300,A,1.0471975511965976,0.3333333333333333,2390,-127.97564449387261,-0.06578710044158426,0.5138119081172362,0.5514300250341061,0.31596833564987414
paper_max_T300,A,1.0471975511965976,0.3333333333333333,2391,-128.02918346915226,-0.06578577275592135,0.5400095033527432,0.5564138268941403,0.0
paper_max_T300,A,1.0471975511965976,0.3333333333333333,2392,-128.0827236064901,-0.06578556844924532,0.5138190717291214,0.5514352232190944,0.3159738162939777
paper_max_T300,A,1.0471975511965976,0.3333333333333333,2393,-128.13626740082532,-0.0657852853492798,0.5400161810638434,0.5564181927370075,0.0
paper_max_T300,A,1.0471975511965976,0.3333333333333333,2394,-128.18981602013616,-0.06578646400049737,0.5138240825539978,0.5514388666819019,0.3159776458133186
paper_max_T300,A,1.0471975511965976,0.3333333333333333,2395,-128.24336703131678,-0.06578733748444421,0.5400175487653083,0.5564190888972222,0.0
paper_max_T300,A,1.0471975511965976,0.3333333333333333,2396,-128.2969173582761,-0.06578875304513554,0.5138239036737448,0.5514387353379193,0.3159775097106881
paper_max_T300,A,1.0471975511965976,0.3333333333333333,2397,-128.35046361543255,-0.06578894805432206,0.5400185877108578,0.5564197636950091,0.0
paper_max_T300,A,1.0471975511965976,0.3333333333333333,2398,-128.40400652020548,-0.06578911150989142,0.5138287497032319,0.5514422512327398,0.31598121759470355
paper_max_T300,A,1.0471975511965976,0.3333333333333333,2399,-128.45754840643446,-0.06578889413836408,0.5400259685530614,0.5564245885552185,0.0
paper_max_T300,A,1.0471975511965976,0.3333333333333333,2400,-128.51109278628238,-0.06578904014831899,0.5138381013362358,0.5514490504053268,0.3159883649703331
paper_max_T300,A,1.0471975511965976,0.3333333333333333,2401,-128.56464163078485,-0.06579008620871929,0.5400320513108685,0.5564285754518457,0.0
paper_max_T300,A,1.0471975511965976,0.3333333333333333,2402,-128.61819318482267,-0.06579121542594868,0.5138404679590812,0.5514507815146995,0.315990168211261
paper_max_T300,A,1.0471975511965976,0.3333333333333333,2403,-128.67174444410537,-0.0657927341167478,0.540030616706972,0.556427646531942,0.0
paper_max_T300,A,1.0471975511965976,0.3333333333333333,2404,-128.72529196476512,-0.06579321824003892,0.5138375591586314,0.5514486723940709,0.31598794214062065
paper_max_T300,A,1.0471975511965976,0.3333333333333333,2405,-128.77883508445336,-0.06579349552856484,0.5400296214363618,0.556426996494286,0.0
paper_max_T300,A,1.0471975511965976,0.3333333333333333,2406,-128.83237541412268,-0.0657925658562239,0.5138395185480032,0.5514500966572269,0.3159894398132621
paper_max_T300,A,1.0471975511965976,0.3333333333333333,2407,-128.88591674905445,-0.0657925299158531,0.5400329121783667,0.5564291524490448,0.0
paper_max_T300,A,1.0471975511965976,0.3333333333333333,2408,-128.93946058485994,-0.06579193526863347,0.5138419646626938,0.5514518834908124,0.31599130488463
paper_max_T300,A,1.0471975511965976,0.3333333333333333,2409,-128.99300786607796,-0.06579288456181243,0.5400315083607102,0.5564282466041571,0.0
paper_max_T300,A,1.0471975511965976,0.3333333333333333,2410,-129.04655540796475,-0.06579306155336423,0.5138357320263561,0.5514473649439934,0.3159865346196889
paper_max_T300,A,1.0471975511965976,0.3333333333333333,2411,-129.10010093413217,-0.06579362439254594,0.540023738595758,0.5564231699888811,0.0
paper_max_T300,A,1.0471975511965976,0.3333333333333333,2412,-129.15364239583033,-0.06579285779727673,0.5138276830396534,0.5514415139630813,0.31598038216315416
paper_max_T300,A,1.0471975511965976,0.3333333333333333,2413,-129.2071805908213,-0.06579193308211506,0.5400195890739549,0.5564204504517187,0.0
paper_max_T300,A,1.0471975511965976,0.3333333333333333,2414,-129.26071771070568,-0.06579033872275919,0.5138264583795972,0.5514406197020113,0.3159794480825218
paper_max_T300,A,1.0471975511965976,0.3333333333333333,2415,-129.31425692342222,-0.06578951233512909,0.5400195914631729,0.5564204521431084,0.0
paper_max_T300,A,1.0471975511965976,0.3333333333333333,2416,-129.36779922862064,-0.06578899573266572,0.5138246344076377,0.5514392980824294,0.315978051784652
paper_max_T300,A,1.0471975511965976,0.3333333333333333,2417,-129.42134430863243,-0.06578909179818249,0.5400148677639505,0.5564173665476664,0.0
paper_max_T300,A,1.0471975511965976,0.3333333333333333,2418,-129.4748897143263,-0.06578935367498029,0.5138165832276507,0.55143344626615,0.31597189727040764
paper_max_T300,A,1.0471975511965976,0.3333333333333333,2419,-129.52843260398686,-0.0657887537995997,0.5400080156961145,0.556412877316677,0.0
paper_max_T300,A,1.0471975511965976,0.3333333333333333,2420,-129.58197252365244,-0.06578815603095228,0.5138122508913704,0.5514302857564739,0.3159685915536856
paper_max_T300,A,1.0471975511965976,0.3333333333333333,2421,-129.63551006424308,-0.06578657991823189,0.5400084195942658,0.5564131294525313,0.0
paper_max_T300,A,1.0471975511965976,0.3333333333333333,2422,-129.68904867872254,-0.06578591717120591,0.5138162051420251,0.5514331513154888,0.31597161886488656
paper_max_T300,A,1.0471975511965976,0.3333333333333333,2423,-129.7425907086103,-0.06578526219173342,0.5400122707025649,0.5564156456541698,0.0
paper_max_T300,A,1.0471975511965976,0.3333333333333333,2424,-129.7961372402854,-0.06578607020557353,0.5138182308290001,0.5514346234266864,0.3159731674488768
paper_max_T300,A,1.0471975511965976,0.3333333333333333,2425,-129.8496860142674,-0.0657864294456304,0.540011417461068,0.5564150862106737,0.0
paper_max_T300,A,1.0471975511965976,0.3333333333333333,2426,-129.90323445114836,-0.06578757539415292,0.5138161516061458,0.5514331071744509,0.3159715805610652
paper_max_T300,A,1.0471975511965976,0.3333333333333333,2427,-129.95677914792827,-0.06578722276019344,0.5400113460842997,0.5564150304921576,0.0
paper_max_T300,A,1.0471975511965976,0.3333333333333333,2428,-130.0103210535166,-0.06578732495353717,0.5138202964362288,0.5514361094468628,0.31597475449486134
paper_max_T300,A,1.0471975511965976,0.3333333333333333,2429,-130.0638620145146,-0.06578666477520023,0.5400185082265633,0.5564197086517675,0.0
paper_max_T300,A,1.0471975511965976,0.3333333333333333,2430,-130.11740585256095,-0.06578698850791764,0.5138298239785865,0.5514430326457854,0.31598203844245976
paper_max_T300,A,1.0471975511965976,0.3333333333333333,2431,-130.17095420758324,-0.06578770683794799,0.5400251718240878,0.5564240714213141,0.0
paper_max_T300,A,1.0471975511965976,0.3333333333333333,2432,-130.22450591995084,-0.06578915265789237,0.5138334512874563,0.5514456755336182,0.315984807702796
paper_max_T300,A,1.0471975511965976,0.3333333333333333,2433,-130.27805755651318,-0.06579045233012165,0.5400254298981516,0.5564242453155582,0.0
paper_max_T300,A,1.0471975511965976,0.3333333333333333,2434,-130.33160600695737,-0.06579134120237723,0.513833075839535,0.5514454041326018,0.3159845200299058
paper_max_T300,A,1.0471975511965976,0.3333333333333333,2435,-130.3851500713413,-0.0657915997571088,0.5400270379173092,0.5564252959486659,0.0
paper_max_T300,A,1.0471975511965976,0.3333333333333333,2436,-130.43869170981563,-0.06579118292041974,0.513838176267083,0.5514491100077162,0.3159884195930074
paper_max_T300,A,1.0471975511965976,0.3333333333333333,2437,-130.49223452940865,-0.06579136872907942,0.5400330788990748,0.5564292503764359,0.0
paper_max_T300,A,1.0471975511965976,0.3333333333333333,2438,-130.54578033578574,-0.06579131415664219,0.5138436378528438,0.5514530881687844,0.31599258991895884
paper_max_T300,A,1.0471975511965976,0.3333333333333333,2439,-130.59932976306243,-0.0657926249138795,0.5400342420003642,0.5564300235772555,0.0
paper_max_T300,A,1.0471975511965976,0.3333333333333333,2440,-130.65287943212786,-0.06579322061969012,0.5138402526779208,0.5514506399747413,0.3159899958759229
paper_max_T300,A,1.0471975511965976,0.3333333333333333,2441,-130.706426780097,-0.0657942111436356,0.5400288910079907,0.5564265311020721,0.0
paper_max_T300,A,1.0471975511965976,0.3333333333333333,2442,-130.75996967845748,-0.0657937097001916,0.5138347064151383,0.5514466108998577,0.31598575513866123
paper_max_T300,A,1.0471975511965976,0.3333333333333333,2443,-130.8135093082658,-0.06579329384349542,0.5400265442068223,0.5564249944987176,0.0
paper_max_T300,A,1.0471975511965976,0.3333333333333333,2444,-130.86704784590742,-0.06579184301340901,0.5138348750047993,0.5514467332129587,0.31598588398987437
paper_max_T300,A,1.0471975511965976,0.3333333333333333,2445,-130.92058872434353,-0.06579154334774512,0.5400271256008857,0.5564253787864598,0.0
paper_max_T300,A,1.0471975511965976,0.3333333333333333,2446,-130.97413225462628,-0.06579098920910453,0.513833018536732,0.5514453920554684,0.3159844606484023
paper_max_T300,A,1.0471975511965976,0.3333333333333333,2447,-131.02767811281757,-0.06579148136477564,0.5400218906181724,0.5564219629027615,0.0
paper_max_T300,A,1.0471975511965976,0.3333333333333333,2448,-131.08122330980873,-0.06579147074773933,0.5138239624436034,0.5514388140124442,0.3159775358492263
paper_max_T300,A,1.0471975511965976,0.3333333333333333,2449,-131.13476567761168,-0.06579109078608603,0.5400138240349295,0.5564166832047854,0.0
paper_max_T300,A,1.0471975511965976,0.3333333333333333,2450,-131.18830472263858,-0.0657900763319918,0.5138178249813197,0.55143434505603,0.31597284835600914
paper_max_T300,A,1.0471975511965976,0.3333333333333333,2451,-131.24184169863213,-0.06578858750286992,0.540012203068821,0.5564156136411306,0.0
paper_max_T300,A,1.0471975511965976,0.3333333333333333,2452,-131.29537951870537,-0.06578747001374147,0.5138189748578632,0.5514351748930404,0.315973730527663
paper_max_T300,A,1.0471975511965976,0.3333333333333333,2453,-131.34892054344323,-0.0657867333503715,0.5400132474812295,0.5564162957724852,0.0
paper_max_T300,A,1.0471975511965976,0.3333333333333333,2454,-131.40246534363632,-0.0657870488820464,0.5138176526580258,0.5514342148344297,0.31597271938642935
paper_max_T300,A,1.0471975511965976,0.3333333333333333,2455,-131.45601199452668,-0.06578710110354219,0.540009525662442,0.5564138600435597,0.0
paper_max_T300,A,1.0471975511965976,0.3333333333333333,2456,-131.50955815215903,-0.06578775038426043,0.5138125816933218,0.5514305231999697,0.3159688460106508
paper_max_T300,A,1.0471975511965976,0.3333333333333333,2457,-131.56310084173586,-0.06578694749265507,0.5400071030424177,0.5564122643985568,0.0
paper_max_T300,A,1.0471975511965976,0.3333333333333333,2458,-131.61664109950027,-0.06578668742171229,0.5138143455241145,0.5514317927732679,0.31597020090581723
paper_max_T300,A,1.0471975511965976,0.3333333333333333,2459,-131.67018053576348,-0.06578555589944424,0.5400123874015276,0.5564157118206051,0.0
paper_max_T300,A,1.0471975511965976,0.3333333333333333,2460,-131.72372293741182,-0.06578572114151465,0.5138220301780331,0.5514373737284382,0.3159760776522743
paper_max_T300,A,1.0471975511965976,0.3333333333333333,2461,-131.7772697048128,-0.06578596056333708,0.5400178015804127,0.5564192539368866,0.0
paper_max_T300,A,1.0471975511965976,0.3333333333333333,2462,-131.83082018858275,-0.06578739918920651,0.5138248495120576,0.5514394250753278,0.31597823153074345
paper_max_T300,A,1.0471975511965976,0.3333333333333333,2463,-131.8843708067338,-0.06578823031949266,0.5400179987324888,0.5564193831164311,0.0
paper_max_T300,A,1.0471975511965976,0.3333333333333333,2464,-131.9379189257432,-0.0657892601612231,0.5138251575793495,0.5514396457976727,0.3159784687341849
paper_max_T300,A,1.0471975511965976,0.3333333333333333,2465,-131.9914628318449,-0.06578918719133342,0.5400207603261098,0.556421184365141,0.0
paper_max_T300,A,1.0471975511965976,0.3333333333333333,2466,-132.04500480569754,-0.0657891141166706,0.5138320180135703,0.5514446275758483,0.3159837155001467
paper_max_T300,A,1.0471975511965976,0.3333333333333333,2467,-132.0985480390308,-0.06578918587659849,0.5400286144176489,0.5564263221707573,0.0
paper_max_T300,A,1.0471975511965976,0.3333333333333333,2468,-132.15209484374157,-0.06578961766125402,0.5138397912670989,0.5514502831703408,0.31598965436871357
paper_max_T300,A,1.0471975511965976,0.3333333333333333,2469,-132.2056454993011,-0.06579097791854704,0.5400320612199195,0.5564285865630781,0.0
paper_max_T300,A,1.0471975511965976,0.3333333333333333,2470,-132.25919685030823,-0.06579206329777965,0.5138393239794083,0.5514499536151232,0.315989291876818
paper_max_T300,A,1.0471975511965976,0.3333333333333333,2471,-132.31274581885387,-0.06579323954416721,0.540029525683463,0.5564269346997028,0.0
paper_max_T300,A,1.0471975511965976,0.3333333333333333,2472,-132.3662903629742,-0.06579319080104429,0.5138370946800567,0.5514483354915573,0.3159875867120393
paper_max_T300,A,1.0471975511965976,0.3333333333333333,2473,-132.41983160459824,-0.06579314412772769,0.540029991237538,0.5564272391676628,0.0
paper_max_T300,A,1.0471975511965976,0.3333333333333333,2474,-132.4733719482125,-0.0657921121320798,0.5138401027774321,0.5514505234989351,0.3159898851820346
paper_max_T300,A,1.0471975511965976,0.3333333333333333,2475,-132.5269149204475,-0.06579231800445345,0.5400326466598446,0.5564289823161689,0.0
paper_max_T300,A,1.0471975511965976,0.3333333333333333,2476,-132.58046052231919,-0.06579204963358665,0.5138401086613873,0.5514505384827315,0.3159898840467023
paper_max_T300,A,1.0471975511965976,0.3333333333333333,2477,-132.6340082233685,-0.06579303944753434,0.540028680452012,0.5564263993705908,0.0
paper_max_T300,A,1.0471975511965976,0.3333333333333333,2478,-132.68755452806028,-0.06579308572539588,0.5138321214837421,0.5514447409699633,0.3159837745048766
paper_max_T300,A,1.0471975511965976,0.3333333333333333,2479,-132.7410976216144,-0.06579313815166526,0.5400212025007276,0.5564215089489296,0.0
paper_max_T300,A,1.0471975511965976,0.3333333333333333,2480,-132.79463695495508,-0.06579199775259742,0.5138261277220895,0.5514403807764331,0.3159791946178321
paper_max_T300,A,1.0471975511965976,0.3333333333333333,2481,-132.8481744728598,-0.06579088777741665,0.5400191289233458,0.5564201474136933,0.0
paper_max_T300,A,1.0471975511965976,0.3333333333333333,2482,-132.9017126280844,-0.06578952444079011,0.5138260378045444,0.5514403135093529,0.3159791268709761
paper_max_T300,A,1.0471975511965976,0.3333333333333333,2483,-132.9552538961343,-0.06578903421624882,0.5400185071866755,0.5564197432153454,0.0
paper_max_T300,A,1.0471975511965976,0.3333333333333333,2484,-133.00879807128217,-0.06578895545038993,0.5138223472118251,0.5514376353450215,0.3159763035893932
paper_max_T300,A,1.0471975511965976,0.3333333333333333,2485,-133.06234355457036,-0.06578902243145973,0.5400124701743013,0.5564157957931141,0.0
paper_max_T300,A,1.0471975511965976,0.3333333333333333,2486,-133.11588792958008,-0.06578915231435095,0.5138145318166509,0.5514319509550946,0.3159703313153118
paper_max_T300,A,1.0471975511965976,0.3333333333333333,2487,-133.1694289608909,-0.06578817158019568,0.5400075709783553,0.5564125811646371,0.0
paper_max_T300,A,1.0471975511965976,0.3333333333333333,2488,-133.222967638824,-0.06578740855489656,0.5138133855564255,0.5514311059681024,0.31596946129080183
paper_max_T300,A,1.0471975511965976,0.3333333333333333,2489,-133.2765056829242,-0.06578598832026528,0.5400101948297066,0.5564142881480861,0.0
paper_max_T300,A,1.0471975511965976,0.3333333333333333,2490,-133.330046479073,-0.0657857531798941,0.5138180124667093,0.5514344639595773,0.31597300094245284
paper_max_T300,A,1.0471975511965976,0.3333333333333333,2491,-133.3835913229285,-0.06578558064355589,0.54001304535946,0.5564161520224205,0.0
paper_max_T300,A,1.0471975511965976,0.3333333333333333,2492,-133.4371397507913,-0.0657867037933596,0.513818301344281,0.5514346737412398,0.3159732217762301
paper_max_T300,A,1.0471975511965976,0.3333333333333333,2493,-133.49068837007255,-0.06578701170696921,0.5400115130033691,0.5564151464815921,0.0
paper_max_T300,A,1.0471975511965976,0.3333333333333333,2494,-133.5442350061782,-0.06578785338663762,0.5138172849252716,0.5514339279671637,0.315972448443363
paper_max_T300,A,1.0471975511965976,0.3333333333333333,2495,-133.59777771946332,-0.06578728067209261,0.5400136221660592,0.5564165170325728,0.0
paper_max_T300,A,1.0471975511965976,0.3333333333333333,2496,-133.65131896640236,-0.06578724526237628,0.5138238855463798,0.5514387172880729,0.31597749853497714
paper_max_T300,A,1.0471975511965976,0.3333333333333333,2497,-133.70486147356644,-0.0657869416736876,0.540021605196249,0.556421735831791,0.0
paper_max_T300,A,1.0471975511965976,0.3333333333333333,2498,-133.75840799042643,-0.06578761664682836,0.5138322364950428,0.551444789016164,0.31598388103428576
paper_max_T300,A,1.0471975511965976,0.3333333333333333,2499,-133.8119585018168,-0.06578870881450194,0.5400260185354447,0.5564246284150224,0.0
paper_max_T300,A,1.0471975511965976,0.3333333333333333,2500,-133.8655103665858,-0.06579013929292699,0.5138334788513308,0.5514456979535469,0.31598482751887796
paper_max_T300,A,1.0471975511965976,0.3333333333333333,2501,-133.91905999980412,-0.06579117442840354,0.540025517797013,0.556424304010082,0.0
paper_max_T300,A,1.0471975511965976,0.3333333333333333,2502,-133.9726056179552,-0.0657915540782828,0.5138340314537637,0.5514460992261137,0.3159852502666164
paper_max_T300,A,1.0471975511965976,0.3333333333333333,2503,-134.02614793576706,-0.06579158467332502,0.5400286483584782,0.5564263505071844,0.0
paper_max_T300,A,1.0471975511965976,0.3333333333333333,2504,-134.07968973835114,-0.06579106794591472,0.513840092685931,0.551450505611706,0.3159898830594877
paper_max_T300,A,1.0471975511965976,0.3333333333333333,2505,-134.1332344189524,-0.06579155988695923,0.5400338963023966,0.55642978926866,0.0
paper_max_T300,A,1.0471975511965976,0.3333333333333333,2506,-134.18678210575058,-0.06579177946935172,0.5138429094969824,0.5514525636533254,0.31599203057980424
paper_max_T300,A,1.0471975511965976,0.3333333333333333,2507,-134.24033190019475,-0.06579315175042638,0.5400323167943417,0.556428768074823,0.0
paper_max_T300,A,1.0471975511965976,0.3333333333333333,2508,-134.2938800453599,-0.0657935375256884,0.5138375349395998,0.5514486665130592,0.3159879174260342
paper_max_T300,A,1.0471975511965976,0.3333333333333333,2509,-134.34742466272797,-0.06579402950486202,0.5400269738049508,0.5564252768344979,0.0
paper_max_T300,A,1.0471975511965976,0.3333333333333333,2510,-134.4009652230057,-0.0657930876386692,0.5138335926678358,0.551445800638513,0.3159849041042554
paper_max_T300,A,1.0471975511965976,0.3333333333333333,2511,-134.45450414389376,-0.06579248258195791,0.540026203608936,0.5564247715528073,0.0
paper_max_T300,A,1.0471975511965976,0.3333333333333333,2512,-134.5080436696454,-0.06579119174042619,0.5138342803214503,0.5514463023242604,0.31598542868269264
paper_max_T300,A,1.0471975511965976,0.3333333333333333,2513,-134.56158637475704,-0.0657911732742863,0.5400256537251042,0.5564244180350553,0.0
paper_max_T300,A,1.0471975511965976,0.3333333333333333,2514,-134.61513129066623,-0.06579096832253739,0.5138300829240191,0.5514432596883123,0.31598221594234444
paper_max_T300,A,1.0471975511965976,0.3333333333333333,2515,-134.6686769700235,-0.06579134580871698,0.5400187818605982,0.5564199284519351,0.0
paper_max_T300,A,1.0471975511965976,0.3333333333333333,2516,-134.72222069926556,-0.06579114025330307,0.513820958681405,0.5514366277319598,0.3159752412631809
paper_max_T300,A,1.0471975511965976,0.3333333333333333,2517,-134.77576103613978,-0.0657903081362291,0.5400124087319208,0.5564157529900619,0.0
paper_max_T300,A,1.0471975511965976,0.3333333333333333,2518,-134.8292988640552,-0.06578911615994448,0.513817703277305,0.5514342526977718,0.3159727573551097
paper_max_T300,A,1.0471975511965976,0.3333333333333333,2519,-134.8828363035431,-0.06578771631619024,0.5400127621890616,0.5564159770599656,0.0
paper_max_T300,A,1.0471975511965976,0.3333333333333333,2520,-134.93637610243127,-0.06578703196856173,0.5138193450078496,0.5514354429234397,0.3159740140386653
paper_max_T300,A,1.0471975511965976,0.3333333333333333,2521,-134.98991956443203,-0.06578669576415203,0.5400127896517588,0.5564159955191603,0.0
paper_max_T300,A,1.0471975511965976,0.3333333333333333,2522,-135.04346599194542,-0.06578734000979047,0.5138164471290411,0.5514333368317558,0.31597179874190606
paper_max_T300,A,1.0471975511965976,0.3333333333333333,2523,-135.0970124386365,-0.0657872809791995,0.5400086502078864,0.5564132838732916,0.0
paper_max_T300,A,1.0471975511965976,0.3333333333333333,2524,-135.1505570310096,-0.06578768198446883,0.5138127964365328,0.5514306748905188,0.3159690124484188
paper_max_T300,A,1.0471975511965976,0.3333333333333333,2525,-135.20409802744308,-0.06578665250741433,0.5400087198479551,0.5564133181029688,0.0
paper_max_T300,A,1.0471975511965976,0.3333333333333333,2526,-135.2576378594809,-0.06578634657501098,0.5138173525765203,0.5514339759672318,0.31597250086313755
paper_max_T300,A,1.0471975511965976,0.3333333333333333,2527,-135.3111789211535,-0.06578558865555761,0.5400151375206379,0.5564175104778976,0.0
paper_max_T300,A,1.0471975511965976,0.3333333333333333,2528,-135.3647241000728,-0.06578618344166004,0.5138242876229745,0.551439015518996,0.31597780270490855
paper_max_T300,A,1.0471975511965976,0.3333333333333333,2529,-135.41827322582367,-0.06578681829987176,0.5400187630751241,0.5564198840085216,0.0
paper_max_T300,A,1.0471975511965976,0.3333333333333333,2530,-135.47182422594375,-0.06578830227644195,0.513825313554757,0.5514397627764995,0.31597858600133266
paper_max_T300,A,1.0471975511965976,0.3333333333333333,2531,-135.52537324787966,-0.06578892616858506,0.5400187136760887,0.5564198502941421,0.0
paper_max_T300,A,1.0471975511965976,0.3333333333333333,2532,-135.57891886817043,-0.0657895164388862,0.5138270377659268,0.5514410115975759,0.31597990642927776
paper_max_T300,A,1.0471975511965976,0.3333333333333333,2533,-135.6324612751609,-0.06578930969165875,0.5400233058480653,0.5564228497588034,0.0
paper_max_T300,A,1.0471975511965976,0.3333333333333333,2534,-135.68600362731246,-0.06578919164788377,0.5138350831702027,0.5514468574169575,0.3159860574729235
paper_max_T300,A,1.0471975511965976,0.3333333333333333,2535,-135.7395490003305,-0.06578965153197619,0.5400305022793287,0.556427560764101,0.0
paper_max_T300,A,1.0471975511965976,0.3333333333333333,2536,-135.79309796675523,-0.06579035830158092,0.5138403469372472,0.5514506915689252,0.3159900767197562
paper_max_T300,A,1.0471975511965976,0.3333333333333333,2537,-135.84664921216643,-0.06579183710136527,0.5400313188587876,0.5564281048105775,0.0
paper_max_T300,A,1.0471975511965976,0.3333333333333333,2538,-135.90019906428194,-0.06579268010278483,0.5138379674474306,0.5514489700030539,0.3159882537145998
paper_max_T300,A,1.0471975511965976,0.3333333333333333,2539,-135.95374524098884,-0.06579341822083873,0.5400287558560107,0.5564264320222481,0.0
paper_max_T300,A,1.0471975511965976,0.3333333333333333,2540,-136.00728735625472,-0.06579289518555886,0.5138371353427723,0.5514483655886762,0.3159876174718137
paper_max_T300,A,1.0471975511965976,0.3333333333333333,2541,-136.06082793561683,-0.06579270854061436,0.5400304757926515,0.5564275574548839,0.0
paper_max_T300,A,1.0471975511965976,0.3333333333333333,2542,-136.1143693315505,-0.0657917793683675,0.5138401979098356,0.551450595526449,0.3159899563456578
paper_max_T300,A,1.0471975511965976,0.3333333333333333,2543,-136.16791410682595,-0.06579226295026497,0.5400315762546377,0.5564282857643295,0.0
paper_max_T300,A,1.0471975511965976,0.3333333333333333,2544,-136.22146080462147,-0.06579224970717223,0.5138374207598164,0.5514485879112503,0.31598782778045104
paper_max_T300,A,1.0471975511965976,0.3333333333333333,2545,-136.2750078652232,-0.06579308288309449,0.5400256205719027,0.5564243987923234,0.0
paper_max_T300,A,1.0471975511965976,0.3333333333333333,2546,-136.32855222312185,-0.06579284744053776,0.5138289638974035,0.5514424447623015,0.3159813613718063
paper_max_T300,A,1.0471975511965976,0.3333333333333333,2547,-136.38209301131678,-0.06579240492561922,0.5400194390669267,0.5564203527370688,0.0
paper_max_T300,A,1.0471975511965976,0.3333333333333333,2548,-136.43563104484628,-0.06579103433760025,0.5138253408898056,0.5514398065395059,0.3159785943339175
paper_max_T300,A,1.0471975511965976,0.3333333333333333,2549,-136.4891689660957,-0.06578995528866505,0.5400188751690643,0.5564199803383143,0.0
paper_max_T300,A,1.0471975511965976,0.3333333333333333,2550,-136.54270887288675,-0.0657889795497999,0.5138252794092784,0.551439762356196,0.3159785471355713
paper_max_T300,A,1.0471975511965976,0.3333333333333333,2551,-136.59625211563053,-0.06578879716444097,0.5400169485774178,0.5564187236913919,0.0
paper_max_T300,A,1.0471975511965976,0.3333333333333333,2552,-136.64979742462162,-0.06578900742970045,0.5138198481128582,0.5514358175745065,0.31597439391270465
paper_max_T300,A,1.0471975511965976,0.3333333333333333,2553,-136.7033423703213,-0.0657888750200114,0.5400104617253791,0.5564144785010198,0.0
paper_max_T300,A,1.0471975511965976,0.3333333333333333,2554,-136.75688516010496,-0.0657887639810602,0.5138134820681101,0.5514311832729198,0.3159695312843913
paper_max_T300,A,1.0471975511965976,0.3333333333333333,2555,-136.8104246317272,-0.06578750686127877,0.5400080940820394,0.5564129187819798,0.0
paper_max_T300,A,1.0471975511965976,0.3333333333333333,2556,-136.8639630212274,-0.06578675112031585,0.5138151876614928,0.5514324125754634,0.31597084057871205
paper_max_T300,A,1.0471975511965976,0.3333333333333333,2557,-136.91750263539046,-0.06578566907643613,0.5400119570613947,0.5564154395709545,0.0
paper_max_T300,A,1.0471975511965976,0.3333333333333333,2558,-136.97104609785862,-0.06578591936631895,0.5138193066144277,0.5514354042477265,0.31597399037081375
paper_max_T300,A,1.0471975511965976,0.3333333333333333,2559,-137.02459323955065,-0.06578611102928089,0.5400133637934343,0.5564163597706613,0.0
paper_max_T300,A,1.0471975511965976,0.3333333333333333,2560,-137.07814236768053,-0.06578733814576787,0.513818316599017,0.5514346833524637,0.31597323415918227
paper_max_T300,A,1.0471975511965976,0.3333333333333333,2561,-137.13168973211162,-0.0657874499389326,0.5400120800684983,0.5564155149658795,0.0
paper_max_T300,A,1.0471975511965976,0.3333333333333333,2562,-137.18523426189137,-0.06578793914149356,0.513819245834481,0.5514353506586208,0.3159739487743667
paper_max_T300,A,1.0471975511965976,0.3333333333333333,2563,-137.23877576433,-0.06578729226777302,0.5400164183410361,0.5564183448605555,0.0
paper_max_T300,A,1.0471975511965976,0.3333333333333333,2564,-137.29231760338138,-0.06578730043124581,0.5138274181783311,0.5514412854259841,0.3159801986627576
paper_max_T300,A,1.0471975511965976,0.3333333333333333,2565,-137.3458624684008,-0.06578744928438751,0.5400240690338789,0.5564233497900204,0.0
paper_max_T300,A,1.0471975511965976,0.3333333333333333,2566,-137.39941144907175,-0.06578844642685588,0.5138336542489351,0.5514458225992529,0.3159849630967956
paper_max_T300,A,1.0471975511965976,0.3333333333333333,2567,-137.4529629070213,-0.06578971706286174,0.540026220733101,0.5564247633350143,0.0
paper_max_T300,A,1.0471975511965976,0.3333333333333333,2568,-137.50651355682078,-0.06579092598848885,0.5138333732315288,0.5514456227546776,0.3159847459824673
paper_max_T300,A,1.0471975511965976,0.3333333333333333,2569,-137.56006058778718,-0.06579160564528197,0.5400259408272521,0.5564245814199961,0.0
paper_max_T300,A,1.0471975511965976,0.3333333333333333,2570,-137.6136038656997,-0.06579152857223758,0.51383544045592,0.5514471240244985,0.3159863269632085
paper_max_T300,A,1.0471975511965976,0.3333333333333333,2571,-137.6671456654177,-0.06579150573942305,0.5400302828711361,0.556427421518517,0.0
paper_max_T300,A,1.0471975511965976,0.3333333333333333,2572,-137.7206886948939,-0.06579107684593472,0.5138413910984948,0.5514514528237001,0.3159908736989797
paper_max_T300,A,1.0471975511965976,0.3333333333333333,2573,-137.77423535726695,-0.06579189125510043,0.5400337900279105,0.5564297241517308,0.0
paper_max_T300,A,1.0471975511965976,0.3333333333333333,2574,-137.8277841237383,-0.06579230045956375,0.5138412112824836,0.5514513334722685,0.31599073028106517
paper_max_T300,A,1.0471975511965976,0.3333333333333333,2575,-137.88133308270744,-0.06579352752074552,0.5400300246161802,0.5564272711155602,0.0
paper_max_T300,A,1.0471975511965976,0.3333333333333333,2576,-137.9348789426876,-0.06579355583016133,0.5138350851286734,0.5514468864214324,0.31598604447603906
paper_max_T300,A,1.0471975511965976,0.3333333333333333,2577,-137.98842101905893,-0.06579355998025815,0.5400256341155725,0.5564243996692613,0.0
paper_max_T300,A,1.0471975511965976,0.3333333333333333,2578,-138.04196017711763,-0.06579232585259037,0.5138330031434348,0.5514453716448994,0.3159844536682629
paper_max_T300,A,1.0471975511965976,0.3333333333333333,2579,-138.09549949092747,-0.06579173255996201,0.540025859158401,0.5564245468337066,0.0
paper_max_T300,A,1.0471975511965976,0.3333333333333333,2580,-138.1490406229883,-0.0657907555702843,0.5138331431709515,0.5514454775423852,0.3159845585292429
paper_max_T300,A,1.0471975511965976,0.3333333333333333,2581,-138.20258491997976,-0.06579097624189029,0.5400235697699975,0.5564230564173934,0.0
paper_max_T300,A,1.0471975511965976,0.3333333333333333,2582,-138.25613041879643,-0.06579097895842406,0.5138268223437038,0.5514408898724468,0.31597972345739844
paper_max_T300,A,1.0471975511965976,0.3333333333333333,2583,-138.30967506439805,-0.0657910749164326,0.5400159853874901,0.5564180968749611,0.0
paper_max_T300,A,1.0471975511965976,0.3333333333333333,2584,-138.36321695958588,-0.06579058583906794,0.5138188805597965,0.551435113507913,0.31597365463495336
paper_max_T300,A,1.0471975511965976,0.3333333333333333,2585,-138.41675570593242,-0.06578941340637623,0.5400119038838047,0.5564154187051935,0.0
paper_max_T300,A,1.0471975511965976,0.3333333333333333,2586,-138.4702932779325,-0.06578822931291017,0.5138182115722704,0.5514346192555816,0.31597314743650623
paper_max_T300,A,1.0471975511965976,0.3333333333333333,2587,-138.5238321422878,-0.06578709996698845,0.5400133196637775,0.5564163404202485,0.0
paper_max_T300,A,1.0471975511965976,0.3333333333333333,2588,-138.57737432135468,-0.06578690990923391,0.5138192797907238,0.5514353948845967,0.31597396452957643
paper_max_T300,A,1.0471975511965976,0.3333333333333333,2589,-138.63091975020575,-0.0657868621648191,0.5400119968072388,0.5564154756486309,0.0
paper_max_T300,A,1.0471975511965976,0.3333333333333333,2590,-138.68446677486241,-0.06578763502731322,0.5138153619413728,0.5514325455390205,0.3159709704810539
paper_max_T300,A,1.0471975511965976,0.3333333333333333,2591,-138.73801209505604,-0.06578734017351223,0.5400084099925919,0.5564131228884688,0.0
paper_max_T300,A,1.0471975511965976,0.3333333333333333,2592,-138.79155488778406,-0.0657874584852094,0.5138140176477277,0.551431558498017,0.3159699480801913
paper_max_T300,A,1.0471975511965976,0.3333333333333333,2593,-138.84509491601574,-0.0657863630056324,0.5400110082210704,0.5564148122808366,0.0
paper_max_T300,A,1.0471975511965976,0.3333333333333333,2594,-138.8986354889651,-0.06578619005364583,0.5138204819593106,0.5514362494679674,0.31597489357953645
paper_max_T300,A,1.0471975511965976,0.3333333333333333,2595,-138.95217897404132,-0.06578590446036209,0.540017429888828,0.5564190106431585,0.0
paper_max_T300,A,1.0471975511965976,0.3333333333333333,2596,-139.00572678541675,-0.06578688871301536,0.5138257696918715,0.5514400940209556,0.31597893488900197
paper_max_T300,A,1.0471975511965976,0.3333333333333333,2597,-139.05927715702285,-0.06578773192329679,0.5400192749650466,0.5564202196401604,0.0
paper_max_T300,A,1.0471975511965976,0.3333333333333333,2598,-139.1128273304936,-0.0657890522748007,0.513825838793106,0.551440144432964,0.31597898756005566
paper_max_T300,A,1.0471975511965976,0.3333333333333333,2599,-139.16637410292066,-0.0657893909845767,0.5400198901049499,0.5564206192518149,0.0
paper_max_T300,A,1.0471975511965976,0.3333333333333333,2600,-139.21991763239384,-0.06578958966920895,0.5138294563040436,0.5514427692096068,0.3159817553596451
paper_max_T300,A,1.0471975511965976,0.3333333333333333,2601,-139.27345973370257,-0.06578942196503901,0.540025909155101,0.5564245539065749,0.0
paper_max_T300,A,1.0471975511965976,0.3333333333333333,2602,-139.32700354339204,-0.06578942791926518,0.5138375418507894,0.5514486474324134,0.3159879353151167
paper_max_T300,A,1.0471975511965976,0.3333333333333333,2603,-139.38055118950507,-0.06579027941928739,0.5400314656275601,0.5564281949694754,0.0
paper_max_T300,A,1.0471975511965976,0.3333333333333333,2604,-139.43410145693633,-0.06579115938464802,0.5138399168371804,0.5514503830049647,0.3159897458122317
paper_max_T300,A,1.0471975511965976,0.3333333333333333,2605,-139.4876519714917,-0.06579254466790857,0.5400301677934392,0.5564273546587949,0.0
paper_max_T300,A,1.0471975511965976,0.3333333333333333,2606,-139.54119945841063,-0.06579299466627903,0.5138367803194732,0.5514481084525924,0.31598734559565733
paper_max_T300,A,1.0471975511965976,0.3333333333333333,2607,-139.5947430125343,-0.0657933014132599,0.5400284257744508,0.5564262165035437,0.0
paper_max_T300,A,1.0471975511965976,0.3333333333333333,2608,-139.64828369098552,-0.06579244843618864,0.513837497873279,0.5514486299320771,0.3159878940972479
paper_max_T300,A,1.0471975511965976,0.3333333333333333,2609,-139.70182474661436,-0.0657923053761661,0.5400307615519165,0.556427746391418,0.0
paper_max_T300,A,1.0471975511965976,0.3333333333333333,2610,-139.75536775578433,-0.0657916218803441,0.5138395373387763,0.5514501186394684,0.3159894496818179
paper_max_T300,A,1.0471975511965976,0.3333333333333333,2611,-139.8089139497405,-0.06579232282561231,0.5400297253403106,0.5564270781731591,0.0
paper_max_T300,A,1.0471975511965976,0.3333333333333333,2612,-139.86246080909842,-0.06579242325182738,0.5138342343224019,0.551446273692002,0.3159853910961152
paper_max_T300,A,1.0471975511965976,0.3333333333333333,2613,-139.9160063606236,-0.06579292944736481,0.5400227225340397,0.556422502553534,0.0
paper_max_T300,A,1.0471975511965976,0.3333333333333333,2614,-139.96954852640192,-0.06579233821854047,0.5138265527937883,0.5514406901871612,0.3159795193355487
paper_max_T300,A,1.0471975511965976,0.3333333333333333,2615,-140.02308759092568,-0.06579151144720952,0.54001842466426,0.556419686565805,0.0
paper_max_T300,A,1.0471975511965976,0.3333333333333333,2616,-140.07662533489457,-0.06579010558801063,0.5138250177491823,0.5514395700680541,0.31597834814743664
paper_max_T300,A,1.0471975511965976,0.3333333333333333,2617,-140.13016453073584,-0.06578922993434833,0.5400185118764363,0.5564197423886267,0.0
paper_max_T300,A,1.0471975511965976,0.3333333333333333,2618,-140.1837064642374,-0.06578870644991264,0.5138240253661871,0.5514388510438469,0.3159775884629876
paper_max_T300,A,1.0471975511965976,0.3333333333333333,2619,-140.2372511765601,-0.06578871934058772,0.5400150558378491,0.5564174848312361,0.0
paper_max_T300,A,1.0471975511965976,0.3333333333333333,2620,-140.29079670802435,-0.06578903289451621,0.5138175144410546,0.5514341189721618,0.31597261123145787
paper_max_T300,A,1.0471975511965976,0.3333333333333333,2621,-140.344340391508,-0.06578859161994915,0.540009147095969,0.5564136144139814,0.0
paper_max_T300,A,1.0471975511965976,0.3333333333333333,2622,-140.39788150422999,-0.0657882244374145,0.5138135145423299,0.5514312023697917,0.31596955845780816
paper_max_T300,A,1.0471975511965976,0.3333333333333333,2623,-140.45142014555603,-0.06578686356199359,0.5400093672280406,0.5564137481012842,0.0
paper_max_T300,A,1.0471975511965976,0.3333333333333333,2624,-140.5049593256917,-0.06578629889851184,0.513817231223826,0.5514338959552403,0.3159724037697509
paper_max_T300,A,1.0471975511965976,0.3333333333333333,2625,-140.55850124785252,-0.0657856575471063,0.5400134058443864,0.5564163867706982,0.0
paper_max_T300,A,1.0471975511965976,0.3333333333333333,2626,-140.61204728045175,-0.06578635074419525,0.5138200344243213,0.5514359330510218,0.31597454677782183
paper_max_T300,A,1.0471975511965976,0.3333333333333333,2627,-140.66559574850857,-0.06578673184192668,0.54001344010891,0.5564164087240133,0.0
paper_max_T300,A,1.0471975511965976,0.3333333333333333,2628,-140.719144353866,-0.06578785924674185,0.5138186263124455,0.5514349065410524,0.3159734718943187
paper_max_T300,A,1.0471975511965976,0.3333333333333333,2629,-140.77268983731915,-0.06578771597049271,0.5400132901279571,0.5564163041919873,0.0
paper_max_T300,A,1.0471975511965976,0.3333333333333333,2630,-140.82623260288892,-0.06578790233757037,0.513821915213986,0.5514372890544361,0.3159759902730811
paper_max_T300,A,1.0471975511965976,0.3333333333333333,2631,-140.87977401930027,-0.06578735992499146,0.5400193982843067,0.5564202940704239,0.0
paper_max_T300,A,1.0471975511965976,0.3333333333333333,2632,-140.93331751943708,-0.06578756595000484,0.5138304762782196,0.5514435097861243,0.31598253543030363
paper_max_T300,A,1.0471975511965976,0.3333333333333333,2633,-140.98686492296213,-0.06578816639890223,0.540025722814723,0.5564244343516649,0.0
paper_max_T300,A,1.0471975511965976,0.3333333333333333,2634,-141.04041553010762,-0.06578936824194603,0.5138342065875221,0.5514462269351816,0.3159853837701132
paper_max_T300,A,1.0471975511965976,0.3333333333333333,2635,-141.093966572194,-0.06579060780265616,0.5400260929019651,0.5564246816874591,0.0
paper_max_T300,A,1.0471975511965976,0.3333333333333333,2636,-141.14751504326864,-0.06579143964404455,0.5138334714934615,0.5514456950706044,0.3159848206571415
paper_max_T300,A,1.0471975511965976,0.3333333333333333,2637,-141.201059568358,-0.06579177227880628,0.5400267763868885,0.5564251285327367,0.0
paper_max_T300,A,1.0471975511965976,0.3333333333333333,2638,-141.2546014924049,-0.06579137407007296,0.5138370831052441,0.551448319167188,0.31598758196173476
paper_max_T300,A,1.0471975511965976,0.3333333333333333,2639,-141.30814394296448,-0.06579146725356078,0.5400316106677927,0.5564282926702389,0.0
paper_max_T300,A,1.0471975511965976,0.3333333333333333,2640,-141.36168874759107,-0.06579125132119074,0.5138417998313931,0.5514517538476131,0.3159911840327553
paper_max_T300,A,1.0471975511965976,0.3333333333333333,2641,-141.4152369054184,-0.06579231034479999,0.5400327844166855,0.5564290704158911,0.0
paper_max_T300,A,1.0471975511965976,0.3333333333333333,2642,-141.46878567115328,-0.06579276008040857,0.51383887183374,0.5514496360850318,0.31598894041850284
paper_max_T300,A,1.0471975511965976,0.3333333333333333,2643,-141.5223328349723,-0.06579366560339733,0.5400277481143705,0.5564257830052739,0.0
paper_max_T300,A,1.0471975511965976,0.3333333333333333,2644,-141.57587619374652,-0.06579326864357377,0.5138331818468325,0.5514455026329936,0.3159845897641902
paper_max_T300,A,1.0471975511965976,0.3333333333333333,2645,-141.62941641059427,-0.06579288893424418,0.5400248426632025,0.5564238810515808,0.0
paper_max_T300,A,1.0471975511965976,0.3333333333333333,2646,-141.682955244553,-0.06579155958346161,0.5138326440204204,0.5514451106866106,0.3159841790748813
paper_max_T300,A,1.0471975511965976,0.3333333333333333,2647,-141.73649576462935,-0.06579113430836603,0.5400252205350596,0.5564241302922023,0.0
paper_max_T300,A,1.0471975511965976,0.3333333333333333,2648,-141.79003863817877,-0.06579053440988664,0.5138313449004686,0.5514441721502783,0.3159831830625064
paper_max_T300,A,1.0471975511965976,0.3333333333333333,2649,-141.84358391205842,-0.06579087330346006,0.5400210468272765,0.556421406683023,0.0
paper_max_T300,A,1.0471975511965976,0.3333333333333333,2650,-141.89712911445775,-0.0657909101051099,0.5138236413008039,0.5514385765403569,0.3159772924408605
paper_max_T300,A,1.0471975511965976,0.3333333333333333,2651,-141.95067215882256,-0.06579062215295589,0.5400138209650909,0.5564166777742126,0.0
paper_max_T300,A,1.0471975511965976,0.3333333333333333,2652,-142.00421230029917,-0.06578985386495806,0.513817823637791,0.5514343414229568,0.31597284870117004
paper_max_T300,A,1.0471975511965976,0.3333333333333333,2653,-142.05775024121868,-0.06578851882020903,0.540012111642952,0.5564155513894191,0.0
paper_max_T300,A,1.0471975511965976,0.3333333333333333,2654,-142.11128856680466,-0.06578753468213827,0.5138189585582992,0.5514351603421209,0.31597371944731567
paper_max_T300,A,1.0471975511965976,0.3333333333333333,2655,-142.1648294911239,-0.06578677777220082,0.5400136122638374,0.5564165311180936,0.0
paper_max_T300,A,1.0471975511965976,0.3333333333333333,2656,-142.2183739465782,-0.06578704327159529,0.513818764821566,0.5514350198444887,0.3159735712492644
paper_max_T300,A,1.0471975511965976,0.3333333333333333,2657,-142.27192049761078,-0.06578712014907795,0.5400111045647745,0.556414890091204,0.0
paper_max_T300,A,1.0471975511965976,0.3333333333333333,2658,-142.32546707427844,-0.06578783093376556,0.513814752828177,0.551432099687972,0.31597050646158203
paper_max_T300,A,1.0471975511965976,0.3333333333333333,2659,-142.37901075462463,-0.06578726146430147,0.540008970118274,0.5564134855566936,0.0
paper_max_T300,A,1.0471975511965976,0.3333333333333333,2660,-142.43255207831533,-0.06578715619417491,0.5138161161414506,0.5514330805598485,0.31597155391298204
paper_max_T300,A,1.0471975511965976,0.3333333333333333,2661,-142.48609218499087,-0.0657861830752855,0.5400136282294642,0.5564165246562621,0.0
paper_max_T300,A,1.0471975511965976,0.3333333333333333,2662,-142.53963452113464,-0.06578629021821092,0.5138233186195911,0.5514383113617876,0.3159770618990124
paper_max_T300,A,1.0471975511965976,0.3333333333333333,2663,-142.5931806558844,-0.0657864784369907,0.5400190901673165,0.5564200978276497,0.0
paper_max_T300,A,1.0471975511965976,0.3333333333333333,2664,-142.64673034955854,-0.06578772529254406,0.5138265980587798,0.5514406972544673,0.3159795674535511
paper_max_T300,A,1.0471975511965976,0.3333333333333333,2665,-142.70028066016874,-0.0657885777998593,0.5400196298698013,0.5564204521318641,0.0
paper_max_T300,A,1.0471975511965976,0.3333333333333333,2666,-142.75382900861496,-0.06578957762177645,0.5138267223314299,0.5514407861741731,0.31597966321076565
paper_max_T300,A,1.0471975511965976,0.3333333333333333,2667,-142.8073735502847,-0.06578964908460944,0.5400215656656281,0.5564217149393287,0.0
paper_max_T300,A,1.0471975511965976,0.3333333333333333,2668,-142.86091592005346,-0.0657895833246826,0.5138321548681475,0.5514447311531478,0.31598381789960395
paper_max_T300,A,1.0471975511965976,0.3333333333333333,2669,-142.9144588900961,-0.06578961708836373,0.5400282168384729,0.5564260656144784,0.0
paper_max_T300,A,1.0471975511965976,0.3333333333333333,2670,-142.96800472536256,-0.06578985217174416,0.5138391071462789,0.551449788734273,0.3159891299139148
paper_max_T300,A,1.0471975511965976,0.3333333333333333,2671,-143.02155412892967,-0.06579100562779544,0.5400315166012043,0.5564282322399364,0.0
paper_max_T300,A,1.0471975511965976,0.3333333333333333,2672,-143.0751045126247,-0.06579189736991431,0.5138388081744169,0.5514495803900356,0.3159888966704383
paper_max_T300,A,1.0471975511965976,0.3333333333333333,2673,-143.128653220366,-0.06579300972776869,0.5400289631770728,0.5564265683911385,0.0
paper_max_T300,A,1.0471975511965976,0.3333333333333333,2674,-143.18219807582614,-0.06579299808357664,0.5138360066798411,0.5514475467230204,0.315986753905617
paper_max_T300,A,1.0471975511965976,0.3333333333333333,2675,-143.23573972401056,-0.06579297025866471,0.5400284828383645,0.5564262542174991,0.0
paper_max_T300,A,1.0471975511965976,0.3333333333333333,2676,-143.2892801029139,-0.06579197827697247,0.5138378792317535,0.5514489085281555,0.3159881848191876
paper_max_T300,A,1.0471975511965976,0.3333333333333333,2677,-143.3428224285637,-0.06579201578525823,0.5400305662078145,0.5564276211762574,0.0
paper_max_T300,A,1.0471975511965976,0.3333333333333333,2678,-143.3963670678657,-0.06579163214759798,0.5138380223888848,0.551449020647372,0.3159882900020512
paper_max_T300,A,1.0471975511965976,0.3333333333333333,2679,-143.4499139161004,-0.0657924159490616,0.5400272844352394,0.5564254836793106,0.0
paper_max_T300,A,1.0471975511965976,0.3333333333333333,2680,-143.5034599989849,-0.06579246219858764,0.5138309661032936,0.5514438986179091,0.31598289261579215
paper_max_T300,A,1.0471975511965976,0.3333333333333333,2681,-143.5570035487226,-0.06579253876406116,0.5400203110806808,0.5564209234435055,0.0
paper_max_T300,A,1.0471975511965976,0.3333333333333333,2682,-143.61054375333526,-0.06579161079752793,0.5138249911826152,0.551439552717602,0.31597832684094423
paper_max_T300,A,1.0471975511965976,0.3333333333333333,2683,-143.66408196611889,-0.06579057424440249,0.5400179781522876,0.5564193924311404,0.0
paper_max_T300,A,1.0471975511965976,0.3333333333333333,2684,-143.71762039224933,-0.06578933147060617,0.5138248016612694,0.5514394121975388,0.31597818340571304
paper_max_T300,A,1.0471975511965976,0.3333333333333333,2685,-143.77116137205815,-0.0657887531160406,0.5400178159869784,0.5564192872559517,0.0
paper_max_T300,A,1.0471975511965976,0.3333333333333333,2686,-143.82470515259286,-0.06578864837895759,0.5138223067048349,0.5514376016506531,0.3159762748067754
paper_max_T300,A,1.0471975511965976,0.3333333333333333,2687,-143.8782505519738,-0.06578869773423285,0.5400130948876287,0.55641620037856,0.0
paper_max_T300,A,1.0471975511965976,0.3333333333333333,2688,-143.9317954377634,-0.06578894093564819,0.5138157213421992,0.5514328124196979,0.31597124221964135
paper_max_T300,A,1.0471975511965976,0.3333333333333333,2689,-143.9853375143382,-0.06578816808185695,0.5400086995604715,0.5564133174274969,0.0
paper_max_T300,A,1.0471975511965976,0.3333333333333333,2690,-144.03887733550584,-0.06578761923840182,0.5138145089428655,0.5514319213050399,0.31597032061728375
paper_max_T300,A,1.0471975511965976,0.3333333333333333,2691,-144.09241613016707,-0.06578635141923783,0.5400110648174969,0.5564148562573294,0.0
paper_max_T300,A,1.0471975511965976,0.3333333333333333,2692,-144.1459570427191,-0.06578612532261746,0.5138191248874266,0.5514352714197492,0.31597385181202253
paper_max_T300,A,1.0471975511965976,0.3333333333333333,2693,-144.19950150762696,-0.06578593061587079,0.540014387204707,0.5564170285696598,0.0
paper_max_T300,A,1.0471975511965976,0.3333333333333333,2694,-144.25304946739578,-0.06578693871408198,0.5138203290770116,0.5514361468019618,0.31597477217908887
paper_max_T300,A,1.0471975511965976,0.3333333333333333,2695,-144.30659809025855,-0.0657873254396622,0.5400135608187715,0.5564164862854217,0.0
paper_max_T300,A,1.0471975511965976,0.3333333333333333,2696,-144.36014523087096,-0.06578820201565339,0.5138195039265314,0.5514355423152676,0.3159741438691266
paper_max_T300,A,1.0471975511965976,0.3333333333333333,2697,-144.41368881567723,-0.06578783743729227,0.5400151535869017,0.5564175213227964,0.0
paper_max_T300,A,1.0471975511965976,0.3333333333333333,2698,-144.46723067205488,-0.06578784478201177,0.5138250074562658,0.5514395358141605,0.3159783544671842
paper_max_T300,A,1.0471975511965976,0.3333333333333333,2699,-144.52077314752796,-0.0657875698788003,0.5400221927082338,0.5564221230119403,0.0
paper_max_T300,A,1.0471975511965976,0.3333333333333333,2700,-144.5743189047938,-0.0657880619226977,0.5138327611670197,0.551445172910769,0.3159842807305771
paper_max_T300,A,1.0471975511965976,0.3333333333333333,2701,-144.62786837163947,-0.0657890206244156,0.5400265657947456,0.556424988588426,0.0
paper_max_T300,A,1.0471975511965976,0.3333333333333333,2702,-144.681419397183,-0.06579025376361014,0.5138341746252277,0.5514462060205434,0.3159853581184049
paper_max_T300,A,1.0471975511965976,0.3333333333333333,2703,-144.7349688661804,-0.06579128659979494,0.5400259556556564,0.5564245931827292,0.0
paper_max_T300,A,1.0471975511965976,0.3333333333333333,2704,-144.78851480449947,-0.065791668891309,0.5138339723041924,0.5514460595977488,0.3159852032316869
paper_max_T300,A,1.0471975511965976,0.3333333333333333,2705,-144.84205751305723,-0.06579174865272819,0.5400279366504432,0.556425888266322,0.0
paper_max_T300,A,1.0471975511965976,0.3333333333333333,2706,-144.89559924830075,-0.06579120854524362,0.5138386311188479,0.5514494462340067,0.31598876423206734
paper_max_T300,A,1.0471975511965976,0.3333333333333333,2707,-144.94914315491616,-0.06579153768784796,0.5400323413160426,0.5564287738258845,0.0
paper_max_T300,A,1.0471975511965976,0.3333333333333333,2708,-145.0026896830699,-0.0657915729595997,0.5138412200983927,0.5514513364195637,0.3159907387960206
paper_max_T300,A,1.0471975511965976,0.3333333333333333,2709,-145.0562384345909,-0.06579272810847903,0.5400310689661414,0.5564279515435502,0.0
paper_max_T300,A,1.0471975511965976,0.3333333333333333,2710,-145.10978614450693,-0.06579304863489233,0.5138362994381798,0.5514477680923762,0.3159869731571388
paper_max_T300,A,1.0471975511965976,0.3333333333333333,2711,-145.16333100499156,-0.06579352609993999,0.5400257998724947,0.5564245084858376,0.0
paper_max_T300,A,1.0471975511965976,0.3333333333333333,2712,-145.21687218220353,-0.06579272987385876,0.5138319180856978,0.5514445832677357,0.3159836241074184
paper_max_T300,A,1.0471975511965976,0.3333333333333333,2713,-145.27041149906836,-0.06579213141148399,0.540024421654467,0.5564236051382178,0.0
paper_max_T300,A,1.0471975511965976,0.3333333333333333,2714,-145.32395097686128,-0.06579090513712832,0.5138321806382526,0.5514447745736338,0.3159838244841735
paper_max_T300,A,1.0471975511965976,0.3333333333333333,2715,-145.3774930931623,-0.06579072653861734,0.5400240959990227,0.5564233961310548,0.0
paper_max_T300,A,1.0471975511965976,0.3333333333333333,2716,-145.4310373997476,-0.0657904717644126,0.5138289549427364,0.5514424361337039,0.3159813555912755
paper_max_T300,A,1.0471975511965976,0.3333333333333333,2717,-145.4845828423347,-0.06579076750980883,0.5400183780938662,0.5564196603811293,0.0
paper_max_T300,A,1.0471975511965976,0.3333333333333333,2718,-145.53812700003994,-0.06579068069183408,0.5138209350192239,0.5514366071586113,0.31597522491070484
paper_max_T300,A,1.0471975511965976,0.3333333333333333,2719,-145.5916682728738,-0.0657899947378664,0.5400124743412256,0.5564157932295288,0.0
paper_max_T300,A,1.0471975511965976,0.3333333333333333,2720,-145.64520715297937,-0.06578903847786544,0.5138176853578967,0.5514342374706911,0.31597274479352566
paper_max_T300,A,1.0471975511965976,0.3333333333333333,2721,-145.6987452412501,-0.06578774019937672,0.5400127314180624,0.5564159545888433,0.0
paper_max_T300,A,1.0471975511965976,0.3333333333333333,2722,-145.75228516202486,-0.06578710820183292,0.5138195911934332,0.5514356191336105,0.31597420361309103
paper_max_T300,A,1.0471975511965976,0.3333333333333333,2723,-145.80582833143706,-0.06578673109642225,0.5400135208982038,0.5564164707836438,0.0
paper_max_T300,A,1.0471975511965976,0.3333333333333333,2724,-145.8593744969781,-0.06578732973782214,0.5138179627776179,0.5514344357030949,0.31597295873665193
paper_max_T300,A,1.0471975511965976,0.3333333333333333,2725,-145.91292116563477,-0.06578736236919669,0.5400104102673126,0.5564144334011245,0.0
paper_max_T300,A,1.0471975511965976,0.3333333333333333,2726,-145.96646649102405,-0.06578787331254471,0.5138148897029216,0.5514321958049941,0.3159706128411821
paper_max_T300,A,1.0471975511965976,0.3333333333333333,2727,-146.02000854526932,-0.06578708095035224,0.5400103316835371,0.5564143730300415,0.0
paper_max_T300,A,1.0471975511965976,0.3333333333333333,2728,-146.0735491913402,-0.06578687999105026,0.5138187986199211,0.5514350281595729,0.3159736055882236
paper_max_T300,A,1.0471975511965976,0.3333333333333333,2729,-146.12709045909298,-0.06578619773704902,0.5400162103633883,0.5564182133973196,0.0
paper_max_T300,A,1.0471975511965976,0.3333333333333333,2730,-146.18063516312066,-0.06578666301668196,0.513825567182841,0.5514399465858096,0.3159787802339128
paper_max_T300,A,1.0471975511965976,0.3333333333333333,2731,-146.2341835529689,-0.06578723511383794,0.540020115227619,0.5564207695796028,0.0
paper_max_T300,A,1.0471975511965976,0.3333333333333333,2732,-146.28773398571997,-0.06578856435969305,0.5138270364176041,0.5514410166246281,0.3159799021193571
paper_max_T300,A,1.0471975511965976,0.3333333333333333,2733,-146.34128307623695,-0.06578926202029267,0.5400201187291005,0.5564207718559879,0.0
paper_max_T300,A,1.0471975511965976,0.3333333333333333,2734,-146.39482917432701,-0.06578986721412322,0.513828119740849,0.5514418013719303,0.31598073170044483
paper_max_T300,A,1.0471975511965976,0.3333333333333333,2735,-146.4483721094781,-0.06578977016217302,0.5400236163811016,0.556423056550897,0.0
paper_max_T300,A,1.0471975511965976,0.3333333333333333,2736,-146.50191447070267,-0.06578960671997691,0.5138347751526101,0.5514466371146283,0.3159858200959588
paper_max_T300,A,1.0471975511965976,0.3333333333333333,2737,-146.55545913886823,-0.06578995122266196,0.5400299227164798,0.5564271844044141,0.0
paper_max_T300,A,1.0471975511965976,0.3333333333333333,2738,-146.60900693905353,-0.06579043463857936,0.5138396678258037,0.5514502000249214,0.31598955649479527
paper_max_T300,A,1.0471975511965976,0.3333333333333333,2739,-146.66255711992545,-0.06579173216388456,0.5400308301549737,0.5564277865881606,0.0
paper_max_T300,A,1.0471975511965976,0.3333333333333333,2740,-146.7161064444179,-0.06579245862920857,0.5138374032794046,0.5514485614485373,0.3159878216250654
paper_max_T300,A,1.0471975511965976,0.3333333333333333,2741,-146.76965275903285,-0.0657931892066082,0.5400279889694715,0.5564259319468522,0.0
paper_max_T300,A,1.0471975511965976,0.3333333333333333,2742,-146.82319531475008,-0.06579274145782688,0.5138357102576054,0.5514473315747201,0.31598652712886643
paper_max_T300,A,1.0471975511965976,0.3333333333333333,2743,-146.87673607624333,-0.06579253326076384,0.5400287355203176,0.5564264202598078,0.0
paper_max_T300,A,1.0471975511965976,0.3333333333333333,2744,-146.93027714437136,-0.0657915926449944,0.5138379475126811,0.5514489601617253,0.3159882359262972
paper_max_T300,A,1.0471975511965976,0.3333333333333333,2745,-146.98382104457727,-0.06579187034100942,0.5400297129240387,0.5564270657837488,0.0
paper_max_T300,A,1.0471975511965976,0.3333333333333333,2746,-147.0373668607628,-0.06579174922079944,0.5138357435501121,0.5514473668376374,0.31598654671724696
paper_max_T300,A,1.0471975511965976,0.3333333333333333,2747,-147.0909134543025,-0.06579244611665042,0.5400245606777647,0.5564237029091297,0.0
paper_max_T300,A,1.0471975511965976,0.3333333333333333,2748,-147.14445804367585,-0.06579229082981386,0.5138280193674417,0.5514417559536677,0.31598064051695907
paper_max_T300,A,1.0471975511965976,0.3333333333333333,2749,-147.19799955148136,-0.06579192470856432,0.5400185770577468,0.5564197868369674,0.0
paper_max_T300,A,1.0471975511965976,0.3333333333333333,2750,-147.25153841239802,-0.0657907643037815,0.513824189738513,0.5514389679633689,0.3159777153422067
paper_max_T300,A,1.0471975511965976,0.3333333333333333,2751,-147.30507673178636,-0.06578971204538464,0.5400178231742158,0.5564192897725172,0.0
paper_max_T300,A,1.0471975511965976,0.3333333333333333,2752,-147.35861658282533,-0.06578878857041781,0.5138243803581792,0.5514391057572051,0.31597786149890494
paper_max_T300,A,1.0471975511965976,0.3333333333333333,2753,-147.41215942599177,-0.06578850966974747,0.5400167082169568,0.5564185626040568,0.0
paper_max_T300,A,1.0471975511965976,0.3333333333333333,2754,-147.4657044961159,-0.06578870936120718,0.5138203243418537,0.5514361598738187,0.31597475992323004
paper_max_T300,A,1.0471975511965976,0.3333333333333333,2755,-147.51924971809478,-0.06578863626112796,0.5400113844097737,0.5564150788647577,0.0
paper_max_T300,A,1.0471975511965976,0.3333333333333333,2756,-147.57279333525605,-0.06578868939010746,0.5138147502464828,0.5514321028703115,0.31597050181471165
paper_max_T300,A,1.0471975511965976,0.3333333333333333,2757,-147.6263339163362,-0.06578765164779565,0.5400091264318883,0.5564135928410352,0.0
paper_max_T300,A,1.0471975511965976,0.3333333333333333,2758,-147.6798732116349,-0.06578705941119928,0.5138161836043047,0.5514331356561193,0.3159716022820899
paper_max_T300,A,1.0471975511965976,0.3333333333333333,2759,-147.7334131589783,-0.0657860586056574,0.5400128347084264,0.5564160127789608,0.0
paper_max_T300,A,1.0471975511965976,0.3333333333333333,2760,-147.78695637720148,-0.06578624664697769,0.5138205962552527,0.5514363406080688,0.31597497667017416
paper_max_T300,A,1.0471975511965976,0.3333333333333333,2761,-147.8405030663589,-0.06578641523646261,0.54001491214754,0.5564173717800093,0.0
paper_max_T300,A,1.0471975511965976,0.3333333333333333,2762,-147.89405193596343,-0.06578755894871613,0.5138204543647182,0.5514362370469226,0.315974868338176
paper_max_T300,A,1.0471975511965976,0.3333333333333333,2763,-147.94759964372395,-0.06578780395862044,0.5400140013196312,0.556416772758588,0.0
paper_max_T300,A,1.0471975511965976,0.3333333333333333,2764,-148.00114488377818,-0.06578836015636225,0.5138210760774171,0.5514366830615491,0.315975346695763
paper_max_T300,A,1.0471975511965976,0.3333333333333333,2765,-148.0546871274713,-0.06578788419596188,0.5400175206016706,0.5564190686140056,0.0
paper_max_T300,A,1.0471975511965976,0.3333333333333333,2766,-148.10822917460268,-0.06578787090829485,0.5138281426242451,0.5514418148568708,0.315980750880444
paper_max_T300,A,1.0471975511965976,0.3333333333333333,2767,-148.1617735522326,-0.06578796974344492,0.5400244836553173,0.556423623460165,0.0
paper_max_T300,A,1.0471975511965976,0.3333333333333333,2768,-148.21532154370038,-0.06578874993705314,0.513834149548178,0.5514461847485859,0.31598534056029537
paper_max_T300,A,1.0471975511965976,0.3333333333333333,2769,-148.26887209802078,-0.06578990714731237,0.5400267552769328,0.5564251150308209,0.0
paper_max_T300,A,1.0471975511965976,0.3333333333333333,2770,-148.322422297971,-0.06579098635218794,0.5138339077683383,0.5514460136788938,0.3159851532975169
paper_max_T300,A,1.0471975511965976,0.3333333333333333,2771,-148.3759695173665,-0.06579170706397014,0.5400260556674499,0.5564246593385836,0.0
paper_max_T300,A,1.0471975511965976,0.3333333333333333,2772,-148.42951320507296,-0.06579166089501387,0.5138348977382672,0.5514467327441,0.31598591037854484
paper_max_T300,A,1.0471975511965976,0.3333333333333333,2773,-148.48305513130106,-0.06579163451388326,0.5400292033538202,0.5564267181281939,0.0
paper_max_T300,A,1.0471975511965976,0.3333333333333333,2774,-148.5365976946876,-0.06579112892162553,0.5138397383555802,0.5514502536164129,0.31598960920673547
paper_max_T300,A,1.0471975511965976,0.3333333333333333,2775,-148.59014332609405,-0.06579173579893516,0.5400322962814833,0.5564287478635106,0.0
paper_max_T300,A,1.0471975511965976,0.3333333333333333,2776,-148.64369100756142,-0.06579197262906045,0.5138397434583777,0.5514502666114822,0.31598960822213906
paper_max_T300,A,1.0471975511965976,0.3333333333333333,2777,-148.69723931056615,-0.06579304422563914,0.540028947051203,0.5564265656775731,0.0
paper_max_T300,A,1.0471975511965976,0.3333333333333333,2778,-148.75078519486289,-0.06579309106828252,0.5138338862256433,0.5514460146072425,0.31598512818321856
paper_max_T300,A,1.0471975511965976,0.3333333333333333,2779,-148.80432776725115,-0.06579312391668807,0.5400243604830886,0.5564235661381359,0.0
paper_max_T300,A,1.0471975511965976,0.3333333333333333,2780,-148.85786748509292,-0.06579203865037764,0.5138312025607898,0.5514440624645125,0.31598307748704046
paper_max_T300,A,1.0471975511965976,0.3333333333333333,2781,-148.91140689351334,-0.06579140372167258,0.540024107688104,0.5564233998496485,0.0
paper_max_T300,A,1.0471975511965976,0.3333333333333333,2782,-148.964947681097,-0.06579043556093406,0.5138313312244603,0.5514441583081519,0.31598317460339664
paper_max_T300,A,1.0471975511965976,0.3333333333333333,2783,-149.01849133557772,-0.06579049345541332,0.5400224394672843,0.556422313734753,0.0
paper_max_T300,A,1.0471975511965976,0.3333333333333333,2784,-149.07203644943314,-0.0657904750641955,0.5138262082039908,0.5514404398796943,0.3159792558527249
paper_max_T300,A,1.0471975511965976,0.3333333333333333,2785,-149.12558126366406,-0.06579057139800093,0.5400159031437627,0.5564180396787695,0.0
paper_max_T300,A,1.0471975511965976,0.3333333333333333,2786,-149.17912392050278,-0.06579025916671721,0.5138190000165095,0.5514351976560856,0.3159737473309452
paper_max_T300,A,1.0471975511965976,0.3333333333333333,2787,-149.23266366983273,-0.06578925011708608,0.5400119656417177,0.556415456971162,0.0
paper_max_T300,A,1.0471975511965976,0.3333333333333333,2788,-149.2862020753093,-0.06578825691379986,0.5138182065991405,0.5514346136526737,0.31597314465516885
paper_max_T300,A,1.0471975511965976,0.3333333333333333,2789,-149.33974122481771,-0.06578717010445828,0.540013440377209,0.5564164170306931,0.0
paper_max_T300,A,1.0471975511965976,0.3333333333333333,2790,-149.39328323667206,-0.06578696850411708,0.5138198755620172,0.5514358252445392,0.3159744213029708
paper_max_T300,A,1.0471975511965976,0.3333333333333333,2791,-149.44682836214565,-0.06578689260004311,0.5400130856490183,0.5564161852481129,0.0
paper_max_T300,A,1.0471975511965976,0.3333333333333333,2792,-149.5003753572616,-0.06578765301311101,0.5138171557302246,0.5514338473415102,0.31597234269976304
paper_max_T300,A,1.0471975511965976,0.3333333333333333,2793,-149.5539212295035,-0.06578751152177276,0.5400101905908432,0.5564142868074841,0.0
paper_max_T300,A,1.0471975511965976,0.3333333333333333,2794,-149.60746493616114,-0.06578776492584038,0.5138158897907597,0.5514329195051113,0.31597137901277317
paper_max_T300,A,1.0471975511965976,0.3333333333333333,2795,-149.66100588689915,-0.06578687380320436,0.5400123358260365,0.5564156816991768,0.0
paper_max_T300,A,1.0471975511965976,0.3333333333333333,2796,-149.71454688309416,-0.06578673410965824,0.5138216811997027,0.5514371223369436,0.31597580961155824
paper_max_T300,A,1.0471975511965976,0.3333333333333333,2797,-149.76809013839988,-0.06578645148348783,0.5400184383859926,0.5564196713699919,0.0
paper_max_T300,A,1.0471975511965976,0.3333333333333333,2798,-149.821637241343,-0.06578726605752916,0.5138271046291973,0.5514410653076324,0.3159799547790265
paper_max_T300,A,1.0471975511965976,0.3333333333333333,2799,-149.87518698885833,-0.06578806770663226,0.5400206527918378,0.556421122230837,0.0
paper_max_T300,A,1.0471975511965976,0.3333333333333333,2800,-149.92873693360792,-0.06578928992333333,0.5138274072775275,0.5514412864684545,0.31598018545944806
paper_max_T300,A,1.0471975511965976,0.3333333333333333,2801,-149.98228407797,-0.06578973815678335,0.540020953564014,0.5564213176910477,0.0
paper_max_T300,A,1.0471975511965976,0.3333333333333333,2802,-150.0358281336301,-0.06578996630125106,0.513830011247395,0.551443175979858,0.31598217772540665
paper_max_T300,A,1.0471975511965976,0.3333333333333333,2803,-150.08937046660128,-0.06578984663668896,0.5400257940729813,0.556424481938273,0.0
paper_max_T300,A,1.0471975511965976,0.3333333333333333,2804,-150.14291385246645,-0.06578974625275791,0.5138369494998614,0.5514482197967809,0.3159874809546104
paper_max_T300,A,1.0471975511965976,0.3333333333333333,2805,-150.19646049862223,-0.06579043098845172,0.5400308369595702,0.5564277857702298,0.0
paper_max_T300,A,1.0471975511965976,0.3333333333333333,2806,-150.25000963791774,-0.06579109694087276,0.5138393024565208,0.5514499379566845,0.31598927535878796
paper_max_T300,A,1.0471975511965976,0.3333333333333333,2807,-150.3035594433233,-0.06579235233604896,0.5400296914639736,0.556427044267642,0.0
paper_max_T300,A,1.0471975511965976,0.3333333333333333,2808,-150.35710683963788,-0.06579276591829802,0.513836065311575,0.5514475901956419,0.3159867982336235
paper_max_T300,A,1.0471975511965976,0.3333333333333333,2809,-150.4106507566192,-0.06579309492509988,0.5400273992240955,0.5564255464487348,0.0
paper_max_T300,A,1.0471975511965976,0.3333333333333333,2810,-150.4641917902415,-0.06579231971320809,0.5138357791558259,0.5514473820878778,0.31598657952413495
paper_max_T300,A,1.0471975511965976,0.3333333333333333,2811,-150.5177326995768,-0.06579209919031526,0.5400289170589652,0.5564265403192007,0.0
paper_max_T300,A,1.0471975511965976,0.3333333333333333,2812,-150.57127508141863,-0.06579135644896361,0.5138374333914163,0.5514485888769058,0.3159878416548684
paper_max_T300,A,1.0471975511965976,0.3333333333333333,2813,-150.62482036653503,-0.06579184738025001,0.5400281738223711,0.5564260615207639,0.0
paper_max_T300,A,1.0471975511965976,0.3333333333333333,2814,-150.67836661025365,-0.06579187945991338,0.5138329545145176,0.5514453412322586,0.31598441393134036
paper_max_T300,A,1.0471975511965976,0.3333333333333333,2815,-150.7319121313915,-0.06579232953190767,0.5400219035231077,0.5564219644360424,0.0
paper_max_T300,A,1.0471975511965976,0.3333333333333333,2816,-150.78545487675393,-0.06579188411685838,0.513825696649836,0.5514400659651569,0.3159788658752998
paper_max_T300,A,1.0471975511965976,0.3333333333333333,2817,-150.8389947253189,-0.06579115083148396,0.5400175486797901,0.5564191117495378,0.0
paper_max_T300,A,1.0471975511965976,0.3333333333333333,2818,-150.89253308783083,-0.06578991923908711,0.5138239101822963,0.5514387630882498,0.315977502517525
paper_max_T300,A,1.0471975511965976,0.3333333333333333,2819,-150.94607235890336,-0.06578901946367094,0.5400176676364299,0.5564191874570523,0.0
paper_max_T300,A,1.0471975511965976,0.3333333333333333,2820,-150.99961401910582,-0.06578849681105381,0.5138235630866407,0.5514385117395573,0.3159772367848064
paper_max_T300,A,1.0471975511965976,0.3333333333333333,2821,-151.05315839659306,-0.06578843774392878,0.5400152644503378,0.5564176176676888,0.0
paper_max_T300,A,1.0471975511965976,0.3333333333333333,2822,-151.10670397077988,-0.06578878179257797,0.5138183892909449,0.551434751646746,0.31597328162768534
paper_max_T300,A,1.0471975511965976,0.3333333333333333,2823,-151.16024827441908,-0.06578846975147606,0.5400102143671055,0.5564143102578931,0.0
paper_max_T300,A,1.0471975511965976,0.3333333333333333,2824,-151.21379038883296,-0.06578829213428627,0.5138147252783531,0.5514320810142693,0.315970484661593
paper_max_T300,A,1.0471975511965976,0.3333333333333333,2825,-151.26733001219964,-0.06578712598707953,0.5400102759003126,0.5564143417203053,0.0
paper_max_T300,A,1.0471975511965976,0.3333333333333333,2826,-151.32086973790663,-0.06578665246558457,0.5138181698870334,0.5514345775582605,0.31597312160139424
paper_max_T300,A,1.0471975511965976,0.3333333333333333,2827,-151.37441160820907,-0.06578603118252968,0.5400143792555083,0.5564170226762821,0.0
paper_max_T300,A,1.0471975511965976,0.3333333333333333,2828,-151.427957196655,-0.06578662110068006,0.5138215409629678,0.5514370272620971,0.31597569878276865
paper_max_T300,A,1.0471975511965976,0.3333333333333333,2829,-151.48150532809728,-0.06578700809257998,0.5400151339479865,0.5564175164190682,0.0
paper_max_T300,A,1.0471975511965976,0.3333333333333333,2830,-151.5350539821251,-0.06578810084651593,0.5138207216650215,0.5514364301089166,0.3159750732877912
paper_max_T300,A,1.0471975511965976,0.3333333333333333,2831,-151.5886000740116,-0.06578812605155332,0.5400149513803038,0.5564173925397954,0.0
paper_max_T300,A,1.0471975511965976,0.3333333333333333,2832,-151.64214356602574,-0.06578838111623658,0.5138232930054066,0.5514382929476194,0.3159770421448411
paper_max_T300,A,1.0471975511965976,0.3333333333333333,2833,-151.6956854135195,-0.06578794560662526,0.5400201209986538,0.5564207694784543,0.0
paper_max_T300,A,1.0471975511965976,0.3333333333333333,2834,-151.74922867395364,-0.06578805987840586,0.5138309369611279,0.5514438471453312,0.315982886222839
paper_max_T300,A,1.0471975511965976,0.3333333333333333,2835,-151.80277527127055,-0.06578855711616505,0.5400260712989845,0.5564246643650098,0.0
paper_max_T300,A,1.0471975511965976,0.3333333333333333,2836,-151.85632488688847,-0.06578954442081514,0.5138347045593021,0.5514465907741013,0.3159857634148974
paper_max_T300,A,1.0471975511965976,0.3333333333333333,2837,-151.90987533347106,-0.06579071420048183,0.5400265530250798,0.556424984672574,0.0
paper_max_T300,A,1.0471975511965976,0.3333333333333333,2838,-151.9634237477893,-0.06579148673019958,0.5138337313218686,0.5514458864083281,0.31598501793189215
paper_max_T300,A,1.0471975511965976,0.3333333333333333,2839,-152.0169686463884,-0.06579187700196354,0.540026510439416,0.5564249572967448,0.0
paper_max_T300,A,1.0471975511965976,0.3333333333333333,2840,-152.07051085835258,-0.06579150465955325,0.5138361016451792,0.5514476086129397,0.315986830204537
paper_max_T300,A,1.0471975511965976,0.3333333333333333,2841,-152.12405306931822,-0.06579152836137481,0.5400302924849355,0.556427432459542,0.0
paper_max_T300,A,1.0471975511965976,0.3333333333333333,2842,-152.17759708011647,-0.06579118899583336,0.5138401302880921,0.5514505415605545,0.31598990716113795
paper_max_T300,A,1.0471975511965976,0.3333333333333333,2843,-152.23114415694306,-0.06579203006926287,0.540031449181081,0.55642819709257,0.0
paper_max_T300,A,1.0471975511965976,0.3333333333333333,2844,-152.28469210769404,-0.06579235167536779,0.5138376229634034,0.5514487279729537,0.31598798593271366
paper_max_T300,A,1.0471975511965976,0.3333333333333333,2845,-152.33823905596685,-0.06579317355537567,0.5400267614191572,0.556425136949228,0.0
paper_max_T300,A,1.0471975511965976,0.3333333333333333,2846,-152.39178278699998,-0.06579286416275587,0.5138319234130263,0.5514445876047996,0.3159836279441717
paper_max_T300,A,1.0471975511965976,0.3333333333333333,2847,-152.44532354870404,-0.0657925232677431,0.5400234528074903,0.5564229714163876,0.0
paper_max_T300,A,1.0471975511965976,0.3333333333333333,2848,-152.49886272596106,-0.06579131411006839,0.5138308049359956,0.5514437731389003,0.31598277367082217
paper_max_T300,A,1.0471975511965976,0.3333333333333333,2849,-152.55240303168554,-0.06579079775399987,0.54002363018702,0.5564230881495628,0.0
paper_max_T300,A,1.0471975511965976,0.3333333333333333,2850,-152.6059453926126,-0.06579016845887836,0.5138299403200337,0.551443148539433,0.3159821107722604
paper_max_T300,A,1.0471975511965976,0.3333333333333333,2851,-152.65949015208025,-0.0657903752636344,0.5400203582900814,0.5564209529024264,0.0
paper_max_T300,A,1.0471975511965976,0.3333333333333333,2852,-152.71303530629027,-0.06579044303748449,0.5138234431619917,0.5514384292684203,0.3159771426537016
paper_max_T300,A,1.0471975511965976,0.3333333333333333,2853,-152.766578887425,-0.0657902299700347,0.540013927270835,0.556416744565941,0.0
paper_max_T300,A,1.0471975511965976,0.3333333333333333,2854,-152.8201199689588,-0.06578966949584258,0.5138179735335366,0.5514344482826645,0.31597296436452477
paper_max_T300,A,1.0471975511965976,0.3333333333333333,2855,-152.87365879565772,-0.06578848028190526,0.5400121586529587,0.5564155803223054,0.0
paper_max_T300,A,1.0471975511965976,0.3333333333333333,2856,-152.92719763145578,-0.06578762071773264,0.5138190464800886,0.5514352223054518,0.3159737876460287
paper_max_T300,A,1.0471975511965976,0.3333333333333333,2857,-152.980738521751,-0.06578685812908625,0.5400139723029945,0.5564167642839934,0.0
paper_max_T300,A,1.0471975511965976,0.3333333333333333,2858,-153.03428267379002,-0.0657870770469941,0.5138197420217442,0.5514357276616191,0.31597431948330307
paper_max_T300,A,1.0471975511965976,0.3333333333333333,2859,-153.08782907540862,-0.06578716614415642,0.540012480500134,0.5564157880990778,0.0
paper_max_T300,A,1.0471975511965976,0.3333333333333333,2860,-153.14137592742094,-0.06578791163306996,0.513816662061753,0.5514334862391158,0.31597196649585074
paper_max_T300,A,1.0471975511965976,0.3333333333333333,2861,-153.19492040582332,-0.0657875359727691,0.5400106295017955,0.5564145709993389,0.0
paper_max_T300,A,1.0471975511965976,0.3333333333333333,2862,-153.24846264256286,-0.06578755968529415,0.5138176918923769,0.5514342266841649,0.31597275798629776
paper_max_T300,A,1.0471975511965976,0.3333333333333333,2863,-153.30200336955082,-0.06578673142026081,0.540014705795501,0.5564172306692456,0.0
paper_max_T300,A,1.0471975511965976,0.3333333333333333,2864,-153.355545695051,-0.06578679503796919,0.5138243795001188,0.5514390835824388,0.31597787221588214
paper_max_T300,A,1.0471975511965976,0.3333333333333333,2865,-153.40909128899102,-0.0657869380147329,0.5400201136846159,0.5564207683080398,0.0
paper_max_T300,A,1.0471975511965976,0.3333333333333333,2866,-153.4626402504084,-0.06578801082792729,0.5138279883014001,0.551441708832073,0.31598062958082224
paper_max_T300,A,1.0471975511965976,0.3333333333333333,2867,-153.51619020407216,-0.06578886358354391,0.5400209469750179,0.5564213153086529,0.0
paper_max_T300,A,1.0471975511965976,0.3333333333333333,2868,-153.56973866720176,-0.06578982365914543,0.5138280016245452,0.5514417183783225,0.3159806398513551
paper_max_T300,A,1.0471975511965976,0.3333333333333333,2869,-153.62328372478459,-0.06579001249926886,0.5400222158254009,0.5564221431757433,0.0
paper_max_T300,A,1.0471975511965976,0.3333333333333333,2870,-153.6768264646064,-0.06578995933157994,0.5138322138223962,0.551444777238901,0.31598386122297684
paper_max_T300,A,1.0471975511965976,0.3333333333333333,2871,-153.73036926867718,-0.0657899674638423,0.5400277921584347,0.5564257906068112,0.0
paper_max_T300,A,1.0471975511965976,0.3333333333333333,2872,-153.783914317425,-0.06579004452615,0.5138383886323381,0.5514492687042,0.31598857948808146
paper_max_T300,A,1.0471975511965976,0.3333333333333333,2873,-153.83746263473006,-0.06579101403616455,0.5400309234450485,0.5564278456815048,0.0
paper_max_T300,A,1.0471975511965976,0.3333333333333333,2874,-153.8910121319826,-0.06579173376765163,0.5138382481417025,0.5514491745029847,0.3159884679357403
paper_max_T300,A,1.0471975511965976,0.3333333333333333,2875,-153.94456054590202,-0.06579277679347884,0.5400284216406099,0.5564262152342618,0.0
paper_max_T300,A,1.0471975511965976,0.3333333333333333,2876,-153.99810563783691,-0.06579279452183018,0.5138350563914676,0.55144685739501,0.31598602672589793
paper_max_T300,A,1.0471975511965976,0.3333333333333333,2877,-154.0516476684857,-0.06579278731689192,0.5400271955929947,0.5564254133863198,0.0
paper_max_T300,A,1.0471975511965976,0.3333333333333333,2878,-154.1051881606835,-0.06579184631078783,0.5138359731156357,0.551447523913778,0.3159867273017738
paper_max_T300,A,1.0471975511965976,0.3333333333333333,2879,-154.15873001634225,-0.06579175214583433,0.5400287630095932,0.5564264413705049,0.0
paper_max_T300,A,1.0471975511965976,0.3333333333333333,2880,-154.2122738751578,-0.06579128054617933,0.5138362000643591,0.55144769488374,0.315986897613198
paper_max_T300,A,1.0471975511965976,0.3333333333333333,2881,-154.26581997494685,-0.06579188419118848,0.5400260743835085,0.5564246900375469,0.0
paper_max_T300,A,1.0471975511965976,0.3333333333333333,2882,-154.31936581846645,-0.06579192372727949,0.5138300084182987,0.5514432003339841,0.31598216166453086
paper_max_T300,A,1.0471975511965976,0.3333333333333333,2883,-154.37290972433692,-0.06579201683271324,0.5400196250392701,0.5564204726291524,0.0
paper_max_T300,A,1.0471975511965976,0.3333333333333333,2884,-154.4264506901856,-0.06579127249352362,0.5138241421756393,0.5514389339597199,0.3159776787016978
paper_max_T300,A,1.0471975511965976,0.3333333333333333,2885,-154.4799895710808,-0.06579031402974811,0.540017103093523,0.5564188182646749,0.0
paper_max_T300,A,1.0471975511965976,0.3333333333333333,2886,-154.53352831979308,-0.06578918894995633,0.513823840219876,0.5514387112243496,0.315977449579695
paper_max_T300,A,1.0471975511965976,0.3333333333333333,2887,-154.58706911478802,-0.06578854812389667,0.5400172801410934,0.5564189338439125,0.0
paper_max_T300,A,1.0471975511965976,0.3333333333333333,2888,-154.64061255972916,-0.06578842050127442,0.5138223216174181,0.5514376092312184,0.31597628787926657
paper_max_T300,A,1.0471975511965976,0.3333333333333333,2889,-154.6941578365342,-0.06578844886688334,0.5400136877493813,0.556416585048056,0.0
paper_max_T300,A,1.0471975511965976,0.3333333333333333,2890,-154.7477030934823,-0.06578877452532872,0.5138168393073823,0.5514336225628785,0.3159720980667837
paper_max_T300,A,1.0471975511965976,0.3333333333333333,2891,-154.80124603526656,-0.06578817839542395,0.5400097761488301,0.5564140201698258,0.0
paper_max_T300,A,1.0471975511965976,0.3333333333333333,2892,-154.85478685425173,-0.06578781202656064,0.5138155909360703,0.5514327069404972,0.31597114810792637
paper_max_T300,A,1.0471975511965976,0.3333333333333333,2893,-154.90832635207676,-0.06578668815988209,0.5400118808208295,0.5564153894836904,0.0
paper_max_T300,A,1.0471975511965976,0.3333333333333333,2894,-154.9618674162611,-0.06578647601819038,0.5138201013933958,0.5514359805728732,0.31597459854776977
paper_max_T300,A,1.0471975511965976,0.3333333333333333,2895,-155.01541156079583,-0.06578626384755171,0.540015516924411,0.556417766842535,0.0
paper_max_T300,A,1.0471975511965976,0.3333333333333333,2896,-155.06895906446331,-0.06578716183897892,0.5138220274569274,0.5514373807931963,0.31597607066177186
paper_max_T300,A,1.0471975511965976,0.3333333333333333,2897,-155.1225076006101,-0.06578760093265906,0.5400152927377531,0.5564176194860994,0.0
paper_max_T300,A,1.0471975511965976,0.3333333333333333,2898,-155.17605509435998,-0.06578849144932952,0.5138214015642453,0.5514369228195914,0.3159755937865123
paper_max_T300,A,1.0471975511965976,0.3333333333333333,2899,-155.22959939981214,-0.06578830115507811,0.5400164669473133,0.5564183825170499,0.0
paper_max_T300,A,1.0471975511965976,0.3333333333333333,2900,-155.28314180461356,-0.0657883484597207,0.5138259442101303,0.5514402192257576,0.3159790691593256
paper_max_T300,A,1.0471975511965976,0.3333333333333333,2901,-155.33668430249992,-0.0657881048068562,0.5400226310841698,0.5564224121709663,0.0
paper_max_T300,A,1.0471975511965976,0.3333333333333333,2902,-155.3902294366194,-0.06578844588005045,0.5138330889132199,0.5514454132439573,0.3159845301275077
paper_max_T300,A,1.0471975511965976,0.3333333333333333,2903,-155.443777978166,-0.06578928123900107,0.5400269085814118,0.5564252145741962,0.0
paper_max_T300,A,1.0471975511965976,0.3333333333333333,2904,-155.4973282110173,-0.06579033477219853,0.5138346424357905,0.5514465478337073,0.31598571476105575
paper_max_T300,A,1.0471975511965976,0.3333333333333333,2905,-155.55087745647893,-0.06579134869630882,0.5400262515339042,0.5564247887717684,0.0
paper_max_T300,A,1.0471975511965976,0.3333333333333333,2906,-155.60442362748012,-0.06579172812958545,0.5138338678466171,0.5514459861833324,0.31598512202535206
paper_max_T300,A,1.0471975511965976,0.3333333333333333,2907,-155.65796669258447,-0.06579185144822508,0.5400272892843531,0.5564254673036455,0.0
paper_max_T300,A,1.0471975511965976,0.3333333333333333,2908,-155.71150843899113,-0.0657913057815766,0.5138373191810183,0.5514484949203015,0.31598776015594887
paper_max_T300,A,1.0471975511965976,0.3333333333333333,2909,-155.76505174943958,-0.06579150335569756,0.540030931189694,0.5564278527110712,0.0
paper_max_T300,A,1.0471975511965976,0.3333333333333333,2910,-155.8185973135778,-0.06579138964154635,0.5138396708125238,0.5514502107864769,0.31598955424743835
paper_max_T300,A,1.0471975511965976,0.3333333333333333,2911,-155.87214514034162,-0.06579235063924582,0.5400299271893205,0.5564272042826763,0.0
paper_max_T300,A,1.0471975511965976,0.3333333333333333,2912,-155.9256924213152,-0.065792608990426,0.5138352079868349,0.5514469742443641,0.3159861390824924
paper_max_T300,A,1.0471975511965976,0.3333333333333333,2913,-155.97923745278752,-0.06579306730582413,0.5400248157478629,0.556423864168168,0.0
paper_max_T300,A,1.0471975511965976,0.3333333333333333,2914,-156.03277917636257,-0.06579240019469906,0.5138305469148683,0.5514435862961043,0.315982576120992
paper_max_T300,A,1.0471975511965976,0.3333333333333333,2915,-156.0863189078315,-0.06579182082161583,0.5400229558724023,0.5564226456081174,0.0
paper_max_T300,A,1.0471975511965976,0.3333333333333333,2916,-156.13985843912405,-0.0657906672092543,0.5138304308745798,0.5514435014714674,0.31598248760977216
paper_max_T300,A,1.0471975511965976,0.3333333333333333,2917,-156.19340011509323,-0.06579036299038282,0.5400227853862399,0.5564225364904887,0.0
paper_max_T300,A,1.0471975511965976,0.3333333333333333,2918,-156.2469439073945,-0.06579006796082132,0.5138280156668499,0.5514417504936533,0.3159806391041511
paper_max_T300,A,1.0471975511965976,0.3333333333333333,2919,-156.3004891048433,-0.06579028838467915,0.5400180825623044,0.5564194638893571,0.0
paper_max_T300,A,1.0471975511965976,0.3333333333333333,2920,-156.35403357818376,-0.06579029305518874,0.5138210181911803,0.5514366648747023,0.3159752898980388
paper_max_T300,A,1.0471975511965976,0.3333333333333333,2921,-156.40757564118496,-0.06578973395547189,0.5400126536628485,0.5564159083932364,0.0
paper_max_T300,A,1.0471975511965976,0.3333333333333333,2922,-156.4611154610672,-0.06578898308644704,0.5138178142867763,0.551434329495758,0.31597284421876703
paper_max_T300,A,1.0471975511965976,0.3333333333333333,2923,-156.5146541820377,-0.06578778852817146,0.5400128059353655,0.5564160016345794,0.0
paper_max_T300,A,1.0471975511965976,0.3333333333333333,2924,-156.5681942714594,-0.06578721004844396,0.5138198702628858,0.5514358200133109,0.3159744179328918
paper_max_T300,A,1.0471975511965976,0.3333333333333333,2925,-156.6217372041637,-0.06578680256327774,0.5400141761493853,0.5564168971752175,0.0
paper_max_T300,A,1.0471975511965976,0.3333333333333333,2926,-156.67528309918922,-0.06578735168075978,0.5138192864840344,0.5514353957792436,0.31597397164210944
paper_max_T300,A,1.0471975511965976,0.3333333333333333,2927,-156.72882988085922,-0.0657874518669549,0.5400119567739572,0.556415443708864,0.0
paper_max_T300,A,1.0471975511965976,0.3333333333333333,2928,-156.78237576825285,-0.06578804186749382,0.5138167497943753,0.5514335474333111,0.31597203489535497
paper_max_T300,A,1.0471975511965976,0.3333333333333333,2929,-156.83591871595243,-0.0657874529781372,0.5400117732280673,0.5564153165740532,0.0
paper_max_T300,A,1.0471975511965976,0.3333333333333333,2930,-156.8894600920625,-0.06578734450684531,0.5138200752286627,0.5514359571374448,0.3159745808402855
paper_max_T300,A,1.0471975511965976,0.3333333333333333,2931,-156.94300158659956,-0.06578673609614566,0.5400171144767874,0.5564188059273787,0.0
paper_max_T300,A,1.0471975511965976,0.3333333333333333,2932,-156.9965459045045,-0.06578709291449392,0.513826592748253,0.5514406930180806,0.31597956362785995
paper_max_T300,A,1.0471975511965976,0.3333333333333333,2933,-157.0500936258813,-0.0657876028915712,0.5400211871611611,0.5564214717483182,0.0
paper_max_T300,A,1.0471975511965976,0.3333333333333333,2934,-157.10364349021256,-0.06578878518536557,0.5138284205938208,0.5514420240010834,0.3159809595041405
paper_max_T300,A,1.0471975511965976,0.3333333333333333,2935,-157.15719255120226,-0.06578952943361821,0.5400212652458166,0.5564215237632648,0.0
paper_max_T300,A,1.0471975511965976,0.3333333333333333,2936,-157.21073900988222,-0.06579013905217546,0.5138290036410018,0.5514424464391285,0.31598140596035557
paper_max_T300,A,1.0471975511965976,0.3333333333333333,2937,-157.2642824100738,-0.06579013643079012,0.5400238409345692,0.5564232063300807,0.0
paper_max_T300,A,1.0471975511965976,0.3333333333333333,2938,-157.31782483325227,-0.06578994479493533,0.5138344330806102,0.5514463913342883,0.3159855570796865
paper_max_T300,A,1.0471975511965976,0.3333333333333333,2939,-157.3713689461132,-0.06579019494121985,0.5400293220727522,0.5564267936922289,0.0
paper_max_T300,A,1.0471975511965976,0.3333333333333333,2940,-157.42491575610043,-0.06579049180675944,0.5138389456450129,0.5514496767103297,0.3159890035967473
paper_max_T300,A,1.0471975511965976,0.3333333333333333,2941,-157.4784649759689,-0.06579162175331743,0.5400302985529406,0.5564274398805942,0.0
paper_max_T300,A,1.0471975511965976,0.3333333333333333,2942,-157.53201377898458,-0.06579223985564231,0.5138368344203263,0.5514481489832805,0.3159873862235645
paper_max_T300,A,1.0471975511965976,0.3333333333333333,2943,-157.58556016433607,-0.06579295392372397,0.5400273009368657,0.5564254829163164,0.0
paper_max_T300,A,1.0471975511965976,0.3333333333333333,2944,-157.63910310833128,-0.06579257490699286,0.5138344867273025,0.5514464435032663,0.3159855911602091
paper_max_T300,A,1.0471975511965976,0.3333333333333333,2945,-157.692644093143,-0.06579235818966717,0.5400272437528931,0.5564254452498596,0.0
paper_max_T300,A,1.0471975511965976,0.3333333333333333,2946,-157.7461849678795,-0.0657914255196636,0.5138359988539504,0.5514475439722255,0.3159867462382322
paper_max_T300,A,1.0471975511965976,0.3333333333333333,2947,-157.79972817381082,-0.06579153454812126,0.5400280829642526,0.5564259986178546,0.0
paper_max_T300,A,1.0471975511965976,0.3333333333333333,2948,-157.85327323800408,-0.06579132468076909,0.5138342762673523,0.5514462986634708,0.3159854259685517
paper_max_T300,A,1.0471975511965976,0.3333333333333333,2949,-157.9068193881183,-0.06579189742226194,0.5400236602892,0.5564231117537082,0.0
paper_max_T300,A,1.0471975511965976,0.3333333333333333,2950,-157.96036413111403,-0.06579180403121249,0.5138272740385219,0.5514412122439243,0.31598007178150467
paper_max_T300,A,1.0471975511965976,0.3333333333333333,2951,-158.01390625401785,-0.06579150523528693,0.5400179341472431,0.5564193645582145,0.0
paper_max_T300,A,1.0471975511965976,0.3333333333333333,2952,-158.0674458760647,-0.06579053282861502,0.5138233255558997,0.5514383383123017,0.31597705553706623
paper_max_T300,A,1.0471975511965976,0.3333333333333333,2953,-158.1209846251033,-0.06578952115318071,0.5400170125994255,0.5564187576781171,0.0
paper_max_T300,A,1.0471975511965976,0.3333333333333333,2954,-158.1745245033906,-0.06578865462461347,0.5138236798573741,0.5514385942208908,0.31597732725281735
paper_max_T300,A,1.0471975511965976,0.3333333333333333,2955,-158.22806702736708,-0.06578829920211526,0.5400165452744368,0.5564184530625518,0.0
paper_max_T300,A,1.0471975511965976,0.3333333333333333,2956,-158.28161185830538,-0.0657884824434023,0.5138207878425216,0.5514364937802751,0.3159751157642734
paper_max_T300,A,1.0471975511965976,0.3333333333333333,2957,-158.33515725539291,-0.06578845268001932,0.5400122504777541,0.5564156428954021,0.0
paper_max_T300,A,1.0471975511965976,0.3333333333333333,2958,-158.38870153409368,-0.06578863469268459,0.5138159536550351,0.5514329758776367,0.3159714225835256
paper_max_T300,A,1.0471975511965976,0.3333333333333333,2959,-158.4422430723402,-0.06578778986000544,0.5400101203699365,0.5564142421367646,0.0
paper_max_T300,A,1.0471975511965976,0.3333333333333333,2960,-158.49578319129427,-0.06578734220355514,0.5138171336555539,0.551433825722171,0.3159723287353776
paper_max_T300,A,1.0471975511965976,0.3333333333333333,2961,-158.54932348418635,-0.0657864236132773,0.5400136265323792,0.5564165302655166,0.0
paper_max_T300,A,1.0471975511965976,0.3333333333333333,2962,-158.60286651735763,-0.06578656019570855,0.5138216957797773,0.551437139214985,0.3159758174275199
paper_max_T300,A,1.0471975511965976,0.3333333333333333,2963,-158.6564127836358,-0.06578670344935217,0.5400162112297643,0.5564182210757569,0.0
paper_max_T300,A,1.0471975511965976,0.3333333333333333,2964,-158.70996135126188,-0.06578775967231343,0.5138222595875235,0.5514375491565866,0.31597624825903436
paper_max_T300,A,1.0471975511965976,0.3333333333333333,2965,-158.76350926992438,-0.06578810516627798,0.5400156430866754,0.5564178475755652,0.0
paper_max_T300,A,1.0471975511965976,0.3333333333333333,2966,-158.81705507208991,-0.06578870852378216,0.5138226518323233,0.5514378301083787,0.3159765502938771
paper_max_T300,A,1.0471975511965976,0.3333333333333333,2967,-158.8705979631386,-0.065788381178566,0.5400184581126053,0.556419684131688,0.0
paper_max_T300,A,1.0471975511965976,0.3333333333333333,2968,-158.92414023466185,-0.06578835679390937,0.513828712585906,0.5514422315309098,0.31598118526812424
paper_max_T300,A,1.0471975511965976,0.3333333333333333,2969,-158.97768423078494,-0.06578841639299837,0.5400247495604755,0.5564237994577134,0.0
paper_max_T300,A,1.0471975511965976,0.3333333333333333,2970,-159.03123136722166,-0.06578901080567362,0.5138344404374308,0.5514463979383465,0.31598556197841765
paper_max_T300,A,1.0471975511965976,0.3333333333333333,2971,-159.08478108350766,-0.0657900564487261,0.5400270976525772,0.5564253405712319,0.0
paper_max_T300,A,1.0471975511965976,0.3333333333333333,2972,-159.1383308152252,-0.06579101223831318,0.5138342658502835,0.5514462757461163,0.3159854260527517
paper_max_T300,A,1.0471975511965976,0.3333333333333333,2973,-159.19187813769014,-0.06579175588925773,0.5400260991879022,0.5564246898922441,0.0
paper_max_T300,A,1.0471975511965976,0.3333333333333333,2974,-159.24542217621388,-0.0657917380189893,0.5138343900934542,0.5514463661774024,0.31598552102521965
paper_max_T300,A,1.0471975511965976,0.3333333333333333,2975,-159.29896426458185,-0.06579171514919624,0.5400282324883021,0.5564260851595447,0.0
paper_max_T300,A,1.0471975511965976,0.3333333333333333,2976,-159.35250650093624,-0.06579115928060719,0.5138382426692216,0.5514491680823267,0.3159884650292717
paper_max_T300,A,1.0471975511965976,0.3333333333333333,2977,-159.40605128769323,-0.06579159138236207,0.5400309274962559,0.5564278530701192,0.0
paper_max_T300,A,1.0471975511965976,0.3333333333333333,2978,-159.4595980292496,-0.06579168276943109,0.5138383917937991,0.5514492840537857,0.31598857503046746
paper_max_T300,A,1.0471975511965976,0.3333333333333333,2979,-159.5131457167202,-0.06579260997230324,0.5400279757933834,0.5564259297115564,0.0
paper_max_T300,A,1.0471975511965976,0.3333333333333333,2980,-159.56669157375848,-0.06579266702189107,0.5138328606805396,0.551445268667991,0.315984344486788
paper_max_T300,A,1.0471975511965976,0.3333333333333333,2981,-159.62023456923635,-0.06579272416629212,0.5400233111811874,0.5564228792490438,0.0
paper_max_T300,A,1.0471975511965976,0.3333333333333333,2982,-159.67377482239093,-0.06579177707021155,0.513829724086914,0.5514429873787214,0.31598194755010195
paper_max_T300,A,1.0471975511965976,0.3333333333333333,2983,-159.72731440201466,-0.06579112226464823,0.5400226521974894,0.5564224466957938,0.0
paper_max_T300,A,1.0471975511965976,0.3333333333333333,2984,-159.78085497234113,-0.06579017647906393,0.5138298067293756,0.5514430484645033,0.31598201017434735
paper_max_T300,A,1.0471975511965976,0.3333333333333333,2985,-159.83439810169023,-0.06579009995002305,0.540021488343011,0.556421688935813,0.0
paper_max_T300,A,1.0471975511965976,0.3333333333333333,2986,-159.88794285826089,-0.06579005935911952,0.513825722142238,0.551440083681629,0.31597888579491085
paper_max_T300,A,1.0471975511965976,0.3333333333333333,2987,-159.94148776677778,-0.06579014982860248,0.5400159059223724,0.5564180387393918,0.0
paper_max_T300,A,1.0471975511965976,0.3333333333333333,2988,-159.99503104600967,-0.06578998186685958,0.5138192276430438,0.5514353609297411,0.31597392245527495
paper_max_T300,A,1.0471975511965976,0.3333333333333333,2989,-160.04857167984395,-0.06578912082429889,0.5400121437870542,0.5564155718366585,0.0
paper_max_T300,A,1.0471975511965976,0.3333333333333333,2990,-160.10211086442618,-0.06578829952660947,0.5138183263478151,0.5514346992184086,0.3159732369483071
paper_max_T300,A,1.0471975511965976,0.3333333333333333,2991,-160.15565033164074,-0.06578726474156943,0.5400136165435083,0.5564165305766801,0.0
paper_max_T300,A,1.0471975511965976,0.3333333333333333,2992,-160.20919223422231,-0.06578705701907567,0.5138204284786516,0.5514362251884897,0.3159748449443789
paper_max_T300,A,1.0471975511965976,0.3333333333333333,2993,-160.26273707423974,-0.0657869546548393,0.5400140417638968,0.5564168087242474,0.0
paper_max_T300,A,1.0471975511965976,0.3333333333333333,2994,-160.3162839741101,-0.06578768949433766,0.513818730682533,0.551434990589186,0.31597354737859323
paper_max_T300,A,1.0471975511965976,0.3333333333333333,2995,-160.36983025015346,-0.06578767009266606,0.5400117711354866,0.556415320114956,0.0
paper_max_T300,A,1.0471975511965976,0.3333333333333333,2996,-160.4233747059358,-0.06578802966617381,0.5138175675320852,0.5514341392510371,0.3159726613286774
paper_max_T300,A,1.0471975511965976,0.3333333333333333,2997,-160.4769164694145,-0.06578731962194662,0.5400135213412846,0.5564164581235015,0.0
paper_max_T300,A,1.0471975511965976,0.3333333333333333,2998,-160.53045787648622,-0.0657872142737792,0.5138227154611317,0.5514378752347373,0.31597659957364843
paper_max_T300,A,1.0471975511965976,0.3333333333333333,2999,-160.58400096842018,-0.06578693950566139,0.540019259569154,0.556420209552527,0.0
paper_max_T300,A,1.0471975511965976,0.3333333333333333,3000,-160.63754744910085,-0.06578760534321892,0.5138281622978513,0.5514418350008197,0.315980762761498
paper_max_T300,A,1.0471975511965976,0.3333333333333333,3001,-160.69109659170283,-0.06578835763253882,0.5400217533641983,0.5564218432540039,0.0
paper_max_T300,A,1.0471975511965976,0.3333333333333333,3002,-160.7446462508953,-0.06578948006463214,0.5138286818776557,0.5514422144768514,0.31598115893639905
paper_max_T300,A,1.0471975511965976,0.3333333333333333,3003,-160.798193650643,-0.06579001016500152,0.5400218256756496,0.5564218903579929,0.0
paper_max_T300,A,1.0471975511965976,0.3333333333333333,3004,-160.85173814863538,-0.06579026221814777,0.513830447563227,0.5514434958049693,0.3159825098016812
paper_max_T300,A,1.0471975511965976,0.3333333333333333,3005,-160.90528072220042,-0.06579018868246339,0.540025640263452,0.5564243839700602,0.0
paper_max_T300,A,1.0471975511965976,0.3333333333333333,3006,-160.95882380070833,-0.06579000866378276,0.5138363398018921,0.5514477789792596,0.31598701364229
paper_max_T300,A,1.0471975511965976,0.3333333333333333,3007,-161.01236961010773,-0.0657905498818096,0.5400301812223746,0.5564273584310047,0.0
paper_max_T300,A,1.0471975511965976,0.3333333333333333,3008,-161.06591775453722,-0.06579103102687245,0.5138386424613526,0.5514494593648569,0.3159887702464552
paper_max_T300,A,1.0471975511965976,0.3333333333333333,3009,-161.1194668839,-0.06579216022457268,0.5400291942431067,0.5564267198115005,0.0
paper_max_T300,A,1.0471975511965976,0.3333333333333333,3010,-161.1730141439106,-0.06579253542124114,0.513835400442765,0.5514471078926592,0.315986289466624
paper_max_T300,A,1.0471975511965976,0.3333333333333333,3011,-161.22655836128752,-0.06579288007924722,0.5400265078978609,0.5564249643702897,0.0
paper_max_T300,A,1.0471975511965976,0.3333333333333333,3012,-161.28009974825687,-0.06579218214539256,0.5138343046589184,0.5514463113345368,0.3159854518638956
paper_max_T300,A,1.0471975511965976,0.3333333333333333,3013,-161.33364061361692,-0.06579190737755047,0.5400273219989894,0.5564254972269662,0.0
paper_max_T300,A,1.0471975511965976,0.3333333333333333,3014,-161.38718252831114,-0.0657911290264635,0.5138355933038382,0.5514472509469835,0.315986435304766
paper_max_T300,A,1.0471975511965976,0.3333333333333333,3015,-161.44072705243624,-0.06579144156027794,0.540026809476911,0.5564251675796223,0.0
paper_max_T300,A,1.0471975511965976,0.3333333333333333,3016,-161.4942727393018,-0.06579141268139527,0.5138318468041524,0.5514445341950391,0.31598356815446527
paper_max_T300,A,1.0471975511965976,0.3333333333333333,3017,-161.54781818664168,-0.0657918071354856,0.540021237090964,0.5564215264622241,0.0
paper_max_T300,A,1.0471975511965976,0.3333333333333333,3018,-161.6013614078626,-0.06579148322120387,0.5138250532889125,0.5514395966622898,0.31597837494059466
paper_max_T300,A,1.0471975511965976,0.3333333333333333,3019,-161.65490196443574,-0.06579083850955547,0.5400168995399146,0.5564186856211826,0.0
paper_max_T300,A,1.0471975511965976,0.3333333333333333,3020,-161.7084409345067,-0.06578976866905573,0.513823067774758,0.5514381492492115,0.3159768593669134
paper_max_T300,A,1.0471975511965976,0.3333333333333333,3021,-161.76198035297406,-0.06578886460660271,0.5400170120297388,0.5564187565464758,0.0
paper_max_T300,A,1.0471975511965976,0.3333333333333333,3022,-161.81552182229842,-0.06578834955254959,0.5138232175820711,0.5514382580812688,0.3159769739768662
paper_max_T300,A,1.0471975511965976,0.3333333333333333,3023,-161.86906589725425,-0.06578822837213094,0.5400154859317636,0.5564177597371761,0.0
paper_max_T300,A,1.0471975511965976,0.3333333333333333,3024,-161.92261145169465,-0.06578858681664224,0.5138192115401059,0.5514353467749143,0.31597391146305825
paper_max_T300,A,1.0471975511965976,0.3333333333333333,3025,-161.97615623506846,-0.06578838007969146,0.5400112225332045,0.556414967942302,0.0
paper_max_T300,A,1.0471975511965976,0.3333333333333333,3026,-162.02969919246115,-0.06578835846640524,0.5138158866878146,0.5514329241490483,0.3159713729841473
paper_max_T300,A,1.0471975511965976,0.3333333333333333,3027,-162.08323969646352,-0.06578736942359054,0.5400111506864708,0.5564149134755095,0.0
paper_max_T300,A,1.0471975511965976,0.3333333333333333,3028,-162.1367799488095,-0.06578698103305353,0.5138190392458446,0.5514352091183315,0.3159737862924554
paper_max_T300,A,1.0471975511965976,0.3333333333333333,3029,-162.19032181475526,-0.06578638537720366,0.5400152249343516,0.5564175754181854,0.0
paper_max_T300,A,1.0471975511965976,0.3333333333333333,3030,-162.24386700960798,-0.06578688247784331,0.5138228102008018,0.5514379493346402,0.3159766692211226
paper_max_T300,A,1.0471975511965976,0.3333333333333333,3031,-162.29741478620411,-0.06578726360049147,0.540016562426711,0.5564184507117498,0.0
paper_max_T300,A,1.0471975511965976,0.3333333333333333,3032,-162.35096339561593,-0.06578830949286907,0.5138225090383677,0.5514377297632568,0.3159764392949562
paper_max_T300,A,1.0471975511965976,0.3333333333333333,3033,-162.40450995055656,-0.06578846991593262,0.5400163832679933,0.5564183305642728,0.0
paper_max_T300,A,1.0471975511965976,0.3333333333333333,3034,-162.4580540568544,-0.06578878044452452,0.5138244780810293,0.5514391563357827,0.31597794693877534
paper_max_T300,A,1.0471975511965976,0.3333333333333333,3035,-162.51159631208316,-0.06578844251214055,0.540020713789404,0.5564211594692022,0.0
paper_max_T300,A,1.0471975511965976,0.3333333333333333,3036,-162.56513941191088,-0.06578848581213298,0.5138312515319055,0.5514440779093716,0.31598312554184343
paper_max_T300,A,1.0471975511965976,0.3333333333333333,3037,-162.61868532481049,-0.06578889267775179,0.5400262637680976,0.5564247919809512,0.0
paper_max_T300,A,1.0471975511965976,0.3333333333333333,3038,-162.67223404712314,-0.06578969026217696,0.5138350005941315,0.5514468074552196,0.3159859889012358
paper_max_T300,A,1.0471975511965976,0.3333333333333333,3039,-162.72578390221292,-0.06579078341333994,0.5400268515694993,0.5564251814801048,0.0
paper_max_T300,A,1.0471975511965976,0.3333333333333333,3040,-162.7793321977498,-0.06579149478175506,0.5138338821756278,0.5514459979111415,0.3159851322441222
paper_max_T300,A,1.0471975511965976,0.3333333333333333,3041,-162.83287739530152,-0.0657919287609875,0.5400262423119379,0.5564247839610064,0.0
paper_max_T300,A,1.0471975511965976,0.3333333333333333,3042,-162.88641989109988,-0.06579158690661258,0.5138352145978302,0.5514469660240997,0.315986150972425
paper_max_T300,A,1.0471975511965976,0.3333333333333333,3043,-162.93996196336735,-0.06579155941481651,0.5400291013697112,0.5564266548916393,0.0
paper_max_T300,A,1.0471975511965976,0.3333333333333333,3044,-162.99350534881137,-0.06579112714916313,0.5138386036558515,0.5514494328490485,0.3159887396931007
paper_max_T300,A,1.0471975511965976,0.3333333333333333,3045,-163.04705150151426,-0.06579177852112816,0.5400302164638048,0.5564273907106316,0.0
paper_max_T300,A,1.0471975511965976,0.3333333333333333,3046,-163.10059871365013,-0.06579198713238421,0.5138364806052004,0.5514478972034881,0.3159871129138473
paper_max_T300,A,1.0471975511965976,0.3333333333333333,3047,-163.15414542252375,-0.0657927266594347,0.5400258976884269,0.5564245712635169,0.0
paper_max_T300,A,1.0471975511965976,0.3333333333333333,3048,-163.2076894511004,-0.06579249050939551,0.5138308751953902,0.551443825252569,0.3159828268873289
paper_max_T300,A,1.0471975511965976,0.3333333333333333,3049,-163.26123071649403,-0.065792189359211,0.5400223119247135,0.5564222246062253,0.0
paper_max_T300,A,1.0471975511965976,0.3333333333333333,3050,-163.31477026841827,-0.06579109817941137,0.5138292818474297,0.5514426653731408,0.31598160976790346
paper_max_T300,A,1.0471975511965976,0.3333333333333333,3051,-163.36831047397897,-0.0657905183072291,0.540022294798481,0.5564222131456795,0.0
paper_max_T300,A,1.0471975511965976,0.3333333333333333,3052,-163.42185244147993,-0.06578987324115221,0.5138287527500673,0.5514422832083822,0.3159812040876724
paper_max_T300,A,1.0471975511965976,0.3333333333333333,3053,-163.47539674831557,-0.06578996582422852,0.5400197918669729,0.5564205796628834,0.0
paper_max_T300,A,1.0471975511965976,0.3333333333333333,3054,-163.52894181470242,-0.06579005200634958,0.5138233370243804,0.5514383494680408,0.3159770628869049
paper_max_T300,A,1.0471975511965976,0.3333333333333333,3055,-163.5824858182694,-0.06578989955245473,0.540014113951296,0.5564168644397041,0.0
paper_max_T300,A,1.0471975511965976,0.3333333333333333,3056,-163.63602770798354,-0.06578951516830644,0.5138182378542908,0.5514346387241688,0.31597316728322467
paper_max_T300,A,1.0471975511965976,0.3333333333333333,3057,-163.68956734987825,-0.06578846411456696,0.5400123136275268,0.5564156803235095,0.0
paper_max_T300,A,1.0471975511965976,0.3333333333333333,3058,-163.74310669629108,-0.06578772151533108,0.5138192175619365,0.5514353452475987,0.3159739191401845
paper_max_T300,A,1.0471975511965976,0.3333333333333333,3059,-163.79664760823107,-0.06578696524720262,0.5400143286297149,0.5564169956742763,0.0
paper_max_T300,A,1.0471975511965976,0.3333333333333333,3060,-163.85019149615596,-0.06578714147621917,0.5138206089631201,0.5514363559850364,0.31597498310381394
paper_max_T300,A,1.0471975511965976,0.3333333333333333,3061,-163.90373771417933,-0.06578723361452954,0.5400136889233231,0.5564165770538922,0.0
paper_max_T300,A,1.0471975511965976,0.3333333333333333,3062,-163.95728472790017,-0.06578799284925513,0.513818353892308,0.5514347150735484,0.3159732601910167
paper_max_T300,A,1.0471975511965976,0.3333333333333333,3063,-164.01082984603306,-0.06578777843881323,0.5400121166543719,0.5564155438649093,0.0
paper_max_T300,A,1.0471975511965976,0.3333333333333333,3064,-164.06437286727908,-0.0657879095473079,0.5138191086022134,0.5514352571628546,0.31597384051946853
paper_max_T300,A,1.0471975511965976,0.3333333333333333,3065,-164.11791417036193,-0.0657872145199947,0.5400156538174465,0.5564178518851275,0.0
paper_max_T300,A,1.0471975511965976,0.3333333333333333,3066,-164.1714565300204,-0.06578724643071887,0.513825262093115,0.5514397261737892,0.3159785462798206
paper_max_T300,A,1.0471975511965976,0.3333333333333333,3067,-164.2250016625817,-0.0657873499631797,0.5400209279745648,0.5564213018869516,0.0
paper_max_T300,A,1.0471975511965976,0.3333333333333333,3068,-164.27854994543753,-0.0657882643224813,0.5138290923565613,0.5514425122608937,0.3159814730187094
paper_max_T300,A,1.0471975511965976,0.3333333333333333,3069,-164.33209950706146,-0.06578910114472325,0.540022010917609,0.5564220125710104,0.0
paper_max_T300,A,1.0471975511965976,0.3333333333333333,3070,-164.3856479925348,-0.06579001373501853,0.5138290500138559,0.5514424822439858,0.3159814402601945
paper_max_T300,A,1.0471975511965976,0.3333333333333333,3071,-164.43919346540974,-0.06579029744895182,0.5400227420042226,0.5564224896933657,0.0
paper_max_T300,A,1.0471975511965976,0.3333333333333333,3072,-164.49273654930312,-0.06579026012800848,0.5138322149273564,0.5514447806255792,0.3159838606782489
paper_max_T300,A,1.0471975511965976,0.3333333333333333,3073,-164.54627926381363,-0.06579025243782777,0.5400273527596451,0.5564255054282168,0.0
paper_max_T300,A,1.0471975511965976,0.3333333333333333,3074,-164.5998236759081,-0.06579020292730181,0.5138376509985129,0.5514487343383809,0.31598801468177773
paper_max_T300,A,1.0471975511965976,0.3333333333333333,3075,-164.65337104665417,-0.06579100816690892,0.5400302966455891,0.5564274367711918,0.0
paper_max_T300,A,1.0471975511965976,0.3333333333333333,3076,-164.70691972838773,-0.0657915742191082,0.5138376548169545,0.5514487440627588,0.31598801394500253
paper_max_T300,A,1.0471975511965976,0.3333333333333333,3077,-164.76046782355678,-0.06579254384131572,0.5400278965820215,0.556425872466243,0.0
paper_max_T300,A,1.0471975511965976,0.3333333333333333,3078,-164.8140130881918,-0.06579258401596855,0.5138342163192603,0.5514462477186888,0.3159853840474379
paper_max_T300,A,1.0471975511965976,0.3333333333333333,3079,-164.86755547533613,-0.0657925978274655,0.5400260878926594,0.556424689616,0.0
paper_max_T300,A,1.0471975511965976,0.3333333333333333,3080,-164.92109613803717,-0.06579171550257179,0.5138343271078926,0.5514463280991224,0.31598546875475264
paper_max_T300,A,1.0471975511965976,0.3333333333333333,3081,-164.974637665125,-0.06579151926816962,0.5400271880168521,0.5564254108341994,0.0
paper_max_T300,A,1.0471975511965976,0.3333333333333333,3082,-165.02818089384584,-0.06579098217908697,0.5138345940381459,0.5514465265176998,0.31598567047490167
paper_max_T300,A,1.0471975511965976,0.3333333333333333,3083,-165.0817263349257,-0.06579142746359162,0.5400250138035323,0.5564239944929539,0.0
paper_max_T300,A,1.0471975511965976,0.3333333333333333,3084,-165.13527192811392,-0.06579145540081172,0.5138292055473441,0.5514426148803157,0.3159815489045123
paper_max_T300,A,1.0471975511965976,0.3333333333333333,3085,-165.18881610722326,-0.06579155842736395,0.5400190989096639,0.5564201266962241,0.0
paper_max_T300,A,1.0471975511965976,0.3333333333333333,3086,-165.2423577390756,-0.06579097342133156,0.5138235196557204,0.5514384800623608,0.3159772035709083
paper_max_T300,A,1.0471975511965976,0.3333333333333333,3087,-165.29589725926706,-0.0657900955620947,0.5400164482059893,0.5564183884605167,0.0
paper_max_T300,A,1.0471975511965976,0.3333333333333333,3088,-165.34943636850267,-0.06578908518946947,0.513823100333741,0.5514381717749393,0.31597688486219333
paper_max_T300,A,1.0471975511965976,0.3333333333333333,3089,-165.40297706401645,-0.06578840285230014,0.5400168696362889,0.5564186630950773,0.0
paper_max_T300,A,1.0471975511965976,0.3333333333333333,3090,-165.45652022651643,-0.06578825579447523,0.5138223787625121,0.5514376482378792,0.31597633286098314
paper_max_T300,A,1.0471975511965976,0.3333333333333333,3091,-165.51006535451637,-0.06578826112563835,0.5400142495367293,0.5564169500685417,0.0
paper_max_T300,A,1.0471975511965976,0.3333333333333333,3092,-165.56361087101521,-0.06578864473999335,0.5138178911887528,0.5514343851826937,0.3159729031366142
paper_max_T300,A,1.0471975511965976,0.3333333333333333,3093,-165.6171545284708,-0.06578819930954821,0.5400108039665161,0.5564146913593498,0.0
paper_max_T300,A,1.0471975511965976,0.3333333333333333,3094,-165.67069622159892,-0.06578798890727366,0.5138166350907597,0.5514334653334014,0.3159719465431232
paper_max_T300,A,1.0471975511965976,0.3333333333333333,3095,-165.7242363799483,-0.06578700132001486,0.5400126528389761,0.5564158942212615,0.0
paper_max_T300,A,1.0471975511965976,0.3333333333333333,3096,-165.7777776246965,-0.06578680719707486,0.5138209701455895,0.5514366117280631,0.31597526275576127
paper_max_T300,A,1.0471975511965976,0.3333333333333333,3097,-165.8313215015006,-0.06578658222147671,0.5400164767267154,0.5564183942968878,0.0
paper_max_T300,A,1.0471975511965976,0.3333333333333333,3098,-165.88486856562776,-0.06578737542887936,0.5138234589726641,0.5514384210355937,0.31597716504067075
paper_max_T300,A,1.0471975511965976,0.3333333333333333,3099,-165.9384169462727,-0.06578784617953287,0.5400167665864795,0.5564185838886243,0.0
paper_max_T300,A,1.0471975511965976,0.3333333333333333,3100,-165.9919646704899,-0.06578873383558664,0.5138230360215726,0.5514381118270676,0.3159768426390766
paper_max_T300,A,1.0471975511965976,0.3333333333333333,3101,-166.0455095702381,-0.0657886896639101,0.5400176032512519,0.5564191275354282,0.0
paper_max_T300,A,1.0471975511965976,0.3333333333333333,3102,-166.0990524693791,-0.06578877382664206,0.513826734534112,0.5514407957853784,0.3159796721494985
paper_max_T300,A,1.0471975511965976,0.3333333333333333,3103,-166.15259503210336,-0.06578856337227823,0.5400229548146328,0.5564226259669248,0.0
paper_max_T300,A,1.0471975511965976,0.3333333333333333,3104,-166.20613965664546,-0.06578877979740533,0.5138332650387522,0.5514455430424107,0.3159846638032975
paper_max_T300,A,1.0471975511965976,0.3333333333333333,3105,-166.25968737594008,-0.06578950129812194,0.5400270910042145,0.5564253353369442,0.0
paper_max_T300,A,1.0471975511965976,0.3333333333333333,3106,-166.31323685974553,-0.06579039060590963,0.5138349282750743,0.5514467569786998,0.3159859325192585
paper_max_T300,A,1.0471975511965976,0.3333333333333333,3107,-166.36678583559302,-0.06579137254884698,0.5400264327733086,0.5564249088600356,0.0
paper_max_T300,A,1.0471975511965976,0.3333333333333333,3108,-166.42033216557218,-0.06579174409522376,0.5138337273042648,0.5514458859208501,0.3159850135707334
paper_max_T300,A,1.0471975511965976,0.3333333333333333,3109,-166.4738755538565,-0.06579190555506653,0.5400266968782405,0.5564250816982703,0.0
paper_max_T300,A,1.0471975511965976,0.3333333333333333,3110,-166.52741737025832,-0.06579136776691424,0.5138361346821196,0.5514476357256495,0.31598685376937286
paper_max_T300,A,1.0471975511965976,0.3333333333333333,3111,-166.5809602283423,-0.06579145926942842,0.5400296450296367,0.5564270123769914,0.0
paper_max_T300,A,1.0471975511965976,0.3333333333333333,3112,-166.63450499005995,-0.06579122569483697,0.513838240853934,0.5514491717260427,0.31598846100179645
paper_max_T300,A,1.0471975511965976,0.3333333333333333,3113,-166.68805199352659,-0.06579201222651737,0.5400288730688432,0.5564265143123691,0.0
paper_max_T300,A,1.0471975511965976,0.3333333333333333,3114,-166.7415988539458,-0.06579221135491786,0.513834231274798,0.551446263730063,0.3159853927583579
paper_max_T300,A,1.0471975511965976,0.3333333333333333,3115,-166.7951439960283,-0.06579264638321314,0.5400239820829287,0.5564233182036391,0.0
paper_max_T300,A,1.0471975511965976,0.3333333333333333,3116,-166.84868620257242,-0.06579209387812335,0.5138294187595367,0.5514427658790272,0.3159817139468495
paper_max_T300,A,1.0471975511965976,0.3333333333333333,3117,-166.90222635677156,-0.06579154259183351,0.5400217461205282,0.5564218536144302,0.0
paper_max_T300,A,1.0471975511965976,0.3333333333333333,3118,-166.95576602000267,-0.06579046745770506,0.5138289665210871,0.5514424360529435,0.31598136878649696
paper_max_T300,A,1.0471975511965976,0.3333333333333333,3119,-167.00930737764406,-0.06579006589933933,0.5400216763177584,0.5564218091508089,0.0
paper_max_T300,A,1.0471975511965976,0.3333333333333333,3120,-167.06285073778633,-0.06578973917884351,0.5138272278330016,0.5514411754991422,0.31598003808962655
paper_max_T300,A,1.0471975511965976,0.3333333333333333,3121,-167.1163956878222,-0.06578989009862501,0.5400178699263184,0.5564193222133825,0.0
paper_max_T300,A,1.0471975511965976,0.3333333333333333,3122,-167.16994038585273,-0.06578996438398799,0.5138211798644694,0.551436780133649,0.3159754146448408
paper_max_T300,A,1.0471975511965976,0.3333333333333333,3123,-167.22348311606578,-0.06578951552586415,0.5400129182179307,0.5564160797133991,0.0
paper_max_T300,A,1.0471975511965976,0.3333333333333333,3124,-167.2770237777002,-0.06578894441642635,0.5138180571911277,0.5514345047342927,0.31597303057713466
paper_max_T300,A,1.0471975511965976,0.3333333333333333,3125,-167.33056311341846,-0.0657878544042303,0.5400129643545328,0.5564161040188448,0.0
paper_max_T300,A,1.0471975511965976,0.3333333333333333,3126,-167.38410340941897,-0.0657873304011895,0.5138201762334704,0.5514360409913964,0.31597465253808604
paper_max_T300,A,1.0471975511965976,0.3333333333333333,3127,-167.43764615558894,-0.06578690178132102,0.5400147692113001,0.5564172834879731,0.0
paper_max_T300,A,1.0471975511965976,0.3333333333333333,3128,-167.49119177950666,-0.06578739942697809,0.5138204511821688,0.5514362408010042,0.3159748627337542
paper_max_T300,A,1.0471975511965976,0.3333333333333333,3129,-167.54473858926792,-0.06578754806605669,0.5400133248711778,0.5564163376523964,0.0
paper_max_T300,A,1.0471975511965976,0.3333333333333333,3130,-167.59828489889208,-0.0657881921475843,0.513818414586677,0.5514347572412097,0.3159733075954477
paper_max_T300,A,1.0471975511965976,0.3333333333333333,3131,-167.65182860174826,-0.0657877784861805,0.5400130734783913,0.5564161676755439,0.0
paper_max_T300,A,1.0471975511965976,0.3333333333333333,3132,-167.70537063486813,-0.06578775159290506,0.5138212150188687,0.5514367865922893,0.3159754515557993
paper_max_T300,A,1.0471975511965976,0.3333333333333333,3133,-167.7589123718392,-0.06578721534956117,0.5400178853351228,0.5564193112438944,0.0
paper_max_T300,A,1.0471975511965976,0.3333333333333333,3134,-167.81245637925872,-0.06578748139476681,0.5138274173591417,0.5514412933480233,0.31598019343815015
paper_max_T300,A,1.0471975511965976,0.3333333333333333,3135,-167.86600349364306,-0.06578793099842428,0.5400220347218933,0.5564220270576316,0.0
paper_max_T300,A,1.0471975511965976,0.3333333333333333,3136,-167.9195527947129,-0.06578897379728971,0.5138295305395294,0.5514428318299982,0.31598180738574855
paper_max_T300,A,1.0471975511965976,0.3333333333333333,3137,-167.97310174833956,-0.06578974288709594,0.5400222010864113,0.5564221374598993,0.0
paper_max_T300,A,1.0471975511965976,0.3333333333333333,3138,-168.02664846975057,-0.06579034795925864,0.5138297268000938,0.5514429741219008,0.3159819576454709
paper_max_T300,A,1.0471975511965976,0.3333333333333333,3139,-168.08019227865998,-0.06579042656505774,0.5400239986237773,0.5564233117890864,0.0
paper_max_T300,A,1.0471975511965976,0.3333333333333333,3140,-168.13373480300953,-0.06579021992374351,0.5138340702267721,0.5514461299002344,0.31598527847346924
paper_max_T300,A,1.0471975511965976,0.3333333333333333,3141,-168.1872784828676,-0.06579039316022123,0.5400287118139938,0.5564263962688696,0.0
paper_max_T300,A,1.0471975511965976,0.3333333333333333,3142,-168.24082445041188,-0.06579053406539226,0.51383819564723,0.5514491328392553,0.31598842961594426
paper_max_T300,A,1.0471975511965976,0.3333333333333333,3143,-168.29437279958051,-0.06579150876367629,0.5400297353860581,0.5564270722292346,0.0
paper_max_T300,A,1.0471975511965976,0.3333333333333333,3144,-168.34792108966388,-0.065792025666569,0.5138362620036973,0.5514477335857314,0.3159869482920768
paper_max_T300,A,1.0471975511965976,0.3333333333333333,3145,-168.40146748961644,-0.06579271568146255,0.5400266760282062,0.5564250748019756,0.0
paper_max_T300,A,1.0471975511965976,0.3333333333333333,3146,-168.45501077382676,-0.06579239897799993,0.513833427172772,0.5514456742205232,0.3159847807524798
paper_max_T300,A,1.0471975511965976,0.3333333333333333,3147,-168.50855200919443,-0.06579218339958343,0.5400259565386915,0.5564246037812501,0.0
paper_max_T300,A,1.0471975511965976,0.3333333333333333,3148,-168.5620927965786,-0.06579127372540167,0.5138343002798599,0.5514463094594105,0.3159854477713997
paper_max_T300,A,1.0471975511965976,0.3333333333333333,3149,-168.6156354572322,-0.06579124482710236,0.540026646400056,0.556425058090913,0.0
paper_max_T300,A,1.0471975511965976,0.3333333333333333,3150,-168.66917987989683,-0.06579096250882155,0.513832980576807,0.5514453554656199,0.31598443625935635
paper_max_T300,A,1.0471975511965976,0.3333333333333333,3151,-168.72272561015382,-0.06579142162215718,0.5400228866968075,0.5564226038546932,0.0
paper_max_T300,A,1.0471975511965976,0.3333333333333333,3152,-168.77627044365397,-0.06579137531957835,0.5138266845536162,0.5514407820631291,0.31597962204907315
paper_max_T300,A,1.0471975511965976,0.3333333333333333,3153,-168.8298130916187,-0.06579113551913007,0.5400174639629841,0.5564190555038957,0.0
paper_max_T300,A,1.0471975511965976,0.3333333333333333,3154,-168.88335341365018,-0.06579033186807681,0.5138226909467399,0.551437875783019,0.3159765710886696
paper_max_T300,A,1.0471975511965976,0.3333333333333333,3155,-168.93689261273101,-0.06578937108524197,0.5400163975269624,0.5564183538711268,0.0
paper_max_T300,A,1.0471975511965976,0.3333333333333333,3156,-168.99043258538734,-0.06578856520428333,0.5138231410904104,0.5514382007866531,0.3159769163571153
paper_max_T300,A,1.0471975511965976,0.3333333333333333,3157,-169.04397485996856,-0.06578815016729189,0.5400164441620156,0.556418384632628,0.0
paper_max_T300,A,1.0471975511965976,0.3333333333333333,3158,-169.09751945717716,-0.06578831323939172,0.5138212364387768,0.5514368174921201,0.31597545988466946
paper_max_T300,A,1.0471975511965976,0.3333333333333333,3159,-169.1510649497081,-0.06578831408676944,0.5400130638834995,0.5564161729989722,0.0
paper_max_T300,A,1.0471975511965976,0.3333333333333333,3160,-169.2046097530514,-0.06578859617724608,0.5138170963538181,0.5514338051148261,0.3159722967616398
paper_max_T300,A,1.0471975511965976,0.3333333333333333,3161,-169.25815211873987,-0.06578792159285007,0.5400110780441477,0.5564148679625335,0.0
paper_max_T300,A,1.0471975511965976,0.3333333333333333,3162,-169.31169298907207,-0.06578760228426295,0.5138180446148152,0.5514344876004018,0.3159730251940757
paper_max_T300,A,1.0471975511965976,0.3333333333333333,3163,-169.36523363616288,-0.06578676638906156,0.5400143497538455,0.5564170031556973,0.0
paper_max_T300,A,1.0471975511965976,0.3333333333333333,3164,-169.41877653600943,-0.06578686093287084,0.5138226427425867,0.5514378272280527,0.31597654141833387
paper_max_T300,A,1.0471975511965976,0.3333333333333333,3165,-169.4723224100877,-0.06578697808377387,0.5400173077255475,0.5564189380900075,0.0
paper_max_T300,A,1.0471975511965976,0.3333333333333333,3166,-169.5258706460143,-0.06578794465153937,0.5138237918280054,0.5514386629318774,0.3159774194702568
paper_max_T300,A,1.0471975511965976,0.3333333333333333,3167,-169.57941866903332,-0.0657883641347014,0.5400170541960683,0.5564187713847838,0.0
paper_max_T300,A,1.0471975511965976,0.3333333333333333,3168,-169.6329649096993,-0.06578899812039446,0.5138240182803016,0.5514388247220742,0.31597759405906156
paper_max_T300,A,1.0471975511965976,0.3333333333333333,3169,-169.68650836669468,-0.06578880037486184,0.5400192628654593,0.55642021243706,0.0
paper_max_T300,A,1.0471975511965976,0.3333333333333333,3170,-169.7400508728124,-0.06578877272700323,0.5138291622294644,0.5514425603787753,0.31598152788811623
paper_max_T300,A,1.0471975511965976,0.3333333333333333,3171,-169.793594575287,-0.06578880229391204,0.5400249009015071,0.5564239002051505,0.0
paper_max_T300,A,1.0471975511965976,0.3333333333333333,3172,-169.84714097144,-0.06578923720664659,0.5138345713077075,0.5514464945272258,0.3159856612334574
paper_max_T300,A,1.0471975511965976,0.3333333333333333,3173,-169.90068990965932,-0.06579017404380544,0.5400272866038188,0.5564254654206657,0.0
paper_max_T300,A,1.0471975511965976,0.3333333333333333,3174,-169.95423916193096,-0.06579101219856692,0.5138344808905714,0.551446433409206,0.31598558969951773
paper_max_T300,A,1.0471975511965976,0.3333333333333333,3175,-170.00778651667872,-0.06579176384240959,0.5400260846661997,0.5564246819586879,0.0
paper_max_T300,A,1.0471975511965976,0.3333333333333333,3176,-170.0613308529543,-0.06579177117655538,0.5138339129773634,0.5514460212270984,0.31598515531809845
paper_max_T300,A,1.0471975511965976,0.3333333333333333,3177,-170.11487312722988,-0.06579175682392957,0.5400273546896778,0.5564255125869522,0.0
paper_max_T300,A,1.0471975511965976,0.3333333333333333,3178,-170.1684151476495,-0.06579117165351978,0.5138368822336868,0.551448180499741,0.3159874244294058
paper_max_T300,A,1.0471975511965976,0.3333333333333333,3179,-170.22195924441974,-0.06579145637557982,0.5400296664904113,0.5564270286076785,0.0
paper_max_T300,A,1.0471975511965976,0.3333333333333333,3180,-170.2755051698134,-0.0657914250690938,0.5138371383515123,0.5514483728159071,0.3159876169639747
paper_max_T300,A,1.0471975511965976,0.3333333333333333,3181,-170.32905227923555,-0.0657922176942059,0.540027090734399,0.5564253501085947,0.0
paper_max_T300,A,1.0471975511965976,0.3333333333333333,3182,-170.38259806720146,-0.06579227812802751,0.513831973215291,0.551444623022646,0.31598366638449815
paper_max_T300,A,1.0471975511965976,0.3333333333333333,3183,-170.436141421432,-0.06579235512439396,0.540022441942339,0.5564223100909615,0.0
paper_max_T300,A,1.0471975511965976,0.3333333333333333,3184,-170.48968218282965,-0.06579153620063294,0.5138285072510789,0.5514421024529237,0.31598101762177083
paper_max_T300,A,1.0471975511965976,0.3333333333333333,3185,-170.5432219910657,-0.06579087848636189,0.540021439373037,0.5564216524473552,0.0
paper_max_T300,A,1.0471975511965976,0.3333333333333333,3186,-170.59676244746493,-0.06578996594035452,0.5138285187792105,0.5514421108980263,0.31598102638573167
paper_max_T300,A,1.0471975511965976,0.3333333333333333,3187,-170.6503051516446,-0.06578977880547238,0.5400206833651814,0.5564211602496153,0.0
paper_max_T300,A,1.0471975511965976,0.3333333333333333,3188,-170.7038495787715,-0.06578971601367206,0.5138253367710057,0.5514398012070084,0.31597859243192555
paper_max_T300,A,1.0471975511965976,0.3333333333333333,3189,-170.75739452297495,-0.06578979571087162,0.5400159717804194,0.5564180795528322,0.0
paper_max_T300,A,1.0471975511965976,0.3333333333333333,3190,-170.81093830825523,-0.06578974512642455,0.5138195355018259,0.5514355829007973,0.3159741587143405
paper_max_T300,A,1.0471975511965976,0.3333333333333333,3191,-170.86447972339414,-0.0657890183177543,0.5400124115254878,0.5564157456497636,0.0
paper_max_T300,A,1.0471975511965976,0.3333333333333333,3192,-170.91801963664847,-0.06578835247186887,0.5138185451928403,0.5514348571791952,0.315973404803314
paper_max_T300,A,1.0471975511965976,0.3333333333333333,3193,-170.97155944626599,-0.0657873770533266,0.5400138378554736,0.5564166741257444,0.0
paper_max_T300,A,1.0471975511965976,0.3333333333333333,3194,-171.02510129004918,-0.06578716819614139,0.5138209464836587,0.5514366002851083,0.31597524162966123
paper_max_T300,A,1.0471975511965976,0.3333333333333333,3195,-171.07864586529678,-0.06578704166935273,0.540014887607722,0.5564173605757063,0.0
paper_max_T300,A,1.0471975511965976,0.3333333333333333,3196,-171.13219262128501,-0.06578774128122838,0.5138201219619399,0.5514360007048127,0.315974611466331
paper_max_T300,A,1.0471975511965976,0.3333333333333333,3197,-171.18573918052272,-0.06578781837581943,0.5400131827750815,0.5564162431115631,0.0
paper_max_T300,A,1.0471975511965976,0.3333333333333333,3198,-171.23928424719963,-0.06578826007958205,0.5138190817528334,0.5514352401542016,0.3159738186461738
paper_max_T300,A,1.0471975511965976,0.3333333333333333,3199,-171.29282672845625,-0.0657877111145782,0.5400145899069215,0.5564171579832753,0.0
paper_max_T300,A,1.0471975511965976,0.3333333333333333,3200,-171.34636853334484,-0.06578764049547364,0.5138236179100384,0.5514385322525388,0.3159772888233142
paper_max_T300,A,1.0471975511965976,0.3333333333333333,3201,-171.39991151806925,-0.0657873779444712,0.5400199320873609,0.5564206504496068,0.0
paper_max_T300,A,1.0471975511965976,0.3333333333333333,3202,-171.4534574526661,-0.06578791317886684,0.5138289976113153,0.5514424430145518,0.3159814008105568
paper_max_T300,A,1.0471975511965976,0.3333333333333333,3203,-171.5070060125634,-0.06578861090990051,0.5400226287871639,0.5564224168390838,0.0
paper_max_T300,A,1.0471975511965976,0.3333333333333333,3204,-171.56055534344944,-0.06578963295242085,0.5138297156389753,0.5514429671202503,0.3159819484817705
paper_max_T300,A,1.0471975511965976,0.3333333333333333,3205,-171.61410290211006,-0.06579022210318586,0.5400225407911106,0.5564223598729334,0.0
paper_max_T300,A,1.0471975511965976,0.3333333333333333,3206,-171.66764776934247,-0.06579049270505555,0.5138307887146164,0.5514437459146632,0.31598276942810766
paper_max_T300,A,1.0471975511965976,0.3333333333333333,3207,-171.72119058635883,-0.06579046309054004,0.5400254596143019,0.5564242679363494,0.0
paper_max_T300,A,1.0471975511965976,0.3333333333333333,3208,-171.7747334514878,-0.06579022491089426,0.5138357238927496,0.5514473332123064,0.31598654181573027
paper_max_T300,A,1.0471975511965976,0.3333333333333333,3209,-171.82827856117854,-0.06579064246282135,0.540029510211824,0.5564269207800691,0.0
paper_max_T300,A,1.0471975511965976,0.3333333333333333,3210,-171.88182582569914,-0.06579096361011344,0.5138379501329492,0.5514489569955143,0.3159882405668785
paper_max_T300,A,1.0471975511965976,0.3333333333333333,3211,-171.93537431091517,-0.06579197052991059,0.5400286811299612,0.5564263846823172,0.0
paper_max_T300,A,1.0471975511965976,0.3333333333333333,3212,-171.98892139778206,-0.06579230573539457,0.5138347756528051,0.5514466543778556,0.3159858115242904
paper_max_T300,A,1.0471975511965976,0.3333333333333333,3213,-172.04246586011664,-0.06579265992453909,0.5400257267154013,0.5564244540002857,0.0
paper_max_T300,A,1.0471975511965976,0.3333333333333333,3214,-172.09600759245018,-0.0657920376290334,0.5138330317932531,0.5514453868331496,0.31598447849726585
paper_max_T300,A,1.0471975511965976,0.3333333333333333,3215,-172.1495484931413,-0.06579172702738473,0.5400259348092706,0.5564245899818033,0.0
paper_max_T300,A,1.0471975511965976,0.3333333333333333,3216,-172.20309007168942,-0.06579093223591309,0.5138339738522473,0.5514460734311725,0.31598519759028393
paper_max_T300,A,1.0471975511965976,0.3333333333333333,3217,-172.25663396016688,-0.06579109306376851,0.5400256004154136,0.5564243754380129,0.0
paper_max_T300,A,1.0471975511965976,0.3333333333333333,3218,-172.31017914340975,-0.06579101005935728,0.5138308783123985,0.5514438286211667,0.31598282866166827
paper_max_T300,A,1.0471975511965976,0.3333333333333333,3219,-172.36372448327654,-0.06579134951884713,0.5400206910066706,0.5564211674865769,0.0
paper_max_T300,A,1.0471975511965976,0.3333333333333333,3220,-172.41726809241993,-0.06579112672478116,0.5138245778180965,0.5514392495999556,0.31597801223800714
paper_max_T300,A,1.0471975511965976,0.3333333333333333,3221,-172.47080928797567,-0.06579056535265115,0.5400164319653191,0.5564183784923163,0.0
paper_max_T300,A,1.0471975511965976,0.3333333333333333,3222,-172.52434885019983,-0.06578964593047965,0.5138224406609742,0.5514376921989685,0.315976380632948
paper_max_T300,A,1.0471975511965976,0.3333333333333333,3223,-172.57788847294762,-0.0657887534205982,0.5400165110027185,0.5564184272148192,0.0
paper_max_T300,A,1.0471975511965976,0.3333333333333333,3224,-172.63142982164396,-0.06578825194450966,0.5138229673875457,0.5514380742679741,0.3159767837329147
paper_max_T300,A,1.0471975511965976,0.3333333333333333,3225,-172.6849736260558,-0.06578807751755433,0.5400157152055041,0.5564179075121447,0.0
paper_max_T300,A,1.0471975511965976,0.3333333333333333,3226,-172.7385191138959,-0.06578843805848056,0.5138199843473159,0.5514359064817713,0.3159745032395467
paper_max_T300,A,1.0471975511965976,0.3333333333333333,3227,-172.79206426158908,-0.06578831678639518,0.5400121752778504,0.556415589746907,0.0
paper_max_T300,A,1.0471975511965976,0.3333333333333333,3228,-172.8456079274713,-0.06578842313190036,0.5138170010338932,0.5514337333208758,0.31597222520565715
paper_max_T300,A,1.0471975511965976,0.3333333333333333,3229,-172.8991492230757,-0.06578759562744008,0.5400119948959972,0.5564154654323661,0.0
paper_max_T300,A,1.0471975511965976,0.3333333333333333,3230,-172.95268998327583,-0.0657872869241784,0.5138198522961426,0.5514357999701422,0.3159744078326029
paper_max_T300,A,1.0471975511965976,0.3333333333333333,3231,-173.00623188556335,-0.0657867216983733,0.5400159678606685,0.5564180612113366,0.0
paper_max_T300,A,1.0471975511965976,0.3333333333333333,3232,-173.059776733945,-0.06578713560223498,0.5138238862361802,0.5514387312172383,0.3159774918542957
paper_max_T300,A,1.0471975511965976,0.3333333333333333,3233,-173.1133241469446,-0.06578750222816643,0.5400177722824034,0.5564192421179083,0.0
paper_max_T300,A,1.0471975511965976,0.3333333333333333,3234,-173.16687263854152,-0.06578849201185083,0.5138240406950132,0.5514388434986812,0.315977609860278
paper_max_T300,A,1.0471975511965976,0.3333333333333333,3235,-173.22041953573353,-0.06578876004270118,0.5400176245617774,0.5564191436862527,0.0
paper_max_T300,A,1.0471975511965976,0.3333333333333333,3236,-173.27396415982685,-0.06578911446433411,0.5138255051632102,0.5514399045469983,0.31597873114658337
paper_max_T300,A,1.0471975511965976,0.3333333333333333,3237,-173.32750679962032,-0.06578886581117382,0.540021203590096,0.5564214817459828,0.0
paper_max_T300,A,1.0471975511965976,0.3333333333333333,3238,-173.3810498032152,-0.06578885501513843,0.5138314531337785,0.5514442262485854,0.315983278677532
paper_max_T300,A,1.0471975511965976,0.3333333333333333,3239,-173.43459513583662,-0.06578918293146452,0.5400263344433569,0.5564248396610403,0.0
paper_max_T300,A,1.0471975511965976,0.3333333333333333,3240,-173.488143051831,-0.06578981223902369,0.5138351356206929,0.5514469068254937,0.3159860914625938
paper_max_T300,A,1.0471975511965976,0.3333333333333333,3241,-173.54169232373198,-0.06579082408358766,0.5400270189596148,0.5564252921420323,0.0
paper_max_T300,A,1.0471975511965976,0.3333333333333333,3242,-173.5952404504023,-0.06579147288341919,0.51383394356437,0.5514460439284207,0.3159851784156681
paper_max_T300,A,1.0471975511965976,0.3333333333333333,3243,-173.64878588192232,-0.065791938529562,0.5400259732189887,0.5564246094954424,0.0
paper_max_T300,A,1.0471975511965976,0.3333333333333333,3244,-173.7023286525411,-0.06579162984573839,0.5138344087784811,0.5514463819851145,0.315985534096127
paper_max_T300,A,1.0471975511965976,0.3333333333333333,3245,-173.75587066545324,-0.06579156577835577,0.5400280202597496,0.5564259489275388,0.0
paper_max_T300,A,1.0471975511965976,0.3333333333333333,3246,-173.80941356450472,-0.06579106562124248,0.5138372013718049,0.5514484143034002,0.31598766739446604
paper_max_T300,A,1.0471975511965976,0.3333333333333333,3247,-173.8629589266801,-0.06579155146715887,0.5400290721501557,0.5564266420838613,0.0
paper_max_T300,A,1.0471975511965976,0.3333333333333333,3248,-173.9165054681855,-0.06579166029488831,0.5138354265819083,0.551447130607896,0.31598630744181666
paper_max_T300,A,1.0471975511965976,0.3333333333333333,3249,-173.9700519200603,-0.06579231883676862,0.5400251327299423,0.5564240701649945,0.0
paper_max_T300,A,1.0471975511965976,0.3333333333333333,3250,-174.02359618190627,-0.06579214361066349,0.5138299960225378,0.5514431857021489,0.31598215509234184
paper_max_T300,A,1.0471975511965976,0.3333333333333333,3251,-174.0771379106326,-0.06579188186687585,0.5400213736949183,0.5564216103439272,0.0
paper_max_T300,A,1.0471975511965976,0.3333333333333333,3252,-174.13067785668807,-0.06579090569363066,0.5138280188287656,0.551441746719773,0.31598064462517095
paper_max_T300,A,1.0471975511965976,0.3333333333333333,3253,-174.18421805372185,-0.06579028465041509,0.5400211706294223,0.5564214765824308,0.0
paper_max_T300,A,1.0471975511965976,0.3333333333333333,3254,-174.23775972826985,-0.06578963534414395,0.5138277444855092,0.5514415486214037,0.3159804342526131
paper_max_T300,A,1.0471975511965976,0.3333333333333333,3255,-174.29130363842984,-0.06578962918205239,0.5400193237867126,0.5564202712606836,0.0
paper_max_T300,A,1.0471975511965976,0.3333333333333333,3256,-174.3448485882036,-0.06578972414761053,0.5138233005619477,0.5514383207752729,0.3159770361431854
paper_max_T300,A,1.0471975511965976,0.3333333333333333,3257,-174.39839291924176,-0.06578962024660828,0.5400143597517297,0.5564170233740613,0.0
paper_max_T300,A,1.0471975511965976,0.3333333333333333,3258,-174.45193550359312,-0.06578938515234728,0.5138185892631585,0.5514348927736453,0.3159734366141333
paper_max_T300,A,1.0471975511965976,0.3333333333333333,3259,-174.505475896108,-0.06578846474262762,0.5400125538597468,0.5564158364162485,0.0
paper_max_T300,A,1.0471975511965976,0.3333333333333333,3260,-174.5590157496975,-0.06578783224137391,0.5138194561821909,0.5514355176619861,0.31597410206605536
paper_max_T300,A,1.0471975511965976,0.3333333333333333,3261,-174.61255673042416,-0.06578709230308738,0.5400146821970497,0.5564172257307191,0.0
paper_max_T300,A,1.0471975511965976,0.3333333333333333,3262,-174.66610039183723,-0.06578723001152842,0.5138213842509216,0.5514369181639869,0.3159755764213933
paper_max_T300,A,1.0471975511965976,0.3333333333333333,3263,-174.71964640377325,-0.0657873184754425,0.5400147562414069,0.5564172740907443,0.0
paper_max_T300,A,1.0471975511965976,0.3333333333333333,3264,-174.7731934883339,-0.06578807489893373,0.5138198610795077,0.5514358099205169,0.3159744126306069
paper_max_T300,A,1.0471975511965976,0.3333333333333333,3265,-174.82673911364304,-0.06578799443884797,0.5400134573337911,0.5564164209670285,0.0
paper_max_T300,A,1.0471975511965976,0.3333333333333333,3266,-174.88028280872913,-0.06578821447710859,0.5138203920290317,0.5514361907083076,0.3159748212050626
paper_max_T300,A,1.0471975511965976,0.3333333333333333,3267,-174.93382464743934,-0.06578764239047097,0.5400164966638695,0.5564184042303504,0.0
paper_max_T300,A,1.0471975511965976,0.3333333333333333,3268,-174.98736707792176,-0.06578765226488364,0.5138260024867116,0.5514402653510395,0.3159791116821188
paper_max_T300,A,1.0471975511965976,0.3333333333333333,3269,-175.04091181897633,-0.06578772195858884,0.5400215742882525,0.5564217255391487,0.0
paper_max_T300,A,1.0471975511965976,0.3333333333333333,3270,-175.09445947403867,-0.06578849189075087,0.5138299635945068,0.5514431463590779,0.31598213854883417
paper_max_T300,A,1.0471975511965976,0.3333333333333333,3271,-175.14800861966228,-0.06578930033657349,0.5400228665927062,0.5564225733617826,0.0
paper_max_T300,A,1.0471975511965976,0.3333333333333333,3272,-175.2015570522887,-0.06579015928586729,0.5138299073994986,0.5514431068980982,0.31598209486915707
paper_max_T300,A,1.0471975511965976,0.3333333333333333,3273,-175.25510285409263,-0.0657905187550486,0.5400231666763406,0.5564227693409523,0.0
paper_max_T300,A,1.0471975511965976,0.3333333333333333,3274,-175.30864625571093,-0.06579049901776618,0.5138321723696159,0.5514447517774438,0.31598382702659567
paper_max_T300,A,1.0471975511965976,0.3333333333333333,3275,-175.36218894102427,-0.06579048331656812,0.540026907496831,0.5564252159971759,0.0
paper_max_T300,A,1.0471975511965976,0.3333333333333333,3276,-175.41573284141379,-0.06579033325790018,0.5138369056121322,0.5514481940067648,0.3159874441264531
paper_max_T300,A,1.0471975511965976,0.3333333333333333,3277,-175.46927938604296,-0.06579099154917462,0.5400296475257366,0.5564270130102051,0.0
paper_max_T300,A,1.0471975511965976,0.3333333333333333,3278,-175.52282731628776,-0.06579141989558546,0.5138370366515631,0.5514482953184955,0.3159875411008491
paper_max_T300,A,1.0471975511965976,0.3333333333333333,3279,-175.57637507444633,-0.06579231317679407,0.5400273847854422,0.5564255381004406,0.0
paper_max_T300,A,1.0471975511965976,0.3333333333333333,3280,-175.62992045671928,-0.06579236956466034,0.5138334659733226,0.5514457029326736,0.31598481013554924
paper_max_T300,A,1.0471975511965976,0.3333333333333333,3281,-175.68346317302678,-0.06579240377368017,0.5400251287259091,0.5564240627282349,0.0
paper_max_T300,A,1.0471975511965976,0.3333333333333333,3282,-175.73700404765412,-0.06579158536299096,0.5138328987224764,0.5514452902746924,0.3159843766626026
paper_max_T300,A,1.0471975511965976,0.3333333333333333,3283,-175.7905453610333,-0.0657913113346214,0.5400258051942316,0.5564245060058433,0.0
paper_max_T300,A,1.0471975511965976,0.3333333333333333,3284,-175.84408808631815,-0.06579072759255145,0.5138331696873596,0.5514454903519415,0.3159845821361863
paper_max_T300,A,1.0471975511965976,0.3333333333333333,3285,-175.8976329478275,-0.06579103336507885,0.5400240763423467,0.5564233797466765,0.0
paper_max_T300,A,1.0471975511965976,0.3333333333333333,3286,-175.95117828519074,-0.06579104624089738,0.5138285263075485,0.5514421195387218,0.3159810305243225
paper_max_T300,A,1.0471975511965976,0.3333333333333333,3287,-176.00472266796862,-0.06579115340851627,0.5400186992130751,0.5564198636943634,0.0
paper_max_T300,A,1.0471975511965976,0.3333333333333333,3288,-176.05826488181788,-0.06579070682092392,0.5138230783458396,0.5514381580660526,0.31597686686325843
paper_max_T300,A,1.0471975511965976,0.3333333333333333,3289,-176.111805010696,-0.06578991044112448,0.54001597226333,0.5564180759664298,0.0
paper_max_T300,A,1.0471975511965976,0.3333333333333333,3290,-176.16534450760514,-0.06578901158614175,0.5138225427483122,0.5514377651901383,0.3159764593119033
paper_max_T300,A,1.0471975511965976,0.3333333333333333,3291,-176.21888517502202,-0.06578830513988809,0.5400165626140295,0.5564184605381716,0.0
paper_max_T300,A,1.0471975511965976,0.3333333333333333,3292,-176.27242810373855,-0.06578814232390318,0.5138224689500654,0.5514377118088682,0.31597640281983563
paper_max_T300,A,1.0471975511965976,0.3333333333333333,3293,-176.3259730663022,-0.0657881236268899,0.5400147812344882,0.556417295917741,0.0
paper_max_T300,A,1.0471975511965976,0.3333333333333333,3294,-176.37951875209728,-0.06578854549606117,0.5138188811401199,0.5514351031730556,0.3159736606685991
paper_max_T300,A,1.0471975511965976,0.3333333333333333,3295,-176.4330629986875,-0.06578822860110362,0.5400117851394668,0.5564153322923558,0.0
paper_max_T300,A,1.0471975511965976,0.3333333333333333,3296,-176.48660545829176,-0.06578815149472378,0.5138176435268542,0.5514341979430419,0.3159727175846233
paper_max_T300,A,1.0471975511965976,0.3333333333333333,3297,-176.54014623745007,-0.06578729299322394,0.5400133879079254,0.5564163749771929,0.0
paper_max_T300,A,1.0471975511965976,0.3333333333333333,3298,-176.59368768630475,-0.0657871202025776,0.5138217518679542,0.5514371798438027,0.3159758603297492
paper_max_T300,A,1.0471975511965976,0.3333333333333333,3299,-176.64723134322566,-0.06578688697934587,0.5400172980094508,0.5564189313694515,0.0
paper_max_T300,A,1.0471975511965976,0.3333333333333333,3300,-176.70077798788873,-0.06578758101747906,0.513824670112935,0.5514393012539087,0.31597809088491546
paper_max_T300,A,1.0471975511965976,0.3333333333333333,3301,-176.75432616073897,-0.06578806704661377,0.5400180251818558,0.5564194074892943,0.0
paper_max_T300,A,1.0471975511965976,0.3333333333333333,3302,-176.80787401458656,-0.06578893822290866,0.5138244500070193,0.5514391404226098,0.31597792304978245
paper_max_T300,A,1.0471975511965976,0.3333333333333333,3303,-176.86141940060406,-0.06578901624128813,0.5400185922840433,0.5564197759339464,0.0
paper_max_T300,A,1.0471975511965976,0.3333333333333333,3304,-176.914962744788,-0.06578913389467378,0.513827406445679,0.5514412859415233,0.31598018480749346
paper_max_T300,A,1.0471975511965976,0.3333333333333333,3305,-176.96850540544938,-0.06578895800945228,0.5400231891073047,0.5564227809603167,0.0
paper_max_T300,A,1.0471975511965976,0.3333333333333333,3306,-177.0220496164946,-0.06578907184508836,0.5138333231074733,0.5514455867711732,0.31598470737640305
paper_max_T300,A,1.0471975511965976,0.3333333333333333,3307,-177.07559660453433,-0.06578968848817046,0.5400271459633882,0.556425372475436,0.0
paper_max_T300,A,1.0471975511965976,0.3333333333333333,3308,-177.1291453812554,-0.06579042728447188,0.513835066443878,0.5514468584938359,0.31598603755534627
paper_max_T300,A,1.0471975511965976,0.3333333333333333,3309,-177.1826940518954,-0.06579136691481396,0.5400265195845335,0.5564249668035494,0.0
paper_max_T300,A,1.0471975511965976,0.3333333333333333,3310,-177.23624047783858,-0.06579172599450217,0.5138335571554405,0.5514457636798739,0.3159848827326531
paper_max_T300,A,1.0471975511965976,0.3333333333333333,3311,-177.2897841565141,-0.06579192030987968,0.5400261520605799,0.5564247267774164,0.0
paper_max_T300,A,1.0471975511965976,0.3333333333333333,3312,-177.3433260866966,-0.06579140052142546,0.5138350608952584,0.5514468566186629,0.3159860322179656
paper_max_T300,A,1.0471975511965976,0.3333333333333333,3313,-177.39686861042662,-0.0657914071020193,0.5400284674424832,0.5564262428354586,0.0
paper_max_T300,A,1.0471975511965976,0.3333333333333333,3314,-177.4504127065448,-0.0657910781409522,0.5138369152888689,0.5514482084352557,0.31598744761537506
paper_max_T300,A,1.0471975511965976,0.3333333333333333,3315,-177.50395897604795,-0.06579170750337915,0.5400278934852987,0.5564258730827257,0.0
paper_max_T300,A,1.0471975511965976,0.3333333333333333,3316,-177.55750542647627,-0.06579185037606117,0.5138333479814993,0.5514456210927208,0.31598471786348803
paper_max_T300,A,1.0471975511965976,0.3333333333333333,3317,-177.6110506281475,-0.06579225846278686,0.5400232697568182,0.5564228515812579,0.0
paper_max_T300,A,1.0471975511965976,0.3333333333333333,3318,-177.66459325985994,-0.0657918076000722,0.5138284886387156,0.5514420893563767,0.31598100318136185
paper_max_T300,A,1.0471975511965976,0.3333333333333333,3319,-177.71813383684605,-0.06579129075461199,0.5400207476270589,0.5564211998634744,0.0
paper_max_T300,A,1.0471975511965976,0.3333333333333333,3320,-177.77167369277373,-0.06579029811560555,0.5138277398134431,0.5514415435461465,0.31598043153045907
paper_max_T300,A,1.0471975511965976,0.3333333333333333,3321,-177.82521483394044,-0.06578982280117396,0.5400207353843307,0.5564211921490706,0.0
paper_max_T300,A,1.0471975511965976,0.3333333333333333,3322,-177.87875783437516,-0.06578947217877401,0.5138265644449396,0.5514406913976873,0.3159795319775638
paper_max_T300,A,1.0471975511965976,0.3333333333333333,3323,-177.93230253968932,-0.06578955905346673,0.5400177218735731,0.5564192232418456,0.0
paper_max_T300,A,1.0471975511965976,0.3333333333333333,3324,-177.98584738835973,-0.06578968516997924,0.5138213992180678,0.5514369376938969,0.3159755832900962
paper_max_T300,A,1.0471975511965976,0.3333333333333333,3325,-178.0393906802168,-0.0657893320114975,0.5400132467137985,0.5564162931655879,0.0
paper_max_T300,A,1.0471975511965976,0.3333333333333333,3326,-178.09293209618676,-0.06578891850116225,0.513818389300507,0.5514347450833661,0.31597328498455957
paper_max_T300,A,1.0471975511965976,0.3333333333333333,3327,-178.1464720267337,-0.06578793277423761,0.5400131905764184,0.5564162510832471,0.0
paper_max_T300,A,1.0471975511965976,0.3333333333333333,3328,-178.20001255997823,-0.06578746392594814,0.5138205047122639,0.5514362787240312,0.31597490414752155
paper_max_T300,A,1.0471975511965976,0.3333333333333333,3329,-178.2535551651739,-0.06578702241276485,0.5400153106294413,0.5564176364588851,0.0
paper_max_T300,A,1.0471975511965976,0.3333333333333333,3330,-178.307100523447,-0.06578746811486724,0.5138214816888579,0.5514369886717508,0.3159756510505605
paper_max_T300,A,1.0471975511965976,0.3333333333333333,3331,-178.36064729480745,-0.06578764991665692,0.5400145407547837,0.5564171322776831,0.0
paper_max_T300,A,1.0471975511965976,0.3333333333333333,3332,-178.4141939106663,-0.06578832758694741,0.5138199119152196,0.5514358454194859,0.3159744522396061
paper_max_T300,A,1.0471975511965976,0.3333333333333333,3333,-178.46773824987474,-0.06578806492885719,0.5400142534523722,0.556416940069127,0.0
paper_max_T300,A,1.0471975511965976,0.3333333333333333,3334,-178.52128087473238,-0.06578810982247973,0.5138222416091209,0.5514375336862801,0.31597623578916884
paper_max_T300,A,1.0471975511965976,0.3333333333333333,3335,-178.57482286531888,-0.06578764405391713,0.5400185489930796,0.5564197463757996,0.0
paper_max_T300,A,1.0471975511965976,0.3333333333333333,3336,-178.62836662756342,-0.06578783442338038,0.513828080442572,0.5514417762235158,0.3159806998061411
paper_max_T300,A,1.0471975511965976,0.3333333333333333,3337,-178.68191319195404,-0.06578822621003722,0.5400226996149572,0.556422462799313,0.0
paper_max_T300,A,1.0471975511965976,0.3333333333333333,3338,-178.7354619399863,-0.0657891368056499,0.513830414317023,0.5514434750980538,0.31598248247463034
paper_max_T300,A,1.0471975511965976,0.3333333333333333,3339,-178.78901072414277,-0.06578991313510568,0.5400229616904053,0.5564226362245387,0.0
paper_max_T300,A,1.0471975511965976,0.3333333333333333,3340,-178.84255762524526,-0.06579050591746621,0.5138303164956769,0.5514434043782639,0.3159824075355991
paper_max_T300,A,1.0471975511965976,0.3333333333333333,3341,-178.89610179149668,-0.06579065405330942,0.5400241031371572,0.5564233820155403,0.0
paper_max_T300,A,1.0471975511965976,0.3333333333333333,3342,-178.94964444555353,-0.06579044253476929,0.5138336960630177,0.5514458598219221,0.3159849914500154
paper_max_T300,A,1.0471975511965976,0.3333333333333333,3343,-179.00318779384418,-0.06579055354209151,0.5400281004590102,0.5564259978052601,0.0
paper_max_T300,A,1.0471975511965976,0.3333333333333333,3344,-179.05673304539067,-0.06579056440501696,0.5138374295269448,0.5514485769989944,0.3159878434449935
paper_max_T300,A,1.0471975511965976,0.3333333333333333,3345,-179.11028060460433,-0.06579139522339605,0.5400291494822795,0.5564266894945356,0.0
paper_max_T300,A,1.0471975511965976,0.3333333333333333,3346,-179.16382839273092,-0.06579181745101548,0.5138356871440173,0.5514473161695072,0.3159865086259892
paper_max_T300,A,1.0471975511965976,0.3333333333333333,3347,-179.21737475998344,-0.06579247703654106,0.540026102480948,0.5564247000181657,0.0
paper_max_T300,A,1.0471975511965976,0.3333333333333333,3348,-179.27091833964198,-0.06579221638058419,0.5138325033391085,0.5514450032984547,0.3159840742479511
paper_max_T300,A,1.0471975511965976,0.3333333333333333,3349,-179.32445984211824,-0.06579200903589222,0.5400248409453183,0.5564238743837487,0.0
paper_max_T300,A,1.0471975511965976,0.3333333333333333,3350,-179.37800062647852,-0.06579113407507386,0.5138328134036858,0.5514452287515225,0.3159843111662267
paper_max_T300,A,1.0471975511965976,0.3333333333333333,3351,-179.4315428667196,-0.0657909931000844,0.5400253738628077,0.5564242249702107,0.0
paper_max_T300,A,1.0471975511965976,0.3333333333333333,3352,-179.48508674403075,-0.06579065249914151,0.5138318285973315,0.5514445169330164,0.3159835562991621
paper_max_T300,A,1.0471975511965976,0.3333333333333333,3353,-179.538632078437,-0.0657910074165099,0.5400222160466804,0.5564221635519236,0.0
paper_max_T300,A,1.0471975511965976,0.3333333333333333,3354,-179.59217695097306,-0.06579099607447592,0.5138262188634757,0.551440442073608,0.31597926684120126
paper_max_T300,A,1.0471975511965976,0.3333333333333333,3355,-179.6457200451743,-0.06579080756239275,0.5400171318627175,0.5564188369671779,0.0
paper_max_T300,A,1.0471975511965976,0.3333333333333333,3356,-179.6992610097824,-0.06579015560270318,0.5138222428862267,0.5514375490428535,0.3159762291391256
paper_max_T300,A,1.0471975511965976,0.3333333333333333,3357,-179.75280067045742,-0.06578925333336755,0.5400159436375285,0.5564180557999105,0.0
paper_max_T300,A,1.0471975511965976,0.3333333333333333,3358,-179.8063407921038,-0.06578851094736882,0.5138227368202343,0.55143790551833,0.3159766080627253
paper_max_T300,A,1.0471975511965976,0.3333333333333333,3359,-179.85988287886414,-0.06578805086049844,0.5400163936818951,0.5564183498243724,0.0
paper_max_T300,A,1.0471975511965976,0.3333333333333333,3360,-179.9134272522915,-0.06578819166818384,0.5138216689949732,0.5514371300304997,0.3159757914946851
paper_max_T300,A,1.0471975511965976,0.3333333333333333,3361,-179.9669727772257,-0.06578821292275261,0.540013827766383,0.5564166711037565,0.0
paper_max_T300,A,1.0471975511965976,0.3333333333333333,3362,-180.020517990455,-0.06578857120628673,0.5138181811736711,0.5514345925498338,0.31597312655899135
paper_max_T300,A,1.0471975511965976,0.3333333333333333,3363,-180.07406107080573,-0.06578804705631297,0.5400120006256328,0.5564154710102422,0.0
paper_max_T300,A,1.0471975511965976,0.3333333333333333,3364,-180.12760262718461,-0.06578784180808128,0.5138189210434836,0.5514351245307073,0.3159736951827853
paper_max_T300,A,1.0471975511965976,0.3333333333333333,3365,-180.18114363362702,-0.0657870885928426,0.5400150169975844,0.5564174396159546,0.0
paper_max_T300,A,1.0471975511965976,0.3333333333333333,3366,-180.23468644573438,-0.06578714939643415,0.5138234652337745,0.5514384249732969,0.3159771701605363
paper_max_T300,A,1.0471975511965976,0.3333333333333333,3367,-180.28823195900543,-0.06578724078448939,0.540018236687051,0.5564195456806299,0.0
paper_max_T300,A,1.0471975511965976,0.3333333333333333,3368,-180.34177984420376,-0.06578811703220122,0.5138250956581356,0.5514396107434274,0.3159784160558171
paper_max_T300,A,1.0471975511965976,0.3333333333333333,3369,-180.39532788497803,-0.06578858876160742,0.54001827090257,0.5564195679246906,0.0
paper_max_T300,A,1.0471975511965976,0.3333333333333333,3370,-180.4488744592432,-0.06578923938963233,0.5138252085953591,0.5514396910765953,0.31597850331568517
paper_max_T300,A,1.0471975511965976,0.3333333333333333,3371,-180.50241840992754,-0.06578915463929608,0.5400199581558699,0.5564206688405728,0.0
paper_max_T300,A,1.0471975511965976,0.3333333333333333,3372,-180.5559611557092,-0.06578912959954597,0.5138295165870939,0.5514428196668151,0.31598179783515584
paper_max_T300,A,1.0471975511965976,0.3333333333333333,3373,-180.6095046383108,-0.06578913704986966,0.5400249630916019,0.5564239423865064,0.0
paper_max_T300,A,1.0471975511965976,0.3333333333333333,3374,-180.66305039415977,-0.06578943504733903,0.5138345755400486,0.5514464988438621,0.31598566380658694
paper_max_T300,A,1.0471975511965976,0.3333333333333333,3375,-180.716598610375,-0.0657902665639995,0.5400273513378014,0.5564255087681886,0.0
paper_max_T300,A,1.0471975511965976,0.3333333333333333,3376,-180.77014737798692,-0.06579099258634086,0.5138345779593729,0.5514465050050702,0.315985663339773
paper_max_T300,A,1.0471975511965976,0.3333333333333333,3377,-180.82369470570407,-0.06579173974106778,0.5400260218291104,0.5564246420338976,0.0
paper_max_T300,A,1.0471975511965976,0.3333333333333333,3378,-180.87723929126952,-0.06579176887026866,0.5138334625770022,0.551445695264599,0.315984810265059
paper_max_T300,A,1.0471975511965976,0.3333333333333333,3379,-180.93078176601597,-0.06579176644366425,0.5400265580049995,0.556424992709127,0.0
paper_max_T300,A,1.0471975511965976,0.3333333333333333,3380,-180.98432366012167,-0.06579116877844154,0.5138356407418944,0.5514472791037193,0.3159864748946626
paper_max_T300,A,1.0471975511965976,0.3333333333333333,3381,-181.03786719749294,-0.06579132944536675,0.5400285007563048,0.5564262663444473,0.0
paper_max_T300,A,1.0471975511965976,0.3333333333333333,3382,-181.09141241454898,-0.06579119506486919,0.5138359703259882,0.551447523624004,0.3159867242148287
paper_max_T300,A,1.0471975511965976,0.3333333333333333,3383,-181.14495898173325,-0.06579186209152421,0.5400262772960223,0.5564248173592563,0.0
paper_max_T300,A,1.0471975511965976,0.3333333333333333,3384,-181.19850466679256,-0.06579192032649028,0.5138311976631535,0.551444058690096,0.3159830738519184
paper_max_T300,A,1.0471975511965976,0.3333333333333333,3385,-181.2520483222817,-0.06579201277155367,0.5400217195641588,0.5564218369739993,0.0
paper_max_T300,A,1.0471975511965976,0.3333333333333333,3386,-181.30558956283147,-0.06579131252887288,0.5138275066103489,0.5514413746678631,0.31598025295825194
paper_max_T300,A,1.0471975511965976,0.3333333333333333,3387,-181.35912964221237,-0.06579066520225657,0.5400204293032261,0.5564209909600063,0.0
paper_max_T300,A,1.0471975511965976,0.3333333333333333,3388,-181.41267006953387,-0.06578979463968265,0.5138274295984656,0.5514413180716894,0.31598019440237846
paper_max_T300,A,1.0471975511965976,0.3333333333333333,3389,-181.4662124352189,-0.0657895172945282,0.5400200003361246,0.5564207117312513,0.0
paper_max_T300,A,1.0471975511965976,0.3333333333333333,3390,-181.5197565611005,-0.0657894331409839,0.5138250321925012,0.5514395778754677,0.31597836061330314
paper_max_T300,A,1.0471975511965976,0.3333333333333333,3391,-181.5733014947839,-0.06578949826565361,0.5400160845813768,0.5564181514566267,0.0
paper_max_T300,A,1.0471975511965976,0.3333333333333333,3392,-181.62684568747628,-0.06578954250867391,0.5138199026041127,0.5514358482279486,0.3159744401079472
paper_max_T300,A,1.0471975511965976,0.3333333333333333,3393,-181.6803877922643,-0.06578893737152153,0.5400127484874317,0.5564159650000067,0.0
paper_max_T300,A,1.0471975511965976,0.3333333333333333,3394,-181.73392838629334,-0.06578841234822908,0.5138188435895055,0.5514350732283598,0.3159736333316334
paper_max_T300,A,1.0471975511965976,0.3333333333333333,3395,-181.78746855642274,-0.06578750191433175,0.5400140965074571,0.5564168424422589,0.0
paper_max_T300,A,1.0471975511965976,0.3333333333333333,3396,-181.84101038574005,-0.06578729648385162,0.5138214357292128,0.5514369548655724,0.3159756161331503
paper_max_T300,A,1.0471975511965976,0.3333333333333333,3397,-181.89455471893967,-0.06578714853935819,0.5400156403044648,0.5564178518728045,0.0
paper_max_T300,A,1.0471975511965976,0.3333333333333333,3398,-181.9481012956394,-0.06578780593352634,0.5138213560942154,0.5514368968752293,0.31597555528723975
paper_max_T300,A,1.0471975511965976,0.3333333333333333,3399,-182.0016480387806,-0.06578795827973055,0.5400144486903052,0.5564170709109617,0.0
paper_max_T300,A,1.0471975511965976,0.3333333333333333,3400,-182.05519359837515,-0.06578846179986836,0.5138204550582474,0.5514362386297563,0.3159748682517124
paper_max_T300,A,1.0471975511965976,0.3333333333333333,3401,-182.10873671332288,-0.06578805632405443,0.5400155597868341,0.5564177932198543,0.0
paper_max_T300,A,1.0471975511965976,0.3333333333333333,3402,-182.16227890183126,-0.0657880201990364,0.5138244129232673,0.5514391111027039,0.315977895995212
paper_max_T300,A,1.0471975511965976,0.3333333333333333,3403,-182.21582182718612,-0.06578777371225425,0.5400204847997947,0.5564210129274377,0.0
paper_max_T300,A,1.0471975511965976,0.3333333333333333,3404,-182.26936728412258,-0.06578819432278177,0.513829651898599,0.5514429193914238,0.3159819005156862
paper_max_T300,A,1.0471975511965976,0.3333333333333333,3405,-182.32291528609198,-0.06578883429220156,0.5400233183050354,0.5564228686906114,0.0
paper_max_T300,A,1.0471975511965976,0.3333333333333333,3406,-182.37646425711287,-0.06578975623437705,0.5138305483122828,0.5514435733665207,0.31598258444077654
paper_max_T300,A,1.0471975511965976,0.3333333333333333,3407,-182.43001189381064,-0.0657903853320908,0.5400231243529053,0.55642274298526,0.0
paper_max_T300,A,1.0471975511965976,0.3333333333333333,3408,-182.4835570653894,-0.06579066930922173,0.5138310517425395,0.5514439388200253,0.31598296956304106
paper_max_T300,A,1.0471975511965976,0.3333333333333333,3409,-182.53710012376064,-0.06579068111137093,0.5400252606263487,0.5564241395106629,0.0
paper_max_T300,A,1.0471975511965976,0.3333333333333333,3410,-182.59064285201887,-0.06579040222715699,0.5138351099980333,0.5514468885723931,0.3159860717099247
paper_max_T300,A,1.0471975511965976,0.3333333333333333,3411,-182.6441873790269,-0.0657907133507849,0.5400288330071977,0.5564264788343287,0.0
paper_max_T300,A,1.0471975511965976,0.3333333333333333,3412,-182.69773386492992,-0.06579089601779753,0.5138372359128838,0.5514484385144035,0.3159876942605888
paper_max_T300,A,1.0471975511965976,0.3333333333333333,3413,-182.75128173753586,-0.06579178485115544,0.5400281562168355,0.5564260416392867,0.0
paper_max_T300,A,1.0471975511965976,0.3333333333333333,3414,-182.80482862174586,-0.06579207885435079,0.5138341834883977,0.5514462243332563,0.31598535865483024
paper_max_T300,A,1.0471975511965976,0.3333333333333333,3415,-182.85837327925896,-0.06579243688730602,0.5400250366781754,0.5564240030055014,0.0
paper_max_T300,A,1.0471975511965976,0.3333333333333333,3416,-182.91191534425417,-0.06579188771668698,0.5138319283303864,0.5514445852387246,0.31598363474496616
paper_max_T300,A,1.0471975511965976,0.3333333333333333,3417,-182.96545634179282,-0.0657915559966985,0.5400247242479761,0.5564237981837926,0.0
paper_max_T300,A,1.0471975511965976,0.3333333333333333,3418,-183.01899769272973,-0.06579076047701216,0.5138325429133819,0.5514450329771575,0.31598410395712523
paper_max_T300,A,1.0471975511965976,0.3333333333333333,3419,-183.07254105381702,-0.0657907925745067,0.5400245232369748,0.556423669748487,0.0
paper_max_T300,A,1.0471975511965976,0.3333333333333333,3420,-183.12608578278537,-0.06579066189742089,0.5138300249861815,0.5514432069807129,0.3159821770892248
paper_max_T300,A,1.0471975511965976,0.3333333333333333,3421,-183.17963098945208,-0.06579094719264039,0.5400202413925983,0.5564208718427878,0.0
paper_max_T300,A,1.0471975511965976,0.3333333333333333,3422,-183.23317491100187,-0.06579080818272948,0.513824236515563,0.5514390002311651,0.3159777520078517
paper_max_T300,A,1.0471975511965976,0.3333333333333333,3423,-183.28671668188628,-0.06579032468839596,0.5400161117219106,0.5564181679193858,0.0
paper_max_T300,A,1.0471975511965976,0.3333333333333333,3424,-183.34025681713754,-0.06578954516718577,0.5138219911549019,0.5514373644704903,0.3159760375466079
paper_max_T300,A,1.0471975511965976,0.3333333333333333,3425,-183.39379668890444,-0.06578867693926505,0.5400161390140888,0.5564181826385558,0.0
paper_max_T300,A,1.0471975511965976,0.3333333333333333,3426,-183.44733797756803,-0.0657881943304538,0.5138227967296515,0.5514379486952261,0.3159766540669723
paper_max_T300,A,1.0471975511965976,0.3333333333333333,3427,-183.50088154319096,-0.06578797480064341,0.5400159488814027,0.5564180586298753,0.0
paper_max_T300,A,1.0471975511965976,0.3333333333333333,3428,-183.55442692977155,-0.06578832805910068,0.5138207103895392,0.5514364325930484,0.31597505906489676
paper_max_T300,A,1.0471975511965976,0.3333333333333333,3429,-183.60797234577305,-0.06578827558488609,0.5400130753061742,0.5564161773511146,0.0
paper_max_T300,A,1.0471975511965976,0.3333333333333333,3430,-183.66151660419126,-0.06578848604735904,0.5138180695823623,0.5514345093833725,0.3159730423276297
paper_max_T300,A,1.0471975511965976,0.3333333333333333,3431,-183.71505861142737,-0.06578780601192508,0.5400128105283173,0.55641599883312,0.0
paper_max_T300,A,1.0471975511965976,0.3333333333333333,3432,-183.7685998601677,-0.06578757187699635,0.5138206184191005,0.5514363568587369,0.315974993429584
paper_max_T300,A,1.0471975511965976,0.3333333333333333,3433,-183.82214183371985,-0.06578704120377676,0.5400166267722738,0.5564184922291094,0.0
paper_max_T300,A,1.0471975511965976,0.3333333333333333,3434,-183.8756863798927,-0.06578738084687424,0.5138248024323735,0.5514393970895697,0.31597819222074963
paper_max_T300,A,1.0471975511965976,0.3333333333333333,3435,-183.92923342797002,-0.06578772675358496,0.540018798845395,0.5564199137108088,0.0
paper_max_T300,A,1.0471975511965976,0.3333333333333333,3436,-183.98278174428012,-0.06578865351515839,0.5138253558815118,0.5514397998488926,0.31597861497932817
paper_max_T300,A,1.0471975511965976,0.3333333333333333,3437,-184.03632888191373,-0.0657890058705296,0.5400187040561294,0.5564198507861012,0.0
paper_max_T300,A,1.0471975511965976,0.3333333333333333,3438,-184.08987393918045,-0.06578939389718286,0.5138263997436718,0.5514405561769571,0.3159794142171329
paper_max_T300,A,1.0471975511965976,0.3333333333333333,3439,-184.1434169400478,-0.06578922691306016,0.540021610183079,0.5564217493130467,0.0
paper_max_T300,A,1.0471975511965976,0.3333333333333333,3440,-184.19695990006002,-0.06578917585812433,0.5138315664915434,0.5514443101934446,0.3159833644968632
paper_max_T300,A,1.0471975511965976,0.3333333333333333,3441,-184.25050474284333,-0.06578943511071461,0.540026309219075,0.5564248243986661,0.0
paper_max_T300,A,1.0471975511965976,0.3333333333333333,3442,-184.3040519311353,-0.06578991505437587,0.5138351407940616,0.5514469115984495,0.3159860948773473
paper_max_T300,A,1.0471975511965976,0.3333333333333333,3443,-184.35760063193865,-0.0657908426422888,0.5400270783107285,0.5564253318695768,0.0
paper_max_T300,A,1.0471975511965976,0.3333333333333333,3444,-184.4111485493125,-0.06579142792227555,0.5138339301208753,0.5514460352135753,0.3159851675683145
paper_max_T300,A,1.0471975511965976,0.3333333333333333,3445,-184.46469415737002,-0.06579191467273232,0.5400257037784257,0.5564244344272408,0.0
paper_max_T300,A,1.0471975511965976,0.3333333333333333,3446,-184.51823718994362,-0.06579164037291935,0.51383367388613,0.5514458491264006,0.3159849716378611
paper_max_T300,A,1.0471975511965976,0.3333333333333333,3447,-184.57177920607825,-0.06579155149159638,0.5400270361887527,0.5564253061706966,0.0
paper_max_T300,A,1.0471975511965976,0.3333333333333333,3448,-184.62532173493614,-0.06579100419512579,0.5138359097183464,0.5514474760091898,0.3159866797491036
paper_max_T300,A,1.0471975511965976,0.3333333333333333,3449,-184.67886642250323,-0.06579134560853672,0.5400280061008061,0.5564259446094738,0.0
paper_max_T300,A,1.0471975511965976,0.3333333333333333,3450,-184.73241235538626,-0.06579136646428224,0.513834447789611,0.5514464186879988,0.3159855594843584
paper_max_T300,A,1.0471975511965976,0.3333333333333333,3451,-184.7859585380346,-0.06579194556948464,0.5400244486124042,0.5564236219497883,0.0
paper_max_T300,A,1.0471975511965976,0.3333333333333333,3452,-184.8395029773021,-0.06579182055666927,0.5138292548612353,0.5514426464299829,0.315981588818055
paper_max_T300,A,1.0471975511965976,0.3333333333333333,3453,-184.8930451297112,-0.0657915969394478,0.5400206030139282,0.5564211056802729,0.0
paper_max_T300,A,1.0471975511965976,0.3333333333333333,3454,-184.94658548000226,-0.06579073216320719,0.5138269735750252,0.5514409864141612,0.3159798459116292
paper_max_T300,A,1.0471975511965976,0.3333333333333333,3455,-185.00012574252221,-0.0657900882587818,0.5400202248384282,0.5564208569150273,0.0
paper_max_T300,A,1.0471975511965976,0.3333333333333333,3456,-185.05366721002463,-0.06578944457351688,0.5138268875699235,0.5514409243650904,0.3159797799444425
paper_max_T300,A,1.0471975511965976,0.3333333333333333,3457,-185.10721077513426,-0.06578935336519232,0.5400189366478828,0.5564200162022624,0.0
paper_max_T300,A,1.0471975511965976,0.3333333333333333,3458,-185.16075558816982,-0.06578944977579537,0.5138233173505466,0.5514383311540975,0.31597704991753206
paper_max_T300,A,1.0471975511965976,0.3333333333333333,3459,-185.2143001669486,-0.06578938413834767,0.5400146486743052,0.556417210820163,0.0
paper_max_T300,A,1.0471975511965976,0.3333333333333333,3460,-185.26784334653553,-0.06578927529843942,0.513819006825861,0.5514351951422954,0.3159737563922841
paper_max_T300,A,1.0471975511965976,0.3333333333333333,3461,-185.32138442938657,-0.06578847808462274,0.5400128618488673,0.5564160370677511,0.0
paper_max_T300,A,1.0471975511965976,0.3333333333333333,3462,-185.37492478318003,-0.06578794926599907,0.5138197503024265,0.551435730694099,0.3159743272747028
paper_max_T300,A,1.0471975511965976,0.3333333333333333,3463,-185.42846587275585,-0.06578723406049708,0.5400150337885353,0.5564174548405034,0.0
paper_max_T300,A,1.0471975511965976,0.3333333333333333,3464,-185.48200934371857,-0.06578733757063099,0.5138220822196935,0.5514374244966828,0.3159761104551055
paper_max_T300,A,1.0471975511965976,0.3333333333333333,3465,-185.53555513619398,-0.06578741755459788,0.5400157026151919,0.5564178923013406,0.0
paper_max_T300,A,1.0471975511965976,0.3333333333333333,3466,-185.58910221851426,-0.06578815802954463,0.5138212083104386,0.5514367886677147,0.3159754427141973
paper_max_T300,A,1.0471975511965976,0.3333333333333333,3467,-185.64264823837635,-0.0657881882590649,0.5400146706193047,0.5564172147642004,0.0
paper_max_T300,A,1.0471975511965976,0.3333333333333333,3468,-185.6961925101591,-0.06578848113517383,0.5138215609825645,0.5514370409895676,0.3159757144213395
paper_max_T300,A,1.0471975511965976,0.3333333333333333,3469,-185.74973484636007,-0.06578802259454736,0.5400172522420688,0.5564188994137552,0.0
paper_max_T300,A,1.0471975511965976,0.3333333333333333,3470,-185.80327737750918,-0.06578801837503978,0.5138266276856225,0.5514407207356873,0.3159795890670739
paper_max_T300,A,1.0471975511965976,0.3333333333333333,3471,-185.856821789285,-0.0657880596162892,0.5400220838689134,0.5564220596984795,0.0
paper_max_T300,A,1.0471975511965976,0.3333333333333333,3472,-185.9103688651949,-0.06578869797818565,0.5138306425792167,0.5514436406302051,0.3159826571673978
paper_max_T300,A,1.0471975511965976,0.3333333333333333,3473,-185.96391757981786,-0.06578946851746403,0.5400235480182461,0.5564230199874534,0.0
paper_max_T300,A,1.0471975511965976,0.3333333333333333,3474,-186.01746589800138,-0.06579026898530915,0.5138306037295808,0.5514436141979832,0.31598262652233755
paper_max_T300,A,1.0471975511965976,0.3333333333333333,3475,-186.07101195343935,-0.0657906876912272,0.5400235064070132,0.5564229930603898,0.0
paper_max_T300,A,1.0471975511965976,0.3333333333333333,3476,-186.12455564596937,-0.06579068611456185,0.5138320963737184,0.5514446982358246,0.31598376802418254
paper_max_T300,A,1.0471975511965976,0.3333333333333333,3477,-186.17809834975284,-0.06579066860386767,0.5400264628501653,0.556424926643045,0.0
paper_max_T300,A,1.0471975511965976,0.3333333333333333,3478,-186.23164184402634,-0.06579043983280364,0.5138361612248465,0.5514476541461796,0.3159868744713032
paper_max_T300,A,1.0471975511965976,0.3333333333333333,3479,-186.28518766831672,-0.06579096670574902,0.5400289850431866,0.5564265803231511,0.0
paper_max_T300,A,1.0471975511965976,0.3333333333333333,3480,-186.33873490626794,-0.0657912715968969,0.5138364005158799,0.5514478333360814,0.3159870546158753
paper_max_T300,A,1.0471975511965976,0.3333333333333333,3481,-186.3922823148677,-0.06579208657738672,0.5400268840262816,0.5564252107615505,0.0
paper_max_T300,A,1.0471975511965976,0.3333333333333333,3482,-186.44582776684717,-0.06579215357020574,0.5138327897763847,0.5514452118052715,0.31598429303328973
paper_max_T300,A,1.0471975511965976,0.3333333333333333,3483,-186.49937078402908,-0.06579220680102155,0.5400242944100784,0.5564235173055363,0.0
paper_max_T300,A,1.0471975511965976,0.3333333333333333,3484,-186.55291189967943,-0.06579145560359184,0.5138316556766181,0.551444387024731,0.31598342632150245
paper_max_T300,A,1.0471975511965976,0.3333333333333333,3485,-186.60645309353572,-0.06579112393127357,0.5400245874407893,0.5564237091631494,0.0
paper_max_T300,A,1.0471975511965976,0.3333333333333333,3486,-186.659995423701,-0.06579050954342613,0.5138319013385227,0.5514445677004116,0.3159836129842526
paper_max_T300,A,1.0471975511965976,0.3333333333333333,3487,-186.71353977688173,-0.06579069245885366,0.5400232426293003,0.5564228330815527,0.0
paper_max_T300,A,1.0471975511965976,0.3333333333333333,3488,-186.7670848575935,-0.06579068796632653,0.5138279475771879,0.5514416974622576,0.31598058886916136
paper_max_T300,A,1.0471975511965976,0.3333333333333333,3489,-186.82062938517572,-0.06579079423963419,0.5400184007115273,0.5564196670761093,0.0
paper_max_T300,A,1.0471975511965976,0.3333333333333333,3490,-186.87417210581705,-0.06579046776336883,0.5138227837658045,0.5514379428723517,0.3159766422400323
paper_max_T300,A,1.0471975511965976,0.3333333333333333,3491,-186.927712811179,-0.06578975245181079,0.5400156438005302,0.556417860140103,0.0
paper_max_T300,A,1.0471975511965976,0.3333333333333333,3492,-186.98125271412886,-0.0657889616621497,0.5138221376421674,0.5514374697049547,0.31597615017896935
paper_max_T300,A,1.0471975511965976,0.3333333333333333,3493,-187.03479341367014,-0.06578824572048858,0.5400163427187524,0.5564183153526576,0.0
paper_max_T300,A,1.0471975511965976,0.3333333333333333,3494,-187.08833615363193,-0.06578807094351291,0.513822585648204,0.5514377950676225,0.31597649282866047
paper_max_T300,A,1.0471975511965976,0.3333333333333333,3495,-187.14188094171442,-0.06578802808089945,0.5400152839146096,0.5564176231789895,0.0
paper_max_T300,A,1.0471975511965976,0.3333333333333333,3496,-187.19542672332108,-0.06578847223235612,0.5138198123551899,0.5514357787670717,0.31597437314933174
paper_max_T300,A,1.0471975511965976,0.3333333333333333,3497,-187.24897145038787,-0.06578826470017629,0.5400127209815995,0.5564159437633905,0.0
paper_max_T300,A,1.0471975511965976,0.3333333333333333,3498,-187.3025145809265,-0.06578830113209011,0.5138186172864858,0.5514349054723735,0.31597346205661436
paper_max_T300,A,1.0471975511965976,0.3333333333333333,3499,-187.35605594286824,-0.06578756478936143,0.5400140909269456,0.5564168348929196,0.0
paper_max_T300,A,1.0471975511965976,0.3333333333333333,3500,-187.40959761459115,-0.06578741596180282,0.5138224620657118,0.5514376961197041,0.3159764031571205
paper_max_T300,A,1.0471975511965976,0.3333333333333333,3501,-187.46314109541237,-0.06578717889850838,0.5400180046725341,0.5564193936250822,0.0
paper_max_T300,A,1.0471975511965976,0.3333333333333333,3502,-187.51668734342863,-0.06578777961021187,0.5138256963395571,0.5514400471790383,0.3159788753240798
paper_max_T300,A,1.0471975511965976,0.3333333333333333,3503,-187.57023526923166,-0.0657882679080557,0.5400191010306722,0.5564201115455099,0.0
paper_max_T300,A,1.0471975511965976,0.3333333333333333,3504,-187.62378316903346,-0.06578911150859001,0.5138256756144464,0.5514400319657639,0.3159788595335148
paper_max_T300,A,1.0471975511965976,0.3333333333333333,3505,-187.67732894742846,-0.06578929102066311,0.5400194561312207,0.5564203422140978,0.0
paper_max_T300,A,1.0471975511965976,0.3333333333333333,3506,-187.73087269074236,-0.06578943857352165,0.5138279805983385,0.5514417047691968,0.31598062288599604
paper_max_T300,A,1.0471975511965976,0.3333333333333333,3507,-187.7844154747583,-0.06578929808088474,0.5400233527834242,0.5564228895164283,0.0
paper_max_T300,A,1.0471975511965976,0.3333333333333333,3508,-187.83795935458357,-0.06578932806296783,0.5138332886270696,0.5514455630210944,0.31598468031738625
paper_max_T300,A,1.0471975511965976,0.3333333333333333,3509,-187.89150569313097,-0.06578984846622016,0.5400270987030614,0.5564253425579705,0.0
paper_max_T300,A,1.0471975511965976,0.3333333333333333,3510,-187.9450538038472,-0.06579044926580424,0.5138350833012495,0.5514468716128926,0.31598604997823165
paper_max_T300,A,1.0471975511965976,0.3333333333333333,3511,-187.99860214230452,-0.06579133844246898,0.5400265273799562,0.5564249727792743,0.0
paper_max_T300,A,1.0471975511965976,0.3333333333333333,3512,-188.05214860982653,-0.06579168091780124,0.5138333621010525,0.5514456229905975,0.3159847330431187
paper_max_T300,A,1.0471975511965976,0.3333333333333333,3513,-188.10569254657503,-0.0657919029041682,0.540025648917025,0.5564243987779476,0.0
paper_max_T300,A,1.0471975511965976,0.3333333333333333,3514,-188.15923462250007,-0.06579140865908811,0.5138340849069739,0.5514461483024874,0.3159852855824913
paper_max_T300,A,1.0471975511965976,0.3333333333333333,3515,-188.2127769097424,-0.06579134807359399,0.5400273868602462,0.5564255365757096,0.0
paper_max_T300,A,1.0471975511965976,0.3333333333333333,3516,-188.26632045794258,-0.06579094460276486,0.5138356832685513,0.551447313062682,0.3159865057766624
paper_max_T300,A,1.0471975511965976,0.3333333333333333,3517,-188.31986607378713,-0.06579143232278462,0.5400269790226738,0.5564252744537181,0.0
paper_max_T300,A,1.0471975511965976,0.3333333333333333,3518,-188.37341212700125,-0.06579152200741656,0.5138325423794533,0.551445034925554,0.3159841023609384
paper_max_T300,A,1.0471975511965976,0.3333333333333333,3519,-188.42695734497022,-0.06579189997725432,0.5400226567602059,0.5564224499279159,0.0
paper_max_T300,A,1.0471975511965976,0.3333333333333333,3520,-188.48050034859767,-0.06579153901910445,0.5138277222247286,0.551441531799331,0.31598041757126494
paper_max_T300,A,1.0471975511965976,0.3333333333333333,3521,-188.53404134206588,-0.06579106091925707,0.5400199261979048,0.5564206619814469,0.0
paper_max_T300,A,1.0471975511965976,0.3333333333333333,3522,-188.58758143743557,-0.06579015331997068,0.5138267144772604,0.5514407975453156,0.31597964813338647
paper_max_T300,A,1.0471975511965976,0.3333333333333333,3523,-188.64112244812617,-0.0657896241816956,0.5400199375069721,0.5564206690015876,0.0
paper_max_T300,A,1.0471975511965976,0.3333333333333333,3524,-188.69466515378335,-0.0657892568134289,0.5138260055417097,0.5514402835861931,0.3159791055576491
paper_max_T300,A,1.0471975511965976,0.3333333333333333,3525,-188.74820962119477,-0.06578928490149472,0.5400176249143549,0.5564191580545719,0.0
paper_max_T300,A,1.0471975511965976,0.3333333333333333,3526,-188.80175455989962,-0.06578944826666433,0.5138216605865338,0.5514371260911268,0.31597578389864656
paper_max_T300,A,1.0471975511965976,0.3333333333333333,3527,-188.85529832149263,-0.06578917790956307,0.5400136227702816,0.5564165379666971,0.0
paper_max_T300,A,1.0471975511965976,0.3333333333333333,3528,-188.90884041242822,-0.06578890247379687,0.5138187913458687,0.5514350364687453,0.3159735927468755
paper_max_T300,A,1.0471975511965976,0.3333333333333333,3529,-188.96238091586264,-0.06578801985100818,0.5400134720433623,0.5564164345252738,0.0
paper_max_T300,A,1.0471975511965976,0.3333333333333333,3530,-189.01592171080114,-0.06578760650265475,0.5138208522792769,0.551436530620582,0.31597517020036725
paper_max_T300,A,1.0471975511965976,0.3333333333333333,3531,-189.06946421665617,-0.06578715950822822,0.5400158086096193,0.5564179613430907,0.0
paper_max_T300,A,1.0471975511965976,0.3333333333333333,3532,-189.1230093194342,-0.06578755392174335,0.513822397158168,0.5514376532190985,0.315976351282349
paper_max_T300,A,1.0471975511965976,0.3333333333333333,3533,-189.17655600044506,-0.06578775658000491,0.5400156244178217,0.556417840600695,0.0
paper_max_T300,A,1.0471975511965976,0.3333333333333333,3534,-189.23010282521022,-0.06578845085831314,0.5138212626632208,0.5514368271199286,0.31597548480461507
paper_max_T300,A,1.0471975511965976,0.3333333333333333,3535,-189.28364769699863,-0.0657883180579576,0.5400153286272963,0.5564176438726782,0.0
paper_max_T300,A,1.0471975511965976,0.3333333333333333,3536,-189.33719085392676,-0.06578842576404753,0.5138231723506821,0.5514382110317279,0.3159769468018983
paper_max_T300,A,1.0471975511965976,0.3333333333333333,3537,-189.39073310526084,-0.06578802864892225,0.5400191249487287,0.55642012407133,0.0
paper_max_T300,A,1.0471975511965976,0.3333333333333333,3538,-189.44427667922128,-0.06578815637654162,0.5138286119908211,0.5514421634403387,0.3159811056589111
paper_max_T300,A,1.0471975511965976,0.3333333333333333,3539,-189.4978227471096,-0.06578849350024257,0.5400232137886672,0.5564227998813951,0.0
paper_max_T300,A,1.0471975511965976,0.3333333333333333,3540,-189.55137095658128,-0.06578927912376825,0.513831108722238,0.5514439805884642,0.31598301287714337
paper_max_T300,A,1.0471975511965976,0.3333333333333333,3541,-189.60491952178128,-0.06579004834996244,0.5400235739905662,0.5564230377443627,0.0
paper_max_T300,A,1.0471975511965976,0.3333333333333333,3542,-189.6584665312956,-0.06579062213103154,0.5138307931369741,0.5514437521373163,0.3159827711803864
paper_max_T300,A,1.0471975511965976,0.3333333333333333,3543,-189.71201100725938,-0.0657908292364725,0.5400241644644656,0.5564234236409115,0.0
paper_max_T300,A,1.0471975511965976,0.3333333333333333,3544,-189.7655538109839,-0.06579062057751983,0.5138333174719381,0.551445586192075,0.3159847012216301
paper_max_T300,A,1.0471975511965976,0.3333333333333333,3545,-189.81909691267757,-0.06579068183176717,0.5400274945239391,0.556425602634249,0.0
paper_max_T300,A,1.0471975511965976,0.3333333333333333,3546,-189.8726415581397,-0.06579058495530787,0.5138366565816261,0.5514480160082037,0.3159872521583708
paper_max_T300,A,1.0471975511965976,0.3333333333333333,3547,-189.92618840107878,-0.06579128257411693,0.5400285480233183,0.5564262964332011,0.0
paper_max_T300,A,1.0471975511965976,0.3333333333333333,3548,-189.9797357006643,-0.06579161626232444,0.5138351110593832,0.5514468976909724,0.31598606811768143
paper_max_T300,A,1.0471975511965976,0.3333333333333333,3549,-190.03328199526612,-0.06579224004171963,0.5400255713734109,0.5564243528040667,0.0
paper_max_T300,A,1.0471975511965976,0.3333333333333333,3550,-190.08682582839845,-0.06579202933979011,0.5138316934939573,0.5514444150168677,0.3159834549928422
paper_max_T300,A,1.0471975511965976,0.3333333333333333,3551,-190.14036760615136,-0.06579183532719612,0.5400238716899475,0.5564232405689093,0.0
paper_max_T300,A,1.0471975511965976,0.3333333333333333,3552,-190.19390845471574,-0.06579100415873235,0.5138315090166705,0.5514442806376981,0.3159833140844397
paper_max_T300,A,1.0471975511965976,0.3333333333333333,3553,-190.24745038052743,-0.0657907731559545,0.5400242433190865,0.5564234848252171,0.0
paper_max_T300,A,1.0471975511965976,0.3333333333333333,3554,-190.3009937976601,-0.06579038678631721,0.5138307996933933,0.5514437680311363,0.3159827703314037
paper_max_T300,A,1.0471975511965976,0.3333333333333333,3555,-190.35453876095718,-0.06579064618836722,0.540021630639006,0.5564217792239775,0.0
paper_max_T300,A,1.0471975511965976,0.3333333333333333,3556,-190.40808363056192,-0.0657906598196808,0.513825852770938,0.5514401746545677,0.31597898767727167
paper_max_T300,A,1.0471975511965976,0.3333333333333333,3557,-190.46162710117008,-0.0657905154376735,0.5400169113199853,0.556418691561781,0.0
paper_max_T300,A,1.0471975511965976,0.3333333333333333,3558,-190.51516865377465,-0.06578999976072863,0.5138219482474294,0.5514373339703713,0.31597600438793916
paper_max_T300,A,1.0471975511965976,0.3333333333333333,3559,-190.56870878034584,-0.06578916148644093,0.5400156245620132,0.5564178461430602,0.0
paper_max_T300,A,1.0471975511965976,0.3333333333333333,3560,-190.6222490954051,-0.06578848467169518,0.5138224463389582,0.5514376932657945,0.3159763865909323
paper_max_T300,A,1.0471975511965976,0.3333333333333333,3561,-190.67579104926705,-0.06578799225719806,0.5400163855966933,0.5564183431319034,0.0
paper_max_T300,A,1.0471975511965976,0.3333333333333333,3562,-190.72933521238883,-0.06578810994887241,0.5138220850364801,0.5514374309407505,0.3159761102876085
paper_max_T300,A,1.0471975511965976,0.3333333333333333,3563,-190.78288071990391,-0.06578814342186201,0.5400145446667802,0.5564171387823496,0.0
paper_max_T300,A,1.0471975511965976,0.3333333333333333,3564,-190.83642624571942,-0.06578855786162152,0.5138192100537772,0.5514353395293664,0.31597391349016124
paper_max_T300,A,1.0471975511965976,0.3333333333333333,3565,-190.8899699410568,-0.0657881665223986,0.5400128885512939,0.556416051515333,0.0
paper_max_T300,A,1.0471975511965976,0.3333333333333333,3566,-190.9435121231241,-0.0657880624847611,0.513819765860278,0.5514357385841059,0.31597434095784505
paper_max_T300,A,1.0471975511965976,0.3333333333333333,3567,-190.99705349073108,-0.06578739143822387,0.5400156376125435,0.5564178456999219,0.0
paper_max_T300,A,1.0471975511965976,0.3333333333333333,3568,-191.0505962554211,-0.06578742584622577,0.5138241847021787,0.5514389479785043,0.31597772008094815
paper_max_T300,A,1.0471975511965976,0.3333333333333333,3569,-191.104141439715,-0.06578749263785055,0.540019025067488,0.5564200614301265,0.0
paper_max_T300,A,1.0471975511965976,0.3333333333333333,3570,-191.1576889637108,-0.06578827910874213,0.5138262052651593,0.5514404174227426,0.31597926415715516
paper_max_T300,A,1.0471975511965976,0.3333333333333333,3571,-191.21123695149504,-0.06578878506704189,0.5400193207720492,0.5564202552453789,0.0
paper_max_T300,A,1.0471975511965976,0.3333333333333333,3572,-191.26478376918362,-0.0657894403841292,0.5138262476547382,0.5514404473003177,0.31597929705452565
paper_max_T300,A,1.0471975511965976,0.3333333333333333,3573,-191.3183281482142,-0.06578945384327872,0.5400205612573722,0.5564210646960929,0.0
paper_max_T300,A,1.0471975511965976,0.3333333333333333,3574,-191.3718711343188,-0.06578943571664153,0.5138297943505751,0.551443023035253,0.3159820093673445
paper_max_T300,A,1.0471975511965976,0.3333333333333333,3575,-191.42541445946674,-0.06578942787730924,0.5400249554844818,0.5564239387068792,0.0
paper_max_T300,A,1.0471975511965976,0.3333333333333333,3576,-191.47895966341085,-0.06578960866723682,0.5138344789131633,0.5514464296728127,0.31598558937767673
paper_max_T300,A,1.0471975511965976,0.3333333333333333,3577,-191.53250721093704,-0.06579033894428482,0.5400273145152096,0.5564254854962231,0.0
paper_max_T300,A,1.0471975511965976,0.3333333333333333,3578,-191.58605549386183,-0.06579095822805348,0.5138345764465665,0.5514465047080765,0.3159856617517234
paper_max_T300,A,1.0471975511965976,0.3333333333333333,3579,-191.63960274460396,-0.0657916903973284,0.5400259180374717,0.5564245750275694,0.0
paper_max_T300,A,1.0471975511965976,0.3333333333333333,3580,-191.69314753476584,-0.06579173772805175,0.5138330356708934,0.5514453860501736,0.3159844833484738
paper_max_T300,A,1.0471975511965976,0.3333333333333333,3581,-191.74669021724128,-0.06579174936732846,0.5400258330467993,0.5564245194692187,0.0
paper_max_T300,A,1.0471975511965976,0.3333333333333333,3582,-191.8002320576838,-0.06579115273549296,0.5138345057317372,0.5514464548981067,0.31598560686565125
paper_max_T300,A,1.0471975511965976,0.3333333333333333,3583,-191.8537751473914,-0.06579120948975248,0.5400274210604288,0.5564255602742894,0.0
paper_max_T300,A,1.0471975511965976,0.3333333333333333,3584,-191.90731975171036,-0.06579098924189797,0.5138348785299873,0.5514467298215725,0.31598588974812925
paper_max_T300,A,1.0471975511965976,0.3333333333333333,3585,-191.96086581163235,-0.06579153909880697,0.5400255248089668,0.5564243245002758,0.0
paper_max_T300,A,1.0471975511965976,0.3333333333333333,3586,-192.01441136669104,-0.06579159060541806,0.5138305142618586,0.5514435613304334,0.3159825517682726
paper_max_T300,A,1.0471975511965976,0.3333333333333333,3587,-192.06795527161478,-0.06579169420310094,0.5400211185723035,0.5564214432530743,0.0
paper_max_T300,A,1.0471975511965976,0.3333333333333333,3588,-192.1214969606554,-0.06579110353363066,0.5138266871611235,0.5514407785876941,0.3159796267983167
paper_max_T300,A,1.0471975511965976,0.3333333333333333,3589,-192.17503734184493,-0.06579047699860474,0.5400195913506297,0.556420442165414,0.0
paper_max_T300,A,1.0471975511965976,0.3333333333333333,3590,-192.22857781017797,-0.06578965542568305,0.5138265104759453,0.5514406490584348,0.3159794923070041
paper_max_T300,A,1.0471975511965976,0.3333333333333333,3591,-192.2821199135479,-0.06578930560440566,0.5400194211532242,0.5564203314543611,0.0
paper_max_T300,A,1.0471975511965976,0.3333333333333333,3592,-192.3356637667987,-0.0657892015817288,0.5138247936880149,0.5514394029026161,0.31597817913164267
paper_max_T300,A,1.0471975511965976,0.3333333333333333,3593,-192.38920865378884,-0.06578924928014263,0.5400162322130319,0.5564182464497784,0.0
paper_max_T300,A,1.0471975511965976,0.3333333333333333,3594,-192.44275316936427,-0.06578936921352097,0.5138203127679184,0.5514361450876168,0.31597475429802535
paper_max_T300,A,1.0471975511965976,0.3333333333333333,3595,-192.49629588114652,-0.06578887413037382,0.5400131387185563,0.5564162193904508,0.0
paper_max_T300,A,1.0471975511965976,0.3333333333333333,3596,-192.54983710965098,-0.06578847664195642,0.5138192061259704,0.5514353360937289,0.3159739107882774
paper_max_T300,A,1.0471975511965976,0.3333333333333333,3597,-192.6033776526889,-0.06578763537535454,0.5400143863315296,0.5564170314009973,0.0
paper_max_T300,A,1.0471975511965976,0.3333333333333333,3598,-192.65691950659732,-0.06578743750548877,0.5138219010197758,0.5514372923231485,0.3159759721778048
paper_max_T300,A,1.0471975511965976,0.3333333333333333,3599,-192.71046362193175,-0.06578727121709727,0.5400163132093749,0.5564182912591927,0.0
paper_max_T300,A,1.0471975511965976,0.3333333333333333,3600,-192.76400999445184,-0.06578788150167442,0.5138224535676761,0.5514376939265253,0.31597639453643955
paper_max_T300,A,1.0471975511965976,0.3333333333333333,3601,-192.81755683913843,-0.06578809127922791,0.5400155865094023,0.5564178150106364,0.0
paper_max_T300,A,1.0471975511965976,0.3333333333333333,3602,-192.8711027895896,-0.06578863923289124,0.5138217042785658,0.5514371469023714,0.3159758230139865
paper_max_T300,A,1.0471975511965976,0.3333333333333333,3603,-192.92464646235317,-0.0657883614694274,0.5400164444244547,0.5564183726266562,0.0
paper_max_T300,A,1.0471975511965976,0.3333333333333333,3604,-192.97818901887985,-0.06578835905289226,0.513825118704998,0.5514396250162958,0.3159784350035157
paper_max_T300,A,1.0471975511965976,0.3333333333333333,3605,-193.03173192570097,-0.06578813197541117,0.5400209397099438,0.5564213113740017,0.0
paper_max_T300,A,1.0471975511965976,0.3333333333333333,3606,-193.08527696715174,-0.06578845223728536,0.5138301570222036,0.5514432872942094,0.315982286230057
paper_max_T300,A,1.0471975511965976,0.3333333333333333,3607,-193.1388244381754,-0.06578903280949316,0.5400238522416516,0.5564232186693958,0.0
paper_max_T300,A,1.0471975511965976,0.3333333333333333,3608,-193.19237302694955,-0.0657898557299344,0.5138312104646653,0.5514440554876113,0.3159830901498267
paper_max_T300,A,1.0471975511965976,0.3333333333333333,3609,-193.2459206733372,-0.06579050860971192,0.5400235956713048,0.5564230524039899,0.0
paper_max_T300,A,1.0471975511965976,0.3333333333333333,3610,-193.29946609086176,-0.06579080098477075,0.5138312492766396,0.5514440837918125,0.31598311981134897
paper_max_T300,A,1.0471975511965976,0.3333333333333333,3611,-193.3530093843833,-0.0657908514135393,0.540025049472248,0.5564240028131492,0.0
paper_max_T300,A,1.0471975511965976,0.3333333333333333,3612,-193.40655203831597,-0.0657905461105362,0.5138345043380332,0.5514464496513689,0.3159856080416463
paper_max_T300,A,1.0471975511965976,0.3333333333333333,3613,-193.46009608388397,-0.06579076596939659,0.5400281568274654,0.55642603737121,0.0
paper_max_T300,A,1.0471975511965976,0.3333333333333333,3614,-193.51364188197147,-0.06579082913977236,0.5138365083325901,0.5514479101754367,0.3159871378206437
paper_max_T300,A,1.0471975511965976,0.3333333333333333,3615,-193.56718917371,-0.06579160437758425,0.5400276230522733,0.5564256930604087,0.0
paper_max_T300,A,1.0471975511965976,0.3333333333333333,3616,-193.62073583202027,-0.06579185638282414,0.5138336184185709,0.5514458138077591,0.3159849265925383
paper_max_T300,A,1.0471975511965976,0.3333333333333333,3617,-193.67428063969896,-0.06579221297796067,0.5400244230997514,0.5564236018451554,0.0
paper_max_T300,A,1.0471975511965976,0.3333333333333333,3618,-193.72782302099347,-0.06579173374708647,0.5138309693031983,0.5514438884602945,0.31598290149130825
paper_max_T300,A,1.0471975511965976,0.3333333333333333,3619,-193.7813641627672,-0.06579139270739826,0.5400236662698937,0.5564231061290035,0.0
paper_max_T300,A,1.0471975511965976,0.3333333333333333,3620,-193.83490537680905,-0.06579060941133474,0.5138312760898064,0.5514441118473095,0.3159831357573869
paper_max_T300,A,1.0471975511965976,0.3333333333333333,3621,-193.888448305383,-0.06579053287014403,0.5400235604575994,0.5564230390429031,0.0
paper_max_T300,A,1.0471975511965976,0.3333333333333333,3622,-193.9419926266417,-0.06579036070146566,0.5138292689481975,0.5514426562429063,0.3159815997894492
paper_max_T300,A,1.0471975511965976,0.3333333333333333,3623,-193.99553768105807,-0.06579059292896378,0.5400198702254583,0.5564206277048148,0.0
paper_max_T300,A,1.0471975511965976,0.3333333333333333,3624,-194.04908184958543,-0.06579052279419872,0.5138240034675774,0.5514388296927583,0.3159775744549963
paper_max_T300,A,1.0471975511965976,0.3333333333333333,3625,-194.10262413642215,-0.06579011156216924,0.540015912259499,0.556418036498572,0.0
paper_max_T300,A,1.0471975511965976,0.3333333333333333,3626,-194.15616482237868,-0.06578946199186997,0.5138216899993584,0.5514371447446416,0.31597580777099665
paper_max_T300,A,1.0471975511965976,0.3333333333333333,3627,-194.2097049779286,-0.06578862827792453,0.540015876377897,0.5564180098575159,0.0
paper_max_T300,A,1.0471975511965976,0.3333333333333333,3628,-194.26324625919574,-0.0657881691944992,0.5138226937165552,0.5514378726193386,0.3159765759400738
paper_max_T300,A,1.0471975511965976,0.3333333333333333,3629,-194.31678961753232,-0.0657879121459235,0.5400161846902303,0.5564182115016483,0.0
paper_max_T300,A,1.0471975511965976,0.3333333333333333,3630,-194.37033487795304,-0.06578825104264724,0.5138213919747185,0.5514369266998942,0.31597558074759624
paper_max_T300,A,1.0471975511965976,0.3333333333333333,3631,-194.42388048175116,-0.06578825323093385,0.5400139246197924,0.5564167320002135,0.0
paper_max_T300,A,1.0471975511965976,0.3333333333333333,3632,-194.47742523136571,-0.06578854726491262,0.5138190928643699,0.5514352526767338,0.31597382477952674
paper_max_T300,A,1.0471975511965976,0.3333333333333333,3633,-194.53096787707545,-0.06578800174155236,0.5400135986064991,0.5564165143027633,0.0
paper_max_T300,A,1.0471975511965976,0.3333333333333333,3634,-194.5845095940707,-0.06578783721878445,0.5138213443807443,0.5514368846522829,0.3159755482801593
paper_max_T300,A,1.0471975511965976,0.3333333333333333,3635,-194.6380516687263,-0.0657873445865641,0.5400172159706017,0.5564188777693504,0.0
paper_max_T300,A,1.0471975511965976,0.3333333333333333,3636,-194.6915959544416,-0.06578761832225705,0.5138255846021368,0.5514399656649215,0.31597879007640234
paper_max_T300,A,1.0471975511965976,0.3333333333333333,3637,-194.74514264220784,-0.06578793917280379,0.5400196694717037,0.556420483359482,0.0
paper_max_T300,A,1.0471975511965976,0.3333333333333333,3638,-194.79869073843486,-0.06578879789291131,0.5138264847800078,0.5514406207584157,0.3159794777194546
paper_max_T300,A,1.0471975511965976,0.3333333333333333,3639,-194.85223802984706,-0.06578921469858434,0.5400196436072123,0.5564204661951371,0.0
paper_max_T300,A,1.0471975511965976,0.3333333333333333,3640,-194.9057834449497,-0.06578962707371044,0.5138271808832962,0.5514411251309231,0.31598001069263504
paper_max_T300,A,1.0471975511965976,0.3333333333333333,3641,-194.9593267827911,-0.06578953460840387,0.5400219483496284,0.5564219718882304,0.0
paper_max_T300,A,1.0471975511965976,0.3333333333333333,3642,-195.01286974226122,-0.0657894547030003,0.5138316104355738,0.5514443434754692,0.3159833973692639
paper_max_T300,A,1.0471975511965976,0.3333333333333333,3643,-195.06641417467728,-0.06578965462943653,0.5400262081784653,0.5564247593714982,0.0
paper_max_T300,A,1.0471975511965976,0.3333333333333333,3644,-195.11996070745943,-0.06579000217333358,0.5138350404880245,0.5514468395390504,0.3159860177507671
paper_max_T300,A,1.0471975511965976,0.3333333333333333,3645,-195.17350885266808,-0.0657908439721499,0.5400270477077816,0.5564253125572511,0.0
paper_max_T300,A,1.0471975511965976,0.3333333333333333,3646,-195.22705652839443,-0.06579136524888751,0.5138338531720055,0.551445980083327,0.31598510831511684
paper_max_T300,A,1.0471975511965976,0.3333333333333333,3647,-195.28060226176973,-0.06579186374494106,0.5400254342691858,0.5564242590271811,0.0
paper_max_T300,A,1.0471975511965976,0.3333333333333333,3648,-195.33414554040485,-0.06579162391254834,0.5138330016890406,0.5514453615493091,0.3159844572595515
paper_max_T300,A,1.0471975511965976,0.3333333333333333,3649,-195.38768760895198,-0.06579151969769848,0.5400261390754257,0.556424720087425,0.0
paper_max_T300,A,1.0471975511965976,0.3333333333333333,3650,-195.44122986574996,-0.06579094263909319,0.5138347183816735,0.551446610508905,0.3159857688520191
paper_max_T300,A,1.0471975511965976,0.3333333333333333,3651,-195.4947739808082,-0.0657911583163382,0.5400270109870958,0.5564252935126311,0.0
paper_max_T300,A,1.0471975511965976,0.3333333333333333,3652,-195.54831936272495,-0.06579110196572346,0.5138335347344893,0.5514457545592384,0.31598486177477303
paper_max_T300,A,1.0471975511965976,0.3333333333333333,3653,-195.60186526865618,-0.06579160343496687,0.5400238318519455,0.556423217813332,0.0
paper_max_T300,A,1.0471975511965976,0.3333333333333333,3654,-195.6554098365424,-0.06579151925673932,0.513828627832504,0.5514421901011882,0.3159811097986178
paper_max_T300,A,1.0471975511965976,0.3333333333333333,3655,-195.70895237367688,-0.06579133178429025,0.5400199726444854,0.5564206928068611,0.0
paper_max_T300,A,1.0471975511965976,0.3333333333333333,3656,-195.76249313076505,-0.06579057424499779,0.5138261132880156,0.5514403606050893,0.31597918856177587
paper_max_T300,A,1.0471975511965976,0.3333333333333333,3657,-195.81603351859593,-0.06578992257998284,0.5400194321641175,0.5564203375734644,0.0
paper_max_T300,A,1.0471975511965976,0.3333333333333333,3658,-195.8695748532429,-0.06578929299448621,0.5138261608172331,0.5514403949717747,0.31597922500333503
paper_max_T300,A,1.0471975511965976,0.3333333333333333,3659,-195.92311812156106,-0.06578912907705925,0.5400186174807518,0.5564198059222917,0.0
paper_max_T300,A,1.0471975511965976,0.3333333333333333,3660,-195.9766627848216,-0.06578922141423005,0.5138233750907067,0.551438371592349,0.3159770948448579
paper_max_T300,A,1.0471975511965976,0.3333333333333333,3661,-196.0302075439339,-0.0657891852149769,0.5400149683975678,0.5564174186567719,0.0
paper_max_T300,A,1.0471975511965976,0.3333333333333333,3662,-196.08375123060722,-0.0657891825544003,0.5138194740626694,0.5514355337998641,0.3159741140471538
paper_max_T300,A,1.0471975511965976,0.3333333333333333,3663,-196.13729294665006,-0.06578850110252299,0.5400132236793572,0.5564162731156571,0.0
paper_max_T300,A,1.0471975511965976,0.3333333333333333,3664,-196.19083379037482,-0.06578806980432284,0.513820090295415,0.5514359772730845,0.31597458744447
paper_max_T300,A,1.0471975511965976,0.3333333333333333,3665,-196.24437502276396,-0.06578738638829984,0.5400153839784316,0.5564176832907206,0.0
paper_max_T300,A,1.0471975511965976,0.3333333333333333,3666,-196.29791833783554,-0.06578746008192166,0.5138227141375467,0.5514378830873609,0.3159765938622756
paper_max_T300,A,1.0471975511965976,0.3333333333333333,3667,-196.3514639047391,-0.06578752829194356,0.540016543797718,0.556418441921954,0.0
paper_max_T300,A,1.0471975511965976,0.3333333333333333,3668,-196.40501092602238,-0.06578824241188996,0.5138224146103529,0.5514376651043753,0.3159763650048508
paper_max_T300,A,1.0471975511965976,0.3333333333333333,3669,-196.45855724369613,-0.0657883632595968,0.5400157709072588,0.5564179346599681,0.0
paper_max_T300,A,1.0471975511965976,0.3333333333333333,3670,-196.51210200557693,-0.06578871474654385,0.5138226293796803,0.5514378181230664,0.31597653080491905
paper_max_T300,A,1.0471975511965976,0.3333333333333333,3671,-196.56564480252393,-0.06578836097487284,0.5400179338874875,0.5564193461584043,0.0
paper_max_T300,A,1.0471975511965976,0.3333333333333333,3672,-196.61918745829098,-0.06578834917353066,0.5138271582725737,0.5514411072861607,0.3159799941680719
paper_max_T300,A,1.0471975511965976,0.3333333333333333,3673,-196.6727315966735,-0.06578836710270425,0.5400224809153619,0.5564223201937426,0.0
paper_max_T300,A,1.0471975511965976,0.3333333333333333,3674,-196.72627814045177,-0.0657888858483141,0.5138311609081931,0.5514440180559295,0.315983053019283
paper_max_T300,A,1.0471975511965976,0.3333333333333333,3675,-196.77982641648669,-0.06578961128174932,0.5400240816339065,0.5564233697828515,0.0
paper_max_T300,A,1.0471975511965976,0.3333333333333333,3676,-196.83337456976346,-0.06579034955917656,0.5138311620479531,0.5514440209583563,0.31598305279936123
paper_max_T300,A,1.0471975511965976,0.3333333333333333,3677,-196.88692081244358,-0.06579081304594459,0.5400237736745994,0.5564231690920332,0.0
paper_max_T300,A,1.0471975511965976,0.3333333333333333,3678,-196.94046476860797,-0.0657908293102678,0.51383199442123,0.5514446255191885,0.31598368934633375
paper_max_T300,A,1.0471975511965976,0.3333333333333333,3679,-196.99400752822152,-0.06579081486008398,0.5400260236461897,0.5564246405892925,0.0
paper_max_T300,A,1.0471975511965976,0.3333333333333333,3680,-197.04755070649043,-0.06579052588662315,0.5138354247673402,0.551447119848635,0.31598631098499785
paper_max_T300,A,1.0471975511965976,0.3333333333333333,3681,-197.10109590472342,-0.06579093546539472,0.540028316532758,0.5564261435537391,0.0
paper_max_T300,A,1.0471975511965976,0.3333333333333333,3682,-197.1546425061391,-0.06579112986405888,0.513835752247284,0.5514473624084391,0.31598655892509675
paper_max_T300,A,1.0471975511965976,0.3333333333333333,3683,-197.20818955766362,-0.06579186545342919,0.540026392862424,0.5564248895619595,0.0
paper_max_T300,A,1.0471975511965976,0.3333333333333333,3684,-197.26173503747947,-0.06579193802414363,0.5138321756873018,0.5514447656482088,0.3159838235014394
paper_max_T300,A,1.0471975511965976,0.3333333333333333,3685,-197.31527832663983,-0.06579200833828763,0.540023566453801,0.556423041304528,0.0
paper_max_T300,A,1.0471975511965976,0.3333333333333333,3686,-197.36881970255604,-0.06579132610362648,0.5138305728602041,0.5514436001323394,0.3159825985183929
paper_max_T300,A,1.0471975511965976,0.3333333333333333,3687,-197.42236085452242,-0.06579095365546728,0.5400235139148821,0.5564230066753476,0.0
paper_max_T300,A,1.0471975511965976,0.3333333333333333,3688,-197.47590288327234,-0.06579032235571614,0.5138307695892401,0.5514437444401028,0.31598274819772404
paper_max_T300,A,1.0471975511965976,0.3333333333333333,3689,-197.52944679329295,-0.06579039739312631,0.5400224982064421,0.5564223450042791,0.0
paper_max_T300,A,1.0471975511965976,0.3333333333333333,3690,-197.58299162057529,-0.06579037418300193,0.5138274519284538,0.5514413359513821,0.31598021063266346
paper_max_T300,A,1.0471975511965976,0.3333333333333333,3691,-197.63653624296643,-0.06579047520708081,0.540018183983505,0.556419524107569,0.0
paper_max_T300,A,1.0471975511965976,0.3333333333333333,3692,-197.6900794023427,-0.06579025260678895,0.5138226090223403,0.5514378149066596,0.3159765091574163
paper_max_T300,A,1.0471975511965976,0.3333333333333333,3693,-197.74362065058057,-0.0657896169224087,0.5400154381726996,0.5564177248171062,0.0
paper_max_T300,A,1.0471975511965976,0.3333333333333333,3694,-197.79716097058167,-0.06578893044362427,0.5138218617431084,0.5514372683398341,0.3159759397069276
paper_max_T300,A,1.0471975511965976,0.3333333333333333,3695,-197.8507017532213,-0.06578821736412632,0.5400161973839197,0.5564182192305166,0.0
paper_max_T300,A,1.0471975511965976,0.3333333333333333,3696,-197.90424434635895,-0.06578803445703557,0.5138227241263046,0.5514378944822844,0.3159765993191247
paper_max_T300,A,1.0471975511965976,0.3333333333333333,3697,-197.95778895702335,-0.06578796799901981,0.5400157586797617,0.5564179324881582,0.0
paper_max_T300,A,1.0471975511965976,0.3333333333333333,3698,-198.01133477448514,-0.06578842143265218,0.5138206873408193,0.551436413723257,0.31597504252774766
paper_max_T300,A,1.0471975511965976,0.3333333333333333,3699,-198.06487988768424,-0.0657883064758033,0.5400136122204025,0.5564165262026638,0.0
paper_max_T300,A,1.0471975511965976,0.3333333333333333,3700,-198.11842360307259,-0.0657884389636828,0.5138195566092016,0.5514355880584001,0.3159741801609691
paper_max_T300,A,1.0471975511965976,0.3333333333333333,3701,-198.17196551064342,-0.06578781797508504,0.5400147652252213,0.5564172761032902,0.0
paper_max_T300,A,1.0471975511965976,0.3333333333333333,3702,-198.2255074196429,-0.06578769510871701,0.5138231124878311,0.5514381690472425,0.3159769002429311
paper_max_T300,A,1.0471975511965976,0.3333333333333333,3703,-198.27905076454533,-0.0657874584192133,0.5400186152836313,0.5564197931617564,0.0
paper_max_T300,A,1.0471975511965976,0.3333333333333333,3704,-198.33259664087126,-0.06578797182204399,0.5138265653349539,0.5514406789009623,0.3159795395343443
paper_max_T300,A,1.0471975511965976,0.3333333333333333,3705,-198.38614429095543,-0.06578845206452433,0.5400200194030068,0.5564207125839211,0.0
paper_max_T300,A,1.0471975511965976,0.3333333333333333,3706,-198.43969216693398,-0.06578925905757338,0.5138267375077316,0.5514408044082787,0.31597967092979523
paper_max_T300,A,1.0471975511965976,0.3333333333333333,3707,-198.4932382550757,-0.0657895219162159,0.540020211485158,0.5564208373368381,0.0
paper_max_T300,A,1.0471975511965976,0.3333333333333333,3708,-198.54678235407476,-0.06578969559668768,0.5138284724652511,0.551442063563236,0.3159809981861822
paper_max_T300,A,1.0471975511965976,0.3333333333333333,3709,-198.6003252803734,-0.06578959079941704,0.5400234601544357,0.5564229610380036,0.0
paper_max_T300,A,1.0471975511965976,0.3333333333333333,3710,-198.65386890002918,-0.06578955300214695,0.5138331814245064,0.551445486241146,0.3159845977615227
paper_max_T300,A,1.0471975511965976,0.3333333333333333,3711,-198.70741466354104,-0.0657899854635311,0.5400269690987362,0.5564252586259344,0.0
paper_max_T300,A,1.0471975511965976,0.3333333333333333,3712,-198.76096214897166,-0.06579045990279686,0.5138349996808385,0.5514468115321568,0.31598598568468106
paper_max_T300,A,1.0471975511965976,0.3333333333333333,3713,-198.81451013557825,-0.06579129229197284,0.5400264682761403,0.5564249347814042,0.0
paper_max_T300,A,1.0471975511965976,0.3333333333333333,3714,-198.86805659751724,-0.06579161446937193,0.5138331456796904,0.5514454665067412,0.31598456716285167
paper_max_T300,A,1.0471975511965976,0.3333333333333333,3715,-198.92160076049015,-0.06579185903662843,0.5400251826123418,0.5564240946135122,0.0
paper_max_T300,A,1.0471975511965976,0.3333333333333333,3716,-198.97514300461654,-0.06579139582951793,0.5138331965123846,0.551445503424193,0.3159846060275572
paper_max_T300,A,1.0471975511965976,0.3333333333333333,3717,-199.02868513706858,-0.06579128311181837,0.5400263944134621,0.5564248878358009,0.0
paper_max_T300,A,1.0471975511965976,0.3333333333333333,3718,-199.08222823981293,-0.06579082314373652,0.5138345368348822,0.5514464798467424,0.31598562938994434
paper_max_T300,A,1.0471975511965976,0.3333333333333333,3719,-199.13577327539036,-0.06579118340441226,0.5400261229113411,0.5564247140086406,0.0
paper_max_T300,A,1.0471975511965976,0.3333333333333333,3720,-199.18931894636592,-0.06579122312063446,0.5138318027487774,0.5514444967252131,0.3159835372827293
paper_max_T300,A,1.0471975511965976,0.3333333333333333,3721,-199.242864143936,-0.06579156827893601,0.5400221261550205,0.55642210217908,0.0
paper_max_T300,A,1.0471975511965976,0.3333333333333333,3722,-199.29640747008398,-0.06579128649503385,0.5138270927353784,0.5514410737559764,0.31597993663543256
paper_max_T300,A,1.0471975511965976,0.3333333333333333,3723,-199.34994886862677,-0.06579084982426653,0.5400192550872198,0.5564202224675251,0.0
paper_max_T300,A,1.0471975511965976,0.3333333333333333,3724,-199.40348923877252,-0.06579002856957561,0.5138258622912459,0.5514401775082569,0.31597899703772514
paper_max_T300,A,1.0471975511965976,0.3333333333333333,3725,-199.4570301921184,-0.06578946261805818,0.5400192634291194,0.5564202270538638,0.0
paper_max_T300,A,1.0471975511965976,0.3333333333333333,3726,-199.51057266184648,-0.06578908511427989,0.5138255360837897,0.5514399410631264,0.31597874736922515
paper_max_T300,A,1.0471975511965976,0.3333333333333333,3727,-199.56411690164504,-0.06578905957385806,0.5400175689503462,0.55641911997472,0.0
paper_max_T300,A,1.0471975511965976,0.3333333333333333,3728,-199.61766188076365,-0.06578924817523296,0.5138219519458839,0.5514373365281807,0.3159760073085801
paper_max_T300,A,1.0471975511965976,0.3333333333333333,3729,-199.67120603125164,-0.06578904906901095,0.5400140334657778,0.5564168056147388,0.0
paper_max_T300,A,1.0471975511965976,0.3333333333333333,3730,-199.7247487240793,-0.0657888942405565,0.5138192478967583,0.5514353676261675,0.3159739420939427
paper_max_T300,A,1.0471975511965976,0.3333333333333333,3731,-199.77828977644037,-0.06578811274203589,0.540013798625073,0.5564166476561037,0.0
paper_max_T300,A,1.0471975511965976,0.3333333333333333,3732,-199.83183085203865,-0.06578775486955768,0.5138212161051702,0.551436794550103,0.3159754485718348
paper_max_T300,A,1.0471975511965976,0.3333333333333333,3733,-199.88537329668407,-0.06578730908781427,0.5400162696351516,0.5564182623011288,0.0
paper_max_T300,A,1.0471975511965976,0.3333333333333333,3734,-199.93891815776755,-0.06578765373769296,0.513823212706002,0.5514382453621732,0.31597697501855126
paper_max_T300,A,1.0471975511965976,0.3333333333333333,3735,-199.99246470824858,-0.06578786733936959,0.540016591470629,0.5564184727885464,0.0
paper_max_T300,A,1.0471975511965976,0.3333333333333333,3736,-200.04601165967142,-0.06578856407417255,0.5138224828162263,0.5514377139434568,0.31597641751895783
paper_max_T300,A,1.0471975511965976,0.3333333333333333,3737,-200.09955697221267,-0.06578854241070259,0.5400163105646991,0.556418286646925,0.0
paper_max_T300,A,1.0471975511965976,0.3333333333333333,3738,-200.1531006056997,-0.06578870457152453,0.5138240201368363,0.5514388280034822,0.31597759444680634
paper_max_T300,A,1.0471975511965976,0.3333333333333333,3739,-200.2066431211898,-0.06578837408369909,0.5400196280240009,0.5564204540244742,0.0
paper_max_T300,A,1.0471975511965976,0.3333333333333333,3740,-200.26018655666365,-0.06578845051043314,0.5138290352901106,0.5514424719230332,0.3159814287962049
paper_max_T300,A,1.0471975511965976,0.3333333333333333,3741,-200.3137321786598,-0.06578873656320938,0.5400236022943268,0.5564230546988727,0.0
paper_max_T300,A,1.0471975511965976,0.3333333333333333,3742,-200.3672798676837,-0.06578940445211368,0.5138316426324091,0.5514443693187215,0.3159834206520257
paper_max_T300,A,1.0471975511965976,0.3333333333333333,3743,-200.42082817486687,-0.06579015486770068,0.5400240589719777,0.5564233557976022,0.0
paper_max_T300,A,1.0471975511965976,0.3333333333333333,3744,-200.47437523116923,-0.06579070383820967,0.5138311723501242,0.551444028826625,0.3159830604868541
paper_max_T300,A,1.0471975511965976,0.3333333333333333,3745,-200.5279199721935,-0.06579096024233833,0.5400241900207637,0.5564234415873855,0.0
paper_max_T300,A,1.0471975511965976,0.3333333333333333,3746,-200.58146293851473,-0.0657907602704505,0.5138329395189575,0.5514453127590172,0.3159844116243975
paper_max_T300,A,1.0471975511965976,0.3333333333333333,3747,-200.6350058652299,-0.06579078244040998,0.540026899110569,0.5564252141445446,0.0
paper_max_T300,A,1.0471975511965976,0.3333333333333333,3748,-200.68855000131742,-0.0657905972507492,0.5138358844317942,0.5514474554491332,0.3159866615580844
paper_max_T300,A,1.0471975511965976,0.3333333333333333,3749,-200.74209619630324,-0.06579117184750283,0.5400279370743697,0.5564258970539059,0.0
paper_max_T300,A,1.0471975511965976,0.3333333333333333,3750,-200.795643023178,-0.06579142291393014,0.5138345351244433,0.5514464791989347,0.31598562779086753
paper_max_T300,A,1.0471975511965976,0.3333333333333333,3751,-200.84918921150154,-0.06579200639710264,0.5400250758706395,0.5564240287418252,0.0
paper_max_T300,A,1.0471975511965976,0.3333333333333333,3752,-200.90273325862773,-0.06579183974988168,0.5138309805778851,0.5514438970302598,0.3159829099172962
paper_max_T300,A,1.0471975511965976,0.3333333333333333,3753,-200.9562753131314,-0.06579166258379043,0.5400230289153645,0.556422689382888,0.0
paper_max_T300,A,1.0471975511965976,0.3333333333333333,3754,-201.00981627930116,-0.06579088214122403,0.5138303643837352,0.5514434486060762,0.3159824391398344
paper_max_T300,A,1.0471975511965976,0.3333333333333333,3755,-201.0633579814587,-0.06579058012237621,0.5400232379018606,0.5564228266080917,0.0
paper_max_T300,A,1.0471975511965976,0.3333333333333333,3756,-201.11690101484123,-0.06579015916528086,0.513829878349198,0.5514430974541671,0.31598206650958083
paper_max_T300,A,1.0471975511965976,0.3333333333333333,3757,-201.17044563265233,-0.06579033121379713,0.5400211171479676,0.5564214421201158,0.0
paper_max_T300,A,1.0471975511965976,0.3333333333333333,3758,-201.22399046531916,-0.06579036158604978,0.5138255676702923,0.5514399662564275,0.31597877034755106
paper_max_T300,A,1.0471975511965976,0.3333333333333333,3759,-201.27753424996297,-0.06579025467895772,0.5400167815682066,0.5564186056774576,0.0
paper_max_T300,A,1.0471975511965976,0.3333333333333333,3760,-201.33107633822743,-0.06578986117117586,0.5138217808869274,0.5514372115316947,0.31597587686696654
paper_max_T300,A,1.0471975511965976,0.3333333333333333,3761,-201.3846169289052,-0.06578909062737237,0.5400154195017719,0.5564177112430129,0.0
paper_max_T300,A,1.0471975511965976,0.3333333333333333,3762,-201.43815747321798,-0.06578848074609384,0.513822253476368,0.55143755220422,0.3159762396177993
paper_max_T300,A,1.0471975511965976,0.3333333333333333,3763,-201.49169934349476,-0.06578796722557051,0.5400164137001443,0.5564183604099134,0.0
paper_max_T300,A,1.0471975511965976,0.3333333333333333,3764,-201.54524331255823,-0.06578806191216602,0.5138224845173931,0.5514377201093101,0.31597641626942236
paper_max_T300,A,1.0471975511965976,0.3333333333333333,3765,-201.59878876359323,-0.06578810106310651,0.5400152166930821,0.5564175773490411,0.0
paper_max_T300,A,1.0471975511965976,0.3333333333333333,3766,-201.6523345188512,-0.06578855471317524,0.5138201843013297,0.5514360469586224,0.31597465857747276
paper_max_T300,A,1.0471975511965976,0.3333333333333333,3767,-201.7058787399463,-0.06578828029469092,0.5400137417186516,0.5564166093759375,0.0
paper_max_T300,A,1.0471975511965976,0.3333333333333333,3768,-201.75942149098245,-0.0657882657086209,0.5138205807651224,0.5514363309619398,0.3159749638358101
paper_max_T300,A,1.0471975511965976,0.3333333333333333,3769,-201.81296321835816,-0.06578767582366701,0.5400162185576975,0.5564182259172697,0.0
paper_max_T300,A,1.0471975511965976,0.3333333333333333,3770,-201.86650597127806,-0.06578769034306886,0.5138248178207233,0.5514394083189399,0.3159782039462201
paper_max_T300,A,1.0471975511965976,0.3333333333333333,3771,-201.9200508586065,-0.06578773432089158,0.5400196940501234,0.5564204991612481,0.0
paper_max_T300,A,1.0471975511965976,0.3333333333333333,3772,-201.97359801791424,-0.06578843255129424,0.5138271474877681,0.5514411024656979,0.31597998429567664
paper_max_T300,A,1.0471975511965976,0.3333333333333333,3773,-202.0271458949215,-0.06578895772016802,0.5400202252476306,0.5564208473882183,0.0
paper_max_T300,A,1.0471975511965976,0.3333333333333333,3774,-202.0806928778175,-0.06578960745147816,0.5138271544946593,0.551441107265323,0.31597998980746667
paper_max_T300,A,1.0471975511965976,0.3333333333333333,3775,-202.1342376252622,-0.06578970574632825,0.5400210851875133,0.5564214085610836,0.0
paper_max_T300,A,1.0471975511965976,0.3333333333333333,3776,-202.18778084850499,-0.06578969756291358,0.513830009703574,0.5514431808350634,0.31598217330381695
paper_max_T300,A,1.0471975511965976,0.3333333333333333,3777,-202.24132406919261,-0.06578968031328047,0.5400248931198114,0.5564238990386209,0.0
paper_max_T300,A,1.0471975511965976,0.3333333333333333,3778,-202.29486880026957,-0.06578976130025715,0.5138343018174617,0.5514463018695991,0.3159854535145593
paper_max_T300,A,1.0471975511965976,0.3333333333333333,3779,-202.34841573043536,-0.0657903949143851,0.5400271941933357,0.5564254074595063,0.0
paper_max_T300,A,1.0471975511965976,0.3333333333333333,3780,-202.4019635332295,-0.06579091285950611,0.5138344917930446,0.551446443799594,0.3159855967071992
paper_max_T300,A,1.0471975511965976,0.3333333333333333,3781,-202.45551066496307,-0.06579162120053172,0.5400257790526347,0.5564244847771153,0.0
paper_max_T300,A,1.0471975511965976,0.3333333333333333,3782,-202.50905561827074,-0.06579168305813743,0.5138326295228738,0.5514450916691862,0.31598417243670995
paper_max_T300,A,1.0471975511965976,0.3333333333333333,3783,-202.56259850984276,-0.06579170987881067,0.5400251722721869,0.5564240879942733,0.0
paper_max_T300,A,1.0471975511965976,0.3333333333333333,3784,-202.6161403555235,-0.0657911251636571,0.5138334674667222,0.5514457008505578,0.31598481287576496
paper_max_T300,A,1.0471975511965976,0.3333333333333333,3785,-202.66968309411402,-0.06579109559100227,0.5400264204890183,0.5564249058979968,0.0
paper_max_T300,A,1.0471975511965976,0.3333333333333333,3786,-202.72322717163036,-0.06579080476560517,0.513833856363661,0.5514459866248316,0.3159851085112517
paper_max_T300,A,1.0471975511965976,0.3333333333333333,3787,-202.776772758971,-0.06579124552608473,0.5400248254238983,0.5564238664063708,0.0
paper_max_T300,A,1.0471975511965976,0.3333333333333333,3788,-202.8303181627839,-0.06579128669230788,0.513829907860246,0.5514431199466084,0.3159820885426087
paper_max_T300,A,1.0471975511965976,0.3333333333333333,3789,-202.8838622702002,-0.06579139730941108,0.540020619021206,0.5564211158931746,0.0
paper_max_T300,A,1.0471975511965976,0.3333333333333333,3790,-202.93740437587894,-0.06579090741031013,0.513826021317511,0.5514402941655296,0.31597911805247997
paper_max_T300,A,1.0471975511965976,0.3333333333333333,3791,-202.9909450798408,-0.06579030973714944,0.540018901429772,0.5564199902878094,0.0
paper_max_T300,A,1.0471975511965976,0.3333333333333333,3792,-203.04448564714028,-0.06578954269153708,0.5138257390779887,0.5514400875816083,0.3159789030497986
paper_max_T300,A,1.0471975511965976,0.3333333333333333,3793,-203.0980275557962,-0.0657891359950144,0.5400189319987484,0.5564200103171438,0.0
paper_max_T300,A,1.0471975511965976,0.3333333333333333,3794,-203.15157116540945,-0.06578901410321941,0.5138246101982213,0.5514392681856155,0.3159780395658499
paper_max_T300,A,1.0471975511965976,0.3333333333333333,3795,-203.20511597784798,-0.06578904234705607,0.5400164054278176,0.5564183584250819,0.0
paper_max_T300,A,1.0471975511965976,0.3333333333333333,3796,-203.25866074334294,-0.06578922158783446,0.513820753234645,0.5514364641608356,0.31597509155504155
paper_max_T300,A,1.0471975511965976,0.3333333333333333,3797,-203.31220398670814,-0.06578882570593247,0.5400135693845405,0.556416500382086,0.0
paper_max_T300,A,1.0471975511965976,0.3333333333333333,3798,-203.36574580438293,-0.06578854347344604,0.5138196202683798,0.551435636615297,0.315974227617806
paper_max_T300,A,1.0471975511965976,0.3333333333333333,3799,-203.41928672764539,-0.06578777432618577,0.5400147022470336,0.5564172376139449,0.0
paper_max_T300,A,1.0471975511965976,0.3333333333333333,3800,-203.4728286405042,-0.06578758771754906,0.5138223461194108,0.5514376153226845,0.31597631267715887
paper_max_T300,A,1.0471975511965976,0.3333333333333333,3801,-203.52637256313426,-0.0657874063907013,0.540016916953987,0.5564186856225972,0.0
paper_max_T300,A,1.0471975511965976,0.3333333333333333,3802,-203.57991871511655,-0.06578796636145268,0.5138234305703668,0.5514384035775032,0.3159771416125138
paper_max_T300,A,1.0471975511965976,0.3333333333333333,3803,-203.63346559280467,-0.0657882185169476,0.5400166099277942,0.5564184843457907,0.0
paper_max_T300,A,1.0471975511965976,0.3333333333333333,3804,-203.68701184493545,-0.06578879589696351,0.5138228421508217,0.5514379742257779,0.3159766926708716
paper_max_T300,A,1.0471975511965976,0.3333333333333333,3805,-203.740556006033,-0.06578863146994496,0.5400172538221346,0.5564189027489536,0.0
paper_max_T300,A,1.0471975511965976,0.3333333333333333,3806,-203.79409891343062,-0.06578866148443002,0.5138257490268274,0.551440084005362,0.31597891637310294
paper_max_T300,A,1.0471975511965976,0.3333333333333333,3807,-203.84764183648247,-0.06578845666419392,0.5400213139022512,0.5564215569631324,0.0
paper_max_T300,A,1.0471975511965976,0.3333333333333333,3808,-203.90118651939548,-0.0657886894616399,0.5138305380882506,0.5514435649749754,0.3159825771424062
paper_max_T300,A,1.0471975511965976,0.3333333333333333,3809,-203.9547334883435,-0.06578921025529016,0.540024254594272,0.5564234824917158,0.0
paper_max_T300,A,1.0471975511965976,0.3333333333333333,3810,-204.00828168020985,-0.06578993594316584,0.5138317261899633,0.5514444310361378,0.31598348400487275
paper_max_T300,A,1.0471975511965976,0.3333333333333333,3811,-204.06182927832822,-0.06579059883495941,0.5400239697571,0.5564232980057203,0.0
paper_max_T300,A,1.0471975511965976,0.3333333333333333,3812,-204.11537488875013,-0.06579089484549583,0.513831390859765,0.5514441878338346,0.315983227431051
paper_max_T300,A,1.0471975511965976,0.3333333333333333,3813,-204.16891840777805,-0.06579098084536511,0.5400248306839806,0.5564238608697817,0.0
paper_max_T300,A,1.0471975511965976,0.3333333333333333,3814,-204.22246103848886,-0.06579066084595103,0.5138339116998625,0.5514460199809047,0.3159851544421273
paper_max_T300,A,1.0471975511965976,0.3333333333333333,3815,-204.27600469105846,-0.06579080290803735,0.5400274875664755,0.5564256002860974,0.0
paper_max_T300,A,1.0471975511965976,0.3333333333333333,3816,-204.32954988384586,-0.06579076355971869,0.5138357745925711,0.55144737724957,0.31598657673111796
paper_max_T300,A,1.0471975511965976,0.3333333333333333,3817,-204.38309662701636,-0.06579143000542953,0.5400270848559261,0.5564253410916715,0.0
paper_max_T300,A,1.0471975511965976,0.3333333333333333,3818,-204.43664304169965,-0.06579163964486728,0.513833076363745,0.5514454198850771,0.31598451219219015
paper_max_T300,A,1.0471975511965976,0.3333333333333333,3819,-204.49018795870938,-0.06579198991732493,0.5400238744246885,0.5564232430077609,0.0
paper_max_T300,A,1.0471975511965976,0.3333333333333333,3820,-204.5437306371054,-0.06579157692338905,0.513830134943645,0.5514432821699841,0.31598226360343845
paper_max_T300,A,1.0471975511965976,0.3333333333333333,3821,-204.59727195901712,-0.06579123600716763,0.5400227419438752,0.5564225014512786,0.0
paper_max_T300,A,1.0471975511965976,0.3333333333333333,3822,-204.6508131123581,-0.06579047561954249,0.5138301544542337,0.5514432962798388,0.3159822785248414
paper_max_T300,A,1.0471975511965976,0.3333333333333333,3823,-204.70435569249207,-0.06579030822907911,0.5400226987896033,0.5564224746045977,0.0
paper_max_T300,A,1.0471975511965976,0.3333333333333333,3824,-204.7578996505248,-0.06579010054162282,0.513828596729835,0.551442166589033,0.31598108648112067
paper_max_T300,A,1.0471975511965976,0.3333333333333333,3825,-204.81144453936986,-0.06579028110109203,0.5400195636826254,0.5564204260022537,0.0
paper_max_T300,A,1.0471975511965976,0.3333333333333333,3826,-204.8649888978906,-0.06579026692101309,0.5138238583552285,0.5514387231943746,0.3159774640580812
paper_max_T300,A,1.0471975511965976,0.3333333333333333,3827,-204.91853164486133,-0.06578992224423319,0.5400158125029683,0.5564179704168224,0.0
paper_max_T300,A,1.0471975511965976,0.3333333333333333,3828,-204.97207285643066,-0.06578939307401038,0.5138215138994324,0.5514370160505225,0.31597567351935324
paper_max_T300,A,1.0471975511965976,0.3333333333333333,3829,-205.0256133221086,-0.06578860204501386,0.5400157075142187,0.5564178986199003,0.0
paper_max_T300,A,1.0471975511965976,0.3333333333333333,3830,-205.07915464181764,-0.06578817054920305,0.5138226491473069,0.5514378392792508,0.3159765423565335
paper_max_T300,A,1.0471975511965976,0.3333333333333333,3831,-205.13269782402665,-0.06578788310899925,0.5400164211194077,0.5564183650613629,0.0
paper_max_T300,A,1.0471975511965976,0.3333333333333333,3832,-205.18624294134713,-0.06578820241191158,0.5138220311370582,0.5514373902173374,0.31597606987520843
paper_max_T300,A,1.0471975511965976,0.3333333333333333,3833,-205.23978866514187,-0.06578824720117366,0.5400147247263315,0.5564172546339096,0.0
paper_max_T300,A,1.0471975511965976,0.3333333333333333,3834,-205.29333381647814,-0.06578860691930644,0.5138200708863881,0.551435963173385,0.3159745725827979
paper_max_T300,A,1.0471975511965976,0.3333333333333333,3835,-205.34687703278075,-0.06578818379960294,0.5400143594273538,0.556417012005171,0.0
paper_max_T300,A,1.0471975511965976,0.3333333333333333,3836,-205.40041919650298,-0.06578808398935965,0.5138220350170486,0.5514373868316929,0.31597607609795614
paper_max_T300,A,1.0471975511965976,0.3333333333333333,3837,-205.45396139749636,-0.06578763228132684,0.5400177465283391,0.5564192250351904,0.0
paper_max_T300,A,1.0471975511965976,0.3333333333333333,3838,-205.50750546218467,-0.06578784794542791,0.5138262531247385,0.5514404517215159,0.3159793010166224
paper_max_T300,A,1.0471975511965976,0.3333333333333333,3839,-205.56105179906746,-0.06578814090707252,0.5400204058251951,0.5564209652172994,0.0
paper_max_T300,A,1.0471975511965976,0.3333333333333333,3840,-205.61459964089096,-0.0657889281428507,0.5138274511404195,0.5514413234956592,0.3159802162318077
paper_max_T300,A,1.0471975511965976,0.3333333333333333,3841,-205.66814701185626,-0.06578939228520214,0.5400204601609754,0.556421001025123,0.0
paper_max_T300,A,1.0471975511965976,0.3333333333333333,3842,-205.7216927169734,-0.0657898206171399,0.5138278630809427,0.5514416219866843,0.31598053163454376
paper_max_T300,A,1.0471975511965976,0.3333333333333333,3843,-205.77523636694525,-0.06578979582895128,0.5400222292973308,0.5564221568408352,0.0
paper_max_T300,A,1.0471975511965976,0.3333333333333333,3844,-205.82877936083293,-0.06578969649348748,0.5138315995640425,0.5514443367396157,0.31598338843484647
paper_max_T300,A,1.0471975511965976,0.3333333333333333,3845,-205.88232345329965,-0.06578984561262735,0.5400260472430267,0.5564246550247625,0.0
paper_max_T300,A,1.0471975511965976,0.3333333333333333,3846,-205.93586939767096,-0.06579007617676996,0.5138348542554583,0.5514467048948405,0.31598587501016895
paper_max_T300,A,1.0471975511965976,0.3333333333333333,3847,-205.98941700588819,-0.0657908318439876,0.5400269416989014,0.5564252437682785,0.0
paper_max_T300,A,1.0471975511965976,0.3333333333333333,3848,-206.04296441457706,-0.06579128910963955,0.5138337217669513,0.5514458851760076,0.31598500754045755
paper_max_T300,A,1.0471975511965976,0.3333333333333333,3849,-206.09651022735773,-0.06579179101213845,0.5400251647918557,0.5564240834258021,0.0
paper_max_T300,A,1.0471975511965976,0.3333333333333333,3850,-206.1500537337945,-0.06579158485417191,0.5138323854687832,0.5514449144326676,0.3159839857920704
paper_max_T300,A,1.0471975511965976,0.3333333333333333,3851,-206.20359589301341,-0.06579147292332443,0.5400253208982425,0.5564241854749725,0.0
paper_max_T300,A,1.0471975511965976,0.3333333333333333,3852,-206.25713796116054,-0.06579088073233458,0.5138336194633197,0.5514458120892489,0.31598492865064737
paper_max_T300,A,1.0471975511965976,0.3333333333333333,3853,-206.31068159468617,-0.06579098745176998,0.5400260814886101,0.556424685325388,0.0
paper_max_T300,A,1.0471975511965976,0.3333333333333333,3854,-206.36422648003202,-0.06579086385417066,0.5138326805351747,0.5514451332294397,0.31598420904708363
paper_max_T300,A,1.0471975511965976,0.3333333333333333,3855,-206.4177721060081,-0.06579128978796905,0.5400232721948206,0.5564228510578091,0.0
paper_max_T300,A,1.0471975511965976,0.3333333333333333,3856,-206.47131675978733,-0.06579123820225419,0.5138280962259358,0.5514418031303985,0.3159807037232507
paper_max_T300,A,1.0471975511965976,0.3333333333333333,3857,-206.52485964343282,-0.06579108437302489,0.5400194609922463,0.5564203576033397,0.0
paper_max_T300,A,1.0471975511965976,0.3333333333333333,3858,-206.57840080369164,-0.06579042943163144,0.5138254119419118,0.5514398503664394,0.31597865268574094
paper_max_T300,A,1.0471975511965976,0.3333333333333333,3859,-206.63194136493155,-0.06578978248796924,0.5400187727151897,0.5564199055119321,0.0
paper_max_T300,A,1.0471975511965976,0.3333333333333333,3860,-206.68548263118225,-0.06578917429592362,0.513825547825398,0.551439948468205,0.31597875691772853
paper_max_T300,A,1.0471975511965976,0.3333333333333333,3861,-206.73902564821282,-0.06578894892840126,0.5400183564577214,0.5564196339311203,0.0
paper_max_T300,A,1.0471975511965976,0.3333333333333333,3862,-206.7925701545579,-0.06578903314923512,0.5138234644358015,0.5514384352420616,0.31597716380820373
paper_max_T300,A,1.0471975511965976,0.3333333333333333,3863,-206.84611503683846,-0.06578901880639498,0.5400153092449527,0.5564176405084507,0.0
paper_max_T300,A,1.0471975511965976,0.3333333333333333,3864,-206.89965915168057,-0.06578910464308824,0.5138199776821454,0.5514358990476208,0.3159744994381254
paper_max_T300,A,1.0471975511965976,0.3333333333333333,3865,-206.95320144615152,-0.06578853150453245,0.5400136279683263,0.5564165370712184,0.0
paper_max_T300,A,1.0471975511965976,0.3333333333333333,3866,-207.00674276644077,-0.06578819168349559,0.5138204681875196,0.5514362515508358,0.3159748765070821
paper_max_T300,A,1.0471975511965976,0.3333333333333333,3867,-207.06028417018797,-0.06578754594809122,0.540015733118668,0.5564179112477261,0.0
paper_max_T300,A,1.0471975511965976,0.3333333333333333,3868,-207.11382736239267,-0.06578759418983704,0.5138232890195402,0.5514383004261101,0.3159770335660227
paper_max_T300,A,1.0471975511965976,0.3333333333333333,3869,-207.1673727034746,-0.06578764854642488,0.540017292371984,0.5564189311339275,0.0
paper_max_T300,A,1.0471975511965976,0.3333333333333333,3870,-207.220919616677,-0.06578832813849933,0.5138234949701338,0.5514384500985344,0.31597719097603744
paper_max_T300,A,1.0471975511965976,0.3333333333333333,3871,-207.2744661484361,-0.06578852212006753,0.5400167692640976,0.5564185878848441,0.0
paper_max_T300,A,1.0471975511965976,0.3333333333333333,3872,-207.32801132230315,-0.06578891950395988,0.5138236076383733,0.5514385296840298,0.3159772783171427
paper_max_T300,A,1.0471975511965976,0.3333333333333333,3873,-207.381554544035,-0.0657886621477598,0.5400185516361115,0.5564197510316328,0.0
paper_max_T300,A,1.0471975511965976,0.3333333333333333,3874,-207.43509734316666,-0.06578864806480811,0.513827610183973,0.5514414365863297,0.3159803391658357
paper_max_T300,A,1.0471975511965976,0.3333333333333333,3875,-207.48864125859188,-0.06578864755001423,0.5400227845500586,0.556422519534638,0.0
paper_max_T300,A,1.0471975511965976,0.3333333333333333,3876,-207.5421873159405,-0.06578905791155754,0.5138315437604699,0.5514442969491951,0.3159833453450435
paper_max_T300,A,1.0471975511965976,0.3333333333333333,3877,-207.5957351520628,-0.06578973294747237,0.5400244884928834,0.5564236365492314,0.0
paper_max_T300,A,1.0471975511965976,0.3333333333333333,3878,-207.6492830993443,-0.06579040632605576,0.5138316005227901,0.5514443404332888,0.3159833875619507
paper_max_T300,A,1.0471975511965976,0.3333333333333333,3879,-207.7028294702904,-0.06579090182710995,0.54002397808315,0.5564233037765282,0.0
paper_max_T300,A,1.0471975511965976,0.3333333333333333,3880,-207.75637366242705,-0.06579093491770749,0.5138318720554528,0.5514445377170092,0.3159835951977428
paper_max_T300,A,1.0471975511965976,0.3333333333333333,3881,-207.80991650667966,-0.06579092727350655,0.5400255935218196,0.5564243602644858,0.0
paper_max_T300,A,1.0471975511965976,0.3333333333333333,3882,-207.86345944634593,-0.06579059389873448,0.5138347018505708,0.5514465952323994,0.3159857579351912
paper_max_T300,A,1.0471975511965976,0.3333333333333333,3883,-207.91700410352126,-0.065790899168931,0.5400276481725746,0.5564257067760505,0.0
paper_max_T300,A,1.0471975511965976,0.3333333333333333,3884,-207.97055012165697,-0.06579099504997299,0.51383509698726,0.5514468863079174,0.315986057939596
paper_max_T300,A,1.0471975511965976,0.3333333333333333,3885,-208.02409681311474,-0.06579165094740369,0.540025910477404,0.5564245740071847,0.0
paper_max_T300,A,1.0471975511965976,0.3333333333333333,3886,-208.07764228421883,-0.06579172462213606,0.5138316142712946,0.5514443576496857,0.315983394302933
paper_max_T300,A,1.0471975511965976,0.3333333333333333,3887,-208.13118581617226,-0.06579180967000542,0.540022930122688,0.5564226251248581,0.0
paper_max_T300,A,1.0471975511965976,0.3333333333333333,3888,-208.18472746357367,-0.06579119688280455,0.5138296303009524,0.5514429151053657,0.315981877972877
paper_max_T300,A,1.0471975511965976,0.3333333333333333,3889,-208.2382686376926,-0.06579079785059433,0.5400225682326479,0.5564223878260065,0.0
paper_max_T300,A,1.0471975511965976,0.3333333333333333,3890,-208.2918104467454,-0.06579016148969952,0.5138297595000131,0.5514430096956665,0.3159819763649192
paper_max_T300,A,1.0471975511965976,0.3333333333333333,3891,-208.3453539739275,-0.0657901423110554,0.5400218321331794,0.5564219083299152,0.0
paper_max_T300,A,1.0471975511965976,0.3333333333333333,3892,-208.39889855455147,-0.06579009983882944,0.513827026042634,0.5514410252997807,0.31597988564643775
paper_max_T300,A,1.0471975511965976,0.3333333333333333,3893,-208.45244322930535,-0.0657901918937186,0.5400180338123344,0.5564194248118202,0.0
paper_max_T300,A,1.0471975511965976,0.3333333333333333,3894,-208.50598676536424,-0.06579005862856135,0.5138225326818822,0.5514377585693739,0.315976451241762
paper_max_T300,A,1.0471975511965976,0.3333333333333333,3895,-208.5595285216666,-0.06578950029429165,0.5400153356059997,0.5564176570307697,0.0
paper_max_T300,A,1.0471975511965976,0.3333333333333333,3896,-208.61306926342905,-0.06578891404801179,0.5138216964144923,0.55143714750176,0.3159758136739509
paper_max_T300,A,1.0471975511965976,0.3333333333333333,3897,-208.66661017224044,-0.06578821430801074,0.5400161166942344,0.5564181656212082,0.0
paper_max_T300,A,1.0471975511965976,0.3333333333333333,3898,-208.72015265770142,-0.06578802706272435,0.5138228808902973,0.5514380074440727,0.31597671965574325
paper_max_T300,A,1.0471975511965976,0.3333333333333333,3899,-208.7736970929833,-0.06578793816800199,0.5400162066383896,0.5564182245070931,0.0
paper_max_T300,A,1.0471975511965976,0.3333333333333333,3900,-208.8272428975141,-0.06578839030836192,0.5138215081233966,0.5514370094676958,0.31597567037689733
paper_max_T300,A,1.0471975511965976,0.3333333333333333,3901,-208.88078831428652,-0.06578835309489756,0.5400144591751685,0.5564170797862964,0.0
paper_max_T300,A,1.0471975511965976,0.3333333333333333,3902,-208.93433253605428,-0.06578856598599442,0.5138204611470595,0.5514362454225801,0.31597487164466936
paper_max_T300,A,1.0471975511965976,0.3333333333333333,3903,-208.9878749524387,-0.0657880535741256,0.540015412962136,0.5564176999913556,0.0
paper_max_T300,A,1.0471975511965976,0.3333333333333333,3904,-209.0414171090925,-0.0657879580744562,0.5138237121184399,0.5514386051228384,0.315977358471502
paper_max_T300,A,1.0471975511965976,0.3333333333333333,3905,-209.09496035494192,-0.06578772573848823,0.5400191445315753,0.5564201395541452,0.0
paper_max_T300,A,1.0471975511965976,0.3333333333333333,3906,-209.14850588617065,-0.06578815797603338,0.5138272991778541,0.5514412124455373,0.31598010040392205
paper_max_T300,A,1.0471975511965976,0.3333333333333333,3907,-209.2020532406367,-0.06578862202709135,0.5400208003946435,0.5564212237482266,0.0
paper_max_T300,A,1.0471975511965976,0.3333333333333333,3908,-209.25560103458093,-0.06578938511702193,0.5138276550632361,0.5514414718532823,0.3159803720393735
paper_max_T300,A,1.0471975511965976,0.3333333333333333,3909,-209.30914735909778,-0.06578971524208477,0.540020871198977,0.5564212697425273,0.0
paper_max_T300,A,1.0471975511965976,0.3333333333333333,3910,-209.36269177222727,-0.06578991114214905,0.5138288938055415,0.5514423709082389,0.3159813196761969
paper_max_T300,A,1.0471975511965976,0.3333333333333333,3911,-209.41623485414516,-0.06578984184819148,0.5400235222720369,0.556423002786394,0.0
paper_max_T300,A,1.0471975511965976,0.3333333333333333,3912,-209.46977827529759,-0.0657897501577851,0.5138330172180079,0.5514453678847777,0.31598447170833754
paper_max_T300,A,1.0471975511965976,0.3333333333333333,3913,-209.52332353224995,-0.06579010269092556,0.5400267731676937,0.5564251311864598,0.0
paper_max_T300,A,1.0471975511965976,0.3333333333333333,3914,-209.57687043306794,-0.06579046174751119,0.5138348324868502,0.551446690577226,0.31598585757560904
paper_max_T300,A,1.0471975511965976,0.3333333333333333,3915,-209.63041805450132,-0.06579123254603608,0.5400263520858198,0.5564248592787701,0.0
paper_max_T300,A,1.0471975511965976,0.3333333333333333,3916,-209.6839644699487,-0.06579153118223968,0.513832910668972,0.5514452963072886,0.31598438718261856
paper_max_T300,A,1.0471975511965976,0.3333333333333333,3917,-209.7375088278411,-0.06579179334335417,0.5400247491272756,0.5564238117115853,0.0
paper_max_T300,A,1.0471975511965976,0.3333333333333333,3918,-209.79105125485404,-0.06579136500964772,0.5138323874580548,0.5514449160323345,0.31598398721859555
paper_max_T300,A,1.0471975511965976,0.3333333333333333,3919,-209.84459330091363,-0.06579121295615231,0.5400254831540704,0.5564242920996116,0.0
paper_max_T300,A,1.0471975511965976,0.3333333333333333,3920,-209.8981360482136,-0.06579071215812005,0.5138334700911696,0.5514457045168555,0.3159848139392728
paper_max_T300,A,1.0471975511965976,0.3333333333333333,3921,-209.9516805714515,-0.0657909580935433,0.5400253202967666,0.5564241885786552,0.0
paper_max_T300,A,1.0471975511965976,0.3333333333333333,3922,-210.00522587729563,-0.06579095123940137,0.5138311202983449,0.5514440001111307,0.31598301590314193
paper_max_T300,A,1.0471975511965976,0.3333333333333333,3923,-210.0587710235559,-0.06579126137535807,0.5400216647021854,0.5564217996843354,0.0
paper_max_T300,A,1.0471975511965976,0.3333333333333333,3924,-210.11231462624573,-0.06579104889319609,0.5138265788527681,0.5514406997413234,0.31597954407245843
paper_max_T300,A,1.0471975511965976,0.3333333333333333,3925,-210.1658564143226,-0.06579065503242942,0.54001871290173,0.5564198673230233,0.0
paper_max_T300,A,1.0471975511965976,0.3333333333333333,3926,-210.21939708506886,-0.06578992036043851,0.513825160781534,0.551439667077508,0.31597846107565064
paper_max_T300,A,1.0471975511965976,0.3333333333333333,3927,-210.2729380434546,-0.06578933220371852,0.5400186980306901,0.5564198563715628,0.0
paper_max_T300,A,1.0471975511965976,0.3333333333333333,3928,-210.32648033098474,-0.06578895068014368,0.5138251445320188,0.5514396553882625,0.31597844861870206
paper_max_T300,A,1.0471975511965976,0.3333333333333333,3929,-210.38002435638208,-0.06578887662903682,0.5400175463188673,0.5564191039360644,0.0
paper_max_T300,A,1.0471975511965976,0.3333333333333333,3930,-210.4335693354809,-0.06578908056420657,0.5138222639139115,0.5514375621422754,0.31597624637017896
paper_max_T300,A,1.0471975511965976,0.3333333333333333,3931,-210.48711380325022,-0.06578894229852406,0.5400144683840641,0.5564170892594924,0.0
paper_max_T300,A,1.0471975511965976,0.3333333333333333,3932,-210.54065703000344,-0.06578889226215306,0.5138197462731682,0.5514357293040417,0.31597432335113884
paper_max_T300,A,1.0471975511965976,0.3333333333333333,3933,-210.5941986053645,-0.06578820920453887,0.540014161891581,0.5564168849166197,0.0
paper_max_T300,A,1.0471975511965976,0.3333333333333333,3934,-210.6477399756372,-0.06578790639119947,0.5138215937101641,0.5514370686562753,0.3159757373938762
paper_max_T300,A,1.0471975511965976,0.3333333333333333,3935,-210.70128239395638,-0.06578746786788603,0.5400166988905786,0.5564185426657442,0.0
paper_max_T300,A,1.0471975511965976,0.3333333333333333,3936,-210.75482702997914,-0.06578776495291977,0.5138239405117515,0.5514387739037917,0.31597753159467495
paper_max_T300,A,1.0471975511965976,0.3333333333333333,3937,-210.80837341946847,-0.06578798154478838,0.5400174543777353,0.556419036962696,0.0
paper_max_T300,A,1.0471975511965976,0.3333333333333333,3938,-210.861920427806,-0.0657886689237811,0.5138235848644063,0.5514385149562131,0.31597725993632075
paper_max_T300,A,1.0471975511965976,0.3333333333333333,3939,-210.9154660990613,-0.06578874164016912,0.5400172080227345,0.5564188741212195,0.0
paper_max_T300,A,1.0471975511965976,0.3333333333333333,3940,-210.9690101567832,-0.06578895038418703,0.5138247946359686,0.5514393916337184,0.31597818611120454
paper_max_T300,A,1.0471975511965976,0.3333333333333333,3941,-211.0225529363861,-0.06578868424343731,0.5400200696339538,0.5564207437031992,0.0
paper_max_T300,A,1.0471975511965976,0.3333333333333333,3942,-211.07609627701402,-0.06578871928306068,0.5138293687495978,0.5514427150529001,0.3159816832891181
paper_max_T300,A,1.0471975511965976,0.3333333333333333,3943,-211.12964150124128,-0.06578895816926578,0.5400238851990246,0.5564232403850661,0.0
paper_max_T300,A,1.0471975511965976,0.3333333333333333,3944,-211.18318869105974,-0.06578951560524743,0.5138320392465645,0.5514446581720428,0.31598372352141857
paper_max_T300,A,1.0471975511965976,0.3333333333333333,3945,-211.23673671000108,-0.0657902376879218,0.5400244333878339,0.5564236013814298,0.0
paper_max_T300,A,1.0471975511965976,0.3333333333333333,3946,-211.2902837596456,-0.06579075685350272,0.5138314663783268,0.551444243397487,0.3159832847855355
paper_max_T300,A,1.0471975511965976,0.3333333333333333,3947,-211.34382872357875,-0.06579105361041265,0.5400241853982255,0.5564234395671929,0.0
paper_max_T300,A,1.0471975511965976,0.3333333333333333,3948,-211.39737185956955,-0.06579086660215866,0.5138325659590233,0.5514450423021248,0.31598412550158683
paper_max_T300,A,1.0471975511965976,0.3333333333333333,3949,-211.45091467182596,-0.06579085883712443,0.5400263182819347,0.5564248350322533,0.0
paper_max_T300,A,1.0471975511965976,0.3333333333333333,3950,-211.50445838440373,-0.0657906024087887,0.5138351194764457,0.5514469000042559,0.31598607651879257
paper_max_T300,A,1.0471975511965976,0.3333333333333333,3951,-211.558003995555,-0.06579106378079597,0.5400273219155332,0.5564254948398664,0.0
paper_max_T300,A,1.0471975511965976,0.3333333333333333,3952,-211.61155036789876,-0.06579123803804565,0.5138339608851414,0.5514460618523643,0.31598518880803184
paper_max_T300,A,1.0471975511965976,0.3333333333333333,3953,-211.665096421911,-0.06579177754372711,0.540024610705988,0.5564237244246097,0.0
paper_max_T300,A,1.0471975511965976,0.3333333333333333,3954,-211.7186406458888,-0.06579164927013537,0.5138303509526498,0.5514434394650699,0.3159824285746883
paper_max_T300,A,1.0471975511965976,0.3333333333333333,3955,-211.77218297320675,-0.06579149119040612,0.5400222966859162,0.5564222104273404,0.0
paper_max_T300,A,1.0471975511965976,0.3333333333333333,3956,-211.82572409895565,-0.06579076662308808,0.5138293614100631,0.5514427195134493,0.31598167249554465
paper_max_T300,A,1.0471975511965976,0.3333333333333333,3957,-211.87926565564766,-0.06579041010851777,0.5400223444351031,0.5564222416879504,0.0
paper_max_T300,A,1.0471975511965976,0.3333333333333333,3958,-211.93280837451664,-0.06578996463224784,0.5138290527214189,0.551442496571197,0.3159814357917943
paper_max_T300,A,1.0471975511965976,0.3333333333333333,3959,-211.98635267337997,-0.06579005712681318,0.5400206654161384,0.5564211455691495,0.0
paper_max_T300,A,1.0471975511965976,0.3333333333333333,3960,-212.039897441925,-0.06579009747798964,0.5138253490287339,0.5514398062952744,0.3159786037531944
paper_max_T300,A,1.0471975511965976,0.3333333333333333,3961,-212.09344148461474,-0.06579002186707067,0.5400167260259211,0.5564185684475774,0.0
paper_max_T300,A,1.0471975511965976,0.3333333333333333,3962,-212.14698405808934,-0.06578973746037098,0.5138217196989635,0.5514371663626798,0.3159758304547627
paper_max_T300,A,1.0471975511965976,0.3333333333333333,3963,-212.2005251058804,-0.06578903692780086,0.5400153116383652,0.5564176400595968,0.0
paper_max_T300,A,1.0471975511965976,0.3333333333333333,3964,-212.2540659078731,-0.06578849467064762,0.5138221452671938,0.5514374728569579,0.31597615725972017
paper_max_T300,A,1.0471975511965976,0.3333333333333333,3965,-212.30760773896543,-0.06578797000104786,0.5400164731967386,0.5564183984579331,0.0
paper_max_T300,A,1.0471975511965976,0.3333333333333333,3966,-212.36115153236514,-0.06578804254067544,0.5138228676734401,0.551437997647678,0.31597670965100155
paper_max_T300,A,1.0471975511965976,0.3333333333333333,3967,-212.4146968967981,-0.06578808220454968,0.5400158456497908,0.5564179879360326,0.0
paper_max_T300,A,1.0471975511965976,0.3333333333333333,3968,-212.4682428101333,-0.06578856066420441,0.5138211047921079,0.5514367154413798,0.31597536250723435
paper_max_T300,A,1.0471975511965976,0.3333333333333333,3969,-212.5217874763454,-0.06578838869025494,0.5400145596426944,0.5564171442503122,0.0
paper_max_T300,A,1.0471975511965976,0.3333333333333333,3970,-212.57533074237662,-0.06578845264976618,0.5138213665496097,0.5514369022160389,0.31597556443352837
paper_max_T300,A,1.0471975511965976,0.3333333333333333,3971,-212.62887282504244,-0.06578794242778141,0.5400167650133203,0.5564185836270124,0.0
paper_max_T300,A,1.0471975511965976,0.3333333333333333,3972,-212.68241559757215,-0.06578794280980932,0.5138253777507181,0.5514398155300273,0.3159786318324069
paper_max_T300,A,1.0471975511965976,0.3333333333333333,3973,-212.73596021987328,-0.0657879662089329,0.5400202606210067,0.5564208699608977,0.0
paper_max_T300,A,1.0471975511965976,0.3333333333333333,3974,-212.78950701680503,-0.06578857856280557,0.513827943867688,0.5514416815217038,0.3159805929419901
paper_max_T300,A,1.0471975511965976,0.3333333333333333,3975,-212.84305473610277,-0.0657891103963244,0.5400210013881932,0.5564213555238567,0.0
paper_max_T300,A,1.0471975511965976,0.3333333333333333,3976,-212.89660181599322,-0.06578974569646184,0.5138279439780918,0.5514416818025513,0.31598059292068237
paper_max_T300,A,1.0471975511965976,0.3333333333333333,3977,-212.95014687631755,-0.06578991658430289,0.5400215399061888,0.5564217069838309,0.0
paper_max_T300,A,1.0471975511965976,0.3333333333333333,3978,-213.0036903301444,-0.06578992032133613,0.5138301735563539,0.5514433010288693,0.3159822979665883
paper_max_T300,A,1.0471975511965976,0.3333333333333333,3979,-213.0572334913452,-0.06578989869588003,0.5400247878897435,0.5564238311874247,0.0
paper_max_T300,A,1.0471975511965976,0.3333333333333333,3980,-213.1107778207835,-0.06578989538912738,0.5138340607287997,0.5514461274356632,0.31598526879751543
paper_max_T300,A,1.0471975511965976,0.3333333333333333,3981,-213.16432418341716,-0.06579043732991086,0.5400270051185411,0.5564252843356238,0.0
paper_max_T300,A,1.0471975511965976,0.3333333333333333,3982,-213.21787151474405,-0.06579085941701018,0.513834336642715,0.5514463315124278,0.3159854778484037
paper_max_T300,A,1.0471975511965976,0.3333333333333333,3983,-213.27141849230708,-0.06579153650471564,0.5400256095442023,0.5564243743878816,0.0
paper_max_T300,A,1.0471975511965976,0.3333333333333333,3984,-213.32496357023658,-0.0657916092175207,0.5138322418019322,0.5514448104824239,0.3159838757181748
paper_max_T300,A,1.0471975511965976,0.3333333333333333,3985,-213.3785066674769,-0.06579165150023153,0.540024569485252,0.5564236942768017,0.0
paper_max_T300,A,1.0471975511965976,0.3333333333333333,3986,-213.43204856591282,-0.06579108740456469,0.5138325181607948,0.5514450113345976,0.31598408695567326
paper_max_T300,A,1.0471975511965976,0.3333333333333333,3987,-213.48559103737162,-0.06579098698145963,0.5400254937811583,0.5564242997905681,0.0
paper_max_T300,A,1.0471975511965976,0.3333333333333333,3988,-213.53913466613173,-0.06579063929827716,0.513832899092985,0.5514452906011104,0.31598437688067704
paper_max_T300,A,1.0471975511965976,0.3333333333333333,3989,-213.5926798156022,-0.06579097881131679,0.5400241733592914,0.5564234393007352,0.0
paper_max_T300,A,1.0471975511965976,0.3333333333333333,3990,-213.6462250521043,-0.0657910068387283,0.5138293666984756,0.5514427260009588,0.3159816751795803
paper_max_T300,A,1.0471975511965976,0.3333333333333333,3991,-213.6997693194183,-0.06579112055272662,0.5400202050083487,0.5564208444998414,0.0
paper_max_T300,A,1.0471975511965976,0.3333333333333333,3992,-213.75331180903567,-0.06579072288021387,0.5138254868730465,0.551439905262977,0.3159787097442922
paper_max_T300,A,1.0471975511965976,0.3333333333333333,3993,-213.8068528486541,-0.06579016021787742,0.540018340168362,0.5564196226393289,0.0
paper_max_T300,A,1.0471975511965976,0.3333333333333333,3994,-213.86039356263998,-0.06578945196387798,0.5138250976291703,0.5514396206882303,0.3159784130599482
paper_max_T300,A,1.0471975511965976,0.3333333333333333,3995,-213.91393533693073,-0.06578900223131556,0.5400185221123897,0.5564197412329951,0.0
paper_max_T300,A,1.0471975511965976,0.3333333333333333,3996,-213.96747873217336,-0.06578886485887181,0.5138244732961916,0.551439167550299,0.31597793549931963
paper_max_T300,A,1.0471975511965976,0.3333333333333333,3997,-214.02102344922315,-0.06578887234969044,0.540016597067697,0.5564184826561615,0.0
paper_max_T300,A,1.0471975511965976,0.3333333333333333,3998,-214.07456840140216,-0.06578909679278727,0.5138212137535498,0.5514367979628547,0.3159754440606732
paper_max_T300,A,1.0471975511965976,0.3333333333333333,3999,-214.12811210697822,-0.06578878990355452,0.5400140299172458,0.5564168010299834,0.0
paper_max_T300,A,1.0471975511965976,0.3333333333333333,4000,-214.181654469138,-0.0657886114279761,0.5138200755352419,0.5514359671386537,0.31597457582652894
paper_max_T300,A,1.0471975511965976,0.3333333333333333,4001,-214.2351957753473,-0.06578791627307629,0.5400150399031373,0.5564174581881822,0.0
paper_max_T300,A,1.0471975511965976,0.3333333333333333,4002,-214.2887377772062,-0.06578774418555122,0.5138227739699093,0.5514379259503518,0.315976639906529
paper_max_T300,A,1.0471975511965976,0.3333333333333333,4003,-214.34228153285036,-0.0657875512740721,0.540017460160837,0.5564190405541887,0.0
paper_max_T300,A,1.0471975511965976,0.3333333333333333,4004,-214.39582745496855,-0.0657880591064367,0.5138243001776712,0.55143903529705,0.3159778065283062
paper_max_T300,A,1.0471975511965976,0.3333333333333333,4005,-214.4493743086544,-0.06578834087491636,0.5400175298203698,0.5564190860134735,0.0
paper_max_T300,A,1.0471975511965976,0.3333333333333333,4006,-214.50292078402182,-0.06578893465455254,0.5138238784789205,0.551438727724278,0.31597748471699494
paper_max_T300,A,1.0471975511965976,0.3333333333333333,4007,-214.5564653691194,-0.0657888703027496,0.5400179954917946,0.5564193885043385,0.0
paper_max_T300,A,1.0471975511965976,0.3333333333333333,4008,-214.61000860865525,-0.06578893103277317,0.5138263144161388,0.5514404957253154,0.3159793481485192
paper_max_T300,A,1.0471975511965976,0.3333333333333333,4009,-214.66355157730789,-0.06578875082369984,0.5400216208531429,0.5564217585105408,0.0
paper_max_T300,A,1.0471975511965976,0.3333333333333333,4010,-214.7170959540999,-0.06578890786977765,0.5138308152736092,0.5514437671027824,0.3159827886737939
paper_max_T300,A,1.0471975511965976,0.3333333333333333,4011,-214.77064245143367,-0.06578936951925718,0.540024544781818,0.5564236728745726,0.0
paper_max_T300,A,1.0471975511965976,0.3333333333333333,4012,-214.82419023835692,-0.06579000040977662,0.5138321149385741,0.5514447141796068,0.31598378085781487
paper_max_T300,A,1.0471975511965976,0.3333333333333333,4013,-214.87773773909902,-0.06579066154885277,0.5400242585613403,0.5564234876515096,0.0
paper_max_T300,A,1.0471975511965976,0.3333333333333333,4014,-214.93128349396224,-0.06579095667153323,0.5138314838436446,0.5514442563409105,0.3159832980141769
paper_max_T300,A,1.0471975511965976,0.3333333333333333,4015,-214.98482722597248,-0.06579107494864789,0.540024607612073,0.5564237159189626,0.0
paper_max_T300,A,1.0471975511965976,0.3333333333333333,4016,-215.03836987499037,-0.06579074985851363,0.5138333358086297,0.5514456023078577,0.31598471373776005
paper_max_T300,A,1.0471975511965976,0.3333333333333333,4017,-215.09191321233564,-0.06579082616600607,0.5400268301340858,0.5564251708202103,0.0
paper_max_T300,A,1.0471975511965976,0.3333333333333333,4018,-215.14545787557876,-0.06579069964271889,0.5138350409285736,0.5514468442959557,0.31598601574431406
paper_max_T300,A,1.0471975511965976,0.3333333333333333,4019,-215.19900410323388,-0.06579126241253741,0.5400265446447341,0.5564249877350412,0.0
paper_max_T300,A,1.0471975511965976,0.3333333333333333,4020,-215.25255026151433,-0.06579142975076896,0.5138325543626868,0.5514450404481335,0.31598411317091013
paper_max_T300,A,1.0471975511965976,0.3333333333333333,4021,-215.30609525081746,-0.0657917692146604,0.5400233814210788,0.5564229204889385,0.0
paper_max_T300,A,1.0471975511965976,0.3333333333333333,4022,-215.3596382049471,-0.06579141836018454,0.5138294092784171,0.5514427547873395,0.3159817088550866
paper_max_T300,A,1.0471975511965976,0.3333333333333333,4023,-215.41317973338727,-0.06579108507090325,0.5400219360318533,0.5564219741952523,0.0
paper_max_T300,A,1.0471975511965976,0.3333333333333333,4024,-215.4667208900904,-0.06579035636754738,0.5138291630049481,0.5514425753664629,0.3159815207940097
paper_max_T300,A,1.0471975511965976,0.3333333333333333,4025,-215.5202631968603,-0.06579011402674195,0.5400219279603303,0.5564219696940309,0.0
paper_max_T300,A,1.0471975511965976,0.3333333333333333,4026,-215.57380683450873,-0.06578987661762165,0.5138279980613056,0.5514417305311355,0.31598062932551196
paper_max_T300,A,1.0471975511965976,0.3333333333333333,4027,-215.62735154945995,-0.06579000723173778,0.5400193110190579,0.556420259683665,0.0
paper_max_T300,A,1.0471975511965976,0.3333333333333333,4028,-215.68089604824635,-0.06579003775666953,0.5138237849616891,0.5514386689318399,0.3159774084292085
paper_max_T300,A,1.0471975511965976,0.3333333333333333,4029,-215.73443920262474,-0.06578975389206188,0.5400157953664884,0.5564179584772383,0.0
paper_max_T300,A,1.0471975511965976,0.3333333333333333,4030,-215.78798091232372,-0.0657893358596523,0.5138214438628599,0.5514369645547573,0.31597562028868353
paper_max_T300,A,1.0471975511965976,0.3333333333333333,4031,-215.84152170720603,-0.06578859394509723,0.5400156197705761,0.5564178406044407,0.0
paper_max_T300,A,1.0471975511965976,0.3333333333333333,4032,-215.8950631052109,-0.0657881935244446,0.5138226557091774,0.5514378433049429,0.31597654775454054
paper_max_T300,A,1.0471975511965976,0.3333333333333333,4033,-215.9486061419637,-0.06578788242410272,0.5400166571713311,0.5564185185990027,0.0
paper_max_T300,A,1.0471975511965976,0.3333333333333333,4034,-216.0021511058306,-0.0657881784085379,0.5138226297137782,0.5514378244331029,0.3159765278765999
paper_max_T300,A,1.0471975511965976,0.3333333333333333,4035,-216.05569689249108,-0.06578825547647416,0.540015476799629,0.5564177459856525,0.0
paper_max_T300,A,1.0471975511965976,0.3333333333333333,4036,-216.10924236598845,-0.06578866519284854,0.5138210032983117,0.5514366405957667,0.31597528548162157
paper_max_T300,A,1.0471975511965976,0.3333333333333333,4037,-216.16278608923795,-0.06578835303710245,0.5400150927531557,0.5564174917638528,0.0
paper_max_T300,A,1.0471975511965976,0.3333333333333333,4038,-216.21632867677636,-0.0657883130297065,0.5138226937169843,0.5514378658365267,0.31597657948530866
paper_max_T300,A,1.0471975511965976,0.3333333333333333,4039,-216.26987102508377,-0.06578790454316175,0.5400182271177291,0.5564195396711504,0.0
paper_max_T300,A,1.0471975511965976,0.3333333333333333,4040,-216.32341490594078,-0.06578806949358346,0.513826824386888,0.5514408671451847,0.3159797375800218
paper_max_T300,A,1.0471975511965976,0.3333333333333333,4041,-216.37696090529664,-0.06578833294868203,0.5400210254302293,0.5564213707349703,0.0
paper_max_T300,A,1.0471975511965976,0.3333333333333333,4042,-216.43050846723196,-0.06578904659599216,0.5138282740750952,0.5514419219573656,0.31598084512311964
paper_max_T300,A,1.0471975511965976,0.3333333333333333,4043,-216.48405585401764,-0.06578954325525666,0.5400211671401867,0.556421464077545,0.0
paper_max_T300,A,1.0471975511965976,0.3333333333333333,4044,-216.53760178762985,-0.06578997990746582,0.5138284575530289,0.5514420549277453,0.3159809855998953
paper_max_T300,A,1.0471975511965976,0.3333333333333333,4045,-216.59114572411815,-0.0657900161652426,0.5400224616328656,0.5564223098308404,0.0
paper_max_T300,A,1.0471975511965976,0.3333333333333333,4046,-216.64468878045102,-0.06578990515903438,0.513831545365633,0.5514442983631772,0.315983346461
paper_max_T300,A,1.0471975511965976,0.3333333333333333,4047,-216.69823259569446,-0.06579001125951323,0.5400258392796238,0.5564245197983271,0.0
paper_max_T300,A,1.0471975511965976,0.3333333333333333,4048,-216.75177801456,-0.06579013900292346,0.5138345981415662,0.5514465193545225,0.3159856789065729
paper_max_T300,A,1.0471975511965976,0.3333333333333333,4049,-216.80532510720542,-0.0657908092115243,0.540026772295824,0.5564251333944477,0.0
paper_max_T300,A,1.0471975511965976,0.3333333333333333,4050,-216.85887222960142,-0.06579120293622148,0.5138335433651611,0.5514457559586092,0.31598487092208283
paper_max_T300,A,1.0471975511965976,0.3333333333333333,4051,-216.9124180805776,-0.06579170080102015,0.5400248953711497,0.556423907687628,0.0
paper_max_T300,A,1.0471975511965976,0.3333333333333333,4052,-216.96596179474489,-0.06579152684462874,0.5138318196335541,0.5514445037585947,0.31598355293592784
paper_max_T300,A,1.0471975511965976,0.3333333333333333,4053,-217.01950407380144,-0.06579141326550342,0.5400245751212901,0.5564236980910352,0.0
paper_max_T300,A,1.0471975511965976,0.3333333333333333,4054,-217.0730460244149,-0.06579081828091815,0.5138326067866971,0.5514450762807698,0.31598415441278876
paper_max_T300,A,1.0471975511965976,0.3333333333333333,4055,-217.12658925816254,-0.06579083124159468,0.5400252137262089,0.5564241175181933,0.0
paper_max_T300,A,1.0471975511965976,0.3333333333333333,4056,-217.18013369878932,-0.06579064971121257,0.5138318802238561,0.5514445510931916,0.3159835975004365
paper_max_T300,A,1.0471975511965976,0.3333333333333333,4057,-217.23367904542997,-0.06579100253859754,0.5400227617787735,0.5564225165458364,0.0
paper_max_T300,A,1.0471975511965976,0.3333333333333333,4058,-217.28722374776476,-0.06579097629884506,0.5138276451459503,0.5514414747003342,0.3159803591999835
paper_max_T300,A,1.0471975511965976,0.3333333333333333,4059,-217.3407669405485,-0.06579085323535416,0.5400190505943605,0.5564200886499481,0.0
paper_max_T300,A,1.0471975511965976,0.3333333333333333,4060,-217.39430849521486,-0.0657902958369801,0.5138248484240849,0.5514394403452579,0.3159782221483872
paper_max_T300,A,1.0471975511965976,0.3333333333333333,4061,-217.44784926805067,-0.065789663910513,0.5400182304643455,0.5564195502203488,0.0
paper_max_T300,A,1.0471975511965976,0.3333333333333333,4062,-217.50139052204653,-0.06578908335880629,0.5138250356192801,0.5514395753841355,0.31597836578943017
paper_max_T300,A,1.0471975511965976,0.3333333333333333,4063,-217.5549333309051,-0.06578880691539402,0.5400181460129602,0.5564194952329674,0.0
paper_max_T300,A,1.0471975511965976,0.3333333333333333,4064,-217.60847767815392,-0.06578888019021012,0.5138235781987823,0.5514385168376713,0.31597725133497856
paper_max_T300,A,1.0471975511965976,0.3333333333333333,4065,-217.66202263514904,-0.065788881203384,0.5400156634949912,0.5564178712897071,0.0
paper_max_T300,A,1.0471975511965976,0.3333333333333333,4066,-217.71556710704402,-0.06578903984167117,0.5138205067398984,0.5514362829026016,0.31597490421364144
paper_max_T300,A,1.0471975511965976,0.3333333333333333,4067,-217.76910992708042,-0.06578856754378637,0.5400140651681777,0.5564168226578449,0.0
paper_max_T300,A,1.0471975511965976,0.3333333333333333,4068,-217.82265170767457,-0.06578831318757539,0.5138208771600199,0.5514365485329871,0.3159751892697901
paper_max_T300,A,1.0471975511965976,0.3333333333333333,4069,-217.8761933063928,-0.06578770998734601,0.5400160813398655,0.5564181387500758,0.0
paper_max_T300,A,1.0471975511965976,0.3333333333333333,4070,-217.92973640713652,-0.06578773706025515,0.5138238141892476,0.5514386817897503,0.31597743518823185
paper_max_T300,A,1.0471975511965976,0.3333333333333333,4071,-217.98328152691658,-0.06578777646947909,0.5400179586024632,0.5564193666148343,0.0
paper_max_T300,A,1.0471975511965976,0.3333333333333333,4072,-218.03682829485888,-0.06578841522512596,0.5138244614698018,0.5514391524100566,0.3159779298722796
paper_max_T300,A,1.0471975511965976,0.3333333333333333,4073,-218.09037496793127,-0.06578866700890751,0.5400176743656544,0.5564191801088347,0.0
paper_max_T300,A,1.0471975511965976,0.3333333333333333,4074,-218.14392048272714,-0.06578909884415307,0.5138245036474764,0.5514391814103009,0.3159779629857574
paper_max_T300,A,1.0471975511965976,0.3333333333333333,4075,-218.1974640936951,-0.06578892984346268,0.5400191131039622,0.5564201190190887,0.0
paper_max_T300,A,1.0471975511965976,0.3333333333333333,4076,-218.25100705026222,-0.0657889177327649,0.5138279959245012,0.551441717727126,0.31598063361737183
paper_max_T300,A,1.0471975511965976,0.3333333333333333,4077,-218.30455078833512,-0.06578890334425064,0.5400230101570687,0.5564226677861871,0.0
paper_max_T300,A,1.0471975511965976,0.3333333333333333,4078,-218.3580964037862,-0.06578921595320575,0.5138318116258757,0.5514444922120078,0.3159835498022534
paper_max_T300,A,1.0471975511965976,0.3333333333333333,4079,-218.4116438040411,-0.06578983689011247,0.5400247857509232,0.5564238315311951,0.0
paper_max_T300,A,1.0471975511965976,0.3333333333333333,4080,-218.46519151232798,-0.06579044356426561,0.5138319338279844,0.55144458332519,0.3159836420071922
paper_max_T300,A,1.0471975511965976,0.3333333333333333,4081,-218.5187379589466,-0.06579095974003873,0.5400241271892975,0.5564234021013962,0.0
paper_max_T300,A,1.0471975511965976,0.3333333333333333,4082,-218.57228235914482,-0.06579100810682792,0.5138317334271472,0.551444437892326,0.31598348872639626
paper_max_T300,A,1.0471975511965976,0.3333333333333333,4083,-218.6258253096251,-0.06579101004910592,0.5400251752311891,0.5564240875079259,0.0
paper_max_T300,A,1.0471975511965976,0.3333333333333333,4084,-218.67936807740222,-0.06579064581525335,0.5138339970884926,0.5514460836809664,0.31598521883284725
paper_max_T300,A,1.0471975511965976,0.3333333333333333,4085,-218.7329122707917,-0.06579085880896535,0.5400269852811411,0.5564252734929301,0.0
paper_max_T300,A,1.0471975511965976,0.3333333333333333,4086,-218.786457757012,-0.0657908673652206,0.5138344393894687,0.5514464084422332,0.31598555520301413
paper_max_T300,A,1.0471975511965976,0.3333333333333333,4087,-218.84000408952522,-0.0657914439963514,0.5400254365595247,0.5564242639219159,0.0
paper_max_T300,A,1.0471975511965976,0.3333333333333333,4088,-218.8935495201737,-0.06579151483588086,0.5138310980567538,0.5514439824125199,0.31598299970809895
paper_max_T300,A,1.0471975511965976,0.3333333333333333,4089,-218.94709326574406,-0.06579161197940903,0.5400223734552477,0.5564222609700541,0.0
paper_max_T300,A,1.0471975511965976,0.3333333333333333,4090,-219.00063518923128,-0.06579106807851848,0.5138288117677726,0.5514423201643724,0.3159812522679254
paper_max_T300,A,1.0471975511965976,0.3333333333333333,4091,-219.0541764381374,-0.06579065442248944,0.5400217372270721,0.5564218440020328,0.0
paper_max_T300,A,1.0471975511965976,0.3333333333333333,4092,-219.10771809910278,-0.06579002324697902,0.5138288593440361,0.5514423549298756,0.3159812885285498
paper_max_T300,A,1.0471975511965976,0.3333333333333333,4093,-219.16126129974552,-0.06578992244604309,0.5400212360214942,0.5564215175488657,0.0
paper_max_T300,A,1.0471975511965976,0.3333333333333333,4094,-219.21480564359672,-0.06578986084862654,0.5138266596218019,0.5514407580017179,0.315979606048876
paper_max_T300,A,1.0471975511965976,0.3333333333333333,4095,-219.26835033484127,-0.06578994081520728,0.5400179380887682,0.5564193612493922,0.0
paper_max_T300,A,1.0471975511965976,0.3333333333333333,4096,-219.3218941907481,-0.06578988377021522,0.5138225373286976,0.5514377611860378,0.31597645518830075
paper_max_T300,A,1.0471975511965976,0.3333333333333333,4097,-219.37543641931677,-0.06578939982626991,0.5400153198776668,0.5564176461453613,0.0
paper_max_T300,A,1.0471975511965976,0.3333333333333333,4098,-219.4289775820699,-0.06578890940318599,0.5138216263576448,0.5514370960359369,0.31597576040360836
paper_max_T300,A,1.0471975511965976,0.3333333333333333,4099,-219.48251865320026,-0.06578823187099836,0.5400160926131621,0.556418149219372,0.0
paper_max_T300,A,1.0471975511965976,0.3333333333333333,4100,-219.53606106751243,-0.06578804397788651,0.5138230533008159,0.5514381319824584,0.31597685184768926
paper_max_T300,A,1.0471975511965976,0.3333333333333333,4101,-219.58960533351674,-0.06578793429388563,0.5400166288947078,0.5564184999104008,0.0
paper_max_T300,A,1.0471975511965976,0.3333333333333333,4102,-219.6431510857397,-0.06578837658297865,0.5138222764050293,0.5514375672024686,0.31597625801594575
paper_max_T300,A,1.0471975511965976,0.3333333333333333,4103,-219.69669673348992,-0.06578840392696628,0.5400152618981063,0.5564176045245603,0.0
paper_max_T300,A,1.0471975511965976,0.3333333333333333,4104,-219.75024138950118,-0.06578868308395408,0.5138213301352202,0.5514368769910729,0.3159755359321071
paper_max_T300,A,1.0471975511965976,0.3333333333333333,4105,-219.8037842779037,-0.06578827243980634,0.5400160354181385,0.5564181073742105,0.0
paper_max_T300,A,1.0471975511965976,0.3333333333333333,4106,-219.8573266888159,-0.06578820515465134,0.513824267866186,0.551439009344174,0.3159777831357371
paper_max_T300,A,1.0471975511965976,0.3333333333333333,4107,-219.91086986933524,-0.06578798088096821,0.5400196042244334,0.5564204405019638,0.0
paper_max_T300,A,1.0471975511965976,0.3333333333333333,4108,-219.96441508325904,-0.06578833817597762,0.5138279158333603,0.5514416608546439,0.31598057167353166
paper_max_T300,A,1.0471975511965976,0.3333333333333333,4109,-220.01796212960147,-0.06578877971473518,0.5400214603417764,0.5564216557238253,0.0
paper_max_T300,A,1.0471975511965976,0.3333333333333333,4110,-220.0715097931581,-0.06578949310052895,0.5138284438441206,0.55144204562824,0.3159809747504247
paper_max_T300,A,1.0471975511965976,0.3333333333333333,4111,-220.12505628853066,-0.06578987613621995,0.5400214453587289,0.5564216460546838,0.0
paper_max_T300,A,1.0471975511965976,0.3333333333333333,4112,-220.17860097577997,-0.06579009025746313,0.5138292536740913,0.551442633415377,0.31598159426142514
paper_max_T300,A,1.0471975511965976,0.3333333333333333,4113,-220.23214422177256,-0.06579005580687902,0.5400235477818741,0.556423020442384,0.0
paper_max_T300,A,1.0471975511965976,0.3333333333333333,4114,-220.28568749803787,-0.065789922268085,0.5138328086816953,0.5514452171862916,0.3159843118340122
paper_max_T300,A,1.0471975511965976,0.3333333333333333,4115,-220.33923231184116,-0.0657902026180312,0.5400265240879663,0.5564249688820387,0.0
paper_max_T300,A,1.0471975511965976,0.3333333333333333,4116,-220.3927786688341,-0.06579045675910239,0.5138345957699908,0.5514465189894678,0.3159856763761582
paper_max_T300,A,1.0471975511965976,0.3333333333333333,4117,-220.44632591738508,-0.0657911624878611,0.5400261869862902,0.5564247516575965,0.0
paper_max_T300,A,1.0471975511965976,0.3333333333333333,4118,-220.49987225099818,-0.06579143479740845,0.5138326593530788,0.5514451140974623,0.31598419482419104
paper_max_T300,A,1.0471975511965976,0.3333333333333333,4119,-220.55341677316943,-0.06579170968736203,0.5400243450726352,0.556423547897837,0.0
paper_max_T300,A,1.0471975511965976,0.3333333333333333,4120,-220.60695939131483,-0.06579131870009142,0.51383165091318,0.5514443811977113,0.31598342391486456
paper_max_T300,A,1.0471975511965976,0.3333333333333333,4121,-220.66050140819715,-0.06579113822697452,0.540024647508252,0.5564237457423725,0.0
paper_max_T300,A,1.0471975511965976,0.3333333333333333,4122,-220.71404387960462,-0.06579061029468647,0.5138324786127266,0.5514449838674887,0.31598405603657964
paper_max_T300,A,1.0471975511965976,0.3333333333333333,4123,-220.76758795395153,-0.06579075419321057,0.5400245677203015,0.5564236959049402,0.0
paper_max_T300,A,1.0471975511965976,0.3333333333333333,4124,-220.82113291379642,-0.06579070435313467,0.5138304884124506,0.551443540280109,0.3159825331616184
paper_max_T300,A,1.0471975511965976,0.3333333333333333,4125,-220.8746779830168,-0.06579097774218434,0.5400212619163999,0.5564215355910415,0.0
paper_max_T300,A,1.0471975511965976,0.3333333333333333,4126,-220.9282218194087,-0.06579082544465326,0.5138261632982107,0.5514403972031563,0.3159792266703483
paper_max_T300,A,1.0471975511965976,0.3333333333333333,4127,-220.9817639781264,-0.06579047471769767,0.5400182821666938,0.5564195851132707,0.0
paper_max_T300,A,1.0471975511965976,0.3333333333333333,4128,-221.0353049672301,-0.06578982593468613,0.5138245916409563,0.5514392529293973,0.3159780262617453
paper_max_T300,A,1.0471975511965976,0.3333333333333333,4129,-221.0888459838305,-0.06578922815467642,0.5400182291688239,0.556419548978092,0.0
paper_max_T300,A,1.0471975511965976,0.3333333333333333,4130,-221.1423881384199,-0.06578884825946452,0.5138248218689071,0.5514394199664471,0.3159782024338931
paper_max_T300,A,1.0471975511965976,0.3333333333333333,4131,-221.19593196507367,-0.06578873080645575,0.5400175511381098,0.5564191060496994,0.0
paper_max_T300,A,1.0471975511965976,0.3333333333333333,4132,-221.24947691154796,-0.06578894193904816,0.5138225890738016,0.5514377975092752,0.31597649543095285
paper_max_T300,A,1.0471975511965976,0.3333333333333333,4133,-221.30302163289394,-0.06578885509651011,0.5400149189757271,0.5564173832809582,0.0
paper_max_T300,A,1.0471975511965976,0.3333333333333333,4134,-221.3565653299056,-0.06578889540350363,0.5138202758196206,0.5514361137316799,0.315974728386586
paper_max_T300,A,1.0471975511965976,0.3333333333333333,4135,-221.41010740047994,-0.06578830747983322,0.540014554630496,0.5564171415562199,0.0
paper_max_T300,A,1.0471975511965976,0.3333333333333333,4136,-221.46364907490323,-0.0657880589037837,0.5138219828107121,0.5514373512396307,0.3159760349411983
paper_max_T300,A,1.0471975511965976,0.3333333333333333,4137,-221.51719149867347,-0.06578763307949714,0.5400171005588786,0.5564188051296212,0.0
paper_max_T300,A,1.0471975511965976,0.3333333333333333,4138,-221.57073592842733,-0.06578788531683116,0.5138245905808051,0.5514392460791547,0.3159780286779901
paper_max_T300,A,1.0471975511965976,0.3333333333333333,4139,-221.62428213462732,-0.065788098578762,0.5400182233161198,0.5564195397565682,0.0
paper_max_T300,A,1.0471975511965976,0.3333333333333333,4140,-221.67782914075195,-0.06578876676856604,0.5138245787809699,0.5514392373987361,0.31597801968449113
paper_max_T300,A,1.0471975511965976,0.3333333333333333,4141,-221.73137509694425,-0.06578891874369597,0.5400180277360536,0.5564194107026014,0.0
paper_max_T300,A,1.0471975511965976,0.3333333333333333,4142,-221.78491952913123,-0.0657891666032574,0.5138255031533778,0.551439907237535,0.315978727375987
paper_max_T300,A,1.0471975511965976,0.3333333333333333,4143,-221.8384625695992,-0.06578896224643466,0.5400204586648254,0.5564209989226503,0.0
paper_max_T300,A,1.0471975511965976,0.3333333333333333,4144,-221.89200585354575,-0.06578896458010158,0.5138296271557173,0.5514429035789277,0.31598188043924835
paper_max_T300,A,1.0471975511965976,0.3333333333333333,4145,-221.94555072586434,-0.06578916041354232,0.5400240788929803,0.5564233676669844,0.0
paper_max_T300,A,1.0471975511965976,0.3333333333333333,4146,-221.99909744041076,-0.0657896147383743,0.5138323176169977,0.551444861012498,0.3159839360404447
paper_max_T300,A,1.0471975511965976,0.3333333333333333,4147,-222.05264514852388,-0.06579030081663595,0.5400247109346643,0.556423783484387,0.0
paper_max_T300,A,1.0471975511965976,0.3333333333333333,4148,-222.10619214519056,-0.06579078593764853,0.5138316850434241,0.5514444030288623,0.315983451562779
paper_max_T300,A,1.0471975511965976,0.3333333333333333,4149,-222.15973729210162,-0.06579111471868915,0.5400241548818054,0.5564234204249441,0.0
paper_max_T300,A,1.0471975511965976,0.3333333333333333,4150,-222.21328059991203,-0.06579094367438454,0.5138321995783401,0.5514447768849655,0.31598384496228554
paper_max_T300,A,1.0471975511965976,0.3333333333333333,4151,-222.2668233488003,-0.06579091381774604,0.5400257553075867,0.5564244674651762,0.0
paper_max_T300,A,1.0471975511965976,0.3333333333333333,4152,-222.3203667145758,-0.06579060125247377,0.5138343671854452,0.5514463536724342,0.3159855012093512
paper_max_T300,A,1.0471975511965976,0.3333333333333333,4153,-222.37391180258857,-0.0657909588945465,0.5400267072506038,0.5564250928891376,0.0
paper_max_T300,A,1.0471975511965976,0.3333333333333333,4154,-222.42745774082414,-0.06579106212243402,0.5138333900520682,0.5514456469200578,0.3159847524628887
paper_max_T300,A,1.0471975511965976,0.3333333333333333,4155,-222.4810036375485,-0.06579155472209108,0.5400241718158816,0.556423437222311,0.0
paper_max_T300,A,1.0471975511965976,0.3333333333333333,4156,-222.5345480035088,-0.0657914593847288,0.5138297935356314,0.5514430342950951,0.3159820024774883
paper_max_T300,A,1.0471975511965976,0.3333333333333333,4157,-222.58809059531097,-0.06579132159622098,0.5400216619489164,0.5564217951830923,0.0
paper_max_T300,A,1.0471975511965976,0.3333333333333333,4158,-222.64163191298923,-0.06579065654245198,0.5138284853715204,0.5514420826638917,0.31598100289278136
paper_max_T300,A,1.0471975511965976,0.3333333333333333,4159,-222.69517339172575,-0.06579025995798349,0.5400215524075499,0.5564217231790619,0.0
paper_max_T300,A,1.0471975511965976,0.3333333333333333,4160,-222.74871585920016,-0.0657897990684147,0.5138283136301139,0.5514419586914289,0.3159808711700114
paper_max_T300,A,1.0471975511965976,0.3333333333333333,4161,-222.80225986652107,-0.06578981954921287,0.5400202676175068,0.5564208844301819,0.0
paper_max_T300,A,1.0471975511965976,0.3333333333333333,4162,-222.8558045497091,-0.06578986437194229,0.5138251853417652,0.5514396863923071,0.31597847910832755
paper_max_T300,A,1.0471975511965976,0.3333333333333333,4163,-222.90934880007427,-0.06578981434070763,0.540016731220711,0.5564185710436317,0.0
paper_max_T300,A,1.0471975511965976,0.3333333333333333,4164,-222.96289181000168,-0.06578962684051282,0.5138217472889312,0.5514371858024167,0.315975851863765
paper_max_T300,A,1.0471975511965976,0.3333333333333333,4165,-223.01643330342648,-0.06578899736909016,0.5400152870490024,0.5564176234565072,0.0
paper_max_T300,A,1.0471975511965976,0.3333333333333333,4166,-223.06997438498342,-0.06578852279024289,0.5138221110405138,0.5514374474281452,0.31597613138017255
paper_max_T300,A,1.0471975511965976,0.3333333333333333,4167,-223.1235162168441,-0.06578799582835165,0.5400165602779365,0.5564184547366035,0.0
paper_max_T300,A,1.0471975511965976,0.3333333333333333,4168,-223.17705985458736,-0.06578804765580654,0.5138232349254573,0.5514382638162588,0.31597699077738317
paper_max_T300,A,1.0471975511965976,0.3333333333333333,4169,-223.23060510984124,-0.06578808383348739,0.5400164331350366,0.5564183715522587,0.0
paper_max_T300,A,1.0471975511965976,0.3333333333333333,4170,-223.2841511199183,-0.06578857484529793,0.5138219721260314,0.551437345389349,0.3159760257505512
paper_max_T300,A,1.0471975511965976,0.3333333333333333,4171,-223.33769615788458,-0.06578849202838111,0.5400153415828525,0.5564176556365897,0.0
paper_max_T300,A,1.0471975511965976,0.3333333333333333,4172,-223.39123988710583,-0.06578862431906357,0.5138221233305306,0.5514374524149734,0.31597614284840214
paper_max_T300,A,1.0471975511965976,0.3333333333333333,4173,-223.44478231763878,-0.0657881917796238,0.5400172808138372,0.5564189213164936,0.0
paper_max_T300,A,1.0471975511965976,0.3333333333333333,4174,-223.49832513717172,-0.06578818307905021,0.5138258750184596,0.5514401772405026,0.3159790117970494
paper_max_T300,A,1.0471975511965976,0.3333333333333333,4175,-223.5518695260604,-0.06578818845534956,0.5400207386536924,0.5564211828865765,0.0
paper_max_T300,A,1.0471975511965976,0.3333333333333333,4176,-223.60541596778216,-0.06578871799082014,0.5138286120649991,0.551442167421166,0.31598110359840254
paper_max_T300,A,1.0471975511965976,0.3333333333333333,4177,-223.65896349171737,-0.0657892460246684,0.5400216630713204,0.5564217887397117,0.0
paper_max_T300,A,1.0471975511965976,0.3333333333333333,4178,-223.71251060898697,-0.06578985929922959,0.5138286279529714,0.551442179545675,0.31598111543884333
paper_max_T300,A,1.0471975511965976,0.3333333333333333,4179,-223.76605593038602,-0.06579009147488207,0.5400219331484223,0.5564219650505249,0.0
paper_max_T300,A,1.0471975511965976,0.3333333333333333,4180,-223.8195996052877,-0.06579010823183118,0.5138302943984133,0.551443389813066,0.3159823898309605
paper_max_T300,A,1.0471975511965976,0.3333333333333333,4181,-223.87314274500375,-0.06579008649761225,0.5400246493366838,0.5564237414162392,0.0
paper_max_T300,A,1.0471975511965976,0.3333333333333333,4182,-223.9266867373272,-0.06579001280443336,0.5138337692101903,0.551445916248976,0.31598504558362117
paper_max_T300,A,1.0471975511965976,0.3333333333333333,4183,-223.9802325810408,-0.06579046840117192,0.5400267596029104,0.556425124201809,0.0
paper_max_T300,A,1.0471975511965976,0.3333333333333333,4184,-224.0337794532635,-0.06579080023628192,0.5138341216236411,0.5514461756032374,0.3159853132825079
paper_max_T300,A,1.0471975511965976,0.3333333333333333,4185,-224.08732624760756,-0.0657914398916779,0.5400254134328943,0.5564242464627309,0.0
paper_max_T300,A,1.0471975511965976,0.3333333333333333,4186,-224.14087141438296,-0.06579151986129267,0.5138318705217909,0.5514445410878173,0.31598359165206674
paper_max_T300,A,1.0471975511965976,0.3333333333333333,4187,-224.19441470994468,-0.06579157720391854,0.5400240194876741,0.5564233349508657,0.0
paper_max_T300,A,1.0471975511965976,0.3333333333333333,4188,-224.24795669904972,-0.0657910405995833,0.5138316514312486,0.5514443817355504,0.3159834242131945
paper_max_T300,A,1.0471975511965976,0.3333333333333333,4189,-224.30149897671544,-0.06579088301847447,0.5400246368527849,0.5564237392920872,0.0
paper_max_T300,A,1.0471975511965976,0.3333333333333333,4190,-224.35504222812472,-0.0657904908713513,0.5138320033322761,0.551444639294489,0.3159836922654261
paper_max_T300,A,1.0471975511965976,0.3333333333333333,4191,-224.4085869746304,-0.06579073684636516,0.5400235643685017,0.5564230404079573,0.0
paper_max_T300,A,1.0471975511965976,0.3333333333333333,4192,-224.46213203241348,-0.0657907496671798,0.5138288815583634,0.5514423727995673,0.31598130462883917
paper_max_T300,A,1.0471975511965976,0.3333333333333333,4193,-224.51567642101543,-0.06579086280760377,0.5400198636484541,0.5564206206495972,0.0
paper_max_T300,A,1.0471975511965976,0.3333333333333333,4194,-224.56921926134464,-0.06579054905445697,0.5138250655969876,0.5514395986304796,0.3159783879369625
paper_max_T300,A,1.0471975511965976,0.3333333333333333,4195,-224.62276064268258,-0.06579002594386785,0.5400178916395645,0.556419328789466,0.0
paper_max_T300,A,1.0471975511965976,0.3333333333333333,4196,-224.67630154224975,-0.06578937961924147,0.513824571654194,0.5514392378316073,0.3159780112854149
paper_max_T300,A,1.0471975511965976,0.3333333333333333,4197,-224.7298432362004,-0.06578889919253994,0.540018182939955,0.5564195185693336,0.0
paper_max_T300,A,1.0471975511965976,0.3333333333333333,4198,-224.7833864464589,-0.06578874901602222,0.5138243764761907,0.5514390962299253,0.31597786197844857
paper_max_T300,A,1.0471975511965976,0.3333333333333333,4199,-224.83693105329485,-0.06578873510608402,0.5400168015331943,0.5564186154461735,0.0
paper_max_T300,A,1.0471975511965976,0.3333333333333333,4200,-224.89047613730065,-0.06578899257277326,0.5138216859624641,0.5514371403897256,0.31597580543610193
paper_max_T300,A,1.0471975511965976,0.3333333333333333,4201,-224.9440202409176,-0.06578876503307207,0.5400145114411495,0.5564171155046073,0.0
paper_max_T300,A,1.0471975511965976,0.3333333333333333,4202,-224.99756310329894,-0.0657886794396565,0.5138205629451912,0.5514363211093753,0.3159749485625274
paper_max_T300,A,1.0471975511965976,0.3333333333333333,4203,-225.05110479098346,-0.0657880591885246,0.540015395443801,0.5564176905667515,0.0
paper_max_T300,A,1.0471975511965976,0.3333333333333333,4204,-225.10464690785136,-0.06578790443416277,0.5138231868491522,0.551438225823014,0.31597695562698
paper_max_T300,A,1.0471975511965976,0.3333333333333333,4205,-225.15819052240977,-0.06578770346700041,0.5400179499419072,0.5564193606693192,0.0
paper_max_T300,A,1.0471975511965976,0.3333333333333333,4206,-225.21173621119118,-0.06578815847731029,0.5138250731801354,0.5514395969020295,0.31597839754565904
paper_max_T300,A,1.0471975511965976,0.3333333333333333,4207,-225.2652829937117,-0.065788459026287,0.5400183550210232,0.5564196257802863,0.0
paper_max_T300,A,1.0471975511965976,0.3333333333333333,4208,-225.31882962305417,-0.0657890578731039,0.5138248209517117,0.5514394129863379,0.31597820502955565
paper_max_T300,A,1.0471975511965976,0.3333333333333333,4209,-225.37237457212836,-0.0657890812518126,0.5400186751260196,0.5564198336209281,0.0
paper_max_T300,A,1.0471975511965976,0.3333333333333333,4210,-225.4259181235173,-0.06578917059535222,0.5138268229876207,0.5514408660785495,0.3159797365299035
paper_max_T300,A,1.0471975511965976,0.3333333333333333,4211,-225.47946116225933,-0.06578901686085614,0.5400218713388621,0.5564219230667579,0.0
paper_max_T300,A,1.0471975511965976,0.3333333333333333,4212,-225.53300528127926,-0.06578910885282563,0.5138310050838496,0.5514439056778835,0.3159829334392087
paper_max_T300,A,1.0471975511965976,0.3333333333333333,4213,-225.58655133876005,-0.06578951282013518,0.5400247388470586,0.5564238003232338,0.0
paper_max_T300,A,1.0471975511965976,0.3333333333333333,4214,-225.64009871847458,-0.06579005193737941,0.5138323927776604,0.5514449166192238,0.31598399297827495
paper_max_T300,A,1.0471975511965976,0.3333333333333333,4215,-225.6936460804634,-0.06579070127949982,0.5400244718316068,0.5564236277509592,0.0
paper_max_T300,A,1.0471975511965976,0.3333333333333333,4216,-225.74719193540238,-0.06579099125718146,0.513831534008713,0.5514442935540226,0.3159833359580311
paper_max_T300,A,1.0471975511965976,0.3333333333333333,4217,-225.80073586547826,-0.06579113831214134,0.5400243827405855,0.5564235696217248,0.0
paper_max_T300,A,1.0471975511965976,0.3333333333333333,4218,-225.8542785661699,-0.06579081595746711,0.5138327795743021,0.5514451987774203,0.3159842881367897
paper_max_T300,A,1.0471975511965976,0.3333333333333333,4219,-225.90782165695475,-0.06579083732143165,0.5400261886772012,0.5564247517083041,0.0
paper_max_T300,A,1.0471975511965976,0.3333333333333333,4220,-225.96136586071145,-0.06579063759555459,0.5138343128449588,0.5514463153348128,0.31598545905739983
paper_max_T300,A,1.0471975511965976,0.3333333333333333,4221,-226.01491160672907,-0.06579110210738692,0.5400260053046219,0.5564246348988873,0.0
paper_max_T300,A,1.0471975511965976,0.3333333333333333,4222,-226.06845750033858,-0.06579122763892631,0.5138320503305814,0.5514446740074054,0.31598372792094276
paper_max_T300,A,1.0471975511965976,0.3333333333333333,4223,-226.12200252844735,-0.06579155221592958,0.5400229366166386,0.5564226294264386,0.0
paper_max_T300,A,1.0471975511965976,0.3333333333333333,4224,-226.17554573533528,-0.06579125911110661,0.5138287791533944,0.5514422967735483,0.31598122717906096
paper_max_T300,A,1.0471975511965976,0.3333333333333333,4225,-226.22908748869975,-0.06579093932903274,0.5400212359998676,0.5564215161710421,0.0
paper_max_T300,A,1.0471975511965976,0.3333333333333333,4226,-226.28262870246783,-0.06579024944351775,0.5138282895860358,0.5514419402677293,0.3159808532746593
paper_max_T300,A,1.0471975511965976,0.3333333333333333,4227,-226.33617080324058,-0.06578994645526492,0.5400212398828325,0.5564215190051305,0.0
paper_max_T300,A,1.0471975511965976,0.3333333333333333,4228,-226.38971416194346,-0.06578968495688692,0.5138274650233134,0.5514413422940347,0.31598022227854977
paper_max_T300,A,1.0471975511965976,0.3333333333333333,4229,-226.4432586990801,-0.06578976767760125,0.5400191037864054,0.5564201232043227,0.0
paper_max_T300,A,1.0471975511965976,0.3333333333333333,4230,-226.49680329479145,-0.06578983309361902,0.5138237701432856,0.5514386573381338,0.31597739752796183
paper_max_T300,A,1.0471975511965976,0.3333333333333333,4231,-226.55034680666165,-0.06578960431345382,0.5400158467337626,0.5564179914301832,0.0
paper_max_T300,A,1.0471975511965976,0.3333333333333333,4232,-226.60388898496592,-0.0657892883761329,0.5138214640616551,0.5514369787311375,0.31597563599108447
paper_max_T300,A,1.0471975511965976,0.3333333333333333,4233,-226.65743012175096,-0.06578860050517105,0.5400156026124046,0.5564178288863046,0.0
paper_max_T300,A,1.0471975511965976,0.3333333333333333,4234,-226.71097163249505,-0.06578823408576712,0.5138227074252606,0.5514378803105233,0.3159765875866549
paper_max_T300,A,1.0471975511965976,0.3333333333333333,4235,-226.76451455380266,-0.0657879056940559,0.5400168921985568,0.556418671647235,0.0
paper_max_T300,A,1.0471975511965976,0.3333333333333333,4236,-226.8180593593658,-0.06578817587986546,0.5138231894049439,0.5514382305464758,0.3159769560700342
paper_max_T300,A,1.0471975511965976,0.3333333333333333,4237,-226.87160516090046,-0.0657882763930534,0.5400161818024813,0.5564182066593295,0.0
paper_max_T300,A,1.0471975511965976,0.3333333333333333,4238,-226.92515088550476,-0.06578872229135918,0.5138218895285683,0.5514372845116837,0.3159759630476439
paper_max_T300,A,1.0471975511965976,0.3333333333333333,4239,-226.97869505559504,-0.06578851020842602,0.5400157979617314,0.5564179531571476,0.0
paper_max_T300,A,1.0471975511965976,0.3333333333333333,4240,-227.0322380426125,-0.06578852504648819,0.5138233227723106,0.5514383233159107,0.31597706020230265
paper_max_T300,A,1.0471975511965976,0.3333333333333333,4241,-227.08578055521753,-0.06578816150758443,0.540018664591834,0.5564198261397,0.0
paper_max_T300,A,1.0471975511965976,0.3333333333333333,4242,-227.1393242872212,-0.06578828264653125,0.5138273117838885,0.5514412216540521,0.3159801100152493
paper_max_T300,A,1.0471975511965976,0.3333333333333333,4243,-227.19286996560544,-0.06578851596643864,0.5400215427489895,0.556421709363578,0.0
paper_max_T300,A,1.0471975511965976,0.3333333333333333,4244,-227.2464172297457,-0.06578915507501887,0.5138289693068907,0.5514424275758387,0.3159813764096689
paper_max_T300,A,1.0471975511965976,0.3333333333333333,4245,-227.29996457768476,-0.06578967138316327,0.5400217754129479,0.5564218624785416,0.0
paper_max_T300,A,1.0471975511965976,0.3333333333333333,4246,-227.3535106837361,-0.06579010940289143,0.5138289731295814,0.5514424303967945,0.31598137932502923
paper_max_T300,A,1.0471975511965976,0.3333333333333333,4247,-227.4070548804129,-0.06579020022625565,0.540022652040909,0.5564224352550202,0.0
paper_max_T300,A,1.0471975511965976,0.3333333333333333,4248,-227.46059802117207,-0.06579008389674801,0.5138314569954301,0.5514442350217194,0.3159832784343711
paper_max_T300,A,1.0471975511965976,0.3333333333333333,4249,-227.51414161521075,-0.06579015409773625,0.5400255948590927,0.55642436062491,0.0
paper_max_T300,A,1.0471975511965976,0.3333333333333333,4250,-227.56768656788324,-0.06579019211657255,0.5138342855802989,0.5514462927022122,0.3159854396984824
paper_max_T300,A,1.0471975511965976,0.3333333333333333,4251,-227.6212331689144,-0.06579077841519676,0.5400265496560032,0.5564249881058977,0.0
paper_max_T300,A,1.0471975511965976,0.3333333333333333,4252,-227.67477999126345,-0.0657911095435545,0.5138333243046679,0.5514455970718222,0.3159847032865787
paper_max_T300,A,1.0471975511965976,0.3333333333333333,4253,-227.7283258435158,-0.06579159673704854,0.5400246260224969,0.5564237318594863,0.0
paper_max_T300,A,1.0471975511965976,0.3333333333333333,4254,-227.7818697440137,-0.06579145298681588,0.5138312994450926,0.551444126118556,0.3159831550500617
paper_max_T300,A,1.0471975511965976,0.3333333333333333,4255,-227.83541216440182,-0.06579134251846774,0.540023896287936,0.5564232543913122,0.0
paper_max_T300,A,1.0471975511965976,0.3333333333333333,4256,-227.8889540581108,-0.06579075512783378,0.5138316754011719,0.551444399499785,0.31598344234623577
paper_max_T300,A,1.0471975511965976,0.3333333333333333,4257,-227.94249696596984,-0.06579068819039957,0.5400244048523835,0.5564235882334225,0.0
paper_max_T300,A,1.0471975511965976,0.3333333333333333,4258,-227.99604101164175,-0.0657904575022693,0.5138311302443614,0.5514440055684958,0.31598302441458637
paper_max_T300,A,1.0471975511965976,0.3333333333333333,4259,-228.0495860830822,-0.06579073999428087,0.5400222945413059,0.5564222103147878,0.0
paper_max_T300,A,1.0471975511965976,0.3333333333333333,4260,-228.10313080151798,-0.06579073274504205,0.5138272625687317,0.5514411960779255,0.3159800670338593
paper_max_T300,A,1.0471975511965976,0.3333333333333333,4261,-228.15667426704283,-0.06579063731108814,0.540018727071583,0.5564198765427897,0.0
paper_max_T300,A,1.0471975511965976,0.3333333333333333,4262,-228.21021620306885,-0.06579017204422416,0.5138244052463217,0.5514391178245571,0.31597788358435974
paper_max_T300,A,1.0471975511965976,0.3333333333333333,4263,-228.26375721715283,-0.06578956356956567,0.5400177922015493,0.5564192630374272,0.0
paper_max_T300,A,1.0471975511965976,0.3333333333333333,4264,-228.31729850773246,-0.06578901595748216,0.513824613703828,0.5514392680607784,0.3159780436115609
paper_max_T300,A,1.0471975511965976,0.3333333333333333,4265,-228.3708411493492,-0.06578869805807441,0.5400179802273912,0.5564193859196299,0.0
paper_max_T300,A,1.0471975511965976,0.3333333333333333,4266,-228.4243853395223,-0.06578875856419092,0.5138237108019768,0.5514386122925751,0.3159773531781557
paper_max_T300,A,1.0471975511965976,0.3333333333333333,4267,-228.4779303303319,-0.06578876939148348,0.5400160249096239,0.5564181068933237,0.0
paper_max_T300,A,1.0471975511965976,0.3333333333333333,4268,-228.53147509494715,-0.06578898682686563,0.5138210520690927,0.5514366786808088,0.315975321377348
paper_max_T300,A,1.0471975511965976,0.3333333333333333,4269,-228.58501838930556,-0.06578860787859347,0.5400145270971721,0.556417124500552,0.0
paper_max_T300,A,1.0471975511965976,0.3333333333333333,4270,-228.63856061126302,-0.06578843295173897,0.5138213112167176,0.5514368638330274,0.31597552116347216
paper_max_T300,A,1.0471975511965976,0.3333333333333333,4271,-228.69210242399845,-0.06578787619986348,0.5400164285599401,0.5564183657090865,0.0
paper_max_T300,A,1.0471975511965976,0.3333333333333333,4272,-228.7456454629546,-0.06578788625003829,0.5138242956739857,0.5514390315243084,0.3159778033541102
paper_max_T300,A,1.0471975511965976,0.3333333333333333,4273,-228.79919036983887,-0.0657879104213252,0.5400185510316734,0.5564197539248756,0.0
paper_max_T300,A,1.0471975511965976,0.3333333333333333,4274,-228.8527369637623,-0.06578850361401245,0.5138253240688083,0.5514397792627158,0.31597858931444933
paper_max_T300,A,1.0471975511965976,0.3333333333333333,4275,-228.90628371481353,-0.06578879970242896,0.5400184931626105,0.5564197158755593,0.0
paper_max_T300,A,1.0471975511965976,0.3333333333333333,4276,-228.9598295055406,-0.06578925564062976,0.513825323456627,0.551439777703271,0.31597858943256424
paper_max_T300,A,1.0471975511965976,0.3333333333333333,4277,-229.013373470406,-0.06578916714506133,0.5400196241096169,0.5564204539312312,0.0
paper_max_T300,A,1.0471975511965976,0.3333333333333333,4278,-229.0669165942337,-0.06578916034399035,0.5138283254168975,0.5514419579235205,0.315980885105831
paper_max_T300,A,1.0471975511965976,0.3333333333333333,4279,-229.12046019615923,-0.06578913632997441,0.5400231703106042,0.5564227731756959,0.0
paper_max_T300,A,1.0471975511965976,0.3333333333333333,4280,-229.1740054131193,-0.06578936129543944,0.5138319815014777,0.5514446162056911,0.31598367937971117
paper_max_T300,A,1.0471975511965976,0.3333333333333333,4281,-229.227552386193,-0.06578992577625842,0.5400249876971177,0.5564239640929362,0.0
paper_max_T300,A,1.0471975511965976,0.3333333333333333,4282,-229.28109982960035,-0.06579046476625405,0.5138321741021372,0.5514447584851504,0.3159838253987968
paper_max_T300,A,1.0471975511965976,0.3333333333333333,4283,-229.33464630495973,-0.0657909915179461,0.5400242270781661,0.5564234680815893,0.0
paper_max_T300,A,1.0471975511965976,0.3333333333333333,4284,-229.38819088523417,-0.06579105320614442,0.5138315816738949,0.5514443283614586,0.3159833723113895
paper_max_T300,A,1.0471975511965976,0.3333333333333333,4285,-229.44173395735703,-0.06579106667809631,0.5400247708540236,0.5564238237092637,0.0
paper_max_T300,A,1.0471975511965976,0.3333333333333333,4286,-229.49527661076945,-0.06579068320384013,0.5138333143097914,0.5514455879998834,0.31598469659251455
paper_max_T300,A,1.0471975511965976,0.3333333333333333,4287,-229.5488204110178,-0.06579081512702967,0.5400263325084503,0.55642484676367,0.0
paper_max_T300,A,1.0471975511965976,0.3333333333333333,4288,-229.60236541517213,-0.06579074690882741,0.5138337837469721,0.5514459319500141,0.3159850539871357
paper_max_T300,A,1.0471975511965976,0.3333333333333333,4289,-229.65591139362948,-0.06579124537181363,0.5400249712061322,0.5564239593907353,0.0
paper_max_T300,A,1.0471975511965976,0.3333333333333333,4290,-229.70945675650592,-0.06579130995836197,0.5138306210804502,0.5514436356272818,0.31598263514499186
paper_max_T300,A,1.0471975511965976,0.3333333333333333,4291,-229.76300068681235,-0.06579141637321506,0.5400218865746095,0.5564219424002914,0.0
paper_max_T300,A,1.0471975511965976,0.3333333333333333,4292,-229.81654288547713,-0.06579093992639101,0.5138281037941007,0.5514418055347735,0.31598071110220505
paper_max_T300,A,1.0471975511965976,0.3333333333333333,4293,-229.87008425204937,-0.06579052170946065,0.5400210100766324,0.5564213681241212,0.0
paper_max_T300,A,1.0471975511965976,0.3333333333333333,4294,-229.92362582779543,-0.06578990456469275,0.5138280597247082,0.5514417733015586,0.31598067751142156
paper_max_T300,A,1.0471975511965976,0.3333333333333333,4295,-229.97716875471076,-0.06578973383894732,0.5400207033536176,0.5564211683791802,0.0
paper_max_T300,A,1.0471975511965976,0.3333333333333333,4296,-230.03071287440105,-0.06578965383115842,0.5138263446239373,0.5514405281949168,0.31597936570100654
paper_max_T300,A,1.0471975511965976,0.3333333333333333,4297,-230.08425755209566,-0.06578971916353854,0.5400178870473263,0.5564193270175418,0.0
paper_max_T300,A,1.0471975511965976,0.3333333333333333,4298,-230.13780167568643,-0.06578972645639952,0.513822608568102,0.5514378122815596,0.31597650999981985
paper_max_T300,A,1.0471975511965976,0.3333333333333333,4299,-230.19134433997328,-0.06578931338656369,0.540015377405491,0.5564176832582078,0.0
paper_max_T300,A,1.0471975511965976,0.3333333333333333,4300,-230.2448859181328,-0.0657889140519129,0.5138216387160738,0.5514371045712448,0.31597577008188316
paper_max_T300,A,1.0471975511965976,0.3333333333333333,4301,-230.2984271815243,-0.06578826618714562,0.5400161184485232,0.5564181656105979,0.0
paper_max_T300,A,1.0471975511965976,0.3333333333333333,4302,-230.35196955866803,-0.06578808118039559,0.5138232393090231,0.5514382665682944,0.31597699434932847
paper_max_T300,A,1.0471975511965976,0.3333333333333333,4303,-230.4055136648209,-0.0657879527564782,0.5400170265451392,0.5564187593786684,0.0
paper_max_T300,A,1.0471975511965976,0.3333333333333333,4304,-230.4590593334123,-0.065788378343001,0.5138229936816983,0.5514380879881372,0.31597680660223026
paper_max_T300,A,1.0471975511965976,0.3333333333333333,4305,-230.51260514817238,-0.06578845847831083,0.5400160202863095,0.5564181003324464,0.0
paper_max_T300,A,1.0471975511965976,0.3333333333333333,4306,-230.56615017174045,-0.06578879105663715,0.5138221625291103,0.5514374819920025,0.3159761722311635
paper_max_T300,A,1.0471975511965976,0.3333333333333333,4307,-230.61969349522087,-0.0657884753079836,0.5400166332117973,0.5564184986421241,0.0
paper_max_T300,A,1.0471975511965976,0.3333333333333333,4308,-230.67323616345175,-0.0657884365602398,0.513824785054989,0.5514393855638327,0.31597817831378794
paper_max_T300,A,1.0471975511965976,0.3333333333333333,4309,-230.72677930931684,-0.06578822375339605,0.5400200039889768,0.5564207022845922,0.0
paper_max_T300,A,1.0471975511965976,0.3333333333333333,4310,-230.7803242345339,-0.06578851236151145,0.5138284301929068,0.5514420349401992,0.315980964732289
paper_max_T300,A,1.0471975511965976,0.3333333333333333,4311,-230.83387096655088,-0.06578892659505853,0.540022012809606,0.5564220173840434,0.0
paper_max_T300,A,1.0471975511965976,0.3333333333333333,4312,-230.88741845993718,-0.06578958578702737,0.513829116634623,0.5514425350376794,0.31598148882860744
paper_max_T300,A,1.0471975511965976,0.3333333333333333,4313,-230.94096506749918,-0.06579000885606656,0.5400219420388096,0.5564219715758221,0.0
paper_max_T300,A,1.0471975511965976,0.3333333333333333,4314,-230.99450999022258,-0.06579023715626026,0.5138295591329427,0.5514428562414716,0.3159818273271668
paper_max_T300,A,1.0471975511965976,0.3333333333333333,4315,-231.04805340444346,-0.06579023645034732,0.5400235435200177,0.5564230184980548,0.0
paper_max_T300,A,1.0471975511965976,0.3333333333333333,4316,-231.10159658239183,-0.06579007152515542,0.5138325661817182,0.5514450416976504,0.31598412605311976
paper_max_T300,A,1.0471975511965976,0.3333333333333333,4317,-231.15514101200904,-0.06579028717004715,0.540026232898519,0.5564247789506075,0.0
paper_max_T300,A,1.0471975511965976,0.3333333333333333,4318,-231.20868686612198,-0.06579044644942666,0.5138343014651241,0.5514463054651222,0.3159854511979882
paper_max_T300,A,1.0471975511965976,0.3333333333333333,4319,-231.26223373910364,-0.06579108479327112,0.5400259799770528,0.5564246165245491,0.0
paper_max_T300,A,1.0471975511965976,0.3333333333333333,4320,-231.31577996061122,-0.06579132845519886,0.513832393703993,0.5514449213447925,0.31598399157652723
paper_max_T300,A,1.0471975511965976,0.3333333333333333,4321,-231.36932461724246,-0.06579161135669598,0.5400239675562741,0.5564233013131087,0.0
paper_max_T300,A,1.0471975511965976,0.3333333333333333,4322,-231.42286742938916,-0.06579125905933214,0.513830981094554,0.5514438947441878,0.3159829116809288
paper_max_T300,A,1.0471975511965976,0.3333333333333333,4323,-231.47640946473075,-0.06579105947206954,0.5400238828845358,0.556423245776587,0.0
paper_max_T300,A,1.0471975511965976,0.3333333333333333,4324,-231.52995173078727,-0.06579051640296907,0.5138315590194512,0.5514443154490705,0.315983353094088
paper_max_T300,A,1.0471975511965976,0.3333333333333333,4325,-231.58349541587233,-0.06579056984551268,0.5400238627418035,0.5564232343929426,0.0
paper_max_T300,A,1.0471975511965976,0.3333333333333333,4326,-231.63704005072412,-0.06579048078434202,0.513829902112016,0.5514431136160383,0.3159820852501255
paper_max_T300,A,1.0471975511965976,0.3333333333333333,4327,-231.69058502189523,-0.06579071618823029,0.5400209094008193,0.5564213044103451,0.0
paper_max_T300,A,1.0471975511965976,0.3333333333333333,4328,-231.74412905212483,-0.06579061564394362,0.5138258318371369,0.5514401557998019,0.3159789735452604
paper_max_T300,A,1.0471975511965976,0.3333333333333333,4329,-231.79767155989384,-0.06579030751258119,0.5400179483263485,0.556419366313677,0.0
paper_max_T300,A,1.0471975511965976,0.3333333333333333,4330,-231.85121287816997,-0.06578974310361801,0.5138241396252702,0.5514389239703968,0.31597768094995643
paper_max_T300,A,1.0471975511965976,0.3333333333333333,4331,-231.904753998091,-0.06578914653449175,0.5400178468652532,0.5564192983202463,0.0
paper_max_T300,A,1.0471975511965976,0.3333333333333333,4332,-231.95829606494254,-0.06578877345967143,0.5138245609100907,0.5514392295438126,0.31597800333935666
paper_max_T300,A,1.0471975511965976,0.3333333333333333,4333,-232.0118397105261,-0.06578861771504496,0.5400175788478971,0.5564191233002431,0.0
paper_max_T300,A,1.0471975511965976,0.3333333333333333,4334,-232.06538459854488,-0.06578882941062464,0.5138229215059397,0.551438038300604,0.3159767499791618
paper_max_T300,A,1.0471975511965976,0.3333333333333333,4335,-232.11892951670586,-0.06578878546119221,0.5400153781220693,0.5564176830015174,0.0
paper_max_T300,A,1.0471975511965976,0.3333333333333333,4336,-232.17247362407727,-0.06578890282777194,0.5138208274132593,0.5514365142590041,0.31597515023654443
paper_max_T300,A,1.0471975511965976,0.3333333333333333,4337,-232.2260161603698,-0.06578840617867038,0.5400149705224837,0.5564174134169695,0.0
paper_max_T300,A,1.0471975511965976,0.3333333333333333,4338,-232.27955814421568,-0.06578821061008189,0.5138223812223534,0.5514376406827584,0.3159763395591294
paper_max_T300,A,1.0471975511965976,0.3333333333333333,4339,-232.33310060218344,-0.06578780234588355,0.5400174780341148,0.5564190518800589,0.0
paper_max_T300,A,1.0471975511965976,0.3333333333333333,4340,-232.38664484604556,-0.06578801284364355,0.5138251712815466,0.5514396679424967,0.3159784726798858
paper_max_T300,A,1.0471975511965976,0.3333333333333333,4341,-232.44019085359935,-0.06578821783531441,0.5400189067811377,0.5564199867094141,0.0
paper_max_T300,A,1.0471975511965976,0.3333333333333333,4342,-232.49373780757992,-0.06578885870996654,0.5138254727176427,0.5514398871901943,0.31597870299762226
paper_max_T300,A,1.0471975511965976,0.3333333333333333,4343,-232.54728398210574,-0.06578907622357322,0.5400187749740956,0.5564198998403577,0.0
paper_max_T300,A,1.0471975511965976,0.3333333333333333,4344,-232.60082874114863,-0.06578935608644493,0.5138261512475514,0.5514403788604584,0.3159792224868768
paper_max_T300,A,1.0471975511965976,0.3333333333333333,4345,-232.65437203626846,-0.06578921065473664,0.5400208020953049,0.5564212242508756,0.0
paper_max_T300,A,1.0471975511965976,0.3333333333333333,4346,-232.70791529672522,-0.06578918787668775,0.5138298225502662,0.5514430462555837,0.31598202945008425
paper_max_T300,A,1.0471975511965976,0.3333333333333333,4347,-232.76145986084407,-0.06578934489371568,0.540024196999968,0.5564234454610474,0.0
paper_max_T300,A,1.0471975511965976,0.3333333333333333,4348,-232.81500612634068,-0.06578970350808888,0.51383249371489,0.5514449894609162,0.31598407041103305
paper_max_T300,A,1.0471975511965976,0.3333333333333333,4349,-232.86855350774567,-0.06579034750634782,0.5400249030718232,0.5564239096249368,0.0
paper_max_T300,A,1.0471975511965976,0.3333333333333333,4350,-232.92210041147393,-0.06579079505482843,0.5138318364191105,0.5514445136200898,0.3159835669735037
paper_max_T300,A,1.0471975511965976,0.3333333333333333,4351,-232.97564570351648,-0.06579114808034253,0.5400241018110199,0.5564233863776974,0.0
paper_max_T300,A,1.0471975511965976,0.3333333333333333,4352,-233.02918918113426,-0.06579099494083668,0.5138318424310911,0.5514445180305826,0.3159835715605977
paper_max_T300,A,1.0471975511965976,0.3333333333333333,4353,-233.08273190958874,-0.0657909496927831,0.5400252128273595,0.5564241131925423,0.0
paper_max_T300,A,1.0471975511965976,0.3333333333333333,4354,-233.13627499733644,-0.06579059439687818,0.5138336322893903,0.551445819909351,0.3159849392366465
paper_max_T300,A,1.0471975511965976,0.3333333333333333,4355,-233.18981961998895,-0.06579085754642089,0.5400260973383121,0.5564246940029134,0.0
paper_max_T300,A,1.0471975511965976,0.3333333333333333,4356,-233.2433651466386,-0.06579089553407341,0.513832824481707,0.5514452357699611,0.3159843201644328
paper_max_T300,A,1.0471975511965976,0.3333333333333333,4357,-233.2969108677437,-0.06579133900899825,0.5400237560764268,0.5564231651122892,0.0
paper_max_T300,A,1.0471975511965976,0.3333333333333333,4358,-233.3504553430874,-0.06579127143996855,0.5138292991898257,0.5514426749011155,0.3159816246293267
paper_max_T300,A,1.0471975511965976,0.3333333333333333,4359,-233.40399818748176,-0.06579115430365878,0.5400211138046835,0.5564214365346515,0.0
paper_max_T300,A,1.0471975511965976,0.3333333333333333,4360,-233.45753972121452,-0.06579055110407428,0.5138277240197232,0.551441529159187,0.3159804209662357
paper_max_T300,A,1.0471975511965976,0.3333333333333333,4361,-233.51108118024223,-0.06579012707464404,0.540020853245147,0.5564212654645392,0.0
paper_max_T300,A,1.0471975511965976,0.3333333333333333,4362,-233.56462345406794,-0.06578965901821782,0.5138276538401623,0.5514414785409215,0.31598036712124455
paper_max_T300,A,1.0471975511965976,0.3333333333333333,4363,-233.6181671980064,-0.06578961482993134,0.5400199176631822,0.5564206547025999,0.0
paper_max_T300,A,1.0471975511965976,0.3333333333333333,4364,-233.6717117798567,-0.0657896597027634,0.5138250673988644,0.5514395998391451,0.31597838937915157
paper_max_T300,A,1.0471975511965976,0.3333333333333333,4365,-233.7252561925992,-0.06578962999077154,0.5400167860393852,0.5564186061836296,0.0
paper_max_T300,A,1.0471975511965976,0.3333333333333333,4366,-233.7787995918378,-0.06578952795887022,0.5138218490528939,0.5514372592225937,0.31597592993747686
paper_max_T300,A,1.0471975511965976,0.3333333333333333,4367,-233.8323415155328,-0.06578896954599323,0.5400153339543056,0.556417653706505,0.0
paper_max_T300,A,1.0471975511965976,0.3333333333333333,4368,-233.88588289267682,-0.06578856209518158,0.5138221417868845,0.5514374693389997,0.3159761551078416
paper_max_T300,A,1.0471975511965976,0.3333333333333333,4369,-233.93942476112193,-0.06578804071328392,0.5400166718269526,0.5564185271701957,0.0
paper_max_T300,A,1.0471975511965976,0.3333333333333333,4370,-233.99296826435676,-0.06578807370103301,0.5138235868135922,0.5514385189725038,0.3159772600795264
paper_max_T300,A,1.0471975511965976,0.3333333333333333,4371,-234.0465133942945,-0.0657881033931047,0.5400169806141724,0.5564187291281931,0.0
paper_max_T300,A,1.0471975511965976,0.3333333333333333,4372,-234.10005944849388,-0.06578859654039959,0.5138227867480887,0.551437937107594,0.31597664865703234
paper_max_T300,A,1.0471975511965976,0.3333333333333333,4373,-234.15360479120432,-0.06578859062316694,0.5400160866464386,0.556418142938278,0.0
paper_max_T300,A,1.0471975511965976,0.3333333333333333,4374,-234.20714893362242,-0.0657887816147335,0.513822850729948,0.5514379812726771,0.31597669879717444
paper_max_T300,A,1.0471975511965976,0.3333333333333333,4375,-234.26069170181154,-0.06578842431113263,0.5400177687619645,0.5564192408041805,0.0
paper_max_T300,A,1.0471975511965976,0.3333333333333333,4376,-234.3142345919648,-0.06578841093093446,0.5138263181356931,0.5514404996207898,0.3159793503547659
paper_max_T300,A,1.0471975511965976,0.3333333333333333,4377,-234.36777877848584,-0.06578840105218725,0.5400211396712415,0.5564214454628165,0.0
paper_max_T300,A,1.0471975511965976,0.3333333333333333,4378,-234.4213248762328,-0.06578885140914614,0.5138291668518173,0.5514425708969428,0.31598152755888576
paper_max_T300,A,1.0471975511965976,0.3333333333333333,4379,-234.4748721752211,-0.06578936696355997,0.5400222218406983,0.5564221545947445,0.0
paper_max_T300,A,1.0471975511965976,0.3333333333333333,4380,-234.52841927782663,-0.06578995173835978,0.5138292160722195,0.5514426075285594,0.3159815647311415
paper_max_T300,A,1.0471975511965976,0.3333333333333333,4381,-234.5819648117954,-0.06579023470202572,0.5400222710156494,0.5564221867736956,0.0
paper_max_T300,A,1.0471975511965976,0.3333333333333333,4382,-234.6355086956877,-0.06579026484345762,0.513830378900707,0.5514434520572286,0.3159824539849114
paper_max_T300,A,1.0471975511965976,0.3333333333333333,4383,-234.68905184575476,-0.06579024656113541,0.5400244852104334,0.5564236348111757,0.0
paper_max_T300,A,1.0471975511965976,0.3333333333333333,4384,-234.74259555956996,-0.06579011500060872,0.5138334386052543,0.5514456765697934,0.3159847925358906
paper_max_T300,A,1.0471975511965976,0.3333333333333333,4385,-234.79614093189593,-0.06579048985491953,0.5400264681285831,0.5564249339325172,0.0
paper_max_T300,A,1.0471975511965976,0.3333333333333333,4386,-234.84968736071323,-0.0657907371913618,0.5138338558856631,0.5514459827464184,0.3159851099909288
paper_max_T300,A,1.0471975511965976,0.3333333333333333,4387,-234.90323394832512,-0.0657913343529023,0.5400251941254576,0.5564241032592682,0.0
paper_max_T300,A,1.0471975511965976,0.3333333333333333,4388,-234.95677917083475,-0.06579141811402084,0.5138315139952607,0.5514442822910526,0.31598331893142645
paper_max_T300,A,1.0471975511965976,0.3333333333333333,4389,-235.01032265418525,-0.06579148955790998,0.5400235178300932,0.5564230071325598,0.0
paper_max_T300,A,1.0471975511965976,0.3333333333333333,4390,-235.06386476365378,-0.06579098575620818,0.5138308619067378,0.5514438081680179,0.3159828205323696
paper_max_T300,A,1.0471975511965976,0.3333333333333333,4391,-235.1174069116364,-0.06579078316577924,0.5400238464508667,0.5564232222829874,0.0
paper_max_T300,A,1.0471975511965976,0.3333333333333333,4392,-235.17094985132576,-0.06579035779526854,0.5138311666649776,0.5514440309513021,0.3159830528165503
paper_max_T300,A,1.0471975511965976,0.3333333333333333,4393,-235.22449423001967,-0.06579051785276824,0.5400229953531508,0.5564226677020736,0.0
paper_max_T300,A,1.0471975511965976,0.3333333333333333,4394,-235.27803910189806,-0.06579051406028641,0.5138284451584205,0.5514420550537769,0.31598097132188685
paper_max_T300,A,1.0471975511965976,0.3333333333333333,4395,-235.33158357691633,-0.06579062324442714,0.5400195843513766,0.5564204374185048,0.0
paper_max_T300,A,1.0471975511965976,0.3333333333333333,4396,-235.38512673451373,-0.0657903853344638,0.5138247422503284,0.551439363192484,0.315978140980964
paper_max_T300,A,1.0471975511965976,0.3333333333333333,4397,-235.43866845781542,-0.06578990495363246,0.5400175424728225,0.5564190999825375,0.0
paper_max_T300,A,1.0471975511965976,0.3333333333333333,4398,-235.4922095741149,-0.06578932268460419,0.5138241490923112,0.5514389302256403,0.3159776885170086
paper_max_T300,A,1.0471975511965976,0.3333333333333333,4399,-235.54575123608208,-0.06578882259832797,0.5400179075313036,0.5564193377508379,0.0
paper_max_T300,A,1.0471975511965976,0.3333333333333333,4400,-235.59929429067142,-0.06578866249535331,0.5138243146501142,0.5514390504962193,0.31597781512919254
paper_max_T300,A,1.0471975511965976,0.3333333333333333,4401,-235.65283877766626,-0.06578862711879296,0.5400170144112157,0.55641875388164,0.0
paper_max_T300,A,1.0471975511965976,0.3333333333333333,4402,-235.70638394599973,-0.06578890709176788,0.5138221629604844,0.5514374864054734,0.3159761704165175
paper_max_T300,A,1.0471975511965976,0.3333333333333333,4403,-235.7599283881229,-0.06578874977469701,0.5400150063819297,0.5564174388334318,0.0
paper_max_T300,A,1.0471975511965976,0.3333333333333333,4404,-235.81347170681283,-0.06578874670976675,0.5138210746431486,0.551436692798499,0.31597533983132453
paper_max_T300,A,1.0471975511965976,0.3333333333333333,4405,-235.8670137706531,-0.06578820140778951,0.5400157653524992,0.5564179324235057,0.0
paper_max_T300,A,1.0471975511965976,0.3333333333333333,4406,-235.92055602469338,-0.06578806634546508,0.513823586488801,0.5514385161699539,0.31597726117723
paper_max_T300,A,1.0471975511965976,0.3333333333333333,4407,-235.97409952390217,-0.06578786086101196,0.5400183922521641,0.556419649835244,0.0
paper_max_T300,A,1.0471975511965976,0.3333333333333333,4408,-236.02764498077397,-0.06578826331530158,0.5138257586698882,0.5514400949809901,0.3159789216249719
paper_max_T300,A,1.0471975511965976,0.3333333333333333,4409,-236.08119165350234,-0.06578857347365696,0.5400190928783268,0.5564201084444216,0.0
paper_max_T300,A,1.0471975511965976,0.3333333333333333,4410,-236.13473837560343,-0.06578916753858322,0.5138256757309855,0.5514400344913494,0.3159788583180837
paper_max_T300,A,1.0471975511965976,0.3333333333333333,4411,-236.18828363238305,-0.06578926708401123,0.5400192970821677,0.5564202409536056,0.0
paper_max_T300,A,1.0471975511965976,0.3333333333333333,4412,-236.2418274738859,-0.06578938260308914,0.5138272810382835,0.5514411996464982,0.315980086327981
paper_max_T300,A,1.0471975511965976,0.3333333333333333,4413,-236.2953706027272,-0.06578925672149905,0.5400220740772314,0.5564220563364146,0.0
paper_max_T300,A,1.0471975511965976,0.3333333333333333,4414,-236.34891450856833,-0.06578929345123291,0.5138311212354663,0.5514439906729294,0.3159830219219263
paper_max_T300,A,1.0471975511965976,0.3333333333333333,4415,-236.40246015896412,-0.06578964187253356,0.5400248502975082,0.5564238736821153,0.0
paper_max_T300,A,1.0471975511965976,0.3333333333333333,4416,-236.45600713426654,-0.06579009277548609,0.5138325732736473,0.5514450482332716,0.3159841307271331
paper_max_T300,A,1.0471975511965976,0.3333333333333333,4417,-236.50955432301032,-0.06579072178401585,0.5400246177138961,0.5564237236586368,0.0
paper_max_T300,A,1.0471975511965976,0.3333333333333333,4418,-236.56310023742628,-0.06579100265368787,0.513831546001845,0.5514443028816481,0.31598334479807055
paper_max_T300,A,1.0471975511965976,0.3333333333333333,4419,-236.61664434869772,-0.06579117481878816,0.5400241579087212,0.5564234232095481,0.0
paper_max_T300,A,1.0471975511965976,0.3333333333333333,4420,-236.6701871273799,-0.06579086150749824,0.5138322452601529,0.5514448110580867,0.3159838793567057
paper_max_T300,A,1.0471975511965976,0.3333333333333333,4421,-236.72373003230672,-0.06579083765044114,0.5400255667251016,0.5564243452758402,0.0
paper_max_T300,A,1.0471975511965976,0.3333333333333333,4422,-236.77727384166917,-0.06579057750952871,0.5138335952636113,0.5514457939578256,0.31598491042506943
paper_max_T300,A,1.0471975511965976,0.3333333333333333,4423,-236.83081914073523,-0.06579094946223496,0.5400254696280213,0.5564242844248668,0.0
paper_max_T300,A,1.0471975511965976,0.3333333333333333,4424,-236.88436476554125,-0.06579103410236137,0.5138315628785886,0.5514443195725484,0.31598335537019895
paper_max_T300,A,1.0471975511965976,0.3333333333333333,4425,-236.93790980235815,-0.0657913401334006,0.5400225338972374,0.5564223658401165,0.0
paper_max_T300,A,1.0471975511965976,0.3333333333333333,4426,-236.99145323791595,-0.06579110018413903,0.5138282335443616,0.5514419001326213,0.31598081013916407
paper_max_T300,A,1.0471975511965976,0.3333333333333333,4427,-237.04499522780372,-0.06579079841396668,0.5400206313182639,0.5564211204975414,0.0
paper_max_T300,A,1.0471975511965976,0.3333333333333333,4428,-237.09853654333256,-0.06579015304199576,0.513827524119266,0.5514413836547674,0.3159802682645909
paper_max_T300,A,1.0471975511965976,0.3333333333333333,4429,-237.15207849868278,-0.06578980232546866,0.540020628062226,0.5564211182761206,0.0
paper_max_T300,A,1.0471975511965976,0.3333333333333333,4430,-237.2056216185868,-0.06578952220145184,0.5138269914392716,0.551440997372568,0.31597986062668526
paper_max_T300,A,1.0471975511965976,0.3333333333333333,4431,-237.25916597788546,-0.06578955940527431,0.5400189352781687,0.5564200121622319,0.0
paper_max_T300,A,1.0471975511965976,0.3333333333333333,4432,-237.31271063290478,-0.06578965115649421,0.5138238031062174,0.5514386805568418,0.3159774231089201
paper_max_T300,A,1.0471975511965976,0.3333333333333333,4433,-237.3662544550046,-0.0657894717967516,0.5400159547458638,0.5564180615061614,0.0
paper_max_T300,A,1.0471975511965976,0.3333333333333333,4434,-237.41979707068901,-0.06578924909283623,0.5138215610387187,0.5514370487819569,0.3159757103482903
paper_max_T300,A,1.0471975511965976,0.3333333333333333,4435,-237.47333855640915,-0.06578861888216203,0.5400156470582458,0.5564178575645674,0.0
paper_max_T300,A,1.0471975511965976,0.3333333333333333,4436,-237.52688020935102,-0.06578828883804932,0.5138227992677846,0.5514379466095134,0.3159766580260802
paper_max_T300,A,1.0471975511965976,0.3333333333333333,4437,-237.58042304436754,-0.06578794917443975,0.5400171257885132,0.5564188239022181,0.0
paper_max_T300,A,1.0471975511965976,0.3333333333333333,4438,-237.63396769139194,-0.06578819211657494,0.5138237118187678,0.5514386096981013,0.31597735569939933
paper_max_T300,A,1.0471975511965976,0.3333333333333333,4439,-237.68751346777015,-0.06578830853848167,0.5400168405806536,0.5564186371883386,0.0
paper_max_T300,A,1.0471975511965976,0.3333333333333333,4440,-237.74105937990873,-0.06578877842710418,0.5138227288930985,0.5514378944116215,0.31597660476425277
paper_max_T300,A,1.0471975511965976,0.3333333333333333,4441,-237.79460393982697,-0.06578865599713579,0.5400164741662212,0.5564183955946136,0.0
paper_max_T300,A,1.0471975511965976,0.3333333333333333,4442,-237.84814730060117,-0.0657887206593683,0.5138239236374174,0.551438760315231,0.31597751936648594
paper_max_T300,A,1.0471975511965976,0.3333333333333333,4443,-237.90168999070823,-0.06578840323650215,0.5400190644012182,0.5564200879914216,0.0
paper_max_T300,A,1.0471975511965976,0.3333333333333333,4444,-237.95523360658763,-0.0657884870209362,0.5138277264280018,0.551441523311438,0.3159804268234589
paper_max_T300,A,1.0471975511965976,0.3333333333333333,4445,-238.00877898313433,-0.06578869038389845,0.5400219699416209,0.5564219890507274,0.0
paper_max_T300,A,1.0471975511965976,0.3333333333333333,4446,-238.06232593814656,-0.06578925500798555,0.513829550051665,0.5514428499604725,0.315981820191795
paper_max_T300,A,1.0471975511965976,0.3333333333333333,4447,-238.11587320056628,-0.06578977979314493,0.5400222939810354,0.5564222021301729,0.0
paper_max_T300,A,1.0471975511965976,0.3333333333333333,4448,-238.1694194278915,-0.06579021286609837,0.5138294168942835,0.5514427535624594,0.31598171821398024
paper_max_T300,A,1.0471975511965976,0.3333333333333333,4449,-238.22296385783204,-0.0657903518934187,0.5400228057683961,0.5564225365651647,0.0
paper_max_T300,A,1.0471975511965976,0.3333333333333333,4450,-238.2765070996656,-0.06579023537157558,0.513831341822643,0.5514441520885942,0.3159831899787633
paper_max_T300,A,1.0471975511965976,0.3333333333333333,4451,-238.3300505225319,-0.06579027616477573,0.5400253227857852,0.5564241832778517,0.0
paper_max_T300,A,1.0471975511965976,0.3333333333333333,4452,-238.3835950651138,-0.0657902366302584,0.5138339280160156,0.5514460332711268,0.31598516612609845
paper_max_T300,A,1.0471975511965976,0.3333333333333333,4453,-238.43714120074617,-0.06579074132614482,0.5400262825542519,0.5564248136620679,0.0
paper_max_T300,A,1.0471975511965976,0.3333333333333333,4454,-238.49068771428318,-0.0657910112677253,0.513833070125062,0.5514454125679176,0.3159845088545564
paper_max_T300,A,1.0471975511965976,0.3333333333333333,4455,-238.5442335349075,-0.06579148190926182,0.5400243567957552,0.5564235560023248,0.0
paper_max_T300,A,1.0471975511965976,0.3333333333333333,4456,-238.59777759944205,-0.06579136597670432,0.5138308208235124,0.5514437785745815,0.31598278900098187
paper_max_T300,A,1.0471975511965976,0.3333333333333333,4457,-238.6513201761103,-0.0657912622607667,0.5400232797294576,0.5564228513411745,0.0
paper_max_T300,A,1.0471975511965976,0.3333333333333333,4458,-238.70486206443002,-0.06579069115924707,0.5138308212218643,0.5514437787881593,0.3159827893225755
paper_max_T300,A,1.0471975511965976,0.3333333333333333,4459,-238.75840471339478,-0.06579055701798975,0.5400236527495409,0.5564230960889859,0.0
paper_max_T300,A,1.0471975511965976,0.3333333333333333,4460,-238.81194841205405,-0.06579028547491972,0.5138304280834102,0.5514434948296749,0.3159824878674863
paper_max_T300,A,1.0471975511965976,0.3333333333333333,4461,-238.86549321562984,-0.06579050074553677,0.5400218657927665,0.5564219292984192,0.0
paper_max_T300,A,1.0471975511965976,0.3333333333333333,4462,-238.919037922214,-0.06579050694285832,0.5138269386722882,0.5514409601283841,0.3159798197142426
paper_max_T300,A,1.0471975511965976,0.3333333333333333,4463,-238.9725816252153,-0.06579043584154282,0.5400184783890638,0.5564197134107438,0.0
paper_max_T300,A,1.0471975511965976,0.3333333333333333,4464,-239.02612392598184,-0.06579005699566126,0.5138240676367882,0.5514388720629733,0.31597762570413246
paper_max_T300,A,1.0471975511965976,0.3333333333333333,4465,-239.07966520350897,-0.06578947879664432,0.5400174467945343,0.5564190366654067,0.0
paper_max_T300,A,1.0471975511965976,0.3333333333333333,4466,-239.13320657296572,-0.06578896854927296,0.5138242733916903,0.5514390201597675,0.31597778375574814
paper_max_T300,A,1.0471975511965976,0.3333333333333333,4467,-239.186749086168,-0.06578861814576231,0.5400178543901535,0.5564193028808717,0.0
paper_max_T300,A,1.0471975511965976,0.3333333333333333,4468,-239.24029312483782,-0.06578866490041702,0.513823857886696,0.5514387184129417,0.3159774660190808
paper_max_T300,A,1.0471975511965976,0.3333333333333333,4469,-239.29383811522342,-0.06578868086219408,0.5400163884048432,0.556418343972772,0.0
paper_max_T300,A,1.0471975511965976,0.3333333333333333,4470,-239.34738311427247,-0.06578894456412898,0.5138216058885561,0.5514370807104213,0.3159757449895292
paper_max_T300,A,1.0471975511965976,0.3333333333333333,4471,-239.4009268331941,-0.06578865147312374,0.5400150066195821,0.5564174379144029,0.0
paper_max_T300,A,1.0471975511965976,0.3333333333333333,4472,-239.4544694751171,-0.06578854988843713,0.5138217649609618,0.5514371935073615,0.31597586807365496
paper_max_T300,A,1.0471975511965976,0.3333333333333333,4473,-239.5080115166383,-0.0657880426300419,0.5400167744969554,0.5564185919138481,0.0
paper_max_T300,A,1.0471975511965976,0.3333333333333333,4474,-239.56155452162022,-0.06578803961862123,0.5138247384878081,0.5514393532474906,0.3159781419101487
paper_max_T300,A,1.0471975511965976,0.3333333333333333,4475,-239.61509922716033,-0.06578804891536444,0.5400190769045028,0.5564200977818705,0.0
paper_max_T300,A,1.0471975511965976,0.3333333333333333,4476,-239.66864562558533,-0.06578859317823749,0.5138260911705699,0.5514403367529689,0.3159791757320969
paper_max_T300,A,1.0471975511965976,0.3333333333333333,4477,-239.7221923995848,-0.06578892167009132,0.5400192313601074,0.556420198915228,0.0
paper_max_T300,A,1.0471975511965976,0.3333333333333333,4478,-239.77573840661182,-0.06578939234020587,0.5138260717770919,0.5514403219915857,0.31597916125637593
paper_max_T300,A,1.0471975511965976,0.3333333333333333,4479,-239.82928269017043,-0.06578937665875562,0.5400200891245652,0.5564207586975269,0.0
paper_max_T300,A,1.0471975511965976,0.3333333333333333,4480,-239.88282598720673,-0.06578937769394072,0.513828606609041,0.5514421629553896,0.31598109970471683
paper_max_T300,A,1.0471975511965976,0.3333333333333333,4481,-239.93636949009408,-0.0657893479585524,0.5400232754314247,0.5564228425218974,0.0
paper_max_T300,A,1.0471975511965976,0.3333333333333333,4482,-239.9899143508111,-0.06578949491514408,0.5138320677331553,0.5514446793630434,0.3159837450404787
paper_max_T300,A,1.0471975511965976,0.3333333333333333,4483,-240.0434609094114,-0.06579000173070892,0.54002510647872,0.5564240421937277,0.0
paper_max_T300,A,1.0471975511965976,0.3333333333333333,4484,-240.09700806840726,-0.06579047281830347,0.5138323316250086,0.5514448734068895,0.3159839455829522
paper_max_T300,A,1.0471975511965976,0.3333333333333333,4485,-240.15055453072688,-0.06579100115429914,0.5400242827718051,0.5564235050293032,0.0
paper_max_T300,A,1.0471975511965976,0.3333333333333333,4486,-240.20409926321793,-0.06579107391422706,0.513831419189947,0.5514442108928823,0.31598324776770825
paper_max_T300,A,1.0471975511965976,0.3333333333333333,4487,-240.25764246707445,-0.06579110012779227,0.540024381941053,0.5564235699058976,0.0
paper_max_T300,A,1.0471975511965976,0.3333333333333333,4488,-240.3111850555988,-0.06579070736357107,0.513832656699454,0.5514451105216477,0.3159841936394702
paper_max_T300,A,1.0471975511965976,0.3333333333333333,4489,-240.36472852750296,-0.06579076868268624,0.5400256939595027,0.5564244292866103,0.0
paper_max_T300,A,1.0471975511965976,0.3333333333333333,4490,-240.41827309813425,-0.0657906336898223,0.5138331340678195,0.5514454597577867,0.31598455734855535
paper_max_T300,A,1.0471975511965976,0.3333333333333333,4491,-240.4718187308706,-0.06579105570589333,0.5400245148457384,0.5564236607094041,0.0
paper_max_T300,A,1.0471975511965976,0.3333333333333333,4492,-240.52536400280445,-0.0657911111323039,0.5138301785593201,0.5514433138362016,0.3159822969471484
paper_max_T300,A,1.0471975511965976,0.3333333333333333,4493,-240.5789080895297,-0.06579122389495468,0.5400214611990491,0.5564216640142152,0.0
paper_max_T300,A,1.0471975511965976,0.3333333333333333,4494,-240.63245055786842,-0.06579081274327864,0.513827494984213,0.551441362943975,0.3159802457590888
paper_max_T300,A,1.0471975511965976,0.3333333333333333,4495,-240.6859920765139,-0.0657903983883365,0.5400203776836128,0.5564209542403474,0.0
paper_max_T300,A,1.0471975511965976,0.3333333333333333,4496,-240.73953362217742,-0.06578980286952152,0.5138273529415791,0.5514412592042639,0.31598013743197745
paper_max_T300,A,1.0471975511965976,0.3333333333333333,4497,-240.79307632502594,-0.06578957313738593,0.5400202289896261,0.5564208574434678,0.0
paper_max_T300,A,1.0471975511965976,0.3333333333333333,4498,-240.8466202355279,-0.06578947592194495,0.5138260747137351,0.5514403312605228,0.3159791597670868
paper_max_T300,A,1.0471975511965976,0.3333333333333333,4499,-240.90016487487947,-0.06578952462303123,0.540017872724222,0.5564193168948044,0.0
paper_max_T300,A,1.0471975511965976,0.3333333333333333,4500,-240.9537092182851,-0.06578958546375818,0.5138227343253166,0.5514379030696923,0.3159766064511492
paper_max_T300,A,1.0471975511965976,0.3333333333333333,4501,-241.00725228124372,-0.06578923930325309,0.5400154966100091,0.5564177607809243,0.0
paper_max_T300,A,1.0471975511965976,0.3333333333333333,4502,-241.0607942649824,-0.0657889260128453,0.5138217224480631,0.5514371650618654,0.31597583427878173
paper_max_T300,A,1.0471975511965976,0.3333333333333333,4503,-241.11433574492673,-0.06578831401830348,0.5400161884771807,0.5564182110227565,0.0
paper_max_T300,A,1.0471975511965976,0.3333333333333333,4504,-241.16787811633947,-0.06578813522806437,0.5138234372702264,0.5514384099750352,0.31597714591943193
paper_max_T300,A,1.0471975511965976,0.3333333333333333,4505,-241.2214220747514,-0.06578799043767375,0.5400174006769204,0.5564190035945189,0.0
paper_max_T300,A,1.0471975511965976,0.3333333333333333,4506,-241.2749676353684,-0.06578839393340286,0.5138236613322875,0.5514385728061457,0.3159773172004993
paper_max_T300,A,1.0471975511965976,0.3333333333333333,4507,-241.328513560798,-0.06578851634573324,0.5400167341706819,0.5564185670860392,0.0
paper_max_T300,A,1.0471975511965976,0.3333333333333333,4508,-241.38205889007878,-0.06578889063536586,0.5138229571160506,0.5514380595349874,0.3159767796193542
paper_max_T300,A,1.0471975511965976,0.3333333333333333,4509,-241.4356026115081,-0.06578866283587659,0.5400172064659037,0.5564188738653221,0.0
paper_max_T300,A,1.0471975511965976,0.3333333333333333,4510,-241.48914553678338,-0.06578865245612342,0.5138252677813263,0.5514397367469692,0.315978547143174
paper_max_T300,A,1.0471975511965976,0.3333333333333333,4511,-241.54268867567686,-0.06578845418727086,0.540020351769984,0.5564209300857528,0.0
paper_max_T300,A,1.0471975511965976,0.3333333333333333,4512,-241.59623334122347,-0.06578868035102603,0.513828854811927,0.5514423438190934,0.31598128918220525
paper_max_T300,A,1.0471975511965976,0.3333333333333333,4513,-241.64977975813196,-0.06578906378684968,0.5400224692939664,0.5564223162488295,0.0
paper_max_T300,A,1.0471975511965976,0.3333333333333333,4514,-241.70332704914028,-0.06578966546264825,0.5138296841774328,0.5514429478998512,0.3159819224803224
paper_max_T300,A,1.0471975511965976,0.3333333333333333,4515,-241.75687371636133,-0.0657901169882234,0.5400223678439163,0.5564222506431766,0.0
paper_max_T300,A,1.0471975511965976,0.3333333333333333,4516,-241.81041883721258,-0.0657903554281486,0.5138298157629448,0.5514430434623018,0.3159820231289423
paper_max_T300,A,1.0471975511965976,0.3333333333333333,4517,-241.86396242001314,-0.0657903869612933,0.5400235149386977,0.5564230005364841,0.0
paper_max_T300,A,1.0471975511965976,0.3333333333333333,4518,-241.9175055399282,-0.06579019972637878,0.5138322982950032,0.5514448476667638,0.3159839209144808
paper_max_T300,A,1.0471975511965976,0.3333333333333333,4519,-241.9710496402948,-0.0657903578692679,0.5400259089880649,0.5564245675467295,0.0
paper_max_T300,A,1.0471975511965976,0.3333333333333333,4520,-242.02459503258623,-0.06579043198739731,0.5138339599038045,0.5514460575298346,0.31598518992998226
paper_max_T300,A,1.0471975511965976,0.3333333333333333,4521,-242.0781415318406,-0.065791001666134,0.5400257371968726,0.5564244579166399,0.0
paper_max_T300,A,1.0471975511965976,0.3333333333333333,4522,-242.13168761566791,-0.06579121482845485,0.5138321155055359,0.5514447193722233,0.3159837787889841
paper_max_T300,A,1.0471975511965976,0.3333333333333333,4523,-242.1852323779396,-0.06579150120176502,0.5400236140869304,0.5564230703532336,0.0
paper_max_T300,A,1.0471975511965976,0.3333333333333333,4524,-242.23877538245364,-0.06579118799637534,0.5138303729975056,0.5514434530554457,0.31598244667973197
paper_max_T300,A,1.0471975511965976,0.3333333333333333,4525,-242.29231747555792,-0.06579097719810506,0.5400231853893581,0.5564227896675015,0.0
paper_max_T300,A,1.0471975511965976,0.3333333333333333,4526,-242.34585959886576,-0.06579042949489905,0.5138307086606093,0.551443697339919,0.31598270308278803
paper_max_T300,A,1.0471975511965976,0.3333333333333333,4527,-242.3994029509259,-0.06579040344665754,0.5400232036594937,0.5564228029298338,0.0
paper_max_T300,A,1.0471975511965976,0.3333333333333333,4528,-242.45294728348256,-0.06579027909298862,0.5138293576605039,0.5514427174043125,0.3159816693114136
paper_max_T300,A,1.0471975511965976,0.3333333333333333,4529,-242.50649213994058,-0.06579047575644947,0.5400206003692933,0.5564211017054433,0.0
paper_max_T300,A,1.0471975511965976,0.3333333333333333,4530,-242.56003632703087,-0.06579041917269035,0.5138255725721609,0.5514399668869676,0.3159787756007334
paper_max_T300,A,1.0471975511965976,0.3333333333333333,4531,-242.61357916013498,-0.06579015239641395,0.5400176990362524,0.5564192028467309,0.0
paper_max_T300,A,1.0471975511965976,0.3333333333333333,4532,-242.6671208123715,-0.06578967012038972,0.513823791770652,0.5514386707673962,0.31597741523592693
paper_max_T300,A,1.0471975511965976,0.3333333333333333,4533,-242.7206620735198,-0.06578908405886236,0.5400175427274132,0.5564190988876077,0.0
paper_max_T300,A,1.0471975511965976,0.3333333333333333,4534,-242.77420409405104,-0.06578872254185231,0.5138243558108121,0.5514390798467655,0.3159778468803077
paper_max_T300,A,1.0471975511965976,0.3333333333333333,4535,-242.82774757785324,-0.06578853361268089,0.5400176258804942,0.5564191533281523,0.0
paper_max_T300,A,1.0471975511965976,0.3333333333333333,4536,-242.88129238751299,-0.06578874053043393,0.5138232564566965,0.5514382810405689,0.3159770063916101
paper_max_T300,A,1.0471975511965976,0.3333333333333333,4537,-242.93483745195607,-0.065788731754577,0.5400158398320426,0.556417984485913,0.0
paper_max_T300,A,1.0471975511965976,0.3333333333333333,4538,-242.98838191321474,-0.06578891391985864,0.513821393126348,0.5514369251093705,0.31597558284838256
paper_max_T300,A,1.0471975511965976,0.3333333333333333,4539,-243.0419248842096,-0.06578850420002919,0.5400154039215542,0.5564176967874708,0.0
paper_max_T300,A,1.0471975511965976,0.3333333333333333,4540,-243.09546717884496,-0.06578836000667504,0.5138227867995311,0.551437935403742,0.3159766496190527
paper_max_T300,A,1.0471975511965976,0.3333333333333333,4541,-243.14900969675557,-0.06578797359881305,0.5400178340764986,0.5564192846974197,0.0
paper_max_T300,A,1.0471975511965976,0.3333333333333333,4542,-243.2025537761882,-0.06578814574882441,0.5138256897290961,0.551440044643525,0.31597886905047
paper_max_T300,A,1.0471975511965976,0.3333333333333333,4543,-243.25609957569043,-0.06578833870781486,0.5400195120203477,0.5564203825484132,0.0
paper_max_T300,A,1.0471975511965976,0.3333333333333333,4544,-243.30964643569362,-0.06578894563866872,0.513826273506658,0.551440469292422,0.3159793151003755
paper_max_T300,A,1.0471975511965976,0.3333333333333333,4545,-243.36319276834615,-0.06578921620180544,0.540019453948026,0.5564203442918364,0.0
paper_max_T300,A,1.0471975511965976,0.3333333333333333,4546,-243.41673780857147,-0.0657895212866414,0.513826743180148,0.5514408096052782,0.31597967469847066
paper_max_T300,A,1.0471975511965976,0.3333333333333333,4547,-243.4702813494036,-0.06578943162578355,0.5400211054454364,0.5564214233020844,0.0
paper_max_T300,A,1.0471975511965976,0.3333333333333333,4548,-243.52382461498044,-0.0657893903553537,0.513829964856699,0.5514431502977897,0.3159821379058401
paper_max_T300,A,1.0471975511965976,0.3333333333333333,4549,-243.57736891248638,-0.06578951283970969,0.540024251021729,0.5564234812947844,0.0
paper_max_T300,A,1.0471975511965976,0.3333333333333333,4550,-243.6309147570626,-0.06578978318901413,0.5138325811828504,0.5514450534428211,0.31598413705664324
paper_max_T300,A,1.0471975511965976,0.3333333333333333,4551,-243.6844618018349,-0.06579038042742691,0.5400250196013194,0.5564239862324807,0.0
paper_max_T300,A,1.0471975511965976,0.3333333333333333,4552,-243.73800857844947,-0.06579078755440798,0.5138319273098674,0.5514445801413461,0.3159836362060231
paper_max_T300,A,1.0471975511965976,0.3333333333333333,4553,-243.79155397981506,-0.06579115755305753,0.54002402883895,0.5564233391867509,0.0
paper_max_T300,A,1.0471975511965976,0.3333333333333333,4554,-243.8450976217178,-0.06579102337578846,0.5138314960078721,0.5514442668461536,0.3159833064231832
paper_max_T300,A,1.0471975511965976,0.3333333333333333,4555,-243.89864036550816,-0.06579096842088483,0.5400246929633634,0.5564237736200617,0.0
paper_max_T300,A,1.0471975511965976,0.3333333333333333,4556,-243.95218323697242,-0.06579058231130663,0.513832918903982,0.5514453017195577,0.3159843937397783
paper_max_T300,A,1.0471975511965976,0.3333333333333333,4557,-244.0057274494352,-0.0657907599695543,0.5400254960736588,0.5564243007403827,0.0
paper_max_T300,A,1.0471975511965976,0.3333333333333333,4558,-244.0592725889398,-0.06579073853495021,0.513832266150826,0.5514448298525388,0.3159838934162805
paper_max_T300,A,1.0471975511965976,0.3333333333333333,4559,-244.11281812040522,-0.06579113134084003,0.5400233611090826,0.5564229065543029,0.0
paper_max_T300,A,1.0471975511965976,0.3333333333333333,4560,-244.1663626748386,-0.0657910866669888,0.5138288602866089,0.5514423557551166,0.3159812891896634
paper_max_T300,A,1.0471975511965976,0.3333333333333333,4561,-244.2199057570758,-0.06579098985677967,0.5400206429858351,0.5564211284309423,0.0
paper_max_T300,A,1.0471975511965976,0.3333333333333333,4562,-244.27344752388115,-0.06579044972671444,0.5138270669418865,0.5514410514341255,0.3159799187544152
paper_max_T300,A,1.0471975511965976,0.3333333333333333,4563,-244.32698901325804,-0.06579000929770618,0.5400202397869445,0.556420863853194,0.0
paper_max_T300,A,1.0471975511965976,0.3333333333333333,4564,-244.38053114631703,-0.06578954153162003,0.5138270675399945,0.5514410518829915,0.3159799192094262
paper_max_T300,A,1.0471975511965976,0.3333333333333333,4565,-244.4340746556271,-0.06578943985883745,0.5400196107705773,0.5564204532433434,0.0
paper_max_T300,A,1.0471975511965976,0.3333333333333333,4566,-244.48761912483866,-0.06578948131005308,0.5138249877567405,0.5514395412142696,0.3159783288816195
paper_max_T300,A,1.0471975511965976,0.3333333333333333,4567,-244.541163659332,-0.065789467111321,0.5400168811962306,0.5564186677834575,0.0
paper_max_T300,A,1.0471975511965976,0.3333333333333333,4568,-244.59470740236114,-0.06578943978785107,0.5138220125291455,0.5514373775550742,0.3159760551553585
paper_max_T300,A,1.0471975511965976,0.3333333333333333,4569,-244.6482497376113,-0.0657889515256167,0.5400154421894419,0.5564177241435855,0.0
paper_max_T300,A,1.0471975511965976,0.3333333333333333,4570,-244.70179142105656,-0.0657886100798446,0.5138222297125677,0.551437532901272,0.31597622249716495
paper_max_T300,A,1.0471975511965976,0.3333333333333333,4571,-244.75533335797275,-0.06578810124799506,0.5400168052097826,0.5564186140069215,0.0
paper_max_T300,A,1.0471975511965976,0.3333333333333333,4572,-244.80887674856126,-0.06578811758995307,0.513823923950599,0.5514387635341936,0.31597751804002416
paper_max_T300,A,1.0471975511965976,0.3333333333333333,4573,-244.86242174258908,-0.06578813866065802,0.5400174894746078,0.5564190615494323,0.0
paper_max_T300,A,1.0471975511965976,0.3333333333333333,4574,-244.91596779599195,-0.06578862513442535,0.513823549042269,0.5514384908611263,0.31597723152745755
paper_max_T300,A,1.0471975511965976,0.3333333333333333,4575,-244.96951338213555,-0.06578868477828576,0.5400167938733301,0.5564186055182045,0.0
paper_max_T300,A,1.0471975511965976,0.3333333333333333,4576,-245.0230578893759,-0.06578892535580116,0.5138235480172095,0.5514384882501675,0.3159772317252374
paper_max_T300,A,1.0471975511965976,0.3333333333333333,4577,-245.07660098239737,-0.06578864039649057,0.5400182308621237,0.5564195433905597,0.0
paper_max_T300,A,1.0471975511965976,0.3333333333333333,4578,-245.13014396317232,-0.06578862612331132,0.5138267140472262,0.551440787706609,0.31597965282027884
paper_max_T300,A,1.0471975511965976,0.3333333333333333,4579,-245.183687977559,-0.06578860387726149,0.5400214733901362,0.5564216640356308,0.0
paper_max_T300,A,1.0471975511965976,0.3333333333333333,4580,-245.23723374597526,-0.06578897917909121,0.5138296208202192,0.5514429010983808,0.3159818744504704
paper_max_T300,A,1.0471975511965976,0.3333333333333333,4581,-245.2907807975365,-0.06578947512722594,0.5400226875119009,0.5564224595160796,0.0
paper_max_T300,A,1.0471975511965976,0.3333333333333333,4582,-245.34432784023798,-0.06579002594976285,0.5138297163838567,0.551442971615208,0.3159819469418056
paper_max_T300,A,1.0471975511965976,0.3333333333333333,4583,-245.3978735413089,-0.06579034991846844,0.5400225584036054,0.5564223753733027,0.0
paper_max_T300,A,1.0471975511965976,0.3333333333333333,4584,-245.45141761989265,-0.06579039319426783,0.5138304323500059,0.551443491621035,0.3159824944604444
paper_max_T300,A,1.0471975511965976,0.3333333333333333,4585,-245.5049608066203,-0.06579038126865294,0.5400243018649682,0.5564235155420983,0.0
paper_max_T300,A,1.0471975511965976,0.3333333333333333,4586,-245.5585042951833,-0.06579020312918282,0.5138330785260978,0.551445415396472,0.3159845169955615
paper_max_T300,A,1.0471975511965976,0.3333333333333333,4587,-245.61204924260733,-0.0657905030511281,0.5400261397698374,0.5564247194770797,0.0
paper_max_T300,A,1.0471975511965976,0.3333333333333333,4588,-245.6655952467055,-0.06579067179373049,0.5138335474744266,0.5514457588080943,0.3159848741140901
paper_max_T300,A,1.0471975511965976,0.3333333333333333,4589,-245.71914160915378,-0.06579122241748436,0.5400249546770625,0.5564239467985096,0.0
paper_max_T300,A,1.0471975511965976,0.3333333333333333,4590,-245.77268685692442,-0.06579130668903199,0.513831170799476,0.5514440330828967,0.31598305645515434
paper_max_T300,A,1.0471975511965976,0.3333333333333333,4591,-245.8262305149715,-0.06579139082686009,0.5400230606333836,0.5564227083052361,0.0
paper_max_T300,A,1.0471975511965976,0.3333333333333333,4592,-245.8797727673831,-0.06579092379374285,0.513830144943205,0.5514432872710325,0.31598227235543924
paper_max_T300,A,1.0471975511965976,0.3333333333333333,4593,-245.93331484164,-0.06579068697945084,0.5400231198985377,0.5564227470183192,0.0
paper_max_T300,A,1.0471975511965976,0.3333333333333333,4594,-245.98685753007086,-0.06579023859518018,0.513830387360456,0.5514434643150254,0.31598245721023543
paper_max_T300,A,1.0471975511965976,0.3333333333333333,4595,-246.04040157631152,-0.06579032029203913,0.5400224640764073,0.5564223197196202,0.0
paper_max_T300,A,1.0471975511965976,0.3333333333333333,4596,-246.09394625894856,-0.06579029907954387,0.5138280517141415,0.5514417685613758,0.31598067083549664
paper_max_T300,A,1.0471975511965976,0.3333333333333333,4597,-246.14749078907744,-0.06579040124279212,0.54001935830479,0.5564202890443585,0.0
paper_max_T300,A,1.0471975511965976,0.3333333333333333,4598,-246.2010342305787,-0.0657902313374975,0.513824503885449,0.5514391895386145,0.31597795897854153
paper_max_T300,A,1.0471975511965976,0.3333333333333333,4599,-246.2545762911081,-0.06578979569905175,0.5400172812212695,0.5564189287232427,0.0
paper_max_T300,A,1.0471975511965976,0.3333333333333333,4600,-246.30811764840107,-0.06578927869451545,0.5138238196647911,0.5514386903836642,0.315977436905592
paper_max_T300,A,1.0471975511965976,0.3333333333333333,4601,-246.36165932153747,-0.06578876881385337,0.5400176901073781,0.5564191949741808,0.0
paper_max_T300,A,1.0471975511965976,0.3333333333333333,4602,-246.4152022494874,-0.06578860178596924,0.5138242837836506,0.5514390273928572,0.31597779187998487
paper_max_T300,A,1.0471975511965976,0.3333333333333333,4603,-246.4687466115313,-0.06578854539641726,0.5400172322083132,0.5564188956560695,0.0
paper_max_T300,A,1.0471975511965976,0.3333333333333333,4604,-246.52229182326397,-0.06578883881556924,0.5138226390074755,0.5514378318221245,0.31597653462221065
paper_max_T300,A,1.0471975511965976,0.3333333333333333,4605,-246.57583654860872,-0.06578874308208904,0.5400155081957496,0.5564177667222459,0.0
paper_max_T300,A,1.0471975511965976,0.3333333333333333,4606,-246.62938028006738,-0.06578881264778963,0.5138216036453211,0.5514370771152672,0.3159757443019382
paper_max_T300,A,1.0471975511965976,0.3333333333333333,4607,-246.6829227112186,-0.06578834155615476,0.5400161463501121,0.5564181815938879,0.0
paper_max_T300,A,1.0471975511965976,0.3333333333333333,4608,-246.7364651208996,-0.06578822808898477,0.5138239741639266,0.5514387978954224,0.3159775575434849
paper_max_T300,A,1.0471975511965976,0.3333333333333333,4609,-246.79000853001327,-0.0657880215755976,0.5400187921439951,0.5564199113351481,0.0
paper_max_T300,A,1.0471975511965976,0.3333333333333333,4610,-246.84355376050638,-0.06578837253178105,0.5138263644614711,0.5514405351983197,0.31597938474776716
paper_max_T300,A,1.0471975511965976,0.3333333333333333,4611,-246.89710029231895,-0.06578868457818471,0.5400197496570339,0.5564205380973353,0.0
paper_max_T300,A,1.0471975511965976,0.3333333333333333,4612,-246.95064705316477,-0.06578926533683627,0.5138264478809103,0.5514405959213786,0.3159794484528844
paper_max_T300,A,1.0471975511965976,0.3333333333333333,4613,-247.0041925647745,-0.06578943017532524,0.5400198647383904,0.556420612716667,0.0
paper_max_T300,A,1.0471975511965976,0.3333333333333333,4614,-247.0577366733386,-0.06578956914646572,0.5138276934821935,0.5514415000053893,0.31598040129645666
paper_max_T300,A,1.0471975511965976,0.3333333333333333,4615,-247.11127990814566,-0.06578947201932972,0.5400222361900726,0.5564221629804251,0.0
paper_max_T300,A,1.0471975511965976,0.3333333333333333,4616,-247.1648236418497,-0.06578946245230072,0.5138311752847885,0.5514440304901043,0.3159830629542223
paper_max_T300,A,1.0471975511965976,0.3333333333333333,4617,-247.21836891863762,-0.06578975800888587,0.5400248907020715,0.5564239005256574,0.0
paper_max_T300,A,1.0471975511965976,0.3333333333333333,4618,-247.27191549679029,-0.06579012473824652,0.5138326681185671,0.5514451175337178,0.3159842030345781
paper_max_T300,A,1.0471975511965976,0.3333333333333333,4619,-247.3254624840269,-0.06579072622101784,0.5400247031817356,0.5564237799566661,0.0
paper_max_T300,A,1.0471975511965976,0.3333333333333333,4620,-247.37900842088334,-0.0657909943410982,0.5138315236509431,0.551444287130624,0.31598332744717617
paper_max_T300,A,1.0471975511965976,0.3333333333333333,4621,-247.4325526949315,-0.0657911878209464,0.5400239344705857,0.5564232775908541,0.0
paper_max_T300,A,1.0471975511965976,0.3333333333333333,4622,-247.48609557176601,-0.06579088855064702,0.5138317346009278,0.5514444404293031,0.31598348871362014
paper_max_T300,A,1.0471975511965976,0.3333333333333333,4623,-247.53963834444406,-0.06579082821266136,0.5400249672863848,0.5564239535038468,0.0
paper_max_T300,A,1.0471975511965976,0.3333333333333333,4624,-247.5931818200348,-0.06579051939181568,0.5138328926183127,0.5514452833982089,0.3159843732308923
paper_max_T300,A,1.0471975511965976,0.3333333333333333,4625,-247.64672670755348,-0.06579080473629578,0.5400249403296047,0.5564239380997976,0.0
paper_max_T300,A,1.0471975511965976,0.3333333333333333,4626,-247.70027206323198,-0.0657908498057641,0.5138310911756364,0.55144397655382,0.31598299487557985
paper_max_T300,A,1.0471975511965976,0.3333333333333333,4627,-247.7538170819493,-0.06579113406341314,0.5400221682159237,0.5564221264433518,0.0
paper_max_T300,A,1.0471975511965976,0.3333333333333333,4628,-247.8073607214078,-0.06579094254898682,0.5138277630628839,0.5514415580537212,0.315980450551674
paper_max_T300,A,1.0471975511965976,0.3333333333333333,4629,-247.86090295360643,-0.06579066211901485,0.5400201129597739,0.5564207812747984,0.0
paper_max_T300,A,1.0471975511965976,0.3333333333333333,4630,-247.91444440763865,-0.06579006567995282,0.5138268580497802,0.5514408993063987,0.3159797592258977
paper_max_T300,A,1.0471975511965976,0.3333333333333333,4631,-247.96798627201423,-0.06578967892492038,0.5400200871635906,0.5564207640062455,0.0
paper_max_T300,A,1.0471975511965976,0.3333333333333333,4632,-248.02152919198056,-0.06578938545560797,0.5138265724312537,0.5514406922080973,0.31597954064780687
paper_max_T300,A,1.0471975511965976,0.3333333333333333,4633,-248.0750733768727,-0.0657893798297915,0.5400188001273977,0.5564199230342085,0.0
paper_max_T300,A,1.0471975511965976,0.3333333333333333,4634,-248.12861805879578,-0.06578949048064542,0.5138238748888585,0.5514387320652542,0.31597747832621803
paper_max_T300,A,1.0471975511965976,0.3333333333333333,4635,-248.1821621464435,-0.06578935498678462,0.5400161092962986,0.5564181620846242,0.0
paper_max_T300,A,1.0471975511965976,0.3333333333333333,4636,-248.2357051669208,-0.06578921681970262,0.5138217231476713,0.5514371662294736,0.31597583446418576
paper_max_T300,A,1.0471975511965976,0.3333333333333333,4637,-248.28924700353932,-0.06578864672500911,0.5400157452808938,0.5564179214991894,0.0
paper_max_T300,A,1.0471975511965976,0.3333333333333333,4638,-248.34278882347186,-0.06578835488656537,0.5138229268838024,0.5514380390129465,0.31597675575826556
paper_max_T300,A,1.0471975511965976,0.3333333333333333,4639,-248.3963316002891,-0.06578800962140668,0.540017357680962,0.5564189751670008,0.0
paper_max_T300,A,1.0471975511965976,0.3333333333333333,4640,-248.4498760924115,-0.06578822473840495,0.5138241985048001,0.5514389629919457,0.315977727960685
paper_max_T300,A,1.0471975511965976,0.3333333333333333,4641,-248.50342181062857,-0.06578835067815048,0.5400174539345421,0.556419038080804,0.0
paper_max_T300,A,1.0471975511965976,0.3333333333333333,4642,-248.55696785345094,-0.06578883380633072,0.5138235206833796,0.5514384697714404,0.3159772100945217
paper_max_T300,A,1.0471975511965976,0.3333333333333333,4643,-248.6105127490062,-0.06578879103460833,0.5400171203122197,0.5564188183792665,0.0
paper_max_T300,A,1.0471975511965976,0.3333333333333333,4644,-248.66405645652964,-0.0657889004358127,0.5138244971271013,0.5514391774184362,0.3159779576047747
paper_max_T300,A,1.0471975511965976,0.3333333333333333,4645,-248.7175993337544,-0.06578862975380317,0.5400194308987267,0.5564203280627729,0.0
paper_max_T300,A,1.0471975511965976,0.3333333333333333,4646,-248.77114286393532,-0.0657886821983592,0.5138280776578383,0.5514417788947851,0.31598069514835514
paper_max_T300,A,1.0471975511965976,0.3333333333333333,4647,-248.8246879598123,-0.06578885643880805,0.5400223174101484,0.5564222165956222,0.0
paper_max_T300,A,1.0471975511965976,0.3333333333333333,4648,-248.87823460010924,-0.06578934751174281,0.513830027650773,0.5514431973575654,0.3159821851373158
paper_max_T300,A,1.0471975511965976,0.3333333333333333,4649,-248.93178173750917,-0.06578987110331125,0.5400227304763122,0.5564224880358702,0.0
paper_max_T300,A,1.0471975511965976,0.3333333333333333,4650,-248.98532803944255,-0.0657902935257248,0.5138297946496098,0.551443028658497,0.3159820066934125
paper_max_T300,A,1.0471975511965976,0.3333333333333333,4651,-249.03887267528472,-0.06579047450243203,0.5400229269769499,0.5564226164996656,0.0
paper_max_T300,A,1.0471975511965976,0.3333333333333333,4652,-249.09241603010082,-0.06579036186041637,0.5138312058251021,0.5514440539226875,0.31598308565613015
paper_max_T300,A,1.0471975511965976,0.3333333333333333,4653,-249.14595932638326,-0.06579037913962743,0.5400250304735175,0.5564239926180158,0.0
paper_max_T300,A,1.0471975511965976,0.3333333333333333,4654,-249.19950351199867,-0.06579027339302845,0.5138335353403286,0.5514457482623788,0.3159848657445624
paper_max_T300,A,1.0471975511965976,0.3333333333333333,4655,-249.2530492104167,-0.06579069945007121,0.5400259787122189,0.5564246151288974,0.0
paper_max_T300,A,1.0471975511965976,0.3333333333333333,4656,-249.30659541093587,-0.06579091006384452,0.5138327857919741,0.5514452060760661,0.3159842914110823
paper_max_T300,A,1.0471975511965976,0.3333333333333333,4657,-249.36014117084778,-0.06579135898591265,0.5400240878038145,0.5564233802121459,0.0
paper_max_T300,A,1.0471975511965976,0.3333333333333333,4658,-249.41368537662225,-0.06579126819865411,0.5138303802065158,0.5514434585590587,0.31598245205400594
paper_max_T300,A,1.0471975511965976,0.3333333333333333,4659,-249.46722811890322,-0.06579117391549116,0.5400227213541151,0.5564224862792455,0.0
paper_max_T300,A,1.0471975511965976,0.3333333333333333,4660,-249.52077004530372,-0.06579062630820831,0.5138300407648978,0.5514432116219493,0.3159821926742318
paper_max_T300,A,1.0471975511965976,0.3333333333333333,4661,-249.57431249617457,-0.06579043661423079,0.5400229558041342,0.5564226400312132,0.0
paper_max_T300,A,1.0471975511965976,0.3333333333333333,4662,-249.62785589407042,-0.06579013208585127,0.5138297719940038,0.5514430176069169,0.3159819865234982
paper_max_T300,A,1.0471975511965976,0.3333333333333333,4663,-249.68140044001757,-0.06579028358242278,0.5400214719017802,0.5564216711216587,0.0
paper_max_T300,A,1.0471975511965976,0.3333333333333333,4664,-249.73494511099494,-0.0657902984308888,0.513826665351842,0.5514407609636247,0.3159796110439983
paper_max_T300,A,1.0471975511965976,0.3333333333333333,4665,-249.7884890175116,-0.06579024828820446,0.540018294326917,0.5564195925694272,0.0
paper_max_T300,A,1.0471975511965976,0.3333333333333333,4666,-249.84203166345156,-0.0657899499109389,0.5138238228915821,0.5514386938231853,0.31597743879845
paper_max_T300,A,1.0471975511965976,0.3333333333333333,4667,-249.8955732200332,-0.06578940739911138,0.5400171846594011,0.5564188648226686,0.0
paper_max_T300,A,1.0471975511965976,0.3333333333333333,4668,-249.94911470468077,-0.06578893812402048,0.5138240073186064,0.5514388263092995,0.3159775806025099
paper_max_T300,A,1.0471975511965976,0.3333333333333333,4669,-250.0026571261986,-0.06578856355539064,0.5400177646801437,0.5564192435941822,0.0
paper_max_T300,A,1.0471975511965976,0.3333333333333333,4670,-250.05620102193143,-0.06578859627649747,0.5138240160301579,0.5514388326902475,0.31597758725195
paper_max_T300,A,1.0471975511965976,0.3333333333333333,4671,-250.1097459835937,-0.06578861347712611,0.5400167498159739,0.5564185797871732,0.0
paper_max_T300,A,1.0471975511965976,0.3333333333333333,4672,-250.16329116430467,-0.06578891222685113,0.5138221615290897,0.5514374841315126,0.31597616995858857
paper_max_T300,A,1.0471975511965976,0.3333333333333333,4673,-250.21683525947867,-0.06578869752524641,0.5400154974259239,0.5564177587591503,0.0
paper_max_T300,A,1.0471975511965976,0.3333333333333333,4674,-250.2703782977577,-0.06578866313459292,0.5138222334462199,0.5514375339447373,0.3159762262272901
paper_max_T300,A,1.0471975511965976,0.3333333333333333,4675,-250.32392057880116,-0.06578820760620468,0.5400171186844848,0.5564188170389552,0.0
paper_max_T300,A,1.0471975511965976,0.3333333333333333,4676,-250.3774635756309,-0.06578819526766483,0.5138251468373709,0.5514396499961082,0.31597845408261227
paper_max_T300,A,1.0471975511965976,0.3333333333333333,4677,-250.43100809388983,-0.06578819058142371,0.5400195424737436,0.5564204022593555,0.0
paper_max_T300,A,1.0471975511965976,0.3333333333333333,4678,-250.4845542816847,-0.06578868372678581,0.5138267700306398,0.5514408301455768,0.31597969467599774
paper_max_T300,A,1.0471975511965976,0.3333333333333333,4679,-250.538101031036,-0.06578903413657688,0.5400198937682699,0.5564206323734494,0.0
paper_max_T300,A,1.0471975511965976,0.3333333333333333,4680,-250.59164719962072,-0.06578951106087161,0.5138267523516831,0.5514408169998437,0.3159796813158468
paper_max_T300,A,1.0471975511965976,0.3333333333333333,4681,-250.6451917668205,-0.06578956063674013,0.5400205116056583,0.5564210355836968,0.0
paper_max_T300,A,1.0471975511965976,0.3333333333333333,4682,-250.6987352394642,-0.06578957131343821,0.5138288459162245,0.5514423374887618,0.31598128231604283
paper_max_T300,A,1.0471975511965976,0.3333333333333333,4683,-250.75227867655,-0.06578953939741028,0.5400233342586993,0.5564228815434975,0.0
paper_max_T300,A,1.0471975511965976,0.3333333333333333,4684,-250.80582322202497,-0.06578961753142076,0.5138320826159657,0.5514446906250575,0.3159837561806067
paper_max_T300,A,1.0471975511965976,0.3333333333333333,4685,-250.85936938233687,-0.06579006645837054,0.5400251526172546,0.5564240727264955,0.0
paper_max_T300,A,1.0471975511965976,0.3333333333333333,4686,-250.9129162431179,-0.06579047012971073,0.513832415300726,0.5514449345795633,0.3159840093568277
paper_max_T300,A,1.0471975511965976,0.3333333333333333,4687,-250.9664626554026,-0.06579099206851202,0.5400242985232272,0.5564235157481733,0.0
paper_max_T300,A,1.0471975511965976,0.3333333333333333,4688,-251.02000751259695,-0.06579107344984608,0.5138312478222902,0.5514440868516574,0.3159831164950578
paper_max_T300,A,1.0471975511965976,0.3333333333333333,4689,-251.07355085366316,-0.06579111297696494,0.5400240096184586,0.5564233268528975,0.0
paper_max_T300,A,1.0471975511965976,0.3333333333333333,4690,-251.1270934196237,-0.06579071940402131,0.5138320268954581,0.5514446531773743,0.3159837119828846
paper_max_T300,A,1.0471975511965976,0.3333333333333333,4691,-251.18063662268287,-0.06579071990373736,0.5400250732741626,0.5564240234526125,0.0
paper_max_T300,A,1.0471975511965976,0.3333333333333333,4692,-251.23418080710815,-0.06579052764309068,0.513832494117177,0.5514449946119934,0.31598406816012453
paper_max_T300,A,1.0471975511965976,0.3333333333333333,4693,-251.2877261056043,-0.06579087550870666,0.5400240681729682,0.5564233683438241,0.0
paper_max_T300,A,1.0471975511965976,0.3333333333333333,4694,-251.34127126734313,-0.06579091936796427,0.5138297666488671,0.5514430142592489,0.31598198216798706
paper_max_T300,A,1.0471975511965976,0.3333333333333333,4695,-251.394815482995,-0.06579103553105103,0.5400210902887782,0.5564214212192572,0.0
paper_max_T300,A,1.0471975511965976,0.3333333333333333,4696,-251.44835821167806,-0.06579068691210133,0.5138269755142311,0.5514409852595918,0.31597984872472445
paper_max_T300,A,1.0471975511965976,0.3333333333333333,4697,-251.5018999093545,-0.06579028340514997,0.5400198322248242,0.5564205972324324,0.0
paper_max_T300,A,1.0471975511965976,0.3333333333333333,4698,-251.5554414731066,-0.06578971597258348,0.5138267325280113,0.5514408079298465,0.3159796633510531
paper_max_T300,A,1.0471975511965976,0.3333333333333333,4699,-251.60898399859207,-0.06578943745147631,0.5400198088056631,0.5564205820315217,0.0
paper_max_T300,A,1.0471975511965976,0.3333333333333333,4700,-251.66252771688852,-0.06578932463840231,0.5138258448603344,0.5514401635300763,0.31597898440740263
paper_max_T300,A,1.0471975511965976,0.3333333333333333,4701,-251.71607229787077,-0.0657893552364055,0.5400178885653358,0.5564193265839249,0.0
paper_max_T300,A,1.0471975511965976,0.3333333333333333,4702,-251.769616817256,-0.06578945982422779,0.5138229043445832,0.5514380260883179,0.31597673670660187
paper_max_T300,A,1.0471975511965976,0.3333333333333333,4703,-251.82316024160673,-0.06578917625459435,0.5400156674620242,0.5564178721423365,0.0
paper_max_T300,A,1.0471975511965976,0.3333333333333333,4704,-251.87670261735656,-0.06578894367969385,0.5138218678823675,0.5514372704627096,0.3159759456095387
paper_max_T300,A,1.0471975511965976,0.3333333333333333,4705,-251.9302443329437,-0.06578837262020054,0.5400162976784866,0.5564182821494446,0.0
paper_max_T300,A,1.0471975511965976,0.3333333333333333,4706,-251.9837867274888,-0.06578820313087513,0.5138236458102259,0.5514385611792916,0.3159773055201829
paper_max_T300,A,1.0471975511965976,0.3333333333333333,4707,-252.0373305523982,-0.065788044600124,0.5400177523667857,0.5564192332396457,0.0
paper_max_T300,A,1.0471975511965976,0.3333333333333333,4708,-252.09087598680054,-0.06578842188364747,0.5138242806850337,0.5514390226055189,0.3159777908345288
paper_max_T300,A,1.0471975511965976,0.3333333333333333,4709,-252.14442197342328,-0.06578857718349312,0.5400174033864061,0.5564190046673816,0.0
paper_max_T300,A,1.0471975511965976,0.3333333333333333,4710,-252.19796755100919,-0.0657889824962673,0.51382371260696,0.5514386086767078,0.31597735711447883
paper_max_T300,A,1.0471975511965976,0.3333333333333333,4711,-252.25151163310431,-0.06578883563052629,0.5400177549375833,0.5564192328778399,0.0
paper_max_T300,A,1.0471975511965976,0.3333333333333333,4712,-252.30505481203113,-0.0657888529906705,0.5138257191800246,0.5514400651631409,0.31597889202463514
paper_max_T300,A,1.0471975511965976,0.3333333333333333,4713,-252.358597968668,-0.06578867197266852,0.5400206541927232,0.5564211282293202,0.0
paper_max_T300,A,1.0471975511965976,0.3333333333333333,4714,-252.41214240368157,-0.06578884187592282,0.5138292004403859,0.5514425952979755,0.3159815532441454
paper_max_T300,A,1.0471975511965976,0.3333333333333333,4715,-252.4656885093629,-0.06578919213649165,0.5400228397255724,0.5564225588144444,0.0
paper_max_T300,A,1.0471975511965976,0.3333333333333333,4716,-252.5192355725626,-0.06578973402370442,0.5138301557062904,0.5514432909343623,0.315982282759545
paper_max_T300,A,1.0471975511965976,0.3333333333333333,4717,-252.57278225253003,-0.06579020359921711,0.5400227283038561,0.5564224868878445,0.0
paper_max_T300,A,1.0471975511965976,0.3333333333333333,4718,-252.62632753547985,-0.06579044818910695,0.5138300280386647,0.5514431983461385,0.3159821850785012
paper_max_T300,A,1.0471975511965976,0.3333333333333333,4719,-252.67987128385596,-0.06579051008356107,0.5400234664163795,0.556422969435462,0.0
paper_max_T300,A,1.0471975511965976,0.3333333333333333,4720,-252.73341438033378,-0.06579030838467703,0.5138320121813978,0.5514446403088662,0.31598370188514635
paper_max_T300,A,1.0471975511965976,0.3333333333333333,4721,-252.7869582026309,-0.06579041593876134,0.5400255604410431,0.5564243399689198,0.0
paper_max_T300,A,1.0471975511965976,0.3333333333333333,4722,-252.8405031741637,-0.06579041427547289,0.5138335801739911,0.5514457818015023,0.3159848995124688
paper_max_T300,A,1.0471975511965976,0.3333333333333333,4723,-252.89404930562068,-0.06579091493560618,0.5400254641450002,0.5564242794476753,0.0
paper_max_T300,A,1.0471975511965976,0.3333333333333333,4724,-252.94759523060077,-0.06579109621658652,0.513831826438454,0.5514445094220046,0.31598355773524994
paper_max_T300,A,1.0471975511965976,0.3333333333333333,4725,-253.00114007088035,-0.06579138173149113,0.5400232825040548,0.556422853625024,0.0
paper_max_T300,A,1.0471975511965976,0.3333333333333333,4726,-253.05468326236394,-0.065791107235047,0.5138298222013162,0.5514430529351627,0.31598202552299126
paper_max_T300,A,1.0471975511965976,0.3333333333333333,4727,-253.10822544519772,-0.06579089189189202,0.5400225516186369,0.5564223751978189,0.0
paper_max_T300,A,1.0471975511965976,0.3333333333333333,4728,-253.16176748122365,-0.06579034871711353,0.5138299253792156,0.5514431279756811,0.31598210435194607
paper_max_T300,A,1.0471975511965976,0.3333333333333333,4729,-253.21531055336607,-0.06579025358562118,0.540022589298059,0.5564224007463552,0.0
paper_max_T300,A,1.0471975511965976,0.3333333333333333,4730,-253.2688546078047,-0.0657900980069494,0.5138288522695079,0.5514423496183896,0.3159812832136435
paper_max_T300,A,1.0471975511965976,0.3333333333333333,4731,-253.32239933691625,-0.06579025565035468,0.5400203292967569,0.5564209238633941,0.0
paper_max_T300,A,1.0471975511965976,0.3333333333333333,4732,-253.37594364673714,-0.06579023584145571,0.5138253754330302,0.5514398231474484,0.3159786251375474
paper_max_T300,A,1.0471975511965976,0.3333333333333333,4733,-253.42948677984054,-0.06579000861179163,0.5400175236557051,0.5564190877498852,0.0
paper_max_T300,A,1.0471975511965976,0.3333333333333333,4734,-253.48302876556556,-0.06578960558651792,0.5138235368321817,0.5514384851388766,0.31597722052811783
paper_max_T300,A,1.0471975511965976,0.3333333333333333,4735,-253.53657019933019,-0.06578903795453217,0.5400173095306584,0.5564189459378959,0.0
paper_max_T300,A,1.0471975511965976,0.3333333333333333,4736,-253.59011221134125,-0.0657886922738457,0.513824201706474,0.5514389673190994,0.3159777293486762
paper_max_T300,A,1.0471975511965976,0.3333333333333333,4737,-253.64365555388844,-0.06578847524810899,0.5400176894197758,0.5564191942705257,0.0
paper_max_T300,A,1.0471975511965976,0.3333333333333333,4738,-253.6972002705093,-0.06578867317193487,0.5138235900990169,0.5514385229309792,0.315977261751332
paper_max_T300,A,1.0471975511965976,0.3333333333333333,4739,-253.75074543638448,-0.0657886926035049,0.5400162990280749,0.5564182843999118,0.0
paper_max_T300,A,1.0471975511965976,0.3333333333333333,4740,-253.80429019828478,-0.0657889282299019,0.5138219659924564,0.5514373412083283,0.31597602090251276
paper_max_T300,A,1.0471975511965976,0.3333333333333333,4741,-253.85783357166878,-0.06578860067226167,0.5400158497061244,0.5564179883037866,0.0
paper_max_T300,A,1.0471975511965976,0.3333333333333333,4742,-253.91137617482508,-0.06578850583262119,0.5138231974003484,0.5514382338286017,0.31597696349245263
paper_max_T300,A,1.0471975511965976,0.3333333333333333,4743,-253.9649187754336,-0.06578814502092067,0.5400181709276342,0.5564195050284576,0.0
paper_max_T300,A,1.0471975511965976,0.3333333333333333,4744,-254.0184627125376,-0.06578828240636009,0.5138261520628903,0.5514403806274677,0.3159792224916277
paper_max_T300,A,1.0471975511965976,0.3333333333333333,4745,-254.07200829970918,-0.06578846058268678,0.5400200453474937,0.5564207313929104,0.0
paper_max_T300,A,1.0471975511965976,0.3333333333333333,4746,-254.12555503113379,-0.0657890282710979,0.5138269870274659,0.551440987975905,0.31597986048851323
paper_max_T300,A,1.0471975511965976,0.3333333333333333,4747,-254.1791014675356,-0.06578934050312152,0.5400200681118941,0.5564207463192217,0.0
paper_max_T300,A,1.0471975511965976,0.3333333333333333,4748,-254.23264674510494,-0.06578966435181383,0.5138272822508262,0.5514412018753031,0.3159800865302146
paper_max_T300,A,1.0471975511965976,0.3333333333333333,4749,-254.28619052023112,-0.06578962702287577,0.5400213731074612,0.5564215989528433,0.0
paper_max_T300,A,1.0471975511965976,0.3333333333333333,4750,-254.33973381526573,-0.06578957299327831,0.5138300623346657,0.5514432217111678,0.3159822121189522
paper_max_T300,A,1.0471975511965976,0.3333333333333333,4751,-254.39327788559945,-0.0657896652101097,0.5400242508006411,0.5564234816096255,0.0
paper_max_T300,A,1.0471975511965976,0.3333333333333333,4752,-254.4468233389273,-0.06578985476027105,0.5138325918727817,0.5514450615800607,0.3159841450330434
paper_max_T300,A,1.0471975511965976,0.3333333333333333,4753,-254.50037004246389,-0.06579040179262235,0.5400250690827392,0.5564240189199975,0.0
paper_max_T300,A,1.0471975511965976,0.3333333333333333,4754,-254.55391666313278,-0.06579076630121872,0.5138319635960509,0.5514446068861251,0.31598366374493525
paper_max_T300,A,1.0471975511965976,0.3333333333333333,4755,-254.6074621400718,-0.06579114648850332,0.5400239381209996,0.5564232802827894,0.0
paper_max_T300,A,1.0471975511965976,0.3333333333333333,4756,-254.66100593779368,-0.06579103159432353,0.5138311613588368,0.5514440241140686,0.31598305034253726
paper_max_T300,A,1.0471975511965976,0.3333333333333333,4757,-254.71454872632535,-0.0657909717047726,0.540024197398703,0.5564234498626786,0.0
paper_max_T300,A,1.0471975511965976,0.3333333333333333,4758,-254.7680914368906,-0.06579056536487726,0.513832230612145,0.5514448017173071,0.31598386745222007
paper_max_T300,A,1.0471975511965976,0.3333333333333333,4759,-254.8216352918961,-0.06579066630071667,0.5400249070367591,0.5564239154518127,0.0
paper_max_T300,A,1.0471975511965976,0.3333333333333333,4760,-254.87518007040592,-0.06579059129315701,0.5138317171270922,0.5514444306807725,0.31598347379346714
paper_max_T300,A,1.0471975511965976,0.3333333333333333,4761,-254.92872540223772,-0.06579093252835799,0.5400229851339805,0.5564226603959616,0.0
paper_max_T300,A,1.0471975511965976,0.3333333333333333,4762,-254.98227000782794,-0.06579090619504413,0.5138284703874806,0.5514420721903525,0.3159809912297511
paper_max_T300,A,1.0471975511965976,0.3333333333333333,4763,-255.03581331090743,-0.06579082882968884,0.5400202414812845,0.5564208656402666,0.0
paper_max_T300,A,1.0471975511965976,0.3333333333333333,4764,-255.08935532161672,-0.06579035200307343,0.5138265050976073,0.5514406429202054,0.3159794893453406
paper_max_T300,A,1.0471975511965976,0.3333333333333333,4765,-255.14289688404892,-0.06578990481067054,0.540019705902647,0.5564205143291222,0.0
paper_max_T300,A,1.0471975511965976,0.3333333333333333,4766,-255.19643892470776,-0.0657894440505934,0.5138265499573457,0.5514406752383902,0.31597952379194394
paper_max_T300,A,1.0471975511965976,0.3333333333333333,4767,-255.2499822285414,-0.06578929193217642,0.5400193431450877,0.5564202775580026,0.0
paper_max_T300,A,1.0471975511965976,0.3333333333333333,4768,-255.30352657800285,-0.06578932732628706,0.5138249403542074,0.5514395061025725,0.3159782929872883
paper_max_T300,A,1.0471975511965976,0.3333333333333333,4769,-255.35707119798906,-0.06578932428986489,0.5400170088497603,0.5564187507055925,0.0
paper_max_T300,A,1.0471975511965976,0.3333333333333333,4770,-255.4106152409733,-0.06578936154323589,0.5138222269355358,0.5514375329548151,0.31597621927955466
paper_max_T300,A,1.0471975511965976,0.3333333333333333,4771,-255.46415796619488,-0.06578894174411987,0.54001560282841,0.5564178289158945,0.0
paper_max_T300,A,1.0471975511965976,0.3333333333333333,4772,-255.5176999618168,-0.06578866464077504,0.5138223679225289,0.5514376330850611,0.31597632828692246
paper_max_T300,A,1.0471975511965976,0.3333333333333333,4773,-255.57124199530358,-0.06578817448637087,0.5400169581254763,0.5564187137189008,0.0
paper_max_T300,A,1.0471975511965976,0.3333333333333333,4774,-255.62478529543523,-0.06578817659876512,0.5138242469873028,0.551438997952398,0.3159777651676936
paper_max_T300,A,1.0471975511965976,0.3333333333333333,4775,-255.678330147746,-0.06578818766111605,0.5400179610658632,0.5564193696813018,0.0
paper_max_T300,A,1.0471975511965976,0.3333333333333333,4776,-255.7318761623307,-0.06578866007581341,0.5138242594041431,0.5514390069264916,0.3159777746698572
paper_max_T300,A,1.0471975511965976,0.3333333333333333,4777,-255.7854219358279,-0.06578877478302991,0.5400174623054745,0.556419042742995,0.0
paper_max_T300,A,1.0471975511965976,0.3333333333333333,4778,-255.83896676106122,-0.06578905630598336,0.5138242142231857,0.5514389726375667,0.31597774089446673
paper_max_T300,A,1.0471975511965976,0.3333333333333333,4779,-255.8925101636753,-0.06578884038172017,0.5400186684978805,0.5564198299729981,0.0
paper_max_T300,A,1.0471975511965976,0.3333333333333333,4780,-255.94605325159898,-0.06578882841593808,0.5138270684597289,0.5514410456367864,0.3159799235603432
paper_max_T300,A,1.0471975511965976,0.3333333333333333,4781,-255.9995971230377,-0.06578879673147475,0.5400217481140055,0.5564218440291555,0.0
paper_max_T300,A,1.0471975511965976,0.3333333333333333,4782,-256.05314257958827,-0.06578910149655515,0.5138299848926258,0.55144316596195,0.3159821526235509
paper_max_T300,A,1.0471975511965976,0.3333333333333333,4783,-256.10668936755746,-0.06578957207894093,0.5400230686105252,0.556422709085875,0.0
paper_max_T300,A,1.0471975511965976,0.3333333333333333,4784,-256.1602363113317,-0.06579008444150464,0.5138301357613853,0.5514432768133325,0.3159822673186746
paper_max_T300,A,1.0471975511965976,0.3333333333333333,4785,-256.2137821369316,-0.06579044029160452,0.5400227993172249,0.556422533483593,0.0
paper_max_T300,A,1.0471975511965976,0.3333333333333333,4786,-256.2673263940379,-0.06579049594096653,0.5138304589684307,0.5514435115873972,0.3159825144773495
paper_max_T300,A,1.0471975511965976,0.3333333333333333,4787,-256.32086963873604,-0.06579049266520581,0.5400241045463763,0.5564233870517312,0.0
paper_max_T300,A,1.0471975511965976,0.3333333333333333,4788,-256.3744129503668,-0.06579027812239302,0.5138326972016504,0.5514451387195118,0.315984225247906
paper_max_T300,A,1.0471975511965976,0.3333333333333333,4789,-256.42795751828163,-0.0657905090690103,0.5400257824909479,0.5564244860556335,0.0
paper_max_T300,A,1.0471975511965976,0.3333333333333333,4790,-256.48150311899786,-0.06579060526452968,0.5138332035933132,0.5514455090379837,0.31598461115084364
paper_max_T300,A,1.0471975511965976,0.3333333333333333,4791,-256.53504924255674,-0.06579110624346562,0.5400246979038598,0.5564237789402108,0.0
paper_max_T300,A,1.0471975511965976,0.3333333333333333,4792,-256.5885944877631,-0.06579118797224864,0.5138308397490359,0.5514437926214854,0.31598280330649775
paper_max_T300,A,1.0471975511965976,0.3333333333333333,4793,-256.6421383054052,-0.06579128304241733,0.5400226444592984,0.5564224362363792,0.0
paper_max_T300,A,1.0471975511965976,0.3333333333333333,4794,-256.6956807171329,-0.06579085557467346,0.5138294964164943,0.5514428160584476,0.31598177652370835
paper_max_T300,A,1.0471975511965976,0.3333333333333333,4795,-256.7492227663002,-0.06579059409712096,0.5400224549052677,0.556422312004246,0.0
paper_max_T300,A,1.0471975511965976,0.3333333333333333,4796,-256.8027652591798,-0.0657901319647613,0.5138296641590667,0.5514429384705355,0.31598190448323177
paper_max_T300,A,1.0471975511965976,0.3333333333333333,4797,-256.8563090084295,-0.06579014280037909,0.5400219689459688,0.5564219954180606,0.0
paper_max_T300,A,1.0471975511965976,0.3333333333333333,4798,-256.9098535019955,-0.06579010390518514,0.5138276966120512,0.5514415099701971,0.3159803996422517
paper_max_T300,A,1.0471975511965976,0.3333333333333333,4799,-256.9633980593709,-0.065790196326106,0.5400191780975683,0.556420170680703,0.0
paper_max_T300,A,1.0471975511965976,0.3333333333333333,4800,-257.0169417517808,-0.06579008683971221,0.5138243393411253,0.5514390695567539,0.31597783339761
paper_max_T300,A,1.0471975511965976,0.3333333333333333,4801,-257.07048414053685,-0.06578969695471282,0.5400170979065736,0.5564188084784639,0.0
paper_max_T300,A,1.0471975511965976,0.3333333333333333,4802,-257.12402575688975,-0.06578924558701343,0.5138235744179527,0.5514385117852987,0.31597724961328055
paper_max_T300,A,1.0471975511965976,0.3333333333333333,4803,-257.17756747948226,-0.06578873470930002,0.5400175257445193,0.5564190870000759,0.0
paper_max_T300,A,1.0471975511965976,0.3333333333333333,4804,-257.23111030930977,-0.0657885638127636,0.5138242806285324,0.551439024539387,0.3159777897578082
paper_max_T300,A,1.0471975511965976,0.3333333333333333,4805,-257.2846545452228,-0.06578848732489306,0.5400174521553243,0.5564190389408215,0.0
paper_max_T300,A,1.0471975511965976,0.3333333333333333,4806,-257.3381997653698,-0.06578878642596381,0.5138231093087408,0.5514381731420915,0.3159768943945359
paper_max_T300,A,1.0471975511965976,0.3333333333333333,4807,-257.391744722647,-0.06578874411101598,0.540016011179843,0.5564180954301255,0.0
paper_max_T300,A,1.0471975511965976,0.3333333333333333,4808,-257.445288823801,-0.0657888768277084,0.5138221436647616,0.5514374694790158,0.31597615717421695
paper_max_T300,A,1.0471975511965976,0.3333333333333333,4809,-257.4988316102032,-0.06578847849674929,0.5400165353290215,0.5564184360301417,0.0
paper_max_T300,A,1.0471975511965976,0.3333333333333333,4810,-257.5523741904245,-0.06578838807299403,0.5138243507631067,0.5514390716277889,0.31597784541393775
paper_max_T300,A,1.0471975511965976,0.3333333333333333,4811,-257.6059175339254,-0.06578818391496954,0.5400191539527059,0.5564201479878172,0.0
paper_max_T300,A,1.0471975511965976,0.3333333333333333,4812,-257.65946254698974,-0.06578848508891222,0.5138268973968586,0.5514409225147571,0.31597979215045946
paper_max_T300,A,1.0471975511965976,0.3333333333333333,4813,-257.71300891342537,-0.06578879258232007,0.5400203308311604,0.556420918314805,0.0
paper_max_T300,A,1.0471975511965976,0.3333333333333333,4814,-257.76655566555655,-0.06578935271268249,0.5138271416857441,0.551441100391851,0.3159799787080104
paper_max_T300,A,1.0471975511965976,0.3333333333333333,4815,-257.82010138230544,-0.06578957260222118,0.5400203807599593,0.5564209506579072,0.0
paper_max_T300,A,1.0471975511965976,0.3333333333333333,4816,-257.8736457337514,-0.06578973206708932,0.5138280641743704,0.5514417699615454,0.3159806843796392
paper_max_T300,A,1.0471975511965976,0.3333333333333333,4817,-257.9271890865358,-0.06578966413100007,0.5400223635424879,0.5564222468377494,0.0
paper_max_T300,A,1.0471975511965976,0.3333333333333333,4818,-257.98073268572546,-0.06578961646340475,0.5138311770829777,0.5514440322918739,0.3159830640651391
paper_max_T300,A,1.0471975511965976,0.3333333333333333,4819,-258.03427762279773,-0.0657898622703762,0.5400248701194161,0.5564238874389724,0.0
paper_max_T300,A,1.0471975511965976,0.3333333333333333,4820,-258.0878238149929,-0.0657901492948254,0.5138326875792004,0.5514451319936317,0.3159842177429149
paper_max_T300,A,1.0471975511965976,0.3333333333333333,4821,-258.1413705781615,-0.06579071727549962,0.5400247343454495,0.5564238006583695,0.0
paper_max_T300,A,1.0471975511965976,0.3333333333333333,4822,-258.1949165038586,-0.06579096935130119,0.5138314701943472,0.5514442486744542,0.31598328637016515
paper_max_T300,A,1.0471975511965976,0.3333333333333333,4823,-258.24846092109897,-0.06579118026584019,0.5400237134131072,0.5564231334295551,0.0
paper_max_T300,A,1.0471975511965976,0.3333333333333333,4824,-258.30200391083605,-0.06579089889387785,0.5138312488883744,0.5514440878448752,0.31598311718697636
paper_max_T300,A,1.0471975511965976,0.3333333333333333,4825,-258.35554659845315,-0.06579080991341302,0.5400243929147467,0.5564235780729619,0.0
paper_max_T300,A,1.0471975511965976,0.3333333333333333,4826,-258.40908979675845,-0.06579046318910181,0.5138322089135814,0.551444786574491,0.3159838505317437
paper_max_T300,A,1.0471975511965976,0.3333333333333333,4827,-258.4626343087051,-0.06579066809262579,0.5400244200480138,0.5564235976578761,0.0
paper_max_T300,A,1.0471975511965976,0.3333333333333333,4828,-258.516179398438,-0.06579067529672022,0.5138306348397081,0.5514436446843556,0.3159826461391688
paper_max_T300,A,1.0471975511965976,0.3333333333333333,4829,-258.56972437546375,-0.06579093499661265,0.5400218353784224,0.5564219085039436,0.0
paper_max_T300,A,1.0471975511965976,0.3333333333333333,4830,-258.62326819377176,-0.06579078713929287,0.5138273595977071,0.551441264651534,0.315980142210674
paper_max_T300,A,1.0471975511965976,0.3333333333333333,4831,-258.6768106690811,-0.06579053036602234,0.5400196730357023,0.556420493346506,0.0
paper_max_T300,A,1.0471975511965976,0.3333333333333333,4832,-258.7303522912578,-0.06578998613485582,0.5138262839415899,0.5514404818151054,0.3159793204757585
paper_max_T300,A,1.0471975511965976,0.3333333333333333,4833,-258.78389411346626,-0.06578957391489365,0.540019612693049,0.5564204532466854,0.0
paper_max_T300,A,1.0471975511965976,0.3333333333333333,4834,-258.83743687101554,-0.06578927217590741,0.5138262040898,0.5514404239479587,0.3159792593590992
paper_max_T300,A,1.0471975511965976,0.3333333333333333,4835,-258.8909808879747,-0.06578922669704967,0.540018694009334,0.5564198529807968,0.0
paper_max_T300,A,1.0471975511965976,0.3333333333333333,4836,-258.94452556919396,-0.06578934982251944,0.5138239779848355,0.5514388063999438,0.3159775574456449
paper_max_T300,A,1.0471975511965976,0.3333333333333333,4837,-258.9980698802815,-0.0657892527926488,0.540016301668204,0.5564182874560019,0.0
paper_max_T300,A,1.0471975511965976,0.3333333333333333,4838,-259.0516132719332,-0.06578919063168226,0.5138219401533419,0.5514373236245494,0.3159760005199179
paper_max_T300,A,1.0471975511965976,0.3333333333333333,4839,-259.10515545686604,-0.065788682074089,0.540015890323372,0.5564180161237415,0.0
paper_max_T300,A,1.0471975511965976,0.3333333333333333,4840,-259.15869746417536,-0.06578842973731108,0.513823086398822,0.5514381546848682,0.3159768778317035
paper_max_T300,A,1.0471975511965976,0.3333333333333333,4841,-259.21224020961574,-0.06578808418329063,0.5400175877077025,0.5564191253102478,0.0
paper_max_T300,A,1.0471975511965976,0.3333333333333333,4842,-259.2657845536971,-0.06578827161316769,0.5138246509771959,0.551439291510689,0.3159780740205468
paper_max_T300,A,1.0471975511965976,0.3333333333333333,4843,-259.3193301870145,-0.06578840170287903,0.5400180226732273,0.5564194098537699,0.0
paper_max_T300,A,1.0471975511965976,0.3333333333333333,4844,-259.37287630981814,-0.06578888861995108,0.5138242642374007,0.5514390101030767,0.3159777785359179
paper_max_T300,A,1.0471975511965976,0.3333333333333333,4845,-259.4264214894981,-0.06578891591327152,0.5400177352576118,0.5564192207589158,0.0
paper_max_T300,A,1.0471975511965976,0.3333333333333333,4846,-259.47996551562846,-0.0657890649165711,0.5138250435706246,0.5514395748590284,0.3159783751717092
paper_max_T300,A,1.0471975511965976,0.3333333333333333,4847,-259.53350858617927,-0.06578884107302962,0.5400197675668242,0.556420548623701,0.0
paper_max_T300,A,1.0471975511965976,0.3333333333333333,4848,-259.5870520587166,-0.06578886774847625,0.5138283734100952,0.5514419941649534,0.3159809210608042
paper_max_T300,A,1.0471975511965976,0.3333333333333333,4849,-259.6405968966342,-0.06578901422929984,0.5400225941922211,0.5564223979061448,0.0
paper_max_T300,A,1.0471975511965976,0.3333333333333333,4850,-259.69414322167114,-0.06578943345448007,0.513830412029165,0.5514434769833731,0.3159824788316471
paper_max_T300,A,1.0471975511965976,0.3333333333333333,4851,-259.74769020106874,-0.06578994753090889,0.540023091522873,0.5564227245378673,0.0
paper_max_T300,A,1.0471975511965976,0.3333333333333333,4852,-259.8012365351779,-0.06579035419292217,0.5138301112598507,0.5514432592339283,0.31598224847437967
paper_max_T300,A,1.0471975511965976,0.3333333333333333,4853,-259.8547813493207,-0.06579057097478375,0.5400230190041729,0.5564226772552097,0.0
paper_max_T300,A,1.0471975511965976,0.3333333333333333,4854,-259.9083248247971,-0.06579046535696198,0.5138310538789692,0.5514439440797303,0.31598296918762375
paper_max_T300,A,1.0471975511965976,0.3333333333333333,4855,-259.9618680340542,-0.06579046443973852,0.5400247242167752,0.556423792771899,0.0
paper_max_T300,A,1.0471975511965976,0.3333333333333333,4856,-260.0154119129759,-0.06579030305669809,0.5138331162024825,0.5514454439714735,0.31598454516072805
paper_max_T300,A,1.0471975511965976,0.3333333333333333,4857,-260.0689572040321,-0.06579065400367046,0.5400256450300553,0.5564243970315452,0.0
paper_max_T300,A,1.0471975511965976,0.3333333333333333,4858,-260.12250309150187,-0.06579080757670586,0.5138324758534208,0.5514449809174892,0.31598405442437166
paper_max_T300,A,1.0471975511965976,0.3333333333333333,4859,-260.1760487653015,-0.065791230296538,0.5400238192408466,0.5564232046335058,0.0
paper_max_T300,A,1.0471975511965976,0.3333333333333333,4860,-260.2295930893783,-0.06579116179205718,0.5138299744471503,0.5514431638019052,0.31598214179429723
paper_max_T300,A,1.0471975511965976,0.3333333333333333,4861,-260.2831360017685,-0.0657910787919107,0.5400222174936283,0.5564221568180661,0.0
paper_max_T300,A,1.0471975511965976,0.3333333333333333,4862,-260.33667800253295,-0.06579056055653826,0.5138293309512777,0.551442695769598,0.31598165004414736
paper_max_T300,A,1.0471975511965976,0.3333333333333333,4863,-260.39022031042816,-0.06579032600618917,0.5400223127353648,0.5564222192232295,0.0
paper_max_T300,A,1.0471975511965976,0.3333333333333333,4864,-260.4437634521461,-0.06578999594811141,0.5138291607840008,0.551442573032994,0.3159815194715514
paper_max_T300,A,1.0471975511965976,0.3333333333333333,4865,-260.4973077533026,-0.06579008743294928,0.5400211100587436,0.556421433946269,0.0
paper_max_T300,A,1.0471975511965976,0.3333333333333333,4866,-260.55085236886805,-0.06579010683366837,0.5138264358632455,0.5514405936835196,0.31597943586666455
paper_max_T300,A,1.0471975511965976,0.3333333333333333,4867,-260.6043964464162,-0.06579007427069772,0.5400181660959557,0.5564195082700087,0.0
paper_max_T300,A,1.0471975511965976,0.3333333333333333,4868,-260.65793941556456,-0.06578985022502526,0.513823659906628,0.5514385750314748,0.3159773143806003
paper_max_T300,A,1.0471975511965976,0.3333333333333333,4869,-260.7114812609586,-0.06578934756160576,0.5400169973777741,0.556418741992526,0.0
paper_max_T300,A,1.0471975511965976,0.3333333333333333,4870,-260.76502289157895,-0.06578892209502357,0.5138238090900423,0.5514386818461297,0.3159774292717301
paper_max_T300,A,1.0471975511965976,0.3333333333333333,4871,-260.81856525599846,-0.06578853112044375,0.5400177079310532,0.5564192059697036,0.0
paper_max_T300,A,1.0471975511965976,0.3333333333333333,4872,-260.8721090198458,-0.06578855010756496,0.5138241825358922,0.5514389531477083,0.3159777148242134
paper_max_T300,A,1.0471975511965976,0.3333333333333333,4873,-260.9256539298368,-0.06578856536915134,0.540017105726901,0.5564188120885217,0.0
paper_max_T300,A,1.0471975511965976,0.3333333333333333,4874,-260.9791992445497,-0.06578888913648417,0.5138227132396259,0.5514378847542051,0.31597659189336524
paper_max_T300,A,1.0471975511965976,0.3333333333333333,4875,-261.0327436691622,-0.06578874541296076,0.5400159938812091,0.5564180833388539,0.0
paper_max_T300,A,1.0471975511965976,0.3333333333333333,4876,-261.0862870782371,-0.06578877201286448,0.5138227120769718,0.5514378817928459,0.31597659211769435
paper_max_T300,A,1.0471975511965976,0.3333333333333333,4877,-261.1398296057263,-0.06578836969344737,0.5400174604885818,0.5564190406539941,0.0
paper_max_T300,A,1.0471975511965976,0.3333333333333333,4878,-261.1933726181068,-0.06578835149972151,0.5138255242739835,0.5514399243350563,0.3159787425945524
paper_max_T300,A,1.0471975511965976,0.3333333333333333,4879,-261.2469169650994,-0.06578833414185048,0.5400199532222166,0.5564206709306581,0.0
paper_max_T300,A,1.0471975511965976,0.3333333333333333,4880,-261.3004629326996,-0.06578877501015906,0.5138273670543981,0.5514412640892525,0.3159801510460807
paper_max_T300,A,1.0471975511965976,0.3333333333333333,4881,-261.35400961655716,-0.06578913812772902,0.5400204845611161,0.5564210189802744,0.0
paper_max_T300,A,1.0471975511965976,0.3333333333333333,4882,-261.40755589651843,-0.06578961366260766,0.5138273682320454,0.5514412649500534,0.3159801519414618
paper_max_T300,A,1.0471975511965976,0.3333333333333333,4883,-261.46110071254407,-0.06578972106664893,0.54002089424512,0.5564212863551428,0.0
paper_max_T300,A,1.0471975511965976,0.3333333333333333,4884,-261.51464435995376,-0.06578974254699921,0.5138290485494376,0.5514424853143098,0.3159814369213128
paper_max_T300,A,1.0471975511965976,0.3333333333333333,4885,-261.56818776076943,-0.06578971161167946,0.5400233541945192,0.556422895084478,0.0
paper_max_T300,A,1.0471975511965976,0.3333333333333333,4886,-261.62173203063264,-0.06578972967187185,0.5138320368276077,0.5514446577562446,0.31598372096032906
paper_max_T300,A,1.0471975511965976,0.3333333333333333,4887,-261.67527781182133,-0.0657901213348947,0.5400251353795814,0.5564240617612355,0.0
paper_max_T300,A,1.0471975511965976,0.3333333333333333,4888,-261.7288243657871,-0.06579045872720507,0.5138324330061305,0.5514449477420941,0.31598402273424064
paper_max_T300,A,1.0471975511965976,0.3333333333333333,4889,-261.78237069555837,-0.06579096722557565,0.5400242780305891,0.556423502674702,0.0
paper_max_T300,A,1.0471975511965976,0.3333333333333333,4890,-261.83591565051603,-0.06579105465951512,0.5138310690158931,0.55144395730637,0.31598297958814625
paper_max_T300,A,1.0471975511965976,0.3333333333333333,4891,-261.8894591302693,-0.06579110751318151,0.5400236546652539,0.5564230950747601,0.0
paper_max_T300,A,1.0471975511965976,0.3333333333333333,4892,-261.94300170955154,-0.06579072030277139,0.5138314270565799,0.551444217547062,0.3159832532671265
paper_max_T300,A,1.0471975511965976,0.3333333333333333,4893,-261.99654469835895,-0.06579066912340586,0.5400244736786405,0.5564236313796018,0.0
paper_max_T300,A,1.0471975511965976,0.3333333333333333,4894,-262.05008854266475,-0.06579042864167339,0.5138318674376366,0.5514445390947221,0.3159835891259519
paper_max_T300,A,1.0471975511965976,0.3333333333333333,4895,-262.103633521244,-0.06579070518050878,0.5400236320928787,0.5564230828946672,0.0
paper_max_T300,A,1.0471975511965976,0.3333333333333333,4896,-262.1571785572645,-0.0657907355541581,0.513829382261803,0.5514427346634817,0.31598168844153607
paper_max_T300,A,1.0471975511965976,0.3333333333333333,4897,-262.2107228754161,-0.06579085221229258,0.5400207677877529,0.556421210063693,0.0
paper_max_T300,A,1.0471975511965976,0.3333333333333333,4898,-262.264265851955,-0.06579056286804447,0.5138265367695929,0.5514406662265702,0.3159795134105743
paper_max_T300,A,1.0471975511965976,0.3333333333333333,4899,-262.3178077490195,-0.065790175922948,0.5400193668237884,0.5564202926013982,0.0
paper_max_T300,A,1.0471975511965976,0.3333333333333333,4900,-262.37134937265574,-0.06578964199274695,0.5138261929100706,0.5514404154202541,0.3159792510112621
paper_max_T300,A,1.0471975511965976,0.3333333333333333,4901,-262.4248917646178,-0.06578932424907807,0.5400194394239366,0.5564203399231628,0.0
paper_max_T300,A,1.0471975511965976,0.3333333333333333,4902,-262.47843530936257,-0.06578919778185927,0.5138256510370988,0.5514400220668183,0.3159788365490057
paper_max_T300,A,1.0471975511965976,0.3333333333333333,4903,-262.5319798163093,-0.06578920930621523,0.5400179291375945,0.5564193525225906,0.0
paper_max_T300,A,1.0471975511965976,0.3333333333333333,4904,-262.58552447168825,-0.06578934875261178,0.5138231098262355,0.5514381749351802,0.31597689404278473
paper_max_T300,A,1.0471975511965976,0.3333333333333333,4905,-262.63906822019345,-0.06578912318705632,0.5400158811582928,0.5564180115755578,0.0
paper_max_T300,A,1.0471975511965976,0.3333333333333333,4906,-262.69261097110996,-0.06578896574662224,0.5138220664011939,0.5514374144978414,0.3159760974928779
paper_max_T300,A,1.0471975511965976,0.3333333333333333,4907,-262.7461529366004,-0.06578843964532777,0.5400164415436475,0.5564183760237361,0.0
paper_max_T300,A,1.0471975511965976,0.3333333333333333,4908,-262.79969538051625,-0.06578828225970101,0.5138238637283099,0.5514387192887004,0.31597747224385575
paper_max_T300,A,1.0471975511965976,0.3333333333333333,4909,-262.853239087789,-0.06578811280088237,0.5400180826788163,0.556419448991916,0.0
paper_max_T300,A,1.0471975511965976,0.3333333333333333,4910,-262.9067843831035,-0.06578846085509393,0.5138248530662712,0.5514394383371642,0.31597822852496227
paper_max_T300,A,1.0471975511965976,0.3333333333333333,4911,-262.96033038771,-0.0657886406794943,0.5400180278284271,0.5564194129999118,0.0
paper_max_T300,A,1.0471975511965976,0.3333333333333333,4912,-263.0138761603562,-0.0657890672687752,0.5138244277121651,0.5514391284752622,0.31597790373294893
paper_max_T300,A,1.0471975511965976,0.3333333333333333,4913,-263.06742056579026,-0.06578899426949403,0.5400182781224061,0.556419575344769,0.0
paper_max_T300,A,1.0471975511965976,0.3333333333333333,4914,-263.1209639920721,-0.06578903831817129,0.5138261416262244,0.5514403725321744,0.3159792147769791
paper_max_T300,A,1.0471975511965976,0.3333333333333333,4915,-263.1745071882168,-0.06578887688531704,0.540020916830328,0.5564213003533294,0.0
paper_max_T300,A,1.0471975511965976,0.3333333333333333,4916,-263.228051421614,-0.0657889966085487,0.5138294764088638,0.551442796153312,0.3159817640532361
paper_max_T300,A,1.0471975511965976,0.3333333333333333,4917,-263.2815972239614,-0.06578931227611695,0.5400231328359494,0.5564227507927383,0.0
paper_max_T300,A,1.0471975511965976,0.3333333333333333,4918,-263.335144040041,-0.06578979305273924,0.5138305393344872,0.551443570044942,0.31598257586458167
paper_max_T300,A,1.0471975511965976,0.3333333333333333,4919,-263.38869069107454,-0.06579027134524995,0.5400230281647687,0.5564226834259361,0.0
paper_max_T300,A,1.0471975511965976,0.3333333333333333,4920,-263.4422361014872,-0.06579051819020859,0.5138301996077519,0.5514433235575565,0.3159823159569493
paper_max_T300,A,1.0471975511965976,0.3333333333333333,4921,-263.4957800094861,-0.06579060823375404,0.5400234014880311,0.5564229275187682,0.0
paper_max_T300,A,1.0471975511965976,0.3333333333333333,4922,-263.5493231119251,-0.06579039880976417,0.5138317138553227,0.5514444240046085,0.31598347355769885
paper_max_T300,A,1.0471975511965976,0.3333333333333333,4923,-263.60286670375126,-0.06579046237957886,0.5400251942855234,0.556424100822529,0.0
paper_max_T300,A,1.0471975511965976,0.3333333333333333,4924,-263.65641129543474,-0.06579039400696368,0.5138331703742444,0.5514454841760204,0.31598458613100355
paper_max_T300,A,1.0471975511965976,0.3333333333333333,4925,-263.70995706870866,-0.06579082612724946,0.5400251658358086,0.5564240844106391,0.0
paper_max_T300,A,1.0471975511965976,0.3333333333333333,4926,-263.76350281784084,-0.06579097461282074,0.5138315281383153,0.5514442926992171,0.3159833296568171
paper_max_T300,A,1.0471975511965976,0.3333333333333333,4927,-263.8170477098704,-0.06579125518107859,0.5400229709261448,0.5564226499138105,0.0
paper_max_T300,A,1.0471975511965976,0.3333333333333333,4928,-263.87059107980735,-0.0657910183585676,0.5138293247279234,0.5514426915054426,0.3159816451625769
paper_max_T300,A,1.0471975511965976,0.3333333333333333,4929,-263.924133377817,-0.06579080403450221,0.540021978504265,0.5564220003680198,0.0
paper_max_T300,A,1.0471975511965976,0.3333333333333333,4930,-263.9776753755157,-0.06579027333073079,0.5138292073341916,0.5514426060205473,0.3159815554928992
paper_max_T300,A,1.0471975511965976,0.3333333333333333,4931,-264.0312182178589,-0.0657901189996164,0.5400220188457671,0.5564220273105706,0.0
paper_max_T300,A,1.0471975511965976,0.3333333333333333,4932,-264.08476201959786,-0.06578993637123165,0.5138283838743777,0.5514420087570697,0.31598092537865835
paper_max_T300,A,1.0471975511965976,0.3333333333333333,4933,-264.13830661247636,-0.06579005517883274,0.5400200916587141,0.5564207679250383,0.0
paper_max_T300,A,1.0471975511965976,0.3333333333333333,4934,-264.19185101373574,-0.06579006554478939,0.5138252318034104,0.5514397183201425,0.3159785155682684
paper_max_T300,A,1.0471975511965976,0.3333333333333333,4935,-264.2453944203434,-0.06578987560084182,0.5400174128797512,0.5564190149347581,0.0
paper_max_T300,A,1.0471975511965976,0.3333333333333333,4936,-264.29893673448964,-0.06578954838183543,0.5138233648772298,0.551438359858863,0.315977089237244
paper_max_T300,A,1.0471975511965976,0.3333333333333333,4937,-264.35247836629736,-0.06578900585592823,0.5400171409138003,0.5564188352968307,0.0
paper_max_T300,A,1.0471975511965976,0.3333333333333333,4938,-264.40602040406986,-0.06578867982402559,0.5138240944473471,0.5514388889280012,0.3159776475809062
paper_max_T300,A,1.0471975511965976,0.3333333333333333,4939,-264.4595636267653,-0.0657884397466385,0.5400177672216693,0.5564192446424594,0.0
paper_max_T300,A,1.0471975511965976,0.3333333333333333,4940,-264.51310824029196,-0.06578862544436859,0.5138239193555634,0.5514387617216199,0.3159775137128996
paper_max_T300,A,1.0471975511965976,0.3333333333333333,4941,-264.56665346800526,-0.06578866682676598,0.5400167513921529,0.556418579908741,0.0
paper_max_T300,A,1.0471975511965976,0.3333333333333333,4942,-264.6201984804196,-0.06578894543067398,0.5138225398432714,0.5514377580640983,0.3159764596881157
paper_max_T300,A,1.0471975511965976,0.3333333333333333,4943,-264.6737422228297,-0.0657886949094344,0.5400163031786475,0.5564182848826268,0.0
paper_max_T300,A,1.0471975511965976,0.3333333333333333,4944,-264.7272851288721,-0.06578864703249743,0.513823610868532,0.5514385343768273,0.3159772795378214
paper_max_T300,A,1.0471975511965976,0.3333333333333333,4945,-264.7808278319455,-0.0657883150056624,0.540018490397896,0.5564197140420376,0.0
paper_max_T300,A,1.0471975511965976,0.3333333333333333,4946,-264.8343716490607,-0.06578842132030305,0.5138265636495177,0.5514406797813062,0.31597953711268223
paper_max_T300,A,1.0471975511965976,0.3333333333333333,4947,-264.88791702403716,-0.06578858283716438,0.5400205123714745,0.5564210369033935,0.0
paper_max_T300,A,1.0471975511965976,0.3333333333333333,4948,-264.9414635988004,-0.06578910717708464,0.5138276184768991,0.551441447015776,0.31598034313560286
paper_max_T300,A,1.0471975511965976,0.3333333333333333,4949,-264.9950100899913,-0.06578945071568609,0.5400206203882478,0.5564211078369846,0.0
paper_max_T300,A,1.0471975511965976,0.3333333333333333,4950,-265.0485555628879,-0.065789787197442,0.5138277710506481,0.5514415575584971,0.3159804599601123
paper_max_T300,A,1.0471975511965976,0.3333333333333333,4951,-265.10209955866594,-0.06578979849631239,0.5400216085942912,0.5564217535044921,0.0
paper_max_T300,A,1.0471975511965976,0.3333333333333333,4952,-265.1556429034889,-0.06578973662753373,0.5138301219154002,0.5514432655357513,0.31598225738646946
paper_max_T300,A,1.0471975511965976,0.3333333333333333,4953,-265.20918678388693,-0.06578980276501745,0.5400242048561252,0.5564234519810828,0.0
paper_max_T300,A,1.0471975511965976,0.3333333333333333,4954,-265.2627318768217,-0.06578991897092029,0.513832536233947,0.5514450214733708,0.3159841023246792
paper_max_T300,A,1.0471975511965976,0.3333333333333333,4955,-265.3162782392902,-0.06579041344909936,0.5400250591325333,0.5564240126806993,0.0
paper_max_T300,A,1.0471975511965976,0.3333333333333333,4956,-265.3698246801702,-0.06579073377017841,0.513831950484846,0.5514445976548296,0.31598365356230945
paper_max_T300,A,1.0471975511965976,0.3333333333333333,4957,-265.4233702010514,-0.0657911178400829,0.5400238314545793,0.5564232108584611,0.0
paper_max_T300,A,1.0471975511965976,0.3333333333333333,4958,-265.4769141436924,-0.06579102193865821,0.5138308391862619,0.551443790360342,0.3159828038471372
paper_max_T300,A,1.0471975511965976,0.3333333333333333,4959,-265.53045700066866,-0.06579096106076676,0.5400237274346891,0.5564231427828973,0.0
paper_max_T300,A,1.0471975511965976,0.3333333333333333,4960,-265.5839995998721,-0.06579054386042704,0.5138315705188119,0.5514443221671834,0.31598336274326333
paper_max_T300,A,1.0471975511965976,0.3333333333333333,4961,-265.63754314778316,-0.06579057660163712,0.5400243335204422,0.5564235402973975,0.0
paper_max_T300,A,1.0471975511965976,0.3333333333333333,4962,-265.6910875929204,-0.06579045389124721,0.513831179537779,0.5514440398083624,0.31598306291801015
paper_max_T300,A,1.0471975511965976,0.3333333333333333,4963,-265.7446327188935,-0.06579074326609358,0.5400226268566318,0.5564224257995957,0.0
paper_max_T300,A,1.0471975511965976,0.3333333333333333,4964,-265.79817735013296,-0.06579073105870892,0.5138281240090607,0.5514418202315067,0.31598072655246884
paper_max_T300,A,1.0471975511965976,0.3333333333333333,4965,-265.8517208553424,-0.06579067181518827,0.5400199022620494,0.5564206435715843,0.0
paper_max_T300,A,1.0471975511965976,0.3333333333333333,4966,-265.9052631153835,-0.06579025766848168,0.5138260304808614,0.5514402978002197,0.31597912661802724
paper_max_T300,A,1.0471975511965976,0.3333333333333333,4967,-265.95880478689213,-0.06578981207397233,0.5400192462108308,0.5564202133671904,0.0
paper_max_T300,A,1.0471975511965976,0.3333333333333333,4968,-266.01234677923736,-0.06578936432662896,0.5138260970722025,0.5514403456762589,0.3159791778004072
paper_max_T300,A,1.0471975511965976,0.3333333333333333,4969,-266.0658899069239,-0.06578916865452694,0.5400191117407418,0.5564201256437485,0.0
paper_max_T300,A,1.0471975511965976,0.3333333333333333,4970,-266.11943413327293,-0.06578919609470013,0.5138249202253728,0.5514394908864964,0.31597827790426486
paper_max_T300,A,1.0471975511965976,0.3333333333333333,4971,-266.1729788066282,-0.06578920032557634,0.5400171623222366,0.5564188505751997,0.0
paper_max_T300,A,1.0471975511965976,0.3333333333333333,4972,-266.22652310751744,-0.06578929262222555,0.513822482835738,0.551437718556729,0.31597641510007696
paper_max_T300,A,1.0471975511965976,0.3333333333333333,4973,-266.2800661987129,-0.06578893892959803,0.5400158079152113,0.5564179628089432,0.0
paper_max_T300,A,1.0471975511965976,0.3333333333333333,4974,-266.3336085079619,-0.06578872400194058,0.5138225501938132,0.5514377653528351,0.31597646772764776
paper_max_T300,A,1.0471975511965976,0.3333333333333333,4975,-266.38715066243816,-0.0657882578541591,0.540017128498062,0.5564188249299842,0.0
paper_max_T300,A,1.0471975511965976,0.3333333333333333,4976,-266.4406938942715,-0.06578824828971264,0.5138245565860764,0.5514392226908207,0.3159780019780035
paper_max_T300,A,1.0471975511965976,0.3333333333333333,4977,-266.4942386031891,-0.065788248605673,0.5400183967279356,0.5564196543862806,0.0
paper_max_T300,A,1.0471975511965976,0.3333333333333333,4978,-266.54778454717564,-0.06578870084966071,0.5138249182963095,0.5514394856312516,0.3159782784423186
paper_max_T300,A,1.0471975511965976,0.3333333333333333,4979,-266.60133045684734,-0.065788860909133,0.540018091043908,0.5564194540196874,0.0
paper_max_T300,A,1.0471975511965976,0.3333333333333333,4980,-266.6548755547995,-0.06578917519050681,0.5138248482337304,0.5514394336213343,0.31597822545501303
paper_max_T300,A,1.0471975511965976,0.3333333333333333,4981,-266.7084192495708,-0.06578902460682612,0.5400190825698591,0.5564201011351297,0.0
paper_max_T300,A,1.0471975511965976,0.3333333333333333,4982,-266.76196245782097,-0.06578901758990124,0.5138273860875398,0.5514412768311074,0.3159801661820485
paper_max_T300,A,1.0471975511965976,0.3333333333333333,4983,-266.8155062142348,-0.06578897936888917,0.5400219710222182,0.5564219901338066,0.0
paper_max_T300,A,1.0471975511965976,0.3333333333333333,4984,-266.8690513786788,-0.06578921842914776,0.5138302686932155,0.5514433724809823,0.3159823694359034
paper_max_T300,A,1.0471975511965976,0.3333333333333333,4985,-266.92259789253467,-0.06578965910084028,0.5400233726917738,0.5564229082505893,0.0
paper_max_T300,A,1.0471975511965976,0.3333333333333333,4986,-266.97614470410963,-0.06579012937785983,0.513830480220919,0.5514435275054093,0.3159825304553072
paper_max_T300,A,1.0471975511965976,0.3333333333333333,4987,-267.0296906144964,-0.06579050860959623,0.540022997105778,0.5564226633075608,0.0
paper_max_T300,A,1.0471975511965976,0.3333333333333333,4988,-267.08323503242383,-0.0657905754530691,0.5138304621529534,0.5514435144371939,0.3159825166259176
paper_max_T300,A,1.0471975511965976,0.3333333333333333,4989,-267.13677835185354,-0.06579058254928855,0.5400238976057284,0.556423252195466,0.0
paper_max_T300,A,1.0471975511965976,0.3333333333333333,4990,-267.1903215302456,-0.06579034075579987,0.5138323017298561,0.5514448517054807,0.3159839227146718
paper_max_T300,A,1.0471975511965976,0.3333333333333333,4991,-267.2438657628486,-0.06579050877156811,0.5400254033580375,0.5564242382984802,0.0
paper_max_T300,A,1.0471975511965976,0.3333333333333333,4992,-267.29741098383306,-0.06579053858833117,0.5138328307872163,0.5514452382040316,0.3159843260983807
paper_max_T300,A,1.0471975511965976,0.3333333333333333,4993,-267.35095685915314,-0.06579098768401509,0.5400244264605445,0.5564236014348161,0.0
paper_max_T300,A,1.0471975511965976,0.3333333333333333,4994,-267.4045020766504,-0.06579106408154867,0.5138305198747918,0.5514435602181919,0.31598255873613973
paper_max_T300,A,1.0471975511965976,0.3333333333333333,4995,-267.45804603726805,-0.06579116805236568,0.5400222662165236,0.5564221889172126,0.0
paper_max_T300,A,1.0471975511965976,0.3333333333333333,4996,-267.51158861924716,-0.06579078192594023,0.5138289125705091,0.5514423918093698,0.31598133016104746
paper_max_T300,A,1.0471975511965976,0.3333333333333333,4997,-267.5651306853018,-0.06579050422947108,0.5400218494245685,0.5564219159054301,0.0
paper_max_T300,A,1.0471975511965976,0.3333333333333333,4998,-267.6186730338677,-0.06579003673288919,0.5138289961069145,0.5514424527243307,0.3159813939063604
paper_max_T300,A,1.0471975511965976,0.3333333333333333,4999,-267.67221652153773,-0.0657899841409948,0.5400215088466992,0.5564216940665618,0.0
paper_max_T300,A,1.0471975511965976,0.3333333333333333,5000,-267.72576082939025,-0.06578992779146586,0.5138273761634518,0.5514412765994736,0.3159801549221044
paper_max_T300,A,1.0471975511965976,0.3333333333333333,5001,-267.77930538949175,-0.06579000811160518,0.5400190374414056,0.5564200782149852,0.0
paper_max_T300,A,1.0471975511965976,0.3333333333333333,5002,-267.83284930046113,-0.06578995173174268,0.5138242388743504,0.551438996165513,0.3159777567902627
paper_max_T300,A,1.0471975511965976,0.3333333333333333,5003,-267.8863920048077,-0.06578960774925635,0.5400169836886695,0.5564187334608817,0.0
paper_max_T300,A,1.0471975511965976,0.3333333333333333,5004,-267.9399338926859,-0.06578922162653422,0.5138234053903573,0.551438388633822,0.3159771205594109
paper_max_T300,A,1.0471975511965976,0.3333333333333333,5005,-267.9934756984085,-0.06578871755737103,0.5400174101418215,0.5564190110000529,0.0
paper_max_T300,A,1.0471975511965976,0.3333333333333333,5006,-268.0470184578844,-0.06578854584056681,0.5138243025222529,0.551439039984598,0.31597780673563125
paper_max_T300,A,1.0471975511965976,0.3333333333333333,5007,-268.1005625698921,-0.06578845057396387,0.5400176720611745,0.5564191822885026,0.0
paper_max_T300,A,1.0471975511965976,0.3333333333333333,5008,-268.15410776889433,-0.06578874875757734,0.5138235698576674,0.5514385074430116,0.31597724667603355
paper_max_T300,A,1.0471975511965976,0.3333333333333333,5009,-268.2076529106461,-0.06578875216600832,0.5400165103385668,0.5564184216810155,0.0
paper_max_T300,A,1.0471975511965976,0.3333333333333333,5010,-268.2611973390328,-0.06578893895475307,0.5138226889923216,0.5514378657317113,0.31597657408831614
paper_max_T300,A,1.0471975511965976,0.3333333333333333,5011,-268.3147404657167,-0.06578861129228847,0.5400169293122964,0.5564186937734331,0.0
paper_max_T300,A,1.0471975511965976,0.3333333333333333,5012,-268.3682832279302,-0.06578854491021152,0.5138247168448491,0.5514393377592858,0.31597812522254454
paper_max_T300,A,1.0471975511965976,0.3333333333333333,5013,-268.4218265292618,-0.06578834633885983,0.5400194814333659,0.5564203622359774,0.0
paper_max_T300,A,1.0471975511965976,0.3333333333333333,5014,-268.4753713366598,-0.06578859998798703,0.5138273635680937,0.5514412613483783,0.3159801484949686
paper_max_T300,A,1.0471975511965976,0.3333333333333333,5015,-268.5289175192164,-0.06578889762807633,0.5400208412993374,0.5564212522973496,0.0
paper_max_T300,A,1.0471975511965976,0.3333333333333333,5016,-268.5824642212295,-0.0657894309133843,0.5138277608871469,0.5514415506238908,0.31598045194273383
paper_max_T300,A,1.0471975511965976,0.3333333333333333,5017,-268.63601009649614,-0.0657896962083293,0.5400208473014314,0.5564212561908028,0.0
paper_max_T300,A,1.0471975511965976,0.3333333333333333,5018,-268.6895546657261,-0.06578987302455136,0.5138283961565722,0.5514420117299754,0.315980937900331
paper_max_T300,A,1.0471975511965976,0.3333333333333333,5019,-268.7430981449133,-0.06578983426685858,0.5400224609961851,0.5564223110910081,0.0
paper_max_T300,A,1.0471975511965976,0.3333333333333333,5020,-268.7966416438812,-0.06578975596775521,0.5138311351097116,0.5514440022435708,0.315983031735521
paper_max_T300,A,1.0471975511965976,0.3333333333333333,5021,-268.8501862752436,-0.06578995547597444,0.5400247974085103,0.5564238402213018,0.0
paper_max_T300,A,1.0471975511965976,0.3333333333333333,5022,-268.90373209612017,-0.06579016763725887,0.5138326408214428,0.5514450982836455,0.31598418185413757
paper_max_T300,A,1.0471975511965976,0.3333333333333333,5023,-268.9572786179178,-0.06579069725052022,0.5400247166766466,0.556423789356083,0.0
paper_max_T300,A,1.0471975511965976,0.3333333333333333,5024,-269.01082450222026,-0.06579093035696104,0.5138313884500605,0.5514441895774385,0.3159832237125359
paper_max_T300,A,1.0471975511965976,0.3333333333333333,5025,-269.06436904226143,-0.06579115478599179,0.5400234954450707,0.5564229912043163,0.0
paper_max_T300,A,1.0471975511965976,0.3333333333333333,5026,-269.1179121548824,-0.06579089417230632,0.5138307890354061,0.5514437539804995,0.31598276546811355
paper_max_T300,A,1.0471975511965976,0.3333333333333333,5027,-269.17145479873585,-0.06579078354941947,0.540023845754687,0.556423220394054,0.0
paper_max_T300,A,1.0471975511965976,0.3333333333333333,5028,-269.2249977723171,-0.06579040880590675,0.5138315477603435,0.5514443061171597,0.31598334508468545
paper_max_T300,A,1.0471975511965976,0.3333333333333333,5029,-269.2785419450506,-0.06579053961100056,0.5400239113386416,0.5564232647767212,0.0
paper_max_T300,A,1.0471975511965976,0.3333333333333333,5030,-269.33208677523305,-0.06579051101343858,0.5138301938500606,0.5514433239572726,0.31598230914063324
paper_max_T300,A,1.0471975511965976,0.3333333333333333,5031,-269.3856316901356,-0.06579074382343225,0.5400215318823495,0.5564217097397873,0.0
paper_max_T300,A,1.0471975511965976,0.3333333333333333,5032,-269.43917566231823,-0.06579063485150805,0.5138270160518048,0.5514410147758575,0.31597987968666036
paper_max_T300,A,1.0471975511965976,0.3333333333333333,5033,-269.4927183772678,-0.06579040317920093,0.5400193045302287,0.5564202521265244,0.0
paper_max_T300,A,1.0471975511965976,0.3333333333333333,5034,-269.5462601908322,-0.06578991339811685,0.5138257951800969,0.5514401263707824,0.31597894695904827
paper_max_T300,A,1.0471975511965976,0.3333333333333333,5035,-269.59980201440516,-0.06578948525474515,0.5400192007598061,0.5564201834445486,0.0
paper_max_T300,A,1.0471975511965976,0.3333333333333333,5036,-269.65334464561016,-0.06578918009120815,0.5138258832245164,0.551440190263774,0.31597901432659825
paper_max_T300,A,1.0471975511965976,0.3333333333333333,5037,-269.7068885037744,-0.06578909799753907,0.5400186134175622,0.5564197996994174,0.0
paper_max_T300,A,1.0471975511965976,0.3333333333333333,5038,-269.76043316112685,-0.06578922809288862,0.5138241060640429,0.5514388989536442,0.31597765563155145
paper_max_T300,A,1.0471975511965976,0.3333333333333333,5039,-269.8139776561443,-0.06578916431810611,0.5400165242705435,0.5564184326486679,0.0
paper_max_T300,A,1.0471975511965976,0.3333333333333333,5040,-269.8675213846564,-0.06578916981134025,0.5138222029447324,0.5514375143373161,0.31597620155484474
paper_max_T300,A,1.0471975511965976,0.3333333333333333,5041,-269.9210639112424,-0.0657887232866039,0.5400160758958095,0.5564181373114729,0.0
paper_max_T300,A,1.0471975511965976,0.3333333333333333,5042,-269.9746061221265,-0.06578851122459106,0.5138232742756391,0.5514382910384645,0.3159770215506668
paper_max_T300,A,1.0471975511965976,0.3333333333333333,5043,-270.02814886154044,-0.06578817032283546,0.5400178157478278,0.5564192742356634,0.0
paper_max_T300,A,1.0471975511965976,0.3333333333333333,5044,-270.0816930670967,-0.06578833079924001,0.5138250707299611,0.5514395963257188,0.3159783950285151
paper_max_T300,A,1.0471975511965976,0.3333333333333333,5045,-270.13523859439744,-0.06578846059150861,0.5400185476544704,0.5564197530585405,0.0
paper_max_T300,A,1.0471975511965976,0.3333333333333333,5046,-270.1887847521857,-0.06578894303649008,0.5138249589965385,0.5514395149952607,0.3159783096640971
paper_max_T300,A,1.0471975511965976,0.3333333333333333,5047,-270.2423301671037,-0.06578903119578616,0.5400183178388415,0.5564196019689001,0.0
paper_max_T300,A,1.0471975511965976,0.3333333333333333,5048,-270.2958744827542,-0.0657892146341047,0.5138255629343478,0.5514399526085191,0.3159787720435351
paper_max_T300,A,1.0471975511965976,0.3333333333333333,5049,-270.34941774961055,-0.06578903721886886,0.5400200771904795,0.5564207514899783,0.0
paper_max_T300,A,1.0471975511965976,0.3333333333333333,5050,-270.40296119011947,-0.06578904324844692,0.5138286204945854,0.5514421740655013,0.31598110976938243
paper_max_T300,A,1.0471975511965976,0.3333333333333333,5051,-270.4565057938855,-0.06578916375055094,0.5400228082488424,0.5564225381867455,0.0
paper_max_T300,A,1.0471975511965976,0.3333333333333333,5052,-270.5100518075407,-0.06578951350364226,0.5138307120296549,0.5514436952671453,0.31598270803327183
paper_max_T300,A,1.0471975511965976,0.3333333333333333,5053,-270.56359860193345,-0.06579001097031184,0.5400233830034259,0.5564229154918553,0.0
paper_max_T300,A,1.0471975511965976,0.3333333333333333,5054,-270.6171449298429,-0.06579039734626468,0.51383037090713,0.551443448339723,0.3159824467476952
paper_max_T300,A,1.0471975511965976,0.3333333333333333,5055,-270.6706898946635,-0.06579064391357592,0.540023084560701,0.5564227206162539,0.0
paper_max_T300,A,1.0471975511965976,0.3333333333333333,5056,-270.724233494704,-0.06579054764847853,0.5138308899756071,0.5514438254704745,0.31598284361907025
paper_max_T300,A,1.0471975511965976,0.3333333333333333,5057,-270.7777766517948,-0.06579053329317713,0.5400244093894634,0.556423587262158,0.0
paper_max_T300,A,1.0471975511965976,0.3333333333333333,5058,-270.8313202714904,-0.0657903261262372,0.5138326782319445,0.5514451259507492,0.3159842102029634
paper_max_T300,A,1.0471975511965976,0.3333333333333333,5059,-270.8848651863965,-0.06579060597200487,0.5400252877497195,0.5564241634620571,0.0
paper_max_T300,A,1.0471975511965976,0.3333333333333333,5060,-270.93841076460717,-0.06579070519274,0.5138321445481115,0.5514447401852574,0.3159838011279972
paper_max_T300,A,1.0471975511965976,0.3333333333333333,5061,-270.9919563304714,-0.06579109789077864,0.5400235513931696,0.5564230294677371,0.0
paper_max_T300,A,1.0471975511965976,0.3333333333333333,5062,-271.0455007501067,-0.06579104869796515,0.5138296007391874,0.5514428922773915,0.31598185606925056
paper_max_T300,A,1.0471975511965976,0.3333333333333333,5063,-271.09904383294605,-0.06579097811402429,0.5400217647913117,0.5564218607716922,0.0
paper_max_T300,A,1.0471975511965976,0.3333333333333333,5064,-271.152585937875,-0.06579049393533537,0.5138286889611313,0.5514422291865116,0.31598115927408266
paper_max_T300,A,1.0471975511965976,0.3333333333333333,5065,-271.20612815260654,-0.0657902243340423,0.5400217224640591,0.5564218329594697,0.0
paper_max_T300,A,1.0471975511965976,0.3333333333333333,5066,-271.2596710810292,-0.06578987579299617,0.5138285936518294,0.5514421605241101,0.315981086099408
paper_max_T300,A,1.0471975511965976,0.3333333333333333,5067,-271.3132151525396,-0.06578991131753031,0.5400207780945437,0.5564212163525034,0.0
paper_max_T300,A,1.0471975511965976,0.3333333333333333,5068,-271.36675969661235,-0.06578993182304943,0.5138262445562268,0.5514404541822995,0.31597928986237256
paper_max_T300,A,1.0471975511965976,0.3333333333333333,5069,-271.420303914359,-0.0657899135187362,0.5400180860554362,0.5564194555146852,0.0
paper_max_T300,A,1.0471975511965976,0.3333333333333333,5070,-271.47384718285934,-0.06578975754013894,0.5138235688369425,0.5514385085299066,0.31597724492602863
paper_max_T300,A,1.0471975511965976,0.3333333333333333,5071,-271.52738932160196,-0.0657892977721255,0.5400168774180518,0.5564186632403145,0.0
paper_max_T300,A,1.0471975511965976,0.3333333333333333,5072,-271.58093112380703,-0.06578891821898464,0.5138236730213767,0.5514385826258857,0.31597732542448365
paper_max_T300,A,1.0471975511965976,0.3333333333333333,5073,-271.63447346349005,-0.06578851803561225,0.5400176814556664,0.5564191882343029,0.0
paper_max_T300,A,1.0471975511965976,0.3333333333333333,5074,-271.6880171085294,-0.0657885240659809,0.5138243552754,0.5514390782243013,0.31597784711598853
paper_max_T300,A,1.0471975511965976,0.3333333333333333,5075,-271.74156194874195,-0.0657885348699454,0.5400174533430969,0.5564190390378536,0.0
paper_max_T300,A,1.0471975511965976,0.3333333333333333,5076,-271.79510735461054,-0.06578887471761952,0.5138232560479431,0.5514382789567454,0.31597700699701464
paper_max_T300,A,1.0471975511965976,0.3333333333333333,5077,-271.8486520634334,-0.06578879465381676,0.5400164909199846,0.5564184083324285,0.0
paper_max_T300,A,1.0471975511965976,0.3333333333333333,5078,-271.90219581607323,-0.06578887600242483,0.5138231965445486,0.5514382339107189,0.31597696245599893
paper_max_T300,A,1.0471975511965976,0.3333333333333333,5079,-271.955738593333,-0.0657885276597504,0.5400177991258754,0.5564192622342361,0.0
paper_max_T300,A,1.0471975511965976,0.3333333333333333,5080,-272.0092816427302,-0.0657885067899171,0.5138258738076353,0.5514401784391036,0.31597900975352744
paper_max_T300,A,1.0471975511965976,0.3333333333333333,5081,-272.06282583592576,-0.06578847839648722,0.5400203140254077,0.556420906974415,0.0
paper_max_T300,A,1.0471975511965976,0.3333333333333333,5082,-272.11637157865823,-0.06578886672641782,0.513827888015268,0.5514416427747608,0.3159805492584944
paper_max_T300,A,1.0471975511965976,0.3333333333333333,5083,-272.1699181623693,-0.06578923450511276,0.5400210074691278,0.556421361175953,0.0
paper_max_T300,A,1.0471975511965976,0.3333333333333333,5084,-272.22346450786586,-0.06578970179899479,0.5138279219889889,0.5514416677144661,0.3159805750963257
paper_max_T300,A,1.0471975511965976,0.3333333333333333,5085,-272.27700953827457,-0.0657898597370119,0.5400212391617724,0.5564215124019768,0.0
paper_max_T300,A,1.0471975511965976,0.3333333333333333,5086,-272.33055335666745,-0.06578989261075019,0.5138292187634773,0.5514426095276255,0.3159815667711944
paper_max_T300,A,1.0471975511965976,0.3333333333333333,5087,-272.38409674717354,-0.06578986542589249,0.54002334155919,0.5564228872810721,0.0
paper_max_T300,A,1.0471975511965976,0.3333333333333333,5088,-272.43764077953983,-0.06578983172370578,0.5138319397446156,0.5514445875746603,0.31598364654565114
paper_max_T300,A,1.0471975511965976,0.3333333333333333,5089,-272.49118620328704,-0.06579016747531197,0.5400250630464744,0.5564240147212092,0.0
paper_max_T300,A,1.0471975511965976,0.3333333333333333,5090,-272.544732446573,-0.06579044032509418,0.5138323918432692,0.5514449180675124,0.31598399113821873
paper_max_T300,A,1.0471975511965976,0.3333333333333333,5091,-272.5982786656605,-0.06579092922335583,0.5400242245944705,0.5564234679820984,0.0
paper_max_T300,A,1.0471975511965976,0.3333333333333333,5092,-272.65182369224766,-0.06579102009496429,0.5138308839231807,0.5514438231096926,0.31598283791982995
paper_max_T300,A,1.0471975511965976,0.3333333333333333,5093,-272.70536730871225,-0.0657910858031504,0.5400233175725301,0.5564228749049885,0.0
paper_max_T300,A,1.0471975511965976,0.3333333333333333,5094,-272.75890993135744,-0.06579071094746336,0.5138308589116171,0.5514438048960741,0.3159828188090134
paper_max_T300,A,1.0471975511965976,0.3333333333333333,5095,-272.8124527558794,-0.0657906166083222,0.5400238980185568,0.5564232549348083,0.0
paper_max_T300,A,1.0471975511965976,0.3333333333333333,5096,-272.8659963048452,-0.06579033650682536,0.5138312573553292,0.55144409562883,0.31598312278570695
paper_max_T300,A,1.0471975511965976,0.3333333333333333,5097,-272.91954098037525,-0.06579054502056586,0.5400232076722445,0.5564228050662473,0.0
paper_max_T300,A,1.0471975511965976,0.3333333333333333,5098,-272.97308587870833,-0.06579056046504522,0.5138290229291609,0.5514424732629204,0.31598141387581785
paper_max_T300,A,1.0471975511965976,0.3333333333333333,5099,-273.0266302742246,-0.06579067481244227,0.5400204884327136,0.5564210271123928,0.0
paper_max_T300,A,1.0471975511965976,0.3333333333333333,5100,-273.08017348356276,-0.06579044108582499,0.5138261710797368,0.5514404002747789,0.31597923395036787
paper_max_T300,A,1.0471975511965976,0.3333333333333333,5101,-273.13371559449007,-0.06579007528168357,0.5400189753100528,0.5564200363101763,0.0
paper_max_T300,A,1.0471975511965976,0.3333333333333333,5102,-273.18725731390106,-0.06578957929997709,0.5138257291527198,0.5514400780828295,0.31597889664308976
paper_max_T300,A,1.0471975511965976,0.3333333333333333,5103,-273.240799613347,-0.06578923127914837,0.5400191180085175,0.5564201292542605,0.0
paper_max_T300,A,1.0471975511965976,0.3333333333333333,5104,-273.29434300452516,-0.06578909336602007,0.5138254899935862,0.5514399044995851,0.31597871371157976
paper_max_T300,A,1.0471975511965976,0.3333333333333333,5105,-273.3478874257668,-0.06578908532172767,0.5400179899127215,0.5564193917416189,0.0
paper_max_T300,A,1.0471975511965976,0.3333333333333333,5106,-273.40143218087235,-0.06578925159164001,0.5138233431601805,0.5514383440738129,0.31597707264504715
paper_max_T300,A,1.0471975511965976,0.3333333333333333,5107,-273.4549762166109,-0.06578907925298993,0.5400161298871791,0.5564181739641283,0.0
paper_max_T300,A,1.0471975511965976,0.3333333333333333,5108,-273.5085193230114,-0.0657889911519321,0.5138223102131404,0.5514375914946082,0.3159762839778718
paper_max_T300,A,1.0471975511965976,0.3333333333333333,5109,-273.56206154816834,-0.06578851307151146,0.5400166159391033,0.5564184899277016,0.0
paper_max_T300,A,1.0471975511965976,0.3333333333333333,5110,-273.61560406500973,-0.0657883702805857,0.5138240899263484,0.5514388834892168,0.3159776452592112
paper_max_T300,A,1.0471975511965976,0.3333333333333333,5111,-273.66914767168623,-0.06578819282973392,0.5400183926611579,0.556419651522156,0.0
paper_max_T300,A,1.0471975511965976,0.3333333333333333,5112,-273.72269281976713,-0.0657885096036766,0.5138253798351404,0.5514398209782897,0.3159786313162573
paper_max_T300,A,1.0471975511965976,0.3333333333333333,5113,-273.77623880493024,-0.06578870653807684,0.5400186074945654,0.5564197920760574,0.0
paper_max_T300,A,1.0471975511965976,0.3333333333333333,5114,-273.8297847233835,-0.06578914554116205,0.5138251012042166,0.5514396180353032,0.31597841853807074
paper_max_T300,A,1.0471975511965976,0.3333333333333333,5115,-273.88332941493906,-0.06578913931567654,0.5400187753392487,0.5564199008171722,0.0
paper_max_T300,A,1.0471975511965976,0.3333333333333333,5116,-273.93687307960573,-0.06578920861575033,0.5138265368920626,0.5514406601374007,0.31597951675717484
paper_max_T300,A,1.0471975511965976,0.3333333333333333,5117,-273.9904163340899,-0.06578906870838835,0.5400211444040766,0.556421449540361,0.0
paper_max_T300,A,1.0471975511965976,0.3333333333333333,5118,-274.0439603942671,-0.06578914418539028,0.5138296909123556,0.5514429523372758,0.31598192787600066
paper_max_T300,A,1.0471975511965976,0.3333333333333333,5119,-274.0975059046026,-0.06578942466880111,0.540023356424802,0.5564228972859946,0.0
paper_max_T300,A,1.0471975511965976,0.3333333333333333,5120,-274.15105245980396,-0.06578984387565556,0.5138308423400866,0.5514437905270448,0.3159828073559345
paper_max_T300,A,1.0471975511965976,0.3333333333333333,5121,-274.2045990451633,-0.06579032255293926,0.5400232716059546,0.5564228430008956,0.0
paper_max_T300,A,1.0471975511965976,0.3333333333333333,5122,-274.2581445499096,-0.06579056789669657,0.5138303335021913,0.5514434213115429,0.31598241807591976
paper_max_T300,A,1.0471975511965976,0.3333333333333333,5123,-274.31168860901374,-0.06579068358298151,0.540023323019379,0.5564228766706466,0.0
paper_max_T300,A,1.0471975511965976,0.3333333333333333,5124,-274.3652317420257,-0.0657904721684926,0.5138314083875568,0.5514442024472004,0.31598323980423926
paper_max_T300,A,1.0471975511965976,0.3333333333333333,5125,-274.41877514750485,-0.06579049802906617,0.5400248166728613,0.556423854137786,0.0
paper_max_T300,A,1.0471975511965976,0.3333333333333333,5126,-274.4723193998987,-0.06579037170990121,0.5138327377940224,0.5514451699590339,0.3159842553538107
paper_max_T300,A,1.0471975511965976,0.3333333333333333,5127,-274.5258648279083,-0.06579073651602318,0.5400248469063853,0.5564238758489504,0.0
paper_max_T300,A,1.0471975511965976,0.3333333333333333,5128,-274.57941038814613,-0.06579085175290872,0.5138312222339305,0.5514440704007317,0.3159830957917916
paper_max_T300,A,1.0471975511965976,0.3333333333333333,5129,-274.63295530722553,-0.06579112355995403,0.5400226777122956,0.5564224581592478,0.0
paper_max_T300,A,1.0471975511965976,0.3333333333333333,5130,-274.6864988445492,-0.06579092284018462,0.5138288769392916,0.5514423661330294,0.31598130281162706
paper_max_T300,A,1.0471975511965976,0.3333333333333333,5131,-274.74004127735424,-0.06579071411027426,0.5400214632009958,0.5564216633228893,0.0
paper_max_T300,A,1.0471975511965976,0.3333333333333333,5132,-274.7935832796545,-0.06579020269637903,0.5138285528653808,0.5514421302694661,0.31598105523569175
paper_max_T300,A,1.0471975511965976,0.3333333333333333,5133,-274.84712593939184,-0.06578999854170275,0.5400214917275724,0.5564216822450548,0.0
paper_max_T300,A,1.0471975511965976,0.3333333333333333,5134,-274.9006695148362,-0.06578979311094535,0.5138279509599866,0.5514416937180954,0.31598059464865735
paper_max_T300,A,1.0471975511965976,0.3333333333333333,5135,-274.95421396607827,-0.06578987371454492,0.5400198837336279,0.556420631455953,0.0
paper_max_T300,A,1.0471975511965976,0.3333333333333333,5136,-275.00775843032477,-0.06578990822605091,0.5138251342441548,0.5514396469990984,0.31597844120560337
paper_max_T300,A,1.0471975511965976,0.3333333333333333,5137,-275.06130208320565,-0.06578975295571765,0.5400173584700589,0.5564189790110163,0.0
paper_max_T300,A,1.0471975511965976,0.3333333333333333,5138,-275.11484471670394,-0.0657894976109561,0.5138232669892511,0.5514382884412522,0.31597701455004124
paper_max_T300,A,1.0471975511965976,0.3333333333333333,5139,-275.16838656648713,-0.06578898572838332,0.5400170311558388,0.5564187632113694,0.0
paper_max_T300,A,1.0471975511965976,0.3333333333333333,5140,-275.2219286608397,-0.06578868268385396,0.5138240304007348,0.5514388420194033,0.31597759880716236
paper_max_T300,A,1.0471975511965976,0.3333333333333333,5141,-275.2754717856198,-0.06578842452700406,0.5400178574778963,0.5564193032470445,0.0
paper_max_T300,A,1.0471975511965976,0.3333333333333333,5142,-275.3290162900907,-0.06578859562990913,0.5138242417650949,0.5514389956124127,0.31597776040064507
paper_max_T300,A,1.0471975511965976,0.3333333333333333,5143,-275.3825615449583,-0.06578865338091533,0.540017193253159,0.5564188686027485,0.0
paper_max_T300,A,1.0471975511965976,0.3333333333333333,5144,-275.43610676083557,-0.0657889652848388,0.5138231091939994,0.5514381716836226,0.315976895015879
paper_max_T300,A,1.0471975511965976,0.3333333333333333,5145,-275.4896508381303,-0.06578878637815166,0.5400167599989636,0.5564185836769243,0.0
paper_max_T300,A,1.0471975511965976,0.3333333333333333,5146,-275.54319403832284,-0.06578878272915917,0.5138240250274921,0.5514388354560917,0.3159775960966113
paper_max_T300,A,1.0471975511965976,0.3333333333333333,5147,-275.5967368606446,-0.06578848212932042,0.5400187939341067,0.5564199126723783,0.0
paper_max_T300,A,1.0471975511965976,0.3333333333333333,5148,-275.6502805799868,-0.06578856110621284,0.513826929232187,0.5514409455415604,0.3159798165450866
paper_max_T300,A,1.0471975511965976,0.3333333333333333,5149,-275.703825746696,-0.06578870483987043,0.5400209181639923,0.5564213023905913,0.0
paper_max_T300,A,1.0471975511965976,0.3333333333333333,5150,-275.7573721426324,-0.06578918280136725,0.5138281725691135,0.5514418498368815,0.3159807666459822
paper_max_T300,A,1.0471975511965976,0.3333333333333333,5151,-275.810918644758,-0.06578954823592198,0.5400211133386416,0.5564214305233413,0.0
paper_max_T300,A,1.0471975511965976,0.3333333333333333,5152,-275.86446427283323,-0.06578989155922116,0.5138282116567063,0.5514418781689265,0.3159807965734937
paper_max_T300,A,1.0471975511965976,0.3333333333333333,5153,-275.9180084736629,-0.0657899475432494,0.5400218147294911,0.5564218888073499,0.0
paper_max_T300,A,1.0471975511965976,0.3333333333333333,5154,-275.9715518848345,-0.06578988200424313,0.513830149453204,0.5514432860287417,0.31598227818229374
paper_max_T300,A,1.0471975511965976,0.3333333333333333,5155,-276.02509561025227,-0.06578992612188639,0.5400241206320437,0.5564233972806802,0.0
paper_max_T300,A,1.0471975511965976,0.3333333333333333,5156,-276.07864037448167,-0.06578997639048356,0.5138324235948752,0.5514449399076439,0.31598401605996684
paper_max_T300,A,1.0471975511965976,0.3333333333333333,5157,-276.13218640032204,-0.0657904169476165,0.5400249966408115,0.5564239720304847,0.0
paper_max_T300,A,1.0471975511965976,0.3333333333333333,5158,-276.1857326422567,-0.06579069211586164,0.5138318926937041,0.5514445558889617,0.3159836092574426
paper_max_T300,A,1.0471975511965976,0.3333333333333333,5159,-276.2392781776534,-0.06579107424116454,0.5400237103837386,0.5564231319376939,0.0
paper_max_T300,A,1.0471975511965976,0.3333333333333333,5160,-276.2928222523442,-0.06579099654026593,0.5138305299160587,0.5514435659074052,0.3159825672556634
paper_max_T300,A,1.0471975511965976,0.3333333333333333,5161,-276.3463651963358,-0.06579093786938883,0.5400232840341053,0.5564228530197335,0.0
paper_max_T300,A,1.0471975511965976,0.3333333333333333,5162,-276.3999077282667,-0.06579051806000069,0.5138309412881025,0.5514438650117008,0.3159828816461284
paper_max_T300,A,1.0471975511965976,0.3333333333333333,5163,-276.45345101707466,-0.0657904908756285,0.5400237785440076,0.556423177256817,0.0
paper_max_T300,A,1.0471975511965976,0.3333333333333333,5164,-276.50699515767565,-0.06579032633305604,0.5138306555377353,0.551443658807113,0.3159826624340608
paper_max_T300,A,1.0471975511965976,0.3333333333333333,5165,-276.56054007508766,-0.06579056413859552,0.5400222853783239,0.5564222021843341,0.0
paper_max_T300,A,1.0471975511965976,0.3333333333333333,5166,-276.61408470895475,-0.0657905622011723,0.5138278164471209,0.5514415964674728,0.315980491557435
paper_max_T300,A,1.0471975511965976,0.3333333333333333,5167,-276.66762839635425,-0.06579051941381697,0.540019619079754,0.5564204581431528,0.0
paper_max_T300,A,1.0471975511965976,0.3333333333333333,5168,-276.7211709064304,-0.0657901665757592,0.5138256358721048,0.5514400108282438,0.31597882505289243
paper_max_T300,A,1.0471975511965976,0.3333333333333333,5169,-276.77471271690865,-0.06578972977440622,0.5400188558700406,0.5564199577962322,0.0
paper_max_T300,A,1.0471975511965976,0.3333333333333333,5170,-276.8282547009086,-0.06578930036033648,0.5138257054000788,0.5514400606562957,0.3159788785751315
paper_max_T300,A,1.0471975511965976,0.3333333333333333,5171,-276.881797681713,-0.0657890678669949,0.5400189140773375,0.5564199958693317,0.0
paper_max_T300,A,1.0471975511965976,0.3333333333333333,5172,-276.935341784933,-0.06578908610874673,0.51382492328216,0.551439492587659,0.31597828051110866
paper_max_T300,A,1.0471975511965976,0.3333333333333333,5173,-276.98888648347537,-0.06578909416773338,0.5400173358912962,0.5564189636434991,0.0
paper_max_T300,A,1.0471975511965976,0.3333333333333333,5174,-277.0424310021296,-0.06578923255571739,0.5138227718962445,0.5514379282986368,0.31597663624926275
paper_max_T300,A,1.0471975511965976,0.3333333333333333,5175,-277.09597443331455,-0.06578894204345609,0.5400160502707152,0.5564181211185896,0.0
paper_max_T300,A,1.0471975511965976,0.3333333333333333,5176,-277.1495170536034,-0.06578878665898502,0.5138227708134461,0.5514379255406976,0.31597663645818447
paper_max_T300,A,1.0471975511965976,0.3333333333333333,5177,-277.20305934988875,-0.06578834908350539,0.5400173143983762,0.5564189463635459,0.0
paper_max_T300,A,1.0471975511965976,0.3333333333333333,5178,-277.2566025352212,-0.06578833045644333,0.5138248533997964,0.5514394382095082,0.31597822897749916
paper_max_T300,A,1.0471975511965976,0.3333333333333333,5179,-277.3101471026248,-0.06578831984800709,0.5400187978103754,0.5564199165356644,0.0
paper_max_T300,A,1.0471975511965976,0.3333333333333333,5180,-277.36369294991914,-0.06578874695854425,0.5138255262898744,0.551439927383543,0.31597874328499564
paper_max_T300,A,1.0471975511965976,0.3333333333333333,5181,-277.41723894924536,-0.06578894340812497,0.5400186792952761,0.5564198388256771,0.0
paper_max_T300,A,1.0471975511965976,0.3333333333333333,5182,-277.47078427626707,-0.06578928270764228,0.5138254488671422,0.5514398703400832,0.31597868450475974
paper_max_T300,A,1.0471975511965976,0.3333333333333333,5183,-277.52432824380594,-0.06578919342214828,0.5400194736052137,0.5564203572178836,0.0
paper_max_T300,A,1.0471975511965976,0.3333333333333333,5184,-277.5778715823432,-0.0657891934631169,0.5138276708396432,0.5514414841256501,0.31598038367603065
paper_max_T300,A,1.0471975511965976,0.3333333333333333,5185,-277.631415250182,-0.06578915152126291,0.5400221483838044,0.5564221064457768,0.0
paper_max_T300,A,1.0471975511965976,0.3333333333333333,5186,-277.68496014409135,-0.06578932994612835,0.5138304808200381,0.5514435269033086,0.31598253146076377
paper_max_T300,A,1.0471975511965976,0.3333333333333333,5187,-277.7385063783669,-0.06578973724716647,0.5400236065747376,0.5564230614743988,0.0
paper_max_T300,A,1.0471975511965976,0.3333333333333333,5188,-277.79205302984167,-0.06579016264159387,0.513830755156459,0.5514437276201027,0.3159827404706017
paper_max_T300,A,1.0471975511965976,0.3333333333333333,5189,-277.8455989880945,-0.06579055735909917,0.5400231546405468,0.5564227667336541,0.0
paper_max_T300,A,1.0471975511965976,0.3333333333333333,5190,-277.89914354794206,-0.0657906338815255,0.513830444658085,0.5514435021825397,0.31598250300632047
paper_max_T300,A,1.0471975511965976,0.3333333333333333,5191,-277.9526869547155,-0.06579065253985872,0.5400236846594115,0.5564231133466566,0.0
paper_max_T300,A,1.0471975511965976,0.3333333333333333,5192,-278.0062300391693,-0.06579039169570494,0.5138318982627756,0.5514445588320062,0.31598361409533243
paper_max_T300,A,1.0471975511965976,0.3333333333333333,5193,-278.0597739793268,-0.06579050285489352,0.5400250086906004,0.5564239803457665,0.0
paper_max_T300,A,1.0471975511965976,0.3333333333333333,5194,-278.11331884620563,-0.06579047255406628,0.5138324350710028,0.5514449506865395,0.31598402355002075
paper_max_T300,A,1.0471975511965976,0.3333333333333333,5195,-278.1668644680147,-0.06579086833611125,0.5400241428928457,0.5564234159586631,0.0
paper_max_T300,A,1.0471975511965976,0.3333333333333333,5196,-278.2204096353719,-0.06579093690902393,0.5138302104065281,0.5514433353259621,0.3159823221484586
paper_max_T300,A,1.0471975511965976,0.3333333333333333,5197,-278.27395372127626,-0.06579104755476428,0.5400219230924053,0.5564219645187981,0.0
paper_max_T300,A,1.0471975511965976,0.3333333333333333,5198,-278.3274964796703,-0.06579070365293316,0.513828389906268,0.5514420119880877,0.3159809305887812
paper_max_T300,A,1.0471975511965976,0.3333333333333333,5199,-278.38103859847456,-0.06579041715331335,0.5400213015471494,0.5564215574754664,0.0
paper_max_T300,A,1.0471975511965976,0.3333333333333333,5200,-278.4345808496856,-0.0657899518395692,0.5138283824275982,0.5514420065115294,0.31598092488634955
paper_max_T300,A,1.0471975511965976,0.3333333333333333,5201,-278.4881241109475,-0.06578984316931169,0.5400210830093631,0.5564214151602946,0.0
paper_max_T300,A,1.0471975511965976,0.3333333333333333,5202,-278.54166823932115,-0.06578977003344288,0.5138270874148806,0.551441066302301,0.31597993441735406
paper_max_T300,A,1.0471975511965976,0.3333333333333333,5203,-278.59521278088596,-0.06578983627182683,0.5400189309619773,0.5564200081321089,0.0
paper_max_T300,A,1.0471975511965976,0.3333333333333333,5204,-278.64875687897455,-0.06578982598347183,0.5138241938893202,0.5514389631172856,0.31597772258557766
paper_max_T300,A,1.0471975511965976,0.3333333333333333,5205,-278.70229988321177,-0.06578952731240817,0.5400169306247484,0.5564186984710605,0.0
paper_max_T300,A,1.0471975511965976,0.3333333333333333,5206,-278.7558420499964,-0.06578920534586175,0.5138233053693275,0.5514383156786614,0.31597704423469625
paper_max_T300,A,1.0471975511965976,0.3333333333333333,5207,-278.809383968106,-0.065788714957777,0.5400173394484142,0.5564189644427088,0.0
paper_max_T300,A,1.0471975511965976,0.3333333333333333,5208,-278.8629266840207,-0.06578854540454854,0.5138243472360832,0.5514390720952741,0.31597784111662497
paper_max_T300,A,1.0471975511965976,0.3333333333333333,5209,-278.9164706772805,-0.06578843302894594,0.5400178902010697,0.556419324559119,0.0
paper_max_T300,A,1.0471975511965976,0.3333333333333333,5210,-278.97001583056493,-0.06578872475118114,0.5138240173182429,0.551438832291773,0.3159775889209192
paper_max_T300,A,1.0471975511965976,0.3333333333333333,5211,-279.02356111305994,-0.06578876665993405,0.5400170012876141,0.5564187426004952,0.0
paper_max_T300,A,1.0471975511965976,0.3333333333333333,5212,-279.0771058270034,-0.06578899883942413,0.5138232344160505,0.5514382620786986,0.31597699106343097
paper_max_T300,A,1.0471975511965976,0.3333333333333333,5213,-279.1306492764021,-0.06578873917633632,0.540017325430492,0.5564189529378303,0.0
paper_max_T300,A,1.0471975511965976,0.3333333333333333,5214,-279.18419222873445,-0.065788697393305,0.5138250726843904,0.5514395964791151,0.3159783971852607
paper_max_T300,A,1.0471975511965976,0.3333333333333333,5215,-279.23773551005877,-0.06578850744301151,0.540019777862895,0.5564205562122327,0.0
paper_max_T300,A,1.0471975511965976,0.3333333333333333,5216,-279.2912801258277,-0.06578871626317473,0.5138277684804277,0.5514415556925774,0.3159804579937298
paper_max_T300,A,1.0471975511965976,0.3333333333333333,5217,-279.34482611134683,-0.06578899977215669,0.5400212855434418,0.5564215429736796,0.0
paper_max_T300,A,1.0471975511965976,0.3333333333333333,5218,-279.39837272748366,-0.06578950102103637,0.513828308862462,0.5514419490738083,0.3159808707378682
paper_max_T300,A,1.0471975511965976,0.3333333333333333,5219,-279.4519187176776,-0.06578980265332679,0.5400212661619517,0.5564215304960733,0.0
paper_max_T300,A,1.0471975511965976,0.3333333333333333,5220,-279.5054634789119,-0.06578999354529186,0.5138286918470074,0.5514422270722431,0.31598116370484447
paper_max_T300,A,1.0471975511965976,0.3333333333333333,5221,-279.55900708959484,-0.06578998352386378,0.5400225326018906,0.5564223583922958,0.0
paper_max_T300,A,1.0471975511965976,0.3333333333333333,5222,-279.61255051936354,-0.06578988136733299,0.5138310567210844,0.5514439456936249,0.3159829715874787
paper_max_T300,A,1.0471975511965976,0.3333333333333333,5223,-279.66609487884546,-0.0657900382757387,0.5400246804554527,0.556423764034638,0.0
paper_max_T300,A,1.0471975511965976,0.3333333333333333,5224,-279.7196403460286,-0.06579018073240395,0.5138325361454155,0.5514450224433548,0.3159841017093744
paper_max_T300,A,1.0471975511965976,0.3333333333333333,5225,-279.77318661402364,-0.0657906681354612,0.5400246551716428,0.5564237493287639,0.0
paper_max_T300,A,1.0471975511965976,0.3333333333333333,5226,-279.826732430015,-0.06579087973628606,0.5138312809415412,0.5514441116869262,0.315983141396178
paper_max_T300,A,1.0471975511965976,0.3333333333333333,5227,-279.8802770720059,-0.06579111376464475,0.5400232810657624,0.5564228512542041,0.0
paper_max_T300,A,1.0471975511965976,0.3333333333333333,5228,-279.9338203132844,-0.06579087589486066,0.5138303556261699,0.5514434392708046,0.3159824339981907
paper_max_T300,A,1.0471975511965976,0.3333333333333333,5229,-279.987362949217,-0.06579074984259786,0.540023327574378,0.5564228816302457,0.0
paper_max_T300,A,1.0471975511965976,0.3333333333333333,5230,-280.04090574684403,-0.06579035611913642,0.5138309123966123,0.5514438443842039,0.3159828593624984
paper_max_T300,A,1.0471975511965976,0.3333333333333333,5231,-280.0944496168872,-0.06579041929825075,0.5400234166607907,0.5564229410695147,0.0
paper_max_T300,A,1.0471975511965976,0.3333333333333333,5232,-280.1479941968366,-0.06579035729046523,0.5138297684745132,0.5514430145734659,0.3159819840812911
paper_max_T300,A,1.0471975511965976,0.3333333333333333,5233,-280.20153903229414,-0.06579056133664868,0.5400212547946202,0.5564215282392854,0.0
paper_max_T300,A,1.0471975511965976,0.3333333333333333,5234,-280.2550831337816,-0.0657904865416365,0.5138267261478344,0.5514408038707028,0.31597965817755613
paper_max_T300,A,1.0471975511965976,0.3333333333333333,5235,-280.30862608126307,-0.06579028066344439,0.5400190011054853,0.5564200534716002,0.0
paper_max_T300,A,1.0471975511965976,0.3333333333333333,5236,-280.36216810366716,-0.06578984663941678,0.5138253857524193,0.5514398286010328,0.31597863408042925
paper_max_T300,A,1.0471975511965976,0.3333333333333333,5237,-280.4157099671385,-0.06578941114587566,0.5400188478972253,0.5564199523255604,0.0
paper_max_T300,A,1.0471975511965976,0.3333333333333333,5238,-280.4692525064897,-0.06578910714435371,0.5138256071731335,0.5514399892123493,0.31597880351938723
paper_max_T300,A,1.0471975511965976,0.3333333333333333,5239,-280.5227962172912,-0.06578899190280896,0.5400185554924904,0.5564197613118477,0.0
paper_max_T300,A,1.0471975511965976,0.3333333333333333,5240,-280.57634083175446,-0.06578912430681372,0.5138242537627071,0.5514390058223955,0.31597776878650163
paper_max_T300,A,1.0471975511965976,0.3333333333333333,5241,-280.6298854738377,-0.06578908880838058,0.5400167704441319,0.5564185933017023,0.0
paper_max_T300,A,1.0471975511965976,0.3333333333333333,5242,-280.68342950453075,-0.06578915380438621,0.513822503327799,0.5514377324060461,0.3159764313083995
paper_max_T300,A,1.0471975511965976,0.3333333333333333,5243,-280.7369723624688,-0.06578876898025288,0.5400162962302104,0.5564182812795408,0.0
paper_max_T300,A,1.0471975511965976,0.3333333333333333,5244,-280.7905147891395,-0.06578859745775506,0.5138234872130291,0.5514384456615089,0.3159771843982368
paper_max_T300,A,1.0471975511965976,0.3333333333333333,5245,-280.8440575462127,-0.0657882657611138,0.5400180416941719,0.5564194218590932,0.0
paper_max_T300,A,1.0471975511965976,0.3333333333333333,5246,-280.8976016248989,-0.06578840050486312,0.513825459245772,0.5514398785027564,0.3159786921241416
paper_max_T300,A,1.0471975511965976,0.3333333333333333,5247,-280.95114703013485,-0.06578852638431626,0.5400190298133577,0.5564200682988202,0.0
paper_max_T300,A,1.0471975511965976,0.3333333333333333,5248,-281.0046931832606,-0.06578899719674614,0.5138256045505709,0.5514399841457909,0.3159788031675398
paper_max_T300,A,1.0471975511965976,0.3333333333333333,5249,-281.05823878716257,-0.06578913742116671,0.5400188669262198,0.5564199612678337,0.0
paper_max_T300,A,1.0471975511965976,0.3333333333333333,5250,-281.11178336252146,-0.06578935012557724,0.513826054921278,0.5514403104483061,0.31597914799453886
paper_max_T300,A,1.0471975511965976,0.3333333333333333,5251,-281.1653268256225,-0.06578921824372386,0.5400203619911931,0.556420938110341,0.0
paper_max_T300,A,1.0471975511965976,0.3333333333333333,5252,-281.21887025721384,-0.06578920829911927,0.5138288248004063,0.551442322872098,0.31598126577819313
paper_max_T300,A,1.0471975511965976,0.3333333333333333,5253,-281.2724146513238,-0.06578930492443569,0.540022966676181,0.556422642076769,0.0
paper_max_T300,A,1.0471975511965976,0.3333333333333333,5254,-281.3259603613416,-0.06578958816345992,0.5138309356578481,0.5514438580292187,0.31598287886092524
paper_max_T300,A,1.0471975511965976,0.3333333333333333,5255,-281.3795069492493,-0.06579006305162799,0.5400236102561328,0.5564230643960486,0.0
paper_max_T300,A,1.0471975511965976,0.3333333333333333,5256,-281.43305323651566,-0.06579042519406542,0.5138305772842002,0.5514435986693816,0.31598260433105874
paper_max_T300,A,1.0471975511965976,0.3333333333333333,5257,-281.48659832460123,-0.06579069567364737,0.5400231258811172,0.556422748054176,0.0
paper_max_T300,A,1.0471975511965976,0.3333333333333333,5258,-281.5401420497544,-0.06579061037219103,0.5138307173870534,0.5514437004813734,0.3159827114472349
paper_max_T300,A,1.0471975511965976,0.3333333333333333,5259,-281.59368518511377,-0.06579058679279348,0.5400240905929319,0.5564233791048201,0.0
paper_max_T300,A,1.0471975511965976,0.3333333333333333,5260,-281.6472285902472,-0.06579034299870223,0.5138322281993573,0.5514447991268373,0.3159838660439306
paper_max_T300,A,1.0471975511965976,0.3333333333333333,5261,-281.70077316125673,-0.06579055615243401,0.540024912569875,0.5564239181551344,0.0
paper_max_T300,A,1.0471975511965976,0.3333333333333333,5262,-281.75431843747947,-0.06579060407896165,0.5138317958793237,0.5514444867987669,0.31598353457693884
paper_max_T300,A,1.0471975511965976,0.3333333333333333,5263,-281.807863877071,-0.06579096358092973,0.5400232846446247,0.5564228549772734,0.0
paper_max_T300,A,1.0471975511965976,0.3333333333333333,5264,-281.86140837002165,-0.06579093069158415,0.5138292565624609,0.5514426421651795,0.315981592946294
paper_max_T300,A,1.0471975511965976,0.3333333333333333,5265,-281.9149516200921,-0.06579087303975706,0.5400213601208902,0.5564215961031465,0.0
paper_max_T300,A,1.0471975511965976,0.3333333333333333,5266,-281.96849385310696,-0.06579042652437472,0.5138281121256034,0.5514418099368541,0.3159807183217803
paper_max_T300,A,1.0471975511965976,0.3333333333333333,5267,-282.0220360194659,-0.06579013083329721,0.5400211840117753,0.556421480599879,0.0
paper_max_T300,A,1.0471975511965976,0.3333333333333333,5268,-282.07557877568433,-0.06578977044264128,0.5138280700570402,0.5514417796859851,0.31598068599461027
paper_max_T300,A,1.0471975511965976,0.3333333333333333,5269,-282.12912263469684,-0.065789754315355,0.5400204743390165,0.5564210172466786,0.0
paper_max_T300,A,1.0471975511965976,0.3333333333333333,5270,-282.182667094718,-0.06578977308866918,0.5138260866715437,0.5514403390013134,0.3159791693926757
paper_max_T300,A,1.0471975511965976,0.3333333333333333,5271,-282.2362114236415,-0.06578976583441726,0.5400180475034507,0.5564194299196363,0.0
paper_max_T300,A,1.0471975511965976,0.3333333333333333,5272,-282.28975496620956,-0.06578967158773463,0.5138235408471507,0.5514384878948695,0.3159772236816906
paper_max_T300,A,1.0471975511965976,0.3333333333333333,5273,-282.34329739818025,-0.06578925676565461,0.5400168179317861,0.5564186240797745,0.0
paper_max_T300,A,1.0471975511965976,0.3333333333333333,5274,-282.39683939272237,-0.06578892453653978,0.5138235939459996,0.551438524882962,0.31597726511666213
paper_max_T300,A,1.0471975511965976,0.3333333333333333,5275,-282.45038173770814,-0.06578852178698791,0.540017682913073,0.5564191888439762,0.0
paper_max_T300,A,1.0471975511965976,0.3333333333333333,5276,-282.50392527861436,-0.06578851602308766,0.5138245325662042,0.5514392066854721,0.3159779828471734
paper_max_T300,A,1.0471975511965976,0.3333333333333333,5277,-282.55747003533315,-0.06578852045668165,0.5400177903950037,0.5564192591414792,0.0
paper_max_T300,A,1.0471975511965976,0.3333333333333333,5278,-282.61101549408403,-0.06578886846396725,0.5138237856589547,0.551438663611078,0.3159774119895167
paper_max_T300,A,1.0471975511965976,0.3333333333333333,5279,-282.6645604436082,-0.0657888448735634,0.5400169839738276,0.5564187307456435,0.0
paper_max_T300,A,1.0471975511965976,0.3333333333333333,5280,-282.7181045112042,-0.06578897471623957,0.5138236827874927,0.5514385873392211,0.3159773341412043
paper_max_T300,A,1.0471975511965976,0.3333333333333333,5281,-282.7716475381724,-0.06578868045114827,0.5400181336825316,0.5564194811722216,0.0
paper_max_T300,A,1.0471975511965976,0.3333333333333333,5282,-282.8251906437164,-0.06578865976658593,0.5138261979939164,0.5514404141552852,0.31597925751844524
paper_max_T300,A,1.0471975511965976,0.3333333333333333,5283,-282.87873470158513,-0.06578862221383619,0.5400206292711367,0.5564211132522316,0.0
paper_max_T300,A,1.0471975511965976,0.3333333333333333,5284,-282.9322802190675,-0.06578895852759431,0.5138283382148476,0.5514419700509479,0.31598089336819757
paper_max_T300,A,1.0471975511965976,0.3333333333333333,5285,-282.9858266737044,-0.0657893239924745,0.5400214659228837,0.5564216612047509,0.0
paper_max_T300,A,1.0471975511965976,0.3333333333333333,5286,-283.0393730430821,-0.06578977695502108,0.5138284158734295,0.5514420269325409,0.3159809524991877
paper_max_T300,A,1.0471975511965976,0.3333333333333333,5287,-283.09291825397594,-0.0657899782852242,0.5400215480495367,0.5564217148361387,0.0
paper_max_T300,A,1.0471975511965976,0.3333333333333333,5288,-283.14646223691915,-0.06579002263527312,0.5138293600478054,0.5514427126679156,0.31598167453141546
paper_max_T300,A,1.0471975511965976,0.3333333333333333,5289,-283.20000563962725,-0.06579000157097126,0.5400233017831999,0.5564228616873408,0.0
paper_max_T300,A,1.0471975511965976,0.3333333333333333,5290,-283.25354947093894,-0.06578992397375788,0.5138317996750964,0.5514444861212248,0.31598353928616796
paper_max_T300,A,1.0471975511965976,0.3333333333333333,5291,-283.3070945610052,-0.06579020578695155,0.540024943107759,0.5564239365109676,0.0
paper_max_T300,A,1.0471975511965976,0.3333333333333333,5292,-283.36064049405866,-0.0657904163782595,0.5138322983226374,0.5514448502967527,0.3159839195407457
paper_max_T300,A,1.0471975511965976,0.3333333333333333,5293,-283.41418657843496,-0.06579088035692238,0.5400241412338167,0.5564234136568293,0.0
paper_max_T300,A,1.0471975511965976,0.3333333333333333,5294,-283.4677316515472,-0.06579097206910106,0.5138306934877716,0.5514436849599764,0.3159826922047293
paper_max_T300,A,1.0471975511965976,0.3333333333333333,5295,-283.5212753997895,-0.06579104974357869,0.540022998590396,0.5564226665174017,0.0
paper_max_T300,A,1.0471975511965976,0.3333333333333333,5296,-283.57481809050137,-0.06579069216656658,0.5138303237967822,0.551443416202832,0.3159824096261199
paper_max_T300,A,1.0471975511965976,0.3333333333333333,5297,-283.6283607962804,-0.06579056257987498,0.5400233487802274,0.5564228957491348,0.0
paper_max_T300,A,1.0471975511965976,0.3333333333333333,5298,-283.6819040932604,-0.06579025101665553,0.5138306669769721,0.5514436664762873,0.31598267151209813
paper_max_T300,A,1.0471975511965976,0.3333333333333333,5299,-283.73544848484585,-0.06579039523411956,0.5400227960961663,0.5564225356386655,0.0
paper_max_T300,A,1.0471975511965976,0.3333333333333333,5300,-283.78899323690575,-0.06579039476435172,0.513828686691728,0.5514422286402247,0.315981156969536
paper_max_T300,A,1.0471975511965976,0.3333333333333333,5301,-283.8425376861493,-0.06579050414513371,0.540020247610397,0.5564208693538946,0.0
paper_max_T300,A,1.0471975511965976,0.3333333333333333,5302,-283.89608111119543,-0.06579032206781105,0.5138258715230347,0.5514401823775327,0.31597900505082466
paper_max_T300,A,1.0471975511965976,0.3333333333333333,5303,-283.9496234452039,-0.06578998096672595,0.5400186520420514,0.5564198246677622,0.0
paper_max_T300,A,1.0471975511965976,0.3333333333333333,5304,-284.00316529076974,-0.06578952647296488,0.5138253367700735,0.5514397926522249,0.31597859681993246
paper_max_T300,A,1.0471975511965976,0.3333333333333333,5305,-284.0567075358539,-0.06578915651536987,0.5400188421092648,0.5564199484143291,0.0
paper_max_T300,A,1.0471975511965976,0.3333333333333333,5306,-284.1102507944551,-0.06578900956470574,0.5138253590795125,0.5514398088945764,0.3159786138730103
paper_max_T300,A,1.0471975511965976,0.3333333333333333,5307,-284.1637951219856,-0.06578898190446753,0.5400180671023607,0.5564194417568367,0.0
paper_max_T300,A,1.0471975511965976,0.3333333333333333,5308,-284.2173399441658,-0.0657891677698984,0.5138235977275921,0.5514385286891347,0.31597726745602595
paper_max_T300,A,1.0471975511965976,0.3333333333333333,5309,-284.2708842308101,-0.06578904376246664,0.5400164066582517,0.5564183547301307,0.0
paper_max_T300,A,1.0471975511965976,0.3333333333333333,5310,-284.3244276705907,-0.0657890190346836,0.5138225921906167,0.5514377962648627,0.315976499619976
paper_max_T300,A,1.0471975511965976,0.3333333333333333,5311,-284.37797016098483,-0.06578859114862234,0.540016817009021,0.5564186213278155,0.0
paper_max_T300,A,1.0471975511965976,0.3333333333333333,5312,-284.43151277156784,-0.06578846510712105,0.5138243233569502,0.5514390530065831,0.3159778237723019
paper_max_T300,A,1.0471975511965976,0.3333333333333333,5313,-284.4850562954511,-0.06578828266519043,0.5400186833416589,0.5564198414905193,0.0
paper_max_T300,A,1.0471975511965976,0.3333333333333333,5314,-284.5386012923111,-0.06578856695368274,0.5138258624070866,0.551440171548898,0.3159790002949501
paper_max_T300,A,1.0471975511965976,0.3333333333333333,5315,-284.59214722598074,-0.06578877446764853,0.5400191425183043,0.5564201419782459,0.0
paper_max_T300,A,1.0471975511965976,0.3333333333333333,5316,-284.6456932448715,-0.06578921786391201,0.5138257319698389,0.5514400765454256,0.31597890067994316
paper_max_T300,A,1.0471975511965976,0.3333333333333333,5317,-284.69923818563103,-0.06578927132758944,0.540019245800558,0.5564202087776252,0.0
paper_max_T300,A,1.0471975511965976,0.3333333333333333,5318,-284.7527820772783,-0.0657893640958378,0.5138269062707361,0.5514409289153737,0.31597979895541706
paper_max_T300,A,1.0471975511965976,0.3333333333333333,5319,-284.8063254060251,-0.06578924725003843,0.5400213409357422,0.5564215784167631,0.0
paper_max_T300,A,1.0471975511965976,0.3333333333333333,5320,-284.8598693205819,-0.06578928422660618,0.5138298512207116,0.5514430691304294,0.3159820502713575
paper_max_T300,A,1.0471975511965976,0.3333333333333333,5321,-284.91341455312374,-0.06578952964441093,0.5400235175561434,0.5564230029152013,0.0
paper_max_T300,A,1.0471975511965976,0.3333333333333333,5322,-284.96696083874116,-0.06578988760539362,0.513831071375895,0.5514439572206932,0.31598298231667926
paper_max_T300,A,1.0471975511965976,0.3333333333333333,5323,-285.0205073263954,-0.06579035927927734,0.5400234624022835,0.5564229680901075,0.0
paper_max_T300,A,1.0471975511965976,0.3333333333333333,5324,-285.07405289398815,-0.06579059954566902,0.5138304323000731,0.5514434934915033,0.315982493400997
paper_max_T300,A,1.0471975511965976,0.3333333333333333,5325,-285.12759709348444,-0.0657907381168713,0.540023233341224,0.5564228184240315,0.0
paper_max_T300,A,1.0471975511965976,0.3333333333333333,5326,-285.18114027725517,-0.06579052952984293,0.5138311000578941,0.5514439787537222,0.31598300389288553
paper_max_T300,A,1.0471975511965976,0.3333333333333333,5327,-285.2346835370969,-0.06579052360542659,0.5400244330093901,0.5564236034563298,0.0
paper_max_T300,A,1.0471975511965976,0.3333333333333333,5328,-285.28822749019696,-0.06579034778133008,0.5138322890416519,0.5514448439594711,0.3159839122293274
paper_max_T300,A,1.0471975511965976,0.3333333333333333,5329,-285.3417725887922,-0.06579064716654737,0.5400245116904283,0.5564236566054445,0.0
paper_max_T300,A,1.0471975511965976,0.3333333333333333,5330,-285.3953179508418,-0.06579072915087969,0.5138309103715251,0.5514438437335324,0.31598285739296395
paper_max_T300,A,1.0471975511965976,0.3333333333333333,5331,-285.44886287400146,-0.06579098868571742,0.5400224014332149,0.5564222774370511,0.0
paper_max_T300,A,1.0471975511965976,0.3333333333333333,5332,-285.50240656561317,-0.06579082206381492,0.5138284754632152,0.5514420743759644,0.31598099588751427
paper_max_T300,A,1.0471975511965976,0.3333333333333333,5333,-285.55594914760854,-0.06579062261207502,0.5400210030035891,0.5564213622976938,0.0
paper_max_T300,A,1.0471975511965976,0.3333333333333333,5334,-285.6094911918163,-0.06579013626292002,0.5138279603910478,0.5514416995738741,0.3159806023705968
paper_max_T300,A,1.0471975511965976,0.3333333333333333,5335,-285.6630337132146,-0.06578989115727879,0.5400210075052864,0.5564213652617274,0.0
paper_max_T300,A,1.0471975511965976,0.3333333333333333,5336,-285.71657708948663,-0.06578966720451462,0.5138275524231084,0.551441403698284,0.315980290180897
paper_max_T300,A,1.0471975511965976,0.3333333333333333,5337,-285.77012139691544,-0.065789710662574,0.5400197024503751,0.556420512446816,0.0
paper_max_T300,A,1.0471975511965976,0.3333333333333333,5338,-285.82366589854405,-0.06578976384965401,0.5138250762854928,0.5514396044825955,0.3159783971034724
paper_max_T300,A,1.0471975511965976,0.3333333333333333,5339,-285.877209770124,-0.06578964037950208,0.5400173530567725,0.5564189751567018,0.0
paper_max_T300,A,1.0471975511965976,0.3333333333333333,5340,-285.93075271044506,-0.06578945256152696,0.5138232350514564,0.5514382649822962,0.31597699026404624
paper_max_T300,A,1.0471975511965976,0.3333333333333333,5341,-285.9842947930522,-0.0657889758103225,0.5400169750118857,0.55641872624185,0.0
paper_max_T300,A,1.0471975511965976,0.3333333333333333,5342,-286.0378369713767,-0.06578869861101899,0.51382400630243,0.5514388242093868,0.31597758053810115
paper_max_T300,A,1.0471975511965976,0.3333333333333333,5343,-286.09138002037866,-0.06578842724074346,0.540017958710938,0.5564193691060207,0.0
paper_max_T300,A,1.0471975511965976,0.3333333333333333,5344,-286.1449244134437,-0.06578858213785344,0.5138245553791487,0.551439223177794,0.3159780003299516
paper_max_T300,A,1.0471975511965976,0.3333333333333333,5345,-286.198469665402,-0.06578865131976669,0.5400176215026994,0.5564191484418771,0.0
paper_max_T300,A,1.0471975511965976,0.3333333333333333,5346,-286.2520150407708,-0.06578898761936247,0.5138236691624327,0.5514385785132654,0.3159773231563736
paper_max_T300,A,1.0471975511965976,0.3333333333333333,5347,-286.3055594183115,-0.06578887467170247,0.5400172161412762,0.5564188820470981,0.0
paper_max_T300,A,1.0471975511965976,0.3333333333333333,5348,-286.3591029010885,-0.06578891220308974,0.5138244376830218,0.551439135463515,0.31597791149565513
paper_max_T300,A,1.0471975511965976,0.3333333333333333,5349,-286.4126458564772,-0.0657886451312707,0.5400190826732228,0.5564201016534325,0.0
paper_max_T300,A,1.0471975511965976,0.3333333333333333,5350,-286.46618949981047,-0.06578870047949453,0.5138272530416826,0.5514411809743222,0.31598006402755374
paper_max_T300,A,1.0471975511965976,0.3333333333333333,5351,-286.51973446540734,-0.06578882595338881,0.5400212673823622,0.5564215308954037,0.0
paper_max_T300,A,1.0471975511965976,0.3333333333333333,5352,-286.5732806657432,-0.06578925548076925,0.5138286536835786,0.5514421996211719,0.3159811343679716
paper_max_T300,A,1.0471975511965976,0.3333333333333333,5353,-286.62682713981496,-0.06578963430189999,0.540021549293175,0.5564217159049477,0.0
paper_max_T300,A,1.0471975511965976,0.3333333333333333,5354,-286.68037288487915,-0.0657899790313835,0.5138286057834864,0.5514421649567828,0.3159810976787054
paper_max_T300,A,1.0471975511965976,0.3333333333333333,5355,-286.73391727347814,-0.0657900755518574,0.5400219937950712,0.5564220063573632,0.0
paper_max_T300,A,1.0471975511965976,0.3333333333333333,5356,-286.7874607640086,-0.0657900098157177,0.5138301499170981,0.551443286803803,0.31598227830367526
paper_max_T300,A,1.0471975511965976,0.3333333333333333,5357,-286.84100436703426,-0.06579003579880816,0.5400240046806314,0.5564233217963582,0.0
paper_max_T300,A,1.0471975511965976,0.3333333333333333,5358,-286.894548834736,-0.0657900274486885,0.5138322623690964,0.5514448230017437,0.31598389266840765
paper_max_T300,A,1.0471975511965976,0.3333333333333333,5359,-286.9480945321995,-0.065790413595406,0.5400248879284331,0.556423901111175,0.0
paper_max_T300,A,1.0471975511965976,0.3333333333333333,5360,-287.00164056045276,-0.06579064322427652,0.5138317945845163,0.5514444847692844,0.31598353415907676
paper_max_T300,A,1.0471975511965976,0.3333333333333333,5361,-287.05518608323985,-0.06579101806215842,0.5400235762782468,0.5564230444280727,0.0
paper_max_T300,A,1.0471975511965976,0.3333333333333333,5362,-287.108730275571,-0.06579095736449048,0.5138302337545347,0.5514433509159671,0.31598234072006237
paper_max_T300,A,1.0471975511965976,0.3333333333333333,5363,-287.1622733205172,-0.06579090341214322,0.5400228678555103,0.5564225810116301,0.0
paper_max_T300,A,1.0471975511965976,0.3333333333333333,5364,-287.2158158241407,-0.0657904882041293,0.5138303451693976,0.5514434318906776,0.3159824258776711
paper_max_T300,A,1.0471975511965976,0.3333333333333333,5365,-287.2693588994133,-0.06579040908092737,0.54002324485817,0.5564228281328778,0.0
paper_max_T300,A,1.0471975511965976,0.3333333333333333,5366,-287.3229027652523,-0.0657902085497391,0.5138301472774385,0.5514432892441951,0.31598227398322054
paper_max_T300,A,1.0471975511965976,0.3333333333333333,5367,-287.376447474682,-0.06579039562473965,0.5400219601235777,0.5564219891791506,0.0
paper_max_T300,A,1.0471975511965976,0.3333333333333333,5368,-287.42999209069467,-0.06579040047510698,0.5138275436429718,0.551441397954735,0.3159802831386051
paper_max_T300,A,1.0471975511965976,0.3333333333333333,5369,-287.48353593955534,-0.06579037222336448,0.5400193863177275,0.5564203056854453,0.0
paper_max_T300,A,1.0471975511965976,0.3333333333333333,5370,-287.5370786962552,-0.06579007867447562,0.513825314656216,0.5514397771974283,0.3159785795925216
paper_max_T300,A,1.0471975511965976,0.3333333333333333,5371,-287.5906206699401,-0.06578965678657434,0.5400185304236097,0.5564197446974194,0.0
paper_max_T300,A,1.0471975511965976,0.3333333333333333,5372,-287.6441626815527,-0.06578925035696004,0.5138253718272031,0.5514398179087269,0.31597862373926944
paper_max_T300,A,1.0471975511965976,0.3333333333333333,5373,-287.69770554443016,-0.06578898759454277,0.5400187480987632,0.5564198868821153,0.0
paper_max_T300,A,1.0471975511965976,0.3333333333333333,5374,-287.75124952747456,-0.06578899596748894,0.5138249461464751,0.5514395087446347,0.3159782982286499
paper_max_T300,A,1.0471975511965976,0.3333333333333333,5375,-287.804794226789,-0.06578900486908812,0.5400175246327816,0.5564190866847109,0.0
paper_max_T300,A,1.0471975511965976,0.3333333333333333,5376,-287.8583389251165,-0.06578918097100817,0.5138230867079404,0.5514381567912677,0.31597687706554367
paper_max_T300,A,1.0471975511965976,0.3333333333333333,5377,-287.91188266873274,-0.06578895023501752,0.5400163233538364,0.5564182995597328,0.0
paper_max_T300,A,1.0471975511965976,0.3333333333333333,5378,-287.9654255938012,-0.06578885133688622,0.5138230244631355,0.5514381097739189,0.3159768304178949
paper_max_T300,A,1.0471975511965976,0.3333333333333333,5379,-288.01896804919284,-0.06578844616481311,0.5400175139878457,0.5564190768049305,0.0
paper_max_T300,A,1.0471975511965976,0.3333333333333333,5380,-288.0725112091623,-0.06578842108504657,0.5138251380547749,0.5514396449517173,0.3159784466511252
paper_max_T300,A,1.0471975511965976,0.3333333333333333,5381,-288.1260556399585,-0.06578839985339052,0.5400191656839833,0.5564201570166225,0.0
paper_max_T300,A,1.0471975511965976,0.3333333333333333,5382,-288.1796013696728,-0.0657887979090469,0.5138260840944228,0.551440332693438,0.3159791697432379
paper_max_T300,A,1.0471975511965976,0.3333333333333333,5383,-288.23314741661034,-0.06578902250908686,0.5400192264093949,0.5564201967329444,0.0
paper_max_T300,A,1.0471975511965976,0.3333333333333333,5384,-288.2866929307912,-0.06578937953625585,0.5138260149389801,0.5514402819313443,0.31597911713904153
paper_max_T300,A,1.0471975511965976,0.3333333333333333,5385,-288.340237150009,-0.06578934720013996,0.5400198418462795,0.5564205983770633,0.0
paper_max_T300,A,1.0471975511965976,0.3333333333333333,5386,-288.3937806257103,-0.0657893559025382,0.5138279259644389,0.5514416698776052,0.3159805785273374
paper_max_T300,A,1.0471975511965976,0.3333333333333333,5387,-288.44732422976796,-0.06578931291826184,0.5400222857177394,0.5564221965715777,0.0
paper_max_T300,A,1.0471975511965976,0.3333333333333333,5388,-288.5008688760795,-0.06578943594307674,0.5138306290452554,0.5514436348767042,0.31598264463993875
paper_max_T300,A,1.0471975511965976,0.3333333333333333,5389,-288.5544148298333,-0.065789807385635,0.5400237765143856,0.556423172851837,0.0
paper_max_T300,A,1.0471975511965976,0.3333333333333333,5390,-288.6079612983481,-0.06579018588067254,0.5138309655149728,0.5514438807598344,0.31598290114245475
paper_max_T300,A,1.0471975511965976,0.3333333333333333,5391,-288.6615072703955,-0.06579058878247951,0.5400232744503332,0.5564228454247835,0.0
paper_max_T300,A,1.0471975511965976,0.3333333333333333,5392,-288.71505195238433,-0.06579067320870707,0.5138304087375498,0.5514434764701279,0.3159824753367034
paper_max_T300,A,1.0471975511965976,0.3333333333333333,5393,-288.76859545532784,-0.06579070412599808,0.5400234687122589,0.5564229724774782,0.0
paper_max_T300,A,1.0471975511965976,0.3333333333333333,5394,-288.82213848094483,-0.06579043153533892,0.51383149214445,0.5514442639883197,0.3159833034722892
paper_max_T300,A,1.0471975511965976,0.3333333333333333,5395,-288.87568217002894,-0.06579049188643227,0.5400246041703244,0.556423715919084,0.0
paper_max_T300,A,1.0471975511965976,0.3333333333333333,5396,-288.92922671006284,-0.06579040778691364,0.5138320220183838,0.5514446505433188,0.315983707762846
paper_max_T300,A,1.0471975511965976,0.3333333333333333,5397,-288.98277207688,-0.06579074957694081,0.5400238496717589,0.5564232241370131,0.0
paper_max_T300,A,1.0471975511965976,0.3333333333333333,5398,-289.0363171744139,-0.06579080815120081,0.5138299107582309,0.5514431175292845,0.31598209308990216
paper_max_T300,A,1.0471975511965976,0.3333333333333333,5399,-289.0898613672519,-0.0657909231213955,0.5400216125034785,0.5564217613602308,0.0
paper_max_T300,A,1.0471975511965976,0.3333333333333333,5400,-289.1434043040503,-0.06579062154815618,0.5138279251015381,0.5514416741860688,0.31598057526403445
paper_max_T300,A,1.0471975511965976,0.3333333333333333,5401,-289.1969465058115,-0.06579033270573131,0.5400208094210395,0.5564212355048616,0.0
paper_max_T300,A,1.0471975511965976,0.3333333333333333,5402,-289.2504887024802,-0.06578987631855371,0.5138278224221324,0.5514415993232787,0.3159804968892481
paper_max_T300,A,1.0471975511965976,0.3333333333333333,5403,-289.3040317720534,-0.0657897188077694,0.5400206909061609,0.5564211583522092,0.0
paper_max_T300,A,1.0471975511965976,0.3333333333333333,5404,-289.3575757297513,-0.06578962994248216,0.5138268279995704,0.5514408773578297,0.3159797363190077
paper_max_T300,A,1.0471975511965976,0.3333333333333333,5405,-289.41112023469054,-0.0657896805047854,0.5400188540399545,0.556419957410547,0.0
paper_max_T300,A,1.0471975511965976,0.3333333333333333,5406,-289.46466448961377,-0.06578970961567165,0.5138241967362689,0.5514389648520563,0.3159777249358279
paper_max_T300,A,1.0471975511965976,0.3333333333333333,5407,-289.51820777550085,-0.06578945503336092,0.5400169314929171,0.5564186987819001,0.0
paper_max_T300,A,1.0471975511965976,0.3333333333333333,5408,-289.57175022396075,-0.06578919550166318,0.5138232677127648,0.5514382880854821,0.31597701556522617
paper_max_T300,A,1.0471975511965976,0.3333333333333333,5409,-289.6252922794613,-0.0657887247810851,0.5400173101348144,0.5564189450089869,0.0
paper_max_T300,A,1.0471975511965976,0.3333333333333333,5410,-289.67883497739706,-0.06578856025960167,0.5138244128583855,0.5514391194708075,0.3159778914452587
paper_max_T300,A,1.0471975511965976,0.3333333333333333,5411,-289.7323788595568,-0.06578843274096408,0.5400181052291504,0.5564194648624142,0.0
paper_max_T300,A,1.0471975511965976,0.3333333333333333,5412,-289.7859239471452,-0.06578871341915166,0.5138244489352262,0.5514391456787994,0.3159779190266371
paper_max_T300,A,1.0471975511965976,0.3333333333333333,5413,-289.8394693303108,-0.06578878708303498,0.5400174801846253,0.5564190556699649,0.0
paper_max_T300,A,1.0471975511965976,0.3333333333333333,5414,-289.8930142891295,-0.06578905637667337,0.5138237751674483,0.5514386550491467,0.31597740445696076
paper_max_T300,A,1.0471975511965976,0.3333333333333333,5415,-289.9465580413903,-0.06578886153112062,0.5400177209109397,0.5564192117026837,0.0
paper_max_T300,A,1.0471975511965976,0.3333333333333333,5416,-290.00010118877486,-0.06578884447707661,0.5138254183137281,0.5514398478018891,0.3159786613309779
paper_max_T300,A,1.0471975511965976,0.3333333333333333,5417,-290.0536444707568,-0.0657886659463715,0.5400200461171117,0.556420731788856,0.0
paper_max_T300,A,1.0471975511965976,0.3333333333333333,5418,-290.10718891071457,-0.06578883297910543,0.5138281171719685,0.5514418092026009,0.3159807245013744
paper_max_T300,A,1.0471975511965976,0.3333333333333333,5419,-290.16073469084085,-0.06578909899885699,0.5400216677451938,0.5564217930767461,0.0
paper_max_T300,A,1.0471975511965976,0.3333333333333333,5420,-290.2142811906472,-0.065789563977038,0.5138287887588369,0.5514422980305264,0.3159812374983171
paper_max_T300,A,1.0471975511965976,0.3333333333333333,5421,-290.26782725520866,-0.06578989344884956,0.5400216389056288,0.5564217746004201,0.0
paper_max_T300,A,1.0471975511965976,0.3333333333333333,5422,-290.3213721822356,-0.06579009505815436,0.5138289531890805,0.5514424174045778,0.31598136327669507
paper_max_T300,A,1.0471975511965976,0.3333333333333333,5423,-290.37491592642607,-0.06579011292518244,0.5400225817480222,0.5564223909604078,0.0
paper_max_T300,A,1.0471975511965976,0.3333333333333333,5424,-290.4284593147988,-0.06578999301619909,0.5138309483361615,0.5514438673092042,0.315982888526964
paper_max_T300,A,1.0471975511965976,0.3333333333333333,5425,-290.48200343576366,-0.06579011119259559,0.5400245263401678,0.5564236635129534,0.0
paper_max_T300,A,1.0471975511965976,0.3333333333333333,5426,-290.53554856943333,-0.06579018936250147,0.5138323811558891,0.5514449100055718,0.3159839831189555
paper_max_T300,A,1.0471975511965976,0.3333333333333333,5427,-290.5890945757079,-0.06579063165754073,0.5400245544701934,0.5564236836201872,0.0
paper_max_T300,A,1.0471975511965976,0.3333333333333333,5428,-290.6426402997656,-0.06579081962049638,0.5138311499915271,0.5514440167021236,0.31598304119076187
paper_max_T300,A,1.0471975511965976,0.3333333333333333,5429,-290.69618502271885,-0.06579105938309016,0.5400230706189214,0.556422713814531,0.0
paper_max_T300,A,1.0471975511965976,0.3333333333333333,5430,-290.7497283947308,-0.06579084547705144,0.513829948956796,0.5514431439394487,0.3159821229990771
paper_max_T300,A,1.0471975511965976,0.3333333333333333,5431,-290.8032710535013,-0.06579070946507237,0.5400228397905084,0.5564225627135463,0.0
paper_max_T300,A,1.0471975511965976,0.3333333333333333,5432,-290.85681372023095,-0.06579030498987015,0.5138303056987241,0.5514434034696538,0.3159823955620713
paper_max_T300,A,1.0471975511965976,0.3333333333333333,5433,-290.91035732403003,-0.06579030709698208,0.5400229383615213,0.5564226280748303,0.0
paper_max_T300,A,1.0471975511965976,0.3333333333333333,5434,-290.96390166569563,-0.06579021436334637,0.5138293592077894,0.5514427168972592,0.31598167133672295
paper_max_T300,A,1.0471975511965976,0.3333333333333333,5435,-291.01744640743806,-0.06579038823223587,0.5400210016563156,0.5564213623995549,0.0
paper_max_T300,A,1.0471975511965976,0.3333333333333333,5436,-291.0709906143627,-0.06579034302068898,0.513826484283093,0.5514406278692339,0.31597947339764054
paper_max_T300,A,1.0471975511965976,0.3333333333333333,5437,-291.1245337841988,-0.06579016298594609,0.5400187569583947,0.5564198935878755,0.0
paper_max_T300,A,1.0471975511965976,0.3333333333333333,5438,-291.17807602764003,-0.0657897851787852,0.5138250500852186,0.5514395844532596,0.31597837758039815
paper_max_T300,A,1.0471975511965976,0.3333333333333333,5439,-291.23161796476995,-0.06578934998983332,0.5400185509277828,0.5564197578055198,0.0
paper_max_T300,A,1.0471975511965976,0.3333333333333333,5440,-291.28516044502294,-0.06578905144962477,0.513825373653688,0.5514398191279906,0.31597862519672004
paper_max_T300,A,1.0471975511965976,0.3333333333333333,5441,-291.3387040218372,-0.06578890671870663,0.5400185178877077,0.5564197362765528,0.0
paper_max_T300,A,1.0471975511965976,0.3333333333333333,5442,-291.39224857824354,-0.06578903754609955,0.5138244165227277,0.5514391236885707,0.3159778934285619
paper_max_T300,A,1.0471975511965976,0.3333333333333333,5443,-291.44579333323213,-0.06578902560907385,0.540017034317431,0.5564187655703001,0.0
paper_max_T300,A,1.0471975511965976,0.3333333333333333,5444,-291.4993376313862,-0.06578914218456472,0.513822833875514,0.5514379724277885,0.315976684105673
paper_max_T300,A,1.0471975511965976,0.3333333333333333,5445,-291.5528808071539,-0.06578881798994923,0.5400165459772174,0.5564184445209112,0.0
paper_max_T300,A,1.0471975511965976,0.3333333333333333,5446,-291.6064234580251,-0.06578868678150607,0.5138237220737516,0.5514386162633578,0.3159773639816158
paper_max_T300,A,1.0471975511965976,0.3333333333333333,5447,-291.65996625460485,-0.06578836843697289,0.5400182654280822,0.5564195680913266,0.0
paper_max_T300,A,1.0471975511965976,0.3333333333333333,5448,-291.71351021974704,-0.06578847905962609,0.513825817999727,0.5514401391040047,0.3159789664401611
paper_max_T300,A,1.0471975511965976,0.3333333333333333,5449,-291.76705549143605,-0.06578859816439031,0.5400194701816872,0.5564203562429635,0.0
paper_max_T300,A,1.0471975511965976,0.3333333333333333,5450,-291.8206016053088,-0.06578905120981449,0.5138262006725628,0.5514404173865703,0.31597925887438133
paper_max_T300,A,1.0471975511965976,0.3333333333333333,5451,-291.87414735462255,-0.0657892351085902,0.5400193814701565,0.5564202979675413,0.0
paper_max_T300,A,1.0471975511965976,0.3333333333333333,5452,-291.92769215939745,-0.06578947194160584,0.5138265190532836,0.5514406480290903,0.31597950266006297
paper_max_T300,A,1.0471975511965976,0.3333333333333333,5453,-291.9812358158383,-0.06578938424027514,0.5400206237329349,0.5564211096354075,0.0
paper_max_T300,A,1.0471975511965976,0.3333333333333333,5454,-292.0347792590733,-0.06578936253855672,0.5138289914525356,0.5514424443060332,0.31598139300672695
paper_max_T300,A,1.0471975511965976,0.3333333333333333,5455,-292.088323468327,-0.06578943762389178,0.5400230758623785,0.5564227137528741,0.0
paper_max_T300,A,1.0471975511965976,0.3333333333333333,5456,-292.1418688858031,-0.06578965780499224,0.5138310902617234,0.5514439706116022,0.3159829969308334
paper_max_T300,A,1.0471975511965976,0.3333333333333333,5457,-292.1954152508628,-0.06579010518536094,0.5400237782201193,0.5564231744866064,0.0
paper_max_T300,A,1.0471975511965976,0.3333333333333333,5458,-292.2489614668874,-0.06579043972038429,0.5138307337404346,0.5514437126653895,0.3159827237804651
paper_max_T300,A,1.0471975511965976,0.3333333333333333,5459,-292.30250665127494,-0.06579072841292444,0.5400231448411124,0.5564227608042434,0.0
paper_max_T300,A,1.0471975511965976,0.3333333333333333,5460,-292.3560504991275,-0.06579065505658449,0.5138305387947263,0.5514435710684392,0.315982574718036
paper_max_T300,A,1.0471975511965976,0.3333333333333333,5461,-292.40959363900487,-0.06579062593704454,0.5400237717681655,0.5564231708829606,0.0
paper_max_T300,A,1.0471975511965976,0.3333333333333333,5462,-292.4631368714019,-0.06579035399373823,0.5138317721338639,0.5514444678862904,0.31598351729008134
paper_max_T300,A,1.0471975511965976,0.3333333333333333,5463,-292.5166811314908,-0.06579050518892221,0.5400245247261896,0.5564236645411121,0.0
paper_max_T300,A,1.0471975511965976,0.3333333333333333,5464,-292.57022611614445,-0.06579050521281182,0.5138314336637662,0.5514442235398291,0.31598325768462543
paper_max_T300,A,1.0471975511965976,0.3333333333333333,5465,-292.62377141452237,-0.06579082897302047,0.5400230194777099,0.5564226814869829,0.0
paper_max_T300,A,1.0471975511965976,0.3333333333333333,5466,-292.67731595932764,-0.06579080940469795,0.513828939642684,0.5514424118216749,0.3159813506818691
paper_max_T300,A,1.0471975511965976,0.3333333333333333,5467,-292.7308593703972,-0.06579076467337802,0.5400210005281914,0.5564213608866827,0.0
paper_max_T300,A,1.0471975511965976,0.3333333333333333,5468,-292.78440175007137,-0.0657903584505729,0.5138275978474136,0.5514414361360712,0.3159803252000949
paper_max_T300,A,1.0471975511965976,0.3333333333333333,5469,-292.8379439080478,-0.06579004482155892,0.5400206964231692,0.5564211615192676,0.0
paper_max_T300,A,1.0471975511965976,0.3333333333333333,5470,-292.8914865312423,-0.065789678790524,0.5138275896171984,0.551441430239031,0.3159803188655949
paper_max_T300,A,1.0471975511965976,0.3333333333333333,5471,-292.94503019660254,-0.06578961553977913,0.540020197508504,0.5564208357877302,0.0
paper_max_T300,A,1.0471975511965976,0.3333333333333333,5472,-292.998574563331,-0.06578963031544649,0.5138259581841728,0.5514402452151856,0.315979071380601
paper_max_T300,A,1.0471975511965976,0.3333333333333333,5473,-293.0521189763736,-0.06578963106234331,0.5400180445196335,0.5564194276121738,0.0
paper_max_T300,A,1.0471975511965976,0.3333333333333333,5474,-293.10566276673023,-0.06578959219786551,0.5138235679281644,0.5514385073037287,0.3159772445259682
paper_max_T300,A,1.0471975511965976,0.3333333333333333,5475,-293.1592054876644,-0.06578922348041694,0.5400168126050608,0.5564186203755156,0.0
paper_max_T300,A,1.0471975511965976,0.3333333333333333,5476,-293.2127476907158,-0.06578893932754193,0.5138235670735676,0.551438505127029,0.3159772446908592
paper_max_T300,A,1.0471975511965976,0.3333333333333333,5477,-293.26629006861646,-0.06578854010075841,0.5400177102075667,0.5564192064171708,0.0
paper_max_T300,A,1.0471975511965976,0.3333333333333333,5478,-293.3198335212635,-0.06578852400709156,0.5138247130762125,0.5514393375531349,0.3159781210045871
paper_max_T300,A,1.0471975511965976,0.3333333333333333,5479,-293.37337818475487,-0.06578852071286734,0.5400181150626568,0.5564194712012548,0.0
paper_max_T300,A,1.0471975511965976,0.3333333333333333,5480,-293.42692366249173,-0.06578886991246008,0.5138242983789734,0.5514390360274297,0.3159778040499712
paper_max_T300,A,1.0471975511965976,0.3333333333333333,5481,-293.4804688110745,-0.06578889578149832,0.5400174689214161,0.556419047878043,0.0
paper_max_T300,A,1.0471975511965976,0.3333333333333333,5482,-293.53401316394104,-0.06578906788282152,0.5138241669692196,0.551438939284306,0.3159777042433647
paper_max_T300,A,1.0471975511965976,0.3333333333333333,5483,-293.58755643739096,-0.06578882717310042,0.5400184631339013,0.5564196967900157,0.0
paper_max_T300,A,1.0471975511965976,0.3333333333333333,5484,-293.6410996157957,-0.06578880919807328,0.5138264990014657,0.5514406330513554,0.31597948755141325
paper_max_T300,A,1.0471975511965976,0.3333333333333333,5485,-293.6946435573992,-0.0657887645265467,0.5400209029478488,0.556421292365984,0.0
paper_max_T300,A,1.0471975511965976,0.3333333333333333,5486,-293.7481888529974,-0.06578905002641583,0.5138287225999912,0.5514422495095836,0.3159811871585886
paper_max_T300,A,1.0471975511965976,0.3333333333333333,5487,-293.8017351549512,-0.06578940719639548,0.5400218631599424,0.5564219211847721,0.0
paper_max_T300,A,1.0471975511965976,0.3333333333333333,5488,-293.85528151063136,-0.06578984047487713,0.5138288519401402,0.5514423441008907,0.31598128571903006
paper_max_T300,A,1.0471975511965976,0.3333333333333333,5489,-293.90882686885186,-0.06579007823260713,0.5400218222942692,0.5564218945678175,0.0
paper_max_T300,A,1.0471975511965976,0.3333333333333333,5490,-293.9623710075608,-0.06579013369713471,0.5138294752759027,0.5514427968265497,0.3159817623969282
paper_max_T300,A,1.0471975511965976,0.3333333333333333,5491,-294.0159144416455,-0.0657901207201474,0.5400232395537281,0.5564228213710167,0.0
paper_max_T300,A,1.0471975511965976,0.3333333333333333,5492,-294.06945810651257,-0.06579000664024215,0.5138316240314234,0.5514443587853682,0.31598340484700405
paper_max_T300,A,1.0471975511965976,0.3333333333333333,5493,-294.1230028883177,-0.06579023701094755,0.5400247824041792,0.5564238316094358,0.0
paper_max_T300,A,1.0471975511965976,0.3333333333333333,5494,-294.17654851549696,-0.06579038812290106,0.5138321584956466,0.5514447488353877,0.3159838125637776
paper_max_T300,A,1.0471975511965976,0.3333333333333333,5495,-294.2300944451273,-0.06579082266638359,0.540024030771293,0.5564233415549775,0.0
paper_max_T300,A,1.0471975511965976,0.3333333333333333,5496,-294.28363954091014,-0.06579091269641124,0.5138304985092697,0.5514435434488842,0.3159825430484626
paper_max_T300,A,1.0471975511965976,0.3333333333333333,5497,-294.3371834134944,-0.06579100109776659,0.540022697766433,0.5564224699517374,0.0
paper_max_T300,A,1.0471975511965976,0.3333333333333333,5498,-294.3907261920884,-0.06579066475173312,0.5138298226856985,0.5514430521809927,0.31598202645950474
paper_max_T300,A,1.0471975511965976,0.3333333333333333,5499,-294.44426882039636,-0.06579050723064961,0.5400228281046353,0.5564225552266202,0.0
paper_max_T300,A,1.0471975511965976,0.3333333333333333,5500,-294.4978119071711,-0.06579017191384329,0.513830099181372,0.5514432537323556,0.3159822375041854
paper_max_T300,A,1.0471975511965976,0.3333333333333333,5501,-294.55135603584114,-0.06579025593829052,0.5400223986288718,0.5564222754425537,0.0
paper_max_T300,A,1.0471975511965976,0.3333333333333333,5502,-294.60490063625394,-0.06579023900814363,0.5138283720133517,0.5514419996841091,0.3159809165455725
paper_max_T300,A,1.0471975511965976,0.3333333333333333,5503,-294.6584451172665,-0.06579034095984809,0.5400200412496057,0.5564207341301475,0.0
paper_max_T300,A,1.0471975511965976,0.3333333333333333,5504,-294.7119887393777,-0.06579020633286486,0.5138256317830926,0.5514400079473639,0.31597882188168885
paper_max_T300,A,1.0471975511965976,0.3333333333333333,5505,-294.76553130099546,-0.06578989258360252,0.5400183917769867,0.5564196542441122,0.0
paper_max_T300,A,1.0471975511965976,0.3333333333333333,5506,-294.8190732979247,-0.06578948226702591,0.5138250115834881,0.5514395560871195,0.3159783483496864
paper_max_T300,A,1.0471975511965976,0.3333333333333333,5507,-294.87261552390333,-0.065789098114576,0.540018609541635,0.556419795967673,0.0
paper_max_T300,A,1.0471975511965976,0.3333333333333333,5508,-294.92615867159725,-0.06578894467383978,0.5138252561068029,0.5514397336548751,0.31597853536403964
paper_max_T300,A,1.0471975511965976,0.3333333333333333,5509,-294.97970290075517,-0.06578889776768204,0.5400181575301272,0.5564195004851779,0.0
paper_max_T300,A,1.0471975511965976,0.3333333333333333,5510,-295.0332477608895,-0.0657890967694238,0.5138238677513198,0.5514387245785188,0.3159774740613983
paper_max_T300,A,1.0471975511965976,0.3333333333333333,5511,-295.0867922629747,-0.0657890161455209,0.5400167051777665,0.5564185497524295,0.0
paper_max_T300,A,1.0471975511965976,0.3333333333333333,5512,-295.1403360120153,-0.06578904870057606,0.513822905754026,0.551438024020332,0.3159767393927291
paper_max_T300,A,1.0471975511965976,0.3333333333333333,5513,-295.19387876931785,-0.0657886723582154,0.5400170411065489,0.5564187678293918,0.0
paper_max_T300,A,1.0471975511965976,0.3333333333333333,5514,-295.2474214916773,-0.06578856486575108,0.5138245629858864,0.5514392270783888,0.3159780069980699
paper_max_T300,A,1.0471975511965976,0.3333333333333333,5515,-295.30096495094926,-0.06578838044326102,0.5400189557226294,0.5564200195424883,0.0
paper_max_T300,A,1.0471975511965976,0.3333333333333333,5516,-295.35450979624807,-0.0657886317797175,0.5138263022683494,0.5514404911218886,0.3159793366009516
paper_max_T300,A,1.0471975511965976,0.3333333333333333,5517,-295.4080556513951,-0.06578884417196651,0.5400196331928148,0.5564204628943046,0.0
paper_max_T300,A,1.0471975511965976,0.3333333333333333,5518,-295.4616017291726,-0.0657892847515516,0.5138263190525716,0.5514405033088957,0.315979349428188
paper_max_T300,A,1.0471975511965976,0.3333333333333333,5519,-295.5151468827337,-0.06578939086614005,0.5400196886712285,0.5564204986784326,0.0
paper_max_T300,A,1.0471975511965976,0.3333333333333333,5520,-295.5686909877759,-0.06578950501501757,0.5138272506766913,0.5514411795283638,0.315980062071875
paper_max_T300,A,1.0471975511965976,0.3333333333333333,5521,-295.62223440384037,-0.06578941235744085,0.5400215098653269,0.5564216892293493,0.0
paper_max_T300,A,1.0471975511965976,0.3333333333333333,5522,-295.67577819932126,-0.06578941635263957,0.5138299638358861,0.55144315125583,0.31598213621091914
paper_max_T300,A,1.0471975511965976,0.3333333333333333,5523,-295.7293231706924,-0.06578962742858524,0.5400236227022686,0.5564230719142174,0.0
paper_max_T300,A,1.0471975511965976,0.3333333333333333,5524,-295.78286918261415,-0.06578992517595067,0.5138312326237593,0.5514440746228012,0.31598310547031583
paper_max_T300,A,1.0471975511965976,0.3333333333333333,5525,-295.83641554504607,-0.0657903833565543,0.5400236040460529,0.5564230609848906,0.0
paper_max_T300,A,1.0471975511965976,0.3333333333333333,5526,-295.8899611457914,-0.06579061518815077,0.5138304982507056,0.5514435417405217,0.31598254364717626
paper_max_T300,A,1.0471975511965976,0.3333333333333333,5527,-295.94350547312547,-0.06579077367953207,0.540023134354813,0.5564227540297579,0.0
paper_max_T300,A,1.0471975511965976,0.3333333333333333,5528,-295.99704872374355,-0.06579057189842535,0.5138307924728813,0.5514437555509702,0.31598276857762664
paper_max_T300,A,1.0471975511965976,0.3333333333333333,5529,-296.0505918752817,-0.06579053974207488,0.5400240480541415,0.5564233518954218,0.0
paper_max_T300,A,1.0471975511965976,0.3333333333333333,5530,-296.1041355682861,-0.06579032251465478,0.5138318301349446,0.5514445105557891,0.31598356135526773
paper_max_T300,A,1.0471975511965976,0.3333333333333333,5531,-296.1576803558816,-0.06579055896434105,0.540024164267729,0.5564234293552157,0.0
paper_max_T300,A,1.0471975511965976,0.3333333333333333,5532,-296.2112255140071,-0.06579060812570453,0.5138305942282416,0.5514436139250859,0.31598261573782926
paper_max_T300,A,1.0471975511965976,0.3333333333333333,5533,-296.26477042016654,-0.06579085220814385,0.5400221408489473,0.5564221069449372,0.0
paper_max_T300,A,1.0471975511965976,0.3333333333333333,5534,-296.3183142513994,-0.065790717337465,0.5138281171401917,0.5514418139454013,0.31598072197100413
paper_max_T300,A,1.0471975511965976,0.3333333333333333,5535,-296.3718569922986,-0.06579053004376434,0.540020595286929,0.5564210955792803,0.0
paper_max_T300,A,1.0471975511965976,0.3333333333333333,5536,-296.4253991104313,-0.06579007355875555,0.5138274283304772,0.5514413127856005,0.3159801956888596
paper_max_T300,A,1.0471975511965976,0.3333333333333333,5537,-296.478941534805,-0.06578979586711581,0.5400205657985379,0.5564210761102375,0.0
paper_max_T300,A,1.0471975511965976,0.3333333333333333,5538,-296.5324847394608,-0.0657895576646203,0.5138271874620186,0.5514411381133972,0.31598001136323517
paper_max_T300,A,1.0471975511965976,0.3333333333333333,5539,-296.58602890387056,-0.06578956543693804,0.5400195452683945,0.556420409235106,0.0
paper_max_T300,A,1.0471975511965976,0.3333333333333333,5540,-296.6395734201267,-0.06578963237908358,0.5138250522689407,0.5514395866583226,0.31597837893611286
paper_max_T300,A,1.0471975511965976,0.3333333333333333,5541,-296.69311748284997,-0.06578953765487555,0.5400173899918496,0.5564189990222389,0.0
paper_max_T300,A,1.0471975511965976,0.3333333333333333,5542,-296.74666071450554,-0.06578941267100713,0.5138232615889858,0.5514382840456709,0.3159770106670616
paper_max_T300,A,1.0471975511965976,0.3333333333333333,5543,-296.8002030400796,-0.06578897456912602,0.5400169675928979,0.5564187211829235,0.0
paper_max_T300,A,1.0471975511965976,0.3333333333333333,5544,-296.8537453263627,-0.06578872558744658,0.513824019144852,0.5514388333024028,0.31597759047960183
paper_max_T300,A,1.0471975511965976,0.3333333333333333,5545,-296.90728832161017,-0.06578844572803966,0.5400180696919274,0.5564194414055891,0.0
paper_max_T300,A,1.0471975511965976,0.3333333333333333,5546,-296.9608326040909,-0.06578858347144934,0.5138248586802158,0.5514394433068475,0.31597823234490674
paper_max_T300,A,1.0471975511965976,0.3333333333333333,5547,-297.0143778274343,-0.06578865976407838,0.5400180335306567,0.5564194177131593,0.0
paper_max_T300,A,1.0471975511965976,0.3333333333333333,5548,-297.0679233214282,-0.06578901230524048,0.513824215411339,0.5514389753965878,0.31597774079619706
paper_max_T300,A,1.0471975511965976,0.3333333333333333,5549,-297.1214679643731,-0.06578895948940222,0.5400176678676952,0.55641917754331,0.0
paper_max_T300,A,1.0471975511965976,0.3333333333333333,5550,-297.1750117156222,-0.06578903487622462,0.5138248466321949,0.551439432791619,0.3159782240542294
paper_max_T300,A,1.0471975511965976,0.3333333333333333,5551,-297.2285548149606,-0.06578880289993189,0.5400193574860185,0.5564202815469196,0.0
paper_max_T300,A,1.0471975511965976,0.3333333333333333,5552,-297.28209840330214,-0.06578883824854176,0.5138275388792771,0.5514413888350692,0.3159802824696649
paper_max_T300,A,1.0471975511965976,0.3333333333333333,5553,-297.33564317765513,-0.06578894553824671,0.5400215643591139,0.5564217252472212,0.0
paper_max_T300,A,1.0471975511965976,0.3333333333333333,5554,-297.38918917053974,-0.06578932545833616,0.5138290659739959,0.5514424993867454,0.315981449477195
paper_max_T300,A,1.0471975511965976,0.3333333333333333,5555,-297.44273558223716,-0.06578971001842249,0.5400219304489394,0.556421965421276,0.0
paper_max_T300,A,1.0471975511965976,0.3333333333333333,5556,-297.4962814081717,-0.0657900510944267,0.5138289549017102,0.5514424189947758,0.3159813643979402
paper_max_T300,A,1.0471975511965976,0.3333333333333333,5557,-297.54982596585864,-0.06579018383371515,0.5400221476483154,0.5564221073725131,0.0
paper_max_T300,A,1.0471975511965976,0.3333333333333333,5558,-297.60336954542254,-0.06579012072844076,0.513830127539285,0.5514432709389727,0.31598226098469184
paper_max_T300,A,1.0471975511965976,0.3333333333333333,5559,-297.6569130561961,-0.06579013224836255,0.5400238628006906,0.5564232293229419,0.0
paper_max_T300,A,1.0471975511965976,0.3333333333333333,5560,-297.7104572597019,-0.06579007246729462,0.5138320602056087,0.5514446763180837,0.3159837379954932
paper_max_T300,A,1.0471975511965976,0.3333333333333333,5561,-297.76400264041456,-0.0657904044972959,0.5400247388603052,0.556423803764986,0.0
paper_max_T300,A,1.0471975511965976,0.3333333333333333,5562,-297.81754844442185,-0.06579058875189264,0.5138316602612077,0.5514443872872332,0.3159834313997436
paper_max_T300,A,1.0471975511965976,0.3333333333333333,5563,-297.8710939298703,-0.06579095145229041,0.540023430393619,0.5564229491605893,0.0
paper_max_T300,A,1.0471975511965976,0.3333333333333333,5564,-297.92463822429283,-0.06579090624232686,0.5138299507345634,0.5514431454190222,0.31598212426059724
paper_max_T300,A,1.0471975511965976,0.3333333333333333,5565,-297.97818137995813,-0.06579085889806291,0.540022479281813,0.5564223270155058,0.0
paper_max_T300,A,1.0471975511965976,0.3333333333333333,5566,-298.031723889389,-0.06579045452640403,0.5138297840166552,0.5514430241555843,0.31598199685298156
paper_max_T300,A,1.0471975511965976,0.3333333333333333,5567,-298.08526679419026,-0.065790331141658,0.5400227349446153,0.5564224945515199,0.0
paper_max_T300,A,1.0471975511965976,0.3333333333333333,5568,-298.13881041569385,-0.06579010040548383,0.5138296568716941,0.5514429326597466,0.31598189918042346
paper_max_T300,A,1.0471975511965976,0.3333333333333333,5569,-298.19235492075404,-0.06579023810106438,0.5400216507800292,0.5564217865839012,0.0
paper_max_T300,A,1.0471975511965976,0.3333333333333333,5570,-298.2458995010075,-0.06579024664212751,0.5138273020804963,0.5514412221428838,0.315980098605366
paper_max_T300,A,1.0471975511965976,0.3333333333333333,5571,-298.2994434902095,-0.06579023082893187,0.5400191988805269,0.5564201828691135,0.0
paper_max_T300,A,1.0471975511965976,0.3333333333333333,5572,-298.35298648656135,-0.06578999399340091,0.5138250606891539,0.5514395924431603,0.31597838553969576
paper_max_T300,A,1.0471975511965976,0.3333333333333333,5573,-298.4065286424576,-0.06578959214302671,0.5400182656847022,0.5564195713289675,0.0
paper_max_T300,A,1.0471975511965976,0.3333333333333333,5574,-298.46007071371355,-0.0657892126934666,0.5138250934847378,0.5514396153427001,0.3159784111027524
paper_max_T300,A,1.0471975511965976,0.3333333333333333,5575,-298.5136134870538,-0.0657889260074449,0.5400186120618969,0.5564197975351772,0.0
paper_max_T300,A,1.0471975511965976,0.3333333333333333,5576,-298.5671573554815,-0.06578892434292494,0.5138249860184039,0.5514395373169755,0.3159783289193243
paper_max_T300,A,1.0471975511965976,0.3333333333333333,5577,-298.62070203476355,-0.06578893155046772,0.5400177243002733,0.5564192169170631,0.0
paper_max_T300,A,1.0471975511965976,0.3333333333333333,5578,-298.6742468768557,-0.06578913756229732,0.5138234206540186,0.5514383992220205,0.3159771324925983
paper_max_T300,A,1.0471975511965976,0.3333333333333333,5579,-298.72779090417043,-0.06578896280576263,0.5400166211620515,0.5564184942008644,0.0
paper_max_T300,A,1.0471975511965976,0.3333333333333333,5580,-298.7813341244404,-0.06578891695716382,0.51382330613836,0.5514383144076294,0.3159770457850636
paper_max_T300,A,1.0471975511965976,0.3333333333333333,5581,-298.8348767527955,-0.06578854731100892,0.5400177254786988,0.5564192150748429,0.0
paper_max_T300,A,1.0471975511965976,0.3333333333333333,5582,-298.88841990760307,-0.06578851832641086,0.5138254111367502,0.5514398433331935,0.31597865545179404
paper_max_T300,A,1.0471975511965976,0.3333333333333333,5583,-298.9419642092488,-0.06578848717722152,0.5400195017466493,0.55642037673558,0.0
paper_max_T300,A,1.0471975511965976,0.3333333333333333,5584,-298.99550980526305,-0.06578885320261718,0.5138265925783888,0.5514407021874385,0.31597955848332215
paper_max_T300,A,1.0471975511965976,0.3333333333333333,5585,-299.04905586210714,-0.06578909841677422,0.5400197319090123,0.5564205274272722,0.0
paper_max_T300,A,1.0471975511965976,0.3333333333333333,5586,-299.1026015234132,-0.06578946634034616,0.5138265453165666,0.5514406675709341,0.315979522492433
paper_max_T300,A,1.0471975511965976,0.3333333333333333,5587,-299.1561459717951,-0.06578948634348403,0.5400201873236664,0.5564208246308655,0.0
paper_max_T300,A,1.0471975511965976,0.3333333333333333,5588,-299.20968958860396,-0.06578950483355678,0.5138281541638684,0.5514418360479394,0.3159807528028136
paper_max_T300,A,1.0471975511965976,0.3333333333333333,5589,-299.2632331518505,-0.065789463304184,0.5400223879142998,0.5564222637072037,0.0
paper_max_T300,A,1.0471975511965976,0.3333333333333333,5590,-299.31677757445084,-0.06578953626260398,0.5138307204627813,0.5514437015561381,0.3159827143966951
paper_max_T300,A,1.0471975511965976,0.3333333333333333,5591,-299.3703232507753,-0.06578987023016775,0.5400238883274289,0.556423246190234,0.0
paper_max_T300,A,1.0471975511965976,0.3333333333333333,5592,-299.42386951821913,-0.06579020054373641,0.5138311159264528,0.5514439902955585,0.31598301600704737
paper_max_T300,A,1.0471975511965976,0.3333333333333333,5593,-299.47741547287967,-0.06579060492005584,0.5400233588254054,0.5564229008866007,0.0
paper_max_T300,A,1.0471975511965976,0.3333333333333333,5594,-299.53096025667196,-0.0657906952846114,0.513830356255818,0.5514434386625767,0.3159824350382884
paper_max_T300,A,1.0471975511965976,0.3333333333333333,5595,-299.58450386117465,-0.06579073870361274,0.5400232522540157,0.5564228312222681,0.0
paper_max_T300,A,1.0471975511965976,0.3333333333333333,5596,-299.63804685901664,-0.06579046082258055,0.5138310880152663,0.5514439705513681,0.31598299439051275
paper_max_T300,A,1.0471975511965976,0.3333333333333333,5597,-299.69159033673,-0.0657904763351177,0.5400241949194937,0.5564234483730672,0.0
paper_max_T300,A,1.0471975511965976,0.3333333333333333,5598,-299.74513457847297,-0.06579034477374734,0.5138315968222009,0.5514443415539213,0.3159833827035615
paper_max_T300,A,1.0471975511965976,0.3333333333333333,5599,-299.79867969232737,-0.06579063259161483,0.540023549214271,0.5564230275580819,0.0
paper_max_T300,A,1.0471975511965976,0.3333333333333333,5600,-299.8522247031236,-0.06579067933074417,0.5138296205149367,0.5514429065351317,0.3159818712386634
paper_max_T300,A,1.0471975511965976,0.3333333333333333,5601,-299.9057689842534,-0.06579079621352052,0.5400213320598276,0.5564215778857353,0.0
paper_max_T300,A,1.0471975511965976,0.3333333333333333,5602,-299.95931209780986,-0.06579053639593091,0.5138275149536128,0.5514413760806708,0.3159802617358293
paper_max_T300,A,1.0471975511965976,0.3333333333333333,5603,-300.01285440748507,-0.06579025077891154,0.5400203711925932,0.5564209487826112,0.0
paper_max_T300,A,1.0471975511965976,0.3333333333333333,5604,-300.0663965883691,-0.06578980928482775,0.5138273153908139,0.5514412306500691,0.3159801093806398
paper_max_T300,A,1.0471975511965976,0.3333333333333333,5605,-300.11993950029137,-0.06578961002782008,0.5400203321665991,0.5564209233980795,0.0
paper_max_T300,A,1.0471975511965976,0.3333333333333333,5606,-300.1734832983791,-0.06578950682850787,0.5138265960189854,0.5514407083852695,0.3159795591761604
paper_max_T300,A,1.0471975511965976,0.3333333333333333,5607,-300.22702775169046,-0.06578954051090369,0.5400188026881193,0.556419923442034,0.0
paper_max_T300,A,1.0471975511965976,0.3333333333333333,5608,-300.2805721345492,-0.06578960267692258,0.5138242405610051,0.5514389963880457,0.31597775860145716
paper_max_T300,A,1.0471975511965976,0.3333333333333333,5609,-300.3341156817853,-0.06578939042750409,0.540016979663225,0.5564187300541157,0.0
paper_max_T300,A,1.0471975511965976,0.3333333333333333,5610,-300.387658410517,-0.06578919103980957,0.5138232862193606,0.5514383013415475,0.31597702981341047
paper_max_T300,A,1.0471975511965976,0.3333333333333333,5611,-300.44120062430727,-0.06578874512660393,0.540017318897236,0.5564189505291558,0.0
paper_max_T300,A,1.0471975511965976,0.3333333333333333,5612,-300.49474332842226,-0.06578858834359164,0.513824497704219,0.5514391808770623,0.31597795643842075
paper_max_T300,A,1.0471975511965976,0.3333333333333333,5613,-300.54828710920697,-0.06578844789085025,0.5400183161088095,0.556419602511894,0.0
paper_max_T300,A,1.0471975511965976,0.3333333333333333,5614,-300.60183211536264,-0.065788713820084,0.5138248624635998,0.5514394459664529,0.31597823528009505
paper_max_T300,A,1.0471975511965976,0.3333333333333333,5615,-300.6553775627368,-0.0657888129790406,0.5400179436780449,0.5564193586928798,0.0
paper_max_T300,A,1.0471975511965976,0.3333333333333333,5616,-300.70892272695244,-0.06578911152882261,0.5138243068864523,0.5514390414702416,0.31597781093793037
paper_max_T300,A,1.0471975511965976,0.3333333333333333,5617,-300.7624667602619,-0.06578897786988402,0.5400181130759085,0.5564194683109744,0.0
paper_max_T300,A,1.0471975511965976,0.3333333333333333,5618,-300.8160101045827,-0.06578898526517807,0.5138257535568835,0.5514400915927737,0.3159789175287267
paper_max_T300,A,1.0471975511965976,0.3333333333333333,5619,-300.86955340620466,-0.0657888206829122,0.5400202887296197,0.5564208906158612,0.0
paper_max_T300,A,1.0471975511965976,0.3333333333333333,5620,-300.9230976875017,-0.06578894923117734,0.513828414301212,0.5514420252588574,0.31598095158179973
paper_max_T300,A,1.0471975511965976,0.3333333333333333,5621,-300.9766432581797,-0.06578919523138704,0.5400219918711571,0.5564220051991842,0.0
paper_max_T300,A,1.0471975511965976,0.3333333333333333,5622,-301.0301896162048,-0.06578962060087701,0.5138292035937074,0.5514425996885813,0.31598155452989946
paper_max_T300,A,1.0471975511965976,0.3333333333333333,5623,-301.0837357176366,-0.06578996998486297,0.5400219669553381,0.5564219894378892,0.0
paper_max_T300,A,1.0471975511965976,0.3333333333333333,5624,-301.13728078407496,-0.06579017891997307,0.5138291817696488,0.5514425838838363,0.3159815378269879
paper_max_T300,A,1.0471975511965976,0.3333333333333333,5625,-301.1908246609531,-0.0657902234496831,0.540022611277544,0.5564224106572705,0.0
paper_max_T300,A,1.0471975511965976,0.3333333333333333,5626,-301.2443680325604,-0.0657900912464161,0.5138308155792451,0.5514437711796601,0.31598278685249415
paper_max_T300,A,1.0471975511965976,0.3333333333333333,5627,-301.29791194763175,-0.06579017465552778,0.540024341459481,0.5564235428428519,0.0
paper_max_T300,A,1.0471975511965976,0.3333333333333333,5628,-301.35145677010394,-0.06579019415747817,0.5138321828852818,0.5514447660860141,0.31598383145627806
paper_max_T300,A,1.0471975511965976,0.3333333333333333,5629,-301.4050025109234,-0.06579058932126486,0.540024418941025,0.5564235950952893,0.0
paper_max_T300,A,1.0471975511965976,0.3333333333333333,5630,-301.4585481226876,-0.06579075192880757,0.5138309977918569,0.5514439062252982,0.3159829247668633
paper_max_T300,A,1.0471975511965976,0.3333333333333333,5631,-301.51209290578925,-0.06579099365475743,0.5400228643358163,0.5564225790454465,0.0
paper_max_T300,A,1.0471975511965976,0.3333333333333333,5632,-301.5656364073833,-0.06579080426415485,0.5138295690699424,0.5514428680245833,0.31598183249956713
paper_max_T300,A,1.0471975511965976,0.3333333333333333,5633,-301.6191791149961,-0.06579066305758241,0.5400223834883084,0.556422264358234,0.0
paper_max_T300,A,1.0471975511965976,0.3333333333333333,5634,-301.67272169221405,-0.06579025527305127,0.5138297301869259,0.551442985207914,0.3159819556085255
paper_max_T300,A,1.0471975511965976,0.3333333333333333,5635,-301.7262650658819,-0.06579020289327636,0.5400224786577855,0.5564223272452337,0.0
paper_max_T300,A,1.0471975511965976,0.3333333333333333,5636,-301.7798091835456,-0.06579008237286021,0.5138289667181211,0.5514424314179355,0.31598137141576965
paper_max_T300,A,1.0471975511965976,0.3333333333333333,5637,-301.83335382028474,-0.06579022510935362,0.5400207704074501,0.5564212108775328,0.0
paper_max_T300,A,1.0471975511965976,0.3333333333333333,5638,-301.8868981097519,-0.06579020504944688,0.513826285420598,0.5514404831148638,0.31597932149414654
paper_max_T300,A,1.0471975511965976,0.3333333333333333,5639,-301.9404414892226,-0.06579005036030561,0.5400185667157775,0.5564197689623823,0.0
paper_max_T300,A,1.0471975511965976,0.3333333333333333,5640,-301.9939839611271,-0.06578972846426212,0.513824782925627,0.5514393901080854,0.3159781734442807
paper_max_T300,A,1.0471975511965976,0.3333333333333333,5641,-302.0475260010961,-0.06578930035672159,0.5400183068612113,0.5564195979235075,0.0
paper_max_T300,A,1.0471975511965976,0.3333333333333333,5642,-302.1010684531109,-0.06578901126181247,0.5138251806491361,0.5514396785384481,0.3159784778199122
paper_max_T300,A,1.0471975511965976,0.3333333333333333,5643,-302.1546119109066,-0.06578884085116182,0.5400184986641787,0.5564197233192844,0.0
paper_max_T300,A,1.0471975511965976,0.3333333333333333,5644,-302.2081563976776,-0.06578896693124708,0.5138245904665505,0.5514392497297719,0.3159780265957289
paper_max_T300,A,1.0471975511965976,0.3333333333333333,5645,-302.2617012341715,-0.06578897413421059,0.5400173106980914,0.5564189460546235,0.0
paper_max_T300,A,1.0471975511965976,0.3333333333333333,5646,-302.3152457653416,-0.06578913462545122,0.5138231878193611,0.5514382294792167,0.3159769547746197
paper_max_T300,A,1.0471975511965976,0.3333333333333333,5647,-302.3687892426003,-0.06578886933393346,0.5400168201336736,0.5564186237565517,0.0
paper_max_T300,A,1.0471975511965976,0.3333333333333333,5648,-302.4223321224871,-0.06578877774588587,0.5138239758344674,0.5514388006380458,0.31597755799410027
paper_max_T300,A,1.0471975511965976,0.3333333333333333,5649,-302.4758749784221,-0.0657884764776745,0.5400184868005988,0.5564197128252669,0.0
paper_max_T300,A,1.0471975511965976,0.3333333333333333,5650,-302.52941884458517,-0.06578856489487211,0.5138261484591656,0.5514403791875901,0.3159792191025744
paper_max_T300,A,1.0471975511965976,0.3333333333333333,5651,-302.58296397535787,-0.06578867504494368,0.54001986989975,0.5564206176313609,0.0
paper_max_T300,A,1.0471975511965976,0.3333333333333333,5652,-302.63651002018446,-0.06578910515025704,0.5138267473449764,0.5514408147023537,0.31597967677249084
paper_max_T300,A,1.0471975511965976,0.3333333333333333,5653,-302.69005587409447,-0.06578932475947896,0.5400198605396564,0.5564206114580181,0.0
paper_max_T300,A,1.0471975511965976,0.3333333333333333,5654,-302.74360087776927,-0.06578958065167123,0.5138269547399655,0.5514409649206881,0.31597983558927517
paper_max_T300,A,1.0471975511965976,0.3333333333333333,5655,-302.7971447220142,-0.06578953535072785,0.5400208638074954,0.5564212669732364,0.0
paper_max_T300,A,1.0471975511965976,0.3333333333333333,5656,-302.8506881948658,-0.06578950565324115,0.5138291249324072,0.5514425416216318,0.3159814948821441
paper_max_T300,A,1.0471975511965976,0.3333333333333333,5657,-302.9042322440223,-0.06578956169322026,0.5400231416041208,0.556422757005179,0.0
paper_max_T300,A,1.0471975511965976,0.3333333333333333,5658,-302.95777738292327,-0.0657897226907111,0.5138311826628446,0.5514440379734002,0.31598306745698296
paper_max_T300,A,1.0471975511965976,0.3333333333333333,5659,-303.01132351351475,-0.06579013859695343,0.5400238915425214,0.5564232488078389,0.0
paper_max_T300,A,1.0471975511965976,0.3333333333333333,5660,-303.06486963147233,-0.06579044271916507,0.5138308433925298,0.5514437925999431,0.3159828074746839
paper_max_T300,A,1.0471975511965976,0.3333333333333333,5661,-303.11841488589306,-0.0657907441299132,0.5400231430494827,0.5564227599260454,0.0
paper_max_T300,A,1.0471975511965976,0.3333333333333333,5662,-303.1719588514413,-0.06579068315139303,0.513830356391463,0.5514434388316438,0.3159824351044158
paper_max_T300,A,1.0471975511965976,0.3333333333333333,5663,-303.225502018118,-0.0657906516607602,0.5400234562824686,0.5564229648036235,0.0
paper_max_T300,A,1.0471975511965976,0.3333333333333333,5664,-303.2790451167181,-0.06579035937773986,0.5138313154093964,0.5514441361385665,0.3159831680474766
paper_max_T300,A,1.0471975511965976,0.3333333333333333,5665,-303.3325890992583,-0.0657904535993542,0.5400241290467442,0.5564234057825416,0.0
paper_max_T300,A,1.0471975511965976,0.3333333333333333,5666,-303.38613380558286,-0.06579040940557601,0.5138310615620674,0.5514439530752585,0.31598297324600966
paper_max_T300,A,1.0471975511965976,0.3333333333333333,5667,-303.4396789511101,-0.06579069548977323,0.5400227564713124,0.5564225093831289,0.0
paper_max_T300,A,1.0471975511965976,0.3333333333333333,5668,-303.4932235273451,-0.06579068634089213,0.5138286479217634,0.5514421997588703,0.3159811276985135
paper_max_T300,A,1.0471975511965976,0.3333333333333333,5669,-303.5467670906645,-0.06579065407296569,0.5400206831900473,0.5564211532812025,0.0
paper_max_T300,A,1.0471975511965976,0.3333333333333333,5670,-303.60030963069255,-0.06579028988564345,0.5138271435435529,0.5514411059094341,0.31597997793308596
paper_max_T300,A,1.0471975511965976,0.3333333333333333,5671,-303.6538518156674,-0.06578996568858575,0.5400202587066196,0.556420875068569,0.0
paper_max_T300,A,1.0471975511965976,0.3333333333333333,5672,-303.7073943429671,-0.06578959978785925,0.513827152025144,0.5514411119582942,0.3159799844783968
paper_max_T300,A,1.0471975511965976,0.3333333333333333,5673,-303.7609378349099,-0.06578949412062796,0.5400199466150835,0.5564206713279088,0.0
paper_max_T300,A,1.0471975511965976,0.3333333333333333,5674,-303.8144821022212,-0.06578950316662396,0.5138258556800248,0.5514401703423027,0.31597899321635464
paper_max_T300,A,1.0471975511965976,0.3333333333333333,5675,-303.8680265744184,-0.06578950906580605,0.5400180718458708,0.5564194451527356,0.0
paper_max_T300,A,1.0471975511965976,0.3333333333333333,5676,-303.921570585693,-0.06578951927406917,0.5138236427623006,0.5514385614367091,0.3159773018656036
paper_max_T300,A,1.0471975511965976,0.3333333333333333,5677,-303.97511358766684,-0.06578919702334296,0.5400168555506276,0.5564186482722172,0.0
paper_max_T300,A,1.0471975511965976,0.3333333333333333,5678,-304.02865601107976,-0.0657889610770035,0.5138235878858756,0.551438520066997,0.31597726069695464
paper_max_T300,A,1.0471975511965976,0.3333333333333333,5679,-304.0821984469803,-0.06578857090540374,0.5400177614113972,0.5564192396838437,0.0
paper_max_T300,A,1.0471975511965976,0.3333333333333333,5680,-304.13574182806184,-0.06578854617288526,0.5138248957474562,0.5514394700498773,0.3159782607838622
paper_max_T300,A,1.0471975511965976,0.3333333333333333,5681,-304.18928639219405,-0.06578853429976983,0.5400184259153002,0.5564196742747687,0.0
paper_max_T300,A,1.0471975511965976,0.3333333333333333,5682,-304.2428318592185,-0.06578887862354621,0.5138247910579132,0.551439393912026,0.31597818077255835
paper_max_T300,A,1.0471975511965976,0.3333333333333333,5683,-304.2963771672458,-0.06578894715077,0.5400179420542655,0.5564193573002226,0.0
paper_max_T300,A,1.0471975511965976,0.3333333333333333,5684,-304.3499217749372,-0.06578915533109347,0.5138246454678707,0.5514392871092644,0.3159780699960235
paper_max_T300,A,1.0471975511965976,0.3333333333333333,5685,-304.40346528870174,-0.06578896707609067,0.5400187863647237,0.5564199083519807,0.0
paper_max_T300,A,1.0471975511965976,0.3333333333333333,5686,-304.45700855421063,-0.06578895398374102,0.5138267786653902,0.5514408364541941,0.315979701258788
paper_max_T300,A,1.0471975511965976,0.3333333333333333,5687,-304.510552398826,-0.0657889043299017,0.5400211387098267,0.5564214467001479,0.0
paper_max_T300,A,1.0471975511965976,0.3333333333333333,5688,-304.56409747914927,-0.06578914080328896,0.513829045847603,0.5514424845468076,0.31598143420641694
paper_max_T300,A,1.0471975511965976,0.3333333333333333,5689,-304.6176436097553,-0.06578948462275896,0.5400222023036927,0.5564221431594755,0.0
paper_max_T300,A,1.0471975511965976,0.3333333333333333,5690,-304.67118991816386,-0.0657898935824417,0.5138292321429492,0.5514426206424854,0.3159815762478317
paper_max_T300,A,1.0471975511965976,0.3333333333333333,5691,-304.72473539149655,-0.06579016100981461,0.54002206306667,0.5564220523662337,0.0
paper_max_T300,A,1.0471975511965976,0.3333333333333333,5692,-304.7782796751276,-0.06579022684177921,0.5138295668241109,0.5514428637334392,0.3159818321827468
paper_max_T300,A,1.0471975511965976,0.3333333333333333,5693,-304.83182315654614,-0.06579022351639852,0.5400231589282125,0.5564227689878102,0.0
paper_max_T300,A,1.0471975511965976,0.3333333333333333,5694,-304.88536668759457,-0.06579007989819297,0.5138314194593963,0.5514442103990082,0.31598324830749075
paper_max_T300,A,1.0471975511965976,0.3333333333333333,5695,-304.9389111878166,-0.06579026175534108,0.5400245872302735,0.5564237041374263,0.0
paper_max_T300,A,1.0471975511965976,0.3333333333333333,5696,-304.9924565170042,-0.06579035660845456,0.5138319780494051,0.5514446178228614,0.3159836745515104
paper_max_T300,A,1.0471975511965976,0.3333333333333333,5697,-305.0460022757091,-0.0657907579727876,0.5400238958956015,0.5564232534434027,0.0
paper_max_T300,A,1.0471975511965976,0.3333333333333333,5698,-305.09954737176025,-0.06579084392201162,0.5138302996937729,0.5514433990985081,0.31598239098603614
paper_max_T300,A,1.0471975511965976,0.3333333333333333,5699,-305.15309135917835,-0.06579094152164366,0.5400224149781905,0.5564222851352458,0.0
paper_max_T300,A,1.0471975511965976,0.3333333333333333,5700,-305.2066342409883,-0.06579062947377107,0.5138293562149574,0.5514427132983071,0.3159816697930963
paper_max_T300,A,1.0471975511965976,0.3333333333333333,5701,-305.2601768289446,-0.06579045073714362,0.5400223377971503,0.5564222345510358,0.0
paper_max_T300,A,1.0471975511965976,0.3333333333333333,5702,-305.3137197455528,-0.06579009891273158,0.5138295566078509,0.5514428593174379,0.3159818227783915
paper_max_T300,A,1.0471975511965976,0.3333333333333333,5703,-305.3672636339468,-0.06579012716747845,0.5400220165779402,0.5564220253359553,0.0
paper_max_T300,A,1.0471975511965976,0.3333333333333333,5704,-305.42080808036735,-0.06579009364690996,0.5138280777101796,0.5514417855382269,0.3159806916967258
paper_max_T300,A,1.0471975511965976,0.3333333333333333,5705,-305.47435257302925,-0.06579018593752511,0.5400198657386881,0.5564206190827842,0.0
paper_max_T300,A,1.0471975511965976,0.3333333333333333,5706,-305.5278963724607,-0.06579009440583217,0.5138254460429603,0.5514398727592875,0.3159786799947773
paper_max_T300,A,1.0471975511965976,0.3333333333333333,5707,-305.58143916203915,-0.06578980983728333,0.5400181895759449,0.5564195218080782,0.0
paper_max_T300,A,1.0471975511965976,0.3333333333333333,5708,-305.63498133067213,-0.06578944558943178,0.5138247496159584,0.5514393654933544,0.3159781481940771
paper_max_T300,A,1.0471975511965976,0.3333333333333333,5709,-305.68852356985036,-0.06578905438606181,0.5400184182937555,0.5564196705924158,0.0
paper_max_T300,A,1.0471975511965976,0.3333333333333333,5710,-305.7420666286676,-0.0657888970840903,0.5138251792400517,0.5514396774406602,0.3159784767846145
paper_max_T300,A,1.0471975511965976,0.3333333333333333,5711,-305.7956107578352,-0.06578883168635435,0.5400182585305096,0.5564195661783906,0.0
paper_max_T300,A,1.0471975511965976,0.3333333333333333,5712,-305.8491556302488,-0.06578903810071335,0.5138241481813526,0.551438928068386,0.3159776886024081
paper_max_T300,A,1.0471975511965976,0.3333333333333333,5713,-305.9027003134315,-0.06578899592218035,0.5400170197572908,0.5564187553066618,0.0
paper_max_T300,A,1.0471975511965976,0.3333333333333333,5714,-305.95624434599125,-0.06578907959454705,0.5138232447901453,0.5514382703129529,0.3159769986255362
paper_max_T300,A,1.0471975511965976,0.3333333333333333,5715,-306.0097873682666,-0.06578875538245688,0.5400172847464993,0.556418927145183,0.0
paper_max_T300,A,1.0471975511965976,0.3333333333333333,5716,-306.0633302176251,-0.06578866787035176,0.5138248077654485,0.5514394049342354,0.31597819414022166
paper_max_T300,A,1.0471975511965976,0.3333333333333333,5717,-306.11687363049833,-0.06578848443553736,0.5400192107749962,0.5564201863046224,0.0
paper_max_T300,A,1.0471975511965976,0.3333333333333333,5718,-306.1704183270623,-0.06578870299478579,0.5138267009831846,0.5514407808279876,0.3159796414332332
paper_max_T300,A,1.0471975511965976,0.3333333333333333,5719,-306.22396408136075,-0.06578891534422543,0.5400200799874817,0.556420755128038,0.0
paper_max_T300,A,1.0471975511965976,0.3333333333333333,5720,-306.27751018025145,-0.06578934668340836,0.5138268616872684,0.5514408977685333,0.31597976419842044
paper_max_T300,A,1.0471975511965976,0.3333333333333333,5721,-306.33105551095315,-0.06578949849866067,0.5400201031183395,0.5564207699739437,0.0
paper_max_T300,A,1.0471975511965976,0.3333333333333333,5722,-306.3845998138905,-0.065789631679885,0.5138275707280433,0.5514414124240239,0.31598030657981446
paper_max_T300,A,1.0471975511965976,0.3333333333333333,5723,-306.43814332751833,-0.06578956392787139,0.5400216541435554,0.5564217839056745,0.0
paper_max_T300,A,1.0471975511965976,0.3333333333333333,5724,-306.49168702917973,-0.06578954019842231,0.5138300346102983,0.5514432029649203,0.31598219016953666
paper_max_T300,A,1.0471975511965976,0.3333333333333333,5725,-306.5452317579476,-0.06578971816659862,0.5400236778491749,0.5564231081987321,0.0
paper_max_T300,A,1.0471975511965976,0.3333333333333333,5726,-306.59877749622694,-0.06578995736940363,0.5138313319071336,0.5514441469691324,0.31598318126673974
paper_max_T300,A,1.0471975511965976,0.3333333333333333,5727,-306.6523237102595,-0.06579039642630735,0.5400236998381375,0.55642312385034,0.0
paper_max_T300,A,1.0471975511965976,0.3333333333333333,5728,-306.7058693164047,-0.06579061671966807,0.5138305333720546,0.5514435675324301,0.315982570353212
paper_max_T300,A,1.0471975511965976,0.3333333333333333,5729,-306.75941375752666,-0.0657907920055118,0.5400230276159075,0.5564226845117665,0.0
paper_max_T300,A,1.0471975511965976,0.3333333333333333,5730,-306.8129570872935,-0.06579060023923261,0.5138304886585436,0.5514435350430567,0.315982536169093
paper_max_T300,A,1.0471975511965976,0.3333333333333333,5731,-306.86650016450704,-0.06579054701427134,0.5400236659924205,0.5564231021962921,0.0
paper_max_T300,A,1.0471975511965976,0.3333333333333333,5732,-306.9200436355814,-0.06579029612184722,0.5138313665650532,0.551444173742675,0.31598320692728044
paper_max_T300,A,1.0471975511965976,0.3333333333333333,5733,-306.9735881327949,-0.06579047264060367,0.5400238084958465,0.5564231966266912,0.0
paper_max_T300,A,1.0471975511965976,0.3333333333333333,5734,-307.0271330846148,-0.06579048982156754,0.5138302755175225,0.5514433822276679,0.31598237213247815
paper_max_T300,A,1.0471975511965976,0.3333333333333333,5735,-307.0806779547164,-0.0657907156261055,0.5400218948913046,0.5564219459915147,0.0
paper_max_T300,A,1.0471975511965976,0.3333333333333333,5736,-307.134221909771,-0.0657906099013933,0.5138277989860139,0.5514415826787338,0.31598047877748847
paper_max_T300,A,1.0471975511965976,0.3333333333333333,5737,-307.18776481509593,-0.06579043692053199,0.540020237463828,0.556420861478673,0.0
paper_max_T300,A,1.0471975511965976,0.3333333333333333,5738,-307.2413070341899,-0.0657900141849096,0.5138269550463459,0.5514409687150968,0.31597983393858353
paper_max_T300,A,1.0471975511965976,0.3333333333333333,5739,-307.29484939984343,-0.06578971175524528,0.5400201662221018,0.5564208145370317,0.0
paper_max_T300,A,1.0471975511965976,0.3333333333333333,5740,-307.34839246059323,-0.06578946352504778,0.5138268554867724,0.5514408965330031,0.3159797577455
paper_max_T300,A,1.0471975511965976,0.3333333333333333,5741,-307.40193648548984,-0.06578943744326127,0.5400194100818699,0.5564203204424958,0.0
paper_max_T300,A,1.0471975511965976,0.3333333333333333,5742,-307.45548099645714,-0.06578951375951847,0.5138250572254058,0.5514395899148351,0.3159783829048669
paper_max_T300,A,1.0471975511965976,0.3333333333333333,5743,-307.5090252231194,-0.06578944461870878,0.540017463240059,0.5564190466590893,0.0
paper_max_T300,A,1.0471975511965976,0.3333333333333333,5744,-307.56256872813873,-0.06578937749970554,0.5138233396543932,0.5514383405790738,0.3159770704497038
paper_max_T300,A,1.0471975511965976,0.3333333333333333,5745,-307.6161113024686,-0.06578898066692873,0.5400170042782941,0.5564187450060916,0.0
paper_max_T300,A,1.0471975511965976,0.3333333333333333,5746,-307.66965371731726,-0.06578876178813431,0.5138240660929858,0.5514388672298159,0.31597762646869193
paper_max_T300,A,1.0471975511965976,0.3333333333333333,5747,-307.72319668042417,-0.06578847798571952,0.5400181893757368,0.556419519453587,0.0
paper_max_T300,A,1.0471975511965976,0.3333333333333333,5748,-307.7767408558948,-0.06578859820422256,0.5138251505153666,0.5514396551547636,0.315978455567716
paper_max_T300,A,1.0471975511965976,0.3333333333333333,5749,-307.83028602903596,-0.06578867787896925,0.5400184271744171,0.5564196749972448,0.0
paper_max_T300,A,1.0471975511965976,0.3333333333333333,5750,-307.8838316039331,-0.06578903924126966,0.5138247441069442,0.5514393595439112,0.31597814500637134
paper_max_T300,A,1.0471975511965976,0.3333333333333333,5751,-307.9373764775342,-0.06578904061967106,0.5400181117133624,0.5564194678954094,0.0
paper_max_T300,A,1.0471975511965976,0.3333333333333333,5752,-307.9909204808841,-0.06578915029878818,0.5138252496767112,0.5514397258376468,0.3159785320944506
paper_max_T300,A,1.0471975511965976,0.3333333333333333,5753,-308.0444637321751,-0.06578895446255673,0.540019619013621,0.5564204527658241,0.0
paper_max_T300,A,1.0471975511965976,0.3333333333333333,5754,-308.09800728553,-0.06578897331119421,0.5138277901791195,0.5514415716136807,0.31598047449973043
paper_max_T300,A,1.0471975511965976,0.3333333333333333,5755,-308.1515518807477,-0.06578906295787379,0.5400218131667769,0.5564218881060897,0.0
paper_max_T300,A,1.0471975511965976,0.3333333333333333,5756,-308.20509765880706,-0.06578939289533453,0.5138294134474418,0.5514427520452864,0.31598171503711814
paper_max_T300,A,1.0471975511965976,0.3333333333333333,5757,-308.2586439783115,-0.06578977637604644,0.5400222589444603,0.5564221804733014,0.0
paper_max_T300,A,1.0471975511965976,0.3333333333333333,5758,-308.31218985119585,-0.06579010913497518,0.5138292603322453,0.5514426412464092,0.3159815977390089
paper_max_T300,A,1.0471975511965976,0.3333333333333333,5759,-308.3657345581853,-0.06579027364727519,0.5400222778155218,0.5564221928541333,0.0
paper_max_T300,A,1.0471975511965976,0.3333333333333333,5760,-308.41927823333765,-0.0657902154039462,0.5138300859321292,0.5514432410616961,0.31598222898566
paper_max_T300,A,1.0471975511965976,0.3333333333333333,5761,-308.4728216794742,-0.06579021588421374,0.5400237001426079,0.5564231232308936,0.0
paper_max_T300,A,1.0471975511965976,0.3333333333333333,5762,-308.52636565095054,-0.06579011168598414,0.5138318240989581,0.5514445049428004,0.3159835573867624
paper_max_T300,A,1.0471975511965976,0.3333333333333333,5763,-308.57991072949306,-0.06579039058825553,0.5400245549262289,0.5564236835876835,0.0
paper_max_T300,A,1.0471975511965976,0.3333333333333333,5764,-308.6334563026155,-0.06579053015548186,0.5138314936397818,0.5514442662961879,0.3159833039691131
paper_max_T300,A,1.0471975511965976,0.3333333333333333,5765,-308.6870017284855,-0.0657908763702163,0.5400232739166352,0.5564228469197823,0.0
paper_max_T300,A,1.0471975511965976,0.3333333333333333,5766,-308.7405461086871,-0.06579084489271791,0.5138296807539671,0.5514429493500844,0.31598191779500534
paper_max_T300,A,1.0471975511965976,0.3333333333333333,5767,-308.7940893810789,-0.06579080548254446,0.5400221184452679,0.5564220911233674,0.0
paper_max_T300,A,1.0471975511965976,0.3333333333333333,5768,-308.8476319258221,-0.06579041726439921,0.5138292593039273,0.5514426428810509,0.3159815956971238
paper_max_T300,A,1.0471975511965976,0.3333333333333333,5769,-308.90117470061637,-0.06579025695703117,0.5400222510125801,0.5564221779597989,0.0
paper_max_T300,A,1.0471975511965976,0.3333333333333333,5770,-308.9547181085677,-0.06579000170316679,0.5138291863694341,0.5514425905451809,0.3159815395907085
paper_max_T300,A,1.0471975511965976,0.3333333333333333,5771,-309.00826241565426,-0.06579009184471335,0.5400213572474881,0.5564215943362695,0.0
paper_max_T300,A,1.0471975511965976,0.3333333333333333,5772,-309.0618069448413,-0.06579010137154934,0.5138270887055252,0.5514410668162804,0.31597993562076265
paper_max_T300,A,1.0471975511965976,0.3333333333333333,5773,-309.11535105323594,-0.06579009579359107,0.5400190521117573,0.5564200866513976,0.0
paper_max_T300,A,1.0471975511965976,0.3333333333333333,5774,-309.16889427922314,-0.06578991262529948,0.5138248682010603,0.5514394523726859,0.31597823848329143
paper_max_T300,A,1.0471975511965976,0.3333333333333333,5775,-309.22243663148737,-0.06578953501073886,0.5400180576519197,0.5564194350708499,0.0
paper_max_T300,A,1.0471975511965976,0.3333333333333333,5776,-309.27597879055645,-0.06578918589410027,0.5138248676528847,0.5514394509764398,0.3159782385890595
paper_max_T300,A,1.0471975511965976,0.3333333333333333,5777,-309.32952150193427,-0.06578888139328132,0.540018504448642,0.5564197268295952,0.0
paper_max_T300,A,1.0471975511965976,0.3333333333333333,5778,-309.3830652635612,-0.06578886995640165,0.5138250405709334,0.5514395766085506,0.31597837080676516
paper_max_T300,A,1.0471975511965976,0.3333333333333333,5779,-309.4366099054594,-0.0657888733739751,0.5400179312311358,0.556419351941189,0.0
paper_max_T300,A,1.0471975511965976,0.3333333333333333,5780,-309.49015485772475,-0.06578910206716004,0.5138237678113335,0.5514386512830816,0.3159773980040391
paper_max_T300,A,1.0471975511965976,0.3333333333333333,5781,-309.54369913921255,-0.0657889791806695,0.5400169381605974,0.5564187014174732,0.0
paper_max_T300,A,1.0471975511965976,0.3333333333333333,5782,-309.59724264213986,-0.06578898261193783,0.5138236110929835,0.5514385359861883,0.31597727893475325
paper_max_T300,A,1.0471975511965976,0.3333333333333333,5783,-309.65078545396227,-0.06578865093073027,0.5400179471066963,0.5564193600110781,0.0
paper_max_T300,A,1.0471975511965976,0.3333333333333333,5784,-309.70432862262874,-0.06578862047679102,0.5138256731794018,0.5514400337334201,0.31597885579181234
paper_max_T300,A,1.0471975511965976,0.3333333333333333,5785,-309.7578728046825,-0.06578858045052949,0.5400198074245685,0.5564205766186859,0.0
paper_max_T300,A,1.0471975511965976,0.3333333333333333,5786,-309.8114182552429,-0.06578891232977518,0.5138270527813519,0.5514410366171829,0.31597991030197015
paper_max_T300,A,1.0471975511965976,0.3333333333333333,5787,-309.86496428850654,-0.06578917131009482,0.5400201955126792,0.556420830723025,0.0
paper_max_T300,A,1.0471975511965976,0.3333333333333333,5788,-309.9185100589302,-0.06578954377130503,0.5138270389648332,0.5514410265060945,0.31597989977388347
paper_max_T300,A,1.0471975511965976,0.3333333333333333,5789,-309.97205471281814,-0.06578961129023775,0.5400205099174817,0.5564210358997119,0.0
paper_max_T300,A,1.0471975511965976,0.3333333333333333,5790,-310.0255984719106,-0.06578964024695322,0.5138283576850561,0.5514419842677895,0.3159809082212591
paper_max_T300,A,1.0471975511965976,0.3333333333333333,5791,-310.079142015352,-0.06578960245179133,0.5400224593279588,0.5564223106987396,0.0
paper_max_T300,A,1.0471975511965976,0.3333333333333333,5792,-310.13268623868623,-0.06578963071201416,0.5138307615970856,0.5514437316828122,0.31598274571894946
paper_max_T300,A,1.0471975511965976,0.3333333333333333,5793,-310.1862316442491,-0.06578992636728342,0.5400239474836406,0.5564232850695384,0.0
paper_max_T300,A,1.0471975511965976,0.3333333333333333,5794,-310.2397776969813,-0.06579020790741746,0.5138312107997876,0.5514440594366317,0.31598308843202577
paper_max_T300,A,1.0471975511965976,0.3333333333333333,5795,-310.2933236060164,-0.0657906076413105,0.5400234098973844,0.5564229345199699,0.0
paper_max_T300,A,1.0471975511965976,0.3333333333333333,5796,-310.34686847102216,-0.06579070185277008,0.513830288777074,0.55144338990331,0.3159823833032654
paper_max_T300,A,1.0471975511965976,0.3333333333333333,5797,-310.40041217936437,-0.06579075760230935,0.5400230373364847,0.5564226909281731,0.0
paper_max_T300,A,1.0471975511965976,0.3333333333333333,5798,-310.4539551766029,-0.06579048008115884,0.5138306898924694,0.5514436814445242,0.31598268991898393
paper_max_T300,A,1.0471975511965976,0.3333333333333333,5799,-310.50749848080414,-0.06579045659539529,0.540023785557664,0.5564231807326981,0.0
paper_max_T300,A,1.0471975511965976,0.3333333333333333,5800,-310.56104245375855,-0.06579028388394143,0.5138311643339757,0.5514440272486968,0.3159830520785616
paper_max_T300,A,1.0471975511965976,0.3333333333333333,5801,-310.61458731990956,-0.06579051839473804,0.5400232438939816,0.5564228277803418,0.0
paper_max_T300,A,1.0471975511965976,0.3333333333333333,5802,-310.6681322298289,-0.0657905518121486,0.5138293394204037,0.5514427021643723,0.3159816563950542
paper_max_T300,A,1.0471975511965976,0.3333333333333333,5803,-310.7216765806617,-0.06579066819209489,0.5400210795396223,0.5564214126483135,0.0
paper_max_T300,A,1.0471975511965976,0.3333333333333333,5804,-310.775219866191,-0.06579044897412684,0.5138271563397598,0.5514411154066119,0.3159799876147318
paper_max_T300,A,1.0471975511965976,0.3333333333333333,5805,-310.8287623038567,-0.06579017131538434,0.540019984963916,0.5564206960684672,0.0
paper_max_T300,A,1.0471975511965976,0.3333333333333333,5806,-310.8823045037306,-0.06578974992562864,0.5138268605725448,0.5514408999377042,0.31597976177922005
paper_max_T300,A,1.0471975511965976,0.3333333333333333,5807,-310.93584729112274,-0.06578951583739212,0.5400200065091245,0.5564207101118301,0.0
paper_max_T300,A,1.0471975511965976,0.3333333333333333,5808,-310.9893909426221,-0.06578939998754724,0.5138263899467556,0.5514405582741402,0.315979401822516
paper_max_T300,A,1.0471975511965976,0.3333333333333333,5809,-311.0429353322862,-0.06578941597529853,0.5400187734548526,0.5564199039684822,0.0
paper_max_T300,A,1.0471975511965976,0.3333333333333333,5810,-311.0964798157697,-0.06578950522469112,0.5138243191915048,0.5514390532392806,0.3159778188643869
paper_max_T300,A,1.0471975511965976,0.3333333333333333,5811,-311.1500236024566,-0.06578933310939328,0.5400170690036885,0.5564187882746444,0.0
paper_max_T300,A,1.0471975511965976,0.3333333333333333,5812,-311.2035666062991,-0.06578919106780645,0.5138233550350926,0.5514383511875222,0.31597708250662293
paper_max_T300,A,1.0471975511965976,0.3333333333333333,5813,-311.257108995313,-0.06578877429050078,0.5400173625869621,0.5564189789362828,0.0
paper_max_T300,A,1.0471975511965976,0.3333333333333333,5814,-311.31065172814016,-0.06578862775080235,0.5138246002449394,0.5514392551948779,0.3159780349317715
paper_max_T300,A,1.0471975511965976,0.3333333333333333,5815,-311.36419541896055,-0.06578847676326882,0.5400185220559932,0.5564197369874395,0.0
paper_max_T300,A,1.0471975511965976,0.3333333333333333,5816,-311.417740331849,-0.06578872504040117,0.513825256111508,0.5514397318473193,0.3159785363141693
paper_max_T300,A,1.0471975511965976,0.3333333333333333,5817,-311.4712858105455,-0.06578884392668338,0.5400183888685108,0.5564196497692573,0.0
paper_max_T300,A,1.0471975511965976,0.3333333333333333,5818,-311.52483114210787,-0.06578916431124482,0.5138248255993951,0.5514394184508941,0.3159782074702776
paper_max_T300,A,1.0471975511965976,0.3333333333333333,5819,-311.57837543301395,-0.06578908782238646,0.5400184993470298,0.5564197210718722,0.0
paper_max_T300,A,1.0471975511965976,0.3333333333333333,5820,-311.63191897327056,-0.06578911899984652,0.5138260780617976,0.5514403275903116,0.31597916551224303
paper_max_T300,A,1.0471975511965976,0.3333333333333333,5821,-311.68546231167215,-0.06578897059659389,0.540020507937488,0.5564210341505526,0.0
paper_max_T300,A,1.0471975511965976,0.3333333333333333,5822,-311.7390064523719,-0.0657890641477667,0.5138286642106873,0.5514422070129469,0.3159811425569391
paper_max_T300,A,1.0471975511965976,0.3333333333333333,5823,-311.79255181338544,-0.0657892883420586,0.5400222617337169,0.5564221818330882,0.0
paper_max_T300,A,1.0471975511965976,0.3333333333333333,5824,-311.8460980089023,-0.0657896716048304,0.5138295563292394,0.5514428562022109,0.31598182409626174
paper_max_T300,A,1.0471975511965976,0.3333333333333333,5825,-311.899644112817,-0.06579003354895907,0.5400222516659026,0.5564221758977556,0.0
paper_max_T300,A,1.0471975511965976,0.3333333333333333,5826,-311.9531892923792,-0.06579024643360892,0.513829378914171,0.5514427274766718,0.31598168836713897
paper_max_T300,A,1.0471975511965976,0.3333333333333333,5827,-312.00673329855476,-0.06579031605362357,0.5400226235814022,0.5564224190490603,0.0
paper_max_T300,A,1.0471975511965976,0.3333333333333333,5828,-312.0602766749085,-0.06579017638818174,0.5138306633899405,0.5514436608965632,0.31598267033926586
paper_max_T300,A,1.0471975511965976,0.3333333333333333,5829,-312.11382041570613,-0.06579022902622295,0.5400241316183678,0.5564234058233741,0.0
paper_max_T300,A,1.0471975511965976,0.3333333333333333,5830,-312.1673649510243,-0.06579019562118171,0.5138319478816127,0.5514445954474564,0.3159836517249205
paper_max_T300,A,1.0471975511965976,0.3333333333333333,5831,-312.2209104265103,-0.06579054243911758,0.5400242527424071,0.5564234864800939,0.0
paper_max_T300,A,1.0471975511965976,0.3333333333333333,5832,-312.2744559088564,-0.06579067839436331,0.5138308264549324,0.5514437817995325,0.3159827937351141
paper_max_T300,A,1.0471975511965976,0.3333333333333333,5833,-312.32800073175434,-0.06579091844956064,0.5400226623700775,0.5564224470550361,0.0
paper_max_T300,A,1.0471975511965976,0.3333333333333333,5834,-312.38154435898787,-0.0657907535471749,0.5138292157851974,0.5514426114012204,0.31598156235847646
paper_max_T300,A,1.0471975511965976,0.3333333333333333,5835,-312.4350871369927,-0.06579061124283953,0.5400219594389216,0.556421987072432,0.0
paper_max_T300,A,1.0471975511965976,0.3333333333333333,5836,-312.4886296624411,-0.06579020682551595,0.5138291880279643,0.5514425911758498,0.31598154115708416
paper_max_T300,A,1.0471975511965976,0.3333333333333333,5837,-312.54217284149706,-0.06579010652373862,0.5400220396180304,0.5564220399354625,0.0
paper_max_T300,A,1.0471975511965976,0.3333333333333333,5838,-312.5957167514724,-0.06578996136921744,0.5138285918001855,0.5514421587157852,0.31598108492441807
paper_max_T300,A,1.0471975511965976,0.3333333333333333,5839,-312.64926127481874,-0.06579007247003693,0.5400205593262828,0.5564210725505165,0.0
paper_max_T300,A,1.0471975511965976,0.3333333333333333,5840,-312.7028056251433,-0.065790073332961,0.5138261250067109,0.5514403663015739,0.31597919898418536
paper_max_T300,A,1.0471975511965976,0.3333333333333333,5841,-312.7563491994659,-0.0657899430325598,0.5400184253580114,0.5564196763131841,0.0
paper_max_T300,A,1.0471975511965976,0.3333333333333333,5842,-312.8098919029467,-0.06578967605359376,0.5138245792549037,0.5514392419165633,0.3159780178362432
paper_max_T300,A,1.0471975511965976,0.3333333333333333,5843,-312.86343407052675,-0.06578926096115972,0.540018112818177,0.5564194707918353,0.0
paper_max_T300,A,1.0471975511965976,0.3333333333333333,5844,-312.9169765231118,-0.06578898495391527,0.5138250263168291,0.5514395660989723,0.3159783599832139
paper_max_T300,A,1.0471975511965976,0.3333333333333333,5845,-312.97051987811375,-0.06578879278146826,0.5400184962052439,0.55641972137733,0.0
paper_max_T300,A,1.0471975511965976,0.3333333333333333,5846,-313.0240642869975,-0.06578891160075184,0.513824772297892,0.5514393815465517,0.31597816577010207
paper_max_T300,A,1.0471975511965976,0.3333333333333333,5847,-313.0776091764043,-0.06578893384130746,0.5400175949902919,0.5564191317455772,0.0
paper_max_T300,A,1.0471975511965976,0.3333333333333333,5848,-313.13115390672715,-0.06578913087743904,0.5138235589709534,0.5514384990594374,0.31597723858625437
paper_max_T300,A,1.0471975511965976,0.3333333333333333,5849,-313.1846976667154,-0.06578892218673005,0.540017113992942,0.5564188159026136,0.0
paper_max_T300,A,1.0471975511965976,0.3333333333333333,5850,-313.2382407770332,-0.06578886908318327,0.5138242455522684,0.5514389966395765,0.3159777641896915
paper_max_T300,A,1.0471975511965976,0.3333333333333333,5851,-313.2917837100418,-0.065788588177642,0.540018705618726,0.5564198559265616,0.0
paper_max_T300,A,1.0471975511965976,0.3333333333333333,5852,-313.34532749263064,-0.06578865653067972,0.5138264520805153,0.5514405998049494,0.3159794512284012
paper_max_T300,A,1.0471975511965976,0.3333333333333333,5853,-313.3988724788047,-0.06578875616113244,0.5400202302218375,0.5564208532798035,0.0
paper_max_T300,A,1.0471975511965976,0.3333333333333333,5854,-313.4524184293515,-0.06578915905627103,0.5138272447780929,0.5514411762439635,0.3159800570236412
paper_max_T300,A,1.0471975511965976,0.3333333333333333,5855,-313.50596434988245,-0.06578940685830581,0.5400203033540646,0.556420901228031,0.0
paper_max_T300,A,1.0471975511965976,0.3333333333333333,5856,-313.5595095219851,-0.06578967684687392,0.5138273613369733,0.5514412606542364,0.3159801462898365
paper_max_T300,A,1.0471975511965976,0.3333333333333333,5857,-313.61305354609345,-0.06578967177326644,0.5400210833045482,0.5564214108349533,0.0
paper_max_T300,A,1.0471975511965976,0.3333333333333333,5858,-313.6665970639385,-0.06578963738721033,0.5138292291721139,0.5514426176745589,0.3159815744113663
paper_max_T300,A,1.0471975511965976,0.3333333333333333,5859,-313.72014097738855,-0.0657896769651502,0.540023169193559,0.5564227752940413,0.0
paper_max_T300,A,1.0471975511965976,0.3333333333333333,5860,-313.7736858540968,-0.06578978299503435,0.5138312192514243,0.5514440647599521,0.31598309532376373
paper_max_T300,A,1.0471975511965976,0.3333333333333333,5861,-313.8272317429917,-0.06579016435392449,0.5400239546563215,0.5564232902632665,0.0
paper_max_T300,A,1.0471975511965976,0.3333333333333333,5862,-313.8807777397646,-0.06579043581968391,0.5138309092081348,0.5514438406359371,0.3159828576790744
paper_max_T300,A,1.0471975511965976,0.3333333333333333,5863,-313.93432303887744,-0.06579074469086493,0.5400231219210035,0.5564227463513559,0.0
paper_max_T300,A,1.0471975511965976,0.3333333333333333,5864,-313.9878671148896,-0.06579069604899257,0.5138301719639471,0.55144330507501,0.3159822939692498
paper_max_T300,A,1.0471975511965976,0.3333333333333333,5865,-314.04141032689114,-0.06579066485819751,0.5400231469979043,0.5564227627427564,0.0
paper_max_T300,A,1.0471975511965976,0.3333333333333333,5866,-314.0949533276935,-0.06579035938312983,0.5138308628088741,0.5514438073628877,0.31598282197075245
paper_max_T300,A,1.0471975511965976,0.3333333333333333,5867,-314.14849706613575,-0.0657904017976998,0.5400237299895023,0.5564231447989525,0.0
paper_max_T300,A,1.0471975511965976,0.3333333333333333,5868,-314.20204150985523,-0.06579031732127338,0.5138306830956778,0.5514436779694787,0.3159826839503155
paper_max_T300,A,1.0471975511965976,0.3333333333333333,5869,-314.255586494092,-0.06579056438782,0.5400224962956317,0.5564223391103776,0.0
paper_max_T300,A,1.0471975511965976,0.3333333333333333,5870,-314.3091310825956,-0.06579056288563556,0.513828379535665,0.5514420046285646,0.3159809225677738
paper_max_T300,A,1.0471975511965976,0.3333333333333333,5871,-314.3626747873611,-0.06579054225423514,0.5400204053862204,0.5564209715121105,0.0
paper_max_T300,A,1.0471975511965976,0.3333333333333333,5872,-314.41621749700363,-0.06579022104303678,0.5138267466053149,0.5514408173631256,0.3159796745253901
paper_max_T300,A,1.0471975511965976,0.3333333333333333,5873,-314.4697597399032,-0.06578989288870984,0.5400198697894691,0.5564206205456258,0.0
paper_max_T300,A,1.0471975511965976,0.3333333333333333,5874,-314.52330220624424,-0.065789532434407,0.513826756982368,0.5514408246250844,0.3159796826056894
paper_max_T300,A,1.0471975511965976,0.3333333333333333,5875,-314.5768455460818,-0.06578938919187421,0.5400197208922335,0.5564205233642053,0.0
paper_max_T300,A,1.0471975511965976,0.3333333333333333,5876,-314.6303897107566,-0.06578939127127847,0.5138257762573211,0.5514401122731929,0.3159789326818928
paper_max_T300,A,1.0471975511965976,0.3333333333333333,5877,-314.68393421935116,-0.06578939970777092,0.5400181247947918,0.5564194794750366,0.0
paper_max_T300,A,1.0471975511965976,0.3333333333333333,5878,-314.7374784244583,-0.06578945277248,0.5138237586240988,0.5514386454047365,0.31597739055991714
paper_max_T300,A,1.0471975511965976,0.3333333333333333,5879,-314.79102169634484,-0.06578917664231099,0.540016941230529,0.5564187041438245,0.0
paper_max_T300,A,1.0471975511965976,0.3333333333333333,5880,-314.8445643479052,-0.06578898844877012,0.5138236520613426,0.5514385665558583,0.3159773098345281
paper_max_T300,A,1.0471975511965976,0.3333333333333333,5881,-314.89810686427194,-0.06578861230382621,0.5400178347058129,0.5564192874465814,0.0
paper_max_T300,A,1.0471975511965976,0.3333333333333333,5882,-314.9516501909519,-0.06578858078077815,0.5138250797343875,0.5514396035538307,0.3159784015424194
paper_max_T300,A,1.0471975511965976,0.3333333333333333,5883,-315.00519465282895,-0.06578855993589783,0.540018721861667,0.5564198676425779,0.0
paper_max_T300,A,1.0471975511965976,0.3333333333333333,5884,-315.05874008347877,-0.06578889416629408,0.5138252610438008,0.5514397353338181,0.3159785401318729
paper_max_T300,A,1.0471975511965976,0.3333333333333333,5885,-315.11228551352315,-0.06578899880243305,0.5400184000531968,0.5564196568382016,0.0
paper_max_T300,A,1.0471975511965976,0.3333333333333333,5886,-315.1658303451412,-0.06578923697743155,0.5138251148746539,0.5514396283332359,0.31597842879509125
paper_max_T300,A,1.0471975511965976,0.3333333333333333,5887,-315.2193740903641,-0.06578909954408402,0.5400191021897367,0.5564201150779274,0.0
paper_max_T300,A,1.0471975511965976,0.3333333333333333,5888,-315.2729174547143,-0.06578909314779052,0.5138270385305468,0.551441025480949,0.3159798998244219
paper_max_T300,A,1.0471975511965976,0.3333333333333333,5889,-315.3264612214942,-0.06578904068235414,0.5400213399253322,0.5564215784530412,0.0
paper_max_T300,A,1.0471975511965976,0.3333333333333333,5890,-315.3800060959261,-0.06578923041348744,0.5138293124249845,0.5514426784068553,0.3159816379279837
paper_max_T300,A,1.0471975511965976,0.3333333333333333,5891,-315.4335520411231,-0.06578955669019881,0.5400224864204968,0.5564223291350122,0.0
paper_max_T300,A,1.0471975511965976,0.3333333333333333,5892,-315.4870982726128,-0.06578993739641864,0.5138295584075884,0.5514428579596112,0.3159818255562433
paper_max_T300,A,1.0471975511965976,0.3333333333333333,5893,-315.5406438300091,-0.0657902279749788,0.5400222713967321,0.5564221889083454,0.0
paper_max_T300,A,1.0471975511965976,0.3333333333333333,5894,-315.59418824595605,-0.06579030309974276,0.5138296366677039,0.5514429148268706,0.315981885397379
paper_max_T300,A,1.0471975511965976,0.3333333333333333,5895,-315.6477317875737,-0.06579031059325596,0.5400230634238539,0.5564227068399705,0.0
paper_max_T300,A,1.0471975511965976,0.3333333333333333,5896,-315.7012752153009,-0.06579014389998805,0.5138311919356542,0.5514440453074292,0.3159830742355868
paper_max_T300,A,1.0471975511965976,0.3333333333333333,5897,-315.75481946149125,-0.0657902805218945,0.5400243634085086,0.5564235579062994,0.0
paper_max_T300,A,1.0471975511965976,0.3333333333333333,5898,-315.80836450371726,-0.0657903227231047,0.5138317623732326,0.5514444611810949,0.31598350962108324
paper_max_T300,A,1.0471975511965976,0.3333333333333333,5899,-315.8619100790298,-0.06579068790534692,0.5400237392061777,0.5564231510292812,0.0
paper_max_T300,A,1.0471975511965976,0.3333333333333333,5900,-315.9154551545863,-0.06579076754238677,0.5138300976933461,0.5514432523903684,0.3159822365118512
paper_max_T300,A,1.0471975511965976,0.3333333333333333,5901,-315.9689992456564,-0.06579087258190341,0.54002214996139,0.5564221119013899,0.0
paper_max_T300,A,1.0471975511965976,0.3333333333333333,5902,-316.0225422419187,-0.06579058709369895,0.5138289247071841,0.551442399793594,0.3159813398712132
paper_max_T300,A,1.0471975511965976,0.3333333333333333,5903,-316.07608482259684,-0.06579039326958103,0.5400218793350988,0.556421934691017,0.0
paper_max_T300,A,1.0471975511965976,0.3333333333333333,5904,-316.1296276071624,-0.06579003170596187,0.5138290416433683,0.5514424849679123,0.31598142915855276
paper_max_T300,A,1.0471975511965976,0.3333333333333333,5905,-316.1831712792035,-0.0657900088786012,0.5400216512614575,0.5564217861830493,0.0
paper_max_T300,A,1.0471975511965976,0.3333333333333333,5906,-316.23671557212595,-0.06578995902746887,0.5138278028916281,0.5514415855584955,0.31598048174045934
paper_max_T300,A,1.0471975511965976,0.3333333333333333,5907,-316.29026005828825,-0.06579003968619801,0.540019717861651,0.556420522111515,0.0
paper_max_T300,A,1.0471975511965976,0.3333333333333333,5908,-316.3438040145974,-0.0657899868076467,0.5138253089075222,0.5514397728945013,0.31597857526459205
paper_max_T300,A,1.0471975511965976,0.3333333333333333,5909,-316.39734702879855,-0.06578973251482795,0.5400180407356937,0.5564194242827885,0.0
paper_max_T300,A,1.0471975511965976,0.3333333333333333,5910,-316.45088938489766,-0.06578941548013967,0.5138245470144873,0.551439218067418,0.3159779934093612
paper_max_T300,A,1.0471975511965976,0.3333333333333333,5911,-316.5044316665678,-0.06578902376896995,0.5400182664546176,0.5564195710333849,0.0
paper_max_T300,A,1.0471975511965976,0.3333333333333333,5912,-316.5579746585956,-0.06578886526155381,0.5138251269085563,0.5514396391051403,0.3159784369367076
paper_max_T300,A,1.0471975511965976,0.3333333333333333,5913,-316.61151868889016,-0.06578878247532988,0.5400183678675377,0.5564196373697115,0.0
paper_max_T300,A,1.0471975511965976,0.3333333333333333,5914,-316.66506355127115,-0.06578899128353388,0.5138244346056372,0.551439135949263,0.315977907707755
paper_max_T300,A,1.0471975511965976,0.3333333333333333,5915,-316.7186083825726,-0.0657889826784318,0.5400173452463543,0.5564189680210005,0.0
paper_max_T300,A,1.0471975511965976,0.3333333333333333,5916,-316.7721526716782,-0.06578911127830223,0.5138236035956654,0.551438530993576,0.31597727296064415
paper_max_T300,A,1.0471975511965976,0.3333333333333333,5917,-316.82569595366834,-0.0657888390797483,0.5400175445741768,0.5564190970746501,0.0
paper_max_T300,A,1.0471975511965976,0.3333333333333333,5918,-316.8792389424309,-0.0657887726034716,0.5138250566163911,0.5514395857822565,0.3159783843776076
paper_max_T300,A,1.0471975511965976,0.3333333333333333,5919,-316.9327823268309,-0.06578859303410028,0.5400194494321635,0.55642034238022,0.0
paper_max_T300,A,1.0471975511965976,0.3333333333333333,5920,-316.9863268802071,-0.06578877954299023,0.5138270601952458,0.551441041856512,0.3159799160510037
paper_max_T300,A,1.0471975511965976,0.3333333333333333,5921,-317.0398725157322,-0.06578898766336749,0.5400204835579522,0.556421019105627,0.0
paper_max_T300,A,1.0471975511965976,0.3333333333333333,5922,-317.09341860170997,-0.06578940410366857,0.5138273593273506,0.551441259526377,0.31598014457315327
paper_max_T300,A,1.0471975511965976,0.3333333333333333,5923,-317.1469640748725,-0.06578959480080121,0.5400204883533328,0.5564210221479833,0.0
paper_max_T300,A,1.0471975511965976,0.3333333333333333,5924,-317.20050855856414,-0.06578974445039876,0.5138278668155398,0.55144162788534,0.3159805327784033
paper_max_T300,A,1.0471975511965976,0.3333333333333333,5925,-317.2540521772645,-0.06578970191724409,0.5400217763058219,0.5564218641022384,0.0
paper_max_T300,A,1.0471975511965976,0.3333333333333333,5926,-317.3075958088728,-0.06578965542552562,0.5138300688365948,0.5514432281026733,0.3159822161939651
paper_max_T300,A,1.0471975511965976,0.3333333333333333,5927,-317.3611403151141,-0.06578980194332262,0.5400236885732504,0.5564231154164336,0.0
paper_max_T300,A,1.0471975511965976,0.3333333333333333,5928,-317.41468578355773,-0.06578998483782539,0.5138313747720127,0.5514441782932346,0.3159832139440484
paper_max_T300,A,1.0471975511965976,0.3333333333333333,5929,-317.4682318301925,-0.06579039996521763,0.5400237529555018,0.5564231587696602,0.0
paper_max_T300,A,1.0471975511965976,0.3333333333333333,5930,-317.5217774160721,-0.06579060590230074,0.5138305395268887,0.5514435722273446,0.31598257493971815
paper_max_T300,A,1.0471975511965976,0.3333333333333333,5931,-317.57532195576925,-0.06579079474268434,0.5400229144029038,0.5564226107118292,0.0
paper_max_T300,A,1.0471975511965976,0.3333333333333333,5932,-317.62886537349846,-0.06579061549562892,0.5138301911350571,0.5514433190658398,0.31598230859155174
paper_max_T300,A,1.0471975511965976,0.3333333333333333,5933,-317.68240840703504,-0.0657905459597955,0.5400232904922118,0.5564228567612024,0.0
paper_max_T300,A,1.0471975511965976,0.3333333333333333,5934,-317.7359516930719,-0.06579026875178029,0.5138309033411643,0.551443837163748,0.315982852772996
paper_max_T300,A,1.0471975511965976,0.3333333333333333,5935,-317.78949592236347,-0.06579038879234012,0.5400234480287492,0.5564229608140941,0.0
paper_max_T300,A,1.0471975511965976,0.3333333333333333,5936,-317.8430406686433,-0.06579037522366127,0.5138299559882186,0.5514431499180296,0.31598212791074576
paper_max_T300,A,1.0471975511965976,0.3333333333333333,5937,-317.896585485768,-0.06579058029945561,0.5400216626495106,0.5564217939871808,0.0
paper_max_T300,A,1.0471975511965976,0.3333333333333333,5938,-317.95012954810716,-0.06579050093245298,0.5138275181661071,0.5514413785211807,0.3159802641372413
paper_max_T300,A,1.0471975511965976,0.3333333333333333,5939,-318.0036726196524,-0.06579034376760773,0.5400199269565729,0.5564206583126059,0.0
paper_max_T300,A,1.0471975511965976,0.3333333333333333,5940,-318.05721496203586,-0.0657899578093018,0.5138265388029299,0.5514406661011436,0.3159795157927372
paper_max_T300,A,1.0471975511965976,0.3333333333333333,5941,-318.11075730420293,-0.06578963796045173,0.5400198083363887,0.5564205802530072,0.0
paper_max_T300,A,1.0471975511965976,0.3333333333333333,5942,-318.16430024862404,-0.06578938383208582,0.5138265560455157,0.5514406786269702,0.31597952898312887
paper_max_T300,A,1.0471975511965976,0.3333333333333333,5943,-318.2178441399614,-0.06578932606634064,0.5400192951418018,0.5564202449239226,0.0
paper_max_T300,A,1.0471975511965976,0.3333333333333333,5944,-318.27138862853553,-0.06578940790421356,0.5138250867798084,0.55143961107227,0.3159784056652496
paper_max_T300,A,1.0471975511965976,0.3333333333333333,5945,-318.3249329925958,-0.0657893611412601,0.5400175672976832,0.5564191144665319,0.0
paper_max_T300,A,1.0471975511965976,0.3333333333333333,5946,-318.3784767509733,-0.06578934670846698,0.5138234627454342,0.5514384298543386,0.31597716464262776
paper_max_T300,A,1.0471975511965976,0.3333333333333333,5947,-318.43201957583534,-0.06578899293370172,0.5400170806535515,0.5564187948186531,0.0
paper_max_T300,A,1.0471975511965976,0.3333333333333333,5948,-318.4855621365131,-0.06578880555789013,0.513824144421752,0.5514389240041074,0.31597768642581175
paper_max_T300,A,1.0471975511965976,0.3333333333333333,5949,-318.53910508840147,-0.06578852214429332,0.5400183168492273,0.5564196026453628,0.0
paper_max_T300,A,1.0471975511965976,0.3333333333333333,5950,-318.5926491627936,-0.06578862496352345,0.5138254300411418,0.5514398581025589,0.31597866935669155
paper_max_T300,A,1.0471975511965976,0.3333333333333333,5951,-318.6461942680344,-0.06578870485729804,0.5400188006775398,0.5564199191411655,0.0
paper_max_T300,A,1.0471975511965976,0.3333333333333333,5952,-318.6997398892987,-0.06578906834098519,0.5138252518883569,0.5514397285098961,0.3159785332190735
paper_max_T300,A,1.0471975511965976,0.3333333333333333,5953,-318.75328495919666,-0.06578911792584663,0.540018544479544,0.5564197510081703,0.0
paper_max_T300,A,1.0471975511965976,0.3333333333333333,5954,-318.80682919631613,-0.06578925813813874,0.5138256446393673,0.5514400130152464,0.31597883395401216
paper_max_T300,A,1.0471975511965976,0.3333333333333333,5955,-318.86037260475234,-0.06578909897759205,0.5400198676989294,0.5564206155946455,0.0
paper_max_T300,A,1.0471975511965976,0.3333333333333333,5956,-318.91391614188467,-0.06578910465343346,0.5138280100555662,0.5514417315685896,0.31598064250109703
paper_max_T300,A,1.0471975511965976,0.3333333333333333,5957,-318.9674605718675,-0.06578917758422076,0.5400220176639902,0.556422021992715,0.0
paper_max_T300,A,1.0471975511965976,0.3333333333333333,5958,-319.0210061317991,-0.06578945788175461,0.5138297000205235,0.5514429604428223,0.31598193404200564
paper_max_T300,A,1.0471975511965976,0.3333333333333333,5959,-319.07455233363413,-0.0657898342656722,0.5400225369152696,0.5564223624598534,0.0
paper_max_T300,A,1.0471975511965976,0.3333333333333333,5960,-319.12809822188007,-0.0657901544597686,0.513829523320499,0.5514428326200713,0.3159817986521939
paper_max_T300,A,1.0471975511965976,0.3333333333333333,5961,-319.18164305756574,-0.06579034621446955,0.5400223855682221,0.5564222636367709,0.0
paper_max_T300,A,1.0471975511965976,0.3333333333333333,5962,-319.23518683196846,-0.06579029451408791,0.5138300281819532,0.55144319941701,0.3159821846648254
paper_max_T300,A,1.0471975511965976,0.3333333333333333,5963,-319.28873023849735,-0.065790287102031,0.5400235212891704,0.5564230065192282,0.0
paper_max_T300,A,1.0471975511965976,0.3333333333333333,5964,-319.34227400963607,-0.0657901452837153,0.5138315604696495,0.5514443135443267,0.3159833557492008
paper_max_T300,A,1.0471975511965976,0.3333333333333333,5965,-319.39581880313256,-0.06579037265961984,0.5400243412975174,0.5564235439658317,0.0
paper_max_T300,A,1.0471975511965976,0.3333333333333333,5966,-319.44936414241795,-0.0657904687153123,0.5138312984973374,0.5514441245473775,0.31598315475131283
paper_max_T300,A,1.0471975511965976,0.3333333333333333,5967,-319.50290948903296,-0.06579079460647275,0.540023107999577,0.5564227384664099,0.0
paper_max_T300,A,1.0471975511965976,0.3333333333333333,5968,-319.55645393828524,-0.06579077493778901,0.5138294236079863,0.5514427625670437,0.3159817211631812
paper_max_T300,A,1.0471975511965976,0.3333333333333333,5969,-319.6099973300582,-0.06579074428031961,0.5400217852502955,0.5564218732774396,0.0
paper_max_T300,A,1.0471975511965976,0.3333333333333333,5970,-319.66353993523444,-0.06579037666769227,0.5138287721390956,0.5514422888750233,0.31598122325554356
paper_max_T300,A,1.0471975511965976,0.3333333333333333,5971,-319.71708261778014,-0.0657901864091821,0.5400217949941611,0.5564218796229801,0.0
paper_max_T300,A,1.0471975511965976,0.3333333333333333,5972,-319.7706258430217,-0.06578991219009878,0.5138287377249788,0.551442264322492,0.3159811967071458
paper_max_T300,A,1.0471975511965976,0.3333333333333333,5973,-319.82416996105076,-0.06578995703638124,0.5400210795939026,0.5564214124831619,0.0
paper_max_T300,A,1.0471975511965976,0.3333333333333333,5974,-319.87771442645794,-0.06578996523894859,0.5138269008615781,0.5514409300475452,0.3159797921522699
paper_max_T300,A,1.0471975511965976,0.3333333333333333,5975,-319.93125863320176,-0.0657899676497063,0.540018941732847,0.5564200142361985,0.0
paper_max_T300,A,1.0471975511965976,0.3333333333333333,5976,-319.9848020762398,-0.06578983471348254,0.5138247317268569,0.5514393530147016,0.31597813424520815
paper_max_T300,A,1.0471975511965976,0.3333333333333333,5977,-320.03834463454905,-0.0657894846722239,0.5400179024484377,0.5564193333849212,0.0
paper_max_T300,A,1.0471975511965976,0.3333333333333333,5978,-320.09188690580623,-0.06578916861214978,0.5138246916882884,0.5514393228843664,0.3159781041797809
paper_max_T300,A,1.0471975511965976,0.3333333333333333,5979,-320.1454295817359,-0.06578885213685204,0.5400184238958162,0.556419673868451,0.0
paper_max_T300,A,1.0471975511965976,0.3333333333333333,5980,-320.1989732462911,-0.06578883156201809,0.5138251078644837,0.5514396252053163,0.31597842241052315
paper_max_T300,A,1.0471975511965976,0.3333333333333333,5981,-320.25251783674355,-0.06578882952288945,0.5400181422718525,0.5564194896911707,0.0
paper_max_T300,A,1.0471975511965976,0.3333333333333333,5982,-320.3060628680272,-0.06578907424768077,0.5138241228759522,0.551438909117173,0.3159776695465738
paper_max_T300,A,1.0471975511965976,0.3333333333333333,5983,-320.35960737373995,-0.0657889988848766,0.540017269232662,0.5564189178592479,0.0
paper_max_T300,A,1.0471975511965976,0.3333333333333333,5984,-320.41315114416545,-0.06578904754292325,0.513823934802974,0.5514387712165286,0.3159775264112178
paper_max_T300,A,1.0471975511965976,0.3333333333333333,5985,-320.46669414671544,-0.06578875560793473,0.5400181771135728,0.5564195104567012,0.0
paper_max_T300,A,1.0471975511965976,0.3333333333333333,5986,-320.5202373468636,-0.06578872596433444,0.513825924655086,0.5514402164885788,0.31597904803595656
paper_max_T300,A,1.0471975511965976,0.3333333333333333,5987,-320.5737814205643,-0.06578867837067526,0.540020084169859,0.5564207576100086,0.0
paper_max_T300,A,1.0471975511965976,0.3333333333333333,5988,-320.6273267179058,-0.06578897476695611,0.5138274659195117,0.5514413368632544,0.31598022613062204
paper_max_T300,A,1.0471975511965976,0.3333333333333333,5989,-320.68087269820757,-0.06578924134096203,0.5400206171514705,0.5564211065739509,0.0
paper_max_T300,A,1.0471975511965976,0.3333333333333333,5990,-320.73441854192754,-0.06578961246847526,0.5138274949847002,0.5514413580832558,0.3159802482961232
paper_max_T300,A,1.0471975511965976,0.3333333333333333,5991,-320.78796337680984,-0.06578972251655418,0.5400208094092783,0.556421232040071,0.0
paper_max_T300,A,1.0471975511965976,0.3333333333333333,5992,-320.84150727677127,-0.06578976220369936,0.5138285383952899,0.5514421158928043,0.3159810462108237
paper_max_T300,A,1.0471975511965976,0.3333333333333333,5993,-320.89505081933424,-0.06578973017368484,0.5400225038493667,0.5564223400893303,0.0
paper_max_T300,A,1.0471975511965976,0.3333333333333333,5994,-320.9485948680466,-0.06578971907854414,0.5138307584831767,0.5514437296422701,0.3159827432204203
paper_max_T300,A,1.0471975511965976,0.3333333333333333,5995,-321.00214001264754,-0.06578997627777988,0.5400239591710807,0.5564232928850553,0.0
paper_max_T300,A,1.0471975511965976,0.3333333333333333,5996,-321.05568584123023,-0.06579020909771294,0.5138312543923238,0.5514440912815224,0.3159831216695958
paper_max_T300,A,1.0471975511965976,0.3333333333333333,5997,-321.1092316793887,-0.06579059866794207,0.5400234297004611,0.5564229476611837,0.0
paper_max_T300,A,1.0471975511965976,0.3333333333333333,5998,-321.16277660506466,-0.06579069456840436,0.5138302076369989,0.5514433311688957,0.31598232114957037
paper_max_T300,A,1.0471975511965976,0.3333333333333333,5999,-321.2163204167409,-0.06579076210472679,0.5400228256365361,0.5564225526965061,0.0
paper_max_T300,A,1.0471975511965976,0.3333333333333333,6000,-321.2698634368019,-0.06579048982673458,0.5138303012336932,0.551443399183913,0.31598239269917805
