t,phi_index,phi,phi_over_pi,sequence,x_mean,deltaP,w_loc3_inst,w_loc5_inst,P0
0,0,0.0,0.0,B,0.0,0.0,0.9999999999999998,0.9999999999999998,0.9999999999999998
1,0,0.0,0.0,B,-0.6938063714798672,-0.6938063714798672,0.9999999999999998,0.9999999999999998,0.0
2,0,0.0,0.0,B,-0.20492666704444265,-0.10246333352222133,0.9999999999999997,0.9999999999999997,0.8523171049817971
3,0,0.0,0.0,B,-0.966088565715292,-0.9358244022597373,0.9999999999999999,0.9999999999999999,0.0
4,0,0.0,0.0,B,-0.8505567066330959,-0.4230436036793378,0.9967790009877775,0.9999999999999999,0.5304668477762671
5,0,0.0,0.0,B,-0.9827235022184649,-0.7290088550949819,0.9995243135410242,1.0,0.0
6,0,0.0,0.0,B,-1.4582441136053128,-0.6976813221575231,0.9616808482729784,0.9999297492466174,0.26413073379042357
7,0,0.0,0.0,B,-1.2920512525767973,-0.5378533907234166,0.991230878656684,0.999989625165363,0.0
8,0,0.0,0.0,B,-1.6794805622221634,-0.6946905908170885,0.8425669713779294,0.9981435848062944,0.1609668899150126
9,0,0.0,0.0,B,-1.8855103894848457,-0.5935358262308545,0.9477431498544648,0.9996278615966423,0.0
10,0,0.0,0.0,B,-1.8485591258813228,-0.5602958628241876,0.6346944589946709,0.9848133964973743,0.15419042138264635
11,0,0.0,0.0,B,-2.298156145715306,-0.6880637052017261,0.8315932996152027,0.9959922977589617,0.0
12,0,0.0,0.0,B,-2.3119261590114437,-0.5485817022836615,0.42431198048966384,0.9346904508537744,0.143138759986756
13,0,0.0,0.0,B,-2.4719852363298935,-0.638676082163,0.6447048084433247,0.9777693116340063,0.0
14,0,0.0,0.0,B,-2.8333210971022478,-0.6370047277782094,0.309605308497429,0.8198388754706339,0.10962036486715823
15,0,0.0,0.0,B,-2.78609834899762,-0.5621363605489116,0.45738007735135,0.9219735874002227,0.0
16,0,0.0,0.0,B,-3.108552184216663,-0.6474321910979172,0.29078829586781274,0.647535645943842,0.08758136601551009
17,0,0.0,0.0,B,-3.3076342762082778,-0.5927372920793782,0.3513336971594654,0.807778444215966,0.0
18,0,0.0,0.0,B,-3.328894828809797,-0.5787690089036966,0.28622008903736207,0.47890856527137626,0.08546256769969827
19,0,0.0,0.0,B,-3.70990717978869,-0.6470717572802641,0.3315356519177096,0.6467019338326441,0.0
20,0,0.0,0.0,B,-3.765217006452008,-0.5672082206060132,0.24718707811653534,0.38266572180017144,0.08202103274005788
21,0,0.0,0.0,B,-3.927236564679004,-0.6182849072058212,0.32841098757301773,0.4937510176486695,0.0
22,0,0.0,0.0,B,-4.251871405613997,-0.620694174539139,0.20245462158212743,0.36368869083528654,0.06941613161403762
23,0,0.0,0.0,B,-4.250917725131553,-0.5708655187167613,0.29183297194008717,0.40724183801526065,0.0
24,0,0.0,0.0,B,-4.543607168974417,-0.6292944737874099,0.18746504206693654,0.3612235855581725,0.06010832717179125
25,0,0.0,0.0,B,-4.742528421012329,-0.59262866043418,0.2436132734165527,0.39005368347594255,0.0
26,0,0.0,0.0,B,-4.789543339379462,-0.5832104357866461,0.18732375113101934,0.32695134657560776,0.059137078011943775
27,0,0.0,0.0,B,-5.136535659192556,-0.6303286085264082,0.2230480605129764,0.3878044206414163,0.0
28,0,0.0,0.0,B,-5.214671762064184,-0.5745282663906128,0.17297419190580116,0.2775448775680164,0.05742490089141698
29,0,0.0,0.0,B,-5.376065410510669,-0.6094133374110857,0.22292780479195895,0.3552988386108825,0.0
30,0,0.0,0.0,B,-5.681404007928988,-0.6131105186965984,0.15009869719067492,0.25291004701854924,0.05082438559926006
31,0,0.0,0.0,B,-5.706879890005721,-0.5753407982490715,0.21116963608302836,0.3058732995567231,0.0
32,0,0.0,0.0,B,-5.981249357195768,-0.6196853734884209,0.140077891965965,0.25205439514582434,0.045747244403083975
33,0,0.0,0.0,B,-6.181176432487333,-0.592601076928077,0.18601279268832233,0.27850635256259765,0.0
34,0,0.0,0.0,B,-6.243307624176349,-0.5849329796537239,0.1400706223329235,0.24285679985859593,0.04521403091181317
35,0,0.0,0.0,B,-6.5689610091698665,-0.6212304896284293,0.170987925124379,0.27663829233331916,0.0
36,0,0.0,0.0,B,-6.662289288471335,-0.5784394847434191,0.13287449842592075,0.2172646216328349,0.04416606924996589
37,0,0.0,0.0,B,-6.822485675229786,-0.604462514942037,0.1702157748154577,0.2695510992627888,0.0
38,0,0.0,0.0,B,-7.115592027844093,-0.6087216457166753,0.1191069312812264,0.19815514611391222,0.04009644700054077
39,0,0.0,0.0,B,-7.158796251805886,-0.5780659901893682,0.16514391615762988,0.2445371501097629,0.0
40,0,0.0,0.0,B,-7.420252200908366,-0.6137272536278402,0.11219155591693322,0.19568762444594803,0.03692322472481514
41,0,0.0,0.0,B,-7.621471958737377,-0.5925938340002396,0.15008609108925264,0.22239821031136864,0.0
42,0,0.0,0.0,B,-7.6937500154075105,-0.5857807768707382,0.11213979827148282,0.1926421131457407,0.03659843150720045
43,0,0.0,0.0,B,-8.004345299844154,-0.6155092694385049,0.13923562240917636,0.21779760663469397,0.0
44,0,0.0,0.0,B,-8.10886456869921,-0.5808789916155929,0.1078418837265729,0.17784685328110444,0.03587765696235412
45,0,0.0,0.0,B,-8.267725105161437,-0.6013051510736775,0.13823196837686677,0.21626828446742297,0.0
46,0,0.0,0.0,B,-8.55224758386273,-0.6058557740291448,0.09866541125615752,0.16373439356447617,0.03311104250353426
47,0,0.0,0.0,B,-8.608469878492704,-0.5799046592384064,0.13558525894296802,0.2026418305799124,0.0
48,0,0.0,0.0,B,-8.86007552595792,-0.6096665659725786,0.09367930671583036,0.16083349599221103,0.030952459880332343
49,0,0.0,0.0,B,-9.062644521890691,-0.5925938690364156,0.12564757388179834,0.18620278058610554,0.0
50,0,0.0,0.0,B,-9.14230129465964,-0.5862640446369788,0.09360854660419596,0.15966653811409495,0.030740974293407698
51,0,0.0,0.0,B,-9.441478122353114,-0.6115742553255064,0.11759337365963489,0.18091427121340029,0.0
52,0,0.0,0.0,B,-9.554779215261574,-0.5825505717570537,0.09074123619601901,0.1502722217510844,0.030206866550820072
53,0,0.0,0.0,B,-9.71229463262024,-0.5991159913933723,0.11660255487597168,0.18065198077725844,0.0
54,0,0.0,0.0,B,-9.990389229031072,-0.6038342983407308,0.0841879191040571,0.13969483263989405,0.02819972016227064
55,0,0.0,0.0,B,-10.056748715770446,-0.5812330517885815,0.11502477315249938,0.17257710481420233,0.0
56,0,0.0,0.0,B,-10.300440923727232,-0.6067178052311948,0.08045469157177024,0.13690568317831436,0.026643967964333524
57,0,0.0,0.0,B,-10.504340442220052,-0.592597006190176,0.1079913666604979,0.1603341432284853,0.0
58,0,0.0,0.0,B,-10.58966055846329,-0.5865691413779422,0.08038406212127377,0.1364078240839923,0.026499829564291096
59,0,0.0,0.0,B,-10.87974484842424,-0.6086978958335699,0.10182899925870775,0.15527947464180067,0.0
60,0,0.0,0.0,B,-11.000241873473005,-0.5837710309875912,0.07832097498327566,0.1299915505863685,0.02608309838793423
61,0,0.0,0.0,B,-11.156447664408326,-0.5975085451157156,0.10093546588208595,0.15526484706337562,0.0
62,0,0.0,0.0,B,-11.429503515303763,-0.6023295702786002,0.0734036818551041,0.12185831644618832,0.024557816321805752
63,0,0.0,0.0,B,-11.504090899414823,-0.5822410832537843,0.0998981978944016,0.1501156753105976,0.0
64,0,0.0,0.0,B,-11.741188440236535,-0.6044765238900265,0.0705216288327515,0.11935421235885005,0.023388527954173927
65,0,0.0,0.0,B,-11.946372945072524,-0.5926015414034953,0.09465638326607836,0.14079506962295743,0.0
66,0,0.0,0.0,B,-12.036214594089003,-0.586777170039046,0.07045897263664402,0.11912290329347448,0.02328704812105627
67,0,0.0,0.0,B,-12.318795921324654,-0.6065004072012865,0.08981321732332603,0.1362619989114575,0.0
68,0,0.0,0.0,B,-12.445377572987317,-0.5847039472697448,0.06889146695036436,0.11448533960941179,0.02294941652151604
69,0,0.0,0.0,B,-12.600325163935917,-0.5962778679658887,0.08903547502566472,0.13625231061947837,0.0
70,0,0.0,0.0,B,-12.869292770669091,-0.6011639722727903,0.06506248221406327,0.10807180579509437,0.02174936187009821
71,0,0.0,0.0,B,-12.950768479825783,-0.5830349025289212,0.08830081835375259,0.13276158016473513,0.0
72,0,0.0,0.0,B,-13.18221869144508,-0.6027132646205509,0.06278171621412146,0.1058811083999135,0.020842169761908863
73,0,0.0,0.0,B,-13.388633477977812,-0.5926066548421309,0.08423729580734085,0.12548753243433447,0.0
74,0,0.0,0.0,B,-13.482196720175672,-0.5869279952117312,0.06272918596410196,0.10576542509602109,0.020769020305188582
75,0,0.0,0.0,B,-13.758415972127178,-0.604764209059156,0.08034342341644281,0.12151683445163929,0.0
76,0,0.0,0.0,B,-13.89026647693015,-0.5854422933199659,0.06148860147152915,0.10226069129028907,0.020487530420836782
77,0,0.0,0.0,B,-14.044012186385713,-0.5953052191848923,0.07967605321309221,0.12146692677381929,0.0
78,0,0.0,0.0,B,-14.309571198814755,-0.6002328574910762,0.05842017366460012,0.09708874234004393,0.01951756768101131
79,0,0.0,0.0,B,-14.396954498967075,-0.5836784621114193,0.07912461360456434,0.11897699874677539,0.0
80,0,0.0,0.0,B,-14.623466180460632,-0.6012881634490614,0.056578318997007965,0.09518947515888346,0.018796001602133922
81,0,0.0,0.0,B,-14.831054384041497,-0.5926119029647384,0.07587585121978124,0.11316645407313826,0.0
82,0,0.0,0.0,B,-14.927756951977676,-0.5870430540491389,0.056535663649282544,0.09512746950631602,0.018742361951272192
83,0,0.0,0.0,B,-15.198464147810917,-0.6033557013361883,0.07268485554324768,0.10971416024777009,0.0
84,0,0.0,0.0,B,-15.334962712682144,-0.5860428120884851,0.05552235123459483,0.09238266754461917,0.01850235714851731
85,0,0.0,0.0,B,-15.487563266816416,-0.5945170692398984,0.07211504884320585,0.1096277843693517,0.0
86,0,0.0,0.0,B,-15.750216187648917,-0.5994705649908709,0.053006517884102516,0.08813063401306184,0.01770133131834941
87,0,0.0,0.0,B,-15.842764934837591,-0.584212578457076,0.0716816186843426,0.10777457936851353,0.0
88,0,0.0,0.0,B,-16.06488571885214,-0.6001111141217397,0.05149397191596447,0.0864867124789341,0.017115837348059708
89,0,0.0,0.0,B,-16.27359118663085,-0.5926170239990155,0.06901930298228715,0.10303605897838569,0.0
90,0,0.0,0.0,B,-16.372996596351868,-0.587134700486275,0.05146006054761669,0.0864510726260809,0.01707601946759641
91,0,0.0,0.0,B,-16.63884396897914,-0.6021883206672681,0.06636187736783379,0.10003557852513818,0.0
92,0,0.0,0.0,B,-16.779504351412594,-0.5865420936822721,0.05061144551989276,0.08423820152708228,0.016867672638876424
93,0,0.0,0.0,B,-16.931015059757122,-0.5938654596948769,0.06587570004297241,0.09992550767198569,0.0
94,0,0.0,0.0,B,-17.191143218282626,-0.5988338112970024,0.04850993636457217,0.08068414978360623,0.0161944582564802
95,0,0.0,0.0,B,-17.288280786879298,-0.584664520570568,0.0655221721511656,0.098495907205309,0.0
96,0,0.0,0.0,B,-17.506444967052307,-0.5991214505715277,0.047250262633158534,0.07925871908911442,0.015711544167569504
97,0,0.0,0.0,B,-17.716213393098016,-0.5926218528417112,0.06329602301367156,0.09456120259897466,0.0
98,0,0.0,0.0,B,-17.817986783564493,-0.5872104563457838,0.04722374491535038,0.07923667248789514,0.01568174014955337
99,0,0.0,0.0,B,-18.07948686717768,-0.6012035194133865,0.061052495461031274,0.09194594728827017,0.0
100,0,0.0,0.0,B,-18.223919069237404,-0.5869647902124826,0.04649856657508057,0.07740951977531316,0.015498196668783439
101,0,0.0,0.0,B,-18.37439314721006,-0.593317779808961,0.06063710512537934,0.09182375756978738,0.0
102,0,0.0,0.0,B,-18.63229195460795,-0.5982929064524878,0.04471587359372632,0.07439640104597828,0.01492410260456204
103,0,0.0,0.0,B,-18.733560537157597,-0.5850531964156092,0.06033994332603475,0.09068689841014944,0.0
104,0,0.0,0.0,B,-18.94812007897358,-0.5982768329286854,0.04365425123873895,0.07315630972473475,0.014520336773507772
105,0,0.0,0.0,B,-19.158899376201038,-0.5926262798226879,0.05844713573744931,0.08736798827325512,0.0
106,0,0.0,0.0,B,-19.262779061154212,-0.5872751108589869,0.04363382690952885,0.07314156874998179,0.014497917724976515
107,0,0.0,0.0,B,-19.52034262167125,-0.6003602831856756,0.05653075255079592,0.08507873048513032,0.0
108,0,0.0,0.0,B,-19.66822753970793,-0.5873281156332159,0.043003768644290716,0.07160254004127865,0.014334238133271423
109,0,0.0,0.0,B,-19.817715940941696,-0.5928510834874585,0.05617502905144371,0.08495288634011472,0.0
110,0,0.0,0.0,B,-20.073618069210056,-0.5978268068054691,0.041471795682409225,0.06901656179645353,0.013838627626216331
111,0,0.0,0.0,B,-20.17864758156591,-0.5853921268102085,0.055919013032325986,0.084025036731416,0.0
112,0,0.0,0.0,B,-20.389893029636486,-0.5975468146922998,0.04056794523872941,0.06793343245900679,0.013497137373998774
113,0,0.0,0.0,B,-20.601633361449508,-0.5926302290441994,0.05428686919495503,0.08118709781702645,0.0
114,0,0.0,0.0,B,-20.707411776033958,-0.5873318285112852,0.04055246078243357,0.06792275056412597,0.013480241177671059
115,0,0.0,0.0,B,-20.961373519237725,-0.599629026817984,0.052633319332378595,0.07917352749316213,0.0
116,0,0.0,0.0,B,-21.11244556067813,-0.5876444530782589,0.039997431047968025,0.06660444925741034,0.013332767674670912
117,0,0.0,0.0,B,-21.26099703502994,-0.5924487567297034,0.05232789010688832,0.07904965995729345,0.0
118,0,0.0,0.0,B,-21.515088206403632,-0.5974201819483963,0.038666308972566954,0.06436137089356089,0.012900409759031766
119,0,0.0,0.0,B,-21.623574867301198,-0.5856912346096665,0.05210278881234129,0.07827530110736279,0.0
120,0,0.0,0.0,B,-21.831749906413613,-0.5969089416989868,0.03789000765062934,0.06341141939026827,0.012608744594122891
121,0,0.0,0.0,B,-22.044403570782166,-0.5926336462370988,0.050678502418008954,0.07581958683021447,0.0
122,0,0.0,0.0,B,-22.15191408921315,-0.5873827663949426,0.03787847846064434,0.06340303845018717,0.012596023366842174
123,0,0.0,0.0,B,-22.402550636719084,-0.5989878741843631,0.04923916158488392,0.0740397842914479,0.0
124,0,0.0,0.0,B,-22.556585439117836,-0.5879229373932935,0.03738381457409323,0.062257543462379356,0.012461983730408039
125,0,0.0,0.0,B,-22.704246684687362,-0.5920984747499118,0.04897621747672847,0.07392139157097222,0.0
126,0,0.0,0.0,B,-22.95667675318516,-0.5970615998627993,0.03621617656858442,0.06029378520808778,0.012081386544316236
127,0,0.0,0.0,B,-23.06836789886713,-0.5859579653911811,0.04877492313153931,0.07326255006658602,0.0
128,0,0.0,0.0,B,-23.273679777707095,-0.5963462919484867,0.03554432721868138,0.05945724062907552,0.011830164109290966
129,0,0.0,0.0,B,-23.487201034079416,-0.5926364915783842,0.047519205844821694,0.07111531823653167,0.0
130,0,0.0,0.0,B,-23.596308594692367,-0.5874294343570895,0.03553592932847248,0.05945015937139785,0.0118206240105334
131,0,0.0,0.0,B,-23.843851390692198,-0.5984203021780689,0.046256661954046784,0.06953460127766416,0.0
132,0,0.0,0.0,B,-24.000656922242076,-0.5881704538743048,0.035090669606300424,0.058442525149517414,0.011697874871594053
133,0,0.0,0.0,B,-24.14747276919178,-0.5917909018771822,0.04602972167005649,0.06942369143781625,0.0
134,0,0.0,0.0,B,-24.398363698740148,-0.5967423626017514,0.03405795664299885,0.05670926214986209,0.011360200636834862
135,0,0.0,0.0,B,-24.513046750372077,-0.5861980139045853,0.04584715436101909,0.06885367696378034,0.0
136,0,0.0,0.0,B,-24.71567392127512,-0.5958458714202577,0.03347261988006939,0.05596971945666348,0.011142220478849543
137,0,0.0,0.0,B,-24.930018803101063,-0.5926387352492006,0.04473016783446637,0.0669588770883078,0.0
138,0,0.0,0.0,B,-25.040613081517282,-0.5874729134640799,0.0334666709128056,0.05596333566326503,0.011135117012077846
139,0,0.0,0.0,B,-25.285257873431217,-0.5979135989055162,0.04361518463845533,0.06554857911607971,0.0
140,0,0.0,0.0,B,-25.444667841165057,-0.588392289901662,0.033062447955689696,0.055067510140035324,0.011021972226588194
141,0,0.0,0.0,B,-25.59068143805826,-0.5915188372048893,0.04341886822832609,0.0654461593113872,0.0
142,0,0.0,0.0,B,-25.840133174225596,-0.5964557357832254,0.032142451709075315,0.05352666073631389,0.01072030991555347
143,0,0.0,0.0,B,-25.95762745046938,-0.586415809098676,0.04325130704456463,0.06494575541018391,0.0
144,0,0.0,0.0,B,-26.157725284121934,-0.5953975374609425,0.03162949277308387,0.05287048634466743,0.010529956999654812
145,0,0.0,0.0,B,-26.372851416847737,-0.592640354582011,0.042249978098878635,0.06326009686651998,0.0
146,0,0.0,0.0,B,-26.484841751405746,-0.5875139930603043,0.03162543067007732,0.0528644161131257,0.010524724781404721
147,0,0.0,0.0,B,-26.726755693300397,-0.5974578257124283,0.0412593889400707,0.06199647003760391,0.0
148,0,0.0,0.0,B,-26.88862456668089,-0.5885925724980514,0.03125574014644883,0.05206059655497122,0.010419837570245987
149,0,0.0,0.0,B,-27.033877556086342,-0.5912766373525273,0.04108922025929092,0.061902893557204214,0.0
150,0,0.0,0.0,B,-27.28197243151519,-0.5961964247800461,0.030430925476264827,0.05068204003303405,0.01014870274495268
151,0,0.0,0.0,B,-27.402122958774783,-0.5866148464026063,0.04093388063303659,0.0614579662597275,0.0
152,0,0.0,0.0,B,-27.59982809584379,-0.594993257843959,0.02997906378985485,0.05009786511604897,0.009981536045593585
153,0,0.0,0.0,B,-27.81569452898338,-0.5926413321682407,0.04003008158999927,0.059947525026906485,0.0
154,0,0.0,0.0,B,-27.929006079976165,-0.5875532593182029,0.02997642682601038,0.05009184888205449,0.009977740609985204
155,0,0.0,0.0,B,-28.168333148234048,-0.5970451008904734,0.03914529899727194,0.058810818010325075,0.0
156,0,0.0,0.0,B,-28.332532338907292,-0.5887745695987261,0.0296361310705995,0.04936472168933564,0.009880020696031108
157,0,0.0,0.0,B,-28.477065016933253,-0.5910598168685026,0.038997540767905695,0.05872602242795902,0.0
158,0,0.0,0.0,B,-28.723871113199074,-0.5959602101201816,0.028892464018153433,0.048124331453976446,0.009635003758877802
159,0,0.0,0.0,B,-28.846543868982426,-0.5867979205762197,0.03885229920946005,0.05832597613513084,0.0
160,0,0.0,0.0,B,-29.04197758627292,-0.5946265894336813,0.02849259276230968,0.047602634370163634,0.009487466318428738
161,0,0.0,0.0,B,-29.25854464259853,-0.5926416545674555,0.03803158530580235,0.05696381596313587,0.0
162,0,0.0,0.0,B,-29.373115438499568,-0.5875911539461035,0.028491002071682387,0.047596486695178256,0.00948477037122381
163,0,0.0,0.0,B,-29.609980624796876,-0.5966690944741048,0.03723752720102885,0.05593752134212987,0.0
164,0,0.0,0.0,B,-29.77639551020633,-0.5889409021139359,0.028175984946790585,0.04693402684925608,0.00939332449829165
165,0,0.0,0.0,B,-29.920246968524296,-0.5908647656140481,0.037109046130609544,0.055861188995672065,0.0
166,0,0.0,0.0,B,-30.165820720620843,-0.5957436883600828,0.02750209699587256,0.045812255450014376,0.00917083834501205
167,0,0.0,0.0,B,-30.29089892474669,-0.5869672921890342,0.036972256099892124,0.05549794394204128,0.0
168,0,0.0,0.0,B,-30.484169775611438,-0.5942923040937742,0.027146787574646773,0.045345023046999305,0.009040048983071536
169,0,0.0,0.0,B,-30.70139891779294,-0.5926413114050838,0.036222970958566164,0.054262419418995726,0.0
170,0,0.0,0.0,B,-30.817177550994074,-0.5876280140138591,0.027145932403804116,0.04533860504701613,0.009038188346520263
171,0,0.0,0.0,B,-31.051690153470663,-0.5963246649523094,0.03550727426788516,0.05333266791559276,0.0
172,0,0.0,0.0,B,-31.220217727210414,-0.5890936961512039,0.026852854190059283,0.0447312393037301,0.008952276785424748
173,0,0.0,0.0,B,-31.36342597799746,-0.5906885450377521,0.035395431815048214,0.05326433273931746,0.0
174,0,0.0,0.0,B,-31.60781421951964,-0.5955440844696216,0.02623943533626312,0.04371208399549169,0.008749372524813866
175,0,0.0,0.0,B,-31.735195404560994,-0.5871248087964255,0.03526579758556772,0.05293163227337105,0.0
176,0,0.0,0.0,B,-31.926401315960735,-0.5939861155030068,0.02592257085976405,0.04329253875834924,0.008632973616937522
177,0,0.0,0.0,B,-32.14425502971825,-0.5926402947279877,0.03457842750343013,0.051805158687494926,0.0
178,0,0.0,0.0,B,-32.261198835765924,-0.5876640995286398,0.025922196354198235,0.04328574251167954,0.00863173980572705
179,0,0.0,0.0,B,-32.49345507431097,-0.5960075934677518,0.03393086361592618,0.05096023422580583,0.0
180,0,0.0,0.0,B,-32.664002069276336,-0.5892346942125608,0.02564831635274305,0.04272575464567043,0.008550744019221453
181,0,0.0,0.0,B,-32.80660415433839,-0.59052873879335,0.033833427852535514,0.050899352105101894,0.0
182,0,0.0,0.0,B,-33.04984574315252,-0.5953591137154292,0.025087667053159,0.041795989931774746,0.008364974234557957
183,0,0.0,0.0,B,-33.17943941323473,-0.5872719945706641,0.03370991623727095,0.050592283639788405,0.0
184,0,0.0,0.0,B,-33.36866936994677,-0.5937044764896433,0.02480416741005525,0.04141837057811824,0.0082610187371662
185,0,0.0,0.0,B,-33.58711106225563,-0.5926385985352738,0.03307661617917676,0.04956043187982905,0.0
186,0,0.0,0.0,B,-33.70518466435932,-0.5876996128838066,0.024804064598181436,0.04141111000384729,0.008260246154380056
187,0,0.0,0.0,B,-33.93526978198075,-0.5957143862899895,0.03248865050205177,0.04879038372838902,0.0
188,0,0.0,0.0,B,-34.10775115522991,-0.5893653377115954,0.02454711053620131,0.040892210577300005,0.008183644396554281
189,0,0.0,0.0,B,-34.24978324087406,-0.5903833415104014,0.03240372501490236,0.04873637825125041,0.0
190,0,0.0,0.0,B,-34.49191036568138,-0.5951868784477253,0.02403280601522261,0.040040811082773346,0.008012960210099096
191,0,0.0,0.0,B,-34.623636105640706,-0.587410117568656,0.032285502389033806,0.04845103571778555,0.0
192,0,0.0,0.0,B,-34.81097151655427,-0.5934444265231631,0.023778418988176182,0.039700195951872824,0.00791982663391807
193,0,0.0,0.0,B,-35.02996542729117,-0.5926362184307382,0.03169974269771782,0.0475018571263517,0.0
194,0,0.0,0.0,B,-35.14913956049441,-0.5877347128064341,0.023778416607182017,0.03969240125493655,0.007919383038661711
195,0,0.0,0.0,B,-35.37712952879656,-0.5954421259430966,0.031164198633385626,0.046798189141889525,0.0
196,0,0.0,0.0,B,-35.55146722667807,-0.5894868290848566,0.023536487009867324,0.03920941138541481,0.007846731691239136
197,0,0.0,0.0,B,-35.692964685943515,-0.5902506748146263,0.031090165068153305,0.046750480833782526,0.0
198,0,0.0,0.0,B,-35.93400392700655,-0.5950257899152298,0.02306312234385999,0.038427112430489234,0.007689404254308963
199,0,0.0,0.0,B,-36.0677898605918,-0.5875402408860942,0.03097655165016186,0.046483722743482676,0.0
200,0,0.0,0.0,B,-36.253305677211436,-0.593203475454728,0.02283426303169699,0.0381192769306804,0.007605731854538751
201,0,0.0,0.0,B,-36.47281680266418,-0.5926331513613567,0.03043285106566387,0.04560723907310672,0.0
202,0,0.0,0.0,B,-36.59306735474439,-0.5877695245122538,0.02283422086853515,0.03811089105496606,0.007605511180856147
203,0,0.0,0.0,B,-36.81903027079534,-0.5951883575571741,0.029943650709030552,0.04496265989651678,0.0
204,0,0.0,0.0,B,-36.99515221376236,-0.5896001791518551,0.02260571105071461,0.037659506566551,0.007536430300908296
205,0,0.0,0.0,B,-37.13614969753563,-0.5901293231157735,0.029879122198481062,0.04492068440767186,0.0
206,0,0.0,0.0,B,-37.37612289580825,-0.5948745083020138,0.022168705207934132,0.03693846573016546,0.007390990194377162
207,0,0.0,0.0,B,-37.511904417483066,-0.5876632620284589,0.0297695583308784,0.04466995770774679,0.0
208,0,0.0,0.0,B,-37.69567005714771,-0.5929795138376206,0.02196233124717606,0.03665976684661618,0.007315628994479026
209,0,0.0,0.0,B,-37.91566408392789,-0.5926293954176667,0.0292632796739062,0.04385777125585068,0.0
210,0,0.0,0.0,B,-38.03697130612317,-0.5878041472023001,0.02196213471336873,0.036650743086041576,0.0073155458829794575
211,0,0.0,0.0,B,-38.26096854613031,-0.5949510010893376,0.028815241596503446,0.043265992660221575,0.0
212,0,0.0,0.0,B,-38.43880778758697,-0.5897062436555268,0.02174567995865791,0.03622735625293607,0.007249707885280789
213,0,0.0,0.0,B,-38.57933928598922,-0.590018083940015,0.028759024869565976,0.04322921159424074,0.0
214,0,0.0,0.0,B,-38.81826426133361,-0.5947318962163626,0.02134112346109599,0.03556088994236688,0.007114897830394276
215,0,0.0,0.0,B,-38.95598298477864,-0.5877799435485349,0.028653045788355327,0.04299242156919522,0.0
216,0,0.0,0.0,B,-39.13806309841131,-0.5927707429981001,0.021154637099365506,0.035308172264865635,0.007046869672440767
217,0,0.0,0.0,B,-39.35850634645857,-0.5926249496793561,0.02818023778290492,0.04223741391488836,0.0
218,0,0.0,0.0,B,-39.48085419862687,-0.5878386596678336,0.0211541928053493,0.035298472561789064,0.007046855264921992
219,0,0.0,0.0,B,-39.70294137805817,-0.5947282827950463,0.027768917795422655,0.04169298725639823,0.0
220,0,0.0,0.0,B,-39.88243540241596,-0.5898057517612492,0.020948624230770374,0.034900035723870126,0.006983975967210997
221,0,0.0,0.0,B,-40.022534297696396,-0.5899159291035986,0.02771998222070197,0.04166089412673267,0.0
222,0,0.0,0.0,B,-40.26042544706851,-0.5945969822372998,0.020573159501090284,0.03428241210695874,0.006858713550437233
223,0,0.0,0.0,B,-40.40002832696048,-0.5878909371302941,0.02761719892562631,0.041436307028007234,0.0
224,0,0.0,0.0,B,-40.580483441888106,-0.592575619961591,0.020404330036375713,0.034052931014527325,0.0067971814406720165
225,0,0.0,0.0,B,-40.80134281540842,-0.5926198140943338,0.027174472434170167,0.04073240387076239,0.0
226,0,0.0,0.0,B,-40.924718418600804,-0.5878731245302182,0.020403562173886607,0.03404252468094722,0.0067971801166791836
227,0,0.0,0.0,B,-41.14494619684096,-0.5945186811979014,0.026796037058599342,0.040230586783338816,0.0
228,0,0.0,0.0,B,-41.32603632993059,-0.5898993285061174,0.020207872079620024,0.033666444714537,0.006737011586933784
229,0,0.0,0.0,B,-41.465735441949114,-0.5898219740642052,0.02675348924256842,0.040202709773824896,0.0
230,0,0.0,0.0,B,-41.702604241253304,-0.5944689320692318,0.019858598563503613,0.033092719467308414,0.006620359604624619
231,0,0.0,0.0,B,-41.84404283482334,-0.5879968026986113,0.02665357381606519,0.0399888790474258,0.0
232,0,0.0,0.0,B,-42.02292989634113,-0.5923928136782639,0.019705500389752724,0.03288407803855794,0.006564603368609801
233,0,0.0,0.0,B,-42.24417284166775,-0.5926139893828948,0.026238004047339118,0.03933086491013463,0.0
234,0,0.0,0.0,B,-42.36856601727263,-0.5879075914830969,0.019704347767321925,0.032872940748953104,0.006564570191820884
235,0,0.0,0.0,B,-42.58698077634699,-0.5943208841009007,0.02588912913537892,0.03886751210046494,0.0
236,0,0.0,0.0,B,-42.769611687263996,-0.5899875126456708,0.019517662163955233,0.03251699655890776,0.006506894984618121
237,0,0.0,0.0,B,-42.90894331250609,-0.5897354535089757,0.02585219198559406,0.03884341475968318,0.0
238,0,0.0,0.0,B,-43.14479874049368,-0.5943470255140698,0.019192060434049633,0.03198288146782581,0.00639803764659014
239,0,0.0,0.0,B,-43.288028582765634,-0.5880980237137597,0.025754866199410784,0.038639124515747435,0.0
240,0,0.0,0.0,B,-43.46540141297835,-0.5922211699326876,0.019053023160672485,0.03179297841665307,0.0063474344327665725
241,0,0.0,0.0,B,-43.68699588247677,-0.5926074769609181,0.025363914734837942,0.038022495453751574,0.0
242,0,0.0,0.0,B,-43.8123987616986,-0.5879420997966899,0.01905143676757423,0.03178109138440869,0.006347333137446448
243,0,0.0,0.0,B,-44.029043182182974,-0.5941337540931235,0.02504170360003919,0.03759396878665112,0.0
244,0,0.0,0.0,B,-44.21316246011375,-0.5900707709626835,0.018872993394923005,0.031443368771232744,0.006291959611775317
245,0,0.0,0.0,B,-44.35215840505578,-0.5896557017474009,0.025009698991613826,0.0375732494167994,0.0
246,0,0.0,0.0,B,-44.58700730364693,-0.5942306379361765,0.018568863942106842,0.030945125785298493,0.006190183293675368
247,0,0.0,0.0,B,-44.73198737583227,-0.5881950195109699,0.024914725373230695,0.037377470653084485,0.0
248,0,0.0,0.0,B,-44.907897064411976,-0.5920596829919041,0.018442431937934434,0.030772112291662247,0.006144191837906449
249,0,0.0,0.0,B,-45.12981148566761,-0.5926002788776454,0.02454617747052419,0.03679831621182987,0.0
250,0,0.0,0.0,B,-45.25621817657762,-0.5879766802703562,0.01844037293652701,0.030759461576507507,0.006143993229934964
251,0,0.0,0.0,B,-45.47113172895281,-0.5939563006553729,0.02424809429615705,0.0364014103090278,0.0
252,0,0.0,0.0,B,-45.65668952192817,-0.590149509830191,0.018269503527276406,0.030438301357702598,0.006090751716745199
253,0,0.0,0.0,B,-45.7953811314611,-0.5895821368410148,0.0242204286582278,0.03638370056018176,0.0
254,0,0.0,0.0,B,-46.02922851384127,-0.5941192252293379,0.01798491702140856,0.029972656528796635,0.00599542927593728
255,0,0.0,0.0,B,-46.17592078861314,-0.5882881553305802,0.02412760341884607,0.036195556928401096,0.0
256,0,0.0,0.0,B,-46.35041602713521,-0.5919074725290272,0.017869816376307537,0.02981490027862934,0.005953577109245636
257,0,0.0,0.0,B,-46.57261927676522,-0.5925923977647302,0.02377951720367761,0.03565046481457067,0.0
258,0,0.0,0.0,B,-46.700025578807605,-0.5880113567683884,0.017867254442492306,0.02980147619267949,0.005953257788018785
259,0,0.0,0.0,B,-46.91324494479876,-0.593787657437173,0.023503332506768823,0.03528234519012304,0.0
260,0,0.0,0.0,B,-47.10019364993543,-0.5902240846244904,0.01770337029824603,0.029495432535717757,0.005901997431177156
261,0,0.0,0.0,B,-47.23861183145988,-0.5895142476647981,0.023479484785441217,0.03526730820131311,0.0
262,0,0.0,0.0,B,-47.47146114698404,-0.594012311537059,0.017436626882539417,0.029059505629564546,0.005812575337782357
263,0,0.0,0.0,B,-47.61983019761742,-0.5883777505280129,0.023388632171815655,0.035086048990417514,0.0
264,0,0.0,0.0,B,-47.79295756683784,-0.5917637647115118,0.01733173825265087,0.028915560724422217,0.005774448316251205
265,0,0.0,0.0,B,-48.01541894835667,-0.5925838367940769,0.023059297161971994,0.03457202753167707,0.0
266,0,0.0,0.0,B,-48.14382210622942,-0.5880461474379854,0.017328650199993974,0.028901357316019605,0.00577398964684313
267,0,0.0,0.0,B,-48.35538154179811,-0.5936270636199079,0.022803042845558313,0.03423017890795884,0.0
268,0,0.0,0.0,B,-48.543675538615375,-0.5902948074405573,0.017171230375068618,0.02860916401195008,0.00572457578203627
269,0,0.0,0.0,B,-48.68185078233878,-0.5894515832875244,0.022782554409380113,0.03421750722139176,0.0
270,0,0.0,0.0,B,-48.91370414548606,-0.593909479154983,0.016920826132624803,0.02820041056227479,0.005640563491388674
271,0,0.0,0.0,B,-49.063716808383155,-0.5884640853378453,0.022693522155498018,0.0340424858535877,0.0
272,0,0.0,0.0,B,-49.23552102602963,-0.5916278766027732,0.016825162286478543,0.02806899223020906,0.0056057971723165664
273,0,0.0,0.0,B,-49.458210251274494,-0.5925745996425865,0.022381425171711506,0.033556900501238884,0.0
274,0,0.0,0.0,B,-49.587608741681905,-0.58808106568271,0.01682153092215538,0.028054006831532904,0.005605184454227921
275,0,0.0,0.0,B,-49.79754039110174,-0.5934738485335731,0.022143357257466797,0.03323908343236567,0.0
276,0,0.0,0.0,B,-49.987135811085494,-0.5903619534566908,0.016670112477359812,0.027774549796931607,0.005557496420818297
277,0,0.0,0.0,B,-50.12509820698115,-0.5893937442004055,0.022125823397569317,0.03322849682887888,0.0
278,0,0.0,0.0,B,-50.35595659620809,-0.593810360175774,0.01643471163469748,0.027390713112064542,0.005478457543645264
279,0,0.0,0.0,B,-50.507581678308654,-0.5885474064808085,0.02203847903375707,0.033059153606182175,0.0
280,0,0.0,0.0,B,-50.67810581355234,-0.5914992032190745,0.016347398780922503,0.027270676363583657,0.005446730040138119
281,0,0.0,0.0,B,-50.90099298723953,-0.5925646904623655,0.02174227600218696,0.032599674607048296,0.0
282,0,0.0,0.0,B,-51.031386333248264,-0.5881161209462539,0.016343211951697856,0.027254909192036474,0.005445951831500864
283,0,0.0,0.0,B,-51.23972050193858,-0.5933274188829851,0.021520843556834424,0.03230388891357032,0.0
284,0,0.0,0.0,B,-51.43057502877389,-0.5904257662164982,0.016197381863951563,0.026987203895985083,0.005399881135278603
285,0,0.0,0.0,B,-51.56835428060212,-0.589340375029489,0.021505906301741082,0.03229513226425776,0.0
286,0,0.0,0.0,B,-51.798217711848054,-0.5937146295352035,0.015975793615819647,0.02662627508029905,0.005325426059680341
287,0,0.0,0.0,B,-51.951425735985296,-0.5886279318384243,0.021420134137981505,0.032130980421265457,0.0
288,0,0.0,0.0,B,-52.12071139564704,-0.5913772067288703,0.015896055792523983,0.0265165966204029,0.005296452087134265
289,0,0.0,0.0,B,-52.34376700268653,-0.5925541138552841,0.021138626625886066,0.03169553943606924,0.0
290,0,0.0,0.0,B,-52.47515561138991,-0.5881513193479022,0.015891305586995266,0.02650005042625709,0.005295499652616977
291,0,0.0,0.0,B,-52.68192100379122,-0.5931872480810427,0.020932445714373082,0.03141999325027117,0.0
292,0,0.0,0.0,B,-52.87399369967776,-0.5904864620371911,0.015750693993105788,0.02624322324148369,0.005250948414815164
293,0,0.0,0.0,B,-53.01161913641698,-0.5892911584471867,0.020919787733149346,0.031412834443195765,0.0
294,0,0.0,0.0,B,-53.24048681514843,-0.5936219991924856,0.01554185307444529,0.02590340771296662,0.005180728108275703
295,0,0.0,0.0,B,-53.39524979765119,-0.5887058543714676,0.020835486376826036,0.0312534487928503,0.0
296,0,0.0,0.0,B,-53.563337288310436,-0.5912614073919484,0.015468999032428673,0.02580317055226264,0.005154253997840745
297,0,0.0,0.0,B,-53.78653218355347,-0.5925428748510168,0.02056760195657992,0.030840202728526042,0.0
298,0,0.0,0.0,B,-53.918917203520856,-0.5881866642011992,0.015463681112159261,0.025785850306627472,0.005153120855561589
299,0,0.0,0.0,B,-54.12414113118917,-0.5930528672942147,0.02037543369939713,0.030583286182271543,0.0
300,0,0.0,0.0,B,-54.31739228544642,-0.5905442337082937,0.015327955634892382,0.025539123009767836,0.00511000049685271
301,0,0.0,0.0,B,-54.454892870437725,-0.5892458100590388,0.020364773109432886,0.030577514158874365,0.0
302,0,0.0,0.0,B,-54.682763325429846,-0.593532213234498,0.015130905950049824,0.025218812314901046,0.005043701273234887
303,0,0.0,0.0,B,-54.83905458126246,-0.5887813454213886,0.02028185340990768,0.030422521787702578,0.0
304,0,0.0,0.0,B,-55.00598305072456,-0.5911513759199372,0.015064318078953172,0.02512719262753789,0.005019500774480835
305,0,0.0,0.0,B,-55.22928845086028,-0.5925309788878811,0.020026629139294306,0.030029822483295332,0.0
306,0,0.0,0.0,B,-55.362671646465486,-0.5882221564399903,0.015058431116242289,0.025109105245761855,0.00501818232259956
307,0,0.0,0.0,B,-55.5663802106736,-0.5929238578877948,0.019847361139679533,0.02979008525427405,0.0
308,0,0.0,0.0,B,-55.76077120748199,-0.590599253610549,0.014927292073990746,0.024871782061843956,0.004976412441103117
309,0,0.0,0.0,B,-55.89817554555343,-0.5892040740883766,0.019838447069366702,0.029785508173815915,0.0
310,0,0.0,0.0,B,-56.12504674705267,-0.5934450437369501,0.014741172834927246,0.024569530035084906,0.004913751521307816
311,0,0.0,0.0,B,-56.28284071858189,-0.5888545575053108,0.01975683040588299,0.029634580768951337,0.0
312,0,0.0,0.0,B,-56.44864827958603,-0.5910467270046781,0.014680297772000993,0.024485785894675864,0.004891622252631548
313,0,0.0,0.0,B,-56.67203575693819,-0.5925184317959388,0.019513398860325985,0.02926094945961752,0.0
314,0,0.0,0.0,B,-56.80641939715735,-0.5882577949705402,0.014673842976143183,0.024466939991045905,0.004890115460395457
315,0,0.0,0.0,B,-57.008637649574275,-0.5927998450219607,0.019346029413316992,0.02903708153793396,0.0
316,0,0.0,0.0,B,-57.204130852215656,-0.5906516763583671,0.014547019318332136,0.02423839670658535,0.004849622870751263
317,0,0.0,0.0,B,-57.341467195019106,-0.5891657197174505,0.01933863819707429,0.029033525077538,0.0
318,0,0.0,0.0,B,-57.567336659486045,-0.5933602872491807,0.014371053253290564,0.023952899212528356,0.004790344599682159
319,0,0.0,0.0,B,-57.72660876560945,-0.5889256266931272,0.019258255044665242,0.02888637256197071,0.0
320,0,0.0,0.0,B,-57.891332604192506,-0.5909471138113411,0.01431539388511159,0.023876360903993123,0.00477010503318701
321,0,0.0,0.0,B,-58.11477408219762,-0.5925052397819307,0.019025832451155543,0.028530478265234978,0.0
322,0,0.0,0.0,B,-58.25016084186771,-0.5882935769642779,0.014308374602300982,0.023856766574152755,0.004768408184367658
323,0,0.0,0.0,B,-58.450912926305556,-0.5926804921990476,0.0188694570607494,0.028321293418833045,0.0
324,0,0.0,0.0,B,-58.647471575687746,-0.5907016410486263,0.014185620444267851,0.02363644134227816,0.004729126091219832
325,0,0.0,0.0,B,-58.78476782545388,-0.5891305379715536,0.018863388965696358,0.028318599209702918,0.0
326,0,0.0,0.0,B,-59.0096327087225,-0.5932777617954336,0.014019103723958006,0.02336651898746176,0.0046729987002569326
327,0,0.0,0.0,B,-59.170359211619456,-0.5889946746379581,0.0187841776876248,0.028174964433230643,0.0
328,0,0.0,0.0,B,-59.33403568216954,-0.5908522232725734,0.013968212346892061,0.02329658064635627,0.004654485589867893
329,0,0.0,0.0,B,-59.557503432343765,-0.5924914094157,0.01856205379885633,0.02783560557220857,0.0
330,0,0.0,0.0,B,-59.6938963042006,-0.5883294981025853,0.013960633721590433,0.02327624927430797,0.0046525980689766525
331,0,0.0,0.0,B,-59.89320558194211,-0.5925654966010425,0.018415853619453998,0.02764002708304121,0.0
332,0,0.0,0.0,B,-60.09079370753764,-0.5907492731825724,0.0138417253773114,0.02306363481176897,0.004614465353176757
333,0,0.0,0.0,B,-60.228077419429916,-0.5890983390545411,0.01841093002066606,0.027638051279015325,0.0
334,0,0.0,0.0,B,-60.45193459982519,-0.5931973043060003,0.01368401897290529,0.022808218130072683,0.004561278178274915
335,0,0.0,0.0,B,-60.614092487021,-0.5890618103176692,0.018332835846552403,0.027497705566399515,0.0
336,0,0.0,0.0,B,-60.77675719574205,-0.5907617720509706,0.013637491421932338,0.022744330504263402,0.004544344357186988
337,0,0.0,0.0,B,-61.00022383596628,-0.5924769476178307,0.018120365263302362,0.027173794278024348,0.0
338,0,0.0,0.0,B,-61.13762605204742,-0.5883655527826319,0.013629360109674698,0.022723274591188166,0.0045422664707710555
339,0,0.0,0.0,B,-61.33551521287772,-0.5924545850867203,0.017983597152799465,0.026990842596078903,0.0
340,0,0.0,0.0,B,-61.53409755449118,-0.5907946863149374,0.013514093540047468,0.02251791152651681,0.00450522707055109
341,0,0.0,0.0,B,-61.67139593771908,-0.5890689500613991,0.017979658088358913,0.02698945456802323,0.0
342,0,0.0,0.0,B,-61.89424209043204,-0.5931187684078314,0.013364615780421769,0.02227602823456015,0.004454788152648691
343,0,0.0,0.0,B,-62.0578089702206,-0.5891271315344264,0.017902632245374018,0.026852193967266885,0.0
344,0,0.0,0.0,B,-62.21949684847016,-0.5906755030617117,0.013322086370767696,0.02221769239817493,0.004439300639925654
345,0,0.0,0.0,B,-62.44293534244275,-0.5924618616482749,0.017699226949978886,0.026542742648455322,0.0
346,0,0.0,0.0,B,-62.58135030366013,-0.5884017342914043,0.013313410294128126,0.02219592541061482,0.0044370334667472805
347,0,0.0,0.0,B,-62.77784146440429,-0.592347510741938,0.01757121487854498,0.02637152467154821,0.0
348,0,0.0,0.0,B,-62.977383403417825,-0.590837983474384,0.01320159890380018,0.021997396589217132,0.004401035839262654
349,0,0.0,0.0,B,-63.114723321251816,-0.5890422130071855,0.017568116927217818,0.026370605819618115,0.0
350,0,0.0,0.0,B,-63.336554985071764,-0.5930420225170909,0.013059819041727951,0.02176816058170786,0.004353169846891762
351,0,0.0,0.0,B,-63.50150899363507,-0.5891907262107285,0.017492115898121698,0.02623624792525789,0.0
352,0,0.0,0.0,B,-63.66225436238362,-0.5905931824667618,0.013020956195579088,0.02171492245983581,0.0043390082139572635
353,0,0.0,0.0,B,-63.88563802010625,-0.5924461590957902,0.01729723880538647,0.025940357652978335,0.0
354,0,0.0,0.0,B,-64.02506923297562,-0.5884380349536333,0.01301174433644266,0.02169245869505897,0.004336553479044437
355,0,0.0,0.0,B,-64.2201840250763,-0.5922440498958089,0.017177366409361437,0.025780057389603154,0.0
356,0,0.0,0.0,B,-64.42065152401868,-0.5908792583914104,0.012903217064322384,0.021500384283649126,0.004301550130218402
357,0,0.0,0.0,B,-64.55805949283331,-0.5890179831225851,0.017174980843214532,0.025779500064726367,0.0
358,0,0.0,0.0,B,-64.77887313017207,-0.5929669481864157,0.01276864969512282,0.02128298609743355,0.004256096554792738
359,0,0.0,0.0,B,-64.94519284897778,-0.5892526735135297,0.01709996573004367,0.025647881315889347,0.0
360,0,0.0,0.0,B,-65.10502947545874,-0.5905145970677036,0.012733152148064817,0.021234431683360422,0.004243151511301785
361,0,0.0,0.0,B,-65.32833195463613,-0.5924298478680361,0.016913125096625063,0.02536473184319828,0.0
362,0,0.0,0.0,B,-65.46878297430038,-0.5884744462582044,0.012723414370514136,0.021211286149969116,0.00424051147979873
363,0,0.0,0.0,B,-65.66254262174819,-0.5921439995308714,0.016800829203497666,0.02521460225596492,0.0
364,0,0.0,0.0,B,-65.863902171196,-0.590918596563466,0.01261801402881806,0.021025319411796604,0.004206458552444685
365,0,0.0,0.0,B,-66.0014043586542,-0.5889961273750677,0.016799040375542522,0.0252143087817397,0.0
366,0,0.0,0.0,B,-66.22119640965937,-0.5928934386679041,0.012490214232162133,0.02081901793464639,0.00416327013523261
367,0,0.0,0.0,B,-66.38886079192135,-0.589313044832571,0.01672497635171281,0.02508528215416851,0.0
368,0,0.0,0.0,B,-66.54782193939172,-0.5904395520368877,0.012457807732046822,0.020774769100532425,0.004151442300852189
369,0,0.0,0.0,B,-66.77101724763811,-0.5924129361822084,0.016545720912866203,0.02481412323719726,0.0
370,0,0.0,0.0,B,-66.9124916264471,-0.588510958966741,0.012447554631123337,0.020750957412589487,0.004148619688348255
371,0,0.0,0.0,B,-67.10491701519018,-0.59204717502778,0.0164404858928613,0.02467347909735287,0.0
372,0,0.0,0.0,B,-67.30713558714709,-0.5909560761818806,0.01234513645562695,0.02057078104806044,0.0041154766002076005
373,0,0.0,0.0,B,-67.44475780962672,-0.5889765231816934,0.016439189826203616,0.02467336088373175,0.0
374,0,0.0,0.0,B,-67.66352474106654,-0.59282139765953,0.012223695553178524,0.020374896286441225,0.004074417956906986
375,0,0.0,0.0,B,-67.83251304622284,-0.5893719046345973,0.01636604566294413,0.024546793910300145,0.0
376,0,0.0,0.0,B,-67.99063151762881,-0.5903678689367977,0.012194129978781918,0.0203346071040879,0.004063616791229727
377,0,0.0,0.0,B,-68.21369401538547,-0.592395432556111,0.016193960387992316,0.024286937763759647,0.0
378,0,0.0,0.0,B,-68.35619525640021,-0.5885475632073586,0.01218337275116441,0.020310145387228726,0.004060614687845906
379,0,0.0,0.0,B,-68.54730699620359,-0.5919534081950855,0.016095313211827313,0.024155149374364165,0.0
380,0,0.0,0.0,B,-68.75035200321845,-0.5909917689410482,0.01208380313164229,0.020135468353083056,0.004028343812534964
381,0,0.0,0.0,B,-68.88811972257221,-0.5889590572853338,0.016094416362079044,0.024155126114875,0.0
382,0,0.0,0.0,B,-69.10585807207804,-0.5927507382080894,0.011968344971074085,0.01994937510418218,0.003989290226991777
383,0,0.0,0.0,B,-69.27614980738471,-0.5894293112115225,0.016022164017626572,0.024030899181250613,0.0
384,0,0.0,0.0,B,-69.43345798361966,-0.5902993839858361,0.011941391809861156,0.019912728605539463,0.003979433094436654
385,0,0.0,0.0,B,-69.65636238769747,-0.5923773457995841,0.015856866393727975,0.0237817138944657,0.0
386,0,0.0,0.0,B,-69.79989390257464,-0.588584248556034,0.011930142143147915,0.019887633413707695,0.0039762549004327685
387,0,0.0,0.0,B,-69.98971238216859,-0.5918625455428561,0.01576437229573022,0.023658201562136803,0.0
388,0,0.0,0.0,B,-70.19355164155152,-0.5910257407469136,0.011833297508124112,0.019718188148872676,0.003944821285404271
389,0,0.0,0.0,B,-70.3314899612815,-0.5889436247707334,0.015763790462812212,0.023658200506891956,0.0
390,0,0.0,0.0,B,-70.54819637745334,-0.592681381746204,0.011723475198628184,0.01954131044748358,0.003907657648616598
391,0,0.0,0.0,B,-70.71977124591251,-0.5894853173376644,0.015692404724816506,0.023536205378670662,0.0
392,0,0.0,0.0,B,-70.87630111926643,-0.5902339465355305,0.011698925332729655,0.01950801576533266,0.0038986689989515483
393,0,0.0,0.0,B,-71.0990225069355,-0.5923586850062181,0.015533541493456277,0.023297109152148932,0.0
394,0,0.0,0.0,B,-71.24358757772292,-0.5886210041075808,0.011687195310543387,0.019482304006931007,0.0038953183700081357
395,0,0.0,0.0,B,-71.43213301396781,-0.5917744467655783,0.015446800155338525,0.023181338305790618,0.0
396,0,0.0,0.0,B,-71.63673471654536,-0.5910580523390461,0.011592961144666453,0.019317844005290036,0.003864689486548908
397,0,0.0,0.0,B,-71.77486837746648,-0.5889301282006434,0.015446457524434949,0.023181293603092845,0.0
398,0,0.0,0.0,B,-71.9905396562782,-0.5926132572445206,0.01148845418103532,0.019149650236903334,0.0038293093608771714
399,0,0.0,0.0,B,-72.16337751022206,-0.5895399708487479,0.015375915697655597,0.023061432148473057,0.0
400,0,0.0,0.0,B,-72.3191607135435,-0.5901714177297264,0.011466115938593383,0.019119440075122673,0.0038211200091001147
401,0,0.0,0.0,B,-72.54167452710018,-0.5923394595452958,0.015223159980436564,0.022831888233869398,0.0
402,0,0.0,0.0,B,-72.68727627153643,-0.5886578185378778,0.01145391795916885,0.019093128947506498,0.0038176008097465684
403,0,0.0,0.0,B,-72.8745687532374,-0.5916889834052609,0.015141802164297157,0.022723365104170737,0.0
404,0,0.0,0.0,B,-73.07990143615928,-0.5910887598383092,0.011362187934966655,0.018933426627686097,0.0037877463307910914
405,0,0.0,0.0,B,-73.21825481161788,-0.5889184768553977,0.015141630458753132,0.022723217204102066,0.0
406,0,0.0,0.0,B,-73.43288792950102,-0.5925463004632201,0.011262699657169443,0.018773425216219188,0.003754051122412487
407,0,0.0,0.0,B,-73.60696872924021,-0.5895933151533843,0.015071912091452791,0.0226054002824024,0.0
408,0,0.0,0.0,B,-73.76203656126773,-0.5901116693209343,0.011242397092859317,0.018746053606532826,0.003746597614281576
409,0,0.0,0.0,B,-73.98431861301523,-0.592319679053919,0.014924960851756226,0.022384912527484417,0.0
410,0,0.0,0.0,B,-74.13095995298036,-0.5886946801586999,0.011229743799140345,0.01871916053789608,0.003742913878200605
411,0,0.0,0.0,B,-74.31701947990481,-0.5916060376702036,0.014848645421847875,0.02228318031379353,0.0
412,0,0.0,0.0,B,-74.52305200307416,-0.5911179152302605,0.011140419007745355,0.018564005368240686,0.003713805480369788
413,0,0.0,0.0,B,-74.66164909378267,-0.5889085860618805,0.014848583153335846,0.02228287542774425,0.0
414,0,0.0,0.0,B,-74.87524123771786,-0.5924804532894044,0.011045674351067927,0.01841174096095647,0.0036817037055976603
415,0,0.0,0.0,B,-75.05054501473745,-0.589645389686092,0.014779669796854049,0.022167021919114027,0.0
416,0,0.0,0.0,B,-75.20492846200169,-0.5900545826227984,0.011027245725115452,0.01838698126933806,0.0036749277572147377
417,0,0.0,0.0,B,-75.4269549395862,-0.5922993534292759,0.014638241592192406,0.021955130834770617,0.0
418,0,0.0,0.0,B,-75.57463857239614,-0.5887315769662769,0.01101414994469323,0.018359523867149282,0.003671083653364948
419,0,0.0,0.0,B,-75.7594850899778,-0.591525501388638,0.014566652874119705,0.02185976629667325,0.0
420,0,0.0,0.0,B,-75.96618661572892,-0.5911455667928635,0.010927138212475651,0.018208720710680096,0.0036426948401648415
421,0,0.0,0.0,B,-76.1050510442717,-0.5889003765999767,0.014566644677527036,0.02185925590731823,0.0
422,0,0.0,0.0,B,-76.31759963917544,-0.5924156631489683,0.010836881710057079,0.0180637707945605,0.003612101473401309
423,0,0.0,0.0,B,-76.49410646342497,-0.5896962303095518,0.014498519674403064,0.0217452918630925,0.0
424,0,0.0,0.0,B,-76.64783621907353,-0.5900000475808135,0.010820178139661024,0.01804141394573854,0.0036059494750065356
425,0,0.0,0.0,B,-76.86958369112415,-0.5922784928210191,0.01436235266112873,0.021541571142193242,0.0
426,0,0.0,0.0,B,-77.01831206340006,-0.5887684966845114,0.01080665283314063,0.018013409950980986,0.0036019492786787243
427,0,0.0,0.0,B,-77.20196549355435,-0.5914472750795631,0.014295198094733941,0.021452181562127026,0.0
428,0,0.0,0.0,B,-77.40930546924689,-0.5911717594758101,0.010721868113136884,0.017866777600600892,0.0035742552222336552
429,0,0.0,0.0,B,-77.54846047430703,-0.588893774176376,0.014295194137014005,0.021451421978874466,0.0
430,0,0.0,0.0,B,-77.75996320796492,-0.5923518824832653,0.01063586211837179,0.017728749494199395,0.0035450911151166343
431,0,0.0,0.0,B,-77.93765315884389,-0.5897458696726502,0.014227842433754946,0.02133927987537594,0.0
432,0,0.0,0.0,B,-78.09075963870164,-0.5899479619460538,0.01062074637927209,0.017708602387152647,0.0035395136907141423
433,0,0.0,0.0,B,-78.31220506072526,-0.5922571076237269,0.014096692591484165,0.021143333303886246,0.0
434,0,0.0,0.0,B,-78.46198034460284,-0.5888054268036297,0.010606804595867759,0.017680069633708013,0.0035353617587799207
435,0,0.0,0.0,B,-78.64446061302804,-0.5913712671257092,0.014033700640038449,0.021059553774701114,0.0
436,0,0.0,0.0,B,-78.8524087562636,-0.5911965352376679,0.01052416642451881,0.01753743951244242,0.0035083391578442195
437,0,0.0,0.0,B,-78.99187718661705,-0.5888887089570938,0.01403365609377831,0.021058505730121163,0.0
438,0,0.0,0.0,B,-79.20233203238362,-0.5922890682822828,0.010442189525511354,0.017405967685397115,0.003480530520652019
439,0,0.0,0.0,B,-79.38118517307122,-0.5897943375299173,0.013967064074969813,0.02094812381146053,0.0
440,0,0.0,0.0,B,-79.53369852921173,-0.5898982305388863,0.01042853498465642,0.017387851776485306,0.0034754821363090177
441,0,0.0,0.0,B,-79.75481924969925,-0.5922352084694225,0.013840703622838974,0.02075958252104783,0.0
442,0,0.0,0.0,B,-79.90564332117128,-0.5888423546149271,0.010414189823995262,0.017358808155076334,0.0034711828860387373
443,0,0.0,0.0,B,-80.08697038146576,-0.5912973930357315,0.013781621906493227,0.020681073518824648,0.0
444,0,0.0,0.0,B,-80.29549666766705,-0.5912199333461747,0.010333622835071376,0.017220023159904563,0.0034448098383428856
445,0,0.0,0.0,B,-80.43530097598611,-0.5888851151513054,0.013781496480229806,0.02067970180200886,0.0
446,0,0.0,0.0,B,-80.64470621344525,-0.5922271816672401,0.010255468437286055,0.017094766839137077,0.003418287775982257
447,0,0.0,0.0,B,-80.8247025682632,-0.5898416610271584,0.013715651821185778,0.020571023499699307,0.0
448,0,0.0,0.0,B,-80.9766527003365,-0.5898507645914883,0.010243158100253669,0.017078516872695976,0.0034137263906698885
449,0,0.0,0.0,B,-81.1974264670402,-0.5922128062201363,0.013593867802047094,0.020389543518450456,0.0
450,0,0.0,0.0,B,-81.3493008862506,-0.5888792672421399,0.0102284226795184,0.017048980298870493,0.0034092842815949044
451,0,0.0,0.0,B,-81.52949474113845,-0.5912255747845727,0.013538461427992022,0.02031598872631209,0.0
452,0,0.0,0.0,B,-81.73856939326016,-0.591241990646241,0.01014985616825192,0.016913893769844885,0.0033835401688456024
453,0,0.0,0.0,B,-81.87873162976456,-0.588882930640154,0.01353821894639391,0.020314261849520367,0.0
454,0,0.0,0.0,B,-82.08708586352107,-0.5921661875165212,0.010075331224841777,0.016794534797230785,0.0033582402648143347
455,0,0.0,0.0,B,-82.2682053980545,-0.5898878649574066,0.013473110481957026,0.020207235268595358,0.0
456,0,0.0,0.0,B,-82.41962196258952,-0.5898054811595554,0.010064256883946791,0.01677999766616779,0.003354127018522491
457,0,0.0,0.0,B,-82.64002692893452,-0.592189911960492,0.013355703493977591,0.0200324953326628,0.0
458,0,0.0,0.0,B,-82.79295292226351,-0.5889161516699195,0.01004914430961518,0.016749986051866,0.0033495465368984113
459,0,0.0,0.0,B,-82.97203364218859,-0.5911557402224747,0.013303753559561047,0.019963599685918272,0.0
460,0,0.0,0.0,B,-83.1816271223528,-0.5912627417995874,0.00997251184102836,0.016618460850848317,0.0033244119209760023
461,0,0.0,0.0,B,-83.32216892834427,-0.5888820966450578,0.013303361587516717,0.01996148958123833,0.0
462,0,0.0,0.0,B,-83.52947110509746,-0.5921060541296942,0.009901435713139969,0.016504701762009296,0.0033002738635924097
463,0,0.0,0.0,B,-83.71169370882842,-0.5899329719907582,0.013238979194968735,0.01985606704411687,0.0
464,0,0.0,0.0,B,-83.86260612670536,-0.5897623025949088,0.0098914971840905,0.016491735483243005,0.0032965727981802634
465,0,0.0,0.0,B,-84.08262085830098,-0.5921665369903061,0.01312576225293086,0.01968776663832923,0.0
466,0,0.0,0.0,B,-84.23659930209918,-0.5889529947697862,0.009876020527636592,0.016461266711542674,0.003291858443675875
467,0,0.0,0.0,B,-84.41458704141844,-0.5910878225444257,0.013077064501200213,0.019623254565215093,0.0
468,0,0.0,0.0,B,-84.62467004429087,-0.591282219499402,0.009801259583868242,0.016333174397100136,0.0032673149727631976
469,0,0.0,0.0,B,-84.76561264560368,-0.5888825574308026,0.013076494006641503,0.019620736308292742,0.0
470,0,0.0,0.0,B,-84.97186206963671,-0.592046752925089,0.009733463015612821,0.016224736695089188,0.003244282218720002
471,0,0.0,0.0,B,-85.15516754087241,-0.5899770028811635,0.013012828500973982,0.01951687394893275,0.0
472,0,0.0,0.0,B,-85.30560500313968,-0.5897211560718207,0.00972456745221361,0.016213209486648256,0.003240960027582015
473,0,0.0,0.0,B,-85.5252084843592,-0.5921426928171872,0.012903626011974945,0.01935473154881359,0.0
474,0,0.0,0.0,B,-85.6802398902053,-0.5889897833239,0.009708739729227117,0.01618230138932884,0.0032361163018753652
475,0,0.0,0.0,B,-85.85715490118778,-0.5910217598129339,0.012857989621849104,0.019294345384448488,0.0
476,0,0.0,0.0,B,-86.0676983489286,-0.5913004546629491,0.00963579139135537,0.016057521476198718,0.0032121466254148696
477,0,0.0,0.0,B,-86.20906254932669,-0.5888842600393329,0.012857214672812596,0.01929139694264746,0.0
478,0,0.0,0.0,B,-86.41425889653033,-0.5919882581670074,0.009571115586167356,0.015954144077350983,0.0031901660963665145
479,0,0.0,0.0,B,-86.59862692943072,-0.5900199766528433,0.012794257712853845,0.01918905434461216,0.0
480,0,0.0,0.0,B,-86.74861840162299,-0.5896819731608437,0.009563176863961964,0.015943933525637315,0.0031871918995192623
481,0,0.0,0.0,B,-86.96779004222289,-0.5921183911491323,0.012688904553142217,0.019032805835985607,0.0
482,0,0.0,0.0,B,-87.12387454359231,-0.5890265040469227,0.009547011016218986,0.01591260386324534,0.0031822232965303056
483,0,0.0,0.0,B,-87.29973718840837,-0.5909574945279672,0.012646151048751459,0.018976304390023457,0.0
484,0,0.0,0.0,B,-87.51071222704995,-0.5913174766046686,0.009475819676667762,0.015791023156356155,0.00315881098804575
485,0,0.0,0.0,B,-87.65251840159809,-0.5888871540506977,0.012645148540758235,0.01897290639264404,0.0
486,0,0.0,0.0,B,-87.85666173213434,-0.5919305467191647,0.009414115463505634,0.01569246098856182,0.003137832796494055
487,0,0.0,0.0,B,-88.04207190566484,-0.5900619107686446,0.012582892544859416,0.018872046265616352,0.0
488,0,0.0,0.0,B,-88.19164613076342,-0.5896446894447263,0.009407053624438869,0.015683453295734114,0.00313517793813629
489,0,0.0,0.0,B,-88.41036577251505,-0.5920936438871052,0.012481233226282494,0.018721443521153024,0.0
490,0,0.0,0.0,B,-88.56750311276028,-0.5890631436062148,0.009390562504523184,0.015651719739868536,0.003130088935665401
491,0,0.0,0.0,B,-88.74233387362648,-0.590894973238693,0.012441195492009335,0.0186686007820844,0.0
492,0,0.0,0.0,B,-88.95371187074298,-0.5913333131919769,0.009321075606643966,0.015533231734246504,0.0031072184226042772
493,0,0.0,0.0,B,-89.09597995917858,-0.5888911913680642,0.012439944902340315,0.018664736310512416,0.0
494,0,0.0,0.0,B,-89.29907072887852,-0.591873597821394,0.00926220268597005,0.015439254470452204,0.0030871956238240025
495,0,0.0,0.0,B,-89.4855024975304,-0.5901028212823518,0.01237838297249937,0.018565324200558692,0.0
496,0,0.0,0.0,B,-89.6346879976935,-0.5896092441717082,0.009255943437169532,0.015431343773135518,0.0030848334898052453
497,0,0.0,0.0,B,-89.85293592100211,-0.5920684631175995,0.012280270888520902,0.018420133795321002,0.0
498,0,0.0,0.0,B,-90.01112544255548,-0.5890996886405666,0.009239139795299459,0.01539922389070385,0.003079628542380773
499,0,0.0,0.0,B,-90.184944930184,-0.5908341461923525,0.012242792277985037,0.01837073775649277,0.0
500,0,0.0,0.0,B,-90.39669747373271,-0.5913479909856949,0.009171307597151979,0.015283728229734398,0.0030572850422365835
501,0,0.0,0.0,B,-90.53944697386169,-0.5888963260241146,0.012241275443856394,0.018366392152368363,0.0
502,0,0.0,0.0,B,-90.74148604444207,-0.5918173928870292,0.009115133857899409,0.015194119141664054,0.003038173409390917
503,0,0.0,0.0,B,-90.92891873057948,-0.5901427229767198,0.01218040129730756,0.018268396181900473,0.0
504,0,0.0,0.0,B,-91.0777438077573,-0.5895755799420717,0.009109608118548926,0.015187206893269018,0.0030360792623513417
505,0,0.0,0.0,B,-91.29550073824538,-0.5920428611051753,0.012085698039827168,0.018128398232259244,0.0
506,0,0.0,0.0,B,-91.45474137296448,-0.5891361257776377,0.009092504591312492,0.015154718132493666,0.0030307627951181035
507,0,0.0,0.0,B,-91.62757033345122,-0.5907749670161784,0.012050631568527523,0.01808224982651161,0.0
508,0,0.0,0.0,B,-91.83966923167513,-0.5913615353667842,0.009026279951038411,0.015042120117982215,0.0030089322571809837
509,0,0.0,0.0,B,-91.98291919281476,-0.5889025140064665,0.01204883248654011,0.018077410516201792,0.0
510,0,0.0,0.0,B,-92.18390784098855,-0.5917619153187078,0.008972680850866204,0.01495667503694581,0.0029906900771291363
511,0,0.0,0.0,B,-92.37232062869525,-0.5901816294887647,0.011988640393963908,0.01798080115013534,0.0
512,0,0.0,0.0,B,-92.5208133642339,-0.5895436424243444,0.008967824341894762,0.01495066944681389,0.0029888409073549026
513,0,0.0,0.0,B,-92.7380604792671,-0.5920168502849741,0.01189721513326256,0.01784578826241213,0.0
514,0,0.0,0.0,B,-92.89835073985118,-0.5891724416502603,0.00895043344263683,0.014917829124793055,0.0029834173108594163
515,0,0.0,0.0,B,-93.07021006012374,-0.5907173924287905,0.01186442274585556,0.017802700393813802,0.0
516,0,0.0,0.0,B,-93.28262734241659,-0.5913739706508674,0.008885771623140056,0.014808039273103564,0.0029620863630204566
517,0,0.0,0.0,B,-93.426396358906,-0.5889097131000646,0.01186232739041158,0.017797356727647366,0.0
518,0,0.0,0.0,B,-93.62633628445505,-0.5917071503406091,0.008834629625219486,0.014726565646378741,0.0029446742506230752
519,0,0.0,0.0,B,-93.8157082147643,-0.5902195534236662,0.011802812120029114,0.01770210656272,0.0
520,0,0.0,0.0,B,-93.96389646809473,-0.5895133800979914,0.00883038249717794,0.014721381169778083,0.0029430486409036706
521,0,0.0,0.0,B,-94.18061540323006,-0.5919904432551992,0.011714541041106627,0.01757188287961258,0.0
522,0,0.0,0.0,B,-94.34195337564299,-0.5892086229117228,0.008812716607817885,0.014688206461428118,0.002937522266652587
523,0,0.0,0.0,B,-94.51286408757842,-0.5906613819779252,0.011683892945393605,0.01753167954214565,0.0
524,0,0.0,0.0,B,-94.72557200622109,-0.5913853201918221,0.008749575098740572,0.01458114010069416,0.002916678166754211
525,0,0.0,0.0,B,-94.86987821101877,-0.5889178827447283,0.011681489104050456,0.0175258226470249,0.0
526,0,0.0,0.0,B,-95.06877154388991,-0.5916530848453923,0.008700779159130093,0.014503456133361629,0.002900058895745029
527,0,0.0,0.0,B,-95.25908151129404,-0.5902565064584682,0.0116226458709588,0.017431906221636664,0.0
528,0,0.0,0.0,B,-95.40699291779099,-0.5894847440198123,0.008697085654187343,0.014499013007060252,0.002898636898728403
529,0,0.0,0.0,B,-95.62316577312899,-0.5919636527695727,0.01153741166034248,0.017306286555952923,0.0
530,0,0.0,0.0,B,-95.78554910997043,-0.5892446562501554,0.00867915701827582,0.014465520935285792,0.0028930120554140843
531,0,0.0,0.0,B,-95.95553239328208,-0.5906068978017426,0.011508785720985643,0.01726880203018911,0.0
532,0,0.0,0.0,B,-96.16850342596817,-0.5913956064755898,0.008617495373497736,0.01436109783930542,0.002872642646697065
533,0,0.0,0.0,B,-96.31336448435486,-0.5889269839062676,0.011506062844957357,0.017262424674332706,0.0
534,0,0.0,0.0,B,-96.51121379083438,-0.5915997072543022,0.008570940473868974,0.014287031712627437,0.002856780995416957
535,0,0.0,0.0,B,-96.7024405409787,-0.5902924994366239,0.011447887265143075,0.01716981829661013,0.0
536,0,0.0,0.0,B,-96.85010250906947,-0.5894576876115933,0.008567748618344783,0.014283255531381761,0.002855544022139094
537,0,0.0,0.0,B,-97.06571185549225,-0.5919364917297585,0.011365578642950458,0.017048627343102654,0.0
538,0,0.0,0.0,B,-97.22913777026474,-0.5892805284021052,0.008549569335193918,0.01424946295833753,0.002849824972441047
539,0,0.0,0.0,B,-97.39821495424972,-0.590553904411284,0.011338859828758749,0.01701370546294855,0.0
540,0,0.0,0.0,B,-97.6114218073243,-0.5914048512051988,0.008489349024289852,0.014147607013295161,0.0028299186426894544
541,0,0.0,0.0,B,-97.75685491072781,-0.588936978959759,0.011335808896984781,0.017006801931644243,0.0
542,0,0.0,0.0,B,-97.9536631987449,-0.5915470073890933,0.008444935745379356,0.01407699617177417,0.0028147812531768195
543,0,0.0,0.0,B,-98.14578532721876,-0.5903275424543092,0.011278296945521562,0.016915483523721242,0.0
544,0,0.0,0.0,B,-98.29322503481407,-0.5894321664668489,0.008442197069652373,0.014073817501603695,0.002813711971599223
545,0,0.0,0.0,B,-98.50825392009327,-0.591908973177756,0.011198808238170916,0.016798555140912216,0.0
546,0,0.0,0.0,B,-98.67271918231708,-0.589316226165388,0.008423779089395983,0.014039741120927247,0.0028079029294827136
547,0,0.0,0.0,B,-98.84091174654608,-0.5905023684919263,0.011173888117510924,0.01676604862340477,0.0
548,0,0.0,0.0,B,-99.05432735888897,-0.5914130753778879,0.008364963361665648,0.0139403800215462,0.002788448573512435
549,0,0.0,0.0,B,-99.20034921884735,-0.588947831583747,0.011170501512894395,0.01675861460476296,0.0
550,0,0.0,0.0,B,-99.39611994245186,-0.5914949763545811,0.008322597493359611,0.013873070521712242,0.0027740038226165267
551,0,0.0,0.0,B,-99.58911589459814,-0.5903616449393152,0.011113649485890489,0.016668563561522062,0.0
552,0,0.0,0.0,B,-99.73636028491092,-0.5894081381747405,0.008320266776355252,0.013870424546297345,0.002773086065141808
553,0,0.0,0.0,B,-99.95079223967,-0.5918811102882647,0.01103688023538402,0.01655574011635959,0.0
554,0,0.0,0.0,B,-100.1162931708026,-0.5893517364112802,0.008301621895814598,0.013836080876205682,0.002767191193586023
555,0,0.0,0.0,B,-100.28362274482916,-0.5904522587219396,0.011013656514894048,0.016525509948282287,0.0
556,0,0.0,0.0,B,-100.49722029231856,-0.5914202993551123,0.008244175655656619,0.013739145848333842,0.002748178178761208
557,0,0.0,0.0,B,-100.64384713459597,-0.5889595066642643,0.011009927911470926,0.01651754242808103,0.0
558,0,0.0,0.0,B,-100.8385841976515,-0.5914436064307649,0.008203767840080763,0.013674991763102889,0.0027343960600948783
559,0,0.0,0.0,B,-101.03243226932213,-0.5903948157232484,0.010953732391383595,0.01642873948881422,0.0
560,0,0.0,0.0,B,-101.1795080461356,-0.589385562159472,0.008201802875863824,0.013672817960050128,0.002733614739148815
561,0,0.0,0.0,B,-101.39332708965233,-0.5918529163610194,0.010879586997551156,0.01631987125782934,0.0
562,0,0.0,0.0,B,-101.55985955977286,-0.5893870460961227,0.008182942735111127,0.013638223337205203,0.0027276381482459976
563,0,0.0,0.0,B,-101.72634792193008,-0.5904035456064662,0.01085796309987988,0.01629178613361072,0.0
564,0,0.0,0.0,B,-101.94010082242872,-0.5914265429261301,0.00812683242764928,0.013543648884183388,0.0027090562827420733
565,0,0.0,0.0,B,-102.08734838129803,-0.5889719702077069,0.010853887359820291,0.016283283298412346,0.0
566,0,0.0,0.0,B,-102.28105614042892,-0.5913928909735913,0.008088297832041264,0.013482511757322402,0.002695908298422678
567,0,0.0,0.0,B,-102.47573447961923,-0.5904270631076758,0.010798345183799327,0.016195710430047004,0.0
568,0,0.0,0.0,B,-102.62266810206037,-0.5893643995336593,0.008086659216316655,0.013480753601399803,0.0026952493292953118
569,0,0.0,0.0,B,-102.83585874789594,-0.5918244048130985,0.0107267325762948,0.016090655051401743,0.0
570,0,0.0,0.0,B,-103.0034181731183,-0.5894221422723791,0.008067595295842682,0.013445924175458568,0.002689195074670385
571,0,0.0,0.0,B,-103.16908724846829,-0.5903562013254214,0.010706617253061532,0.016064590857364447,0.0
572,0,0.0,0.0,B,-103.38296916727762,-0.5914318253657794,0.008012788801832944,0.013353647845922984,0.00267103457823186
573,0,0.0,0.0,B,-103.53085267998263,-0.5889851892616911,0.01070219033252629,0.016055552005164366,0.0
574,0,0.0,0.0,B,-103.72353594680894,-0.59134282432352,0.007976046818330784,0.013295396191763556,0.002658493639473637
575,0,0.0,0.0,B,-103.91902255611043,-0.5904583949247857,0.010647298563487628,0.015969192295861297,0.0
576,0,0.0,0.0,B,-104.06584023298056,-0.5893446129643299,0.007974697752900661,0.013294000882522517,0.002657943869702116
577,0,0.0,0.0,B,-104.2783874944227,-0.5917955891712071,0.010578131900684172,0.015867814267308007,0.0
578,0,0.0,0.0,B,-104.44696883500441,-0.5894570120992029,0.007955441371305067,0.013258952611296846,0.0026518159512092005
579,0,0.0,0.0,B,-104.61184069249789,-0.5903101995939961,0.010559438877275087,0.015843653607868904,0.0
580,0,0.0,0.0,B,-104.82582554823068,-0.591436165487004,0.007901907910456741,0.013168914786331065,0.0026340674281772705
581,0,0.0,0.0,B,-104.97435974964048,-0.5889991318431238,0.010554657740258384,0.01583407906560858,0.0
582,0,0.0,0.0,B,-105.16602379233333,-0.5912934017211635,0.007866881880247933,0.013113423630405543,0.0026221077639001986
583,0,0.0,0.0,B,-105.36229653214741,-0.5904888185930706,0.010500413640422823,0.015748916627678956,0.0
584,0,0.0,0.0,B,-105.5090242158577,-0.5893261665503625,0.007865787993687656,0.013112341841882754,0.002621654908555573
585,0,0.0,0.0,B,-105.72091361116637,-0.5917664830639363,0.01043361003266339,0.01565108684600281,0.0
586,0,0.0,0.0,B,-105.89051137028204,-0.5894916428525478,0.007846350305821528,0.013077090487042772,0.0026154572692134244
587,0,0.0,0.0,B,-106.05460821918399,-0.5902655155345667,0.010416257681843897,0.015628718607894204,0.0
588,0,0.0,0.0,B,-106.26867019000927,-0.591439581688606,0.00779406034775849,0.012989234184825003,0.0025981116836212657
589,0,0.0,0.0,B,-106.41786930747557,-0.589013766872801,0.010411120221227234,0.015618609655235188,0.0
590,0,0.0,0.0,B,-106.60851985166161,-0.5912446192293328,0.0077606773073089184,0.012936384641565768,0.0025867087563303725
591,0,0.0,0.0,B,-106.80555644412259,-0.5905183411684867,0.010357521227888893,0.015534629536444964,0.0
592,0,0.0,0.0,B,-106.95221982427957,-0.5893090257102964,0.007759806490312438,0.01293557029200254,0.0025863413386403647
593,0,0.0,0.0,B,-107.16343738172381,-0.5917371002140027,0.010293001482821364,0.015440224874444387,0.0
594,0,0.0,0.0,B,-107.3340456048756,-0.5895260219348594,0.007740198485811546,0.012900131415264582,0.0025800778637742254
595,0,0.0,0.0,B,-107.49738979050574,-0.5902221255589661,0.010276912524467344,0.015419543825439645,0.0
596,0,0.0,0.0,B,-107.71150332072301,-0.5914420919986729,0.007689123667980866,0.012814402111558546,0.0025631265163287183
597,0,0.0,0.0,B,-107.86138106915138,-0.5890290641159182,0.010271417489593102,0.015408902624252986,0.0
598,0,0.0,0.0,B,-108.051024298194,-0.5911964736609094,0.0076573141153038265,0.012764080995612036,0.0025522569445960448
599,0,0.0,0.0,B,-108.24880233175286,-0.5905469693914922,0.01021846119290828,0.01532609072668956,0.0
600,0,0.0,0.0,B,-108.39542682843457,-0.5892931570795615,0.007656636369315179,0.01276349103534387,0.0025519642413967536
601,0,0.0,0.0,B,-108.60595909111045,-0.5917074544304672,0.010156149580874557,0.01523499364417433,0.0
602,0,0.0,0.0,B,-108.77757136614903,-0.5895601368843764,0.007636868871470677,0.012727879995090693,0.0025456387579580997
603,0,0.0,0.0,B,-108.94018536498524,-0.5901800072601638,0.010141250805409365,0.015215900063166856,0.0
604,0,0.0,0.0,B,-109.15432517188813,-0.591443714114062,0.007586981923377748,0.012644225458105715,0.002529073264744812
605,0,0.0,0.0,B,-109.30489474903328,-0.5890449941279434,0.010135397735555985,0.015204729592244247,0.0
606,0,0.0,0.0,B,-109.49353730371566,-0.5911489625120139,0.007556679602516256,0.012596324926175292,0.0025187147516958766
607,0,0.0,0.0,B,-109.69203423833903,-0.5905747097303261,0.010083081858165813,0.015123072598012592,0.0
608,0,0.0,0.0,B,-109.83864499510068,-0.589278528416275,0.007556166900409646,0.01259591914203532,0.0025184867432595797
609,0,0.0,0.0,B,-110.04847902552078,-0.5916775596009415,0.01002290589582614,0.015035170783673012,0.0
610,0,0.0,0.0,B,-110.22108848325252,-0.5895939753840691,0.007536250565329826,0.012560151090322293,0.002512103019299329
611,0,0.0,0.0,B,-110.38299489743974,-0.5901391393125149,0.01000912790920102,0.015017570119280768,0.0
612,0,0.0,0.0,B,-110.59713597843205,-0.591444465436298,0.007487525238542575,0.012478521228624665,0.002495915292063779
613,0,0.0,0.0,B,-110.74841006042621,-0.5890615282053643,0.010002917072406501,0.015005874113820327,0.0
614,0,0.0,0.0,B,-110.93605903805914,-0.5911020839000032,0.007458666940626495,0.012432938449075968,0.0024860465593313625
615,0,0.0,0.0,B,-111.13525221100232,-0.5906015684208554,0.009951239450726802,0.014925359416917115,0.0
616,0,0.0,0.0,B,-111.281874087647,-0.5892651085148358,0.007458293098326792,0.01243267928382459,0.0024858738831649656
617,0,0.0,0.0,B,-111.49099747209196,-0.591647429683779,0.009893129701287537,0.014840545458247085,0.0
618,0,0.0,0.0,B,-111.66459678745035,-0.5896275252702377,0.007438238414349595,0.01239676916373067,0.002479435627438737
619,0,0.0,0.0,B,-111.82581833875588,-0.5900995013798158,0.009880406689565163,0.01482434801340137,0.0
620,0,0.0,0.0,B,-112.03993597868562,-0.5914443631041908,0.007390649417770518,0.012317115886026051,0.002463617855311381
621,0,0.0,0.0,B,-112.19192671580853,-0.5890786383408614,0.009873839026303212,0.014812130908862957,0.0
622,0,0.0,0.0,B,-112.37858966878574,-0.5910558365058752,0.007363174797176401,0.012273752733771865,0.0024542185819740043
623,0,0.0,0.0,B,-112.57845630089957,-0.5906275515032764,0.009822797593332657,0.014732746552648118,0.0
624,0,0.0,0.0,B,-112.72511386604798,-0.589252867126637,0.007362915355225886,0.012273605119214992,0.002454092490224968
625,0,0.0,0.0,B,-112.93351471867251,-0.5916170787002595,0.009766687481911576,0.01465091763139623,0.0
626,0,0.0,0.0,B,-113.10809611243133,-0.5896607745407886,0.0073427326425471555,0.012237567662502004,0.0024476033519120082
627,0,0.0,0.0,B,-113.26865563568441,-0.5900610740304899,0.009754956993709003,0.014636038271627856,0.0
628,0,0.0,0.0,B,-113.4827254143629,-0.5914434240234676,0.007296255582501866,0.01215984474823024,0.0024321479844570414
629,0,0.0,0.0,B,-113.63544442706224,-0.5890962971825153,0.009748034064972991,0.014623305151590398,0.0
630,0,0.0,0.0,B,-113.8211293608829,-0.5910102195207023,0.007270106986791293,0.012118607522662398,0.0024231987505273973
631,0,0.0,0.0,B,-114.0216465634187,-0.590652664855934,0.009697626834486113,0.014545039771338086,0.0
632,0,0.0,0.0,B,-114.16836408690844,-0.5892417748872687,0.0072699391009698085,0.012118538725253822,0.0024231110706710007
633,0,0.0,0.0,B,-114.37603105359327,-0.5915865207267654,0.009643452477296081,0.014466097382218261,0.0
634,0,0.0,0.0,B,-114.55158629460333,-0.5896937113632086,0.007249638511456906,0.01208238845030163,0.0024165746391907415
635,0,0.0,0.0,B,-114.71150673065453,-0.5900238386592876,0.00963265522251806,0.01445245526558036,0.0
636,0,0.0,0.0,B,-114.92550453053079,-0.5914416648936607,0.007204249836191976,0.012006551430093125,0.0024014743706704035
637,0,0.0,0.0,B,-115.07896290569971,-0.5891144779966868,0.00962537916191318,0.014439211813267646,0.0
638,0,0.0,0.0,B,-115.26367827647783,-0.5909652325957531,0.0071793721486353365,0.011967350594051853,0.002392956604742102
639,0,0.0,0.0,B,-115.46482305835531,-0.5906769142264975,0.009575604213918548,0.014362054583333611,0.0
640,0,0.0,0.0,B,-115.61162450350014,-0.589231803249663,0.007179274488830654,0.011967330071893888,0.002392899703257052
641,0,0.0,0.0,B,-115.81854676544279,-0.5915557698869579,0.009523304260080813,0.01428590427395526,0.0
642,0,0.0,0.0,B,-115.99506717337206,-0.5897263240822511,0.007158866005995012,0.011931081281882793,0.0023863195081694328
643,0,0.0,0.0,B,-116.15437156160613,-0.5899877774149536,0.009513383923529375,0.014273422600723307,0.0
644,0,0.0,0.0,B,-116.36827357556761,-0.5914391022324896,0.007114542954217524,0.011857087327020812,0.0023715672629255552
645,0,0.0,0.0,B,-116.5224818630871,-0.5891331546342488,0.009505757393013667,0.014259675053895304,0.0
646,0,0.0,0.0,B,-116.70623657456566,-0.5909208757959981,0.00709088344782683,0.011819837264989468,0.002363463193624453
647,0,0.0,0.0,B,-116.90798585007192,-0.5907003052606992,0.009456612860369685,0.014183615639086,0.0
648,0,0.0,0.0,B,-117.05489486580743,-0.5892229244226707,0.007090836104432002,0.011819836535251642,0.0023634299423930935
649,0,0.0,0.0,B,-117.26106214284522,-0.5915248403439516,0.00940612834528412,0.01411016676926617,0.0
650,0,0.0,0.0,B,-117.4385385914058,-0.5897586012273456,0.007070329543537713,0.01178350331656654,0.002356809453370555
651,0,0.0,0.0,B,-117.59725006183871,-0.5899528731333571,0.009397031413868575,0.01409877254973533,0.0
652,0,0.0,0.0,B,-117.81103280111242,-0.5914357523979409,0.0070270500966638436,0.011711311136684702,0.002342398372234217
653,0,0.0,0.0,B,-117.96600101066448,-0.5891523014998786,0.00938905756281917,0.014084527658669639,0.0
654,0,0.0,0.0,B,-118.14880441075186,-0.5908771495567204,0.007004558298762278,0.011675929930574303,0.0023346909831547125
655,0,0.0,0.0,B,-118.35113500764044,-0.5907228435288334,0.009340541618910783,0.014009556169441353,0.0
656,0,0.0,0.0,B,-118.4981749205829,-0.5892151113146238,0.0070045426959476475,0.011675922446444293,0.0023346747283502327
657,0,0.0,0.0,B,-118.70357747424194,-0.5914937462924967,0.00929181582821378,0.01393872168824169,0.0
658,0,0.0,0.0,B,-118.88200039488649,-0.5897905315197451,0.006983947704236297,0.011639518667278054,0.0023280173552110276
659,0,0.0,0.0,B,-119.04014215987712,-0.5899191092756465,0.009283491430608306,0.013928345527101905,0.0
660,0,0.0,0.0,B,-119.25378246200486,-0.5914316316082345,0.006941690542047756,0.011569088415597369,0.002313940782859349
661,0,0.0,0.0,B,-119.40952006016303,-0.5891718935241456,0.009275173857921126,0.01391361051541484,0.0
662,0,0.0,0.0,B,-119.59138193700785,-0.5908340546429891,0.006920318108496374,0.011535497636642283,0.002306613770696263
663,0,0.0,0.0,B,-119.79427060496923,-0.5907445345501862,0.009227284705310144,0.013839717466568948,0.0
664,0,0.0,0.0,B,-119.9414644114117,-0.5892083374814636,0.006920316923767333,0.011535458673007438,0.0023066083039424627
665,0,0.0,0.0,B,-120.14609304767563,-0.5914625019511681,0.009180263048543025,0.013771413705560677,0.0
666,0,0.0,0.0,B,-120.32545243374759,-0.5898221038794182,0.0068996429807818005,0.011498997982143603,0.002299917396736234
667,0,0.0,0.0,B,-120.48304777935172,-0.5898864698710122,0.009172662806249008,0.013761989601473111,0.0
668,0,0.0,0.0,B,-120.69652281621688,-0.591426755959845,0.006858387440216891,0.011430291167620621,0.0022861688699227214
669,0,0.0,0.0,B,-120.85303872381928,-0.5891919061381556,0.009164005525208754,0.01374677212955229,0.0
670,0,0.0,0.0,B,-121.03396930143877,-0.5907915921117591,0.006838088038501878,0.011398415683047088,0.002279206605536626
671,0,0.0,0.0,B,-121.23739272091541,-0.5907653838155512,0.009116741385179164,0.013673948402126324,0.0
672,0,0.0,0.0,B,-121.38476307878403,-0.5892025770790722,0.006838085128010015,0.01139832223018044,0.0022792061371465317
673,0,0.0,0.0,B,-121.58860915057787,-0.5914311215545678,0.009071371278372417,0.01360809488352972,0.0
674,0,0.0,0.0,B,-121.76889456189987,-0.589853307431697,0.006817341546002529,0.01136181805593742,0.0022724849862842834
675,0,0.0,0.0,B,-121.92596683889334,-0.5898549394636969,0.009064449167240918,0.013599560042656805,0.0
676,0,0.0,0.0,B,-122.13925412477609,-0.5914211414437329,0.0067770675828337556,0.011294797461754838,0.0022590582228755834
677,0,0.0,0.0,B,-122.29655671458619,-0.5892123152505381,0.009055456572923377,0.013583868173497611,0.0
678,0,0.0,0.0,B,-122.47656664806415,-0.5907497632764074,0.006757796783291697,0.011264565255009459,0.002252445715053664
679,0,0.0,0.0,B,-122.68050143938326,-0.5907853968079808,0.009008815675850448,0.013512104979581555,0.0
680,0,0.0,0.0,B,-122.82807066017534,-0.5891978048194595,0.006757777112417349,0.011264395919601796,0.002252444849171896
681,0,0.0,0.0,B,-123.03112606955887,-0.5913996193455433,0.008965046432302951,0.013448624238054025,0.0
682,0,0.0,0.0,B,-123.21232663744581,-0.5898841315136859,0.006736973036828825,0.011227861468923166,0.0022456966855937334
683,0,0.0,0.0,B,-123.36889925204142,-0.5898245030639169,0.008958758653660717,0.01344091890040995,0.0
684,0,0.0,0.0,B,-123.581976651682,-0.5914148039599267,0.006697661190001415,0.011162491076807597,0.0022325855743516487
685,0,0.0,0.0,B,-123.74007374634195,-0.5892330972265749,0.008949435492652431,0.013424761067666366,0.0
686,0,0.0,0.0,B,-123.91917411660907,-0.5907085696735108,0.006679376364526821,0.011133833080245212,0.002226308436047884
687,0,0.0,0.0,B,-124.1235968494092,-0.5908045790218932,0.00890341606913125,0.01335404991790031,0.0
688,0,0.0,0.0,B,-124.27138689013407,-0.58919399593051,0.006679325943296595,0.011133567993185158,0.002226302147537919
689,0,0.0,0.0,B,-124.47364409020079,-0.5913680095674257,0.008861198797729524,0.013292867334861853,0.0
690,0,0.0,0.0,B,-124.65574852288218,-0.5899145656804399,0.006658470353296391,0.011097016250862067,0.0022195301429125567
691,0,0.0,0.0,B,-124.81184492716551,-0.5897951461023924,0.008855503658330845,0.013285934612454139,0.0
692,0,0.0,0.0,B,-125.02469066381477,-0.5914077593305815,0.006620101711722311,0.011033261170761617,0.0022067287339655193
693,0,0.0,0.0,B,-125.18358953409509,-0.589254228869296,0.008845855000571357,0.013269319590531198,0.0
694,0,0.0,0.0,B,-125.36179184230673,-0.5906680130317035,0.006602761939360885,0.011006111109792955,0.0022007731508238417
695,0,0.0,0.0,B,-125.56667904523457,-0.5908229359806573,0.008800455273246488,0.013199652264063774,0.0
696,0,0.0,0.0,B,-125.7147115003759,-0.589191126118999,0.006602667762303769,0.011005731840151911,0.0022007567637566355
697,0,0.0,0.0,B,-125.91616349685359,-0.5913363064562938,0.008759742783728517,0.013140695913550727,0.0
698,0,0.0,0.0,B,-126.09916008529255,-0.5899445997109163,0.0065817694713802225,0.01096917556816554,0.0021939640307078183
699,0,0.0,0.0,B,-126.25480376739837,-0.5897668543882126,0.008754600583825971,0.013134481639375983,0.0
700,0,0.0,0.0,B,-126.46739643083743,-0.5914000233116307,0.0065443256430005245,0.010907001972862498,0.0021814665266606734
701,0,0.0,0.0,B,-126.62710379418779,-0.5892756874023758,0.008744631796396176,0.013117418515406213,0.0
702,0,0.0,0.0,B,-126.80441995571135,-0.5906280952424602,0.006527891621885767,0.010881296220652033,0.002175819227641809
703,0,0.0,0.0,B,-127.00974812636582,-0.5908404732527646,0.008699849972439389,0.013048787032114527,0.0
704,0,0.0,0.0,B,-127.15804421988474,-0.589189171536634,0.006527741611968402,0.010880785695379393,0.002175788395254951
705,0,0.0,0.0,B,-127.35868457243299,-0.5913045242332643,0.008660596687060835,0.012991987537244612,0.0
706,0,0.0,0.0,B,-127.54256119652926,-0.5899742236137056,0.006506809268562163,0.01084423743235268,0.002168977987610342
707,0,0.0,0.0,B,-127.69777567058154,-0.5897396140697861,0.008655969615951763,0.012986440124285159,0.0
708,0,0.0,0.0,B,-127.91009422509245,-0.5913916116031384,0.006470272351506684,0.01078361249662519,0.0021567787352458822
709,0,0.0,0.0,B,-128.07061624449562,-0.5892974504546823,0.008645686338648508,0.012968938271844796,0.0
710,0,0.0,0.0,B,-128.247058582521,-0.5905888183326703,0.00645470631664521,0.010759289938511492,0.002151426965195034
711,0,0.0,0.0,B,-128.4528041976245,-0.5908571964666811,0.008601520602836532,0.01290133486663526,0.0
712,0,0.0,0.0,B,-128.60138477501954,-0.589188108748883,0.006454489272959094,0.010758632367390141,0.002151377651204054
713,0,0.0,0.0,B,-128.80120759822273,-0.5912726770968164,0.008563682473944902,0.012846625265849433,0.0
714,0,0.0,0.0,B,-128.9859517333854,-0.5900034276325447,0.006433531361132219,0.010722104428139308,0.0021445525642629264
715,0,0.0,0.0,B,-129.1407605292212,-0.5897134115986441,0.008559534512407539,0.012841695575293093,0.0
716,0,0.0,0.0,B,-129.3527843214915,-0.5913825398584474,0.006397883916820569,0.010662996272120277,0.0021326460467922547
717,0,0.0,0.0,B,-129.514126604625,-0.589319496046346,0.008548942634958968,0.012823764629726477,0.0
718,0,0.0,0.0,B,-129.68970784341064,-0.5905501844388725,0.006383149563275269,0.010639998179003872,0.002127577540798553
719,0,0.0,0.0,B,-129.89584736918505,-0.5908731113244701,0.008505391143307438,0.012757181728752676,0.0
720,0,0.0,0.0,B,-130.0447328896267,-0.5891879147063817,0.006382855112178332,0.010639178984455279,0.0021275060019523956
721,0,0.0,0.0,B,-130.24373285367778,-0.591240779215151,0.008468925576373323,0.012704497351073391,0.0
722,0,0.0,0.0,B,-130.42933157775775,-0.5900322022516175,0.006361879952313307,0.010602683459632905,0.0021206691727689467
723,0,0.0,0.0,B,-130.58375823045523,-0.5896882336958952,0.008465222405458288,0.012700138569046079,0.0
724,0,0.0,0.0,B,-130.79546699740052,-0.5913728236922124,0.0063271049803542935,0.010545061096045558,0.00210905000259146
725,0,0.0,0.0,B,-130.95763459610745,-0.5893418025762193,0.008454328046248107,0.012681788404277743,0.0
726,0,0.0,0.0,B,-131.1323678538736,-0.5905121957830409,0.00631316739141353,0.010523331006055688,0.002104252962003194
727,0,0.0,0.0,B,-131.33887775660295,-0.5908882236142698,0.008411388920161786,0.012616218602926726,0.0
728,0,0.0,0.0,B,-131.48808828515797,-0.5891885667187242,0.006312785940855015,0.010522336757420255,0.002104155731785661
729,0,0.0,0.0,B,-131.686260616232,-0.5912088447185917,0.008376254701854944,0.012565496951539228,0.0
730,0,0.0,0.0,B,-131.87270061679982,-0.5900605382006449,0.006291801690378679,0.010485885513242553,0.0020973100394652295
731,0,0.0,0.0,B,-132.02676865603007,-0.5896640673211354,0.008372963617544357,0.01256166447370188,0.0
732,0,0.0,0.0,B,-132.2381425325192,-0.5913624786873999,0.0062578826051373024,0.010429718798219944,0.002085972951402232
733,0,0.0,0.0,B,-132.40113994259153,-0.5893643488106184,0.008361773103724856,0.012542905180426035,0.0
734,0,0.0,0.0,B,-132.57503872407312,-0.5904748546498148,0.006244708185093727,0.010409202406030965,0.002081436021373555
735,0,0.0,0.0,B,-132.78189548083336,-0.590902539221695,0.008319444424627726,0.01247834122293771,0.0
736,0,0.0,0.0,B,-132.93145068079357,-0.5891900424304617,0.006244230881875012,0.010408020757981438,0.0020813098947612234
737,0,0.0,0.0,B,-133.12879116110733,-0.5911768876920301,0.008285601655561099,0.012429521866461152,0.0
738,0,0.0,0.0,B,-133.3160587430669,-0.5900884264597657,0.006223245536003229,0.010371625436033323,0.0020744581607670875
739,0,0.0,0.0,B,-133.46979168228722,-0.5896408996436455,0.008282691488849475,0.012426173189877612,0.0
740,0,0.0,0.0,B,-133.68081120875604,-0.5913515204013285,0.006190166144715421,0.010316885023254313,0.002063398005735839
741,0,0.0,0.0,B,-133.84464237003155,-0.5893871138732387,0.008271211337734058,0.012407015055024128,0.0
742,0,0.0,0.0,B,-134.0177205587017,-0.5904381633650778,0.006177722555910024,0.010297530076476356,0.0020591102541910058
743,0,0.0,0.0,B,-134.2249006682391,-0.590916064140236,0.008229491142146049,0.012343449815620635,0.0
744,0,0.0,0.0,B,-134.37481979356883,-0.5891923197991453,0.0061771412456557906,0.010296149711251607,0.0020589522733859673
745,0,0.0,0.0,B,-134.5713247611268,-0.5911449221674179,0.008196901173942733,0.0122964742864902,0.0
746,0,0.0,0.0,B,-134.7594058546516,-0.5901158582642131,0.006156162638155306,0.010259821728364042,0.0020520972618548027
747,0,0.0,0.0,B,-134.9128271801593,-0.5896187180157102,0.00819434221593206,0.012293568908222998,0.0
748,0,0.0,0.0,B,-135.1234733100984,-0.5913399643708197,0.006123907120480262,0.010206479026261067,0.0020413090009525825
749,0,0.0,0.0,B,-135.2881416068733,-0.5894100772361507,0.008182579117567734,0.012274022395607261,0.0
750,0,0.0,0.0,B,-135.46041345684958,-0.5904021242758022,0.006112163224296212,0.01018823522837828,0.0020372598988634065
751,0,0.0,0.0,B,-135.6678934505907,-0.5909288044807158,0.008141465392597583,0.012211448861020182,0.0
752,0,0.0,0.0,B,-135.81819533850688,-0.5891953770752667,0.006111470413929712,0.010186645801551208,0.0020370673399261797
753,0,0.0,0.0,B,-136.01386168652988,-0.5911129621163148,0.008110090768964342,0.012166260560450639,0.0
754,0,0.0,0.0,B,-136.20274185531167,-0.5901428251087879,0.0060905062178943595,0.010150396349745879,0.0020302117579905125
755,0,0.0,0.0,B,-136.35587501517475,-0.5895975099479199,0.008107854700600029,0.012163759882387134,0.0
756,0,0.0,0.0,B,-136.56612912247903,-0.5913278261165213,0.006059059106803356,0.010098423481560419,0.0020196904569606306
757,0,0.0,0.0,B,-136.73163738423744,-0.5894332187117891,0.008095815501429047,0.012143835614459048,0.0
758,0,0.0,0.0,B,-136.90311751188116,-0.5903667397310735,0.00604798490832038,0.01008124240093419,0.002015869859841503
759,0,0.0,0.0,B,-137.11087396505744,-0.5909407664798616,0.008055306180655517,0.012082246867751901,0.0
760,0,0.0,0.0,B,-137.26157702875366,-0.5891991927839573,0.006047173730854234,0.010079434490451792,0.0020156402201560696
761,0,0.0,0.0,B,-137.4564022047908,-0.5910810214424904,0.008025110582172805,0.012038790976797416,0.0
762,0,0.0,0.0,B,-137.6460666545894,-0.5901693187521281,0.006026231459493056,0.010043274536948898,0.002008786718272333
763,0,0.0,0.0,B,-137.7989350474713,-0.5895772630863161,0.008023170408278435,0.01203665821624992,0.0
764,0,0.0,0.0,B,-138.0087789336382,-0.5913151211464618,0.005995577623401785,0.009992644303429105,0.001998527542326174
765,0,0.0,0.0,B,-138.1751294360994,-0.5894565184458528,0.008010862095806304,0.012016366956864099,0.0
766,0,0.0,0.0,B,-138.3458328113196,-0.5903320120642296,0.005985144219445746,0.009976479287923532,0.001994925672858695
767,0,0.0,0.0,B,-138.55384235418938,-0.590951956508047,0.007970955055522077,0.011955756162456675,0.0
768,0,0.0,0.0,B,-138.70496457571818,-0.5892037457083215,0.005984208400915715,0.009974444346178784,0.00199465665936717
769,0,0.0,0.0,B,-138.89894658044025,-0.5910491139745886,0.007941903247884014,0.011913979558722063,0.0
770,0,0.0,0.0,B,-139.08938016792308,-0.5901953312207788,0.005963295408351081,0.009938384633464272,0.001987807831648262
771,0,0.0,0.0,B,-139.24200713181722,-0.5895579651912622,0.007940233235181157,0.011912179664383097,0.0
772,0,0.0,0.0,B,-139.45142303298206,-0.5913018649588897,0.005933420034409769,0.009889070478016241,0.0019778060406195645
773,0,0.0,0.0,B,-139.61861749946647,-0.5894799569110403,0.007927662923575354,0.01189153230251887,0.0
774,0,0.0,0.0,B,-139.78855943673912,-0.5902979435760399,0.005923599564753617,0.00987387657483959,0.0019744134723261924
775,0,0.0,0.0,B,-139.99679876589244,-0.5909623810762504,0.007888355979370262,0.011831892692327742,0.0
776,0,0.0,0.0,B,-140.1483576892151,-0.5892090148742872,0.005922533393137164,0.009871606883554826,0.0019741029904761487
777,0,0.0,0.0,B,-140.3414950748895,-0.5910172534588554,0.007860413764829636,0.011791743871922944,0.0
778,0,0.0,0.0,B,-140.53268231675096,-0.5902208548130624,0.005901656875211384,0.009835657929503857,0.0019672613750274844
779,0,0.0,0.0,B,-140.68509111764087,-0.5895396041179211,0.007858989383654565,0.01179024344479084,0.0
780,0,0.0,0.0,B,-140.8940617114383,-0.5912880730444486,0.005872545453673888,0.009787633905623188,0.0019575123188366925
781,0,0.0,0.0,B,-141.06210131455168,-0.5895035149015567,0.007846164300204853,0.011769250979156414,0.0
782,0,0.0,0.0,B,-141.23129746366521,-0.5902645365188715,0.0058633110551658246,0.00977336778601184,0.001954319960729004
783,0,0.0,0.0,B,-141.43974335339493,-0.590972046842278,0.0078074552038667824,0.011710575839773231,0.0
784,0,0.0,0.0,B,-141.59175607761154,-0.5892149795368705,0.005862109351140513,0.009770856413731247,0.0019539661040810443
785,0,0.0,0.0,B,-141.7840479462584,-0.5909854535519352,0.007780589375659762,0.011672004844135806,0.0
786,0,0.0,0.0,B,-141.9759730286071,-0.59024588210275,0.005841276346229728,0.009735028511785182,0.001947134183339428
787,0,0.0,0.0,B,-142.1281868490674,-0.5895221677982411,0.007779387245112529,0.01167077206305681,0.0
788,0,0.0,0.0,B,-142.33669526130797,-0.5912737608877323,0.005812914655828715,0.009688269252609532,0.0019376332977478108
789,0,0.0,0.0,B,-142.50558062494486,-0.5895271735283224,0.007766314717489642,0.011649445587517264,0.0
790,0,0.0,0.0,B,-142.67404696148168,-0.5902317930817778,0.005804240419241379,0.009674889141011056,0.0019346323798810723
791,0,0.0,0.0,B,-142.88267627520707,-0.5909809606162894,0.007728201154203238,0.011591728248352962,0.0
792,0,0.0,0.0,B,-143.03515944797584,-0.5892216191677492,0.00580289850865006,0.009672129903016396,0.001934233420328645
793,0,0.0,0.0,B,-143.22660544920552,-0.5909537278137428,0.007702379453746157,0.01155468659559378,0.0
794,0,0.0,0.0,B,-143.41925223721074,-0.5902704059425349,0.00578211589848456,0.009636433122410932,0.001927413621403275
795,0,0.0,0.0,B,-143.5712941649631,-0.5895056442243509,0.007701377290028486,0.011553691147095035,0.0
796,0,0.0,0.0,B,-143.77932397611497,-0.5912589439682632,0.005754489992745587,0.009590913812246731,0.0019181564240379097
797,0,0.0,0.0,B,-143.9490551777804,-0.5895509142148305,0.0076880647342833855,0.011532041836868697,0.0
798,0,0.0,0.0,B,-144.11680799334613,-0.5901997153764678,0.005746350922156228,0.009578379419685815,0.0019153384839090026
799,0,0.0,0.0,B,-144.32559769507324,-0.5909891293656686,0.007650544320108274,0.011475275659197657,0.0
800,0,0.0,0.0,B,-144.4785675062302,-0.5892289134440623,0.005744864610056827,0.009575366840164377,0.001914892862466424
801,0,0.0,0.0,B,-144.6691678347626,-0.5909220897004073,0.007625735396775125,0.011439716279652266,0.0
802,0,0.0,0.0,B,-144.86251988254742,-0.5902944194673104,0.005724139120547091,0.009539811026206834,0.0019080875574815854
803,0,0.0,0.0,B,-145.01441289898654,-0.5894900214332763,0.007624911964493037,0.01143892929176586,0.0
804,0,0.0,0.0,B,-145.22194815045253,-0.5912436377609345,0.005697235314979401,0.00949550737389505,0.0018990696441137382
805,0,0.0,0.0,B,-145.39252472390132,-0.5895747186935971,0.007611366873743678,0.011416968390338029,0.0
806,0,0.0,0.0,B,-145.5595806161112,-0.590168305424096,0.005689607289505932,0.009483779835231135,0.001896426513844347
807,0,0.0,0.0,B,-145.76850778191746,-0.5909965602192729,0.007574437153355339,0.011361146757181494,0.0
808,0,0.0,0.0,B,-145.9219799573049,-0.5892368422383439,0.0056879728356934766,0.009480509111538594,0.001895932831962564
809,0,0.0,0.0,B,-146.1117353501712,-0.5908905525572999,0.007550610526659601,0.01132702393287462,0.0
810,0,0.0,0.0,B,-146.30577591094365,-0.59031791609725,0.005667311037761617,0.009445103885932622,0.0018891443384016337
811,0,0.0,0.0,B,-146.45754287964638,-0.5894752874928968,0.007549945592884444,0.011326417912676235,0.0
812,0,0.0,0.0,B,-146.6645680798277,-0.5912278577359538,0.005641115897868262,0.009401992099928782,0.0018803613794622356
813,0,0.0,0.0,B,-146.83598901802102,-0.5895985690031507,0.007536175526641581,0.011304156719383342,0.0
814,0,0.0,0.0,B,-147.00236488025416,-0.5901375651428433,0.005633975635599714,0.009391033914736713,0.0018778851737135548
815,0,0.0,0.0,B,-147.2114067097823,-0.5910032604710951,0.007499833971319149,0.01124927302617643,0.0
816,0,0.0,0.0,B,-147.36539650529522,-0.5892453856095192,0.005632189731497363,0.009387500883610025,0.001877342185086335
817,0,0.0,0.0,B,-147.55430823872376,-0.5908591296121453,0.00747695999533679,0.011216542333929918,0.0
818,0,0.0,0.0,B,-147.74902027513457,-0.5903408895406924,0.005611598041913624,0.009352255644826368,0.0018705727661368736
819,0,0.0,0.0,B,-147.90068393036574,-0.5894614304890643,0.007476434286234408,0.01121609110853711,0.0
820,0,0.0,0.0,B,-148.1071840605029,-0.5912116193583196,0.005586098371967515,0.009310312409879694,0.0018620205034542378
821,0,0.0,0.0,B,-148.27944781888056,-0.5896224474855212,0.007462446860321906,0.011193540966778022,0.0
822,0,0.0,0.0,B,-148.4451608298126,-0.5901074963362363,0.005579423395939595,0.009300087386705585,0.0018597036080239097
823,0,0.0,0.0,B,-148.65429465776123,-0.5910092375833692,0.007426690866168508,0.011139588612768868,0.0
824,0,0.0,0.0,B,-148.80881685362067,-0.5892545237948871,0.0055774831427635035,0.009296288492292332,0.0018591102108502595
825,0,0.0,0.0,B,-148.99688673960705,-0.5908278339682203,0.0074047406960515046,0.01110820687070423,0.0
826,0,0.0,0.0,B,-149.19225293432436,-0.5903633337968315,0.00555696782498787,0.009261212415984339,0.0018523620757499083
827,0,0.0,0.0,B,-149.34383586955295,-0.5894484385138196,0.007404335855903821,0.011107885531499077,0.0
828,0,0.0,0.0,B,-149.54979638933665,-0.5911949380868656,0.005532150657524586,0.009220414871309547,0.0018440363194955204
829,0,0.0,0.0,B,-149.72290088940326,-0.5896463367841795,0.007390138732932592,0.011085057817533677,0.0
830,0,0.0,0.0,B,-149.88796850232686,-0.5900781006821745,0.005525919263602604,0.009210888075072848,0.0018418713805508715
831,0,0.0,0.0,B,-150.0971718099251,-0.5910144991891478,0.007354965619314897,0.01103203019786734,0.0
832,0,0.0,0.0,B,-150.25224070518553,-0.5892642372030228,0.005523822151713012,0.00920682033865387,0.0018412266102221992
833,0,0.0,0.0,B,-150.43947108775,-0.5907966785976442,0.0073339111797560514,0.01100195541507279,0.0
834,0,0.0,0.0,B,-150.63547385424056,-0.5903852431582111,0.005503389316741915,0.009171922378116853,0.0018345019146054008
835,0,0.0,0.0,B,-150.78699851067782,-0.5894362996546331,0.007333609732213121,0.01100174026493134,0.0
836,0,0.0,0.0,B,-150.99240536362137,-0.5911778293729029,0.005479241902723394,0.009132248096960172,0.0018263985404348801
837,0,0.0,0.0,B,-151.16634799684553,-0.5896702198423893,0.007319210612571142,0.01097864637722975,0.0
838,0,0.0,0.0,B,-151.33078792878985,-0.5900493797226305,0.005473433129265021,0.009123385799290368,0.0018243784543401007
839,0,0.0,0.0,B,-151.5400383552428,-0.5910190530943789,0.007284617620765524,0.010926536875673257,0.0
840,0,0.0,0.0,B,-151.69566776254132,-0.5892745064075388,0.005471177018622853,0.009119046790582093,0.001823681476522932
841,0,0.0,0.0,B,-151.882061513674,-0.590765676334766,0.007264431576285431,0.01089772820482284,0.0
842,0,0.0,0.0,B,-152.07868300718104,-0.5904066122130265,0.005450832625841158,0.009084335677255629,0.0018169823227683686
843,0,0.0,0.0,B,-152.23017166235425,-0.5894250019846192,0.007264216887698159,0.010897596708150464,0.0
844,0,0.0,0.0,B,-152.4350112809204,-0.5911603086584836,0.005427342425447771,0.009045762647763855,0.0018090972691455764
845,0,0.0,0.0,B,-152.60978891294423,-0.5896940799019363,0.007249623501022202,0.010874248057258935,0.0
846,0,0.0,0.0,B,-152.7736191336025,-0.5900213348539871,0.005421936024627655,0.009037532280076038,0.0018072151728437372
847,0,0.0,0.0,B,-152.98289448749568,-0.5910229072795087,0.007215607793056127,0.010823050039526974,0.0
848,0,0.0,0.0,B,-153.13909772805084,-0.5892853121416469,0.0054195191262820346,0.009032920090007538,0.0018064652769312177
849,0,0.0,0.0,B,-153.32465824334795,-0.5907348398696497,0.007196263519992795,0.010795467732255051,0.0
850,0,0.0,0.0,B,-153.5218803720553,-0.5904274358472316,0.005399268984320636,0.008998404334020126,0.0017997937145099205
851,0,0.0,0.0,B,-153.67335512842817,-0.589414533553659,0.007196119764687735,0.010795398467641723,0.0
852,0,0.0,0.0,B,-153.87761443890344,-0.5911423913743208,0.00537642365833222,0.008960910941328244,0.0017921229802028303
853,0,0.0,0.0,B,-154.05322341406037,-0.5897179005021961,0.007181339861785092,0.010771806466533999,0.0
854,0,0.0,0.0,B,-154.2164621345364,-0.5899939673179879,0.005371400069019202,0.008953281050456289,0.0017903722421163412
855,0,0.0,0.0,B,-154.4257404051872,-0.5910260699006304,0.007147898519462945,0.010721513274177929,0.0
856,0,0.0,0.0,B,-154.58253030405348,-0.5892966352934654,0.0053688209275571525,0.008948394265323992,0.001789568835023843
857,0,0.0,0.0,B,-154.76726149804614,-0.5907041817416621,0.007129370079553287,0.010695118639026856,0.0
858,0,0.0,0.0,B,-154.9650659344186,-0.5904477092464522,0.005348670695156467,0.008914082156079504,0.0017829268608480968
859,0,0.0,0.0,B,-155.11654870807064,-0.5894048823803866,0.007129282206921413,0.010695091254350168,0.0
860,0,0.0,0.0,B,-155.3202151351808,-0.5911240929373804,0.005326458096885509,0.008877647165538547,0.0017754665025860347
861,0,0.0,0.0,B,-155.49665128131875,-0.589741665479511,0.007114323552112415,0.010671267309235512,0.0
862,0,0.0,0.0,B,-155.65931694270245,-0.5899672781932693,0.005321798418971141,0.00887058737175805,0.0017738407140018811
863,0,0.0,0.0,B,-155.86857631144707,-0.5910285492902037,0.007081453576215718,0.010621872254061096,0.0
864,0,0.0,0.0,B,-156.0259651930309,-0.589308456902021,0.005319055895865894,0.008865425048668501,0.0017729833142838094
865,0,0.0,0.0,B,-156.20987149421026,-0.5906737143331675,0.007063715691666051,0.01059662761683341,0.0
866,0,0.0,0.0,B,-156.40823968650017,-0.5904674278977075,0.0052990110827457,0.008831324655473979,0.0017663728730569366
867,0,0.0,0.0,B,-156.5597521958765,-0.5893960364449856,0.0070636693949468355,0.010596622786649905,0.0
868,0,0.0,0.0,B,-156.7628136671366,-0.5911054287481742,0.005277419250488503,0.008795927196946331,0.0017591190033393734
869,0,0.0,0.0,B,-156.9400723007448,-0.5897653589668455,0.007048539758801407,0.010572578288211055,0.0
870,0,0.0,0.0,B,-157.1021835625254,-0.5899412683874498,0.005273105220572951,0.008789408154231649,0.0017576119702478747
871,0,0.0,0.0,B,-157.3114024139302,-0.5910303539573664,0.00701623806845416,0.010524074647192835,0.0
872,0,0.0,0.0,B,-157.46940209777506,-0.5893207581539014,0.005270198478372146,0.008783969797749324,0.001756700202514559
873,0,0.0,0.0,B,-157.6524884433151,-0.5906434498633313,0.006999266098404178,0.010499943313551356,0.0
874,0,0.0,0.0,B,-157.85140162722573,-0.590486587590939,0.005250264446108254,0.008750088970483865,0.001750123187081641
875,0,0.0,0.0,B,-158.00296538196747,-0.5893879836827536,0.006999247785055028,0.010499942698628317,0.0
876,0,0.0,0.0,B,-158.20541033176136,-0.5910864141877735,0.005229281596082227,0.008715708523638448,0.0017430719721294146
877,0,0.0,0.0,B,-158.3834862633963,-0.5897889653936924,0.006983954937498592,0.010475689013664826,0.0
878,0,0.0,0.0,B,-158.54506199172565,-0.5899159386297532,0.005225295564430344,0.00870970188200939,0.0017416777074875192
879,0,0.0,0.0,B,-158.75421892471107,-0.5910314925878545,0.006952218369688989,0.010428070024327354,0.0
880,0,0.0,0.0,B,-158.91284072155497,-0.5893335203805118,0.005222224051729772,0.008703987421932725,0.0017407112971026962
881,0,0.0,0.0,B,-159.09511255173788,-0.5906134003820376,0.006935988287980459,0.01040501624449799,0.0
882,0,0.0,0.0,B,-159.2945517622324,-0.5905051844203474,0.005202406014637976,0.008670333791757176,0.0017341695488024117
883,0,0.0,0.0,B,-159.44618805210052,-0.5893807119783894,0.006935985051529493,0.010405002453348638,0.0
884,0,0.0,0.0,B,-159.64800542548411,-0.5910670646145643,0.005182020534375338,0.008636950172301703,0.001727317206642841
885,0,0.0,0.0,B,-159.82689296549245,-0.5898124694862017,0.006920536755295406,0.010380550916802874,0.0
886,0,0.0,0.0,B,-159.98795222130582,-0.5898912894641457,0.005178345443061906,0.008631428542125917,0.0017260299230349844
887,0,0.0,0.0,B,-160.19702606017322,-0.5910319740435535,0.006889362064545784,0.010333809773041153,0.0
888,0,0.0,0.0,B,-160.35628076828573,-0.5893467250558939,0.0051751088802144745,0.008625438312320396,0.00172500869107582
889,0,0.0,0.0,B,-160.53774402063186,-0.5905835777639221,0.006873850438713513,0.010311798708483403,0.0
890,0,0.0,0.0,B,-160.73769010387934,-0.5905232147855378,0.0051554119062423905,0.00859201929242774,0.0017185040000935697
891,0,0.0,0.0,B,-160.88941998778037,-0.5893742091609672,0.006873850032001176,0.010311755260778138,0.0
892,0,0.0,0.0,B,-161.09059924400347,-0.5910473953607639,0.005135612348412584,0.008559612639219498,0.00171184679877145
893,0,0.0,0.0,B,-161.27029220853814,-0.5898358562675081,0.00685825403640878,0.010287117168122827,0.0
894,0,0.0,0.0,B,-161.43085423554396,-0.5898673212429599,0.005132231710581535,0.008554549557345869,0.0017106609014428534
895,0,0.0,0.0,B,-161.63982404089433,-0.591031807361693,0.0068276378945861665,0.010241247016436235,0.0
896,0,0.0,0.0,B,-161.79972194269703,-0.5893603537950716,0.0051288300760949914,0.008548284275568226,0.0017095847599056947
897,0,0.0,0.0,B,-161.98038304580393,-0.590553993702525,0.006812821865994296,0.010220244708356047,0.0
898,0,0.0,0.0,B,-162.1808166712514,-0.5905406753924749,0.005109259087722279,0.008515107061974492,0.0017031188656281544
899,0,0.0,0.0,B,-162.33266096637666,-0.5893684629995559,0.006812812675715977,0.010220156000091669,0.0
900,0,0.0,0.0,B,-162.53319208211929,-0.5910274217287164,0.005090034164357155,0.008483657824955203,0.001696653121535267
901,0,0.0,0.0,B,-162.71368379944454,-0.5898591110582383,0.006797076710754855,0.010195342600059599,0.0
902,0,0.0,0.0,B,-162.87376801199295,-0.589844034120997,0.0050869320445246415,0.008479027722562643,0.001695563201774523
903,0,0.0,0.0,B,-163.0826130915271,-0.591031001753707,0.006767015707014947,0.010150336536175367,0.0
904,0,0.0,0.0,B,-163.24316395050192,-0.5893743883528861,0.005083365562104746,0.00847248847121501,0.00169443214901104
905,0,0.0,0.0,B,-163.42302981759573,-0.5905246597045668,0.006752872972067086,0.01013030987576365,0.0
906,0,0.0,0.0,B,-163.62393149015702,-0.5905575632542478,0.005063925337252302,0.008439560043590725,0.0016880067403823662
907,0,0.0,0.0,B,-163.77591076124514,-0.5893634611994553,0.0067528439945351015,0.010130161146080651,0.0
908,0,0.0,0.0,B,-163.97578423356353,-0.5910071589869861,0.00504526391434994,0.008409048972494672,0.0016817288166983912
909,0,0.0,0.0,B,-164.1570675506456,-0.5898822194771699,0.006736975765237765,0.010105183633718526,0.0
910,0,0.0,0.0,B,-164.31669352148484,-0.5898214280500765,0.005042424909686275,0.008404827144548453,0.00168072964554744
911,0,0.0,0.0,B,-164.52539344067605,-0.5910295666037708,0.006707466406095618,0.010061034699582388,0.0
912,0,0.0,0.0,B,-164.68660649856548,-0.5893888106232839,0.005038694035885571,0.008398015352305653,0.0016795437619166313
913,0,0.0,0.0,B,-164.86568452076978,-0.5904955870843495,0.006693975198452185,0.01004195139987056,0.0
914,0,0.0,0.0,B,-165.0670345931208,-0.5905738756916461,0.00501938920883431,0.008365342474847768,0.0016731604777964633
915,0,0.0,0.0,B,-165.2191691418531,-0.5893591913990079,0.006693916016501454,0.01004172869941641,0.0
916,0,0.0,0.0,B,-165.41837599083183,-0.5909866223662631,0.0050012803013187775,0.00833575060863586,0.0016670667830348072
917,0,0.0,0.0,B,-165.60044328021038,-0.5899051674420266,0.006677923197587881,0.010016598209446101,0.0
918,0,0.0,0.0,B,-165.7596307281417,-0.5897995027740294,0.004998689523848436,0.008331913184851384,0.0016661533053062365
919,0,0.0,0.0,B,-165.96816532076974,-0.5910275114670305,0.006648961907108995,0.009973299390559378,0.0
920,0,0.0,0.0,B,-166.13004929507358,-0.5894036026390299,0.004994794936283378,0.008324830609108774,0.0016649127490291227
921,0,0.0,0.0,B,-166.3083473343982,-0.5904667869582862,0.006636100980849517,0.009955127959790906,0.0
922,0,0.0,0.0,B,-166.51012601936998,-0.590589610333546,0.004975629998603096,0.00829241983145308,0.0016585731785526566
923,0,0.0,0.0,B,-166.6624358739084,-0.5893556411669651,0.006636001741816272,0.009954818120534392,0.0
924,0,0.0,0.0,B,-166.86096764501465,-0.5909658270550988,0.004958062765618999,0.008263728488428582,0.0016526601652050621
925,0,0.0,0.0,B,-167.04381081195135,-0.5899279411703887,0.006619891972595122,0.009929545721006261,0.0
926,0,0.0,0.0,B,-167.20257958939186,-0.5897782578241094,0.004955705825282238,0.008260252405649168,0.0016518274937878145
927,0,0.0,0.0,B,-167.41092896793074,-0.5910248460675414,0.006591475092700933,0.009887089944089829,0.0
928,0,0.0,0.0,B,-167.57349204970143,-0.5894187465718143,0.004951648411384299,0.00825290111574199,0.0016505324969923719
929,0,0.0,0.0,B,-167.75101843175804,-0.5904382702395652,0.006579223706373354,0.009869799660513386,0.0
930,0,0.0,0.0,B,-167.95320581481545,-0.5906047651171108,0.004932627712873285,0.008220758773916068,0.0016442381799326386
931,0,0.0,0.0,B,-168.10571071949224,-0.5893527980003719,0.006579075101081421,0.009869390266921532,0.0
932,0,0.0,0.0,B,-168.30355948562936,-0.5909447881954847,0.004915591453395248,0.008192949542480659,0.0016385023432067525
933,0,0.0,0.0,B,-168.4871699755279,-0.5899505271807033,0.00656285598059385,0.009843986953145423,0.0
934,0,0.0,0.0,B,-168.6455400559913,-0.589757692514812,0.004913454441918683,0.008189812518382354,0.001637745753642661
935,0,0.0,0.0,B,-168.85368462184005,-0.5910215802959259,0.006534979771476037,0.009802367084112397,0.0
936,0,0.0,0.0,B,-169.01693447378085,-0.5894342247327227,0.004909235288187428,0.00818219487953123,0.0016363966185875506
937,0,0.0,0.0,B,-169.19369798022836,-0.5904100476329436,0.006523317672978782,0.009785927972108775,0.0
938,0,0.0,0.0,B,-169.3962740320273,-0.5906193382878018,0.004890363037823302,0.008150327096947966,0.0016301490457201512
939,0,0.0,0.0,B,-169.54899343719552,-0.5893506493229462,0.0065231109156722675,0.009785407333604047,0.0
940,0,0.0,0.0,B,-169.7461518004527,-0.59092352087829,0.00487384718656175,0.008123381826959524,0.0016245869223647212
941,0,0.0,0.0,B,-169.93052060654662,-0.589972912293375,0.006506789998065296,0.00975988402234471,0.0
942,0,0.0,0.0,B,-170.0885120720513,-0.5897378059400866,0.004871916662088641,0.008120562335001821,0.001623901847679564
943,0,0.0,0.0,B,-170.2964325255998,-0.5910177242067648,0.006479450638703566,0.009719092864564861,0.0
944,0,0.0,0.0,B,-170.46037628046827,-0.5894500195730482,0.004867537043817037,0.008112680992941983,0.0016224989431460114
945,0,0.0,0.0,B,-170.63638614119336,-0.5903821296296833,0.006468358050949797,0.009703475672025574,0.0
946,0,0.0,0.0,B,-170.83933073020475,-0.590633328399206,0.00484881731071944,0.00808109368143372,0.0016162995566164802
947,0,0.0,0.0,B,-170.99228378225857,-0.5893491824839272,0.006468084860115301,0.00970283279664669,0.0
948,0,0.0,0.0,B,-171.188744875354,-0.5909020401385692,0.004832811434305247,0.008054994476129597,0.0016109077238289791
949,0,0.0,0.0,B,-171.37386254665617,-0.5899950836319212,0.006451669650232691,0.00967720032057136,0.0
950,0,0.0,0.0,B,-171.5314955750708,-0.589718596969929,0.004831074406739735,0.008052471721676413,0.0016102897496026625
951,0,0.0,0.0,B,-171.73917292559156,-0.5910132880157346,0.006424863239011054,0.00963723061341121,0.0
952,0,0.0,0.0,B,-171.90381718491022,-0.5894661136854127,0.0048265357781840535,0.008044329587931455,0.0016088335074445912
953,0,0.0,0.0,B,-172.0790830699488,-0.590354526502624,0.006414320846327776,0.009622406790292116,0.0
954,0,0.0,0.0,B,-172.2823759751413,-0.5906467343126777,0.0048079724925896555,0.008013028448824833,0.0016026837011386243
955,0,0.0,0.0,B,-172.43558150671407,-0.5893483847573666,0.006413973426353155,0.009621631359486887,0.0
956,0,0.0,0.0,B,-172.63133899412924,-0.5908803609507557,0.004792466286021239,0.007987757657276842,0.0015974587755506013
957,0,0.0,0.0,B,-172.81719564363812,-0.5900170286241846,0.006397471375532681,0.009595900461853546,0.0
958,0,0.0,0.0,B,-172.9744904959744,-0.5897000642473406,0.004790910203043621,0.007985511554817087,0.0015969036352121856
959,0,0.0,0.0,B,-173.18190607133204,-0.5910082820965012,0.006371193930949417,0.009556744879477216,0.0
960,0,0.0,0.0,B,-173.3472569044094,-0.5894824898051818,0.004786214188012284,0.00797711179258057,0.0015953945470553205
961,0,0.0,0.0,B,-173.52178891561397,-0.5903272483013984,0.006361182866167171,0.009542686557455639,0.0
962,0,0.0,0.0,B,-173.72540983918353,-0.5906595551967958,0.004767811142262711,0.007946102317812096,0.0015892956669720294
963,0,0.0,0.0,B,-173.87888635953243,-0.5893482433418417,0.006360753889787394,0.009541768901939205,0.0
964,0,0.0,0.0,B,-174.07393443833593,-0.5908584982237514,0.004752794425600203,0.007921642527881368,0.001584234303707642
965,0,0.0,0.0,B,-174.26051975149358,-0.590038735003575,0.006344172391854156,0.009515950231514962,0.0
966,0,0.0,0.0,B,-174.41749675915545,-0.5896822061856438,0.004751407159313248,0.007919653679283137,0.0015837378740419013
967,0,0.0,0.0,B,-174.62463221532624,-0.5910027169773848,0.006318419853320964,0.009477601381931725,0.0
968,0,0.0,0.0,B,-174.79069515858885,-0.5894991308121466,0.004746555542150642,0.007910999689874017,0.0015821764881233844
969,0,0.0,0.0,B,-174.9645038210469,-0.5903003048477973,0.006308921685512597,0.00946428135510007,0.0
970,0,0.0,0.0,B,-175.16843240118587,-0.5906717905266398,0.004728316391693717,0.007880287163146451,0.0015761298327518066
971,0,0.0,0.0,B,-175.32219808677115,-0.5893487453605695,0.0063084042769965334,0.009463212431716333,0.0
972,0,0.0,0.0,B,-175.51653148712964,-0.5908364667959238,0.004713779106985661,0.007856621194908492,0.0015712287245553118
973,0,0.0,0.0,B,-175.70383473052524,-0.590060190810344,0.006291750664442721,0.009437316537916084,0.0
974,0,0.0,0.0,B,-175.8605142825245,-0.5896650209661414,0.004712548941154557,0.00785487086864527,0.001570787021408311
975,0,0.0,0.0,B,-176.0673516129166,-0.5909966033378,0.0062665188931688,0.009399766962261271,0.0
976,0,0.0,0.0,B,-176.23413166955515,-0.5895160197324494,0.004707543658097576,0.007845966278505374,0.0015691739395487752
977,0,0.0,0.0,B,-176.40722792276475,-0.5902737057312742,0.006257515615998646,0.009387158668794486,0.0
978,0,0.0,0.0,B,-176.61144374645963,-0.5906834400828833,0.004689471922502466,0.007815555776484916,0.0015631807602477744
979,0,0.0,0.0,B,-176.76551643172576,-0.5893498778618967,0.00625690333503384,0.009385930038322578,0.0
980,0,0.0,0.0,B,-176.9591304171013,-0.5908142814300239,0.00467540413093154,0.007792666676096834,0.0015584366366758967
981,0,0.0,0.0,B,-177.1471404474149,-0.5900813843928672,0.0062401848753761225,0.009359967366558744,0.0
982,0,0.0,0.0,B,-177.3035429775625,-0.5896485065361116,0.004674319748782512,0.007791136787387977,0.0015580458108478265
983,0,0.0,0.0,B,-177.51006452213113,-0.5909899520044899,0.0062154696553330425,0.009323209538595726,0.0
984,0,0.0,0.0,B,-177.67756616206006,-0.5895331397407395,0.004669162879669151,0.007781985435591991,0.001556381685548511
985,0,0.0,0.0,B,-177.84996135086885,-0.5902474603046067,0.0062069436759799755,0.009311287043334043,0.0
986,0,0.0,0.0,B,-178.05444396671703,-0.5906945039507089,0.004651261943655745,0.007751881829146374,0.0015504431869303296
987,0,0.0,0.0,B,-178.2088411350838,-0.589351627820154,0.006206230502215126,0.009309890849185659,0.0
988,0,0.0,0.0,B,-178.4017315021165,-0.5907919568080332,0.004637653822890496,0.00772975286313016,0.0015458528136059
989,0,0.0,0.0,B,-178.59043677529587,-0.5901023044089304,0.006189454394521398,0.009283871736420554,0.0
990,0,0.0,0.0,B,-178.74658274937903,-0.5896326606071254,0.004636704295435257,0.007728425954941923,0.0015455091469204116
991,0,0.0,0.0,B,-178.95277120352745,-0.5909827739475568,0.006165251433484899,0.009247898062251897,0.0
992,0,0.0,0.0,B,-179.1209983636607,-0.589550474162534,0.004631398055745826,0.0077190318811923035,0.001543794678578457
993,0,0.0,0.0,B,-179.2927042289738,-0.5902215776797064,0.006157185562105285,0.009236636040143941,0.0
994,0,0.0,0.0,B,-179.49743316001053,-0.5907049825185434,0.004613671170228891,0.0076892398366697045,0.0015379120188959829
995,0,0.0,0.0,B,-179.65217193508136,-0.5893539821368456,0.006156365880312933,0.009235064987900846,0.0
996,0,0.0,0.0,B,-179.84433501315561,-0.5907695075259526,0.004600513011969596,0.007667854486586752,0.0015334721968190503
997,0,0.0,0.0,B,-180.03372359382206,-0.5901229398270048,0.006139539251890792,0.009208999658393734,0.0
998,0,0.0,0.0,B,-180.18963349677603,-0.5896174806536798,0.004599687786825147,0.007666713711443247,0.00153317209835861
999,0,0.0,0.0,B,-180.3954719200364,-0.5909750802763056,0.006115844182555827,0.009173802476370506,0.0
1000,0,0.0,0.0,B,-180.56442800487847,-0.5895680064767669,0.0045942345200382225,0.007657081144524362,0.001531408032593998
1001,0,0.0,0.0,B,-180.73545667414152,-0.5901960667235833,0.0061082216222543805,0.009163176196725254,0.0
1002,0,0.0,0.0,B,-180.94041143066733,-0.5907148764766169,0.00457668480318664,0.007627605125073255,0.0015255823241320243
1003,0,0.0,0.0,B,-181.09550856766114,-0.5893569276421673,0.0061072902080787726,0.009161423534469589,0.0
1004,0,0.0,0.0,B,-181.28694121815641,-0.59074694808854,0.0045639670108937195,0.007606947082567102,0.001521289889045308
1005,0,0.0,0.0,B,-181.477000789231,-0.5901432799275039,0.0060904201113186306,0.009135322095711051,0.0
1006,0,0.0,0.0,B,-181.6326951123151,-0.5896029639121351,0.004563255901568619,0.007605976185124088,0.0015210298915431897
1007,0,0.0,0.0,B,-181.83816693680137,-0.5909668822349026,0.006067228492484018,0.009100893676529873,0.0
1008,0,0.0,0.0,B,-182.0078548193555,-0.5895857203185142,0.004557658071814854,0.007596109531791627,0.0015192170166313838
1009,0,0.0,0.0,B,-182.17821879682003,-0.5901709360544674,0.0060600328297624375,0.009090878988029327,0.0
1010,0,0.0,0.0,B,-182.38337888921848,-0.5907241868153454,0.0045402885101263665,0.007566953798721423,0.0015134493261019229
1011,0,0.0,0.0,B,-182.53885076663357,-0.5893604510968276,0.006058984836019666,0.009088938487422458,0.0
1012,0,0.0,0.0,B,-182.72955038185802,-0.5907242929040094,0.004528001596920726,0.007547006960906754,0.0015093011479072715
1013,0,0.0,0.0,B,-182.92026825440337,-0.590163314304011,0.006042078245385913,0.009062810926249214,0.0
1014,0,0.0,0.0,B,-183.07576748239075,-0.5895891073799504,0.00452739477254107,0.007546190261243954,0.0015090779042870829
1015,0,0.0,0.0,B,-183.2808565210175,-0.5909581911978643,0.006019385563205334,0.009029143473227048,0.0
1016,0,0.0,0.0,B,-183.45127854400974,-0.5896035994818701,0.004521654957539246,0.007536094095527169,0.001507217048691738
1017,0,0.0,0.0,B,-183.6209907007867,-0.5901461940380874,0.006012600758860671,0.009019716789654257,0.0
1018,0,0.0,0.0,B,-183.82633565232447,-0.5907329148235414,0.004504468406931033,0.007507262709709679,0.001501508397633574
1019,0,0.0,0.0,B,-183.98219826383894,-0.5893645391941618,0.006011431702360507,0.009017582727722712,0.0
1020,0,0.0,0.0,B,-184.17216276564707,-0.5907015562786976,0.0044926029936561175,0.007488011174887104,0.0014975013798564757
1021,0,0.0,0.0,B,-184.36352588891685,-0.5901830328644684,0.005994495511524557,0.008991438906606532,0.0
1022,0,0.0,0.0,B,-184.51885048730782,-0.5895759078152056,0.004492090969105978,0.007487333552477658,0.0014973116599108086
1023,0,0.0,0.0,B,-184.72354094176808,-0.5909490186653836,0.005972297180820504,0.008958524556123941,0.0
1024,0,0.0,0.0,B,-184.8946989191879,-0.5896216279229686,0.004486211853366654,0.007477012605373604,0.0014954036899113299
1025,0,0.0,0.0,B,-185.06377248309602,-0.5901218487841091,0.005965907561266678,0.008949662842764038,0.0
1026,0,0.0,0.0,B,-185.2692818426952,-0.590741062086451,0.004469211040282035,0.007448509428685232,0.0014897550550939831
1027,0,0.0,0.0,B,-185.4255507893119,-0.5893691785625192,0.0059646133101273644,0.008947329984353849,0.0
1028,0,0.0,0.0,B,-185.614778627406,-0.5906787524117105,0.004457757853718002,0.007429937492362516,0.0014858861343933054
1029,0,0.0,0.0,B,-185.80677359909635,-0.5902024258323215,0.005947654329236923,0.00892117963785851,0.0
1030,0,0.0,0.0,B,-185.96194400136278,-0.5895633617364054,0.004457331480170662,0.007429384370680726,0.0014857268215936296
1031,0,0.0,0.0,B,-186.16622046985918,-0.5909393762584988,0.0059259456948745895,0.008889010459962435,0.0
1032,0,0.0,0.0,B,-186.33811568881606,-0.5896397897631258,0.004451315848453784,0.007418843520220948,0.0014837726390026596
1033,0,0.0,0.0,B,-186.50656423403262,-0.5900979081427359,0.005919935943862245,0.008880691220636701,0.0
1034,0,0.0,0.0,B,-186.71221758900572,-0.5907486304836226,0.0044345033709853945,0.007390672217025491,0.0014781849528347792
1035,0,0.0,0.0,B,-186.86890807144692,-0.5893743557679114,0.005918512705291417,0.008878154801499798,0.0
1036,0,0.0,0.0,B,-187.05739822136297,-0.590655895389553,0.004423453242206429,0.007372764368226879,0.00147445109855497
1037,0,0.0,0.0,B,-187.25001129805855,-0.5902214837476076,0.005901537658370635,0.008852007532900632,0.0
1038,0,0.0,0.0,B,-187.40504789293084,-0.5895514654225542,0.00442310369802428,0.007372321699957789,0.0014743191869852899
1039,0,0.0,0.0,B,-187.60889537765345,-0.5909292757141189,0.00588031399668869,0.008820575532058292,0.0
1040,0,0.0,0.0,B,-187.78152860054826,-0.5896580692920979,0.004416954429038012,0.0073615659616292775,0.0014723197269516043
1041,0,0.0,0.0,B,-187.94936603706861,-0.5900743797014723,0.0058746691473999125,0.008812776796753833,0.0
1042,0,0.0,0.0,B,-188.15514302580806,-0.5907556221866048,0.0044003327580676025,0.007333730000301263,0.001466793877894047
1043,0,0.0,0.0,B,-188.31226983716627,-0.589380057316907,0.005873113455916488,0.008810032507232595,0.0
1044,0,0.0,0.0,B,-188.5000217979455,-0.5906329991807558,0.00438967662093367,0.00731647091814777,0.001463192091657365
1045,0,0.0,0.0,B,-188.69323890575197,-0.5902401974679841,0.005856128978392062,0.008783897785293308,0.0
1046,0,0.0,0.0,B,-188.84816202455607,-0.5895402149134957,0.004389395402915969,0.007316125170964427,0.0014630846830647876
1047,0,0.0,0.0,B,-189.05156593890212,-0.5909187288799078,0.0058353854986874214,0.008753194901289257,0.0
1048,0,0.0,0.0,B,-189.2249374059122,-0.5896764509714345,0.004383115463244823,0.007305159688467712,0.0014610409119573098
1049,0,0.0,0.0,B,-189.39217796882582,-0.5900512707820516,0.0058300909261833275,0.00874589521434914,0.0
1050,0,0.0,0.0,B,-189.5980582934383,-0.5907620396564817,0.004366686943600028,0.007277662342956067,0.001455577744940872
1051,0,0.0,0.0,B,-189.75563581208803,-0.5893862696597595,0.0058283996322567744,0.008742939183627276,0.0
1052,0,0.0,0.0,B,-189.9426496036346,-0.5906100776305024,0.004356415833375081,0.007261036893500425,0.0014521050602771038
1053,0,0.0,0.0,B,-190.13645634899262,-0.5902585581696885,0.005811412268605369,0.00871682633952925,0.0
1054,0,0.0,0.0,B,-190.29128625304656,-0.5895296060105126,0.00435619474833399,0.007260775036376785,0.001452019361232681
1055,0,0.0,0.0,B,-190.4942324285752,-0.590907747709041,0.005791144114669243,0.00868684444849787,0.0
1056,0,0.0,0.0,B,-190.66834186045315,-0.5896949194379204,0.004349787186585104,0.0072496050727053245,0.001449932274601679
1057,0,0.0,0.0,B,-190.83500009904265,-0.5900285884375306,0.005786185528669791,0.008680022857338529,0.0
1058,0,0.0,0.0,B,-191.04096353791925,-0.5907678856412415,0.00433355403821328,0.007222449424137233,0.001444532591449685
1059,0,0.0,0.0,B,-191.1990057206962,-0.5893929791937536,0.0057843557877548125,0.008676851638228504,0.0
1060,0,0.0,0.0,B,-191.3852818808232,-0.5905871444552666,0.004323659090302178,0.007206442657438167,0.0014411860734611086
1061,0,0.0,0.0,B,-191.57966356149467,-0.590276557348422,0.00576737198926747,0.008650769862648025,0.0
1062,0,0.0,0.0,B,-191.73442042957382,-0.5895196342771739,0.00432349024694882,0.007206252147467537,0.0014411193926248114
1063,0,0.0,0.0,B,-191.9368951226918,-0.590896344254837,0.005747574240969949,0.008621500778234328,0.0
1064,0,0.0,0.0,B,-192.11174172387496,-0.5897134595070875,0.004316958188106034,0.007194883076293477,0.0014389900132364593
1065,0,0.0,0.0,B,-192.27783249054602,-0.5900063394495512,0.00574293767894637,0.008615136822559174,0.0
1066,0,0.0,0.0,B,-192.48385891085962,-0.5907731631729852,0.004300922507265376,0.007168072014618209,0.0014336545730922368
1067,0,0.0,0.0,B,-192.64237928651153,-0.5894001722667606,0.005740966940892279,0.008611747376798226,0.0
1068,0,0.0,0.0,B,-192.82791886767666,-0.590564213237467,0.00429139495606224,0.007152669162039491,0.0014304313181516988
1069,0,0.0,0.0,B,-193.02286048389612,-0.5902941868201546,0.005723993063551898,0.008585705717127325,0.0
1070,0,0.0,0.0,B,-193.1775643997754,-0.5895102950404276,0.004291270757185471,0.007152537931730216,0.0014303810636358363
1071,0,0.0,0.0,B,-193.37955429814855,-0.5908845306652745,0.005704660738472469,0.008557141191769124,0.0
1072,0,0.0,0.0,B,-193.55513676017762,-0.5897320561767909,0.004284617397161406,0.0071409752290825836,0.0014282104395767431
1073,0,0.0,0.0,B,-193.7206751992279,-0.5899845303257703,0.005700332559033966,0.008551214893249066,0.0
1074,0,0.0,0.0,B,-193.92674456934867,-0.590777875564974,0.0042687811576294825,0.007114511454755061,0.001422939959336053
1075,0,0.0,0.0,B,-194.08575623226312,-0.5894078351809875,0.005698218557849306,0.008547604577277707,0.0
1076,0,0.0,0.0,B,-194.27056079799547,-0.5905412974201446,0.004259612335470611,0.007099697926475643,0.0014198370948160298
1077,0,0.0,0.0,B,-194.4660470637798,-0.5903114387218424,0.005681260860317294,0.00852161193498469,0.0
1078,0,0.0,0.0,B,-194.62071800386235,-0.5895015833919309,0.004259525470392348,0.007099614371497527,0.001419800771641663
1079,0,0.0,0.0,B,-194.8222102325474,-0.5908723191774015,0.005662388915418905,0.008493743661309481,0.0
1080,0,0.0,0.0,B,-194.99852673779338,-0.5897506946308341,0.004252754070769401,0.007087863607719811,0.001417589974490112
1081,0,0.0,0.0,B,-195.16352827402645,-0.589963167297459,0.005658355791976379,0.008488235513702744,0.0
1082,0,0.0,0.0,B,-195.36962067584707,-0.5907820264085213,0.004237119125069196,0.00706174963342364,0.0014123851292386228
1083,0,0.0,0.0,B,-195.52913628006075,-0.5894159541969106,0.005656096535930732,0.008484402064901139,0.0
1084,0,0.0,0.0,B,-195.71320790108166,-0.5905184103016721,0.004228300461284016,0.007047511016145889,0.0014093998132692854
1085,0,0.0,0.0,B,-195.90922325568977,-0.5903283055120517,0.005639161177639391,0.008458467193026993,0.0
1086,0,0.0,0.0,B,-196.0638810767304,-0.5894934941896105,0.00422824389857596,0.007047463983502398,0.0014093750209104396
1087,0,0.0,0.0,B,-196.26486320402356,-0.5908597221116434,0.005620744510983511,0.008431286805357348,0.0
1088,0,0.0,0.0,B,-196.44191142971857,-0.5897693602426348,0.004221357781527713,0.007035530815477283,0.00140712514397121
1089,0,0.0,0.0,B,-196.60639175691247,-0.5899422563172746,0.005616993425673948,0.008426177765042656,0.0
1090,0,0.0,0.0,B,-196.81248739807427,-0.5907856195697293,0.004205925862171254,0.0070097689678869516,0.0014019865674270728
1091,0,0.0,0.0,B,-196.9725191515682,-0.5894245155373821,0.005614587187719849,0.008422119288401931,0.0
1092,0,0.0,0.0,B,-197.15586040160812,-0.5904955650304992,0.004197448882225052,0.006996091022730681,0.0013991159886815947
1093,0,0.0,0.0,B,-197.35238902114276,-0.5903447799714894,0.005597680227067189,0.0083962507891891,0.0
1094,0,0.0,0.0,B,-197.5070534480744,-0.5894860220594458,0.004197415862672395,0.00699606979933355,0.0013991004186926343
1095,0,0.0,0.0,B,-197.70751349107115,-0.5908467518660181,0.005579713679567579,0.008369749865150542,0.0
1096,0,0.0,0.0,B,-197.88529061364318,-0.5897880385789206,0.004190418406057391,0.006983959962963471,0.0013968125752926255
1097,0,0.0,0.0,B,-198.04926568288005,-0.5899218030572009,0.005576231917423707,0.008365021342049184,0.0
1098,0,0.0,0.0,B,-198.25534490889146,-0.5907886591860738,0.004175191126807041,0.006958552384545401,0.001391740860254172
1099,0,0.0,0.0,B,-198.41590456817627,-0.5894335053918971,0.005573677225922644,0.008360736297256035,0.0
1100,0,0.0,0.0,B,-198.59851851949037,-0.5904727745999419,0.00416704745152965,0.006945421045116005,0.0013889822377593977
1101,0,0.0,0.0,B,-198.7955443286348,-0.590360855203429,0.005556804618566536,0.00833494261990628,0.0
1102,0,0.0,0.0,B,-198.95023494250682,-0.5894791613974744,0.004167031481328427,0.006945415346740057,0.0013889736714809255
1103,0,0.0,0.0,B,-199.1501613723706,-0.5908334209102628,0.005539282975779466,0.008309112682131813,0.0
1104,0,0.0,0.0,B,-199.32866407207723,-0.5898067154034443,0.00415992611394894,0.006933134649672743,0.0013866489933228546
1105,0,0.0,0.0,B,-199.49215007994258,-0.589901812906663,0.005536058119130202,0.008304746530995563,0.0
1106,0,0.0,0.0,B,-199.69819338618183,-0.5907911496628386,0.004144904971096333,0.006908083300524849,0.0013816446921214442
1107,0,0.0,0.0,B,-199.8592922511769,-0.5894429099210132,0.0055333537488677165,0.008300233719909955,0.0
1108,0,0.0,0.0,B,-200.04118246976222,-0.5904500518430219,0.004137086315991117,0.006895484671144615,0.0013789952750923058
1109,0,0.0,0.0,B,-200.238689153643,-0.5903765246340325,0.005516521346116477,0.008274523158468132,0.0
1110,0,0.0,0.0,B,-200.39342537968,-0.5894729063720054,0.004137081160166466,0.0068954846317422856,0.0013789915814314698
1111,0,0.0,0.0,B,-200.59280712661447,-0.5908197417798814,0.005499439340065181,0.008249355676393975,0.0
1112,0,0.0,0.0,B,-200.77203159247347,-0.5898253766807107,0.004129871357185126,0.006883038946331338,0.0013766312170032156
1113,0,0.0,0.0,B,-200.935044969133,-0.5898822909708151,0.005496459263153196,0.008245334188437117,0.0
1114,0,0.0,0.0,B,-201.1410330127263,-0.5907930956694046,0.004115057730847765,0.006858345606060675,0.0013716948419612886
1115,0,0.0,0.0,B,-201.30268192193677,-0.5894527152609108,0.005493604226629042,0.00824059274294401,0.0
1116,0,0.0,0.0,B,-201.4838524624543,-0.5904274094273598,0.004107555905475656,0.006846265960152704,0.0013691519096572869
1117,0,0.0,0.0,B,-201.6818234786231,-0.5903917820125626,0.0054768177739257205,0.00821497343430481,0.0
1118,0,0.0,0.0,B,-201.8366245744113,-0.5894672509260421,0.004107555581509173,0.006846262121508591,0.0013691510429383325
1119,0,0.0,0.0,B,-202.03545103233338,-0.590805727070119,0.005460170084956913,0.00819045982605207,0.0
1120,0,0.0,0.0,B,-202.21539296734738,-0.5898440085797043,0.004100244860017041,0.006833657377999633,0.0013667561559754654
1121,0,0.0,0.0,B,-202.3779503645094,-0.5898632420690006,0.005457422948760383,0.008186765720907053,0.0
1122,0,0.0,0.0,B,-202.58386397607697,-0.5907945021353939,0.0040856400154525435,0.006809323647637743,0.0013618881798698
1123,0,0.0,0.0,B,-202.74607330207115,-0.5894629075280851,0.005454416487740489,0.008181795091124397,0.0
1124,0,0.0,0.0,B,-202.92652870247628,-0.5904048598501311,0.004078446922885977,0.006797749426252632,0.0013594490414721337
1125,0,0.0,0.0,B,-203.1249472930009,-0.5904066214114809,0.005437681623238291,0.008156275013159311,0.0
1126,0,0.0,0.0,B,-203.27983233681212,-0.5894621887799034,0.00407844569454085,0.006797732727959943,0.0013594490393536603
1127,0,0.0,0.0,B,-203.47809336772238,-0.5907913894298681,0.005421462881908693,0.008132406647496438,0.0
1128,0,0.0,0.0,B,-203.658747994393,-0.5898625974776114,0.004071037609270611,0.006784974907893614,0.0013570208073530757
1129,0,0.0,0.0,B,-203.82086627316468,-0.5898446707333856,0.005418937129155046,0.008129023065473888,0.0
1130,0,0.0,0.0,B,-204.02668646842608,-0.5907953742466716,0.004056642698208485,0.006761002211849117,0.0013522216638832485
1131,0,0.0,0.0,B,-204.18946611361818,-0.5894734728241589,0.0054157787064728746,0.008123823008300135,0.0
1132,0,0.0,0.0,B,-204.36921138950208,-0.5903824154330872,0.004049750334550563,0.00674992002232493,0.0013498836583910178
1133,0,0.0,0.0,B,-204.56806059316074,-0.5904210372264302,0.005399100959699334,0.00809840997810197,0.0
1134,0,0.0,0.0,B,-204.7230484724197,-0.58945771343404,0.004049742705884091,0.006749881792066403,0.001349882639846185
1135,0,0.0,0.0,B,-204.92073441046716,-0.5907767415555146,0.0053833057486901885,0.008075178176483153,0.0
1136,0,0.0,0.0,B,-205.102096476596,-0.5898811299635263,0.0040422408450627445,0.006736976921889815,0.001347422252628649
1137,0,0.0,0.0,B,-205.26379269524148,-0.58982658120777,0.0053809900990503725,0.008072088671117875,0.0
1138,0,0.0,0.0,B,-205.46950068647294,-0.5907957174412128,0.0040280569070536764,0.006713366509937785,0.0013426923368906752
1139,0,0.0,0.0,B,-205.6328600792118,-0.5894843972408105,0.005377679390646068,0.008066659239103206,0.0
1140,0,0.0,0.0,B,-205.81190071785915,-0.5903600883176485,0.004021457361017864,0.006702763124684413,0.001340452833034864
1141,0,0.0,0.0,B,-206.01116338242815,-0.5904350241760961,0.00536106418125369,0.008041360911345647,0.0
1142,0,0.0,0.0,B,-206.1662727823325,-0.5894538181720419,0.0040214380705713,0.00670269506880161,0.0013404489963913995
1143,0,0.0,0.0,B,-206.36337443757077,-0.5907617961847305,0.005345687037311244,0.008018756950020522,0.0
1144,0,0.0,0.0,B,-206.5454382223425,-0.5898995928421369,0.0040138460519068535,0.0066896492136806094,0.0013379576547111929
1145,0,0.0,0.0,B,-206.70672962395196,-0.5898089774465685,0.005343570482763589,0.008015945480886494,0.0
1146,0,0.0,0.0,B,-206.912306831287,-0.590795537404831,0.003999874015689327,0.006666402162988211,0.0013332973236763795
1147,0,0.0,0.0,B,-207.07625492225506,-0.5894956668648038,0.0053401073699498825,0.008010287011413156,0.0
1148,0,0.0,0.0,B,-207.25459687642103,-0.5903378904600749,0.0039935594682353895,0.006656264518387624,0.0013311537198502572
1149,0,0.0,0.0,B,-207.45425567104752,-0.5904485773019467,0.0053235600065510225,0.007985110876823019,0.0
1150,0,0.0,0.0,B,-207.60950506334802,-0.5894504960638252,0.003993523483391871,0.006656158712723284,0.0013311453408870492
1151,0,0.0,0.0,B,-207.80601372518066,-0.5907465660902154,0.005308595422451119,0.007963125989013053,0.0
1152,0,0.0,0.0,B,-207.98877304552522,-0.5899179731373771,0.0039858449501889446,0.006642977970548136,0.0013286242550868187
1153,0,0.0,0.0,B,-208.1496770456017,-0.5897918631139698,0.00530666722280463,0.007960576914791009,0.0
1154,0,0.0,0.0,B,-208.35510510816823,-0.5907948400667753,0.00397208563507313,0.0066200951877360015,0.0013240338280857634
1155,0,0.0,0.0,B,-208.51965036709305,-0.5895072677831135,0.005303051784749326,0.007954690019548752,0.0
1156,0,0.0,0.0,B,-208.69730004850373,-0.5903158336267176,0.003966048359095181,0.006610410383150286,0.0013219835522904097
1157,0,0.0,0.0,B,-208.89733747615608,-0.5904616919678476,0.005286577463833398,0.00792964340348868,0.0
1158,0,0.0,0.0,B,-209.05274510810432,-0.5894477399690016,0.003965990870596938,0.006610259264149399,0.0013219689823876937
1159,0,0.0,0.0,B,-209.24865254841637,-0.5907310640734007,0.005272019890368225,0.007908268781626001,0.0
1160,0,0.0,0.0,B,-209.43210076564458,-0.5899362580960454,0.00395822948799657,0.006596949759727147,0.0013194193710967957
1161,0,0.0,0.0,B,-209.59263493961828,-0.5897752415832689,0.005270269568935516,0.007905966853408358,0.0
1162,0,0.0,0.0,B,-209.7978957265048,-0.5907936315951987,0.003944683605265233,0.006574431982965948,0.001314899130308527
1163,0,0.0,0.0,B,-209.96304613918434,-0.5895191860881382,0.005266502075350859,0.007899852408152077,0.0
1164,0,0.0,0.0,B,-210.14001041176584,-0.5902939293893563,0.003938915965327899,0.006565187279845548,0.0013129396401123914
1165,0,0.0,0.0,B,-210.34040882175248,-0.5904743638595475,0.0052501058802818384,0.007874942469311464,0.0
1166,0,0.0,0.0,B,-210.49599270522344,-0.5894455425404171,0.003938832381944388,0.0065649836359015935,0.0013129173044528668
1167,0,0.0,0.0,B,-210.69129118119827,-0.590715302958112,0.00523594972826706,0.007854169267335872,0.0
1168,0,0.0,0.0,B,-210.8754212079067,-0.589954435191376,0.003930991833283496,0.006551551515328627,0.0013103403933276522
1169,0,0.0,0.0,B,-211.03560327858577,-0.5897591159363734,0.005234367067677828,0.007852099622154555,0.0
1170,0,0.0,0.0,B,-211.24067889962748,-0.5907919183925013,0.0039176599876098415,0.006529399316470226,0.0013058905842738262
1171,0,0.0,0.0,B,-211.40644196527253,-0.5895314078829914,0.00523044797170763,0.007845758756731856,0.0
1172,0,0.0,0.0,B,-211.58272813811277,-0.590272189120629,0.003912154439728823,0.006520582137554972,0.00130401936678502
1173,0,0.0,0.0,B,-211.78346973866095,-0.5904865889840367,0.005214134871800075,0.007820992485924032,0.0
1174,0,0.0,0.0,B,-211.93924763945842,-0.5894438962278599,0.0039120403830681235,0.006520319100588621,0.0013039877626031694
1175,0,0.0,0.0,B,-212.13392989607667,-0.5906992955842052,0.005200374514100542,0.007800811821634172,0.0
1176,0,0.0,0.0,B,-212.3187342033181,-0.5899724921265629,0.00390412436635444,0.006506770525797404,0.0013013847831076673
1177,0,0.0,0.0,B,-212.47858202828183,-0.5897434889634858,0.005198949552246914,0.00779895997619762,0.0
1178,0,0.0,0.0,B,-212.68345484466272,-0.59078970709055,0.003891007057236564,0.006484984312539988,0.0012970056151518426
1179,0,0.0,0.0,B,-212.84983757355621,-0.5895439192868628,0.005194879483542997,0.007792394064834855,0.0
1180,0,0.0,0.0,B,-213.02545339360398,-0.5902506239895566,0.0038857561487,0.006476582241146147,0.0012952201870022194
1181,0,0.0,0.0,B,-213.2265202644911,-0.5904983636687715,0.0051786543332148025,0.007767778283898489,0.0
1182,0,0.0,0.0,B,-213.38250969184162,-0.5894427932819275,0.0038856074481559955,0.006476253278404458,0.001295177881879434
1183,0,0.0,0.0,B,-213.5765689640616,-0.5906830548011768,0.0051652841067870645,0.007748181241353277,0.0
1184,0,0.0,0.0,B,-213.76203958877494,-0.5899904168382233,0.0038776196726545064,0.006462594421878779,0.0012925500701050116
1185,0,0.0,0.0,B,-213.9215711477208,-0.5897283631629574,0.005164007132892654,0.007746533085979784,0.0
1186,0,0.0,0.0,B,-214.12622378238115,-0.5907870045457785,0.0038647172958663515,0.0064411744399653454,0.0012882417169568711
1187,0,0.0,0.0,B,-214.29323269385804,-0.589556706440444,0.005159786890872559,0.007739743737815734,0.0
1188,0,0.0,0.0,B,-214.46818633836574,-0.5902292449571657,0.0038597136650935695,0.006433175219351906,0.0012865396242967356
1189,0,0.0,0.0,B,-214.66956044359256,-0.5905096845607682,0.005143654428872847,0.007715285098618601,0.0
1190,0,0.0,0.0,B,-214.82577863983704,-0.5894422257580549,0.003859526352922131,0.006432774125416691,0.0012864852544998697
1191,0,0.0,0.0,B,-215.01920865445538,-0.5906665934617542,0.005130668636822797,0.0076962627305851026,0.0
1192,0,0.0,0.0,B,-215.2053372071498,-0.5900081974998006,0.003851470535849318,0.006419011165070083,0.0012838338500225446
1193,0,0.0,0.0,B,-215.36457058920132,-0.5897137407413179,0.005129530187627722,0.007694804523320264,0.0
1194,0,0.0,0.0,B,-215.56898593704562,-0.5907838178341724,0.0038387833849077724,0.006397957500519577,0.0012795964502470432
1195,0,0.0,0.0,B,-215.73662705779327,-0.5895697555114068,0.005125160734906146,0.007687793573177423,0.0
1196,0,0.0,0.0,B,-215.9109271265064,-0.590208062772216,0.003834019761342174,0.006390349033327646,0.0012779752687495875
1197,0,0.0,0.0,B,-216.11259032700602,-0.5905205486255601,0.005109125583616619,0.007663498556720711,0.0
1198,0,0.0,0.0,B,-216.26905425749376,-0.589442185520689,0.003833790067859711,0.00638986992232244,0.0012779075376108404
1199,0,0.0,0.0,B,-216.46184923468397,-0.5906499244154751,0.00509651849727056,0.007645041887164896,0.0
1200,0,0.0,0.0,B,-216.64862690737343,-0.5900258225248983,0.003825669931182052,0.006376009036534767,0.0012752337823850428
1201,0,0.0,0.0,B,-216.80758029835738,-0.5896996236134773,0.005095509353325114,0.007643760248071707,0.0
1202,0,0.0,0.0,B,-217.01174153625635,-0.5907801542461428,0.003813198198829966,0.006355321617905215,0.0012710674399163983
1203,0,0.0,0.0,B,-217.1800203989357,-0.5895830526999326,0.005090991809311999,0.007636529747455553,0.0
1204,0,0.0,0.0,B,-217.35367590603653,-0.5901870879670363,0.0038086674028629283,0.006348091965664469,0.0012695247747908352
1205,0,0.0,0.0,B,-217.5556099724086,-0.5905309531460206,0.0050750584741203345,0.007612404663076979,0.0
1206,0,0.0,0.0,B,-217.71233631560168,-0.5894426642476128,0.003808391751761308,0.006347529263650063,0.001269442451126795
1207,0,0.0,0.0,B,-217.90449097013203,-0.590633060502257,0.0050628243351078595,0.007594504689693703,0.0
1208,0,0.0,0.0,B,-218.0919085445127,-0.5900432805705378,0.003800211019094799,0.006333576626457504,0.0012667475884142853
1209,0,0.0,0.0,B,-218.25060021421493,-0.5896860134030986,0.00506193551716801,0.007593386595304409,0.0
1210,0,0.0,0.0,B,-218.4544908107934,-0.5907760212812877,0.003787954798799627,0.006313255227140418,0.0012626523730747004
1211,0,0.0,0.0,B,-218.62341245298342,-0.5895965842442796,0.005057271151826671,0.007585938803621774,0.0
1212,0,0.0,0.0,B,-218.79643281879345,-0.5901663308534697,0.003783649741722487,0.006306392609836951,0.0012611858590872223
1213,0,0.0,0.0,B,-218.99861944405612,-0.590540895721048,0.005041444020570436,0.00756198978829579,0.0
1214,0,0.0,0.0,B,-219.15562458185036,-0.5894436534344085,0.003783324745494425,0.006305741047386151,0.0012610877756552058
1215,0,0.0,0.0,B,-219.3471341239781,-0.5906160145459647,0.005029577042917527,0.0075446374850746956,0.0
1216,0,0.0,0.0,B,-219.53518197984414,-0.5900605605403397,0.0037750871391019495,0.006291702823820223,0.0012583730489881609
1217,0,0.0,0.0,B,-219.69363026925203,-0.5896729114431453,0.005028799808435613,0.007543670262994113,0.0
1218,0,0.0,0.0,B,-219.89723399445785,-0.5907714266430525,0.003763046426569672,0.006271747064365504,0.0012543489970112407
1219,0,0.0,0.0,B,-220.0668029579224,-0.5896103364263863,0.0050239900361946045,0.007536007638982293,0.0
1220,0,0.0,0.0,B,-220.23919800036927,-0.5901458015189338,0.0037589601105509386,0.00626523986006565,0.0012529562985129474
1221,0,0.0,0.0,B,-220.4416188127199,-0.5905503742641147,0.005008273378674311,0.007512240656715772,0.0
1222,0,0.0,0.0,B,-220.5989188209886,-0.5894451443990575,0.0037585825660205385,0.006264494465008317,0.0012528413505027832
1223,0,0.0,0.0,B,-220.78977895703127,-0.5905987993479813,0.00499676775090503,0.007495426976539727,0.0
1224,0,0.0,0.0,B,-220.97844708092373,-0.5900776515876172,0.0037502918039042216,0.006250376806579642,0.0012501080026799192
1225,0,0.0,0.0,B,-221.13667038946465,-0.5896603187765964,0.004996093590609577,0.007494598300190412,0.0
1226,0,0.0,0.0,B,-221.33997132391073,-0.5907663782332854,0.0037384664986082395,0.006230786157050262,0.0012461551172386538
1227,0,0.0,0.0,B,-221.51019165418836,-0.5896242955774995,0.004991139964422431,0.007486723493549017,0.0
1228,0,0.0,0.0,B,-221.68197158004347,-0.5901255098226,0.0037345920166933543,0.0062246229015751895,0.0012448339281996056
1229,0,0.0,0.0,B,-221.88460815562007,-0.5905593870016761,0.0049755379319824265,0.007463144334870845,0.0
1230,0,0.0,0.0,B,-222.04221879498618,-0.5894471282866705,0.0037341589006466003,0.006223778991905316,0.0012447010717591591
1231,0,0.0,0.0,B,-222.23242572757079,-0.5905814276807887,0.0049643878192277315,0.007446860212143725,0.0
1232,0,0.0,0.0,B,-222.42170372165225,-0.5900945431183839,0.0037258186937323572,0.00620958803222826,0.0012419503438739544
1233,0,0.0,0.0,B,-222.57972049443487,-0.5896482361573332,0.00496380845378651,0.007446158095643736,0.0
1234,0,0.0,0.0,B,-222.78270303851008,-0.5907608841466963,0.0037142086004569837,0.00619036181458392,0.0012380685956131568
1235,0,0.0,0.0,B,-222.95357828482705,-0.5896384480838244,0.004958712659333856,0.007438073938861984,0.0
1236,0,0.0,0.0,B,-223.1247536807204,-0.5901054653916941,0.0037105391365880574,0.0061845312012301645,0.0012368166396617528
1237,0,0.0,0.0,B,-223.32758755635376,-0.5905679324714419,0.004943229284509711,0.007414688220404965,0.0
1238,0,0.0,0.0,B,-223.4855242631981,-0.5894495960743438,0.0037100476014984953,0.006183584378167082,0.00123666489045454
1239,0,0.0,0.0,B,-223.6750746911864,-0.5905639122815581,0.004932428830621878,0.007398924573705659,0.0
1240,0,0.0,0.0,B,-223.8649517823353,-0.590111224794264,0.003701661650910195,0.00616932622872151,0.0012338980209545929
1241,0,0.0,0.0,B,-224.02278049740494,-0.5896366640511945,0.004931936207382763,0.007398337366870343,0.0
1242,0,0.0,0.0,B,-224.22542938014692,-0.5907549526652223,0.00369026648130839,0.00615046361923044,0.001230087348527696
1243,0,0.0,0.0,B,-224.39696259565267,-0.5896527803921867,0.004926700057411586,0.007390046867242779,0.0
1244,0,0.0,0.0,B,-224.56754441886977,-0.5900856776179205,0.0036867953103614627,0.00614495449853162,0.0012289023789946254
1245,0,0.0,0.0,B,-224.77055710481986,-0.5905760095205089,0.004911339253642728,0.00736686003141644,0.0
1246,0,0.0,0.0,B,-224.92883498252922,-0.5894525385761348,0.0036862426802065033,0.00614390063972802,0.0012287308107880174
1247,0,0.0,0.0,B,-225.11772610062093,-0.5905462658457616,0.004900882583313851,0.007351607766176063,0.0
1248,0,0.0,0.0,B,-225.30819114974094,-0.5901276865353071,0.00367781467462726,0.006129581385754657,0.0012259490345647044
1249,0,0.0,0.0,B,-225.46585030535482,-0.589625602637199,0.004900468873118234,0.007351124149635688,0.0
1250,0,0.0,0.0,B,-225.6681505930788,-0.5907485922523,0.0036666340487921745,0.006111081417432772,0.0012222093451748311
1251,0,0.0,0.0,B,-225.84034433540398,-0.5896672790157031,0.004895094301913427,0.007342630481459781,0.0
1252,0,0.0,0.0,B,-226.01034390447302,-0.590066155654015,0.003663354536629641,0.006105882796958065,0.0012210891451409093
1253,0,0.0,0.0,B,-226.2135168971392,-0.5905836173033536,0.004879859863319863,0.007319647796212518,0.0
1254,0,0.0,0.0,B,-226.37215070760118,-0.5894559464481532,0.0036627383027932527,0.006104718049847859,0.0012208968884234756
1255,0,0.0,0.0,B,-226.5603802056154,-0.5905285010208072,0.004869741084203043,0.0073048978074118824,0.0
1256,0,0.0,0.0,B,-226.75142171715112,-0.5901439185226987,0.003654271915911586,0.00609034374637391,0.0012181014359310082
1257,0,0.0,0.0,B,-226.9089298190838,-0.5896150518089327,0.004869398678266904,0.007304506787837369,0.0
1258,0,0.0,0.0,B,-227.11086692376261,-0.5907418115470544,0.0036433053639615878,0.0060722053114504295,0.0012144326058761094
1259,0,0.0,0.0,B,-227.2837232558987,-0.5896819305394538,0.004863887736250516,0.007295813284786877,0.0
1260,0,0.0,0.0,B,-227.45315224097297,-0.5900469084104274,0.003640210967497595,0.0060673063556355164,0.0012133749882232573
1261,0,0.0,0.0,B,-227.65646703557073,-0.590590755279687,0.00484878333747241,0.0072730398434560925,0.0
1262,0,0.0,0.0,B,-227.8154711909205,-0.5894598101937654,0.0036395287847553496,0.0060660271309150166,0.0012131612288499335
1263,0,0.0,0.0,B,-228.00303725275552,-0.5905106303997008,0.004838996542304208,0.007258783018340585,0.0
1264,0,0.0,0.0,B,-228.19464338440923,-0.5901599112013654,0.003631027672793951,0.0060516037989069875,0.001210353325253131
1265,0,0.0,0.0,B,-228.3520189332965,-0.5896050111761058,0.004838718049162227,0.007258473923770086,0.0
1266,0,0.0,0.0,B,-228.55357862068615,-0.5907346193584029,0.0036202746364706073,0.006033825651315683,0.0012067552004751687
1267,0,0.0,0.0,B,-228.72709911218493,-0.5896967216261466,0.004833072897616067,0.00724958407143839,0.0
1268,0,0.0,0.0,B,-228.89596952522868,-0.5900279445521373,0.0036173589037472352,0.006029215681322163,0.0012057580079399197
1269,0,0.0,0.0,B,-229.0994076284239,-0.5905974232121699,0.004818102093715051,0.007227024792687161,0.0
1270,0,0.0,0.0,B,-229.25879618304762,-0.5894641201688994,0.0036166085863299597,0.006027818646558445,0.0012055219858036804
1271,0,0.0,0.0,B,-229.44569748532138,-0.5904926665147427,0.0048086413624377775,0.007213252013496282,0.0
1272,0,0.0,0.0,B,-229.6378560579642,-0.5901756552824702,0.0036080763856550816,0.006013352269199061,0.0012027028501536271
1273,0,0.0,0.0,B,-229.7951175366927,-0.5895954800662665,0.00480841960494609,0.007213014488755781,0.0
1274,0,0.0,0.0,B,-229.9962859341984,-0.5907270246590818,0.003597536219933744,0.0059959330270942125,0.0011991752467915679
1275,0,0.0,0.0,B,-230.17047166269168,-0.5897116390217735,0.004802642510853672,0.007203931917363784,0.0
1276,0,0.0,0.0,B,-230.33879584747416,-0.5900092724956056,0.003594792790205981,0.005991601520693606,0.0011982363520204446
1277,0,0.0,0.0,B,-230.5423387899666,-0.5906036211639909,0.004787808737274793,0.007181591545202707,0.0
1278,0,0.0,0.0,B,-230.70212543276745,-0.5894688665874539,0.0035939723079384234,0.005990083594054344,0.0011979773597493263
1279,0,0.0,0.0,B,-230.88836114313918,-0.5904746218312618,0.004778668139157328,0.007168293691911517,0.0
1280,0,0.0,0.0,B,-231.08105965090812,-0.5901911417457932,0.003585412632747848,0.005975580113140906,0.0011951482041862777
1281,0,0.0,0.0,B,-231.23822551206052,-0.5895864575266829,0.004778496151550843,0.007168117694122899,0.0
1282,0,0.0,0.0,B,-231.43898911633784,-0.5907190365795956,0.0035750846074603317,0.005958518261437087,0.0011916909091328383
1283,0,0.0,0.0,B,-231.61384066937433,-0.5897266695612495,0.004772589482554844,0.007158846171386395,0.0
1284,0,0.0,0.0,B,-231.78163129128222,-0.5899909004058638,0.003572507211287895,0.005954454852915717,0.0011908082147389946
1285,0,0.0,0.0,B,-231.9852606403296,-0.5906093494963052,0.00475789605514804,0.007136729275279247,0.0
1286,0,0.0,0.0,B,-232.14545868726046,-0.5894740395268011,0.0035716146857991456,0.005952813197014995,0.0011905255964172945
1287,0,0.0,0.0,B,-232.33102846243492,-0.5904565087413916,0.004749069650903791,0.007123897228349191,0.0
1288,0,0.0,0.0,B,-232.52425408301139,-0.5902063618419962,0.003563031125886955,0.005938278509476393,0.0011876876254001065
1289,0,0.0,0.0,B,-232.68134273637514,-0.5895779423263808,0.004748940675904099,0.007123773022519741,0.0
1290,0,0.0,0.0,B,-232.88168842066182,-0.5907106644020994,0.00355291442735586,0.005921572402411132,0.001184300396862057
1291,0,0.0,0.0,B,-233.05720589786085,-0.5897418001740276,0.0047429068953757265,0.007114316446671476,0.0
1292,0,0.0,0.0,B,-233.22447593353235,-0.5899728361937442,0.0035504968866999784,0.005917766882492439,0.0011834718354826836
1293,0,0.0,0.0,B,-233.4281733054072,-0.5906146088655372,0.004728357010475784,0.007092427421723335,0.0
1294,0,0.0,0.0,B,-233.58879569227483,-0.5894796289333807,0.003549530587702406,0.005915998898347536,0.0011831649853953777
1295,0,0.0,0.0,B,-233.77369967569172,-0.5904383395578943,0.004719838854376516,0.007080052064859786,0.0
1296,0,0.0,0.0,B,-233.96743928075165,-0.5902213070947666,0.0035409267062987207,0.005901438852877481,0.0011803193949569118
1297,0,0.0,0.0,B,-234.12446908089868,-0.5895699329583424,0.004719746340346796,0.0070799702195473175,0.0
1298,0,0.0,0.0,B,-234.3243841020733,-0.5907019175542102,0.0035310204389829318,0.0058850867165958646,0.0011770019630187969
1299,0,0.0,0.0,B,-234.50056711759228,-0.5897570178896885,0.004713588002563732,0.007070332612509265,0.0
1300,0,0.0,0.0,B,-234.66732984438306,-0.5899550875132513,0.0035287566673064047,0.005881529032376752,0.0011762254973726163
1301,0,0.0,0.0,B,-234.87107691675402,-0.5906194002205476,0.004699184737127649,0.007048675679735796,0.0
1302,0,0.0,0.0,B,-235.0321361922995,-0.5894856246283786,0.003527715008940299,0.005879632353471025,0.00117589385877187
1303,0,0.0,0.0,B,-235.21637501150923,-0.5904201265080377,0.0046909688791118825,0.007036747902649939,0.0
1304,0,0.0,0.0,B,-235.41061517733954,-0.590235969302839,0.0035190943406244006,0.005865052747275026,0.001173041835799697
1305,0,0.0,0.0,B,-235.56760441128648,-0.58956242764186,0.004690906477255302,0.00703669928569812,0.0
1306,0,0.0,0.0,B,-235.76707641664802,-0.5906928056027575,0.003509397528775218,0.005849052682435321,0.001169793902990851
1307,0,0.0,0.0,B,-235.94392410196284,-0.5897723098434945,0.004684626222685034,0.00702688478639972,0.0
1308,0,0.0,0.0,B,-236.11019308724974,-0.5899376617590799,0.0035072815311439527,0.00584573293733343,0.0011690675259353265
1309,0,0.0,0.0,B,-236.3139716114778,-0.5906237247996637,0.004670372534485829,0.007005463993076293,0.0
1310,0,0.0,0.0,B,-236.4754799307376,-0.5894920163134867,0.0035061630683849787,0.005843705423780952,0.0011687105898283063
1311,0,0.0,0.0,B,-236.65905469446577,-0.5904018817275252,0.004662453022260543,0.006993974694248882,0.0
1312,0,0.0,0.0,B,-236.8537817127386,-0.5902503405418895,0.0034975291170701583,0.005829111999434829,0.0011658533113701988
1313,0,0.0,0.0,B,-237.01074858769513,-0.5895554243250463,0.004662414583858892,0.006993950468587704,0.0
1314,0,0.0,0.0,B,-237.20976562146075,-0.5906833382474755,0.003488040706397611,0.0058134619838340834,0.001162674553234827
1315,0,0.0,0.0,B,-237.38727662845525,-0.5897876632819063,0.004656015134544477,0.006983963326426161,0.0
1316,0,0.0,0.0,B,-237.55306571878543,-0.589920566064276,0.0034860665795821617,0.005810370437542899,0.0011619962878224484
1317,0,0.0,0.0,B,-237.75685753212971,-0.590627584127577,0.004641913862420369,0.006962782546515504,0.0
1318,0,0.0,0.0,B,-237.91882665008004,-0.5894987935767382,0.0034848700047091456,0.005808210170350513,0.0011616135917794385
1319,0,0.0,0.0,B,-238.10173894498396,-0.5903836172544897,0.004634284743554798,0.006951722635960179,0.0
1320,0,0.0,0.0,B,-238.29693883368205,-0.5902644131663033,0.0034762262416978247,0.005793608612768243,0.0011587522243730883
1321,0,0.0,0.0,B,-238.45390146489467,-0.5895489206874953,0.004634264317244325,0.006951714255466695,0.0
1322,0,0.0,0.0,B,-238.65245197441132,-0.5906735253146392,0.0034669451010465873,0.005778306503986953,0.0011556422900433317
1323,0,0.0,0.0,B,-238.8306244787743,-0.5898030655680557,0.004627748472289751,0.006941558823905579,0.0
1324,0,0.0,0.0,B,-238.99594778886822,-0.5899038072980503,0.003465107033622051,0.005775433572435939,0.0011550101895766204
1325,0,0.0,0.0,B,-239.1997348265897,-0.5906309800121067,0.004613802336447771,0.006920621758562682,0.0
1326,0,0.0,0.0,B,-239.36217609208,-0.5895059458984133,0.0034638311727425665,0.005773138847858913,0.0011546013165587188
1327,0,0.0,0.0,B,-239.54442797919887,-0.5903653450235496,0.004606457660458068,0.00690998216058651,0.0
1328,0,0.0,0.0,B,-239.74008649368346,-0.5902781798108097,0.003455181034850237,0.005758534781367751,0.001151737015585183
1329,0,0.0,0.0,B,-239.89706289238404,-0.5895429141430951,0.004606449489539604,0.006909981366001353,0.0
1330,0,0.0,0.0,B,-240.09513573404976,-0.5906633767506506,0.003446105957884681,0.005743578319432507,0.0011486955283569336
1331,0,0.0,0.0,B,-240.2739674389773,-0.5898185041871696,0.004599820120692176,0.006899662096304038,0.0
1332,0,0.0,0.0,B,-240.43883934059104,-0.5898873920637365,0.003444398230327621,0.0057409145747494205,0.0011481076764416245
1333,0,0.0,0.0,B,-240.6426036479496,-0.5906339145408335,0.004586031723065183,0.006878972274457042,0.0
1334,0,0.0,0.0,B,-240.80552799792738,-0.5895134626570112,0.0034430420399592064,0.005738483898736909,0.001147672253647175
1335,0,0.0,0.0,B,-240.98712200882957,-0.5903470768599366,0.004578965543488746,0.006868743930416108,0.0
1336,0,0.0,0.0,B,-241.18322465304402,-0.5902916333919842,0.0034343889277058236,0.005723882884257838,0.00114480616270755
1337,0,0.0,0.0,B,-241.34023271451065,-0.5895374018429889,0.004578964063269387,0.006868742745311527,0.0
1338,0,0.0,0.0,B,-241.5378171594025,-0.5906529026155791,0.0034255186346035804,0.005709269694321037,0.0011418327206189122
1339,0,0.0,0.0,B,-241.71730529960058,-0.5898339667519401,0.004572224110596632,0.006858264180406184,0.0
1340,0,0.0,0.0,B,-241.881740410258,-0.5898713266969052,0.0034239356193844516,0.005706805864793947,0.0011412872312149933
1341,0,0.0,0.0,B,-242.08546415439264,-0.5906363900776009,0.00455859593525281,0.006837824959411932,0.0
1342,0,0.0,0.0,B,-242.24888210842352,-0.5895213331352822,0.0034224981830892126,0.005704237947520893,0.0011408249289441158
1343,0,0.0,0.0,B,-242.42982124105313,-0.5903288244736928,0.004551802311711157,0.0068279988304598225,0.0
1344,0,0.0,0.0,B,-242.62635327885462,-0.5903047671096168,0.003413845458956762,0.005689645479852494,0.001137958179258974
1345,0,0.0,0.0,B,-242.7834107705922,-0.5895323806786809,0.004551802146874985,0.006827989557255234,0.0
1346,0,0.0,0.0,B,-242.98049650979743,-0.5906421130766583,0.0034051785981103347,0.005675373074887994,0.0011350523556710825
1347,0,0.0,0.0,B,-243.16063785578356,-0.589849441007837,0.004544954614533752,0.006817356325728329,0.0
1348,0,0.0,0.0,B,-243.32465102738394,-0.5898556172636267,0.0034037147597802426,0.005673100044924419,0.0011345473731411255
1349,0,0.0,0.0,B,-243.52831650906887,-0.5906384092588917,0.004531489028137612,0.00679717089210136,0.0
1350,0,0.0,0.0,B,-243.69223816415473,-0.5895295465263176,0.003402195284850946,0.005670393795406618,0.001134057903677583
1351,0,0.0,0.0,B,-243.87252587838336,-0.590310599453948,0.00452496202838666,0.0067877379619283576,0.0
1352,0,0.0,0.0,B,-244.06947234499341,-0.5903175744479401,0.003393546271605905,0.005655815300610606,0.0011311916135087596
1353,0,0.0,0.0,B,-244.22659689504204,-0.5895278472852867,0.004524957990392142,0.006787713177949653,0.0
1354,0,0.0,0.0,B,-244.4231740446895,-0.590631018401746,0.003385081421331683,0.00564188108412438,0.0011283529576889184
1355,0,0.0,0.0,B,-244.60396490738916,-0.5898649148383561,0.004518005942487746,0.006776929988165015,0.0
1356,0,0.0,0.0,B,-244.76757121469916,-0.5898402695588891,0.0033837313166021022,0.005639789894205266,0.0011278866568434646
1357,0,0.0,0.0,B,-244.97116087996935,-0.5906399749900736,0.004504705194811652,0.006757001358378708,0.0
1358,0,0.0,0.0,B,-245.13559590566837,-0.5895380919396889,0.0033821291307978207,0.0056369444149946,0.0011273697733532946
1359,0,0.0,0.0,B,-245.31523611855164,-0.5902924132632774,0.004498438896778219,0.006747952635939765,0.0
1360,0,0.0,0.0,B,-245.5125818321192,-0.5903300491767209,0.0033734871098773816,0.005622385247881251,0.0011245050474475568
1361,0,0.0,0.0,B,-245.66979091749752,-0.5895237980449255,0.004498425981279945,0.006747905189518903,0.0
1362,0,0.0,0.0,B,-245.8658500234866,-0.5906196289527499,0.003365222780131535,0.005608786516635892,0.0011217330851544124
1363,0,0.0,0.0,B,-246.04728625912054,-0.5898803762702017,0.004491372537813278,0.00673697682385971,0.0
1364,0,0.0,0.0,B,-246.21050098815886,-0.5898252891051726,0.003363981057945874,0.005606868363262154,0.001121303671293975
1365,0,0.0,0.0,B,-246.41399743979525,-0.5906410904415248,0.004478238762298619,0.006717307845218283,0.0
1366,0,0.0,0.0,B,-246.57895507364492,-0.5895469584076345,0.003362295606275467,0.0056038829452191375,0.001120759166740293
1367,0,0.0,0.0,B,-246.75795215439143,-0.5902742772321417,0.004472227256102152,0.006708634367447663,0.0
1368,0,0.0,0.0,B,-246.95568172765962,-0.59034218535221,0.0033536638162363365,0.00558934838693103,0.0011178970957945265
1369,0,0.0,0.0,B,-247.1129926629523,-0.5895202290902487,0.004472200640394902,0.006708557374059191,0.0
1370,0,0.0,0.0,B,-247.30852470537565,-0.5906079551790221,0.003345598450337015,0.005576082333683138,0.0011151913298651185
1371,0,0.0,0.0,B,-247.49060172063548,-0.5898958134783954,0.004465048973295583,0.006697488683290314,0.0
1372,0,0.0,0.0,B,-247.65344035695662,-0.5898106811511756,0.003344459851932875,0.005574328569312647,0.0011147970388184283
1373,0,0.0,0.0,B,-247.8568263658249,-0.5906417590446328,0.0044520841876625845,0.006678082034870459,0.0
1374,0,0.0,0.0,B,-248.02231540907303,-0.5895561348912874,0.00334269069348468,0.005571202686453733,0.0011142247448918256
1375,0,0.0,0.0,B,-248.20067417372678,-0.590256202553419,0.004446321577621001,0.0066697748693811615,0.0
1376,0,0.0,0.0,B,-248.39877202579527,-0.5903539773179483,0.003334072328513387,0.005556697942146151,0.0011113664050393297
1377,0,0.0,0.0,B,-248.5562019518896,-0.5895171363081066,0.004446276618104163,0.006669661707812618,0.0
1378,0,0.0,0.0,B,-248.75119834914932,-0.5905960076107312,0.003326204304868592,0.005543761658395495,0.0011087263159778509
1379,0,0.0,0.0,B,-248.93391110665533,-0.5899112147913094,0.004439029947347957,0.006658457605560924,0.0
1380,0,0.0,0.0,B,-249.09638932354272,-0.5897964506707013,0.003325163663829654,0.005542163791368526,0.0011083654141360658
1381,0,0.0,0.0,B,-249.29964783977886,-0.5906419844876754,0.0044262360542532304,0.006639315799221778,0.0
1382,0,0.0,0.0,B,-249.46567665342212,-0.589565610286942,0.0033233104686458594,0.005538897095785646,0.0011077652002000902
1383,0,0.0,0.0,B,-249.64340235926406,-0.5902382002770266,0.004420716460871827,0.00663136604698788,0.0
1384,0,0.0,0.0,B,-249.84185272743895,-0.5903654197054328,0.0033147086771295312,0.005524427292402191,0.0011049116525176034
1385,0,0.0,0.0,B,-249.99941860042017,-0.589514515343347,0.004420648690532292,0.006631210355541204,0.0
1386,0,0.0,0.0,B,-250.19387121303316,-0.5905837968522099,0.0033070363109701083,0.005511817771151571,0.001102336699085654
1387,0,0.0,0.0,B,-250.377214237072,-0.5899265686956208,0.00441331028034104,0.0066198758128916,0.0
1388,0,0.0,0.0,B,-250.53934788364725,-0.5897826023616991,0.0033060885532666257,0.005510367465602792,0.0011020074834321963
1389,0,0.0,0.0,B,-250.74246204768036,-0.590641770711582,0.004400689068081961,0.006601001194351784,0.0
1390,0,0.0,0.0,B,-250.90903854881455,-0.589575373432349,0.003304151099260911,0.0055069597824528825,0.001101379255483483
1391,0,0.0,0.0,B,-251.08613688848732,-0.5902202813046388,0.0043954066300243766,0.006593399992371794,0.0
1392,0,0.0,0.0,B,-251.28492384021106,-0.5903765074346339,0.0032955689824175007,0.005492529966594769,0.0010985315455186051
1393,0,0.0,0.0,B,-251.44264242042175,-0.5895123616027449,0.004395311755936227,0.00659319566509303,0.0
1394,0,0.0,0.0,B,-251.63654355451396,-0.5905713335752878,0.003288090527534633,0.005480244105119504,0.0010960211653267442
1395,0,0.0,0.0,B,-251.82051093705064,-0.589941863841178,0.004387884911058718,0.006581735705298156,0.0
1396,0,0.0,0.0,B,-251.98231602630713,-0.589769140645465,0.003287230671551594,0.005478933180874688,0.001095721963462452
1397,0,0.0,0.0,B,-252.18526917971468,-0.5906411219055787,0.004375438054323654,0.006563130455278612,0.0
1398,0,0.0,0.0,B,-252.35240083819775,-0.5895854131130415,0.0032852088414687198,0.005475384503437089,0.0010950656631050029
1399,0,0.0,0.0,B,-252.52887793355774,-0.590202456384504,0.004370386930363904,0.006555868979218097,0.0
1400,0,0.0,0.0,B,-252.72798537840953,-0.5903872357143709,0.0032766494520357187,0.005460999639324749,0.001092224820423661
1401,0,0.0,0.0,B,-252.88587321968186,-0.5895106702590595,0.004370260831203334,0.006555610162152904,0.0
1402,0,0.0,0.0,B,-253.07921563016754,-0.5905586285126097,0.003269363102522315,0.00544903424195072,0.0010897784305240886
1403,0,0.0,0.0,B,-253.2638010371282,-0.5899570890457834,0.004362748893275622,0.006544029855454453,0.0
1404,0,0.0,0.0,B,-253.42529373389783,-0.589756069666,0.0032685862590743527,0.005447854674406509,0.00108950760068742
1405,0,0.0,0.0,B,-253.62806943008567,-0.5906400425027207,0.004350477953939119,0.0065256959908858055,0.0
1406,0,0.0,0.0,B,-253.79576326551432,-0.5895957180686817,0.003266480037490493,0.005444165159206249,0.0010888232041206362
1407,0,0.0,0.0,B,-253.97162566121634,-0.5901847361063659,0.00434565232489372,0.006518765457697544,0.0
1408,0,0.0,0.0,B,-254.17103736297605,-0.5903976000425368,0.00325794637847121,0.005429830126731859,0.0010859902418742385
1409,0,0.0,0.0,B,-254.3291108020422,-0.5895094362552145,0.004345491048467639,0.006518446545170182,0.0
1410,0,0.0,0.0,B,-254.52188769548988,-0.5905456924509457,0.0032508502704665723,0.005418181907620979,0.0010836072393543765
1411,0,0.0,0.0,B,-254.7070843733087,-0.5899722332998798,0.004337897392451368,0.006506751003730047,0.0
1412,0,0.0,0.0,B,-254.8682809821703,-0.5897433932895262,0.003250151642798761,0.00541712582760605,0.0010833631704364037
1413,0,0.0,0.0,B,-255.0708629968691,-0.5906385371753128,0.004325803820413371,0.006488690379023193,0.0
1414,0,0.0,0.0,B,-255.23912557587255,-0.5896062769994271,0.0032479611131614092,0.005413295789601213,0.0010826506874565178
1415,0,0.0,0.0,B,-255.4143802326912,-0.5901671308964864,0.0043211978910525795,0.006482082049543157,0.0
1416,0,0.0,0.0,B,-255.6140798214575,-0.5904075962061791,0.003239456136627887,0.0053990153824708415,0.0010798266019685257
1417,0,0.0,0.0,B,-255.77235496754645,-0.5895086543086032,0.0043209976518395875,0.006481697680456797,0.0
1418,0,0.0,0.0,B,-255.96456000472682,-0.5905325362244989,0.003232548350065048,0.005387680968412882,0.0010775063645453193
1419,0,0.0,0.0,B,-256.1503607871544,-0.5899872857711437,0.004313325682537001,0.0064698920533962975,0.0
1420,0,0.0,0.0,B,-256.31127774029056,-0.589731115104164,0.0032319232338388093,0.005386740662029044,0.0010772874760992437
1421,0,0.0,0.0,B,-256.51365008186434,-0.5906366108302203,0.004301410816605179,0.006452106361774955,0.0
1422,0,0.0,0.0,B,-256.68248751571434,-0.5896170785723082,0.0032296485755452424,0.005382770569860503,0.0010765469491137412
1423,0,0.0,0.0,B,-256.8571418036082,-0.5901496510127817,0.00429701881754247,0.006445811543292455,0.0
1424,0,0.0,0.0,B,-257.0571127879631,-0.5904172202814302,0.003221175181496968,0.005368549493824551,0.0010737327194852992
1425,0,0.0,0.0,B,-257.2156055125897,-0.5895083189155081,0.004296775994244927,0.006445356597448768,0.0
1426,0,0.0,0.0,B,-257.4072328107067,-0.5905191707082073,0.003214453741852075,0.005357525427034218,0.001071474606100022
1427,0,0.0,0.0,B,-257.59363012587255,-0.5900022358089779,0.00428902914288932,0.006433446065994285,0.0
1428,0,0.0,0.0,B,-257.754283970886,-0.5897192384197648,0.0032138975251154132,0.005356693335475955,0.0010712793483449875
1429,0,0.0,0.0,B,-257.95643089044427,-0.5906342686040759,0.004277294211703547,0.006415936840888208,0.0
1430,0,0.0,0.0,B,-258.1258488329829,-0.5896281114276172,0.003211539010628712,0.005352583806777939,0.0010705108513997252
1431,0,0.0,0.0,B,-258.29991052390557,-0.5901323065400681,0.004273110401262366,0.0064099468896886835,0.0
1432,0,0.0,0.0,B,-258.50013630311713,-0.5904264686332914,0.003203100045906243,0.005338426677948685,0.0010677074391340865
1433,0,0.0,0.0,B,-258.6588622300698,-0.5895084243556393,0.004272821534368336,0.006409416484124929,0.0
1434,0,0.0,0.0,B,-258.8499063646737,-0.5905056068110572,0.0031965629259493255,0.005327709418866839,0.0010655107905474717
1435,0,0.0,0.0,B,-259.03689224239963,-0.5900170729489014,0.0042650032552887665,0.006397406256858465,0.0
1436,0,0.0,0.0,B,-259.1972996300934,-0.5897077662679068,0.0031960710890906697,0.005326978138218029,0.0010653376443664755
1437,0,0.0,0.0,B,-259.3992056314015,-0.5906315158583821,0.004253449378286882,0.006380174873356001,0.0
1438,0,0.0,0.0,B,-259.569209277288,-0.5896393641852989,0.0031936290810924,0.005322729934988064,0.0010645412821851936
1439,0,0.0,0.0,B,-259.7426865377533,-0.5901151073854226,0.00424946804434386,0.00637448119723479,0.0
1440,0,0.0,0.0,B,-259.94315041400756,-0.5904353379152657,0.0031852273383451302,0.005308641278243054,0.001061749630830619
1441,0,0.0,0.0,B,-260.1021249095418,-0.5895089646967823,0.0042491298336979335,0.006373870682576633,0.0
1442,0,0.0,0.0,B,-260.2925809161223,-0.590491855469397,0.0031788724598917134,0.005298227208340942,0.0010596137702180485
1443,0,0.0,0.0,B,-260.4801469954786,-0.5900317869168337,0.004241243601057068,0.006361765990789794,0.0
1444,0,0.0,0.0,B,-260.6403246676139,-0.5896967014020448,0.0031784405755767562,0.005297589489347382,0.001059461247149672
1445,0,0.0,0.0,B,-260.84197451679444,-0.5906283581745135,0.004229871789480953,0.006344813667148532,0.0
1446,0,0.0,0.0,B,-261.01256860007146,-0.5896508254513434,0.003175915524155519,0.005293203513374292,0.0010586371541855793
1447,0,0.0,0.0,B,-261.1854699834757,-0.5900980632736628,0.004226087251284654,0.006339407727894225,0.0
1448,0,0.0,0.0,B,-261.3861551741302,-0.590443825068845,0.0031675537408627236,0.005279187760844406,0.0010558581889964773
1449,0,0.0,0.0,B,-261.5453933373732,-0.5895099337995566,0.004225696553666587,0.006338712684722742,0.0
1450,0,0.0,0.0,B,-261.73525671263405,-0.5904779276402693,0.0031613789765255183,0.005269073185429857,0.0010537824225431397
1451,0,0.0,0.0,B,-261.923394249736,-0.5900463676332686,0.004217745858270653,0.006326518777872835,0.0
1452,0,0.0,0.0,B,-262.0833590267702,-0.5896860462978232,0.0031610027096163292,0.005268521933246531,0.0010536490647670355
1453,0,0.0,0.0,B,-262.28473776179055,-0.5906248013486219,0.004206557016211698,0.006309846577086983,0.0
1454,0,0.0,0.0,B,-262.4559265547691,-0.5896624838241709,0.0031583951494913486,0.0052639992215952605,0.001052797404266276
1455,0,0.0,0.0,B,-262.62826099347853,-0.5900811837429456,0.004202963626176094,0.006304719892932856,0.0
1456,0,0.0,0.0,B,-262.82915064332815,-0.5904519273228443,0.003150076007035804,0.005250060711236297,0.001050032031882243
1457,0,0.0,0.0,B,-262.9886672969015,-0.5895113253222787,0.004202517452886393,0.006303936128164331,0.0
1458,0,0.0,0.0,B,-263.1779339997153,-0.5904638342947547,0.0031440791819759904,0.00524024186226069,0.001048015649377902
1459,0,0.0,0.0,B,-263.36663387575095,-0.5900608052173375,0.004194505799066241,0.006291658269431269,0.0
1460,0,0.0,0.0,B,-263.526402644569,-0.5896758031535433,0.0031437542894319475,0.005239770136172591,0.0010479000296937028
1461,0,0.0,0.0,B,-263.72749558450744,-0.5906208513864458,0.004183500724549312,0.006275267100854454,0.0
1462,0,0.0,0.0,B,-263.8992828969723,-0.5896743279010115,0.003141064837211064,0.0052351118567247786,0.0010470209927703992
1463,0,0.0,0.0,B,-264.0710596941807,-0.5900644781404911,0.004180092870021237,0.006270411248896524,0.0
1464,0,0.0,0.0,B,-264.27213688772815,-0.5904596421925907,0.003132790960004407,0.005221254830971419,0.0010442701009129598
1465,0,0.0,0.0,B,-264.4319465685938,-0.5895131327259273,0.004179588384472899,0.00626953479217362,0.0
1466,0,0.0,0.0,B,-264.6206130206373,-0.5904495864113388,0.003126969853681746,0.005211727869836375,0.0010423123763462576
1467,0,0.0,0.0,B,-264.80986575012287,-0.5900750899907538,0.004171519287035256,0.006257178254116417,0.0
1468,0,0.0,0.0,B,-264.9694554517674,-0.589665973890791,0.0031266921844416407,0.005211328882951877,0.001042213098145853
1469,0,0.0,0.0,B,-265.17024820585306,-0.5906165144980304,0.004160698673140154,0.0062410688751386445,0.0
1470,0,0.0,0.0,B,-265.3426373845872,-0.5896863462842679,0.0031239215359130457,0.005206536330001117,0.0010413069028685276
1471,0,0.0,0.0,B,-265.513866205949,-0.590047955618431,0.004157470778139799,0.006236475493719093,0.0
1472,0,0.0,0.0,B,-265.71511397967186,-0.5904669674789607,0.0031156954905721887,0.0051927649345021734,0.0010385713600552595
1473,0,0.0,0.0,B,-265.87523093020707,-0.5895153492792082,0.004156905293455394,0.006235502593812373,0.0
1474,0,0.0,0.0,B,-266.0632940162774,-0.5904351949693034,0.003110047838493393,0.005183525954864843,0.0010366715522072939
1475,0,0.0,0.0,B,-266.25308975553327,-0.590089212481643,0.004148782274703413,0.0062230726541241295,0.0
1476,0,0.0,0.0,B,-266.41251737294306,-0.5896565601552191,0.0031098133333382376,0.005183193073780686,0.0010365872494403155
1477,0,0.0,0.0,B,-266.61299584936467,-0.590611797092358,0.004138146710722995,0.006207245671901474,0.0
1478,0,0.0,0.0,B,-266.7859897779917,-0.5896985275878597,0.0031069622607953263,0.00517826766368158,0.0010356541399295523
1479,0,0.0,0.0,B,-266.9566806430392,-0.5900316251297858,0.0041350932376568355,0.006202906462955984,0.0
1480,0,0.0,0.0,B,-267.1580819976434,-0.5904739012672713,0.003098786555369173,0.00516458594611541,0.0010329347952053682
1481,0,0.0,0.0,B,-267.3185201569512,-0.589517968063713,0.0041344642142703255,0.006201833584174548,0.0
1482,0,0.0,0.0,B,-267.5059772249632,-0.5904206709421445,0.0030933100508339154,0.005155630976691224,0.0010310921482422812
1483,0,0.0,0.0,B,-267.6963057808035,-0.5901031634282475,0.004126290801092607,0.006189335521534833,0.0
1484,0,0.0,0.0,B,-267.8555883265691,-0.5896475633174884,0.003093114742230062,0.005155357721128173,0.001031021485374551
1485,0,0.0,0.0,B,-268.05573874104476,-0.5906067057718931,0.00411584077372654,0.006173791394770608,0.0
1486,0,0.0,0.0,B,-268.22933984019113,-0.5897108604435491,0.0030901840918289647,0.005150300987998306,0.0010300617309115993
1487,0,0.0,0.0,B,-268.3995031135388,-0.5900154954245718,0.004112956225071872,0.006169698126138403,0.0
1488,0,0.0,0.0,B,-268.60104102619323,-0.5904804419260217,0.003082061175074707,0.005136712896967352,0.0010273594135969456
1489,0,0.0,0.0,B,-268.76181402165207,-0.5895209819791697,0.004112261268334556,0.006168521944748781,0.0
1490,0,0.0,0.0,B,-268.94866288231816,-0.5904060252910239,0.003076753470918534,0.005128037904329178,0.0010255731576614441
1491,0,0.0,0.0,B,-269.1395137209497,-0.5901169337825118,0.0041040409893618734,0.006155961034772364,0.0
1492,0,0.0,0.0,B,-269.2986682250922,-0.5896389844743612,0.003076593482840542,0.005127817946737602,0.001025514829626413
1493,0,0.0,0.0,B,-269.49847710919755,-0.5906012473270467,0.004093776883945122,0.006140700075548386,0.0
1494,0,0.0,0.0,B,-269.6726873369715,-0.5897233335072349,0.003073584171989759,0.005122631538211724,0.0010245287237726913
1495,0,0.0,0.0,B,-269.84233371931646,-0.5899995750460438,0.004091055803905466,0.006136844583243752,0.0
1496,0,0.0,0.0,B,-270.0439911558567,-0.5904865881054889,0.003065516432698088,0.005109140922215083,0.0010218442432283804
1497,0,0.0,0.0,B,-270.2051122949167,-0.589524383748782,0.004090292661695493,0.006135561983896172,0.0
1498,0,0.0,0.0,B,-270.39135122110935,-0.5903912689582584,0.0030603751430317233,0.005100741813587597,0.0010201135950298373
1499,0,0.0,0.0,B,-270.5827134772307,-0.590130514713537,0.004082029044524437,0.0061229434951772035,0.0
1500,0,0.0,0.0,B,-270.7417569750154,-0.5896308244499533,0.0030602466907647397,0.005100568978722148,0.0010200663271727614
