t,phi_index,phi,phi_over_pi,sequence,x_mean,deltaP,w_loc3_inst,w_loc5_inst,P0
0,0,0.0,0.0,A,0.0,0.0,0.9999999999999998,0.9999999999999998,0.9999999999999998
1,0,0.0,0.0,A,-0.13823013287718722,-0.13823013287718722,0.9999999999999999,0.9999999999999999,0.0
2,0,0.0,0.0,A,-0.2098370752168066,-0.1049185376084033,0.9999999999999998,0.9999999999999999,0.2409864953134348
3,0,0.0,0.0,A,-0.22967509933281804,-0.07040592545933111,0.9999999999999999,0.9999999999999999,0.0
4,0,0.0,0.0,A,-0.2381285555745164,-0.058620550862133525,0.5627311812047027,1.0,0.10874852664734222
5,0,0.0,0.0,A,-0.2707739750796493,-0.06366657222281302,0.6681070613560267,0.9999999999999998,0.0
6,0,0.0,0.0,A,-0.3345155831749156,-0.07163310762214126,0.18181872048116057,0.7480887774591147,0.04960465823835269
7,0,0.0,0.0,A,-0.4084361742195592,-0.07652285439764672,0.2055187384879319,0.8087959801093654,0.0
8,0,0.0,0.0,A,-0.46623596695020114,-0.07267774907127567,0.1408889052276757,0.23605221721529157,0.04735220797082321
9,0,0.0,0.0,A,-0.4996527753916008,-0.06502670216375739,0.19040317369648632,0.2758003264613867,0.0
10,0,0.0,0.0,A,-0.5233166428770705,-0.06058071087552935,0.12649774244268874,0.23519645560254543,0.03898291479296456
11,0,0.0,0.0,A,-0.559054929186815,-0.06209526126006448,0.14926356814390132,0.2710500137719051,0.0
12,0,0.0,0.0,A,-0.6155119874971339,-0.06635727041184458,0.08556443245474013,0.16385671607644076,0.027246145724385207
13,0,0.0,0.0,A,-0.6815636614583152,-0.06951081680103316,0.10559094231597373,0.17579873225584522,0.0
14,0,0.0,0.0,A,-0.7381813393901986,-0.06813173798734296,0.07817759494735285,0.1293710734888937,0.026154202398502267
15,0,0.0,0.0,A,-0.7765173955835114,-0.06399989807808892,0.10473352991624754,0.1564532794269614,0.0
16,0,0.0,0.0,A,-0.805304201531166,-0.061031268170194664,0.07331444073520453,0.12789197450879108,0.023734686799772056
17,0,0.0,0.0,A,-0.8415694884384446,-0.061570967144547906,0.08927459593648167,0.14526768416937855,0.0
18,0,0.0,0.0,A,-0.8943074221077083,-0.06438254204432636,0.05754696949307676,0.10133378604065188,0.018778111911316425
19,0,0.0,0.0,A,-0.9565992664536955,-0.0668157530966006,0.07264634235289266,0.11287431538433765,0.0
20,0,0.0,0.0,A,-1.0129714952747808,-0.06629983285182894,0.0540695885389503,0.08979359601453077,0.01806020382835445
21,0,0.0,0.0,A,-1.054312935405523,-0.06357542166183411,0.07235470246499207,0.10849553837712633,0.0
22,0,0.0,0.0,A,-1.0860760800437343,-0.06125807095098407,0.05191365677452296,0.08859716022361439,0.01705510110722485
23,0,0.0,0.0,A,-1.1224561670725213,-0.0613339078796134,0.06456615868035699,0.10120528550999067,0.0
24,0,0.0,0.0,A,-1.1726585872502002,-0.06335007747775367,0.04354682882875407,0.07480635010831589,0.014331538151466074
25,0,0.0,0.0,A,-1.2324671378910244,-0.06536942090780434,0.05550924453181769,0.08482574660111963,0.0
26,0,0.0,0.0,A,-1.2887827066003439,-0.06529015812359062,0.04132000909587876,0.0687356321217566,0.013790593887066112
27,0,0.0,0.0,A,-1.3323270666738023,-0.06334402827742219,0.05529459715032408,0.08292848138826316,0.0
28,0,0.0,0.0,A,-1.3662434319667915,-0.06141168570244515,0.04024368661696901,0.06800794568139873,0.013303578006184057
29,0,0.0,0.0,A,-1.4026610026744124,-0.06121679498348753,0.05078295363389557,0.07827338642258412,0.0
30,0,0.0,0.0,A,-1.4509094160944684,-0.06271741784750956,0.03508070417560995,0.05962154366150346,0.011592424507838367
31,0,0.0,0.0,A,-1.5087959748308795,-0.0644540422007619,0.044955270800644334,0.06826195713167582,0.0
32,0,0.0,0.0,A,-1.5650706327702903,-0.06463579711142214,0.03343558178965622,0.05567055257313601,0.011153788450068227
33,0,0.0,0.0,A,-1.610374131012891,-0.06319601968586452,0.04474634165698649,0.06709397723373496,0.0
34,0,0.0,0.0,A,-1.6460446669992197,-0.061531384462926,0.032869070539475215,0.05525874885603613,0.010900108038402896
35,0,0.0,0.0,A,-1.6825204027051182,-0.061161817086272996,0.04191707003950853,0.06403214050537684,0.0
36,0,0.0,0.0,A,-1.729168091076132,-0.06229324434975053,0.02939399727808833,0.04967351934292388,0.009735730397184058
37,0,0.0,0.0,A,-1.7854259071427352,-0.06381449996872324,0.0377951076301547,0.05720923191865579,0.0
38,0,0.0,0.0,A,-1.8416163874016331,-0.06416633000753263,0.028079698726237907,0.04677929132885441,0.009364108815494054
39,0,0.0,0.0,A,-1.8883876275529718,-0.06308965539939326,0.037574186987705684,0.05633030284908382,0.0
40,0,0.0,0.0,A,-1.9255907033035182,-0.061631459392119115,0.02777792761876069,0.04655919518510341,0.009228391372448968
41,0,0.0,0.0,A,-1.9621822791947836,-0.06114353043639548,0.035711581112606715,0.05426245723986274,0.0
42,0,0.0,0.0,A,-2.0074769946717046,-0.0619929083669829,0.025306083076318004,0.04261857441952104,0.008394032558573015
43,0,0.0,0.0,A,-2.062277873802233,-0.06333760402894878,0.03261699895290382,0.049280838495309245,0.0
44,0,0.0,0.0,A,-2.118317207930435,-0.06380498482968877,0.024205420427425666,0.0403403332543851,0.008070257337903123
45,0,0.0,0.0,A,-2.1663399775025827,-0.06300564345470372,0.0323794624944744,0.048538670490396334,0.0
46,0,0.0,0.0,A,-2.20493912923365,-0.06171814867295533,0.024048377302682448,0.04023239221025676,0.007998227936613467
47,0,0.0,0.0,A,-2.2417194461708947,-0.061148821932370034,0.03111567382617767,0.047116894739152426,0.0
48,0,0.0,0.0,A,-2.2858541555207896,-0.06177314987825677,0.02222359744885035,0.03734244661953422,0.007378954945630878
49,0,0.0,0.0,A,-2.3393091785767033,-0.06296559214866937,0.028697609602361198,0.043307230650738,0.0
50,0,0.0,0.0,A,-2.3951208400315878,-0.06351226549246519,0.02127362653870426,0.035463969558661754,0.007091574591242277
51,0,0.0,0.0,A,-2.4442195869013936,-0.06293390402765042,0.028443267096078903,0.0426377266718251,0.0
52,0,0.0,0.0,A,-2.484122071714035,-0.061794485982368474,0.021197116332583206,0.03541872646720218,0.007055010043128538
53,0,0.0,0.0,A,-2.521169634768622,-0.06117010413061297,0.02757044560889929,0.04165068445425664,0.0
54,0,0.0,0.0,A,-2.564306659801437,-0.06160949664261406,0.019814948285901014,0.03324200761917945,0.006583971556561324
55,0,0.0,0.0,A,-2.616495334924938,-0.06266598761846659,0.025627538821344973,0.038641461880293965,0.0
56,0,0.0,0.0,A,-2.6720000598059537,-0.0632659227609016,0.01897841848067321,0.03164422231986754,0.006325648975547967
57,0,0.0,0.0,A,-2.7220226416705184,-0.0628687288209227,0.025357937039090075,0.03801415382201492,0.0
58,0,0.0,0.0,A,-2.7631584154228443,-0.061862046154393835,0.01894590470967145,0.03163076472606951,0.006308805890858781
59,0,0.0,0.0,A,-2.8005523135135504,-0.06120256612935565,0.02475009727034248,0.03732748569950941,0.0
60,0,0.0,0.0,A,-2.8428358676829615,-0.0614869960614966,0.017880080021528764,0.029960610735300017,0.005944316480197777
61,0,0.0,0.0,A,-2.8938216074913172,-0.0624191781932798,0.023157552101401347,0.03489486562751175,0.0
62,0,0.0,0.0,A,-2.9489412187903694,-0.0630525847647016,0.017133308784609707,0.028572155042560957,0.005710089219469577
63,0,0.0,0.0,A,-2.9997496777719803,-0.06280671644808833,0.022874933044093063,0.034294225502697964,0.0
64,0,0.0,0.0,A,-3.0420598030262433,-0.06192167948389515,0.01712307663050849,0.028570977258017743,0.005703739401654346
65,0,0.0,0.0,A,-3.0798767037730217,-0.06124291831212292,0.02245146842693365,0.0338190225794528,0.0
66,0,0.0,0.0,A,-3.1214397378845997,-0.06139592796487642,0.01629106124717581,0.02727324310136304,0.005418352128108494
67,0,0.0,0.0,A,-3.1712786634961505,-0.062212646881934286,0.021127193724187032,0.031819294272154366,0.0
68,0,0.0,0.0,A,-3.225938498892206,-0.06286382718261185,0.015618129339045923,0.02604848027875743,0.005204713028954736
69,0,0.0,0.0,A,-3.2774039606091083,-0.06274578737761904,0.02083404053177295,0.031237197487209704,0.0
70,0,0.0,0.0,A,-3.320833846786593,-0.06197385801851063,0.015616905322901685,0.02604722831343924,0.005203262373470902
71,0,0.0,0.0,A,-3.359145987401485,-0.06128876474295447,0.02054112748287696,0.030912598006561952,0.0
72,0,0.0,0.0,A,-3.400113988627642,-0.06132963374688011,0.014962242725640854,0.025030688471254836,0.00497809468971339
73,0,0.0,0.0,A,-3.448860161114615,-0.06203803914943007,0.01942847613838889,0.029248671639950676,0.0
74,0,0.0,0.0,A,-3.502990769607786,-0.06269415710747733,0.014351952693939655,0.02393887971348608,0.004782470849106888
75,0,0.0,0.0,A,-3.554990630676971,-0.06268467144409462,0.019127301259067902,0.02868096084697603,0.0
76,0,0.0,0.0,A,-3.599485966086698,-0.06201885384458805,0.014351510565130555,0.02392979145929145,0.004782461494398153
77,0,0.0,0.0,A,-3.6383596969204737,-0.06133826688552935,0.01892774649419918,0.028464106491005156,0.0
78,0,0.0,0.0,A,-3.6788527436813503,-0.06128333702707223,0.013834113605615268,0.023129991414776396,0.004604044056445366
79,0,0.0,0.0,A,-3.726561331461159,-0.06188956273785928,0.01798605073842802,0.0270675716455851,0.0
80,0,0.0,0.0,A,-3.7800997395491294,-0.06253990361263384,0.013278279706687426,0.022149521847628112,0.004424484543660519
81,0,0.0,0.0,A,-3.8325162012845584,-0.06262262182148143,0.017679293652215232,0.026512334425822955,0.0
82,0,0.0,0.0,A,-3.8780204937286022,-0.0620568374143996,0.013273532789129492,0.022127853266117662,0.004423768805652269
83,0,0.0,0.0,A,-3.917515167518975,-0.06138995351413956,0.017546674109792652,0.026372331901767108,0.0
84,0,0.0,0.0,A,-3.957648934064432,-0.061253466076114926,0.012864035316614845,0.02149777632301915,0.004282197426863201
85,0,0.0,0.0,A,-4.004378107559319,-0.061763063429599585,0.016745742938260453,0.02519324286082878,0.0
86,0,0.0,0.0,A,-4.057268799139799,-0.06239857132357973,0.01235646616946194,0.020612873602066165,0.004117177405144624
87,0,0.0,0.0,A,-4.109988228033206,-0.06255924557884207,0.016435720401088677,0.02464988135682292,0.0
88,0,0.0,0.0,A,-4.156441366760121,-0.06208793475891483,0.0123443450550012,0.020575906622774028,0.004114439499911566
89,0,0.0,0.0,A,-4.196608472113666,-0.06144260872220758,0.016350841437136908,0.024564037050284072,0.0
90,0,0.0,0.0,A,-4.236494577686958,-0.0612372465529889,0.012020658915180218,0.02008031771145377,0.004002241369644042
91,0,0.0,0.0,A,-4.282306573487731,-0.06165546571038488,0.01566760448084895,0.023564797053278033,0.0
92,0,0.0,0.0,A,-4.334502255484433,-0.062268445307147646,0.011556523765890407,0.019279087805816754,0.0038505345470149204
93,0,0.0,0.0,A,-4.38741506586127,-0.062494397845199556,0.015356486876617696,0.023033494166187676,0.0
94,0,0.0,0.0,A,-4.4347525671395776,-0.062112262116447936,0.011535289916941999,0.019225488961256046,0.0038450020932663522
95,0,0.0,0.0,A,-4.475635054812125,-0.061495203821726074,0.015305156761794598,0.02298488897273945,0.0
96,0,0.0,0.0,A,-4.515380995643222,-0.061232447618555785,0.01128042266716266,0.018837367810191658,0.003756413301041355
97,0,0.0,0.0,A,-4.560342611582962,-0.06156442091189274,0.014721533975825358,0.022136431706911992,0.0
98,0,0.0,0.0,A,-4.61180480225855,-0.06214833951198606,0.010855841363869245,0.01811056763464705,0.0036170062672197995
99,0,0.0,0.0,A,-4.664805672278918,-0.06242811239606705,0.01441133491618966,0.021617829315193245,0.0
100,0,0.0,0.0,A,-4.712958403589891,-0.062129947405420494,0.01082465293322494,0.01803996317425062,0.003608270015527588
101,0,0.0,0.0,A,-4.754590178846398,-0.061546854942212625,0.014382918952047099,0.021593711016223614,0.0
102,0,0.0,0.0,A,-4.794298994553969,-0.06123721896482165,0.010625277882626284,0.0177381776680729,0.0035387600110881995
103,0,0.0,0.0,A,-4.838481678553404,-0.061488078643752164,0.013884422115364657,0.020873030483928596,0.0
104,0,0.0,0.0,A,-4.889181137958843,-0.062037430855002684,0.010237047142612664,0.017078420153266816,0.0034107932238897284
105,0,0.0,0.0,A,-4.942169435788699,-0.06236055396684026,0.0135769948202298,0.020368027367420258,0.0
106,0,0.0,0.0,A,-4.991063687570729,-0.06214114360762535,0.01019567600259645,0.01699110786861697,0.0033986908648507624
107,0,0.0,0.0,A,-5.033469254325288,-0.061596796173855994,0.013563448173223684,0.020358717053083834,0.0
108,0,0.0,0.0,A,-5.0732390300030925,-0.06124998378117852,0.0100411679548759,0.016758851461045624,0.00334464055892145
109,0,0.0,0.0,A,-5.116718669548759,-0.061424934333730474,0.013138236114565771,0.01974722069018798,0.0
110,0,0.0,0.0,A,-5.166635682786017,-0.06193514638614006,0.009686573839184523,0.016160075016469124,0.003227366843297532
111,0,0.0,0.0,A,-5.219516018728532,-0.06229198400003688,0.012835273264577493,0.01925684124969338,0.0
112,0,0.0,0.0,A,-5.269073835395751,-0.062146036917699043,0.009635216099198644,0.016056824300791916,0.003211906004430213
113,0,0.0,0.0,A,-5.31226808396401,-0.061644362342870074,0.012830477064103193,0.019254971765579533,0.0
114,0,0.0,0.0,A,-5.352191358722103,-0.061269367252585305,0.009516984631095595,0.01588053949894065,0.003170384459298508
115,0,0.0,0.0,A,-5.395047844876897,-0.061373725348784824,0.012468701516272083,0.01873735356745847,0.0
116,0,0.0,0.0,A,-5.444172364651195,-0.06184108448345904,0.009193671352870636,0.015337644953038684,0.0030631393463511967
117,0,0.0,0.0,A,-5.496855209164355,-0.06222273497445774,0.012171736881149874,0.01826266014975852,0.0
118,0,0.0,0.0,A,-5.546994916704303,-0.062144851339959506,0.009132817266118552,0.01521955498588627,0.00304444524490416
119,0,0.0,0.0,A,-5.590983049778396,-0.06168897784883448,0.012171031734363307,0.018262634194833306,0.0
120,0,0.0,0.0,A,-5.6311461832085135,-0.061294148252173386,0.009043835400120218,0.01508817481208783,0.003013051354369047
121,0,0.0,0.0,A,-5.673462803057933,-0.061333359061439,0.011864374691996367,0.017826086153664593,0.0
122,0,0.0,0.0,A,-5.721794456275101,-0.061754958553127515,0.008749712012131277,0.014596771774281644,0.0029152316288963568
123,0,0.0,0.0,A,-5.7741967794032005,-0.06215319039167927,0.011574785680065881,0.017368119237827058,0.0
124,0,0.0,0.0,A,-5.824833662595684,-0.06213785076434153,0.008680054536222582,0.014465168747520154,0.002893510633286634
125,0,0.0,0.0,A,-5.869611254981859,-0.06173014933741072,0.011574636817331816,0.017365715919160484,0.0
126,0,0.0,0.0,A,-5.910093790265114,-0.06132322652694261,0.00861451885818684,0.014369571360389726,0.002870258666142384
127,0,0.0,0.0,A,-5.951956489233673,-0.061302862489547305,0.011315977242938044,0.01699936532541444,0.0
128,0,0.0,0.0,A,-5.999504452060453,-0.061676556049781506,0.008347692061012544,0.013925798050588346,0.002781306733461734
129,0,0.0,0.0,A,-6.051550350348681,-0.06208376861395315,0.011034987961114188,0.016559102129649828,0.0
130,0,0.0,0.0,A,-6.1025974425944,-0.06212533918176166,0.00827006114067599,0.013782159113147589,0.0027568204266352134
131,0,0.0,0.0,A,-6.148150630146599,-0.06176746078010947,0.011032740036513755,0.016551185807548965,0.0
132,0,0.0,0.0,A,-6.189024683703832,-0.061355600428827595,0.008223142237438353,0.013714768427336516,0.0027400557976857798
133,0,0.0,0.0,A,-6.230521231184659,-0.061281346858347185,0.010815909849423579,0.01624568680543204,0.0
134,0,0.0,0.0,A,-6.277303977430382,-0.06160570821842121,0.00798186760622468,0.013315162037823486,0.0026594482582855848
135,0,0.0,0.0,A,-6.328925261858052,-0.06201490941728616,0.010544594496466676,0.015824012478279352,0.0
136,0,0.0,0.0,A,-6.3802942170753605,-0.06210765948071034,0.007897181932016158,0.01316105786756707,0.0026324945822535275
137,0,0.0,0.0,A,-6.426600009569393,-0.061800570022484014,0.010538288629494352,0.015808313333998365,0.0
138,0,0.0,0.0,A,-6.467929710752265,-0.06139035192768216,0.007864838064511548,0.013115546089013698,0.0026208308410407876
139,0,0.0,0.0,A,-6.509148797211321,-0.06126798270836792,0.010357891507384778,0.015555545948950124,0.0
140,0,0.0,0.0,A,-6.555193725760126,-0.06154226754271863,0.007647484521423302,0.012756948655210595,0.002548070161155001
141,0,0.0,0.0,A,-6.606330449787533,-0.061947062535238684,0.010097178043487587,0.015153233637417291,0.0
142,0,0.0,0.0,A,-6.657932470189905,-0.06208519113517569,0.007556715402380234,0.0125939992636144,0.002518969433525855
143,0,0.0,0.0,A,-6.704959181880317,-0.06182920617164761,0.0100854128234051,0.015128179341188095,0.0
144,0,0.0,0.0,A,-6.746800181312801,-0.061426636700667725,0.007535551192935904,0.012565061774112533,0.0025112403917842215
145,0,0.0,0.0,A,-6.787830471398601,-0.0612619825992472,0.009936687936836198,0.01492102470993059,0.0
146,0,0.0,0.0,A,-6.833173419515228,-0.061486090878622945,0.00734057517042319,0.012244551473340637,0.002445848886213145
147,0,0.0,0.0,A,-6.883774330691699,-0.061880677727889244,0.009687362031050042,0.014538722089799543,0.0
148,0,0.0,0.0,A,-6.935521127323188,-0.06205834701301827,0.007244718973318047,0.012074391597905854,0.002414933235859554
149,0,0.0,0.0,A,-6.983228917773475,-0.06185316739533725,0.009669186069238748,0.014503306420972037,0.0
150,0,0.0,0.0,A,-7.025627979030072,-0.06146367777343398,0.007231876612298257,0.0120575739723051,0.002410156054402688
151,0,0.0,0.0,A,-7.066557142595698,-0.061262589374846466,0.009547904428684164,0.014335476886979007,0.0
152,0,0.0,0.0,A,-7.111241793110514,-0.06143702688951802,0.007057803411564149,0.011772414935033174,0.0023516716180649747
153,0,0.0,0.0,A,-7.161264695269107,-0.061816196076219854,0.009310613710338454,0.013973697544105114,0.0
154,0,0.0,0.0,A,-7.213069460459287,-0.062027569483212086,0.006957860183849655,0.011596666526420371,0.0023192768689628135
155,0,0.0,0.0,A,-7.26141097704222,-0.06187231883943278,0.009285441168605928,0.013927376109863051,0.0
156,0,0.0,0.0,A,-7.304405663052208,-0.061500761636779366,0.006950934439506715,0.011588229616837848,0.0023166231818223353
157,0,0.0,0.0,A,-7.345319403972573,-0.061269068554686335,0.009187825938952262,0.013793285349362227,0.0
158,0,0.0,0.0,A,-7.389396595539356,-0.06139490681556975,0.0067963449967124645,0.011335835408035235,0.002264596357013152
159,0,0.0,0.0,A,-7.438808611670154,-0.06175404230973891,0.00896308458550487,0.013452403910550258,0.0
160,0,0.0,0.0,A,-7.490586984396372,-0.06199332596808649,0.006693301650542381,0.011156085488197895,0.002231055701975531
161,0,0.0,0.0,A,-7.539508096695895,-0.061886590463445246,0.008930627674019035,0.013395010008228778,0.0
162,0,0.0,0.0,A,-7.583126559385196,-0.06153723606412176,0.006690272507567485,0.011152898635675638,0.0022298287033608163
163,0,0.0,0.0,A,-7.624107660373239,-0.06128070381709766,0.00885329228984949,0.013289672695545294,0.0
164,0,0.0,0.0,A,-7.667634611122983,-0.06135953788628862,0.0065537942629068854,0.01093080594968713,0.0021838207743741737
165,0,0.0,0.0,A,-7.716412339738733,-0.0616946180454756,0.008641485980152328,0.012969922936412158,0.0
166,0,0.0,0.0,A,-7.7680833464567804,-0.061956104065702844,0.006448611201685595,0.010748588637217445,0.0021494597865864703
167,0,0.0,0.0,A,-7.817523961717466,-0.061895974658969566,0.00860170016122408,0.012901598591828135,0.0
168,0,0.0,0.0,A,-7.861784840810143,-0.061572509062404523,0.006447789693785126,0.010748043888509442,0.002149075787899156
169,0,0.0,0.0,A,-7.902912240935749,-0.061296794811619426,0.00854159977775949,0.012820552068976313,0.0
170,0,0.0,0.0,A,-7.945951696881931,-0.06133069887133735,0.00632809059335329,0.0105538939447806,0.0021086576687010866
171,0,0.0,0.0,A,-7.994081257166082,-0.061638295862376624,0.008342991031394164,0.01252202744127949,0.0
172,0,0.0,0.0,A,-8.045568212121657,-0.06191640635349527,0.006221691000932077,0.0103706757986941,0.0020737903368492905
173,0,0.0,0.0,A,-8.095463159922389,-0.06190052356363268,0.008296029867259427,0.012443166037858626,0.0
174,0,0.0,0.0,A,-8.140375594445189,-0.06160604853455598,0.006221675013081903,0.010370617961087692,0.002073763706481935
175,0,0.0,0.0,A,-8.181723514637003,-0.06131665672631992,0.008250422869761777,0.012382408499886663,0.0
176,0,0.0,0.0,A,-8.224342835088004,-0.06130813739120261,0.006117459909655464,0.010202143742336429,0.0020385154403071075
177,0,0.0,0.0,A,-8.271819798407446,-0.061585414164777974,0.00806515678264151,0.012105064663025595,0.0
178,0,0.0,0.0,A,-8.323051148854416,-0.06187474497452872,0.006010721152401921,0.01001931181992479,0.0020034410064267336
179,0,0.0,0.0,A,-8.37333112235632,-0.06190034601850858,0.00801133420614612,0.012016262550684675,0.0
180,0,0.0,0.0,A,-8.418894876176125,-0.061637382335992696,0.006010358823012348,0.010017980564503516,0.00200337169193791
181,0,0.0,0.0,A,-8.460532006570997,-0.0613396211680019,0.00797775134296732,0.011972203698015632,0.0
182,0,0.0,0.0,A,-8.502802199552875,-0.06129156869631536,0.0059203677111959,0.009872998499976462,0.0019728824204914563
183,0,0.0,0.0,A,-8.549631407057557,-0.06153627280715768,0.007805861718363675,0.01171586273428396,0.0
184,0,0.0,0.0,A,-8.600541510234603,-0.06183163610049247,0.005814114460943359,0.009691850693613125,0.0019378828634823075
185,0,0.0,0.0,A,-8.65113405069043,-0.061895604143991645,0.007745620101059737,0.01161787790165593,0.0
186,0,0.0,0.0,A,-8.697339751343215,-0.061666098484173815,0.00581247342590578,0.009687831901415764,0.0019374459014494467
187,0,0.0,0.0,A,-8.739328512904407,-0.06136503800792015,0.007721839411672543,0.011587299038776828,0.0
188,0,0.0,0.0,A,-8.781323234171643,-0.06128067568340112,0.005735481070441003,0.009564236927930393,0.0019113141901601614
189,0,0.0,0.0,A,-8.827518502209731,-0.06149112946328211,0.0075632552750747786,0.011351655095643537,0.0
190,0,0.0,0.0,A,-8.878048322395173,-0.06178759435973269,0.005630479865250237,0.009385974263311996,0.0018766522418949467
191,0,0.0,0.0,A,-8.928878833122628,-0.06188650953018271,0.007497138093982916,0.011245371489733216,0.0
192,0,0.0,0.0,A,-8.97570832125162,-0.061691845337673024,0.0056268210293301205,0.009378158520886635,0.0018755888101217254
193,0,0.0,0.0,A,-9.01810421258082,-0.06139227791462615,0.007481164245590063,0.011225392794200402,0.0
194,0,0.0,0.0,A,-9.05989874218575,-0.06127510995978108,0.005561637636637882,0.00927392169433328,0.001853423237556618
195,0,0.0,0.0,A,-9.105482459136766,-0.06145019672839336,0.007335716721815287,0.01101001893989947,0.0
196,0,0.0,0.0,A,-9.15558017462601,-0.061743127313499624,0.005458592671819031,0.009099642354355808,0.0018193408489930404
197,0,0.0,0.0,A,-9.20657295035004,-0.0618733190544799,0.007264344934934097,0.010896415381172163,0.0
198,0,0.0,0.0,A,-9.253999735262461,-0.06171433160536327,0.005452347518162212,0.009087189026555564,0.001817450525478304
199,0,0.0,0.0,A,-9.29685077397672,-0.061420735346886024,0.007254391908213367,0.01088446861348078,0.0
200,0,0.0,0.0,A,-9.338520984567882,-0.06127449379573996,0.005397820169834896,0.00900035703371222,0.0017988704616211512
201,0,0.0,0.0,A,-9.383523604439745,-0.06141363994486021,0.007121821430205105,0.010688824721378724,0.0
202,0,0.0,0.0,A,-9.433145115873542,-0.06169873005870408,0.005297370164095504,0.00883105192874421,0.0017655876575133956
203,0,0.0,0.0,A,-9.484224373240366,-0.06185633035238197,0.007045872896265612,0.010568947628908759,0.0
204,0,0.0,0.0,A,-9.532214188417804,-0.061733326081070516,0.005288120853795528,0.008813357622486872,0.0017627216320560252
205,0,0.0,0.0,A,-9.575560454849791,-0.0614498318186959,0.007040349205596095,0.01056275296015518,0.0
206,0,0.0,0.0,A,-9.617181785874402,-0.06127842282582735,0.005243135473262811,0.00874205367587392,0.0017473581430880968
207,0,0.0,0.0,A,-9.661641225611417,-0.06138157574081182,0.006920313016496347,0.010386194457341187,0.0
208,0,0.0,0.0,A,-9.71075055872258,-0.06165488003051128,0.005145851491147314,0.008578603419991771,0.0017150722186167638
209,0,0.0,0.0,A,-9.761841453881846,-0.06183587697816223,0.006840504460161902,0.010261133795169367,0.0
210,0,0.0,0.0,A,-9.810352904750822,-0.0617486570270232,0.005133313185381886,0.008555273941128023,0.0017111272639995642
211,0,0.0,0.0,A,-9.854226194067799,-0.06147901927893351,0.006838000279167741,0.010258679735299217,0.0
212,0,0.0,0.0,A,-9.895872645861873,-0.06128646937477966,0.00509679684984859,0.008497699640890467,0.0016986240914968285
213,0,0.0,0.0,A,-9.93983359476507,-0.061354071268521104,0.00673008018256724,0.01010046706471399,0.0
214,0,0.0,0.0,A,-9.988403192295223,-0.06161203207288668,0.005003180986601229,0.008340872819836755,0.0016675091143281058
215,0,0.0,0.0,A,-10.039432811735216,-0.061812323300586836,0.006647151328748441,0.009971335066020052,0.0
216,0,0.0,0.0,A,-10.088418106629886,-0.06176021115247271,0.004987185960201379,0.008311697942743682,0.0016624221701977233
217,0,0.0,0.0,A,-10.132841693764929,-0.06150778347269803,0.006646427034185904,0.00997086070837169,0.0
218,0,0.0,0.0,A,-10.174584855128863,-0.06129818629452294,0.004958109402371047,0.008266135768013992,0.0016524367409836817
219,0,0.0,0.0,A,-10.218098006082691,-0.0613311441252582,0.006550137341951539,0.009830169363686771,0.0
220,0,0.0,0.0,A,-10.266108905335336,-0.0615706138396413,0.004868594254311019,0.008116588401864064,0.001622643329264162
221,0,0.0,0.0,A,-10.317007216637604,-0.06178605918550384,0.006464836933744255,0.009698081697266851,0.0
222,0,0.0,0.0,A,-10.36641297067617,-0.06176793215316895,0.004849077473378389,0.008081518936601879,0.0016163865869973492
223,0,0.0,0.0,A,-10.411401490741898,-0.06153564717166976,0.0064648126909574305,0.009698060674473314,0.0
224,0,0.0,0.0,A,-10.453309613026235,-0.061313111206776405,0.004826457643680308,0.008046335090659202,0.00160859101677317
225,0,0.0,0.0,A,-10.49643082634985,-0.0613127629344829,0.006379608313682231,0.0095739916743227,0.0
226,0,0.0,0.0,A,-10.543872720574637,-0.06153102158253043,0.004741406498459718,0.007904611205029591,0.0015802463682991754
227,0,0.0,0.0,A,-10.594573470417291,-0.06175749452220369,0.006292681795908229,0.009440050797841229,0.0
228,0,0.0,0.0,A,-10.644341570980016,-0.06177181879384497,0.004718392414086349,0.007863737973208749,0.0015728227721066657
229,0,0.0,0.0,A,-10.689901016106644,-0.06156217317810486,0.00629242789537125,0.009439176483716461,0.0
230,0,0.0,0.0,A,-10.732038146079836,-0.06133077105209872,0.004701294995725198,0.007837385356401437,0.0015669048317859503
231,0,0.0,0.0,A,-10.774827557763796,-0.06129884855988921,0.006217712517254836,0.00933076715778815,0.0
232,0,0.0,0.0,A,-10.821698741289273,-0.061493616376568694,0.004621002684106571,0.007703918582377653,0.0015401129827162007
233,0,0.0,0.0,A,-10.872140288867893,-0.061727053654072994,0.0061298912176415265,0.009196047661355528,0.0
234,0,0.0,0.0,A,-10.92220881051336,-0.06177192253005259,0.004594593055366516,0.0076574530099019706,0.0015315520829997415
235,0,0.0,0.0,A,-10.968336642340711,-0.06158696702222943,0.006128618940325332,0.00919321926305226,0.0
236,0,0.0,0.0,A,-11.01076182519002,-0.06135068685147105,0.004582134842669485,0.0076384741348780386,0.0015272161016696576
237,0,0.0,0.0,A,-11.053282912035419,-0.061289275919272024,0.006063753218126281,0.009099454227680784,0.0
238,0,0.0,0.0,A,-11.099590110764858,-0.0614587208259294,0.004506829197903153,0.007513590261045756,0.0015020583951493697
239,0,0.0,0.0,A,-11.149716185798594,-0.061695169776373016,0.005975744895139703,0.008964990014625775,0.0
240,0,0.0,0.0,A,-11.200020341796826,-0.06176834467801329,0.004477191804446024,0.007461846370634011,0.001492412506168636
241,0,0.0,0.0,A,-11.246705717173546,-0.06160967928640598,0.005972797738838385,0.00895929928627984,0.0
242,0,0.0,0.0,A,-11.289472279915472,-0.06137237859119321,0.004468542870528573,0.007448876068187542,0.0014893801889736464
243,0,0.0,0.0,A,-11.331790894652306,-0.061283876359645884,0.005917107463394369,0.008879121492035631,0.0
244,0,0.0,0.0,A,-11.377548985187248,-0.061426616286649305,0.004398386743897463,0.007332796469225628,0.0014659159352486708
245,0,0.0,0.0,A,-11.427309360824207,-0.0616622793650764,0.0058295881168286285,0.008745894675096311,0.0
246,0,0.0,0.0,A,-11.477782478023983,-0.06176123315188414,0.004365744884901696,0.007276174113229429,0.0014552565615596064
247,0,0.0,0.0,A,-11.525006583848045,-0.06163000750193626,0.005824433259276624,0.008736613053607505,0.0
248,0,0.0,0.0,A,-11.568161508211318,-0.061395370146342665,0.004360130478215167,0.0072679419056530525,0.0014532677046982284
249,0,0.0,0.0,A,-11.610344898034608,-0.06128244054970916,0.00577721741790883,0.008668934792294004,0.0
250,0,0.0,0.0,A,-11.6555765202737,-0.06139754063493563,0.004295224260480137,0.007160787771639063,0.0014315350149674989
251,0,0.0,0.0,A,-11.704927592485276,-0.06162881670065318,0.005690824277910886,0.008537866205689368,0.0
252,0,0.0,0.0,A,-11.755502095971998,-0.061750778797157235,0.004259846964816586,0.00709975699000508,0.001419949520672425
253,0,0.0,0.0,A,-11.803238587564827,-0.06164769757598865,0.005683044187831646,0.008524432225098307,0.0
254,0,0.0,0.0,A,-11.846821980076545,-0.06141919416254549,0.004256549086117102,0.007095089033425872,0.001418762609211053
255,0,0.0,0.0,A,-11.888937802198242,-0.06128472184075995,0.005643582866678561,0.008468145988769982,0.0
256,0,0.0,0.0,A,-11.93367287175455,-0.06137168660222925,0.004196933684910049,0.0069968863228740685,0.0013987793857790963
257,0,0.0,0.0,A,-11.982578138193794,-0.061595208549610425,0.005558908490734699,0.00834008723188944,0.0
258,0,0.0,0.0,A,-12.033186532135389,-0.06173721135696891,0.004159126578927362,0.006931972745024731,0.0013863678879914329
259,0,0.0,0.0,A,-12.081402068098507,-0.06166254471709909,0.005548192626612005,0.008322094117869811,0.0
260,0,0.0,0.0,A,-12.125446733669216,-0.061443396820510254,0.004157485200932153,0.006929793263655238,0.0013857605654039136
261,0,0.0,0.0,A,-12.167562081443306,-0.06129044004265105,0.005515754693513729,0.00827608320811739,0.0
262,0,0.0,0.0,A,-12.211837209611062,-0.06134920069040345,0.004103145423956201,0.006840478301778153,0.0013675256307871164
263,0,0.0,0.0,A,-12.26026764238691,-0.061561869064519215,0.005433342110400903,0.008151810146525478,0.0
264,0,0.0,0.0,A,-12.310843473605187,-0.06172079511493078,0.004063242219697706,0.006772249536893589,0.0013543981043231757
265,0,0.0,0.0,A,-12.359498338779472,-0.06167439383807383,0.005419478670058053,0.008128993528979044,0.0
266,0,0.0,0.0,A,-12.404029462571525,-0.06146754241279462,0.004062656121399159,0.0067715816910774865,0.001354167505611271
267,0,0.0,0.0,A,-12.44620991551026,-0.06129928555742681,0.005393329180970645,0.008092142320875271,0.0
268,0,0.0,0.0,A,-12.490067745775114,-0.06133018267266643,0.004013524414866674,0.0066910073331531705,0.0013376618532239596
269,0,0.0,0.0,A,-12.538002054138161,-0.061529194960271594,0.005313668026824618,0.007972349976248058,0.0
270,0,0.0,0.0,A,-12.588480845280115,-0.06170182426381521,0.003971878993815617,0.006620060312504834,0.0013239354377472686
271,0,0.0,0.0,A,-12.637529652234369,-0.061683139424993205,0.0052965357298229605,0.00794457568749803,0.0
272,0,0.0,0.0,A,-12.682564593025841,-0.061491217667664966,0.003971806190265796,0.006620026459332623,0.0013238983807194542
273,0,0.0,0.0,A,-12.724873303594432,-0.06131092381000158,0.005275943004816807,0.007915779459294418,0.0
274,0,0.0,0.0,A,-12.768361774803306,-0.06131468567797538,0.00392776668153167,0.006547968737612668,0.0013090865296939336
275,0,0.0,0.0,A,-12.815786555329538,-0.061497561020511515,0.0051994666000986164,0.0078010782227785,0.0
276,0,0.0,0.0,A,-12.866106695036654,-0.06168061805403502,0.0038847457579731168,0.006474917986526753,0.001294883033630252
277,0,0.0,0.0,A,-12.915499153466397,-0.06168872487038213,0.005179026500284281,0.007768330172652414,0.0
278,0,0.0,0.0,A,-12.96104735011958,-0.06151403576071157,0.003884703514444925,0.0064747393069677535,0.001294876065438405
279,0,0.0,0.0,A,-13.003544179579887,-0.06132499991267881,0.005163268818900437,0.0077465044195650316,0.0
280,0,0.0,0.0,A,-13.046715726851941,-0.06130271684915156,0.003845596307420535,0.006410904478456913,0.0012817075020730866
281,0,0.0,0.0,A,-13.093625500324205,-0.06146731598360938,0.005090352136787939,0.007637417523666334,0.0
282,0,0.0,0.0,A,-13.143729078502286,-0.06165751577939471,0.003801572661844671,0.006336371305193223,0.0012671510998041474
283,0,0.0,0.0,A,-13.193410821036636,-0.06169114127747294,0.005066639474611164,0.0075997856618033426,0.0
284,0,0.0,0.0,A,-13.239473812063343,-0.06153563996107758,0.003801137088696713,0.006335366785370588,0.0012670303981736027
285,0,0.0,0.0,A,-13.282214526849154,-0.06134114349850961,0.00505501134464321,0.007583874819997632,0.0
286,0,0.0,0.0,A,-13.325125232106702,-0.06129423855750621,0.003766762760466956,0.006279398697180059,0.001255441086497146
287,0,0.0,0.0,A,-13.37152236790601,-0.061438778852325626,0.00498596982173706,0.007480837003092614,0.0
288,0,0.0,0.0,A,-13.421355945069692,-0.06163287166009124,0.0037221090376285825,0.006204001292310806,0.0012406562068005226
289,0,0.0,0.0,A,-13.471269397275055,-0.061690425750814404,0.004959085935703026,0.007438505393852714,0.0
290,0,0.0,0.0,A,-13.517840951887553,-0.061555706865745075,0.003720914268999647,0.006201586058901774,0.0012402973375476838
291,0,0.0,0.0,A,-13.560876491043068,-0.06135897365750842,0.004950903894264192,0.007427490908985887,0.0
292,0,0.0,0.0,A,-13.603585195660756,-0.061289170149742334,0.003691038516189324,0.00615307374782103,0.0012302112815643705
293,0,0.0,0.0,A,-13.649479726069043,-0.06141223566550763,0.004885993033878629,0.00733084820440674,0.0
294,0,0.0,0.0,A,-13.698995026759333,-0.061607049684418214,0.0036461215848911806,0.006077418191235755,0.0012153206861347805
295,0,0.0,0.0,A,-13.749080308601263,-0.06168665919623284,0.0048560973580280085,0.007284083251393647,0.0
296,0,0.0,0.0,A,-13.796146666068623,-0.061573949182237686,0.0036438585505590825,0.006073101212125691,0.001214618220551784
297,0,0.0,0.0,A,-13.83952248918647,-0.06137810390957704,0.004850705268978022,0.007276990934734431,0.0
298,0,0.0,0.0,A,-13.882089881691023,-0.0612873901962544,0.003618216934460056,0.006031586655635682,0.0012059490609159413
299,0,0.0,0.0,A,-13.927499210049596,-0.06138793676386872,0.004790120986008446,0.0071870015135208284,0.0
300,0,0.0,0.0,A,-13.976653731485381,-0.06158041847112239,0.003573392807176974,0.005956258829615268,0.0011910721121931732
301,0,0.0,0.0,A,-14.026849577170768,-0.061679963660294046,0.004757423165964721,0.0071361403794316216,0.0
302,0,0.0,0.0,A,-14.074389789789596,-0.061590118027290974,0.0035698076125535477,0.005949640000950676,0.0011899391096922478
303,0,0.0,0.0,A,-14.11814531366073,-0.06139814714864317,0.004754196983330288,0.007132047003575094,0.0
304,0,0.0,0.0,A,-14.160633005655967,-0.06128873920381522,0.0035481103528649956,0.005914625938153876,0.001182591737860822
305,0,0.0,0.0,A,-14.205581513798322,-0.06136609457523445,0.00469807663801293,0.007048882996740917,0.0
306,0,0.0,0.0,A,-14.25433904220432,-0.061553346213890525,0.0035037196632470473,0.0058401843444877335,0.0011678428553943527
307,0,0.0,0.0,A,-14.304583725178968,-0.06167049924588097,0.004662828802114577,0.006994322270412573,0.0
308,0,0.0,0.0,A,-14.352570098734542,-0.061604004716458605,0.0034986115975559054,0.005830950994214015,0.001166210218444964
309,0,0.0,0.0,A,-14.396738229587797,-0.06141872049400976,0.004661180774963128,0.0069923613658575915,0.0
310,0,0.0,0.0,A,-14.4392078331324,-0.06129302275006432,0.0034805483658263527,0.005801908737101062,0.0011600823917860454
311,0,0.0,0.0,A,-14.483726394894967,-0.061346881937671016,0.004609604840978324,0.006916111588662989,0.0
312,0,0.0,0.0,A,-14.532057423329613,-0.06152619576807661,0.0034369124011424373,0.0057288782143343105,0.0011455696960649998
313,0,0.0,0.0,A,-14.582289673251115,-0.061658460646281166,0.004572094065539956,0.006858296255121377,0.0
314,0,0.0,0.0,A,-14.630688297512425,-0.06161544202715474,0.0034301315983422584,0.005716801060205193,0.001143385405922122
315,0,0.0,0.0,A,-14.675295064298915,-0.0614394499871766,0.004571476365779933,0.006857663078387993,0.0
316,0,0.0,0.0,A,-14.71780728382225,-0.0613000149922846,0.0034153762638396475,0.0056931782183133415,0.001138369347816505
317,0,0.0,0.0,A,-14.76193269271393,-0.06133043097178004,0.00452447067627197,0.00678833657585735,0.0
318,0,0.0,0.0,A,-14.809814735681792,-0.061499319937526886,0.0033727935477429814,0.005622044552217331,0.0011241934899513853
319,0,0.0,0.0,A,-14.859974634422423,-0.06164407334518368,0.004485011685262901,0.00672774934716221,0.0
320,0,0.0,0.0,A,-14.90874599499816,-0.06162430492523707,0.0033642383287176914,0.00560697315914868,0.0011214217329619663
321,0,0.0,0.0,A,-14.953810287682327,-0.06145997507544826,0.0044849194459673876,0.00672770500060099,0.0
322,0,0.0,0.0,A,-14.996424039196736,-0.061309462498711664,0.0033524536114879957,0.0055882012039774895,0.0011174057026240825
323,0,0.0,0.0,A,-15.040198359458078,-0.061316832506203844,0.004442457959299534,0.006665235330565444,0.0
324,0,0.0,0.0,A,-15.087616161108372,-0.061473057016307786,0.003311197030268791,0.00551940662050317,0.0011036588775410801
325,0,0.0,0.0,A,-15.137646005263242,-0.06162758953420888,0.004401386098842585,0.006602386395523094,0.0
326,0,0.0,0.0,A,-15.18674566706522,-0.06163051075278675,0.0033008109582059277,0.005501264408032943,0.001100279072924962
327,0,0.0,0.0,A,-15.232279082348327,-0.06147995282739005,0.004401359856849824,0.006602261088410449,0.0
328,0,0.0,0.0,A,-15.275050652204706,-0.06132108834712707,0.0032916529464974463,0.005486766007538289,0.001097148890484892
329,0,0.0,0.0,A,-15.31852050349601,-0.06130613605318119,0.004363367882395309,0.006546511255824914,0.0
330,0,0.0,0.0,A,-15.365466137761308,-0.061447726636336686,0.0032519674093793986,0.005420705533069602,0.0010839140304324574
331,0,0.0,0.0,A,-15.415311255735745,-0.061609283803014336,0.004321032409608178,0.006481928505419506,0.0
332,0,0.0,0.0,A,-15.464690607363746,-0.06163401888218506,0.003239736093099497,0.005399484388592433,0.001079919771362675
333,0,0.0,0.0,A,-15.510697402702727,-0.06149906182963,0.004320659952267628,0.006481123955245142,0.0
334,0,0.0,0.0,A,-15.553679657453001,-0.06133459643277245,0.0032328585851073375,0.005388680446639768,0.0010775602846858163
335,0,0.0,0.0,A,-15.596895444262964,-0.06129835032390518,0.0042870177753443865,0.00643189190954873,0.0
336,0,0.0,0.0,A,-15.643368306857775,-0.06142362596742379,0.0031949592062691804,0.005325699115513588,0.00106491042889996
337,0,0.0,0.0,A,-15.692977819372697,-0.06158944865956145,0.004243775499293557,0.00636611169241256,0.0
338,0,0.0,0.0,A,-15.742584866965014,-0.06163482984880708,0.0031809068885534993,0.005301453672897435,0.0010603083494544665
339,0,0.0,0.0,A,-15.789062022188649,-0.06151700571952479,0.004242693121227596,0.006364102674351099,0.0
340,0,0.0,0.0,A,-15.832303680274027,-0.061349675925713054,0.0031759655215484496,0.005293770013668955,0.0010586048302206347
341,0,0.0,0.0,A,-15.875318777826724,-0.061293444266547925,0.004213239965485683,0.006321127280295135,0.0
342,0,0.0,0.0,A,-15.921325471576548,-0.061401026311147855,0.0031400363085190737,0.005234160897846187,0.0010466026655866398
343,0,0.0,0.0,A,-15.970652985353748,-0.06156838993985414,0.004169449275512452,0.006254685738873883,0.0
344,0,0.0,0.0,A,-16.020433183848702,-0.06163298398158956,0.0031242222782144405,0.005207002544026376,0.0010414112467094054
345,0,0.0,0.0,A,-16.06737056813374,-0.06153351631376358,0.004167342457082551,0.006251020800199968,0.0
346,0,0.0,0.0,A,-16.11091554312219,-0.061366005816701485,0.0031208784115282274,0.005201876186985295,0.0010402507044176084
347,0,0.0,0.0,A,-16.153785452068544,-0.06129134860324653,0.004141880722299405,0.00621398819192432,0.0
348,0,0.0,0.0,A,-16.19933956856247,-0.06138017012436958,0.0030870714415106863,0.005145879217599096,0.0010289482709347293
349,0,0.0,0.0,A,-16.248343794013365,-0.06154642216728995,0.004097896035815797,0.006147413225356542,0.0
350,0,0.0,0.0,A,-16.298240903347647,-0.06162855955726776,0.0030695863093756874,0.00511596989180095,0.001023196598930401
351,0,0.0,0.0,A,-16.34562154382255,-0.061548356298996965,0.004094499560553215,0.006141714589922292,0.0
352,0,0.0,0.0,A,-16.389508367792935,-0.061383259490330966,0.0030675106313826344,0.005112854868853952,0.001022469002727029
353,0,0.0,0.0,A,-16.432289850302126,-0.06129195783617014,0.004072799273919444,0.006110264818162639,0.0
354,0,0.0,0.0,A,-16.477411652324804,-0.06136126850214074,0.003035945693993124,0.005060656414262291,0.0010119075565576232
355,0,0.0,0.0,A,-16.526056937253113,-0.06152386392176773,0.004028965932059971,0.0060440687124383875,0.0
356,0,0.0,0.0,A,-16.57601389078871,-0.061621670510177584,0.0030169075729001077,0.005028202265652124,0.0010056340478534873
357,0,0.0,0.0,A,-16.6238143376035,-0.06156132145694604,0.004024063465584226,0.00603603140820129,0.0
358,0,0.0,0.0,A,-16.668075672030948,-0.061401109264852705,0.0030157834060208404,0.005026574938547305,0.001005233447385784
359,0,0.0,0.0,A,-16.710825882038048,-0.06129513268706488,0.0040058668851935195,0.006009765291383184,0.0
360,0,0.0,0.0,A,-16.755541892625654,-0.061344499143368925,0.0029865480879580327,0.004978308098597667,0.0009954434732766032
361,0,0.0,0.0,A,-16.80379866524873,-0.06150103327783607,0.003962516520543404,0.005944438051219993,0.0
362,0,0.0,0.0,A,-16.853758437669683,-0.06161246373507101,0.002966098718194827,0.004943553068432258,0.0009886945792226647
363,0,0.0,0.0,A,-16.901949219028367,-0.06157224240310483,0.003955939678391738,0.0059338283011115146,0.0
364,0,0.0,0.0,A,-16.946611459186443,-0.06141923083938994,0.0029656250000066795,0.004942916911109296,0.0009885201170817906
365,0,0.0,0.0,A,-16.989387079509232,-0.06130070292952483,0.003940965988792726,0.005912314392739806,0.0
366,0,0.0,0.0,A,-17.033729584765155,-0.061330004815955186,0.002938775184359336,0.0048986624826876475,0.0009795214810047633
367,0,0.0,0.0,A,-17.08157470073796,-0.06147824336951646,0.003898412384887467,0.0058483178029551065,0.0
368,0,0.0,0.0,A,-17.13148116279623,-0.061601116025355895,0.002917076044402064,0.00486188187645951,0.0009723503863532979
369,0,0.0,0.0,A,-17.18002732221192,-0.06158098582498406,0.003890039321165313,0.0058349707260466925,0.0
370,0,0.0,0.0,A,-17.225110299690872,-0.06143730759145327,0.0029169699671261107,0.004861771693953663,0.0009723071960761334
371,0,0.0,0.0,A,-17.267966698499574,-0.06130847056867528,0.003877989362489879,0.005817752313224756,0.0
372,0,0.0,0.0,A,-17.31197317248461,-0.061317892331323065,0.0028925307174388066,0.004821559758627884,0.0009641094280678838
373,0,0.0,0.0,A,-17.35939016205621,-0.0614557981369902,0.003836524819983776,0.005755514750325897,0.0
374,0,0.0,0.0,A,-17.40918890986456,-0.061587830693483614,0.002869759159715089,0.004783053872329015,0.000956574756484685
375,0,0.0,0.0,A,-17.458050616781854,-0.061587455212778086,0.0038262783727766128,0.005739331426218971,0.0
376,0,0.0,0.0,A,-17.503567403252358,-0.061455034670544695,0.0028697584546134866,0.004783039434840682,0.0009565747415151136
377,0,0.0,0.0,A,-17.546557821968836,-0.06131821331906695,0.003816839347116815,0.0057259334773107065,0.0
378,0,0.0,0.0,A,-17.590270283026378,-0.06130823203139679,0.002847725251509194,0.004746851515597405,0.0009491774379148163
379,0,0.0,0.0,A,-17.637249495949426,-0.06143398830717711,0.0037767315665353154,0.005665845484695052,0.0
380,0,0.0,0.0,A,-17.68688864301376,-0.061572833923811354,0.0028240707013661914,0.0047069393780940945,0.0009413419774347224
381,0,0.0,0.0,A,-17.73602186696812,-0.061591591082266306,0.003764576999558477,0.00564678943928336,0.0
382,0,0.0,0.0,A,-17.781978680815374,-0.061472122837227694,0.002823935558877386,0.004706628455891485,0.0009413044678868701
383,0,0.0,0.0,A,-17.825153464937056,-0.061329688328406184,0.003757427100903496,0.0056367254226290684,0.0
384,0,0.0,0.0,A,-17.86861777371555,-0.06130105778427086,0.0028042758550216253,0.00467440018666848,0.0009346978014945935
385,0,0.0,0.0,A,-17.91515642104163,-0.06141308765638187,0.0037189165868080796,0.005579136055309736,0.0
386,0,0.0,0.0,A,-17.96458734189006,-0.06155637091113664,0.002779936109385967,0.004633413477347427,0.0009266272622529643
387,0,0.0,0.0,A,-18.013944579548543,-0.061593370696591876,0.003704858969782801,0.0055572292304940235,0.0
388,0,0.0,0.0,A,-18.06034079548627,-0.06148830200126326,0.0027794507301010206,0.004632454269191007,0.0009264795477551982
389,0,0.0,0.0,A,-18.103746679087553,-0.06134263609231205,0.0036996718869202055,0.00555000773066509,0.0
390,0,0.0,0.0,A,-18.147011789268326,-0.06129636747812128,0.0027621057876176334,0.00460407851817682,0.0009206448738684134
391,0,0.0,0.0,A,-18.19311388267356,-0.06139334959873721,0.003662969873203159,0.005495221667929108,0.0
392,0,0.0,0.0,A,-18.24229189775804,-0.06153870184019583,0.0027372834477183434,0.00456235571554563,0.0009124066897297626
393,0,0.0,0.0,A,-18.291822941524053,-0.06159280730021455,0.003647051145910708,0.005470539941473097,0.0
394,0,0.0,0.0,A,-18.33865120179469,-0.06150332441720213,0.002736257223511846,0.00456043867023184,0.0009120844280428714
395,0,0.0,0.0,A,-18.382330655564253,-0.06135678450363441,0.0036435003912080773,0.005465671004746334,0.0
396,0,0.0,0.0,A,-18.425447828879314,-0.06129412399645068,0.0027211441966503614,0.0045357690557804335,0.0009069949738859443
397,0,0.0,0.0,A,-18.4711240196554,-0.06137500413916053,0.0036087872821726984,0.005413946421721813,0.0
398,0,0.0,0.0,A,-18.520009012166405,-0.06152009776273476,0.0026960432667083537,0.0044936498686469,0.0008986571587627679
399,0,0.0,0.0,A,-18.56966174853966,-0.061589948884701595,0.0035910830490370927,0.0053866147462026965,0.0
400,0,0.0,0.0,A,-18.61690817283566,-0.0615169675011103,0.0026943115954363404,0.004490508905989092,0.0008981046612435384
401,0,0.0,0.0,A,-18.660898824478092,-0.06137185297898995,0.0035888460699100037,0.005383615892690707,0.0
402,0,0.0,0.0,A,-18.703920822006395,-0.061294256651595436,0.002681325820363538,0.004469363642508243,0.0008937262859902457
403,0,0.0,0.0,A,-18.74918814329803,-0.061358255224082,0.0035562703868489386,0.005335163074551413,0.0
404,0,0.0,0.0,A,-18.797745099625445,-0.06150083642927412,0.002656148501372108,0.004427183770789493,0.0008853563547126305
405,0,0.0,0.0,A,-18.84746632519325,-0.061584876512040865,0.003536886490223071,0.0053053503062658845,0.0
406,0,0.0,0.0,A,-18.895110815019255,-0.061529036237817025,0.0026535732424930927,0.0044225969148146615,0.0008845267510201046
407,0,0.0,0.0,A,-18.939444949699137,-0.0613875566050881,0.0035356485243180835,0.005303752152385663,0.0
408,0,0.0,0.0,A,-18.9824252116544,-0.061296663047669175,0.0026425906955484853,0.0044047629251511775,0.0008808187634260813
409,0,0.0,0.0,A,-19.027306728905028,-0.06134327851734467,0.003505326342544302,0.0052587328279515635,0.0
410,0,0.0,0.0,A,-19.07550619568174,-0.061481198132420645,0.0026175344002206166,0.004362849192346798,0.0008724827259998646
411,0,0.0,0.0,A,-19.125242438484996,-0.061577702226743525,0.00348439526362167,0.005226646317687659,0.0
412,0,0.0,0.0,A,-19.173259070338,-0.061539365154118564,0.002614003982443214,0.0043566386356187654,0.0008713380117024955
413,0,0.0,0.0,A,-19.217963217590977,-0.061403610248112916,0.003483852903247722,0.0052259977593103165,0.0
414,0,0.0,0.0,A,-19.26095504385767,-0.0613012113388145,0.002604883868064903,0.004341875866288113,0.0008682540323153975
415,0,0.0,0.0,A,-19.305479419722367,-0.06133021962252422,0.0034558677600186253,0.005184525124199676,0.0
416,0,0.0,0.0,A,-19.353297871685122,-0.061461461617527635,0.0025801384797492174,0.004300541760264394,0.0008600154693081734
417,0,0.0,0.0,A,-19.402996205747847,-0.06156856659307197,0.0034335448964680666,0.0051504051419841825,0.0
418,0,0.0,0.0,A,-19.45135370624611,-0.06154781983966795,0.002575567675322546,0.004292573383986073,0.0008585264412323606
419,0,0.0,0.0,A,-19.496448318445786,-0.06141973257088129,0.003433409332543775,0.005150278055604419,0.0
420,0,0.0,0.0,A,-19.539504061983298,-0.061307742843871915,0.0025681551051152025,0.004280619260076822,0.0008560152962317502
421,0,0.0,0.0,A,-19.583705043161046,-0.06131919276655706,0.003407812582104064,0.005112417448937274,0.0
422,0,0.0,0.0,A,-19.63112515743324,-0.06144190011470996,0.0025439005000286005,0.004240160913128078,0.0008479345218671265
423,0,0.0,0.0,A,-19.680733998470203,-0.06155763589824487,0.0033842724511385634,0.005076531514236161,0.0
424,0,0.0,0.0,A,-19.72939629342619,-0.06155429800373219,0.002538229883535051,0.004230343292969414,0.0008460806071202962
425,0,0.0,0.0,A,-19.774895519495157,-0.06143564990468087,0.0033842723718302513,0.005076524940747139,0.0
426,0,0.0,0.0,A,-19.818065804416875,-0.06131607497440794,0.002532358608609252,0.004220917250681777,0.0008440872410550387
427,0,0.0,0.0,A,-19.861981638928235,-0.061310279953079916,0.0033610839599317894,0.005042295133762839,0.0
428,0,0.0,0.0,A,-19.90899247275295,-0.06142277754369824,0.002508762457147103,0.004181609883936471,0.0008362205593915115
429,0,0.0,0.0,A,-19.958462343470238,-0.06154509906634653,0.003336516374592945,0.005004932321175746,0.0
430,0,0.0,0.0,A,-20.007389171894133,-0.061558730062533706,0.0025019575696001526,0.004169892816330805,0.0008339895449850612
431,0,0.0,0.0,A,-20.05330072850648,-0.061451099925579344,0.0033364004988414536,0.005004676104248079,0.0
432,0,0.0,0.0,A,-20.096633704157085,-0.061326004429516245,0.002497452729349863,0.004162700852862979,0.0008324559400192695
433,0,0.0,0.0,A,-20.1403064985317,-0.0613035305873762,0.0033156101256211785,0.004974051154143619,0.0
434,0,0.0,0.0,A,-20.186903568937268,-0.061404344939830824,0.0024746685885606128,0.004124795704064521,0.0008248549983568262
435,0,0.0,0.0,A,-20.23618782290647,-0.0615311643308859,0.0032902163906115755,0.004935516442429408,0.0
436,0,0.0,0.0,A,-20.28533540606082,-0.061561079258386275,0.002466718830226644,0.004111168291970539,0.0008222426692371509
437,0,0.0,0.0,A,-20.331660547121317,-0.06146583508851444,0.003289755621827016,0.00493467430098546,0.0
438,0,0.0,0.0,A,-20.375201188827038,-0.061337310607967876,0.002463399682112104,0.004105907474817749,0.0008211087589807056
439,0,0.0,0.0,A,-20.418676215457694,-0.061298961568376775,0.0032713242588731316,0.004907585918859165,0.0
440,0,0.0,0.0,A,-20.46486148080331,-0.061386837145674944,0.002441565387709063,0.00406962922240943,0.0008138200013910965
441,0,0.0,0.0,A,-20.513916974615018,-0.06151605571645913,0.003245313430329398,0.004868194648203006,0.0
442,0,0.0,0.0,A,-20.563238729527026,-0.06156134131824181,0.002432482665338961,0.004054117563212327,0.0008108296954529239
443,0,0.0,0.0,A,-20.60997231325051,-0.061479625776591273,0.00324430262061371,0.004866466669963385,0.0
444,0,0.0,0.0,A,-20.65376177962049,-0.06134975918615915,0.0024301652619841954,0.004050480443854991,0.0008100342620323972
445,0,0.0,0.0,A,-20.697086745172882,-0.06129655783686605,0.0032281643454555517,0.004842807048003484,0.0
446,0,0.0,0.0,A,-20.74286848997309,-0.06137046980839278,0.002409401624558774,0.004016025134211407,0.0008030984846632758
447,0,0.0,0.0,A,-20.791656194243593,-0.06150000938174627,0.0032017495966601287,0.0048028795468390804,0.0
448,0,0.0,0.0,A,-20.8411034805316,-0.06155954366545391,0.002399218780615092,0.003998689655506832,0.0007997405739627372
449,0,0.0,0.0,A,-20.88823413200926,-0.06149226312765582,0.0032000089169405585,0.004800004097312214,0.0
450,0,0.0,0.0,A,-20.93230918772816,-0.0613631058089229,0.0023977185625867837,0.0039963685358930245,0.0007992221176743903
451,0,0.0,0.0,A,-20.975533473962415,-0.0612962733629851,0.0031860730260814094,0.004779629137334873,0.0
452,0,0.0,0.0,A,-21.020926099808833,-0.06135543671811533,0.002378128369029232,0.003963902014539961,0.0007926741262483715
453,0,0.0,0.0,A,-21.069411640617027,-0.061483269877111335,0.0031594681583004855,0.004739485575827963,0.0
454,0,0.0,0.0,A,-21.11893452910528,-0.06155574420449106,0.002366897422014706,0.003944834505986848,0.0007889654341491726
455,0,0.0,0.0,A,-21.166444894847942,-0.06150356150530256,0.0031568440746671915,0.004735240624333589,0.0
456,0,0.0,0.0,A,-21.210837406838184,-0.061377099839623195,0.0023660316969929636,0.003943525510111264,0.0007886630058177802
457,0,0.0,0.0,A,-21.254011295494095,-0.061298032550379744,0.0031449974346583445,0.004717973507473425,0.0
458,0,0.0,0.0,A,-21.29903502225734,-0.06134190751730639,0.0023476990145614796,0.003913182351933358,0.0007825313745489881
459,0,0.0,0.0,A,-21.347189145704014,-0.061466086370351,0.0031184135691106514,0.004677929030019818,0.0
460,0,0.0,0.0,A,-21.396737197092413,-0.06155002970388346,0.0023354892406866473,0.0038925027431639747,0.0007784945389210295
461,0,0.0,0.0,A,-21.444604286713528,-0.06151336058694867,0.003114779430394929,0.004672132901304385,0.0
462,0,0.0,0.0,A,-21.48934080037835,-0.06139148811606482,0.0023350795223353866,0.0038919096503566095,0.0007783485259557439
463,0,0.0,0.0,A,-21.53251469389474,-0.0613017320289998,0.003104889025332761,0.00465776793710519,0.0
464,0,0.0,0.0,A,-21.577195176680092,-0.06133002580547653,0.0023180692993832056,0.0038637925781738027,0.0007726554559524956
465,0,0.0,0.0,A,-21.624994130478388,-0.06144870889368015,0.0030785315087861944,0.004618128120968917,0.0
466,0,0.0,0.0,A,-21.674517172301798,-0.061542513807825494,0.0023049651865514375,0.003841645513906573,0.0007683182487969141
467,0,0.0,0.0,A,-21.7227127812532,-0.06152152704737779,0.0030737877549423245,0.004610639687610621,0.0
468,0,0.0,0.0,A,-21.767814182253034,-0.06140601865958972,0.0023048393692118073,0.0038414833151106864,0.0007682711068766645
469,0,0.0,0.0,A,-21.81103783203754,-0.061307242803660456,0.003065703388160654,0.004598946379958498,0.0
470,0,0.0,0.0,A,-21.855405700567548,-0.061319907657742645,0.0022891973233223908,0.003815663090673475,0.0007630323810021167
471,0,0.0,0.0,A,-21.902831527867697,-0.06143138466384934,0.0030397689408710833,0.004560003061547851,0.0
472,0,0.0,0.0,A,-21.952280418122513,-0.06153333471148348,0.002275296428761283,0.0037922143546890094,0.0007584269950008462
473,0,0.0,0.0,A,-22.00077162425145,-0.06152795582213516,0.003033842945987186,0.004550721398592264,0.0
474,0,0.0,0.0,A,-22.046252889939073,-0.061420444286289566,0.002275290777088031,0.0037922124979679053,0.0007584239183238291
475,0,0.0,0.0,A,-22.089574643675668,-0.06131441272112803,0.0030274000536112747,0.004541448665871218,0.0
476,0,0.0,0.0,A,-22.13366497186043,-0.06131164056967098,0.0022610435583158717,0.0037687282644350137,0.0007536489484586559
477,0,0.0,0.0,A,-22.180705713867347,-0.0614143545253969,0.0030020741843127365,0.004503476170200239,0.0
478,0,0.0,0.0,A,-22.230033079995437,-0.06152265253913747,0.0022464543011508306,0.0037441611039592164,0.0007488112609417695
479,0,0.0,0.0,A,-22.27878280566278,-0.06153257094127468,0.0029949197520314887,0.004492339699251507,0.0
480,0,0.0,0.0,A,-22.324652848924853,-0.06143452607150657,0.002246415236949899,0.003744066400660196,0.0007488007850240093
481,0,0.0,0.0,A,-22.368118928008474,-0.06132306921470393,0.0029899422864474437,0.004485220186766856,0.0
482,0,0.0,0.0,A,-22.411970642430322,-0.0613052828347207,0.0022335708510505124,0.0037229264510324055,0.000744492746727072
483,0,0.0,0.0,A,-22.45862044776667,-0.06139784956447836,0.0029653969949288315,0.00444847198945739,0.0
484,0,0.0,0.0,A,-22.507781390167004,-0.061510646467764385,0.0022184102707099745,0.003697437852340596,0.0007394615714210919
485,0,0.0,0.0,A,-22.55674902076943,-0.0615353259301063,0.0029569935276694687,0.0044354571447181605,0.0
486,0,0.0,0.0,A,-22.60301062761796,-0.06144803662168408,0.0022181959424760105,0.0036970170206960815,0.0007393961035140306
487,0,0.0,0.0,A,-22.64666444524708,-0.06133302228213161,0.0029532968698275297,0.004430211568801724,0.0
488,0,0.0,0.0,A,-22.69031968211175,-0.061300863354465995,0.0022067444164611356,0.0036781999625325867,0.0007355521522177672
489,0,0.0,0.0,A,-22.73657882229076,-0.06138208793752814,0.002929688653342799,0.004394917413627354,0.0
490,0,0.0,0.0,A,-22.785531572164835,-0.06149751164149542,0.0021911359270382993,0.003651996927269888,0.0007303684888879467
491,0,0.0,0.0,A,-22.83467362115102,-0.061536203779697374,0.0029200400199474643,0.004380036867084251,0.0
492,0,0.0,0.0,A,-22.88132348199153,-0.06146076311110782,0.002190617550992464,0.003651038755663281,0.0007302047621911315
493,0,0.0,0.0,A,-22.925205011740122,-0.0613440676501511,0.0029174338807380876,0.0043763783323342315,0.0
494,0,0.0,0.0,A,-22.968708432522845,-0.061298381875741104,0.002180531821089581,0.0036344950387409434,0.0007268163243064619
495,0,0.0,0.0,A,-23.014583224307206,-0.06136727195526148,0.002894902056149417,0.004342741820873552,0.0
496,0,0.0,0.0,A,-23.06328974642556,-0.0614834559245353,0.002164602990681462,0.0036077909085792765,0.0007215226160415
497,0,0.0,0.0,A,-23.112560556297794,-0.06153521649587346,0.002884035185402244,0.004326042307923587,0.0
498,0,0.0,0.0,A,-23.15958938940332,-0.06147251004510401,0.002163665955432509,0.0036061080261797452,0.0007212220650000633
499,0,0.0,0.0,A,-23.203734593241393,-0.061355990077225475,0.002882326458092931,0.004323680541700542,0.0
500,0,0.0,0.0,A,-23.247132669776356,-0.061297809642967716,0.0021549029555811695,0.0035917617966036517,0.0007182751966473562
501,0,0.0,0.0,A,-23.29263530658226,-0.061353585458250204,0.002860991807293651,0.004291877205233845,0.0
502,0,0.0,0.0,A,-23.341061838476698,-0.06146869654159193,0.002138783338205114,0.003564772671461309,0.0007129146040642886
503,0,0.0,0.0,A,-23.3904143068323,-0.061532404241211314,0.0028489550371566634,0.004273436995506877,0.0
504,0,0.0,0.0,A,-23.43780707118432,-0.061483101715763044,0.0021373280684603996,0.0035622029193715776,0.0007124436591488374
505,0,0.0,0.0,A,-23.48224739494018,-0.061368566744850805,0.0028479505650237207,0.004272082447058157,0.0
506,0,0.0,0.0,A,-23.52558767505502,-0.06129909044831927,0.002129829995857385,0.003549954161032333,0.0007099194646823826
507,0,0.0,0.0,A,-23.570735970904373,-0.06134119151560796,0.002827914306883031,0.00424225830448652,0.0
508,0,0.0,0.0,A,-23.61885349102383,-0.06145345665560803,0.002113649041833574,0.0035228954532122232,0.0007045351657606702
509,0,0.0,0.0,A,-23.668239810421092,-0.061527834090015054,0.0028147755212427975,0.004222184365416757,0.0
510,0,0.0,0.0,A,-23.715976003767345,-0.06149238432116111,0.002111591619832286,0.0035193028546126976,0.000703865467216083
511,0,0.0,0.0,A,-23.76073794693643,-0.06138157068748257,0.002814284747039192,0.004221552120780823,0.0
512,0,0.0,0.0,A,-23.804068311917106,-0.06130214205706036,0.002105287352754027,0.00350902977682984,0.0007017405692732238
513,0,0.0,0.0,A,-23.848885362719052,-0.06133023047323011,0.0027956278349051448,0.004193822720146351,0.0
514,0,0.0,0.0,A,-23.896669981223994,-0.061437961932630625,0.0020891724214689563,0.003482112940134821,0.0006963750928701226
515,0,0.0,0.0,A,-23.946042381557618,-0.06152159842136656,0.002781472421116311,0.004172247622965062,0.0
516,0,0.0,0.0,A,-23.994096418296447,-0.06150022772429303,0.0020864449679603397,0.003477388273084292,0.0006954836239773715
517,0,0.0,0.0,A,-24.039201183920227,-0.06139477421140782,0.002781309887845416,0.004172061091055655,0.0
518,0,0.0,0.0,A,-24.08256910910907,-0.061306857980520435,0.0020812516101513462,0.003468949901786901,0.0006937306764622956
519,0,0.0,0.0,A,-24.127082877245197,-0.06132081837266129,0.0027640926275849086,0.004146511026267234,0.0
520,0,0.0,0.0,A,-24.174516144338142,-0.06142243714298634,0.0020653261069134513,0.0034423793709972305,0.0006884252768271201
521,0,0.0,0.0,A,-24.223827626478666,-0.06151381298003644,0.0027490212891267463,0.004123589645523121,0.0
522,0,0.0,0.0,A,-24.272169288834426,-0.06150652683343627,0.002061876926522666,0.0034364403525072853,0.0006872944182364743
523,0,0.0,0.0,A,-24.317632517914625,-0.061407952253912435,0.0027490089646987747,0.0041235839754466905,0.0
524,0,0.0,0.0,A,-24.36108434758806,-0.061313109564703705,0.0020577014518452412,0.003429679281384909,0.0006858826534436713
525,0,0.0,0.0,A,-24.40532717687351,-0.06131304575607083,0.002733270944389344,0.004100266864135257,0.0
526,0,0.0,0.0,A,-24.4523963048505,-0.0614071028465934,0.0020420831081427613,0.0034036496534896256,0.0006806767322474082
527,0,0.0,0.0,A,-24.50160135454076,-0.0615046146392354,0.0027173974035191633,0.004076172922599507,0.0
528,0,0.0,0.0,A,-24.550196309451096,-0.06151120259132081,0.0020378766068232784,0.00339644074817211,0.0006792942399014148
529,0,0.0,0.0,A,-24.59602790305338,-0.06142088563576331,0.0027173668052074065,0.004076098117250947,0.0
530,0,0.0,0.0,A,-24.639608150405724,-0.06132074835862794,0.002034617577614038,0.0033911860058784588,0.0006781900408937403
531,0,0.0,0.0,A,-24.6836162194779,-0.061306976867083085,0.002703127123967723,0.00405503702035392,0.0
532,0,0.0,0.0,A,-24.730314216019664,-0.06139217220823778,0.002019416891522649,0.0033658794901973567,0.0006731206224347502
533,0,0.0,0.0,A,-24.77936948742072,-0.0614941589028401,0.002686575749367044,0.004029959531243652,0.0
534,0,0.0,0.0,A,-24.828179860643594,-0.06151420256626239,0.002014433276456494,0.003357371361142678,0.0006714795324947829
535,0,0.0,0.0,A,-24.87438389149269,-0.06143336416233808,0.00268636984750729,0.004029583227484717,0.0
536,0,0.0,0.0,A,-24.91813457407436,-0.06132960872311716,0.0020119826091233558,0.003353441350839252,0.0006706470218746851
537,0,0.0,0.0,A,-24.96194729711318,-0.06130264925143436,0.002673627627599688,0.004010771486246862,0.0
538,0,0.0,0.0,A,-25.008273008693603,-0.06137784798602347,0.0019973014599228203,0.0033290255107151995,0.0006657482862228628
539,0,0.0,0.0,A,-25.05713796753102,-0.061482617187797683,0.002656531021676856,0.003984911144121963,0.0
540,0,0.0,0.0,A,-25.106122965691714,-0.06151550114417914,0.001991536234671469,0.003319214134249298,0.0006638467512347728
541,0,0.0,0.0,A,-25.152697679697617,-0.061445189531646904,0.002656005905717326,0.003984021035301652,0.0
542,0,0.0,0.0,A,-25.19665770002454,-0.06133951063802345,0.0019897809864800166,0.003316419602519331,0.0006632483875803838
543,0,0.0,0.0,A,-25.240317084417654,-0.0613000737556757,0.0026447410690106513,0.003967423496929793,0.0
544,0,0.0,0.0,A,-25.286275150073863,-0.06136431973302442,0.0019757114347624255,0.003293045406663228,0.0006585512654935523
545,0,0.0,0.0,A,-25.334912667034963,-0.061470173929854655,0.002627237648764033,0.003940989067409135,0.0
546,0,0.0,0.0,A,-25.384029237701842,-0.06151509932612048,0.001969174704667925,0.0032819508762138,0.0006563923267682114
547,0,0.0,0.0,A,-25.430967144494744,-0.06145617801094594,0.002626263942525621,0.0039393949495634475,0.0
548,0,0.0,0.0,A,-25.4751717247739,-0.06135026266373944,0.001967998856394368,0.003280097869634105,0.0006559895002443399
549,0,0.0,0.0,A,-25.51872169590242,-0.06129923491649747,0.0026164382296992653,0.003924949548827181,0.0
550,0,0.0,0.0,A,-25.56432241295928,-0.0613517612484511,0.00195462213811855,0.0032578980665279845,0.0006515213327443973
551,0,0.0,0.0,A,-25.612699298830286,-0.06145702355755911,0.002598669833880193,0.003898154305464362,0.0
552,0,0.0,0.0,A,-25.661902818221677,-0.06151302414148896,0.0019473377428861924,0.003245563113973394,0.0006491126345805598
553,0,0.0,0.0,A,-25.709190868440327,-0.06146616284759143,0.002597133850678814,0.003895689734161458,0.0
554,0,0.0,0.0,A,-25.753671047459388,-0.061361665011396505,0.0019466239530375976,0.0032444558833734627,0.0006488662535720354
555,0,0.0,0.0,A,-25.797156751180133,-0.06130009172780776,0.0025886920592036802,0.0038833093948272366,0.0
556,0,0.0,0.0,A,-25.842415855836684,-0.06134032831047853,0.0019340096731418764,0.00322354370744207,0.0006446505181166952
557,0,0.0,0.0,A,-25.890503330827272,-0.061443367380612124,0.002570801612973935,0.003856367649122535,0.0
558,0,0.0,0.0,A,-25.939748308432478,-0.061509327692461924,0.0019260141651862232,0.0032100319729924404,0.0006420039700513278
559,0,0.0,0.0,A,-25.98736815421949,-0.06147499638416143,0.0025686062450398827,0.0038528911995266944,0.0
560,0,0.0,0.0,A,-26.032150353433124,-0.061373512675361286,0.0019256454727862421,0.0032094757876206872,0.0006418750310958729
561,0,0.0,0.0,A,-26.075617447075974,-0.06130257876750678,0.0025614776600081874,0.003842466016676154,0.0
562,0,0.0,0.0,A,-26.120555814022133,-0.061330156718319095,0.0019138510011509808,0.0031899440012280976,0.0006379311353368431
563,0,0.0,0.0,A,-26.168329904785566,-0.06142941043910549,0.002543606926393732,0.0038155897843261564,0.0
564,0,0.0,0.0,A,-26.217570694023223,-0.061504085850139445,0.0019051924896437383,0.003175338085077451,0.0006350625290674979
565,0,0.0,0.0,A,-26.2654990279574,-0.06148255185260476,0.0025406722667503587,0.0038109859125707492,0.0
566,0,0.0,0.0,A,-26.310604692695257,-0.06138559858151649,0.0019050539441295025,0.0031751419214944366,0.0006350126628788489
567,0,0.0,0.0,A,-26.35409863546809,-0.06130660766104534,0.0025347722570577824,0.0038023855746057217,0.0
568,0,0.0,0.0,A,-26.398741901884218,-0.06132136066623356,0.0018941240139171182,0.0031570621922671393,0.0006313558060709839
569,0,0.0,0.0,A,-26.446183760896503,-0.0614153583599748,0.002517059702292262,0.003775781417755738,0.0
570,0,0.0,0.0,A,-26.495375264943338,-0.061497396627609224,0.001884860895529612,0.003141461522944382,0.000628284394053202
571,0,0.0,0.0,A,-26.543584231493032,-0.06148872482721113,0.002513323400882384,0.0037699609270746984,0.0
572,0,0.0,0.0,A,-26.58902955202346,-0.061397716705367755,0.0018848410940764749,0.0031414405964271513,0.0006282763810142794
573,0,0.0,0.0,A,-26.632594905627954,-0.061312068854411095,0.0025085551521016117,0.0037630373345630464,0.0
574,0,0.0,0.0,A,-26.676973026019176,-0.06131403146703679,0.001874807599802829,0.003124863205004088,0.000624917482243351
575,0,0.0,0.0,A,-26.72406916920165,-0.06140141426612378,0.002491133949467563,0.0037369034160858647,0.0
576,0,0.0,0.0,A,-26.773167531291513,-0.06148937825934181,0.0018650071978832867,0.0031083817605324386,0.0006216655252216247
577,0,0.0,0.0,A,-26.821625203831452,-0.06149343432143034,0.002486551308798114,0.0037298035362917023,0.0
578,0,0.0,0.0,A,-26.867420919762417,-0.061409665115206236,0.001864999712439541,0.00310835987005574,0.0006216637743819656
579,0,0.0,0.0,A,-26.911100669773816,-0.06131883366517904,0.0024828076633257737,0.003724393573764357,0.0
580,0,0.0,0.0,A,-26.955247409077288,-0.06130823663733176,0.0018558817025785947,0.0030933137391699634,0.0006186094659223675
581,0,0.0,0.0,A,-27.001989868823827,-0.06138777578217447,0.0024658038573774264,0.0036989169555006578,0.0
582,0,0.0,0.0,A,-27.050953136651206,-0.06148016702007264,0.001845618836944574,0.003076077657818423,0.0006152017568060077
583,0,0.0,0.0,A,-27.099624052151256,-0.06149662351894619,0.0024603476762509804,0.003690501049256046,0.0
584,0,0.0,0.0,A,-27.145775342358995,-0.06142124889737527,0.001845523515387834,0.0030758893192261603,0.0006151727431276978
585,0,0.0,0.0,A,-27.189610250512057,-0.06132675657678455,0.002457513050958117,0.0036864294656222154,0.0
586,0,0.0,0.0,A,-27.23356262378781,-0.06130401935130875,0.001837327371910096,0.003062382351080555,0.0006124254264348223
587,0,0.0,0.0,A,-27.27994901586328,-0.06137463217868239,0.0024410439010896998,0.003661783678146076,0.0
588,0,0.0,0.0,A,-27.328737770208274,-0.061469914819548443,0.001826682881572402,0.003044527468663686,0.0006088887979808146
589,0,0.0,0.0,A,-27.377583512899893,-0.061498260134845995,0.002434704078068821,0.0036520405920014514,0.0
590,0,0.0,0.0,A,-27.424089971856247,-0.06143228292309688,0.0018264070096610614,0.0030440198144052627,0.0006088014533318152
591,0,0.0,0.0,A,-27.468117968824316,-0.061335677738235506,0.002432656429731613,0.0036491229453953196,0.0
592,0,0.0,0.0,A,-27.51191563657386,-0.06130139826450365,0.0018191268046821821,0.0030320395196588665,0.0006063594144263748
593,0,0.0,0.0,A,-27.557949140672363,-0.06136216169397668,0.0024168289489815836,0.0036254658522760215,0.0
594,0,0.0,0.0,A,-27.606527078995114,-0.061458786612152205,0.0018081860456559595,0.0030137088700243828,0.0006027222381428071
595,0,0.0,0.0,A,-27.655506903654498,-0.06149833640813762,0.0024096118600556325,0.0036144089345891374,0.0
596,0,0.0,0.0,A,-27.702362603707297,-0.06144259441926331,0.0018076453588102598,0.0030127432977509845,0.000602548292325031
597,0,0.0,0.0,A,-27.74661823125914,-0.061345425629127925,0.0024082246692757733,0.0036124545581784225,0.0
598,0,0.0,0.0,A,-27.790302860013604,-0.061300367703547964,0.0018012633765026411,0.0030022576961217158,0.0006004058726458817
599,0,0.0,0.0,A,-27.835992115076383,-0.061350529069578885,0.002393134371075062,0.003589926532963343,0.0
600,0,0.0,0.0,A,-27.88432658159189,-0.06144695766246888,0.0017901147164143816,0.0029835990106777226,0.0005966975561848518
601,0,0.0,0.0,A,-27.933398066558176,-0.06149686873217708,0.0023850620385400473,0.003577592344536086,0.0
602,0,0.0,0.0,A,-27.980591704418284,-0.06145202530904442,0.0017892342527889165,0.002982052567018391,0.0005964118250954697
603,0,0.0,0.0,A,-28.025105615013207,-0.061355819848092574,0.002384206283666728,0.0035764072910856627,0.0
604,0,0.0,0.0,A,-28.068720213272577,-0.06130089821271267,0.0017837216629066912,0.0029730113365654116,0.0005945596432904635
605,0,0.0,0.0,A,-28.11407912995039,-0.0613398833314841,0.0023699361459916203,0.003555129720393738,0.0
606,0,0.0,0.0,A,-28.162141584583104,-0.06143461070928102,0.001772454993387129,0.002954174577464197,0.0005908101333635745
607,0,0.0,0.0,A,-28.211261304265722,-0.06149389693471974,0.002361045217787517,0.003541576466920848,0.0
608,0,0.0,0.0,A,-28.258776428688186,-0.061460434292057387,0.0017711697821568204,0.0029519410673757183,0.0005903907522107116
609,0,0.0,0.0,A,-28.303574949624654,-0.061366673981688546,0.002360591311504055,0.0035409663916812373,0.0
610,0,0.0,0.0,A,-28.34716318951996,-0.061302937443015626,0.0017664874499601674,0.0029442769169779645,0.0005888159718074953
611,0,0.0,0.0,A,-28.39221068340452,-0.061330355845497175,0.0023472109646262983,0.003521040512937675,0.0
612,0,0.0,0.0,A,-28.439977103016187,-0.06142193307126814,0.0017551927368394979,0.002925411876919965,0.0005850552693356787
613,0,0.0,0.0,A,-28.48910130943664,-0.06148948322419473,0.002337551525282786,0.0035063462311321894,0.0
614,0,0.0,0.0,A,-28.53691662587597,-0.061467698638101975,0.0017534483180814907,0.0029224026930740115,0.0005844838696529063
615,0,0.0,0.0,A,-28.58202139406828,-0.061377798510278914,0.002337371187995844,0.0035061191748757877,0.0
616,0,0.0,0.0,A,-28.625626929244753,-0.061306411364928814,0.0017495477341331921,0.0029160329304923245,0.0005831705071079877
617,0,0.0,0.0,A,-28.670386579666015,-0.061322058670392976,0.002324936328776628,0.003487625252400317,0.0
618,0,0.0,0.0,A,-28.717837786037116,-0.0614091137378443,0.0017383136242468933,0.0028972869300759284,0.000579428200917161
619,0,0.0,0.0,A,-28.766923088902473,-0.06148371082339399,0.0023145705646822543,0.003471885783919907,0.0
620,0,0.0,0.0,A,-28.815012835788124,-0.06147371567305565,0.0017360663992292671,0.002893431600758942,0.000578690030934115
621,0,0.0,0.0,A,-28.860440508117673,-0.06138900370758954,0.002314538610621893,0.0034718548206343087,0.0
622,0,0.0,0.0,A,-28.904106298303965,-0.06131122578131398,0.0017328907114848866,0.0028882598669737287,0.0005776192982022105
623,0,0.0,0.0,A,-28.94860593858429,-0.06131508322795148,0.002303090643114585,0.003454851659079031,0.0
624,0,0.0,0.0,A,-28.99572784879109,-0.06139634048808873,0.0017218032134782785,0.0028697755781315177,0.0005739241231048086
625,0,0.0,0.0,A,-29.044731883708863,-0.0614766823159798,0.0022920913860352927,0.003438178448110587,0.0
626,0,0.0,0.0,A,-29.093066273940078,-0.06147840394033366,0.0017190206265324044,0.0028650220360364855,0.000573008111823971
627,0,0.0,0.0,A,-29.138828316935168,-0.0614001024914293,0.002292087400008011,0.003438164164931179,0.0
628,0,0.0,0.0,A,-29.18259596947679,-0.06131726811321503,0.0017165057563614838,0.0028609401753006917,0.0005721587873228137
629,0,0.0,0.0,A,-29.2268672155236,-0.06130949930400842,0.002281653299056675,0.0034226889545087903,0.0
630,0,0.0,0.0,A,-29.27365101157183,-0.06138379707964159,0.001705647011273815,0.002842853596671844,0.0005685382118906637
631,0,0.0,0.0,A,-29.322533086284878,-0.06146851773499035,0.0022701024726820337,0.00340520670606842,0.0
632,0,0.0,0.0,A,-29.37107880660706,-0.06148170402632147,0.0017023075667012106,0.0028371681747089207,0.0005674369779824663
633,0,0.0,0.0,A,-29.417181367966045,-0.061410913184438365,0.002270012357682441,0.003405039486440284,0.0
634,0,0.0,0.0,A,-29.461090506250773,-0.06132440942759676,0.0017003833899631852,0.0028340582089510713,0.0005667857996519105
635,0,0.0,0.0,A,-29.50516823125315,-0.061305354389608824,0.0022606047492667028,0.003391107970044574,0.0
636,0,0.0,0.0,A,-29.551610447086933,-0.06137166054774712,0.001689830545603946,0.0028164968160871123,0.0005632656483972127
637,0,0.0,0.0,A,-29.600332156025452,-0.061459352425838776,0.002248591744054836,0.003372952206715711,0.0
638,0,0.0,0.0,A,-29.649052916127225,-0.06148357904326662,0.0016859236652235572,0.0028098639798866502,0.0005619754557485799
639,0,0.0,0.0,A,-29.69549677933056,-0.06142126214569171,0.002248309122398349,0.003372474291463639,0.0
640,0,0.0,0.0,A,-29.739584447545017,-0.061332506673068,0.0016845152392776337,0.002807600155738976,0.0005614975298164327
641,0,0.0,0.0,A,-29.78350621129682,-0.0613026733662404,0.002239926571714807,0.003360081239712563,0.0
642,0,0.0,0.0,A,-29.829608736573796,-0.06136009865239794,0.0016743394405070585,0.0027906812458722034,0.0005581016438640689
643,0,0.0,0.0,A,-29.87813453458729,-0.061449334719075877,0.002227546573444193,0.0033413957946828153,0.0
644,0,0.0,0.0,A,-29.926991657070285,-0.06148401476823029,0.0016698651694599205,0.002783103075958686,0.0005566223062904899
645,0,0.0,0.0,A,-29.973772279048802,-0.0614309862364909,0.0022269740266950442,0.003340463099581247,0.0
646,0,0.0,0.0,A,-30.018072392070316,-0.06134140508712288,0.0016688939870085143,0.0027815539527626266,0.0005562915253600119
647,0,0.0,0.0,A,-30.06187783406083,-0.06130145853403468,0.0022196015224126534,0.003329583076055011,0.0
648,0,0.0,0.0,A,-30.107647835364936,-0.061349267508767014,0.0016591594920297825,0.0027653832005315637,0.0005530414650257048
649,0,0.0,0.0,A,-30.155945562194223,-0.061438623450428276,0.002206953819638732,0.0033105175599356636,0.0
650,0,0.0,0.0,A,-30.20489860401397,-0.06148301944175022,0.0016541280623026337,0.0027568786401730196,0.0005513762032766517
651,0,0.0,0.0,A,-30.252006234575568,-0.061439935086673,0.0022060039553359985,0.0033090012324496947,0.0
652,0,0.0,0.0,A,-30.296549081041903,-0.06135094073649122,0.0016535133132452166,0.002755909187815725,0.0005511656674390219
653,0,0.0,0.0,A,-30.34027928693599,-0.061301689976818285,0.0021996135761455466,0.003299589627993041,0.0
654,0,0.0,0.0,A,-30.385729048347308,-0.06133930943289312,0.0016442767439372949,0.002740579424888716,0.0005480804594339757
655,0,0.0,0.0,A,-30.433770396219337,-0.06142738536727149,0.0021867998712153404,0.0032802969060335132,0.0
656,0,0.0,0.0,A,-30.4827777917949,-0.0614806232347993,0.0016387080067250168,0.0027311833123414477,0.0005462357141791567
657,0,0.0,0.0,A,-30.530197672272138,-0.06144797313121292,0.002185396207204657,0.0032780846080889964,0.0
658,0,0.0,0.0,A,-30.57500947799531,-0.06136094315083135,0.0016383678297224983,0.0027306569886833675,0.0005461181490251309
659,0,0.0,0.0,A,-30.618706329449786,-0.061303326253055734,0.0021799479547250237,0.003270078920033518,0.0
660,0,0.0,0.0,A,-30.663853015611927,-0.06133035103092882,0.001629677561919719,0.0027162472166993553,0.0005432140802985678
661,0,0.0,0.0,A,-30.711613933270193,-0.061415792461765595,0.002167070702140517,0.0032507126350019783,0.0
662,0,0.0,0.0,A,-30.760633649208888,-0.06147687739735497,0.0016236003014020433,0.0027060091229448467,0.0005411992852725675
663,0,0.0,0.0,A,-30.80834628660089,-0.061454981390731245,0.002165148362161528,0.0032477095428782524,0.0
664,0,0.0,0.0,A,-30.853448844509145,-0.06137123800924427,0.0016234530076070196,0.0027057899018865794,0.0005411474509264139
665,0,0.0,0.0,A,-30.897154362447573,-0.06130630539710785,0.0021605911424874536,0.00324103087244647,0.0
666,0,0.0,0.0,A,-30.942019708429324,-0.06132250155625402,0.0016153487050939127,0.002692364544590177,0.0005384379104428564
667,0,0.0,0.0,A,-30.98948073593882,-0.061404019271333155,0.002147751937248847,0.003221743046668483,0.0
668,0,0.0,0.0,A,-31.03847092722509,-0.061471853106364716,0.0016087998474406812,0.0026813474396777215,0.0005362652303435202
669,0,0.0,0.0,A,-31.08645243898556,-0.061460858973692356,0.0021452581542691107,0.0032178725633339312,0.0
670,0,0.0,0.0,A,-31.13186281071185,-0.06138164983893574,0.001608765099819371,0.0026813017625564764,0.0005362523159631
671,0,0.0,0.0,A,-31.175618502196528,-0.06131054621091525,0.0021415308889632017,0.003212427302334924,0.0
672,0,0.0,0.0,A,-31.22022843552915,-0.06131585155445235,0.0016012773936861006,0.002668910159490524,0.000533747685001125
673,0,0.0,0.0,A,-31.26737496529907,-0.061392240187024494,0.0021288289260903465,0.003193366050200424,0.0
674,0,0.0,0.0,A,-31.31629462285768,-0.06146564003504901,0.0015943011261173663,0.0026571889322385854,0.0005314317230791326
675,0,0.0,0.0,A,-31.364517146436803,-0.06146552428249785,0.0021257233526771114,0.0031885702295721846,0.0
676,0,0.0,0.0,A,-31.410247439533737,-0.06139200468578587,0.0015943010589557858,0.002657187557208281,0.0005314317216531281
677,0,0.0,0.0,A,-31.45409365823856,-0.0613159498222437,0.0021227561988339024,0.0031842519058051565,0.0
678,0,0.0,0.0,A,-31.498477859505122,-0.06131047181160387,0.0015874513718789356,0.002645863697887655,0.0005291393125159164
679,0,0.0,0.0,A,-31.5453003201368,-0.06138062680957779,0.002110286823585136,0.003165559285510889,0.0
680,0,0.0,0.0,A,-31.59410989989317,-0.06145834466923861,0.0015800981873839196,0.0026335235549479843,0.0005266967930567376
681,0,0.0,0.0,A,-31.642542060199354,-0.061468915910323885,0.0021065416513312537,0.003159798972161906,0.0
682,0,0.0,0.0,A,-31.688599283774344,-0.061402132717624125,0.001580058451912507,0.0026334432812474794,0.0005266848517756801
683,0,0.0,0.0,A,-31.73257461377294,-0.06132240148206464,0.002104257309480575,0.003156490221719626,0.0
684,0,0.0,0.0,A,-31.776766023013938,-0.06130641261665365,0.0015738589649145506,0.002623205775417228,0.0005246088941300603
685,0,0.0,0.0,A,-31.82325998379062,-0.06136934539168115,0.002092110675892529,0.003138300252153668,0.0
686,0,0.0,0.0,A,-31.87192200771202,-0.06145008839980076,0.0015661846487732892,0.0026103405465621467,0.0005220583252138814
687,0,0.0,0.0,A,-31.920529434826534,-0.061470993220299475,0.002087710568526495,0.0031315549438616823,0.0
688,0,0.0,0.0,A,-31.966915435165205,-0.06141187072257376,0.0015660353723379026,0.0026100657930746055,0.0005220110671885688
689,0,0.0,0.0,A,-32.01105610731602,-0.06132977257053507,0.002086025656600174,0.0031291295777732707,0.0
690,0,0.0,0.0,A,-32.05509038428988,-0.061303703343817406,0.00156048912966191,0.0026009180694948307,0.0005201527406070073
691,0,0.0,0.0,A,-32.10125657935692,-0.0613585544030914,0.002074285509891384,0.0031115664433177433,0.0
692,0,0.0,0.0,A,-32.14973619946232,-0.06144100542305436,0.0015525537042146772,0.0025876284464495395,0.0005175140626366428
693,0,0.0,0.0,A,-32.198482088231785,-0.061471736603435856,0.0020692273571724937,0.0031038338875043953,0.0
694,0,0.0,0.0,A,-32.24519356474248,-0.06142106446695711,0.0015522303520430223,0.002587052666662034,0.0005174098762775101
695,0,0.0,0.0,A,-32.289532914378675,-0.06133792277841815,0.0020680538285308423,0.0031021590198739278,0.0
696,0,0.0,0.0,A,-32.33344786135709,-0.0613023523561772,0.0015473314979801882,0.002578983389899957,0.0005157673869541252
697,0,0.0,0.0,A,-32.379292133878025,-0.061348402252906886,0.0020567964246797025,0.003085335482551517,0.0
698,0,0.0,0.0,A,-32.427557650843994,-0.06143124048345627,0.0015391981421550372,0.002565375126112897,0.0005130616124665239
699,0,0.0,0.0,A,-32.47640335339892,-0.06147114741652149,0.0020510889264778406,0.003076631021051932,0.0
700,0,0.0,0.0,A,-32.523431953977536,-0.06142957087984907,0.001538642272490812,0.00256440204445659,0.0005128809054119718
701,0,0.0,0.0,A,-32.56799992790991,-0.06134670242868778,0.0020503355100747033,0.0030755692260265497,0.0
702,0,0.0,0.0,A,-32.61183488419442,-0.061302347226855236,0.0015343764123383792,0.002557385736437201,0.000511449604466614
703,0,0.0,0.0,A,-32.65736805199451,-0.06133902520045176,0.0020396286835329064,0.003059585260897291,0.0
704,0,0.0,0.0,A,-32.70539138074429,-0.061420946494643025,0.001526110372282213,0.002543567834872271,0.000508698454692066
705,0,0.0,0.0,A,-32.75429702255684,-0.06146924760590272,0.002033291775592157,0.0030499409405927097,0.0
706,0,0.0,0.0,A,-32.80162951625934,-0.06143726003441863,0.0015252702774581593,0.0025421124924164774,0.0005084238697738202
707,0,0.0,0.0,A,-32.846452236282275,-0.06135595490151641,0.002032865416740166,0.0030493524061163775,0.0
708,0,0.0,0.0,A,-32.89024745399288,-0.0613036552695132,0.0015216149532830312,0.0025361103430181576,0.0005071964100535619
709,0,0.0,0.0,A,-32.93548509939056,-0.06133054548298289,0.002022767804811452,0.0030342940721958655,0.0
710,0,0.0,0.0,A,-32.983242174926026,-0.06141028207619331,0.0015132824600550738,0.002522193258377667,0.0005044219535609792
711,0,0.0,0.0,A,-33.03216728473217,-0.06146607902764045,0.0020158319395745684,0.003023757541800217,0.0
712,0,0.0,0.0,A,-33.07978580847636,-0.06144401689965007,0.001512113687924219,0.002520182858921476,0.0005040385449116332
713,0,0.0,0.0,A,-33.12488519764227,-0.061365519124846,0.002015639220441628,0.00302350218915628,0.0
714,0,0.0,0.0,A,-33.16868120853958,-0.06130622436546501,0.0015090389584790356,0.0025151437077279622,0.0005030050727522659
715,0,0.0,0.0,A,-33.21364339621189,-0.061323069684799725,0.0020061996503779912,0.003009440744427817,0.0
716,0,0.0,0.0,A,-33.26111451391629,-0.06139940904417246,0.0015007061681689316,0.0025012375884939857,0.0005002293713227031
717,0,0.0,0.0,A,-33.31001865769052,-0.06146170247886912,0.001998704947885288,0.0029980739601150946,0.0
718,0,0.0,0.0,A,-33.35790103259302,-0.06144974283981863,0.001499171920183972,0.0024986121392032035,0.0004997247393554054
719,0,0.0,0.0,A,-33.40329450951377,-0.061375232092337584,0.0019986534677926596,0.002998013499706538,0.0
720,0,0.0,0.0,A,-33.44713149268109,-0.061309984070478996,0.0014966410331810798,0.0024944736086602907,0.0004988731173811802
721,0,0.0,0.0,A,-33.49184242048052,-0.06131668736839957,0.0019899105101710652,0.0029850047650899505,0.0
722,0,0.0,0.0,A,-33.53901250616951,-0.06138848989364554,0.001488373004021012,0.0024806866029978367,0.0004961178839898584
723,0,0.0,0.0,A,-33.5878559153504,-0.061456196459254764,0.0019819057954266954,0.0029728825296601188,0.0
724,0,0.0,0.0,A,-33.63597602727556,-0.06145435684317202,0.0014864444081187902,0.0024773993468292102,0.0004954822686042031
725,0,0.0,0.0,A,-33.68167627262147,-0.06138493137063894,0.001981905492207841,0.0029728824252902896,0.0
726,0,0.0,0.0,A,-33.725593432742585,-0.06131484698045403,0.0014844145521239168,0.0024740891055204514,0.0004947983253255809
727,0,0.0,0.0,A,-33.77008102137817,-0.061311469984139,0.00197388718168466,0.0029609663987601987,0.0
728,0,0.0,0.0,A,-33.81693982749191,-0.06137768531091753,0.0014762742721914088,0.002460525753446019,0.0004920845987903294
729,0,0.0,0.0,A,-33.8656840118217,-0.061449655685181126,0.001965428925993722,0.0029481747606500052,0.0
730,0,0.0,0.0,A,-33.91401224976909,-0.06145779646555316,0.0014739305304772843,0.0024565433936430503,0.0004913109307731938
731,0,0.0,0.0,A,-33.9600270479985,-0.061394457558617055,0.001965393321088214,0.002948106076713795,0.0
732,0,0.0,0.0,A,-34.00406201373483,-0.06132071033159592,0.0014723536529462572,0.0024539805272056183,0.0004907787324924485
733,0,0.0,0.0,A,-34.048357442120505,-0.06130747007048226,0.001958117043219062,0.002937306795179442,0.0
734,0,0.0,0.0,A,-34.094899667609646,-0.061367151752267646,0.001464401130919992,0.0024407402595197428,0.00048812657296981804
735,0,0.0,0.0,A,-34.143508003258816,-0.06144218938263485,0.0019492682278326543,0.002923941334819775,0.0
736,0,0.0,0.0,A,-34.192011748378924,-0.0614600184791419,0.0014616295439311843,0.00243604297941443,0.00048721048415697934
737,0,0.0,0.0,A,-34.238343906550135,-0.06140365666246561,0.0019491155794054487,0.0029236824432572533,0.0
738,0,0.0,0.0,A,-34.28253215813658,-0.0613274578076034,0.001460453221384349,0.0024341394457713925,0.00048681262451166025
739,0,0.0,0.0,A,-34.326669351996685,-0.06130472075242521,0.001942588119896519,0.002914008086371371,0.0
740,0,0.0,0.0,A,-34.372894684647235,-0.06135703912443291,0.0014527446515394727,0.0024213152081170447,0.00048424083359775065
741,0,0.0,0.0,A,-34.421332968745766,-0.06143391938768333,0.001933417040854701,0.0029001721181692777,0.0
742,0,0.0,0.0,A,-34.46997712604815,-0.061460999221019275,0.001449540522573949,0.002415896492291548,0.00048318062693393103
743,0,0.0,0.0,A,-34.51662447037144,-0.06141238235235269,0.0019330713910201297,0.0028996102447292433,0.0
744,0,0.0,0.0,A,-34.56099880503439,-0.06133496152367496,0.0014487088685856688,0.002414558637382408,0.000482898529298887
745,0,0.0,0.0,A,-34.605013887017364,-0.06130323554114803,0.001927289141573261,0.002891053471528541,0.0
746,0,0.0,0.0,A,-34.65092696815961,-0.06134748860007233,0.0014412958798190256,0.0024022356554584284,0.00048042439802724763
747,0,0.0,0.0,A,-34.699163931437596,-0.061424978085886095,0.0019178681749079402,0.002876856190110535,0.0
748,0,0.0,0.0,A,-34.747911495659125,-0.06146073464079982,0.0014376623044258321,0.0023961019209746085,0.00047922097920144414
749,0,0.0,0.0,A,-34.79486694524129,-0.06142049806853933,0.0019172602790705228,0.002875888782376134,0.0
750,0,0.0,0.0,A,-34.83945698839841,-0.061343084154953265,0.0014371169009991859,0.002395232031019262,0.00047903520713121826
751,0,0.0,0.0,A,-34.883387698478366,-0.06130300843340997,0.001912209591925228,0.0028684272886113082,0.0
752,0,0.0,0.0,A,-34.928998011220536,-0.06133863059897282,0.001430045898181394,0.002383486730486851,0.00047667429466250404
753,0,0.0,0.0,A,-34.97700578116715,-0.06141550622393843,0.0019026139383800543,0.002853981887910991,0.0
754,0,0.0,0.0,A,-35.025818427804325,-0.06145924005107062,0.0014259934453998298,0.0023766567793474594,0.0004753310674956838
755,0,0.0,0.0,A,-35.07307014385981,-0.06142787894758517,0.0019016820667501532,0.002852517790608102,0.0
756,0,0.0,0.0,A,-35.1179019132972,-0.061351681175326744,0.0014256742833952149,0.0023761546458728605,0.0004752216384188594
757,0,0.0,0.0,A,-35.16178700863785,-0.061304014304761845,0.0018973397481363854,0.002846115071832884,0.0
758,0,0.0,0.0,A,-35.20710869193052,-0.06133058296284166,0.0014189858877787444,0.002365053737882129,0.0004729875836942352
759,0,0.0,0.0,A,-35.254863199697894,-0.06140565062827563,0.0018876461762862935,0.0028315368651522367,0.0
760,0,0.0,0.0,A,-35.30370189188877,-0.06145654958875557,0.001414532181069899,0.002357558044116782,0.00047151031191155037
761,0,0.0,0.0,A,-35.35123349954047,-0.061434413542364785,0.0018863367797562756,0.0028294972914465915,0.0
762,0,0.0,0.0,A,-35.396329028894556,-0.06136060317134351,0.0014143785956539242,0.002357322518498294,0.00047145700938521363
763,0,0.0,0.0,A,-35.44020767259748,-0.061306209586353355,0.0018826707107735146,0.0028241035944351397,0.0
764,0,0.0,0.0,A,-35.48525926456142,-0.06132344934826045,0.0014081071894480651,0.0023469222590706286,0.0004693613774754882
765,0,0.0,0.0,A,-35.53274058975343,-0.061395561866272985,0.001872956316893654,0.002809508162771825,0.0
766,0,0.0,0.0,A,-35.58156619151575,-0.06145271539971714,0.0014032763964679318,0.002338802105817153,0.0004677580159003225
767,0,0.0,0.0,A,-35.62935707021353,-0.061440005313051826,0.0018712245516378392,0.0028068274535157376,0.0
768,0,0.0,0.0,A,-35.67473409712729,-0.061369698195363864,0.0014032279840360564,0.002338732620922378,0.000467740695892719
769,0,0.0,0.0,A,-35.718645245389716,-0.06130953321101801,0.0018681944235876386,0.002802380896392948,0.0
770,0,0.0,0.0,A,-35.763449360402426,-0.061317317858776255,0.00139740136261487,0.002329078249692257,0.0004657928602260075
771,0,0.0,0.0,A,-35.81064200888838,-0.061385391886029705,0.0018585354258443382,0.002787882291127348,0.0
772,0,0.0,0.0,A,-35.85941589519376,-0.06144780656287546,0.0013922236040205087,0.002320384733349301,0.0004640733587837215
773,0,0.0,0.0,A,-35.90744153274998,-0.06144457386998026,0.001856345533202119,0.0027845084572943597,0.0
774,0,0.0,0.0,A,-35.95311325603892,-0.0613788141219927,0.0013922211077117864,0.0023203827710007244,0.00046407224567277157
775,0,0.0,0.0,A,-35.997095053200965,-0.06131390781050228,0.001853903683137647,0.002780936296916187,0.0
776,0,0.0,0.0,A,-36.04167799822591,-0.06131225993323541,0.0013868602412733095,0.002311508132086807,0.0004622793067730073
777,0,0.0,0.0,A,-36.08857110918473,-0.06137529167055317,0.0018443742666700879,0.002766645321417997,0.0
778,0,0.0,0.0,A,-36.13725576346429,-0.061441907773785664,0.001381370929622403,0.002302301052029651,0.0004604553909851426
779,0,0.0,0.0,A,-36.185488167764746,-0.06144805595324948,0.0018416998070548579,0.002762540368217399,0.0
780,0,0.0,0.0,A,-36.231463076832455,-0.061387800972279916,0.0013813570813732837,0.0023022715364007227,0.0004604513592348854
781,0,0.0,0.0,A,-36.275552267605676,-0.06131924114219567,0.0018397921382841804,0.0027597603918453734,0.0
782,0,0.0,0.0,A,-36.319943604142,-0.06130832950340903,0.0013764759862405682,0.0022941988814787926,0.0004588181000593735
783,0,0.0,0.0,A,-36.366531083659574,-0.06136540894144338,0.0018304633665345784,0.0027457829847203977,0.0
784,0,0.0,0.0,A,-36.41509067359945,-0.06143511781093974,0.0013707151067324493,0.0022845455349453634,0.0004569030319413966
785,0,0.0,0.0,A,-36.46349883519733,-0.06145040613810049,0.001827287308251661,0.0027409230190688335,0.0
786,0,0.0,0.0,A,-36.50978061380607,-0.06139651317114786,0.0013706354147930812,0.002284398133645692,0.00045687786974257577
787,0,0.0,0.0,A,-36.55401198164311,-0.061325427720589076,0.0018258542797492878,0.002738845036255831,0.0
788,0,0.0,0.0,A,-36.59824404046918,-0.06130556242974278,0.0013662411329623553,0.002277138104671988,0.0004554067471765775
789,0,0.0,0.0,A,-36.64452462016419,-0.06135588594596131,0.0018167930860040083,0.0027252807768429425,0.0
790,0,0.0,0.0,A,-36.692925543046,-0.06142754781099047,0.001360252478270472,0.0022671120072320756,0.0004534150706226697
791,0,0.0,0.0,A,-36.74147594111599,-0.061451597259333246,0.0018131077519294957,0.0027196559029442637,0.0
792,0,0.0,0.0,A,-36.78806344645601,-0.06140481170497847,0.001360055950213705,0.002266762323692304,0.00045335172215149757
793,0,0.0,0.0,A,-36.832469286554236,-0.06133235062595743,0.0018120854200780225,0.0027181833127938827,0.0
794,0,0.0,0.0,A,-36.87657664311382,-0.06130397621978356,0.0013561486342330601,0.002260314110209859,0.00045204289370846253
795,0,0.0,0.0,A,-36.922553863429634,-0.061346857359649065,0.0018033536916265331,0.002705124067176458,0.0
796,0,0.0,0.0,A,-36.97076525280457,-0.06141931938160172,0.0013499790059926142,0.002249993662724533,0.0004499901685542927
797,0,0.0,0.0,A,-37.01942239631561,-0.061451620552343655,0.0017991605686689324,0.002698738077883627,0.0
798,0,0.0,0.0,A,-37.06630971314937,-0.06141256614823659,0.001349618798464017,0.002249364305528343,0.00044987295190884106
799,0,0.0,0.0,A,-37.1109193479903,-0.061339883460484745,0.0017984816644700517,0.002697769486464003,0.0
800,0,0.0,0.0,A,-37.154938266820366,-0.061303570029540067,0.001346191897287386,0.002243715969113575,0.00044872433620313766
801,0,0.0,0.0,A,-37.20062038578896,-0.061338448334507745,0.0017901354300989367,0.0026852982097184033,0.0
802,0,0.0,0.0,A,-37.24861457192736,-0.06141056258266908,0.0013398902869280653,0.0022331830922746442,0.00044662686520244614
803,0,0.0,0.0,A,-37.29734156740669,-0.06145048551263399,0.001785444848211581,0.0026781680840853575,0.0
804,0,0.0,0.0,A,-37.344518135909375,-0.061419656530387556,0.001339324274694807,0.0022322046092711663,0.00044644166351218975
805,0,0.0,0.0,A,-37.389357480520225,-0.061347892420242744,0.0017850398730711336,0.002677598946765685,0.0
806,0,0.0,0.0,A,-37.43332533754079,-0.061304324943784794,0.0013363648148185727,0.002227333565472941,0.0004454490326230067
807,0,0.0,0.0,A,-37.478725166966356,-0.06133077272014331,0.0017771286028138151,0.002665788654472452,0.0
808,0,0.0,0.0,A,-37.52647808428941,-0.061401413808223226,0.0013299815763739534,0.002216672322889752,0.0004433235855568784
809,0,0.0,0.0,A,-37.57523722120168,-0.06144821947985163,0.0017719592920253547,0.002657943874415992,0.0
810,0,0.0,0.0,A,-37.6226880359905,-0.061425975017156687,0.0013291728346105274,0.0022152839902196903,0.0004430580092210083
811,0,0.0,0.0,A,-37.66777921930192,-0.06135623845011806,0.001771757615424391,0.0026576681382412134,0.0
812,0,0.0,0.0,A,-37.71173391106607,-0.06130620452717844,0.0013266617895801593,0.0022111576363350277,0.00044221511065689254
813,0,0.0,0.0,A,-37.75686858318086,-0.0613239314823385,0.0017643236396116986,0.002646581057474257,0.0
814,0,0.0,0.0,A,-37.80436011874733,-0.061392013602376505,0.0013202478168681815,0.0022004528667172053,0.0004400786497179462
815,0,0.0,0.0,A,-37.85311346330424,-0.061444866956459177,0.001758702175074562,0.0026380627587263123,0.0
816,0,0.0,0.0,A,-37.90081934006833,-0.06143142738330393,0.001319165012046299,0.002198603325264976,0.0004397221682048447
817,0,0.0,0.0,A,-37.94618038782908,-0.06136477944797808,0.0017586331178783346,0.002637974480638383,0.0
818,0,0.0,0.0,A,-37.99015973697117,-0.0613091556341368,0.0013170777523321194,0.0021951798005077957,0.00043902087381297785
819,0,0.0,0.0,A,-38.03505040567103,-0.06131801134020709,0.0017517111706093088,0.0026276613877662587,0.0
820,0,0.0,0.0,A,-38.08226468374157,-0.06138250444322413,0.001310683672492787,0.0021845157787914876,0.0004368902842726573
821,0,0.0,0.0,A,-38.130974671885454,-0.06144048867499918,0.0017456713170143929,0.0026185213622801754,0.0
822,0,0.0,0.0,A,-38.17891257701153,-0.06143593425752519,0.0013093013587000713,0.0021821635129981743,0.00043643432639921373
823,0,0.0,0.0,A,-38.22455716073525,-0.06137337248407909,0.001745665204831993,0.0026185162800142956,0.0
824,0,0.0,0.0,A,-38.26859832684998,-0.061313109461634874,0.0013076081729967075,0.0021793925760694847,0.0004358648052460995
825,0,0.0,0.0,A,-38.31326980859697,-0.061313083639530974,0.001739282095036463,0.002609016029737926,0.0
826,0,0.0,0.0,A,-38.36019540731964,-0.061373028528647566,0.0013012835678041506,0.0021688517223680246,0.0004337566352254838
827,0,0.0,0.0,A,-38.40882542770727,-0.06143516043150066,0.001732864062892057,0.0025993155983973877,0.0
828,0,0.0,0.0,A,-38.456968865352714,-0.06143943212377678,0.0012995823867801085,0.002165965378770269,0.00043319465732393
829,0,0.0,0.0,A,-38.50290612072082,-0.06138187600193323,0.0017328532347657317,0.0025992926322061043,0.0
830,0,0.0,0.0,A,-38.54704502575934,-0.061317982825702666,0.001298249064992915,0.0021637893865461256,0.0004327455693076427
831,0,0.0,0.0,A,-38.59152538613437,-0.06130920347609187,0.0017270276460888026,0.002590631879361199,0.0
832,0,0.0,0.0,A,-38.63815548346979,-0.06136372559748243,0.0012920417306412162,0.0021534510405944946,0.00043067578223443043
833,0,0.0,0.0,A,-38.686670441494925,-0.06142897170586509,0.0017202772733018476,0.0025804406552109595,0.0
834,0,0.0,0.0,A,-38.73498989171081,-0.06144187406718071,0.0012900085152683968,0.0021500095858585405,0.0004300033040985726
835,0,0.0,0.0,A,-38.78122430876107,-0.06139015196757852,0.0017201970320596391,0.0025803033201717584,0.0
836,0,0.0,0.0,A,-38.82549508574439,-0.06132367963924912,0.001288996982819648,0.0021483645558873134,0.0004296620108400319
837,0,0.0,0.0,A,-38.86981517843432,-0.06130640907886986,0.0017149394508901763,0.0025724964329818575,0.0
838,0,0.0,0.0,A,-38.9161476255532,-0.06135473081855364,0.0012829522380294121,0.00213830383321637,0.00042764575389157925
839,0,0.0,0.0,A,-38.964514479799895,-0.06142202409300407,0.0017079073238100932,0.002561890996243988,0.0
840,0,0.0,0.0,A,-39.012977880563994,-0.06144323025667742,0.00128058002043262,0.0021342965537803765,0.0004268603628674366
841,0,0.0,0.0,A,-39.05950926686732,-0.061398067935405254,0.001707696815638539,0.002561548706757,0.0
842,0,0.0,0.0,A,-39.10394374029762,-0.061330092566117156,0.0012798490130554057,0.0021331132925317027,0.0004266131522705789
843,0,0.0,0.0,A,-39.1481367059893,-0.061304721458940614,0.0017030095847557288,0.002554597867474073,0.0
844,0,0.0,0.0,A,-39.194174027502775,-0.06134617277862492,0.001274009064376279,0.002123400036979114,0.0004246645437798541
845,0,0.0,0.0,A,-39.24236229050906,-0.06141442957103588,0.0016957501133406756,0.0025436603743253386,0.0
846,0,0.0,0.0,A,-39.290935555892304,-0.06144348816064771,0.0012712969911438839,0.0021188263846692534,0.00042376586782099355
847,0,0.0,0.0,A,-39.33775907278927,-0.06140549900035913,0.00169535312550441,0.00254302962447488,0.0
848,0,0.0,0.0,A,-39.38238627859372,-0.06133710482394422,0.0012708027590347917,0.002118031663006851,0.000423598188590351
849,0,0.0,0.0,A,-39.42648701181622,-0.06130414432582315,0.001691230619052824,0.0025369251107248843,0.0
850,0,0.0,0.0,A,-39.472236333340845,-0.06133817159842836,0.0012652061311450601,0.0021087295083745956,0.0004217301270343999
851,0,0.0,0.0,A,-39.520218529152515,-0.0614063086349656,0.0016838010810936417,0.0025257418581881236,0.0
852,0,0.0,0.0,A,-39.56886609534432,-0.06144265249580794,0.0012621592894758189,0.002103598798491277,0.0004207197779739401
853,0,0.0,0.0,A,-39.61597236617585,-0.061412329608448446,0.0016831667482225287,0.0025247472638901735,0.0
854,0,0.0,0.0,A,-39.66081811835494,-0.06134459210651083,0.0012618563195487531,0.0021031165556506335,0.0004206164803328117
855,0,0.0,0.0,A,-39.704862710754526,-0.061304664268980014,0.0016795956620702292,0.0025194679015854335,0.0
856,0,0.0,0.0,A,-39.750335615426536,-0.061330837203624256,0.0012565373571943685,0.0020942821073840893,0.000418840477137382
857,0,0.0,0.0,A,-39.798087687144296,-0.06139778832593562,0.00167205523146037,0.002508127870933581,0.0
858,0,0.0,0.0,A,-39.84677307767818,-0.06144074491369067,0.0012531665169741445,0.0020886130777368938,0.0004177219658308253
859,0,0.0,0.0,A,-39.89414836584624,-0.06141845519997702,0.0016711386424180649,0.0025067030621845105,0.0
860,0,0.0,0.0,A,-39.939234876229335,-0.06135242459484058,0.0012530082619946728,0.0020883656351722846,0.0004176675446934279
861,0,0.0,0.0,A,-39.98326004506916,-0.061306251198198825,0.0016680983924247626,0.0025022168386037652,0.0
862,0,0.0,0.0,A,-40.02847236171703,-0.061324267774868046,0.001247996708985379,0.002080047780893727,0.00041599358267939066
863,0,0.0,0.0,A,-40.07597402305365,-0.06138900018732141,0.0016605071662996553,0.0024908102393966735,0.0
864,0,0.0,0.0,A,-40.12466042433928,-0.061437803432934146,0.0012443179868959508,0.002073868022072376,0.0004147722080404835
865,0,0.0,0.0,A,-40.17228687796437,-0.061423783662773124,0.0016592698653150157,0.00248889859343883,0.0
866,0,0.0,0.0,A,-40.217632434610024,-0.06136046902536052,0.001244257590473666,0.0020737772888880053,0.00041475104495547347
867,0,0.0,0.0,A,-40.26167494545629,-0.06130885903276295,0.001656733084657038,0.0024851634170370575,0.0
868,0,0.0,0.0,A,-40.30664647217664,-0.0613185483981456,0.0012395782498823742,0.0020660166445000527,0.00041318746382857144
869,0,0.0,0.0,A,-40.353881497948095,-0.061380078179653186,0.0016491511238515735,0.0024737802533207035,0.0
870,0,0.0,0.0,A,-40.40253233611487,-0.061433881629327225,0.0012356127026256938,0.0020593619132827645,0.00041187017810957917
871,0,0.0,0.0,A,-40.45038829504742,-0.061428236575850226,0.0016475615013105196,0.002471335462109791,0.0
872,0,0.0,0.0,A,-40.49600700388473,-0.06136859078298179,0.001235603709394583,0.0020593505655683094,0.0004118667784080053
873,0,0.0,0.0,A,-40.540103096476386,-0.0613124266256857,0.0016454946267921771,0.0024683000538269655,0.0
874,0,0.0,0.0,A,-40.58485726433046,-0.061313749933248396,0.0012312761878070738,0.002052179061482203,0.00041042018826005977
875,0,0.0,0.0,A,-40.63181371578414,-0.06137115658656356,0.001637981023490696,0.002457028733137785,0.0
876,0,0.0,0.0,A,-40.68039322587609,-0.06142904759907353,0.0012270493423820277,0.002045092490683497,0.0004090154412146499
877,0,0.0,0.0,A,-40.72845358588482,-0.06143175022733699,0.001636014593525087,0.0024540152010966688,0.0
878,0,0.0,0.0,A,-40.77435517918376,-0.061376655986977724,0.0012270463831968322,0.002045085107920281,0.0004090146629597497
879,0,0.0,0.0,A,-40.818540005369286,-0.06131687890590898,0.00163437852976575,0.0024516201004071672,0.0
880,0,0.0,0.0,A,-40.86310348781896,-0.06130992811474284,0.0012230849205515741,0.0020385257177920426,0.0004076898863129974
881,0,0.0,0.0,A,-40.90977386973313,-0.06136236794368777,0.0016269905154581725,0.002440546105061133,0.0
882,0,0.0,0.0,A,-40.95824764847676,-0.06142338271396025,0.0012186262502372667,0.002031056937024799,0.000406207451121091
883,0,0.0,0.0,A,-41.006484276582,-0.0614342763941354,0.0016246300792047592,0.0024369391756970957,0.0
884,0,0.0,0.0,A,-41.0526739907816,-0.06138453353806428,0.0012185856928465812,0.0020309810797970763,0.00040619472266696915
885,0,0.0,0.0,A,-41.09698107316669,-0.061322128218287864,0.001623380928737761,0.0024351178433949716,0.0
886,0,0.0,0.0,A,-41.14138334766861,-0.061307122896087196,0.0012149990781078772,0.0020250476920028616,0.0004049947651600768
887,0,0.0,0.0,A,-41.18776469523564,-0.06135384102169872,0.0016161730346637795,0.0024243224821249576,0.0
888,0,0.0,0.0,A,-41.236100228907695,-0.06141698019003583,0.0012103414333806662,0.0020172518747628306,0.00040344554918732365
889,0,0.0,0.0,A,-41.284482423079126,-0.06143578287452389,0.0016134087297753775,0.0024201084946353806,0.0
890,0,0.0,0.0,A,-41.330960947414255,-0.06139209709605209,0.0012102219897928317,0.0020170390892788105,0.00040340707240408603
891,0,0.0,0.0,A,-41.375421666988316,-0.06132807583843969,0.0016124985764367692,0.0024187884933963475,0.0
892,0,0.0,0.0,A,-41.41969453586329,-0.06130535804374665,0.0012070135614329063,0.0020117365192595287,0.0004023331217947551
893,0,0.0,0.0,A,-41.46578843046919,-0.06134569889344954,0.001605521857614828,0.0024083477497585906,0.0
894,0,0.0,0.0,A,-41.513955589834175,-0.06140994349395151,0.0012021925654693007,0.0020036733724268616,0.00040072896540309724
895,0,0.0,0.0,A,-41.56245057562559,-0.061436253768767324,0.0016023510962635673,0.002403523929218192,0.0
896,0,0.0,0.0,A,-41.609214071886605,-0.06139922695888478,0.0012019558480910826,0.0020032601088028155,0.00040065190191313887
897,0,0.0,0.0,A,-41.6538571923908,-0.061334613637180624,0.001601728828790467,0.0024026281623234316,0.0
898,0,0.0,0.0,A,-41.69803427067458,-0.06130464098428484,0.0011991235771358288,0.001998584248386287,0.00039970335466395126
899,0,0.0,0.0,A,-41.74384678479211,-0.061338057113555555,0.0015950301615087585,0.002392611654453555,0.0
900,0,0.0,0.0,A,-41.791818279639564,-0.06140238461327574,0.0011941769958271555,0.0019903169606742604,0.0003980568213830767
901,0,0.0,0.0,A,-41.84039173580888,-0.06143568950667111,0.0015914574607052965,0.0023871858415311096,0.0
902,0,0.0,0.0,A,-41.88743192846692,-0.06140581181572141,0.0011937880154128493,0.001989645393537381,0.00039792945947178564
903,0,0.0,0.0,A,-41.932283164651395,-0.06134162586731734,0.001591069623206699,0.0023866338297834225,0.0
904,0,0.0,0.0,A,-41.97639934309312,-0.06130496290354964,0.0011913246676478833,0.001985583491431139,0.00039710397379839294
905,0,0.0,0.0,A,-42.02194091560304,-0.06133102203669272,0.0015846910845205794,0.0023771038940757425,0.0
906,0,0.0,0.0,A,-42.06969270208809,-0.0613944222188314,0.0011862917641752469,0.001977177657496506,0.00039542813521080834
907,0,0.0,0.0,A,-42.118309306854584,-0.061434106624862705,0.0015807277940620796,0.0023710941224384537,0.0
908,0,0.0,0.0,A,-42.16561364169687,-0.06141175034897062,0.001185719363659017,0.001976196399191462,0.00039524003541958956
909,0,0.0,0.0,A,-42.21069527789068,-0.061348991044043344,0.0015805194499687552,0.002370803299245768,0.0
910,0,0.0,0.0,A,-42.254786169596926,-0.06130629909325802,0.001183612736512958,0.001972727465055797,0.0003945336093188756
911,0,0.0,0.0,A,-42.300071413922154,-0.061324689298468016,0.001574497786324489,0.0023618142083890593,0.0
912,0,0.0,0.0,A,-42.34758304868437,-0.0613861797483935,0.001178533620504145,0.001964250001921751,0.0003928418280041814
913,0,0.0,0.0,A,-42.396207038004825,-0.0614315373003409,0.0015701617210592356,0.0023552481399901066,0.0
914,0,0.0,0.0,A,-42.44375890637771,-0.06141695266277358,0.0011777508398844992,0.0019629147004340004,0.00039258394577893906
915,0,0.0,0.0,A,-42.48908947097206,-0.06135658388912346,0.001570077317299419,0.0023551351448284873,0.0
916,0,0.0,0.0,A,-42.533190850399265,-0.06130860953659578,0.0011759840685184977,0.001960010023315526,0.0003919910182237689
917,0,0.0,0.0,A,-42.57823829886132,-0.061319142479963396,0.0015644435079108549,0.0023467324683913277,0.0
918,0,0.0,0.0,A,-42.62549323476246,-0.061377783441922684,0.0011708990496360418,0.0019515280954535592,0.00039029673205206306
919,0,0.0,0.0,A,-42.67408896387717,-0.061428028650445166,0.0015597584922510139,0.002339646698675292,0.0
920,0,0.0,0.0,A,-42.721867988634855,-0.061421341518342554,0.0011698834182210232,0.0019498019110610904,0.00038996151620018815
921,0,0.0,0.0,A,-42.767461989181484,-0.061364277308445236,0.0015597427107287734,0.0023396286496633317,0.0
922,0,0.0,0.0,A,-42.811609232239974,-0.061311839720929684,0.0011684353444696605,0.0019474256815119645,0.0003894750893909054
923,0,0.0,0.0,A,-42.85644102101493,-0.06131445197401231,0.0015545216297945526,0.00233184876311693,0.0
924,0,0.0,0.0,A,-42.903426840271166,-0.06136936035887641,0.0011633842999673252,0.001939005650393298,0.0003877916003527679
925,0,0.0,0.0,A,-42.95195933977496,-0.06142364181282234,0.0015495169635062886,0.0023242880097968433,0.0
926,0,0.0,0.0,A,-42.99994171809925,-0.06142485335972431,0.0011621180534547688,0.0019368596069980213,0.0003873730664507065
927,0,0.0,0.0,A,-43.04580944075538,-0.06137194437237625,0.0015495155474699678,0.0023242837369013536,0.0
928,0,0.0,0.0,A,-43.09003697471812,-0.06131592166242317,0.001160963650493864,0.0019349696309418011,0.0003869848467551575
929,0,0.0,0.0,A,-43.13467847466381,-0.06131067406799329,0.0015447257277575134,0.0023171534826323696,0.0
930,0,0.0,0.0,A,-43.181387056143976,-0.06136103640804713,0.0011559854158350053,0.001926676044115434,0.00038532511736919477
931,0,0.0,0.0,A,-43.22982257397308,-0.061418450822133874,0.001539435582996806,0.0023091696730728694,0.0
932,0,0.0,0.0,A,-43.277981471379235,-0.06142743911693327,0.0011544556368766094,0.0019240892531576037,0.00038481889565450395
933,0,0.0,0.0,A,-43.32412884741327,-0.061379460268692176,0.0015393961265647278,0.0023091008945047235,0.0
934,0,0.0,0.0,A,-43.36846961911773,-0.06132077512431855,0.0011535664818466628,0.0019226377445034448,0.00038451945065093323
935,0,0.0,0.0,A,-43.41294901854848,-0.0613078502544574,0.0015350496253266135,0.0023026373960393746,0.0
936,0,0.0,0.0,A,-43.459376637050916,-0.06135293441981865,0.0011486982729118297,0.001914532378302433,0.0003828959108023297
937,0,0.0,0.0,A,-43.507683158053254,-0.06141254130314078,0.0015295123856597904,0.0022942886694084503,0.0
938,0,0.0,0.0,A,-43.55598914713591,-0.06142906477694121,0.0011468969549756711,0.0019114921350969953,0.00038229926847362366
939,0,0.0,0.0,A,-43.602417688147185,-0.06138670419862152,0.001529385075605311,0.0022940810950360583,0.0
940,0,0.0,0.0,A,-43.64690265864111,-0.06132630900792313,0.0011462417412721917,0.0019104265732600764,0.00038207819733636377
941,0,0.0,0.0,A,-43.69125050483629,-0.06130600677731701,0.0015254874422563026,0.002288291723403438,0.0
942,0,0.0,0.0,A,-43.73739786122786,-0.06134517228973235,0.0011415186160059897,0.0019025675420986828,0.0003805025641751772
943,0,0.0,0.0,A,-43.78554559637546,-0.06140600900234916,0.0015197449949993819,0.0022796413646199274,0.0
944,0,0.0,0.0,A,-43.833967133197504,-0.061429711716639246,0.0011394426514926826,0.0018990692963243155,0.0003798144024043918
945,0,0.0,0.0,A,-43.88067393563032,-0.06139356118775807,0.0015194832948718555,0.0022792257117030153,0.0
946,0,0.0,0.0,A,-43.92533160895523,-0.0613324228929667,0.0011389877320508595,0.001898333334189268,0.00037966051674250944
947,0,0.0,0.0,A,-43.969580315785905,-0.06130515441765044,0.0015160336383626951,0.002274108200642371,0.0
948,0,0.0,0.0,A,-44.01545249795873,-0.061337861220831125,0.0011344420986218935,0.0018907742781120575,0.0003781436300124622
949,0,0.0,0.0,A,-44.06341433578837,-0.06139895818259411,0.0015101306319883806,0.002265223523741403,0.0
950,0,0.0,0.0,A,-44.111918266271445,-0.061429376795582524,0.0011320931932889324,0.0018868214820050551,0.00037736445634141365
951,0,0.0,0.0,A,-44.15889608472646,-0.061399923785233235,0.0015096918997433329,0.0022645364319429364,0.0
952,0,0.0,0.0,A,-44.2037520779531,-0.06133900870200004,0.0011318031459427128,0.001886355889474598,0.00037726596851624084
953,0,0.0,0.0,A,-44.247935407491354,-0.06130528851949091,0.0015066830521407268,0.002260079136537239,0.0
954,0,0.0,0.0,A,-44.2935417831754,-0.061331104090421584,0.0011274643236289217,0.0018791452501768686,0.0003758176433982163
955,0,0.0,0.0,A,-44.34129369666642,-0.06139149990673326,0.0015006661307346027,0.0022510303353985525,0.0
956,0,0.0,0.0,A,-44.38984578492311,-0.0614280722099973,0.0011248488404209315,0.001874749089708277,0.00037494952054038973
957,0,0.0,0.0,A,-44.43708317270105,-0.06140569362653758,0.0015000121622465756,0.002250015169839877,0.0
958,0,0.0,0.0,A,-44.48215983365287,-0.061345952461919984,0.001124687046305839,0.0018744927178118796,0.0003748942364492068
959,0,0.0,0.0,A,-44.52631235998664,-0.06130638925231224,0.0014974309336872006,0.0022461974611649423,0.0
960,0,0.0,0.0,A,-44.57166640349868,-0.06132499396470481,0.0011205808843851683,0.0018676731117931791,0.0003735231356932617
961,0,0.0,0.0,A,-44.61918780633401,-0.06138375023800102,0.0014913479604859654,0.002237056445601164,0.0
962,0,0.0,0.0,A,-44.66775327659337,-0.06142582511315009,0.001117709620740769,0.0018628521277158137,0.0003725696080874196
963,0,0.0,0.0,A,-44.715234790876735,-0.061410782837754585,0.0014904454526013795,0.0022356639786551566,0.0
964,0,0.0,0.0,A,-44.76055086919368,-0.06135313613454152,0.001117638846734272,0.0018627428783101981,0.0003725451214071032
965,0,0.0,0.0,A,-44.80470743289316,-0.06130842210336551,0.0014882729715485034,0.00223245676519583,0.0
966,0,0.0,0.0,A,-44.84982648892243,-0.06131961278220022,0.0011137874056726398,0.0018563505741744542,0.0003712586481976126
967,0,0.0,0.0,A,-44.897100535900165,-0.0613758283855218,0.00148217225346648,0.0022232960001845607,0.0
968,0,0.0,0.0,A,-44.94564461950924,-0.06142267701066351,0.001110675309268964,0.0018511301812958601,0.00037022464795804426
969,0,0.0,0.0,A,-44.99335108759584,-0.06141511526163357,0.0014809931816007998,0.0022214849647226925,0.0
970,0,0.0,0.0,A,-45.03892146393302,-0.061360439487415375,0.001110658285618562,0.0018511059676646247,0.00037021853289312005
971,0,0.0,0.0,A,-45.083116625715675,-0.06131133858960336,0.0014792053132110718,0.0022188513296483507,0.0
972,0,0.0,0.0,A,-45.12802161420014,-0.0613150302240833,0.0011070795838190681,0.001845170472867444,0.00036902274554901683
973,0,0.0,0.0,A,-45.175035441457425,-0.06136785482398022,0.0014731348379624914,0.002209742695022463,0.0
974,0,0.0,0.0,A,-45.223523920423254,-0.0614186829426987,0.0011037454125115643,0.0018395823872172858,0.0003679144797242964
975,0,0.0,0.0,A,-45.27143276250115,-0.06141862748886984,0.0014716567446350593,0.0022074802039129763,0.0
976,0,0.0,0.0,A,-45.31726823972626,-0.06136774197580963,0.0011037453970836207,0.0018395820713620133,0.0003679144793967171
977,0,0.0,0.0,A,-45.36153574182224,-0.06131507717570173,0.001470224579053892,0.0022053761458440354,0.0
978,0,0.0,0.0,A,-45.406250808862865,-0.061311302786491106,0.0011004532254087753,0.0018341258319545695,0.00036681402865781156
979,0,0.0,0.0,A,-45.452995710538474,-0.06135994941651135,0.001464231276015846,0.00219638983304152,0.0
980,0,0.0,0.0,A,-45.50139544916901,-0.0614139104680238,0.0010969191578172352,0.001828207416654765,0.00036563884994261124
981,0,0.0,0.0,A,-45.549481052271965,-0.06142126968111605,0.0014624374681256299,0.002193651661805641,0.0
982,0,0.0,0.0,A,-45.59558821153627,-0.06137492460693905,0.0010969004788019703,0.001828171709752779,0.0003656330576935304
983,0,0.0,0.0,A,-45.63996045509189,-0.061319564381710934,0.0014613278696836399,0.0021920269254577327,0.0
984,0,0.0,0.0,A,-45.684512575661,-0.06130847306661669,0.0010939042840203558,0.0018232099249087422,0.0003646311469899875
985,0,0.0,0.0,A,-45.73098411462631,-0.061352229569485106,0.001455456905028653,0.0021832303869915083,0.0
986,0,0.0,0.0,A,-45.77926357107041,-0.06140843846783672,0.0010901954877943821,0.001817003466509127,0.0003633974102301663
987,0,0.0,0.0,A,-45.82749770808797,-0.06142300617557839,0.0014533365590839262,0.002180001118631301,0.0
988,0,0.0,0.0,A,-45.87387883162636,-0.061381871758127815,0.0010901240572158788,0.0018168757798793062,0.00036337444127404093
989,0,0.0,0.0,A,-45.91838637818299,-0.06132471606116435,0.0014525127666734764,0.002178800100707613,0.0
990,0,0.0,0.0,A,-45.96280491709603,-0.061306569271009304,0.0010874288944717298,0.001812416331242325,0.0003624728100245836
991,0,0.0,0.0,A,-46.009002968422664,-0.06134480844705065,0.0014468068825435455,0.0021702570668657084,0.0
992,0,0.0,0.0,A,-46.05713267826618,-0.06140235578974862,0.0010835730597340012,0.0018059682590438934,0.0003611897170124577
993,0,0.0,0.0,A,-46.105484965217826,-0.06142381586449053,0.001444355058447515,0.0021665300999504206,0.0
994,0,0.0,0.0,A,-46.15213802668278,-0.06138847292161331,0.001083416850728556,0.0018056954939949647,0.0003611388680877012
995,0,0.0,0.0,A,-46.19680913134909,-0.0613304388280938,0.0014437773268241578,0.0021656928148750857,0.0
996,0,0.0,0.0,A,-46.24112536958054,-0.06130560495102122,0.0010810234041024303,0.0018017389881747536,0.00036033779772786956
997,0,0.0,0.0,A,-46.287054096466534,-0.061337793272074226,0.0014382762334343225,0.0021574623908241046,0.0
998,0,0.0,0.0,A,-46.33500712102055,-0.06139575975454803,0.0010770502499120116,0.0017950990496199346,0.00035901523290073566
999,0,0.0,0.0,A,-46.383445505252396,-0.06142369234626788,0.0014354937987771247,0.0021532398139317895,0.0
1000,0,0.0,0.0,A,-46.43036422733444,-0.0613946243501301,0.0010767797314424749,0.0017946323157364353,0.0003589266277952872
1001,0,0.0,0.0,A,-46.475224410732466,-0.061336631609378245,0.0014351200701599423,0.0021527029034844143,0.0
1002,0,0.0,0.0,A,-46.519471044655276,-0.061305578966823204,0.0010746844006780903,0.0017911722366354306,0.00035822496990517666
1003,0,0.0,0.0,A,-46.56513880758135,-0.061331283738489784,0.0014298598987244147,0.0021448387584475986,0.0
1004,0,0.0,0.0,A,-46.612891140091364,-0.061388754550186386,0.0010706251625763475,0.001784392642196571,0.00035687332963515685
1005,0,0.0,0.0,A,-46.66138241160999,-0.06142264384866336,0.001426753366821023,0.0021401310959776737,0.0
1006,0,0.0,0.0,A,-46.70855638965338,-0.06140023057921451,0.001070213686031868,0.0017836878949260401,0.0003567380487253109
1007,0,0.0,0.0,A,-46.75362805507477,-0.061343187297202784,0.0014265399619603275,0.002139828866603429,0.0
1008,0,0.0,0.0,A,-46.79783867657889,-0.06130647567790776,0.0010684087365620738,0.0017807108610187316,0.0003561332743111026
1009,0,0.0,0.0,A,-46.84325787749925,-0.06132537055809917,0.0014215527852452536,0.002132378525144683,0.0
1010,0,0.0,0.0,A,-46.890788801195214,-0.06138144953888991,0.0010642956433598758,0.0017738454121613944,0.00035476329250795386
1011,0,0.0,0.0,A,-46.93929911904421,-0.061420692927718235,0.0014181340713707831,0.0021272043613187867,0.0
1012,0,0.0,0.0,A,-46.98671400834766,-0.06140520580432124,0.0010637197763366702,0.0017728640019800223,0.000354573484730542
1013,0,0.0,0.0,A,-47.03201610982232,-0.06134999447516293,0.0014180363892108278,0.002127069832848694,0.0
1014,0,0.0,0.0,A,-47.076224675517736,-0.06130826535456774,0.0010621935488629684,0.0017703501222142224,0.00035406175342022256
1015,0,0.0,0.0,A,-47.121411539889,-0.06132013416254922,0.0014133498153525812,0.0021200740765426294,0.0
1016,0,0.0,0.0,A,-47.16870393258091,-0.06137395750432151,0.0010580592968011575,0.0017634533359536133,0.00035268432616113903
1017,0,0.0,0.0,A,-47.217199357972376,-0.061417875949680734,0.001409635916745581,0.0021144595660717784,0.0
1018,0,0.0,0.0,A,-47.264837121490416,-0.06140947509330602,0.0010572991002566479,0.001762162462883763,0.0003524333021378968
1019,0,0.0,0.0,A,-47.31038488763757,-0.06135693919072144,0.0014096091319307858,0.0021144255157893067,0.0
1020,0,0.0,0.0,A,-47.3546251854737,-0.06131090480152801,0.0010560362753332718,0.0017600857835464467,0.00035200954978243726
1021,0,0.0,0.0,A,-47.39959948587832,-0.061315643578614465,0.0014052459759362349,0.0021079179017226644,0.0
1022,0,0.0,0.0,A,-47.44664006666058,-0.06136639286634599,0.0010519135076019956,0.0017532120268580955,0.0003506355616355383
1023,0,0.0,0.0,A,-47.49508709452173,-0.06141424236629839,0.0014012585821520905,0.0021018961771170613,0.0
1024,0,0.0,0.0,A,-47.54292630675712,-0.06141297541755286,0.001050952753507742,0.0017515850956660768,0.0003503178669794887
1025,0,0.0,0.0,A,-47.58873102440311,-0.06136390674631553,0.0014012583299025099,0.002101896163541497,0.0
1026,0,0.0,0.0,A,-47.63303614602754,-0.06131433818176679,0.001049934665863163,0.001749914129372371,0.000349975909910182
1027,0,0.0,0.0,A,-47.67782087202882,-0.06131195549206875,0.0013972363659871233,0.0020959026642020156,0.0
1028,0,0.0,0.0,A,-47.72460038658335,-0.06135886989113032,0.0010458554652042237,0.0017431167762708116,0.00034861606453227503
1029,0,0.0,0.0,A,-47.77296646724508,-0.06140985379693009,0.0013930014070753405,0.0020895131510174623,0.0
1030,0,0.0,0.0,A,-47.82098266927928,-0.06141565648798153,0.0010446817927779175,0.001741133649262784,0.00034822753268447503
1031,0,0.0,0.0,A,-47.867051529868334,-0.06137078348144043,0.001392984445383329,0.0020894825024306337,0.0
1032,0,0.0,0.0,A,-47.91145335691078,-0.061318498025635215,0.0010438867894824214,0.0017398319761999484,0.0003479601866676307
1033,0,0.0,0.0,A,-47.9560743365944,-0.061309113512376445,0.0013893162420234484,0.002084021269624456,0.0
1034,0,0.0,0.0,A,-48.00258767855706,-0.06135150092408548,0.0010398821912287117,0.0017331625996716191,0.00034662484413463477
1035,0,0.0,0.0,A,-48.05084172151345,-0.061404782933726365,0.001384863382763808,0.0020773089220606803,0.0
1036,0,0.0,0.0,A,-48.099007821351165,-0.061417481385302675,0.0010384872007876758,0.001730809745605728,0.0003461626284006487
1037,0,0.0,0.0,A,-48.14534383218461,-0.06137745851847176,0.0013847882224294788,0.0020771856756668606,0.0
1038,0,0.0,0.0,A,-48.189872544391605,-0.06132330640772177,0.0010378910368526576,0.0017298366763058232,0.0003459618401551596
1039,0,0.0,0.0,A,-48.234358023761416,-0.06130714764723644,0.001381481060726106,0.0020722669291933886,0.0
1040,0,0.0,0.0,A,-48.28060429062245,-0.061344394672498526,0.0010339905692877609,0.0017233442864882486,0.000344660863327503
1041,0,0.0,0.0,A,-48.32871714261397,-0.06139911228865369,0.0013768431497809654,0.002065281399372457,0.0
1042,0,0.0,0.0,A,-48.37700385434648,-0.061418426977146945,0.0010323698537216407,0.0017206148257079617,0.0003441234481019165
1043,0,0.0,0.0,A,-48.4236058156672,-0.06138382544584153,0.0013766706434978598,0.0020650071780346823,0.0
1044,0,0.0,0.0,A,-48.46828942842981,-0.06132867627153116,0.001031946118299786,0.0017199261139426963,0.00034398043710504034
1045,0,0.0,0.0,A,-48.512669615451976,-0.06130607399270327,0.0013737265181893903,0.002060633217966757,0.0
1046,0,0.0,0.0,A,-48.55865209849014,-0.061337654563659416,0.0010281773766580202,0.0017136564529962725,0.0003427230491434765
1047,0,0.0,0.0,A,-48.60659698860559,-0.061392932803346234,0.0013689390015067305,0.0020534279729151695,0.0
1048,0,0.0,0.0,A,-48.654973303330124,-0.061418484118031746,0.0010263304914526,0.0017105501004407383,0.0003421102406227668
1049,0,0.0,0.0,A,-48.70183585123826,-0.061389783913432916,0.0013686328840183102,0.0020529487876352953,0.0
1050,0,0.0,0.0,A,-48.746699789550874,-0.06133451288000891,0.0010260510575022534,0.0017100986943357403,0.00034201564882609613
1051,0,0.0,0.0,A,-48.79100637015199,-0.061305894641252245,0.0013660485852570003,0.002049114127229352,0.0
1052,0,0.0,0.0,A,-48.83673247892938,-0.061331377202844206,0.001022439317285052,0.0017040935973742172,0.0003408103037592874
1053,0,0.0,0.0,A,-48.88448542397289,-0.061386342344647904,0.0013611488933871498,0.0020417455280596596,0.0
1054,0,0.0,0.0,A,-48.93291910495132,-0.06141765763149648,0.0010203696909293096,0.001700616506613808,0.00034012320074427364
1055,0,0.0,0.0,A,-48.980032819112424,-0.06139524111666228,0.0013606762656445434,0.0020410124957424233,0.0
1056,0,0.0,0.0,A,-49.025099534403985,-0.0613407153682507,0.001020205181013054,0.0017003533257707838,0.0003400672477561291
1057,0,0.0,0.0,A,-49.069365168121635,-0.06130659780679748,0.0013584435384835893,0.002037704110263736,0.0
1058,0,0.0,0.0,A,-49.11484629108228,-0.061325650953734656,0.0010167730555829025,0.0016946501560207152,0.0003389215157635514
1059,0,0.0,0.0,A,-49.16238645511138,-0.061379444110196635,0.0013534704576501897,0.0020302304682984665,0.0
1060,0,0.0,0.0,A,-49.21084454931339,-0.06141596607707306,0.0010144878430447157,0.0016908146688794515,0.0003381624614378664
1061,0,0.0,0.0,A,-49.25819612342076,-0.061400113147687896,0.001352802208897046,0.002029200435838634,0.0
1062,0,0.0,0.0,A,-49.303484758988134,-0.061347178373433287,0.0010144081038520334,0.0016906893951739378,0.000338135102700367
1063,0,0.0,0.0,A,-49.34774256225117,-0.06130815816236318,0.001350907986337553,0.002026398120954619,0.0
1064,0,0.0,0.0,A,-49.39299386595064,-0.06132055466173181,0.0010111752504921318,0.0016853205602418914,0.0003370555715167322
1065,0,0.0,0.0,A,-49.44030386863225,-0.06137234496952959,0.0013459010231309067,0.002018878745557972,0.0
1066,0,0.0,0.0,A,-49.48875322659971,-0.06141344130802251,0.0010086851332430566,0.0016811448678835752,0.0003362280873538126
1067,0,0.0,0.0,A,-49.53632569858405,-0.0614043261944327,0.0013450121859053176,0.0020175148128891754,0.0
1068,0,0.0,0.0,A,-49.5818518085766,-0.06135379371608357,0.0010086597114588084,0.0016811067376711474,0.00033621917285222983
1069,0,0.0,0.0,A,-49.62613483373831,-0.06131053738290165,0.0013434388903404049,0.0020151916447808615,0.0
1070,0,0.0,0.0,A,-49.67117500417511,-0.061316156538221755,0.0010056425892678955,0.001676099292431367,0.0003352113664269032
1071,0,0.0,0.0,A,-49.71824117343661,-0.06136515376689594,0.0013384376397814939,0.0020076858974663347,0.0
1072,0,0.0,0.0,A,-49.766648969314474,-0.06141012782890687,0.0010029615260636325,0.0016716070149859967,0.0003343200696210657
1073,0,0.0,0.0,A,-49.81442200738367,-0.06140781757065861,0.0013373076739408834,0.002005957833885163,0.0
1074,0,0.0,0.0,A,-49.86019733342634,-0.06136045210629776,0.0010029601383449807,0.0016716056006959325,0.0003343195007089502
1075,0,0.0,0.0,A,-49.904538051696264,-0.06131368488268851,0.001336033580920438,0.0020040807218727214,0.0
1076,0,0.0,0.0,A,-49.94938898209412,-0.061312513221190856,0.0010001718204854248,0.0016669809408922684,0.00033338781597002596
1077,0,0.0,0.0,A,-49.996201547436065,-0.061357979612272184,0.0013310771073815615,0.001996647090845189,0.0
1078,0,0.0,0.0,A,-50.0445357910641,-0.06140608196503872,0.000997316753756554,0.0016622006337680736,0.00033243832200433406
1079,0,0.0,0.0,A,-50.09248603080488,-0.061410536563082485,0.0013296901104065061,0.001994531640647901,0.0
1080,0,0.0,0.0,A,-50.138518339425005,-0.061367044848413155,0.0009973097438266496,0.0016621866032833009,0.0003324362040087363
1081,0,0.0,0.0,A,-50.18294813574265,-0.0613175387338597,0.0013286897678422868,0.0019930619619377165,0.0
1082,0,0.0,0.0,A,-50.22763456594916,-0.06130966902472723,0.0009947597857731046,0.0016579602524894683,0.0003315838662910406
1083,0,0.0,0.0,A,-50.27418778972696,-0.061350930186978236,0.0013238160079122269,0.0019857571706167255,0.0
1084,0,0.0,0.0,A,-50.32241782284642,-0.06140137085859371,0.000991750309042583,0.0016529248484408372,0.0003305826784431186
1085,0,0.0,0.0,A,-50.370519249854915,-0.06141244508448396,0.0013221608499117195,0.0019832382458324256,0.0
1086,0,0.0,0.0,A,-50.41681223291745,-0.06137346551794948,0.0009917090852539917,0.0016528506912467087,0.0003305694668281422
1087,0,0.0,0.0,A,-50.46136092057875,-0.06132202675002518,0.0013214055451583036,0.0019821325509843052,0.0
1088,0,0.0,0.0,A,-50.50591003396283,-0.0613076553869214,0.000989403449813105,0.0016490321823703954,0.00032979850423190207
1089,0,0.0,0.0,A,-50.55220227893017,-0.06134411008978857,0.0013166507410148614,0.0019750107132548854,0.0
1090,0,0.0,0.0,A,-50.60029924785633,-0.06139607130868219,0.0009862614420263404,0.0016437783791622054,0.00032875289197647166
1091,0,0.0,0.0,A,-50.64852361967915,-0.06141351812483198,0.0013147211240209357,0.0019720794730015254,0.0
1092,0,0.0,0.0,A,-50.6950768590428,-0.061379611585321736,0.0009861588891836698,0.0016435990889820443,0.00032871952998819384
1093,0,0.0,0.0,A,-50.73977222154386,-0.06132706771652641,0.0013141793907108681,0.001971290249896948,0.0
1094,0,0.0,0.0,A,-50.784213205913616,-0.06130649052253595,0.0009840999281854257,0.0016401919400529492,0.00032803076664464836
1095,0,0.0,0.0,A,-50.83024693831695,-0.061337619248541864,0.0013095775619219353,0.001964402083860637,0.0
1096,0,0.0,0.0,A,-50.87818423582775,-0.061390268474880494,0.0009808491612103034,0.0016347595441692495,0.0003269486350366397
1097,0,0.0,0.0,A,-50.926501536424624,-0.061413743995650916,0.0013073720042087312,0.0019610569015634906,0.0
1098,0,0.0,0.0,A,-50.97331053302205,-0.06138538596192383,0.000980660020961398,0.0016344332486781426,0.00032688668092489815
1099,0,0.0,0.0,A,-51.01817790012046,-0.06133257274685816,0.0013070101602959047,0.0019605333850372395,0.0
1100,0,0.0,0.0,A,-51.06254147970047,-0.06130617928361348,0.000978846512672508,0.0016314350312485646,0.0003262797488612654
1101,0,0.0,0.0,A,-51.1083232082232,-0.06133155142098823,0.001302592621223857,0.0019539254959072398,0.0
1102,0,0.0,0.0,A,-51.156076877939284,-0.061384054465609905,0.0009755122384972262,0.0016258662685324525,0.00032516950107467854
1103,0,0.0,0.0,A,-51.20445579739853,-0.06141312436604751,0.0013001143684982354,0.0019501718172784622,0.0
1104,0,0.0,0.0,A,-51.25151206394293,-0.061390698445612735,0.0009752134531963551,0.001625354797736137,0.0003250712431847933
1105,0,0.0,0.0,A,-51.29657392836472,-0.061338446743047226,0.001299897076675708,0.0019498608311615939,0.0
1106,0,0.0,0.0,A,-51.34089187429289,-0.06130671322796777,0.0009736406936879153,0.0016227572948656838,0.0003245446122075869
1107,0,0.0,0.0,A,-51.3864320261457,-0.06132599280699824,0.0012956920058218935,0.001943575072681882,0.0
1108,0,0.0,0.0,A,-51.433981123292995,-0.061377526834303364,0.0009702492180118361,0.0016170960992445444,0.0003234150074622324
1109,0,0.0,0.0,A,-51.482389555183104,-0.06141167409204895,0.0012929488721942503,0.001939425168941162,0.0
1110,0,0.0,0.0,A,-51.529680770714215,-0.06139546704441212,0.000969820233616027,0.0016163654852107145,0.0003232735657085168
1111,0,0.0,0.0,A,-51.57495645127251,-0.06134458993642089,0.0012928397137025938,0.0019392719870552771,0.0
1112,0,0.0,0.0,A,-51.619261078365355,-0.06130807089232093,0.0009684801795427889,0.0016141549347229141,0.00032282459046514454
1113,0,0.0,0.0,A,-51.66457381479003,-0.06132102079232138,0.0012888717804135092,0.0019333449094456204,0.0
1114,0,0.0,0.0,A,-51.711900717947,-0.06137078700746784,0.0009650584285193179,0.001608446226268444,0.0003216845995957706
1115,0,0.0,0.0,A,-51.76030626645071,-0.061409420844038776,0.0012858759230533635,0.0019288175317437707,0.0
1116,0,0.0,0.0,A,-51.80781648998045,-0.061399619159335894,0.000964481452789447,0.0016074671280846262,0.00032149401206523533
1117,0,0.0,0.0,A,-51.85332184611474,-0.06135089948420425,0.0012858379758829467,0.0019287667443837796,0.0
1118,0,0.0,0.0,A,-51.89764550382823,-0.061310218263736116,0.0009633629123172249,0.001605624545590354,0.0003211189952026913
1119,0,0.0,0.0,A,-51.94274847821363,-0.06131670284186036,0.001282128028862293,0.001923229135343478,0.0
1120,0,0.0,0.0,A,-51.989839147439184,-0.061363938669552476,0.0009599379991692393,0.0015999135090880312,0.000319977656113248
1121,0,0.0,0.0,A,-52.03820963630338,-0.06140640454014129,0.001278895661160427,0.0019183490777132189,0.0
1122,0,0.0,0.0,A,-52.08591957591574,-0.06140309260959048,0.0009591982121990834,0.0015986615581741908,0.000319732949798259
1123,0,0.0,0.0,A,-52.1316667778344,-0.06135727109678363,0.0012788920737730122,0.001918345450354025,0.0
1124,0,0.0,0.0,A,-52.17604134339321,-0.0613131094400296,0.0009582870801596297,0.0015971631332706094,0.0003194272199177863
1125,0,0.0,0.0,A,-52.220955406084016,-0.06131309555794073,0.0012754568948201116,0.0019132219741206363,0.0
1126,0,0.0,0.0,A,-52.26779958367831,-0.061357086129944616,0.0009548858782497261,0.001591494508233,0.00031829349511848363
1127,0,0.0,0.0,A,-52.316103559028164,-0.06140267659628751,0.0012720079437051842,0.0019080195535039449,0.0
1128,0,0.0,0.0,A,-52.363990891941995,-0.0614058364860014,0.0009539715931268398,0.001589950570438192,0.00031799074003737284
1129,0,0.0,0.0,A,-52.409988249665645,-0.061363600670255536,0.0012720024956525315,0.0019080088648590063,0.0
1130,0,0.0,0.0,A,-52.45444463126097,-0.06131668746702629,0.0009532511258944124,0.0015887681285265476,0.0003177487429478941
1131,0,0.0,0.0,A,-52.49919348594138,-0.06131024391637807,0.0012688546209935576,0.001903317802738337,0.0
1132,0,0.0,0.0,A,-52.54578483700915,-0.06135033269742196,0.000949899854598331,0.001583185521185977,0.00031663138129563043
1133,0,0.0,0.0,A,-52.593992056210475,-0.06139829900641247,0.0012652123347760727,0.0018978282657120989,0.0
1134,0,0.0,0.0,A,-52.64203179454262,-0.061407811821296454,0.0009488026267982338,0.001581335873426424,0.00031626772752625697
1135,0,0.0,0.0,A,-52.68828364820601,-0.06136978589906067,0.0012651699759692455,0.001897758112848761,0.0
1136,0,0.0,0.0,A,-52.73285130596382,-0.06132088533794544,0.0009482537518763583,0.0015804373947592074,0.0003160831291298481
1137,0,0.0,0.0,A,-52.7774611232345,-0.061308180690272385,0.0012623175864797781,0.0018935112070333658,0.0
1138,0,0.0,0.0,A,-52.823797314168864,-0.06134377908703087,0.0009449775812837461,0.0015749826220268584,0.00031499053378536304
1139,0,0.0,0.0,A,-52.87187921318173,-0.06139334326869905,0.001258508100210959,0.0018877740737617992,0.0
1140,0,0.0,0.0,A,-52.92004410946362,-0.061408992068795576,0.0009436922662012541,0.001572819042557585,0.00031456423120429
1141,0,0.0,0.0,A,-52.96655078227251,-0.061375727844060646,0.0012583954610860689,0.0018875946327275668,0.0
1142,0,0.0,0.0,A,-53.01125727437703,-0.061325627137850836,0.0009432939210877311,0.0015721692294352512,0.0003144300302057454
1143,0,0.0,0.0,A,-53.05575626878081,-0.061306926068489864,0.0012558423416376356,0.001883797033627033,0.0
1144,0,0.0,0.0,A,-53.101838982762935,-0.06133752188360131,0.0009401166011465192,0.0015668817041269213,0.0003133701346855728
1145,0,0.0,0.0,A,-53.14976911480123,-0.06138788917598853,0.0012518942074684811,0.0018778553903003054,0.0
1146,0,0.0,0.0,A,-53.19803010071347,-0.06140936338409375,0.0009386413599631055,0.0015644014768604443,0.0003128805354709415
1147,0,0.0,0.0,A,-53.24478791496506,-0.061381332432347335,0.001251680072892706,0.0018775201216211217,0.0
1148,0,0.0,0.0,A,-53.28965847589311,-0.06133082931405259,0.0009383708545308061,0.001563962359357349,0.0003127891839922953
1149,0,0.0,0.0,A,-53.334076453176955,-0.06130648747271983,0.0012494256400081474,0.0018741704373621449,0.0
1150,0,0.0,0.0,A,-53.379911342779366,-0.06133165208500302,0.0009353143737676305,0.001558878525173741,0.0003117693380329235
1151,0,0.0,0.0,A,-53.42766578157487,-0.06138202349038502,0.0012453693304094572,0.0018680701889282204,0.0
1152,0,0.0,0.0,A,-53.47599243287918,-0.061408924707394286,0.0009336506286298314,0.001556084359747988,0.0003112168822482753
1153,0,0.0,0.0,A,-53.52299378847249,-0.06138651186636074,0.0012450250708645823,0.0018675364783879906,0.0
1154,0,0.0,0.0,A,-53.56805094575918,-0.06133640205159452,0.0009334840250232393,0.0015558159299617186,0.0003111604123488763
1155,0,0.0,0.0,A,-53.61241882759953,-0.061306859573915684,0.0012430644668524943,0.0018646269236283017,0.0
1156,0,0.0,0.0,A,-53.65801540554948,-0.06132625374678796,0.0009305683034212835,0.0015509687537877928,0.0003101872791173641
1157,0,0.0,0.0,A,-53.70557310710841,-0.06137583852365858,0.0012389318588067369,0.0018584160189849483,0.0
1158,0,0.0,0.0,A,-53.753934127380745,-0.0614076876472458,0.0009287206436510353,0.001547868624322867,0.0003095734639428425
1159,0,0.0,0.0,A,-53.80116764127115,-0.06139118592150905,0.001238431813163906,0.0018576457452664096,0.0
1160,0,0.0,0.0,A,-53.846430876592805,-0.06134225073156352,0.0009286331475557498,0.0015477294889132097,0.0003095436179970403
1161,0,0.0,0.0,A,-53.89078021031727,-0.0613080245058476,0.001236756063935436,0.0018551623850256564,0.0
1162,0,0.0,0.0,A,-53.936151680446486,-0.06132140274809361,0.0009258757675625257,0.0015431480169828863,0.00030862308397965705
1163,0,0.0,0.0,A,-53.98349479785961,-0.061369430646285805,0.0012325799123349016,0.0018488900270099062,0.0
1164,0,0.0,0.0,A,-54.03185851337896,-0.061405676169473344,0.0009238518093255724,0.0015397549236349818,0.00030795041739283056
1165,0,0.0,0.0,A,-54.07930921748752,-0.06139528311340281,0.0012319017173805223,0.0018478500490508708,0.0
1166,0,0.0,0.0,A,-54.124794677129366,-0.06134827744889637,0.0009238181664201818,0.0015397029643489692,0.0003079387802603356
1167,0,0.0,0.0,A,-54.16915713816681,-0.06130995227049646,0.0012304979502460508,0.0018457731319135103,0.0
1168,0,0.0,0.0,A,-54.21432016949018,-0.06131716569661966,0.0009212341454014336,0.0015354119477250423,0.00030707587894238136
1169,0,0.0,0.0,A,-54.26143431611878,-0.061362898748837935,0.001226311358729192,0.001839488984407802,0.0
1170,0,0.0,0.0,A,-54.30976917412305,-0.0614029260980532,0.0009190443479147996,0.0015317436062298097,0.00030634781886987013
1171,0,0.0,0.0,A,-54.35741876831547,-0.061398741718006966,0.0012254362215040962,0.001838151542682692,0.0
1172,0,0.0,0.0,A,-54.40313902729568,-0.06135438256568149,0.0009190392393606537,0.0015317366381953443,0.0003063459498083854
1173,0,0.0,0.0,A,-54.447545922163584,-0.06131260132711269,0.001224287938415054,0.0018364559164911198,0.0
1174,0,0.0,0.0,A,-54.49252036990199,-0.06131359898817801,0.0009166408461234138,0.0015277562318580288,0.0003055448000273347
1175,0,0.0,0.0,A,-54.53939482709012,-0.0613563426799244,0.0012201238357468496,0.0018302093207629311,0.0
1176,0,0.0,0.0,A,-54.58766988960401,-0.061399484437509755,0.0009142982880785334,0.0015238346972403477,0.00030476568018781615
1177,0,0.0,0.0,A,-54.63549704550836,-0.06140151063043875,0.001219036745704358,0.001828552348115623,0.0
1178,0,0.0,0.0,A,-54.681460928770164,-0.061360466275636905,0.0009142967190404279,0.0015238311150486989,0.000304765242502437
1179,0,0.0,0.0,A,-54.725942706359184,-0.061315919354024695,0.0012181241466575692,0.0018272079501625634,0.0
1180,0,0.0,0.0,A,-54.77075128453161,-0.06131074803378744,0.0009120933363292967,0.0015201766536879764,0.00030402900211694197
1181,0,0.0,0.0,A,-54.81737915088068,-0.06134986168502865,0.0012140147765144621,0.0018210471621739632,0.0
1182,0,0.0,0.0,A,-54.865564576419985,-0.06139540852905734,0.0009096134567360779,0.001516027885187716,0.00030320394595317835
1183,0,0.0,0.0,A,-54.9135452870848,-0.061403550050764144,0.0012127046554729246,0.0018190545012820689,0.0
1184,0,0.0,0.0,A,-54.959757750266256,-0.06136643015551546,0.0009095911321519214,0.0015159872871682103,0.00030319683245127793
1185,0,0.0,0.0,A,-55.00434352901203,-0.06131984416973091,0.0012120050061411051,0.0018180269140435639,0.0
1186,0,0.0,0.0,A,-55.0490114399531,-0.061308646664581024,0.0009075891662891947,0.0015126691395537827,0.0003025276677239837
1187,0,0.0,0.0,A,-55.09538972011712,-0.06134355287031368,0.0012079814378023815,0.0018119983739178917,0.0
1188,0,0.0,0.0,A,-55.14345722581046,-0.06139076505515423,0.0009049894744014443,0.0015083225145667942,0.0003016624919741105
1189,0,0.0,0.0,A,-55.191565195510066,-0.061404831987915576,0.0012064412266492481,0.0018096598999381808,0.0
1190,0,0.0,0.0,A,-55.23802726685408,-0.06137217867962447,0.0009049231565265606,0.0015082062961766908,0.0003016409443963
1191,0,0.0,0.0,A,-55.28274438510577,-0.061324304797486684,0.001205929263749416,0.001808910962574292,0.0
1192,0,0.0,0.0,A,-55.327298911910546,-0.061307316721956995,0.0009031259946300452,0.0015052297987536876,0.0003010400152425757
1193,0,0.0,0.0,A,-55.373428543830045,-0.061337509714865734,0.0012020209307324935,0.0018030586067006118,0.0
1194,0,0.0,0.0,A,-55.42135184083239,-0.06138562890932403,0.0009004257539888527,0.0015007175842051603,0.00030014112482719033
1195,0,0.0,0.0,A,-55.46955890873031,-0.06140534057573982,0.0012002476128150379,0.001800370255108194,0.0
1196,0,0.0,0.0,A,-55.516267692740804,-0.06137762067444347,0.0009002935966244872,0.0015004894921038549,0.000300097845552214
1197,0,0.0,0.0,A,-55.561141289233724,-0.06132922265554325,0.0011998959802830358,0.001799858720306869,0.0
1198,0,0.0,0.0,A,-55.60561135768236,-0.061306767837484455,0.0008987016111078479,0.0014978549612506232,0.00029956530656364573
1199,0,0.0,0.0,A,-55.651497178130185,-0.06133182065386644,0.0011961302533987743,0.0017942233457123836,0.0
1200,0,0.0,0.0,A,-55.69925237366079,-0.06138008195000777,0.0008959215030326347,0.0014932117512973147,0.000298639582563856
1201,0,0.0,0.0,A,-55.74752896454834,-0.06140507219813718,0.0011941248154966758,0.0017911870467807504,0.0
1202,0,0.0,0.0,A,-55.79447770702664,-0.06138267069146697,0.0008957033578013462,0.0014928383904343513,0.0002985678370358582
1203,0,0.0,0.0,A,-55.839530337866094,-0.06133451285343733,0.001193904524205318,0.0017908692720379565,0.0
1204,0,0.0,0.0,A,-55.88394605482162,-0.06130699740410972,0.0008943139571513462,0.0014905412116388798,0.0002981028539500054
1205,0,0.0,0.0,A,-55.9295967041097,-0.06132656775387718,0.0011903063248616254,0.0017854879616796592,0.0
1206,0,0.0,0.0,A,-55.97716266399465,-0.061374211658822064,0.0008914757292155423,0.0014858033409330216,0.0002971575365215982
1207,0,0.0,0.0,A,-56.025478258922995,-0.061404035423216596,0.001188073657564793,0.0017821114844338158,0.0
1208,0,0.0,0.0,A,-56.07265647207243,-0.061387250277870065,0.0008911534197603367,0.0014852546278405871,0.00029705124501912516
1209,0,0.0,0.0,A,-56.11790777003215,-0.061340085573277525,0.0011879545611080354,0.001781942146553945,0.0
1210,0,0.0,0.0,A,-56.16229994564023,-0.06130799073724846,0.0008899611439036763,0.0014832854189209639,0.00029665202607944004
1211,0,0.0,0.0,A,-56.20772771327202,-0.06132182549980281,0.001184546019966773,0.0017768477630904652,0.0
1212,0,0.0,0.0,A,-56.25508637952219,-0.061368109724866504,0.0008870872490518643,0.0014784903608595803,0.00029569459418917653
1213,0,0.0,0.0,A,-56.30340999888139,-0.061402250749335086,0.0011820947601646837,0.0017731444728815026,0.0
1214,0,0.0,0.0,A,-56.35080364422374,-0.06139128912636416,0.0008866448096023348,0.001477739917287372,0.00029554841174374416
1215,0,0.0,0.0,A,-56.39627002547937,-0.06134584751387445,0.001182046039131975,0.0017730772943476136,0.0
1216,0,0.0,0.0,A,-56.44066968671605,-0.06130972142144031,0.0008856414675315672,0.0014760847617156533,0.00029521225317844223
1217,0,0.0,0.0,A,-56.48589030068378,-0.061317659711188244,0.0011788462044379398,0.0017682980487689778,0.0
1218,0,0.0,0.0,A,-56.53302695936359,-0.06136187057766418,0.0008827546995272995,0.0014712705211443996,0.0002942503030601414
1219,0,0.0,0.0,A,-56.58132765079566,-0.061399750168759426,0.0011761885234520186,0.0017642865838469347,0.0
1220,0,0.0,0.0,A,-56.62891937676562,-0.06139472608763785,0.0008821785748852211,0.0014702960031920931,0.00029405968653511874
1221,0,0.0,0.0,A,-56.67461379941009,-0.06135170337479645,0.001176179170634515,0.0017642750597494433,0.0
1222,0,0.0,0.0,A,-56.71905170262156,-0.0613121518354246,0.0008813534216173779,0.0014689367485943654,0.00029378303118458756
1223,0,0.0,0.0,A,-56.76408406591731,-0.06131412660334723,0.0011732037696988947,0.0017598341599855364,0.0
1224,0,0.0,0.0,A,-56.8109875613611,-0.06135558989189238,0.0008784765524569283,0.0014641412583369124,0.0002928241553954737
1225,0,0.0,0.0,A,-56.85923488486032,-0.06139657655744246,0.00117035511134594,0.00175553803357176,0.0
1226,0,0.0,0.0,A,-56.90700431509408,-0.06139751003106719,0.000877755757095778,0.0014629246173106527,0.00029258541694982644
1227,0,0.0,0.0,A,-56.95293609296378,-0.06135755735704079,0.001170354410447559,0.0017555361479927535,0.0
1228,0,0.0,0.0,A,-56.997442243021055,-0.061315233845814165,0.0008770957064969293,0.0014618392333224756,0.0002923639248913138
1229,0,0.0,0.0,A,-57.04230812173435,-0.06131127200644482,0.0011676156668952258,0.00175145153131104,0.0
1230,0,0.0,0.0,A,-57.08897101401883,-0.06134936308727712,0.000874251131286296,0.0014570997636689747,0.0002914155938039301
1231,0,0.0,0.0,A,-57.13713551664922,-0.061392782902005893,0.0011645944404472261,0.0017468986666764118,0.0
1232,0,0.0,0.0,A,-57.185059584223424,-0.061399600541837684,0.0008733773659238332,0.0014556274359959587,0.00029112594018699904
1233,0,0.0,0.0,A,-57.23123425867283,-0.06136331465696737,0.0011645724311141888,0.0017468615877986797,0.0
1234,0,0.0,0.0,A,-57.27583744222467,-0.0613189096570394,0.0008728672354548631,0.0014547904248633666,0.00029095457004523037
1235,0,0.0,0.0,A,-57.320561110335284,-0.061309130753095575,0.0011620789396083102,0.0017431457394587438,0.0
1236,0,0.0,0.0,A,-57.366979773823374,-0.061343283846881314,0.0008700766300291033,0.0014501430147809047,0.0002900240175381058
1237,0,0.0,0.0,A,-57.41503344668436,-0.061388431377425445,0.0011589061732039034,0.0017383679463873207,0.0
1238,0,0.0,0.0,A,-57.46308676885083,-0.06140096844526255,0.0008690443547090222,0.0014484060394433207,0.00028968157488729035
1239,0,0.0,0.0,A,-57.50950604020637,-0.061368882930471325,0.0011588340955309617,0.0017382526901239307,0.0
1240,0,0.0,0.0,A,-57.55423338026164,-0.06132311280294506,0.0008686671377384444,0.0014477888920849454,0.00028955467438240867
1241,0,0.0,0.0,A,-57.59884122688601,-0.06130772624234415,0.0011565907547834392,0.0017349125494013004,0.0
1242,0,0.0,0.0,A,-57.64501588858029,-0.06133744267651453,0.0008659511340086616,0.0014432678104169853,0.000288648789395445
1243,0,0.0,0.0,A,-57.69293259896252,-0.06138359229109014,0.001153289715341178,0.0017299449511493919,0.0
1244,0,0.0,0.0,A,-57.74108788633717,-0.06140159615182467,0.0008647575974060731,0.0014412618734957585,0.0002882526134351061
1245,0,0.0,0.0,A,-57.78774960581396,-0.06137417370503773,0.001153140427454064,0.0017297110037603355,0.0
1246,0,0.0,0.0,A,-57.832626144510186,-0.06132776926336758,0.0008644947583996635,0.0014408335631895964,0.00028816401760649703
1247,0,0.0,0.0,A,-57.8771462499225,-0.061307070185105894,0.0011511484314301451,0.0017267479571054295,0.0
1248,0,0.0,0.0,A,-57.92308096731843,-0.06133192552714817,0.000861872642049412,0.001436470807500057,0.0002872892431063696
1249,0,0.0,0.0,A,-57.97083685941104,-0.061378342910820005,0.0011477442175081367,0.0017216283775456994,0.0
1250,0,0.0,0.0,A,-58.01906535304814,-0.06140147781929739,0.0008605178673852842,0.0014341962145332505,0.0002868393148700083
1251,0,0.0,0.0,A,-58.065963574968066,-0.061379103718340655,0.0011474925803514734,0.001721238268510159,0.0
1252,0,0.0,0.0,A,-58.111011890918576,-0.061332798687255774,0.0008603496550233107,0.0014339237199679775,0.00028678245032747655
1253,0,0.0,0.0,A,-58.155473578122326,-0.061307162533293325,0.001145749466694725,0.001718648228290198,0.0
1254,0,0.0,0.0,A,-58.201176157193345,-0.061326812501043715,0.0008578390897495862,0.0014297485599701104,0.00028594469108657414
1255,0,0.0,0.0,A,-58.24875001522599,-0.06137276619605414,0.001142268581031014,0.001713416549352894,0.0
1256,0,0.0,0.0,A,-58.297021944617626,-0.06140061933115237,0.0008563258183513867,0.0014272101379138751,0.0002854418985021095
1257,0,0.0,0.0,A,-58.34414703782997,-0.06138359616336886,0.0011418918050994748,0.0017128363666846845,0.0
1258,0,0.0,0.0,A,-58.38938690386652,-0.061338115702423424,0.0008562315914447565,0.0014270589870536603,0.000285409891995171
1259,0,0.0,0.0,A,-58.43382027284211,-0.061307991592010114,0.0011403915589522841,0.0017106099326860687,0.0
1260,0,0.0,0.0,A,-58.479302127721766,-0.06132217666082346,0.0008538483734567285,0.001423097558756691,0.00028461443242739243
1261,0,0.0,0.0,A,-58.52667569604503,-0.06136694945273874,0.001136861467603029,0.0017053074324716588,0.0
1262,0,0.0,0.0,A,-58.57496075078292,-0.06139903809330299,0.0008521819676268741,0.001420304490372779,0.0002840605383138896
1263,0,0.0,0.0,A,-58.62229956726181,-0.061387581821696624,0.0011363394170302915,0.0017045072736852924,0.0
1264,0,0.0,0.0,A,-58.667747653735844,-0.06134363129086562,0.0008521405286049384,0.0014202393164279078,0.0002840463278763836
1265,0,0.0,0.0,A,-58.71218310573063,-0.06130953431136699,0.0011350726276172845,0.0017026299733496441,0.0
1266,0,0.0,0.0,A,-58.757459062559406,-0.06131808295894203,0.0008498983745642903,0.0014165142722496655,0.0002832977609968527
1267,0,0.0,0.0,A,-58.80461731785557,-0.06136098293342962,0.0011315213126846123,0.0016972986553878096,0.0
1268,0,0.0,0.0,A,-58.85288512551672,-0.061396762654014614,0.0008480866820057706,0.001413479866717816,0.00028269535821756164
1269,0,0.0,0.0,A,-58.90042122323636,-0.061391000068403756,0.0011308367628382957,0.0016962530084265088,0.0
1270,0,0.0,0.0,A,-58.94609085130327,-0.06134925420775861,0.0008480766127306686,0.001413464967491449,0.00028269180513798916
1271,0,0.0,0.0,A,-58.990558610647206,-0.06131175675174394,0.001129790829426847,0.0016947056106721668,0.0
1272,0,0.0,0.0,A,-59.0356466589137,-0.06131458730300915,0.0008459869837497383,0.0014099951866371361,0.00028199397352479514
1273,0,0.0,0.0,A,-59.082578030509936,-0.06135495840477301,0.0011262463423360747,0.0016893875347427042,0.0
1274,0,0.0,0.0,A,-59.130798633265,-0.06139383215449912,0.0008440401663412668,0.0014067365910898602,0.00028134642822286155
1275,0,0.0,0.0,A,-59.178512549608286,-0.0613937997342886,0.001125385187845222,0.0016880755843492246,0.0
1276,0,0.0,0.0,A,-59.22441349811992,-0.06135489242178127,0.0008440401610655414,0.0014067364830813649,0.00028134642811084346
1277,0,0.0,0.0,A,-59.268943139057086,-0.06131461471369454,0.0011245445710090585,0.001686834480806788,0.0
1278,0,0.0,0.0,A,-59.31386413456647,-0.0613117357701673,0.0008421121247826008,0.0014035368454930809,0.0002807023775479929
1279,0,0.0,0.0,A,-59.36056066964325,-0.061348967704835555,0.001121034593158065,0.0016815711055222628,0.0
1280,0,0.0,0.0,A,-59.408704992138645,-0.06139029562025339,0.0008400424549864522,0.0014000747029820223,0.00028001376155549403
1281,0,0.0,0.0,A,-59.45657456333252,-0.061395939813337796,0.0011199860041104968,0.0016799769617500467,0.0
1282,0,0.0,0.0,A,-59.50271293211008,-0.06136045455427813,0.0008400316454097718,0.0014000546618659557,0.0002800103528203381
1283,0,0.0,0.0,A,-59.54733291802448,-0.06131805452123196,0.0011193325176082796,0.001679014608329171,0.0
1284,0,0.0,0.0,A,-59.59211024236287,-0.06130956398131726,0.0008382717775442332,0.0013971358880199387,0.00027942229909565485
1285,0,0.0,0.0,A,-59.638567713729955,-0.061343101312698045,0.0011158839349742408,0.0016738461553132103,0.0
1286,0,0.0,0.0,A,-59.686608014967284,-0.06138621110556802,0.0008360934061621532,0.0013934939481367596,0.00027869731275131855
1287,0,0.0,0.0,A,-59.73460873633576,-0.061397390005929364,0.0011146404598512353,0.001671959002119865,0.0
1288,0,0.0,0.0,A,-59.78098686769922,-0.061365851294997886,0.0008360516737558827,0.0013934205275974302,0.00027868378087913983
1289,0,0.0,0.0,A,-59.82572410987973,-0.061322013944971165,0.0011141535979000087,0.0016712444130368178,0.0
1290,0,0.0,0.0,A,-59.87038329190353,-0.0613080966434113,0.0008344639999195609,0.001390789085382746,0.00027815309000177215
1291,0,0.0,0.0,A,-59.916601246923754,-0.06133744695234289,0.0011107920958558011,0.0016662092620238704,0.0
1292,0,0.0,0.0,A,-59.96451154914299,-0.061381644705790606,0.0008321926992803372,0.0013869937743640924,0.0002773969767361844
1293,0,0.0,0.0,A,-60.01261697035099,-0.061398131090853014,0.0011093497106085281,0.0016640234251421612,0.0
1294,0,0.0,0.0,A,-60.05923342986648,-0.0613709967727083,0.0008321009703308448,0.0013868352957415388,0.00027736695284542043
1295,0,0.0,0.0,A,-60.10411287262852,-0.06132642324956161,0.0011090070048884655,0.0016635227108830466,0.0
1296,0,0.0,0.0,A,-60.148681178070966,-0.0613073472653724,0.0008306869482444509,0.0013844933746105224,0.00027689413473856706
1297,0,0.0,0.0,A,-60.194662928237435,-0.06133208825213732,0.0011057566890594521,0.0016586568344253536,0.0
1298,0,0.0,0.0,A,-60.242419416198494,-0.06137666945383213,0.0008283398352064207,0.0013805733322490305,0.00027611258888629613
1299,0,0.0,0.0,A,-60.29060156514917,-0.06139815512194868,0.001104114792562353,0.0016561717689497965,0.0
1300,0,0.0,0.0,A,-60.33745118162142,-0.06137580985987767,0.0008281803543740508,0.0013803003380335826,0.00027606014115640943
1301,0,0.0,0.0,A,-60.38249542014914,-0.061331206348066325,0.0011038921929395701,0.0016558487091305196,0.0
1302,0,0.0,0.0,A,-60.42700141591318,-0.0613073180504628,0.0008269388960199695,0.0013782458895870704,0.0002756448566744671
1303,0,0.0,0.0,A,-60.472753967510116,-0.061327103480162015,0.0011007752414292447,0.001651185154838153,0.0
1304,0,0.0,0.0,A,-60.52033535206653,-0.061371364119052474,0.0008245341393996841,0.0013742314806431508,0.0002748439260491708
1305,0,0.0,0.0,A,-60.56856518068726,-0.06139746544789915,0.0010989365983580088,0.0016484053541792494,0.0
1306,0,0.0,0.0,A,-60.61563914450257,-0.061380215391815374,0.0008242907179937392,0.001373817145532199,0.0002747636427513603
1307,0,0.0,0.0,A,-60.6608680812445,-0.061336282044446744,0.0010988088710597553,0.0016482219958955046,0.0
1308,0,0.0,0.0,A,-60.705341181309194,-0.06130799996517511,0.0008232182506362815,0.0013720439887060642,0.0002744047236704866
1309,0,0.0,0.0,A,-60.75087510851479,-0.06132256437428374,0.0010958452227986181,0.001643790423268815,0.0
1310,0,0.0,0.0,A,-60.79826294894947,-0.06136581192800328,0.0008207747678285835,0.001367966796764674,0.00027359070849122574
1311,0,0.0,0.0,A,-60.84651079379217,-0.06139607655646573,0.001093815855762407,0.0016407252522944037,0.0
1312,0,0.0,0.0,A,-60.89379681180896,-0.06138414528216546,0.0008204330034524857,0.0013673872907549167,0.0002734777715008783
1313,0,0.0,0.0,A,-60.939227356626105,-0.0613415653441195,0.0010937569925860437,0.0016406425243360324,0.0
1314,0,0.0,0.0,A,-60.98369735675652,-0.06130937298199601,0.0008195235678838248,0.0013658852788235695,0.00027317325294050896
1315,0,0.0,0.0,A,-61.02902661943069,-0.061318535084244175,0.0010909640759223238,0.0016364688022919504,0.0
1316,0,0.0,0.0,A,-61.07620559969985,-0.06136009922753838,0.0008170607155175958,0.001361777590665062,0.00027235260272443363
1317,0,0.0,0.0,A,-61.12444165008564,-0.0613940137471537,0.001088753109420282,0.0016331322585791679,0.0
1318,0,0.0,0.0,A,-61.17192415439388,-0.061387539518398815,0.0008166081802348994,0.0013610123894832737,0.0002722028505603931
1319,0,0.0,0.0,A,-61.21756997295149,-0.06134696881167462,0.001088736741504439,0.0016331105918140102,0.0
1320,0,0.0,0.0,A,-61.26206658154353,-0.06131140649072486,0.0008158535640669397,0.0013597676352038726,0.0002719500151134965
1321,0,0.0,0.0,A,-61.30720829080063,-0.06131507124114577,0.001086129246468203,0.0016292164619741965,0.0
1322,0,0.0,0.0,A,-61.35416644557152,-0.061354314111518926,0.000813390827545044,0.0013556619237582329,0.0002711292251522027
1323,0,0.0,0.0,A,-61.402361211918674,-0.06139131263890707,0.0010837487059286988,0.0016256268701205219,0.0
1324,0,0.0,0.0,A,-61.45002161895711,-0.061390347022959924,0.0008128172222478335,0.00135469406282003,0.000270939204764677
1325,0,0.0,0.0,A,-61.495892933085536,-0.06135240395430319,0.0010837485156610632,0.0016256268144318464,0.0
1326,0,0.0,0.0,A,-61.54044530549953,-0.061314059870474336,0.0008122071255748551,0.0013536892172207188,0.00027073463744884784
1327,0,0.0,0.0,A,-61.58541944097033,-0.061312219167620585,0.0010813382126063406,0.0016220296241486309,0.0
1328,0,0.0,0.0,A,-61.632148328142826,-0.061348545032708146,0.0008097638122773465,0.0013496176310525284,0.00026992014646319855
1329,0,0.0,0.0,A,-61.68027310314878,-0.06138801852192732,0.0010788027823942076,0.0016182092690226572,0.0
1330,0,0.0,0.0,A,-61.72809011890241,-0.061392526367912925,0.0008090610854952947,0.0013484339000671775,0.00026968715317759643
1331,0,0.0,0.0,A,-61.7741935618123,-0.061357782609273215,0.0010787929071730774,0.0016181920974073939,0.0
1332,0,0.0,0.0,A,-61.81882984547037,-0.061317283212066864,0.0008085833158061311,0.0013476484796447774,0.0002695268061698754
1333,0,0.0,0.0,A,-61.8636589288923,-0.06131001523966839,0.001076588513747482,0.0016149046053702835,0.0
1334,0,0.0,0.0,A,-61.91015374613967,-0.06134287942149608,0.0008061782565951398,0.0013436423466758015,0.0002687248966917802
1335,0,0.0,0.0,A,-61.95818105163576,-0.06138418556503972,0.0010739152585813286,0.0016108793110093745,0.0
1336,0,0.0,0.0,A,-62.00613101793115,-0.061394046333314134,0.0008053406865571546,0.0013422334229710657,0.0002684470019070753
1337,0,0.0,0.0,A,-62.05246954630788,-0.06136301831391344,0.0010738706803836353,0.0016108076018061905,0.0
1338,0,0.0,0.0,A,-62.097216443624106,-0.06132101817830388,0.0008049813793847275,0.001341644179418123,0.00026832626789441335
1339,0,0.0,0.0,A,-62.14192517406246,-0.06130848540871836,0.0010718777780033659,0.0016078378579152083,0.0
1340,0,0.0,0.0,A,-62.1881848178203,-0.061337402332798385,0.0008026326428408202,0.0013377335322413645,0.00026754297085504334
1341,0,0.0,0.0,A,-62.23608883036593,-0.06137987589216082,0.001069085832704936,0.001603636519487741,0.0
1342,0,0.0,0.0,A,-62.28414610666273,-0.061394886302030605,0.0008016568821828881,0.0013360940518509987,0.00026721903728919134
1343,0,0.0,0.0,A,-62.330718970761616,-0.06136802763703331,0.0010689827477364778,0.0016034747081963702,0.0
1344,0,0.0,0.0,A,-62.37560132666449,-0.061325198987564944,0.0008014007436481065,0.0013356753778869174,0.0002671328301556415
1345,0,0.0,0.0,A,-62.420216183243504,-0.061307644889911805,0.0010672037479686482,0.0016008260082265471,0.0
1346,0,0.0,0.0,A,-62.4662432494777,-0.06133219514185162,0.0007991253671956961,0.0013318885075674046,0.0002663738350693354
1347,0,0.0,0.0,A,-62.514000198131455,-0.06137515854333364,0.0010643139808628182,0.0015964800850619867,0.0
1348,0,0.0,0.0,A,-62.56213757267744,-0.0613950364863215,0.0007980104502893275,0.0013300170740901149,0.0002660035195380415
1349,0,0.0,0.0,A,-62.60894034463135,-0.06137273145147554,0.0010641301439709967,0.00159619497782864,0.0
1350,0,0.0,0.0,A,-62.653980765027896,-0.06132975350440922,0.0007978410174296599,0.001329741438532986,0.0002659463610201832
1351,0,0.0,0.0,A,-62.698529583531055,-0.06130749801998342,0.0010625643044565678,0.001593865892260102,0.0
1352,0,0.0,0.0,A,-62.74433031052944,-0.061327334308693526,0.0007956547591784147,0.0013261044832353075,0.0002652169330435192
1353,0,0.0,0.0,A,-62.79191884069142,-0.06137010833743972,0.0010595989600497104,0.001589408870404322,0.0
1354,0,0.0,0.0,A,-62.84010796447735,-0.06139449798413443,0.0007944020726251412,0.001324003615423446,0.00026480067694924816
1355,0,0.0,0.0,A,-62.88713262411905,-0.06137705612858835,0.0010593139990571973,0.001588970111971081,0.0
1356,0,0.0,0.0,A,-62.93235113113324,-0.06133460441934063,0.0007943019871984999,0.0013238420203127653,0.0002647667878241739
1357,0,0.0,0.0,A,-62.97686266121757,-0.06130803828546749,0.0010579574878580584,0.0015869545872387234,0.0
1358,0,0.0,0.0,A,-63.02244681555384,-0.061322890229885796,0.0007922191019446273,0.0013203785944534687,0.00026407169284228246
1359,0,0.0,0.0,A,-63.06984831333428,-0.06136480465507843,0.0010549398146407947,0.0015824214203097604,0.0
1360,0,0.0,0.0,A,-63.11806014995868,-0.06139328266572969,0.0007908323193350265,0.0013180546144081966,0.0002636107007350755
1361,0,0.0,0.0,A,-63.165295226559245,-0.06138093463677857,0.001054535510302088,0.001581801910045841,0.0
1362,0,0.0,0.0,A,-63.21070895578258,-0.061339670498674614,0.0007907836106588022,0.0013179770667770577,0.00026359409506103145
1363,0,0.0,0.0,A,-63.255212405817915,-0.06130924851931152,0.0010533815168358247,0.0015800894393877781,0.0
1364,0,0.0,0.0,A,-63.30059311352481,-0.0613189261945245,0.0007888166530613186,0.0013147079356824881,0.0002629375338106888
1365,0,0.0,0.0,A,-63.347791985735924,-0.06135933016117612,0.0010503353861819277,0.0015755159766864583,0.0
1366,0,0.0,0.0,A,-63.39599727006188,-0.06139141289385419,0.0007873016356237652,0.0013121708004064753,0.0002624337405582148
1367,0,0.0,0.0,A,-63.44342803752811,-0.06138430752793922,0.0010497959140642677,0.0015746922272220681,0.0
1368,0,0.0,0.0,A,-63.48905098183617,-0.06134486788451321,0.0007872860079478199,0.0013121467912062526,0.0002624283214670184
1369,0,0.0,0.0,A,-63.53357555855207,-0.061311101261396994,0.0010488348041105364,0.001573268087292508,0.0
1370,0,0.0,0.0,A,-63.578769084380326,-0.061315497459826396,0.0007854456654276363,0.0013090895954756747,0.00026181387355040785
1371,0,0.0,0.0,A,-63.62575298995821,-0.06135376948765231,0.0010457843262765478,0.0015686904981624854,0.0
1372,0,0.0,0.0,A,-63.67392268835488,-0.061388921083241454,0.0007838103306850534,0.0013063526753517944,0.00026126990081959216
1373,0,0.0,0.0,A,-63.72153141058995,-0.06138712379741923,0.0010450964575120505,0.0015676429321167145,0.0
1374,0,0.0,0.0,A,-63.76737421433357,-0.06135011142424579,0.0007838094506058581,0.0013063516580523666,0.000261269556362122
1375,0,0.0,0.0,A,-63.81194866450113,-0.06131355927596216,0.0010443159691445867,0.0015664884805908427,0.0
1376,0,0.0,0.0,A,-63.85697414294912,-0.06131265045960188,0.0007821044080175004,0.0013035206909947348,0.0002607001348393528
1377,0,0.0,0.0,A,-63.90373417239712,-0.06134820789692086,0.0010412851123157902,0.001561942683925389,0.0
1378,0,0.0,0.0,A,-63.95183993734332,-0.06138584910764788,0.0007803585690228237,0.0013006004995087734,0.0002601192377430357
1379,0,0.0,0.0,A,-63.99960615972223,-0.0613893416052842,0.0010404383708526046,0.0015606558652422138,0.0
1380,0,0.0,0.0,A,-64.04567596629799,-0.06135531600869304,0.0007803543485225667,0.001300592361030506,0.0002601179353141541
1381,0,0.0,0.0,A,-64.09032812761075,-0.06131657621655906,0.0010398238475795335,0.0015597488937910417,0.0
1382,0,0.0,0.0,A,-64.13520725014097,-0.061310422156751754,0.0007787911861275683,0.0012979984016748681,0.00025959575238906137
1383,0,0.0,0.0,A,-64.18173805040657,-0.06134272994711576,0.0010368360657594322,0.001555270001353186,0.0
1384,0,0.0,0.0,A,-64.22975266237177,-0.06138224756492566,0.0007769463642543293,0.0012949142813711214,0.00025898175728704864
1385,0,0.0,0.0,A,-64.27765354456122,-0.06139092884886338,0.0010358228404451113,0.0015537327988180889,0.0
1386,0,0.0,0.0,A,-64.32395389951675,-0.06136039789806924,0.0007769212350911952,0.00129486979824769,0.00025897363520308595
1387,0,0.0,0.0,A,-64.3687102676669,-0.06132009742697059,0.001035357497335184,0.0015530479350814184,0.0
1388,0,0.0,0.0,A,-64.41346693119567,-0.06130883954860544,0.000775504360827055,0.0012925200015353507,0.00025850017933844356
1389,0,0.0,0.0,A,-64.459766774262,-0.06133741817973842,0.001032435372641655,0.001548669716945371,0.0
1390,0,0.0,0.0,A,-64.50766456399685,-0.06137817491274433,0.0007735735754450018,0.0012892937717779965,0.00025785741390055517
1391,0,0.0,0.0,A,-64.55567524873703,-0.06139186357896553,0.001031250983190766,0.0015468753985325503,0.0
1392,0,0.0,0.0,A,-64.60220605969081,-0.06136527601529307,0.000773510750825956,0.0012891850447954915,0.00025783686877059296
1393,0,0.0,0.0,A,-64.6470913783458,-0.06132406086450415,0.0010309162013306702,0.001546384550077794,0.0
1394,0,0.0,0.0,A,-64.69175130067376,-0.06130791933147717,0.0007722423673232543,0.0012870828896608235,0.00025741289338835043
1395,0,0.0,0.0,A,-64.73782209503246,-0.061332351849894495,0.0010280811059471527,0.0015421389300207143,0.0
1396,0,0.0,0.0,A,-64.7855793397438,-0.061373696489462115,0.0007702399059858629,0.0012837384622631561,0.0002567461101266674
1397,0,0.0,0.0,A,-64.83367335166042,-0.061392134254630915,0.0010267238225664477,0.0015400851878007017,0.0
1398,0,0.0,0.0,A,-64.88043090542209,-0.06136987318685627,0.0007701236257167986,0.0012835393232646128,0.0002567078787460747
1399,0,0.0,0.0,A,-64.92546778542298,-0.061328398130304274,0.0010264994668400871,0.0015397580205324312,0.0
1400,0,0.0,0.0,A,-64.97005809377347,-0.0613076677283001,0.0007690037319779224,0.0012816846184144962,0.00025633340248836694
1401,0,0.0,0.0,A,-65.01590533884013,-0.061327605718464406,0.0010237712494808348,0.001535674608615588,0.0
1402,0,0.0,0.0,A,-65.06350062615533,-0.06136888343631597,0.000766944904985386,0.0012782475875869727,0.00025564769704537825
1403,0,0.0,0.0,A,-65.1116502942346,-0.06139173983382773,0.001022242266637776,0.0015333635150191409,0.0
1404,0,0.0,0.0,A,-65.15862733061178,-0.061374117312436804,0.0007667606606105392,0.001277933972663473,0.0002555869316454725
1405,0,0.0,0.0,A,-65.2038359042372,-0.06133303558978814,0.0010221070215462797,0.0015331679581045115,0.0
1406,0,0.0,0.0,A,-65.24838470345219,-0.061308080480635796,0.0007657870877347575,0.0012763229189862685,0.0002552612499956923
1407,0,0.0,0.0,A,-65.29401738788522,-0.06132324892443086,0.0010195037228378917,0.001529273626992593,0.0
1408,0,0.0,0.0,A,-65.34143194204462,-0.061363811538479696,0.0007636879711099961,0.0012728201323385642,0.0002545619755335317
1409,0,0.0,0.0,A,-65.3896088390494,-0.061390689700065504,0.0010178070883517009,0.0015267115242628226,0.0
1410,0,0.0,0.0,A,-65.43679467994878,-0.061377942445704936,0.0007634227079174104,0.001272370416239313,0.0002544743113425445
1411,0,0.0,0.0,A,-65.48219229550384,-0.06133789556506275,0.0010177388064056916,0.001526614293365862,0.0
1412,0,0.0,0.0,A,-65.52672822275206,-0.06130914300381163,0.0007625911877464074,0.0012709957239261584,0.0002541960192352542
1413,0,0.0,0.0,A,-65.57215866849779,-0.061319343954193195,0.0010152764070708758,0.0015229328041547205,0.0
1414,0,0.0,0.0,A,-65.61937663382905,-0.0613585600036633,0.0007604683587712118,0.0012674548414353091,0.00025348869830838514
1415,0,0.0,0.0,A,-65.66755202570866,-0.06138900342743575,0.0010134189083691098,0.0015201301298104822,0.0
1416,0,0.0,0.0,A,-65.71493275727263,-0.06138128977028562,0.0007601106519474392,0.0012668501287088798,0.00025337031251407717
1417,0,0.0,0.0,A,-65.76053371861947,-0.06134289758020961,0.0010133949654839696,0.0015200972602853796,0.0
1418,0,0.0,0.0,A,-65.80508549164246,-0.06131083070140797,0.0007594149170204649,0.0012657011863651101,0.00025313733740059174
1419,0,0.0,0.0,A,-65.85032914638326,-0.06131594572305832,0.0010110871706466257,0.0015166489427549754,0.0
1420,0,0.0,0.0,A,-65.89733782379312,-0.061353210197730323,0.000757285186523482,0.0012621502342906317,0.0002524275727096781
1421,0,0.0,0.0,A,-65.94548312200448,-0.061386710389076005,0.0010090781806550173,0.0015136199948203042,0.0
1422,0,0.0,0.0,A,-65.99304182671331,-0.06138410845660308,0.0007568253891817674,0.0012613746034063839,0.00025227523406085814
1423,0,0.0,0.0,A,-66.03885718163207,-0.0613479596396686,0.0010090758329655487,0.001513617376500501,0.0
1424,0,0.0,0.0,A,-66.08345314763103,-0.061313109432893975,0.0007562573019370862,0.0012604376956807347,0.0002520848787460849
1425,0,0.0,0.0,A,-66.12852832909886,-0.061313100782235286,0.0010069338952881492,0.0015104188677956224,0.0
1426,0,0.0,0.0,A,-66.1753183620787,-0.06134784435731777,0.0007541374475053284,0.001256904622368923,0.00025137826416462254
1427,0,0.0,0.0,A,-66.22340557172312,-0.06138384921643364,0.001004785180998408,0.0015071815144092086,0.0
1428,0,0.0,0.0,A,-66.27112260661323,-0.06138635638729262,0.0007535678087799573,0.0012559453198495642,0.0002511893726048069
1429,0,0.0,0.0,A,-66.31715998710712,-0.06135299951959461,0.0010047819175802945,0.001507175419743387,0.0
1430,0,0.0,0.0,A,-66.36182767933326,-0.06131593612587821,0.0007531175175257943,0.001255203889423808,0.00025103836703268645
1431,0,0.0,0.0,A,-66.40675527569505,-0.06131084666260622,0.0010028145013051062,0.0015042394645243752,0.0
1432,0,0.0,0.0,A,-66.45332078313865,-0.06134254429964192,0.0007510240217280748,0.0012517161297995452,0.00025034040027078873
1433,0,0.0,0.0,A,-66.50132293991355,-0.061380467118960724,0.001000539998586379,0.0015008148033179643,0.0
1434,0,0.0,0.0,A,-66.54917625636642,-0.06138800074099987,0.0007503387736159625,0.0012505637122100573,0.00025011301616001283
1435,0,0.0,0.0,A,-66.59543977318899,-0.06135793605203199,0.001000513884725652,0.001500772400841982,0.0
1436,0,0.0,0.0,A,-66.64020548215245,-0.06131925952227735,0.0007499948924251023,0.0012499986613813082,0.00024999757720144567
1437,0,0.0,0.0,A,-66.68500861334385,-0.06130921136433598,0.0009987269720308776,0.001498107714956862,0.0
1438,0,0.0,0.0,A,-66.73134726731206,-0.06133739014954087,0.0007479436899915633,0.0012465827166807002,0.0002493135754234872
1439,0,0.0,0.0,A,-66.77923885647937,-0.0613766190759526,0.0009963425307087063,0.0014945196882716033,0.0
1440,0,0.0,0.0,A,-66.82720435639922,-0.06138901842667077,0.0007471391021225714,0.001245231139152778,0.00024904643807108744
1441,0,0.0,0.0,A,-66.87369454924041,-0.0613626903820208,0.0009962725365935152,0.001494409533761735,0.0
1442,0,0.0,0.0,A,-66.91858291518804,-0.061323021045713355,0.0007468889114851694,0.0012448211657129157,0.0002489623362612038
1443,0,0.0,0.0,A,-66.96328656066,-0.06130821299904893,0.0009946693770040667,0.0014920207324850671,0.0
1444,0,0.0,0.0,A,-67.00939960811004,-0.061332459103386916,0.0007448951491850323,0.0012415022046690437,0.00024829735590715257
1445,0,0.0,0.0,A,-67.05715695899383,-0.06137236691412973,0.000992192480620087,0.0014882957050714346,0.0
1446,0,0.0,0.0,A,-67.10520888164231,-0.061389396362809545,0.0007439695512073278,0.0012399488554805885,0.0002479898913067264
1447,0,0.0,0.0,A,-67.15192272551491,-0.06136718717833389,0.0009920587906363865,0.0014880882031912783,0.0
1448,0,0.0,0.0,A,-67.19695635847795,-0.061327155775675046,0.000743799216010404,0.0012396708171587252,0.0002479325233891508
1449,0,0.0,0.0,A,-67.24158695732574,-0.061307859588881075,0.0009906398935574344,0.0014859757940693889,0.0
1450,0,0.0,0.0,A,-67.28747918569019,-0.0613278242487596,0.0007418770287142408,0.0012364723044226403,0.0002472912853645194
1451,0,0.0,0.0,A,-67.3350808356237,-0.061367778286223584,0.0009880893585387123,0.0014821421003822196,0.0
1452,0,0.0,0.0,A,-67.38319216892977,-0.06138913159863457,0.0007408308004823768,0.0012347179859860677,0.0002469436031895182
1453,0,0.0,0.0,A,-67.4301231364331,-0.06137135577941699,0.0009878736567274483,0.0014818099302048515,0.0
1454,0,0.0,0.0,A,-67.47532226967911,-0.06133159351244566,0.0007407256016749703,0.0012345472873760335,0.0002469080692549434
1455,0,0.0,0.0,A,-67.5199072995336,-0.061308149024252856,0.0009866368265069795,0.0014799703695570542,0.0
1456,0,0.0,0.0,A,-67.56558694691742,-0.061323553457765856,0.0007388879077828764,0.0012314906444437414,0.00024629489055295276
1457,0,0.0,0.0,A,-67.61301396906643,-0.0613629255672391,0.000984032485712467,0.0014760578381073281,0.0
1458,0,0.0,0.0,A,-67.66115687886453,-0.061388231276534644,0.0007377234380267477,0.0012295395018721447,0.0002459077706350604
1459,0,0.0,0.0,A,-67.7082950571141,-0.06137513125725508,0.0009837182133834023,0.0014755763365550793,0.0
1460,0,0.0,0.0,A,-67.75367723929959,-0.06133625991550962,0.0007376680141792071,0.0012294504975212338,0.000245888954590766
1461,0,0.0,0.0,A,-67.79824478066016,-0.06130906917972784,0.000982658625667978,0.0014740021477208658,0.0
1462,0,0.0,0.0,A,-67.8437233922949,-0.06131970837059697,0.0007359263332477797,0.0012265548008537788,0.000245307687294474
1463,0,0.0,0.0,A,-67.8909596823649,-0.06135788468620562,0.000980021001438327,0.0014700416101763518,0.0
1464,0,0.0,0.0,A,-67.93910595276569,-0.06138671243769506,0.0007346479478727908,0.0012244142000583757,0.0002448825559645901
1465,0,0.0,0.0,A,-67.9864382129402,-0.06137845538330483,0.0009795935834274064,0.0014693891081617688,0.0
1466,0,0.0,0.0,A,-68.03201804362439,-0.06134107769716651,0.0007346265427484263,0.0012243806072483048,0.00024487520804095033
1467,0,0.0,0.0,A,-68.0765963365205,-0.06131059818488199,0.0009787039009622783,0.0014680690586688257,0.0
1468,0,0.0,0.0,A,-68.121888569938,-0.061316343484387636,0.0007329908377632351,0.001221662327626368,0.0002443291865245136
1469,0,0.0,0.0,A,-68.16892108744395,-0.06135273391209273,0.0009760538728774272,0.0014640918515053626,0.0
1470,0,0.0,0.0,A,-68.21704256539428,-0.0613846016751769,0.0007316046993790504,0.0012193426856406896,0.00024386808334547354
1471,0,0.0,0.0,A,-68.26455278202529,-0.061381277482269625,0.0009755009094719486,0.0014632499583658001,0.0
1472,0,0.0,0.0,A,-68.31034169451642,-0.06134596785235508,0.0007316014116068361,0.0012193380003474828,0.00024386690333512288
1473,0,0.0,0.0,A,-68.3549586944757,-0.06131270484472251,0.0009747714349218425,0.0014621692923363276,0.0
1474,0,0.0,0.0,A,-68.40008207666342,-0.06131350536068658,0.0007300799579297245,0.0012168107868047433,0.00024335890034446657
1475,0,0.0,0.0,A,-68.44690103716422,-0.06134755261311886,0.0009721299074680733,0.0014582067588302344,0.0
1476,0,0.0,0.0,A,-68.4949700742109,-0.061381934641068225,0.0007285939386205557,0.0012143253577200836,0.00024286443590348548
1477,0,0.0,0.0,A,-68.54263939058217,-0.06138355516135363,0.0009714413295983243,0.0014571605915117579,0.0
1478,0,0.0,0.0,A,-68.58864548532462,-0.06135085090528691,0.0007285929695882765,0.0012143232672954189,0.00024286415583863117
1479,0,0.0,0.0,A,-68.63332842560547,-0.06131534920192899,0.0009708601924363628,0.0014563013128369052,0.0
1480,0,0.0,0.0,A,-68.67830306614006,-0.061311231962905555,0.0007271922521671428,0.00121199777823787,0.0002423963479846021
1481,0,0.0,0.0,A,-68.72490208162831,-0.0613424200089524,0.0009682477677025938,0.0014523843130590432,0.0
1482,0,0.0,0.0,A,-68.77289196597889,-0.061378755416530206,0.0007256157818947078,0.0012093623987608755,0.0002418716535399465
1483,0,0.0,0.0,A,-68.82069910128789,-0.06138525490465785,0.0009674159536003913,0.0014511226674090159,0.0
1484,0,0.0,0.0,A,-68.8669270321992,-0.06135564815338629,0.0007256016780713378,0.0012093371850310918,0.00024186711854258587
1485,0,0.0,0.0,A,-68.91170199912085,-0.06131848323103967,0.0009669693276373769,0.0014504638685144562,0.0
1486,0,0.0,0.0,A,-68.95655026395701,-0.061309552133002376,0.0007243263180410722,0.0012072209683842419,0.00024144106158676277
1487,0,0.0,0.0,A,-69.00292642940339,-0.06133741393525183,0.0009644059880015048,0.0014466223047416805,0.0
1488,0,0.0,0.0,A,-69.05081180155202,-0.06137511575562765,0.0007226702114069872,0.0012044537675829387,0.00024088973147533017
1489,0,0.0,0.0,A,-69.09873339485567,-0.06138635252455171,0.0009634258401459541,0.0014451377671991581,0.0
1490,0,0.0,0.0,A,-69.14518431018017,-0.06136028288921669,0.000722628097449076,0.0012043806943092274,0.00024087597756345302
1491,0,0.0,0.0,A,-69.1900758381547,-0.061322051652747955,0.0009630981878567773,0.0014446559976080628,0.0
1492,0,0.0,0.0,A,-69.23482198933247,-0.061308485214428665,0.0007214808087833938,0.0012024781177538762,0.00024049259172039152
1493,0,0.0,0.0,A,-69.28097591425401,-0.06133260963965037,0.0009606029933907157,0.0014409183622135337,0.0
1494,0,0.0,0.0,A,-69.32873315972388,-0.06137107421569449,0.0007197570731665347,0.0011995991960350387,0.00023991861952971246
1495,0,0.0,0.0,A,-69.37674414513057,-0.06138683346414303,0.0009594719751895378,0.0014392073611276944,0.0
1496,0,0.0,0.0,A,-69.42341568352091,-0.06136468158158148,0.0007196728723627338,0.0011994548750144517,0.00023989094722858255
1497,0,0.0,0.0,A,-69.46844637605231,-0.06132599285469631,0.0009592463146433273,0.0014388770295089112,0.0
1498,0,0.0,0.0,A,-69.51311618310608,-0.061308040826042076,0.0007186544487650127,0.0011977671065864855,0.00023955051255102893
1499,0,0.0,0.0,A,-69.55905196787768,-0.06132807862765455,0.0009568371196646268,0.0014352699819362234,0.0
1500,0,0.0,0.0,A,-69.60665958101968,-0.06136669518865062,0.0007168760770874191,0.0011947981893396524,0.00023895822213889422
