t,phi_index,phi,phi_over_pi,sequence,x_mean,deltaP,w_loc3_inst,w_loc5_inst,P0
0,20,1.7453292519943295,0.5555555555555556,A,0.0,0.0,0.9999999999999998,0.9999999999999998,0.9999999999999998
1,20,1.7453292519943295,0.5555555555555556,A,-0.13823013287718688,-0.13823013287718688,0.9999999999999998,0.9999999999999998,0.0
2,20,1.7453292519943295,0.5555555555555556,A,-0.2098370752168066,-0.1049185376084033,0.9999999999999998,0.9999999999999998,0.24098649531343475
3,20,1.7453292519943295,0.5555555555555556,A,-0.22967509933281804,-0.070405925459331,0.9999999999999998,0.9999999999999998,0.0
4,20,1.7453292519943295,0.5555555555555556,A,-0.24026832283841126,-0.05969043449408107,0.5627311812047024,0.9999999999999996,0.36426996356711694
5,20,1.7453292519943295,0.5555555555555556,A,-0.24652607781841873,-0.03617045046121681,0.6681070613560266,0.9999999999999999,0.0
6,20,1.7453292519943295,0.5555555555555556,A,-0.28706764121155615,-0.04606005194393803,0.6234375699834229,0.7480887774591145,0.432768955847997
7,20,1.7453292519943295,0.5555555555555556,A,-0.34050816356644875,-0.042367315522918614,0.6524449660830797,0.8087959801093649,0.0
8,20,1.7453292519943295,0.5555555555555556,A,-0.4189300028533245,-0.05767880283237112,0.641519940296408,0.6600810201444648,0.4430755612933499
9,20,1.7453292519943295,0.5555555555555556,A,-0.5007451801550954,-0.06646547374029954,0.6542155267425417,0.6620126318205714,0.0
10,20,1.7453292519943295,0.5555555555555556,A,-0.5843548027374444,-0.07511431615309566,0.6323179869081225,0.6592308274786809,0.42964013221339414
11,20,1.7453292519943295,0.5555555555555556,A,-0.6663588416713481,-0.08560665149807223,0.646337551328278,0.6651093634177837,0.0
12,20,1.7453292519943295,0.5555555555555556,A,-0.7379110316627274,-0.08455885318967149,0.6213031302331882,0.6516747953692379,0.4209725946237093
13,20,1.7453292519943295,0.5555555555555556,A,-0.8077226590773849,-0.09089984022195974,0.6383781666566613,0.6538557887462184,0.0
14,20,1.7453292519943295,0.5555555555555556,A,-0.8634155306709141,-0.08383570822457187,0.6192326917371541,0.6447142797138266,0.4202030476156747
15,20,1.7453292519943295,0.5555555555555556,A,-0.9179031324551583,-0.08439862449498714,0.6379027528276273,0.6478460715798852,0.0
16,20,1.7453292519943295,0.5555555555555556,A,-0.9644852738222154,-0.07746393118960171,0.6186459227800438,0.6452366650270572,0.41912523424745785
17,20,1.7453292519943295,0.5555555555555556,A,-1.0123211766633882,-0.07341671579661352,0.6362696455614526,0.6488758596366881,0.0
18,20,1.7453292519943295,0.5555555555555556,A,-1.0624043048813094,-0.07082951634684787,0.614023221982102,0.6423589471575757,0.4150405738523965
19,20,1.7453292519943295,0.5555555555555556,A,-1.1131738496473875,-0.06532544771608806,0.6315010608303031,0.6445141501055683,0.0
20,20,1.7453292519943295,0.5555555555555556,A,-1.1703609439772231,-0.06734235768356878,0.610620204390494,0.6383717577008691,0.41268195199903746
21,20,1.7453292519943295,0.5555555555555556,A,-1.2259273222984328,-0.06368472055728586,0.6306524543254127,0.6420661032172822,0.0
22,20,1.7453292519943295,0.5555555555555556,A,-1.2880293497136361,-0.06796649301446556,0.6139287348367422,0.6397776294965962,0.41626746098437367
23,20,1.7453292519943295,0.5555555555555556,A,-1.350014372051057,-0.0680085263776028,0.6353826754513985,0.6446578810102093,0.0
24,20,1.7453292519943295,0.5555555555555556,A,-1.4166638530265174,-0.07179536930160796,0.6212131123202729,0.6439857131730913,0.42316809299813923
25,20,1.7453292519943295,0.5555555555555556,A,-1.4849876342778596,-0.07519440334954086,0.6405640832385564,0.6470923828218648,0.0
26,20,1.7453292519943295,0.5555555555555556,A,-1.5525337834830122,-0.07658189388809047,0.6252156697103131,0.6465111594857883,0.42650985328109003
27,20,1.7453292519943295,0.5555555555555556,A,-1.620800185504491,-0.08090776738043881,0.6413864116084116,0.6477582259384675,0.0
28,20,1.7453292519943295,0.5555555555555556,A,-1.6836940800848823,-0.0794896241330812,0.622352960915936,0.6455834529753488,0.423274590718422
29,20,1.7453292519943295,0.5555555555555556,A,-1.7462582118175622,-0.08182967914154982,0.6374618778536875,0.6463559683284044,0.0
30,20,1.7453292519943295,0.5555555555555556,A,-1.8032670494411822,-0.07871277110508529,0.6161633473256807,0.6420303027389567,0.41741491432852074
31,20,1.7453292519943295,0.5555555555555556,A,-1.8591462823067413,-0.07780333827440467,0.6329975385654218,0.6435961156347133,0.0
32,20,1.7453292519943295,0.5555555555555556,A,-1.9120283972828953,-0.07493396051898499,0.612894576162154,0.6395104178690765,0.4146825742435577
33,20,1.7453292519943295,0.5555555555555556,A,-1.9636311498457477,-0.07183370601730915,0.6322181502140596,0.642613705713301,0.0
34,20,1.7453292519943295,0.5555555555555556,A,-2.01668474938789,-0.07094587482157755,0.6145768061447081,0.6402283115340363,0.41650750309364837
35,20,1.7453292519943295,0.5555555555555556,A,-2.070241550116668,-0.06796307660883782,0.6346061644207296,0.6438531966178999,0.0
36,20,1.7453292519943295,0.5555555555555556,A,-2.129027015428533,-0.06950997748731036,0.6179685557769166,0.6421944643720038,0.41974627467285053
37,20,1.7453292519943295,0.5555555555555556,A,-2.189331869440598,-0.06849803025554402,0.6367669014866232,0.6449198785861341,0.0
38,20,1.7453292519943295,0.5555555555555556,A,-2.2540664744240297,-0.07129618470252747,0.6195160313506497,0.6431024945521889,0.42113323097247135
39,20,1.7453292519943295,0.5555555555555556,A,-2.3191448576198392,-0.07252820569537882,0.6371027080559718,0.6450921225647962,0.0
40,20,1.7453292519943295,0.5555555555555556,A,-2.3849675196825477,-0.07463780639895068,0.619042675353473,0.642956459854794,0.4205933729785799
41,20,1.7453292519943295,0.5555555555555556,A,-2.4503393673975338,-0.07697698884979887,0.6365580341006399,0.6449533296412713,0.0
42,20,1.7453292519943295,0.5555555555555556,A,-2.513482129292004,-0.07712259034776636,0.618460822623874,0.6426463981188806,0.4200345018530538
43,20,1.7453292519943295,0.5555555555555556,A,-2.5762104650921325,-0.0790645599561241,0.6363845432073962,0.6447915137665127,0.0
44,20,1.7453292519943295,0.5555555555555556,A,-2.6352366452426312,-0.07741261539373523,0.6185864143989537,0.6426472956228939,0.4201667493843751
45,20,1.7453292519943295,0.5555555555555556,A,-2.6938982913709895,-0.07796967280978284,0.6364897507846218,0.6447942439768696,0.0
46,20,1.7453292519943295,0.5555555555555556,A,-2.7497148574702384,-0.07580742841283039,0.6183502773493035,0.6425783592180943,0.41989381209712223
47,20,1.7453292519943295,0.5555555555555556,A,-2.8056817849612044,-0.07484820331469855,0.6358787698874946,0.6445866137307601,0.0
48,20,1.7453292519943295,0.5555555555555556,A,-2.8615493358768136,-0.07356279223744733,0.6169543281121265,0.6418041595426582,0.4185502731225659
49,20,1.7453292519943295,0.5555555555555556,A,-2.917698375812967,-0.07175191873437176,0.6345604131217172,0.6438397482017159,0.0
50,20,1.7453292519943295,0.5555555555555556,A,-2.9757295258007326,-0.07194684638157262,0.6155882232944101,0.64088242955508,0.417325349978374
51,20,1.7453292519943295,0.5555555555555556,A,-3.0334612870324547,-0.07036665066559494,0.6340137564115109,0.6434039648505807,0.0
52,20,1.7453292519943295,0.5555555555555556,A,-3.093697523519796,-0.07170158014309957,0.6160523119804197,0.6410537863634204,0.4178489116312504
53,20,1.7453292519943295,0.5555555555555556,A,-3.153876657352629,-0.07127698751442096,0.6351632134436255,0.6439762638496067,0.0
54,20,1.7453292519943295,0.5555555555555556,A,-3.2162827842523507,-0.0728749326823045,0.6182327535328487,0.6423087160272116,0.41994374414665536
55,20,1.7453292519943295,0.5555555555555556,A,-3.279248295924653,-0.07384106753260733,0.6369720565048641,0.64492181604479,0.0
56,20,1.7453292519943295,0.5555555555555556,A,-3.342627803195554,-0.07480631907446395,0.6200041810432984,0.6433794108998158,0.4215759907992013
57,20,1.7453292519943295,0.5555555555555556,A,-3.406272793379503,-0.07651331754275459,0.637652629730991,0.6453255425519958,0.0
58,20,1.7453292519943295,0.5555555555555556,A,-3.468104524265644,-0.0763500803386325,0.6196559794922174,0.643282517587796,0.4211599587158658
59,20,1.7453292519943295,0.5555555555555556,A,-3.529736309815293,-0.07766010416270358,0.6366522768074476,0.6449029712932727,0.0
60,20,1.7453292519943295,0.5555555555555556,A,-3.5888387032923954,-0.07650729042976578,0.6177562487087129,0.6422223923889253,0.4193254075978776
61,20,1.7453292519943295,0.5555555555555556,A,-3.647531778222757,-0.07659771655268605,0.6351278207404021,0.644084470314037,0.0
62,20,1.7453292519943295,0.5555555555555556,A,-3.7044209977274054,-0.07516676461410698,0.6163181248082404,0.641310192992342,0.4180046831730364
63,20,1.7453292519943295,0.5555555555555556,A,-3.7608167844984415,-0.07408869784137057,0.6345586688988862,0.6436962716935509,0.0
64,20,1.7453292519943295,0.5555555555555556,A,-3.81716893646644,-0.07327301347916376,0.6164605533586613,0.6413331157797292,0.41818814555381234
65,20,1.7453292519943295,0.5555555555555556,A,-3.873606610298956,-0.07183135491916892,0.635123525301082,0.6439767731608922,0.0
66,20,1.7453292519943295,0.5555555555555556,A,-3.9320247228656013,-0.07214018406310457,0.6174512821131084,0.6419055544880666,0.41914158231570253
67,20,1.7453292519943295,0.5555555555555556,A,-3.99109577862152,-0.07126895195546545,0.6358348960526998,0.6443473924419569,0.0
68,20,1.7453292519943295,0.5555555555555556,A,-4.052543958293969,-0.07245806061867727,0.6180427639087731,0.6422481281721869,0.41969598899974536
69,20,1.7453292519943295,0.5555555555555556,A,-4.114250216623498,-0.07260443614985962,0.6360246270827831,0.6444365045481419,0.0
70,20,1.7453292519943295,0.5555555555555556,A,-4.176977167490307,-0.07384833939738944,0.618030989341437,0.6422525875511005,0.4196742618406882
71,20,1.7453292519943295,0.5555555555555556,A,-4.239506903942078,-0.07478930329752065,0.6359768565538619,0.6444319842514323,0.0
72,20,1.7453292519943295,0.5555555555555556,A,-4.3015247618151395,-0.0752877617121992,0.6180698111158566,0.6422854671851604,0.41970909930849376
73,20,1.7453292519943295,0.5555555555555556,A,-4.363377763105974,-0.07639799239044476,0.6361458363849766,0.6445198560728498,0.0
74,20,1.7453292519943295,0.5555555555555556,A,-4.423641575293783,-0.07591513211415618,0.6183967388959369,0.6424700072833468,0.420017925507969
75,20,1.7453292519943295,0.5555555555555556,A,-4.483753381750838,-0.07657085240157813,0.6363636048013549,0.6446275421271838,0.0
76,20,1.7453292519943295,0.5555555555555556,A,-4.542093935045127,-0.07551652974361561,0.6184127693671158,0.6425007609243032,0.42001404105520423
77,20,1.7453292519943295,0.5555555555555556,A,-4.6004118034596,-0.07538925648658518,0.6360866201258484,0.644515886133879,0.0
78,20,1.7453292519943295,0.5555555555555556,A,-4.6580021539280505,-0.0744604388786313,0.617646792770609,0.6420794553548553,0.4192702320372719
79,20,1.7453292519943295,0.5555555555555556,A,-4.715704413156905,-0.07365275117192038,0.6352937331316639,0.6441031068137133,0.0
80,20,1.7453292519943295,0.5555555555555556,A,-4.773924103636677,-0.07336522407778961,0.616670562936483,0.6414836144188877,0.41835835479036354
81,20,1.7453292519943295,0.5555555555555556,A,-4.832027242930559,-0.07236175884133544,0.6347574974894954,0.6437769233487248,0.0
82,20,1.7453292519943295,0.5555555555555556,A,-4.891357474802554,-0.07280230606118165,0.6165684715346258,0.6413822016151681,0.418293314702609
83,20,1.7453292519943295,0.5555555555555556,A,-4.950607370927454,-0.07221426370097428,0.6351430778786735,0.6439555296310605,0.0
84,20,1.7453292519943295,0.5555555555555556,A,-5.011345056436181,-0.07307840579183689,0.6175759919859678,0.6419551776299044,0.4192677737500504
85,20,1.7453292519943295,0.5555555555555556,A,-5.072388300573605,-0.07327495986161647,0.6361162765257328,0.6444647833658047,0.0
86,20,1.7453292519943295,0.5555555555555556,A,-5.134272831416249,-0.07406109595950372,0.6187069708675201,0.6426234996103767,0.4203327993315312
87,20,1.7453292519943295,0.5555555555555556,A,-5.196393900390866,-0.07490696271865949,0.6367083423338507,0.644787357422979,0.0
88,20,1.7453292519943295,0.5555555555555556,A,-5.257982393227905,-0.07516732606968418,0.6188749340040689,0.6427530032930088,0.42046490227780153
89,20,1.7453292519943295,0.5555555555555556,A,-5.319472199426825,-0.07609281998421541,0.6364179687647269,0.6446681225487244,0.0
90,20,1.7453292519943295,0.5555555555555556,A,-5.379560208295266,-0.07567508930498035,0.6180814479685821,0.64231566913905,0.4196930757198393
91,20,1.7453292519943295,0.5555555555555556,A,-5.439416814871274,-0.07607748430019223,0.6356814266688442,0.6442894904355116,0.0
92,20,1.7453292519943295,0.5555555555555556,A,-5.4979173816813365,-0.07523662820593252,0.617263565069255,0.6418248069680556,0.41892377542786874
93,20,1.7453292519943295,0.5555555555555556,A,-5.556135835843051,-0.07490074833360844,0.6352660000782456,0.6440454019085208,0.0
94,20,1.7453292519943295,0.5555555555555556,A,-5.613784428071687,-0.07416981889719709,0.617125028636607,0.6417220183464619,0.4188078483472044
95,20,1.7453292519943295,0.5555555555555556,A,-5.671382075772371,-0.07337552161491528,0.6353925598465099,0.644102290958947,0.0
96,20,1.7453292519943295,0.5555555555555556,A,-5.729690551803993,-0.07322544275473991,0.6174568203687166,0.6419127130911365,0.4191287930390678
97,20,1.7453292519943295,0.5555555555555556,A,-5.788332858588676,-0.0725032155883143,0.6356539952441965,0.6442413426456464,0.0
98,20,1.7453292519943295,0.5555555555555556,A,-5.848412063435394,-0.07301208066066145,0.6176761580432065,0.6420389949296912,0.4193370306867558
99,20,1.7453292519943295,0.5555555555555556,A,-5.908714682335066,-0.07277748431599534,0.6357169479202242,0.6442670507450952,0.0
100,20,1.7453292519943295,0.5555555555555556,A,-5.9700321994556145,-0.07357950086167453,0.6176774954706601,0.6420366470441103,0.4193388961740567
101,20,1.7453292519943295,0.5555555555555556,A,-6.03126171386158,-0.07391196665143235,0.6357356869897488,0.6442770247830006,0.0
102,20,1.7453292519943295,0.5555555555555556,A,-6.092648693181626,-0.07447630539013123,0.6178171031208866,0.6421189497381931,0.4194735045688368
103,20,1.7453292519943295,0.5555555555555556,A,-6.153955677314578,-0.07513865524181351,0.6359609779248,0.6443971812492684,0.0
104,20,1.7453292519943295,0.5555555555555556,A,-6.214630777933168,-0.07513998358635626,0.6181972362548556,0.6423406610393733,0.4198339983293599
105,20,1.7453292519943295,0.5555555555555556,A,-6.2752586227939045,-0.07574631501549622,0.6362417850109804,0.6445440108346021,0.0
106,20,1.7453292519943295,0.5555555555555556,A,-6.334762765164313,-0.07524393227319626,0.6183748472269293,0.642454170785166,0.41999306644745227
107,20,1.7453292519943295,0.5555555555555556,A,-6.394215411516923,-0.07545598374269763,0.6361637375562142,0.6445176933261605,0.0
108,20,1.7453292519943295,0.5555555555555556,A,-6.452807867790051,-0.07479647874103779,0.6179458889086037,0.6422202084943421,0.4195737840909773
109,20,1.7453292519943295,0.5555555555555556,A,-6.511421774830714,-0.07449324162988868,0.6356388483145146,0.6442515955462444,0.0
110,20,1.7453292519943295,0.5555555555555556,A,-6.5699254861674,-0.07406391883913649,0.6171993402006366,0.6417800372671771,0.4188665811870794
111,20,1.7453292519943295,0.5555555555555556,A,-6.6283630450362585,-0.07342419459429517,0.6351439589200927,0.6439753251855723,0.0
112,20,1.7453292519943295,0.5555555555555556,A,-6.6873332918840935,-0.07344349735463979,0.6168930563010927,0.6415806611139357,0.41859028328316183
113,20,1.7453292519943295,0.5555555555555556,A,-6.746213980170749,-0.07286317293918815,0.6352093227350959,0.6439934130786614,0.0
114,20,1.7453292519943295,0.5555555555555556,A,-6.806078930573891,-0.07329769644029593,0.6173675469434992,0.6418458107959237,0.41905289867797857
115,20,1.7453292519943295,0.5555555555555556,A,-6.866118661765759,-0.07314849392862116,0.6357726318647413,0.64428622707732,0.0
116,20,1.7453292519943295,0.5555555555555556,A,-6.927071481520047,-0.07374388199948095,0.618129216105688,0.6422912402470599,0.41977631651247094
117,20,1.7453292519943295,0.5555555555555556,A,-6.988249888685109,-0.07411754323577857,0.6362534631048018,0.644541976872055,0.0
118,20,1.7453292519943295,0.5555555555555556,A,-7.049533164701604,-0.0745235020241638,0.6184339501294696,0.642480372821669,0.4200554159710831
119,20,1.7453292519943295,0.5555555555555556,A,-7.110794377311783,-0.07515988829154974,0.6362324943282606,0.6445436404600061,0.0
120,20,1.7453292519943295,0.5555555555555556,A,-7.171334897754511,-0.075124968685571,0.6181133969123865,0.642306829179104,0.4197408233258194
121,20,1.7453292519943295,0.5555555555555556,A,-7.231722535513825,-0.07560065460476634,0.6358642269681155,0.6443587172066035,0.0
122,20,1.7453292519943295,0.5555555555555556,A,-7.291116664980102,-0.07514113493403496,0.6176439424503269,0.642032081151233,0.41929471643181904
123,20,1.7453292519943295,0.5555555555555556,A,-7.350329285642502,-0.07517021212274622,0.6355887879571658,0.6442060719476418,0.0
124,20,1.7453292519943295,0.5555555555555556,A,-7.408821178974344,-0.07458115099909757,0.6174809406138104,0.6419281657734992,0.4191453277950447
125,20,1.7453292519943295,0.5555555555555556,A,-7.467219901757023,-0.07418802891157394,0.6355847200977025,0.6441985184423035,0.0
126,20,1.7453292519943295,0.5555555555555556,A,-7.525674517671623,-0.0738541526271273,0.6175684877647583,0.6419780538421345,0.41923068596632196
127,20,1.7453292519943295,0.5555555555555556,A,-7.584290096748319,-0.07331445125033581,0.6356544702105632,0.6442374374677057,0.0
128,20,1.7453292519943295,0.5555555555555556,A,-7.643706208241214,-0.07344207332330299,0.6175958061534859,0.6419939880434602,0.41925674095716714
129,20,1.7453292519943295,0.5555555555555556,A,-7.703304254715678,-0.07308019407035088,0.6356202749755193,0.6442158361785782,0.0
130,20,1.7453292519943295,0.5555555555555556,A,-7.76375767577391,-0.07355929622346519,0.6175306022721839,0.6419514967593575,0.41919698456392684
131,20,1.7453292519943295,0.5555555555555556,A,-7.824182015984347,-0.07356219329479852,0.6356080647427956,0.6442051139501771,0.0
132,20,1.7453292519943295,0.5555555555555556,A,-7.885037244211466,-0.07406562511894726,0.6176397166119443,0.6420122710372206,0.419304015203013
133,20,1.7453292519943295,0.5555555555555556,A,-7.945845632363415,-0.07440866212113734,0.6358087584694995,0.6443103382748322,0.0
134,20,1.7453292519943295,0.5555555555555556,A,-8.00655700589487,-0.07462987973603596,0.6180050176290464,0.6422251286377822,0.41965203566249776
135,20,1.7453292519943295,0.5555555555555556,A,-8.067278868084943,-0.07511061686618703,0.6361103435576717,0.6444690737769813,0.0
136,20,1.7453292519943295,0.5555555555555556,A,-8.127377532108696,-0.07494825993337473,0.6182797307295601,0.6423905311808912,0.41990806603691117
137,20,1.7453292519943295,0.5555555555555556,A,-8.187444361740429,-0.07528930040768733,0.6361658158629949,0.6445054783191564,0.0
138,20,1.7453292519943295,0.5555555555555556,A,-8.246742920931723,-0.07487168246755105,0.6180825033665787,0.6422860149292557,0.41971245414861535
139,20,1.7453292519943295,0.5555555555555556,A,-8.306017174703996,-0.07486612230928752,0.6358319259541957,0.6443386868585328,0.0
140,20,1.7453292519943295,0.5555555555555556,A,-8.36488448009171,-0.0744454166902494,0.6175254520741863,0.6419629629300154,0.4191810874272811
141,20,1.7453292519943295,0.5555555555555556,A,-8.423698806362674,-0.07408937780489622,0.6354050164149566,0.6441092358983035,0.0
142,20,1.7453292519943295,0.5555555555555556,A,-8.482605632531804,-0.07389903723822455,0.617153840553576,0.6417358796078246,0.4188347549036199
143,20,1.7453292519943295,0.5555555555555556,A,-8.54142317473369,-0.07341466515997336,0.6353135688070024,0.6440506807879317,0.0
144,20,1.7453292519943295,0.5555555555555556,A,-8.600811709601551,-0.07355788935569757,0.6173299246790319,0.6418299352510156,0.4190098667110149
145,20,1.7453292519943295,0.5555555555555556,A,-8.660286455103229,-0.073258851571047,0.6356242191812047,0.6442104170526134,0.0
146,20,1.7453292519943295,0.5555555555555556,A,-8.72056251476777,-0.07365463741491379,0.6178278367353192,0.6421192209362554,0.4194850437399936
147,20,1.7453292519943295,0.5555555555555556,A,-8.78103915444813,-0.07373158423543463,0.6359873796925709,0.6444018565532712,0.0
148,20,1.7453292519943295,0.5555555555555556,A,-8.841938710145907,-0.0741448088636526,0.6181346654296227,0.6423023403426898,0.4197727343544868
149,20,1.7453292519943295,0.5555555555555556,A,-8.90287430798025,-0.07453208216211193,0.6360704236002238,0.6444501689729506,0.0
150,20,1.7453292519943295,0.5555555555555556,A,-8.963560252968508,-0.07470329761464362,0.6180429895077895,0.6422555871516756,0.4196803499888284
151,20,1.7453292519943295,0.5555555555555556,A,-9.024143527465869,-0.07513552037161747,0.6359035246190236,0.6443681312866766,0.0
152,20,1.7453292519943295,0.5555555555555556,A,-9.084069720991442,-0.07495172269904476,0.6177964299114435,0.6421136132933911,0.41944460227742597
153,20,1.7453292519943295,0.5555555555555556,A,-9.143873890264542,-0.07515889312072349,0.6357462077427477,0.6442837556157641,0.0
154,20,1.7453292519943295,0.5555555555555556,A,-9.20299710663349,-0.07474115715871171,0.6176866812132723,0.6420462797805867,0.4193420146365491
155,20,1.7453292519943295,0.5555555555555556,A,-9.26202697313704,-0.07462078210439893,0.6357220912061573,0.6442682558642477,0.0
156,20,1.7453292519943295,0.5555555555555556,A,-9.32077350846454,-0.07424623717032852,0.6176940688947518,0.6420504218271271,0.41934940044330077
157,20,1.7453292519943295,0.5555555555555556,A,-9.379578210395788,-0.07389868795159321,0.6357136611643636,0.6442659291667351,0.0
158,20,1.7453292519943295,0.5555555555555556,A,-9.43871469636674,-0.07380550058282109,0.617626603603481,0.642012219603239,0.4192846947238908
159,20,1.7453292519943295,0.5555555555555556,A,-9.49798428821649,-0.07344545050634094,0.6356167964934395,0.6442140553406401,0.0
160,20,1.7453292519943295,0.5555555555555556,A,-9.557873981219608,-0.07367246424141977,0.6174916278781816,0.6419302775839854,0.4191581166927296
161,20,1.7453292519943295,0.5555555555555556,A,-9.617766859979545,-0.07350079957049244,0.6355503605253698,0.6441746796354282,0.0
162,20,1.7453292519943295,0.5555555555555556,A,-9.678154704588152,-0.07388206987057389,0.6175271294104839,0.6419470053589665,0.41919526436782195
163,20,1.7453292519943295,0.5555555555555556,A,-9.738508575975409,-0.0739885782235632,0.6356923560836546,0.6442474224757703,0.0
164,20,1.7453292519943295,0.5555555555555556,A,-9.799061509307979,-0.07428474799198448,0.6178354098205737,0.6421256324454807,0.4194901077734508
165,20,1.7453292519943295,0.5555555555555556,A,-9.859652044470872,-0.07460777200650204,0.6359794840129935,0.6443983486823293,0.0
166,20,1.7453292519943295,0.5555555555555556,A,-9.920010314911956,-0.0746570218274214,0.6181534679179098,0.6423137739748412,0.419790078496477
167,20,1.7453292519943295,0.5555555555555556,A,-9.98037198301956,-0.0750086491512666,0.6361202829186202,0.6444760396401592,0.0
168,20,1.7453292519943295,0.5555555555555556,A,-10.040167760183753,-0.07480186296200386,0.6181225709744989,0.6423024989749847,0.41975520702643915
169,20,1.7453292519943295,0.5555555555555556,A,-10.099924775416824,-0.07496551703245702,0.6359352305147583,0.6443852678148118,0.0
170,20,1.7453292519943295,0.5555555555555556,A,-10.15917824811074,-0.07463042579750584,0.6177342428225379,0.6420796791624074,0.41938303652734044
171,20,1.7453292519943295,0.5555555555555556,A,-10.218379434240381,-0.07449756798597484,0.6355928257367499,0.6442050241399274,0.0
172,20,1.7453292519943295,0.5555555555555556,A,-10.277399492484586,-0.07422543411269594,0.6173715591381678,0.6418634949930241,0.4190410697435086
173,20,1.7453292519943295,0.5555555555555556,A,-10.336336266837737,-0.07387935657255568,0.6354316271835403,0.6441140011293185,0.0
174,20,1.7453292519943295,0.5555555555555556,A,-10.395507504485973,-0.07382875988343557,0.6173757443800091,0.6418598645750212,0.41904996087476876
175,20,1.7453292519943295,0.5555555555555556,A,-10.454702571171438,-0.07349673226650849,0.6355771212611709,0.6441872226611965,0.0
176,20,1.7453292519943295,0.5555555555555556,A,-10.51449358787373,-0.0737040162336331,0.6176761089423608,0.6420333438645428,0.41933770048027297
177,20,1.7453292519943295,0.5555555555555556,A,-10.574445949114125,-0.0736003126586493,0.6358286378760439,0.6443192616627206,0.0
178,20,1.7453292519943295,0.5555555555555556,A,-10.634933996050961,-0.07394347624752218,0.6179276069729321,0.642181353525945,0.41957557352118335
179,20,1.7453292519943295,0.5555555555555556,A,-10.695497027011637,-0.07412175921756836,0.6359353907420673,0.644376732172627,0.0
180,20,1.7453292519943295,0.5555555555555556,A,-10.756130072101048,-0.07438352972781098,0.6179385308394734,0.6421906827867704,0.41958346837796234
181,20,1.7453292519943295,0.5555555555555556,A,-10.81670046344577,-0.07471228698568516,0.635877330951929,0.6443491801372432,0.0
182,20,1.7453292519943295,0.5555555555555556,A,-10.876915629213416,-0.07472233492837793,0.6178326571645345,0.642130683433492,0.41948168434804867
183,20,1.7453292519943295,0.5555555555555556,A,-10.937046909721388,-0.07499061211943142,0.6358103981399446,0.6443143056274308,0.0
184,20,1.7453292519943295,0.5555555555555556,A,-10.99663857755679,-0.07474664344399129,0.6177943501067333,0.6421073852146534,0.41944563428327497
185,20,1.7453292519943295,0.5555555555555556,A,-11.05615581420522,-0.0748036891670868,0.6358104277350024,0.6443130485815779,0.0
186,20,1.7453292519943295,0.5555555555555556,A,-11.115254240625049,-0.0744726762749025,0.6177992705131932,0.6421106421081549,0.41944986420634367
187,20,1.7453292519943295,0.5555555555555556,A,-11.174353761922827,-0.07430339339188896,0.6357854970508531,0.644301704778157,0.0
188,20,1.7453292519943295,0.5555555555555556,A,-11.23345471120969,-0.07409971353593386,0.61770141391299,0.6420553051579532,0.4193556973077927
189,20,1.7453292519943295,0.5555555555555556,A,-11.292639055828403,-0.07381234806401488,0.63565991265793,0.6442363498091154,0.0
190,20,1.7453292519943295,0.5555555555555556,A,-11.352186990865338,-0.07385137776472284,0.6175184746594273,0.6419469728490035,0.4191825945032246
191,20,1.7453292519943295,0.5555555555555556,A,-11.411752269708117,-0.07361045649873205,0.6355436470005685,0.6441719300083298,0.0
192,20,1.7453292519943295,0.5555555555555556,A,-11.471753174167326,-0.07384770933916074,0.6174733296692589,0.6419168458986592,0.4191425403075648
193,20,1.7453292519943295,0.5555555555555556,A,-11.53172487943299,-0.0737906043221071,0.6356149180916264,0.6442067305015234,0.0
194,20,1.7453292519943295,0.5555555555555556,A,-11.592027588132655,-0.0740721691091234,0.61770033621827,0.642047326844739,0.4193605654883642
195,20,1.7453292519943295,0.5555555555555556,A,-11.652373330857522,-0.07423638187493148,0.6358610105803477,0.6443356010844516,0.0
196,20,1.7453292519943295,0.5555555555555556,A,-11.712768559464088,-0.07440076224383074,0.6180170759006374,0.6422331535530861,0.41966096015965737
197,20,1.7453292519943295,0.5555555555555556,A,-11.77320118600176,-0.07469261017334472,0.6360464387742439,0.6444348645647995,0.0
198,20,1.7453292519943295,0.5555555555555556,A,-11.833309819331646,-0.07465422442488806,0.6180988999856046,0.6422850579956554,0.4197352462490582
199,20,1.7453292519943295,0.5555555555555556,A,-11.893387304099871,-0.0748925991658086,0.6359756134694242,0.6444020302906511,0.0
200,20,1.7453292519943295,0.5555555555555556,A,-11.952996854857059,-0.07467729174892435,0.6178575189212936,0.6421479483969208,0.41950281559057234
201,20,1.7453292519943295,0.5555555555555556,A,-12.012552921820632,-0.07470714759806235,0.6357234373172748,0.6442710988369871,0.0
202,20,1.7453292519943295,0.5555555555555556,A,-12.07178451332186,-0.07443808214288489,0.6175463022932759,0.6419649269736961,0.41920761564344655
203,20,1.7453292519943295,0.5555555555555556,A,-12.1309415971477,-0.07424043650772577,0.6355465186414506,0.6441747600341625,0.0
204,20,1.7453292519943295,0.5555555555555556,A,-12.190079954001407,-0.07407755526716941,0.6174614242717296,0.6419114653207492,0.4191298252749408
205,20,1.7453292519943295,0.5555555555555556,A,-12.249201339086554,-0.07378604846097753,0.6355880836594349,0.6441939534215997,0.0
206,20,1.7453292519943295,0.5555555555555556,A,-12.308681395461035,-0.0738343308721991,0.6176184752406859,0.6420014386182956,0.41928096036805074
207,20,1.7453292519943295,0.5555555555555556,A,-12.368275842185117,-0.07363966742981037,0.6357434631866198,0.6442753219620809,0.0
208,20,1.7453292519943295,0.5555555555555556,A,-12.42837874809236,-0.07387420101523262,0.6177941474798194,0.6421041701148464,0.41944784979159655
209,20,1.7453292519943295,0.5555555555555556,A,-12.488575688589384,-0.07389174460763825,0.6358328626518952,0.6443224375304174,0.0
210,20,1.7453292519943295,0.5555555555555556,A,-12.549032511981768,-0.0741625371509429,0.6178344992746451,0.6421286578041788,0.41948525954863936
211,20,1.7453292519943295,0.5555555555555556,A,-12.609460775344651,-0.07436464988981284,0.6358242880412908,0.644318983396483,0.0
212,20,1.7453292519943295,0.5555555555555556,A,-12.669783081052774,-0.07449507175439596,0.6178072896165268,0.6421137170743293,0.41945887515277913
213,20,1.7453292519943295,0.5555555555555556,A,-12.730046852200003,-0.07474721207232055,0.6358174641410275,0.6443160022045836,0.0
214,20,1.7453292519943295,0.5555555555555556,A,-12.789956020581783,-0.07465743576154948,0.617831794758701,0.6421279108537924,0.4194822094790496
215,20,1.7453292519943295,0.5555555555555556,A,-12.849815592052636,-0.07481203533149011,0.6358545899431934,0.6443350857040564,0.0
216,20,1.7453292519943295,0.5555555555555556,A,-12.909259039266,-0.07457064236471228,0.6178693200223921,0.6421504137432305,0.4195171975962395
217,20,1.7453292519943295,0.5555555555555556,A,-12.96867945538268,-0.0745474530440115,0.6358472725010516,0.6443326237882742,0.0
218,20,1.7453292519943295,0.5555555555555556,A,-13.02789893393037,-0.07431455871458853,0.6177845143280896,0.6421028600647574,0.41943515267311193
219,20,1.7453292519943295,0.5555555555555556,A,-13.087158273718993,-0.07413277462098355,0.6357226140173144,0.6442685635620736,0.0
220,20,1.7453292519943295,0.5555555555555556,A,-13.146545026265418,-0.07404742839347206,0.6175833872897509,0.641985236747217,0.4192439117856789
221,20,1.7453292519943295,0.5555555555555556,A,-13.205950121442335,-0.07381131686905773,0.6355732818709416,0.6441881592308417,0.0
222,20,1.7453292519943295,0.5555555555555556,A,-13.265663653630176,-0.07391063037602191,0.6174698612476458,0.6419160090338247,0.4191380629871472
223,20,1.7453292519943295,0.5555555555555556,A,-13.325349875805339,-0.07375798151923207,0.6355762068938174,0.6441869751072735,0.0
224,20,1.7453292519943295,0.5555555555555556,A,-13.385381888935441,-0.07397217222117525,0.6176069648396127,0.6419937162706297,0.4192706289373398
225,20,1.7453292519943295,0.5555555555555556,A,-13.44544827755973,-0.07399903015509268,0.635764684580951,0.6442851186591261,0.0
226,20,1.7453292519943295,0.5555555555555556,A,-13.505736759129654,-0.07420276277413718,0.6178883273438931,0.6421579342712179,0.419538382404923
227,20,1.7453292519943295,0.5555555555555556,A,-13.566086241731508,-0.0743985187783065,0.6359606697648595,0.64438888401857,0.0
228,20,1.7453292519943295,0.5555555555555556,A,-13.62634208733867,-0.07447774921440287,0.6180355425512353,0.6422462344892342,0.4196763121612549
229,20,1.7453292519943295,0.5555555555555556,A,-13.686587691506334,-0.07472025000318383,0.6359710567179406,0.6443970565012085,0.0
230,20,1.7453292519943295,0.5555555555555556,A,-13.7464825834469,-0.07462863479484833,0.617914065228172,0.6421783716534909,0.4195584113158468
231,20,1.7453292519943295,0.5555555555555556,A,-13.806326375669524,-0.07476014710288353,0.6358047054403161,0.6443116702208407,0.0
232,20,1.7453292519943295,0.5555555555555556,A,-13.865806861150833,-0.07454766509334321,0.6176751880607965,0.6420391521448393,0.4193309492366163
233,20,1.7453292519943295,0.5555555555555556,A,-13.9252223251758,-0.07448457629839,0.6356456877114036,0.6442266828221876,0.0
234,20,1.7453292519943295,0.5555555555555556,A,-13.984453685195412,-0.07427826249852582,0.6175587409804786,0.6419689099473893,0.4192217676040161
235,20,1.7453292519943295,0.5555555555555556,A,-14.043645692150381,-0.07406872847660034,0.6356300508942895,0.6442165186322711,0.0
236,20,1.7453292519943295,0.5555555555555556,A,-14.102972787834512,-0.0740002453582142,0.6176207735593988,0.6420038058127665,0.41928201397405374
237,20,1.7453292519943295,0.5555555555555556,A,-14.162367467950384,-0.07378461866590325,0.6357111302420689,0.6442588870157465,0.0
238,20,1.7453292519943295,0.5555555555555556,A,-14.222155541742357,-0.07390107506719251,0.6177219814762327,0.6420628250174419,0.41937842161001104
239,20,1.7453292519943295,0.5555555555555556,A,-14.28203825558462,-0.07381157402594707,0.6357654477769261,0.6442872751276812,0.0
240,20,1.7453292519943295,0.5555555555555556,A,-14.342258277525604,-0.07403682925024513,0.6177504548565648,0.642079453782492,0.4194052988781987
241,20,1.7453292519943295,0.5555555555555556,A,-14.402477494060257,-0.0741160527880333,0.6357676492283875,0.6442883694333413,0.0
242,20,1.7453292519943295,0.5555555555555556,A,-14.462773036820176,-0.07430152566446951,0.6177545510360936,0.6420819442952825,0.4194092328987372
243,20,1.7453292519943295,0.5555555555555556,A,-14.523027528377513,-0.07449068755417959,0.6357916270792746,0.6443012363127508,0.0
244,20,1.7453292519943295,0.5555555555555556,A,-14.583113920994645,-0.07451998093785173,0.6178205626697472,0.6421204617178893,0.4194721327543136
245,20,1.7453292519943295,0.5555555555555556,A,-14.64317346294646,-0.07470605959520343,0.6358617185992484,0.6443380028403999,0.0
246,20,1.7453292519943295,0.5555555555555556,A,-14.702906100143634,-0.07457107694503762,0.6179001489298689,0.6421674965557806,0.4195471967763168
247,20,1.7453292519943295,0.5555555555555556,A,-14.76261428407772,-0.07465044471341936,0.6358875652155922,0.644352618725262,0.0
248,20,1.7453292519943295,0.5555555555555556,A,-14.822033784806026,-0.07444545483065051,0.6178545142385593,0.6421426823669082,0.41950237455244144
249,20,1.7453292519943295,0.5555555555555556,A,-14.881461226864719,-0.07437393213576649,0.6357863956007895,0.6443011528217675,0.0
250,20,1.7453292519943295,0.5555555555555556,A,-14.940830033038075,-0.07422451363615934,0.6176642492339277,0.6420322928194114,0.41932085611636566
251,20,1.7453292519943295,0.5555555555555556,A,-15.000209525214853,-0.07404108988303171,0.6356252301827686,0.6442157449916296,0.0
252,20,1.7453292519943295,0.5555555555555556,A,-15.05974495435573,-0.07402798812905431,0.6175049255204466,0.6419373321187274,0.41917065491267624
253,20,1.7453292519943295,0.5555555555555556,A,-15.119254032079546,-0.0738401666382772,0.6355720208972486,0.6441854564900802,0.0
254,20,1.7453292519943295,0.5555555555555556,A,-15.179045686765402,-0.07396325833587575,0.6175568872814239,0.641965411442006,0.41922200176684304
255,20,1.7453292519943295,0.5555555555555556,A,-15.23885588311888,-0.0738888499422633,0.6356966155424797,0.6442497443262195,0.0
256,20,1.7453292519943295,0.5555555555555556,A,-15.298960336593971,-0.07407570881040293,0.6177809200793194,0.6420956023838842,0.4194357657514929
257,20,1.7453292519943295,0.5555555555555556,A,-15.359135246668425,-0.07416598901700289,0.6358769101989388,0.6443446743505902,0.0
258,20,1.7453292519943295,0.5555555555555556,A,-15.41939998448773,-0.0743098747839302,0.6179530503460388,0.6421972785887917,0.4195984195439951
259,20,1.7453292519943295,0.5555555555555556,A,-15.479680151141753,-0.07450813134044132,0.6359371591071415,0.6443778449910352,0.0
260,20,1.7453292519943295,0.5555555555555556,A,-15.539764757175295,-0.0745225084919438,0.617920225318235,0.64218025838346,0.419565480145605
261,20,1.7453292519943295,0.5555555555555556,A,-15.599806530709385,-0.07469856083662324,0.6358439957494134,0.6443306633631529,0.0
262,20,1.7453292519943295,0.5555555555555556,A,-15.659524748212679,-0.07456960686729353,0.6177578641735972,0.6420863269117145,0.4194103948036325
263,20,1.7453292519943295,0.5555555555555556,A,-15.719187085759174,-0.07461075472227952,0.6357209856383609,0.6442657476822582,0.0
264,20,1.7453292519943295,0.5555555555555556,A,-15.778584360282633,-0.07441502721547344,0.6176480538777928,0.6420211179132714,0.4193066489391992
265,20,1.7453292519943295,0.5555555555555556,A,-15.837934456722802,-0.07430256616010789,0.6356833950653991,0.6442447257996062,0.0
266,20,1.7453292519943295,0.5555555555555556,A,-15.897241123074984,-0.07416511883491794,0.6176571792801644,0.6420255669469824,0.4193160685763482
267,20,1.7453292519943295,0.5555555555555556,A,-15.956575536781653,-0.07397891383401711,0.6357148186584557,0.6442610999341604,0.0
268,20,1.7453292519943295,0.5555555555555556,A,-16.016146784675563,-0.07398976262390167,0.6176985597455757,0.6420497295221581,0.41935555214110837
269,20,1.7453292519943295,0.5555555555555556,A,-16.075798796139658,-0.07384651343279941,0.6357317716332032,0.6442699577211541,0.0
270,20,1.7453292519943295,0.5555555555555556,A,-16.13577512529006,-0.07399606165209238,0.617696236656292,0.6420481068018544,0.4193534221001097
271,20,1.7453292519943295,0.5555555555555556,A,-16.195770367888095,-0.07397509053412932,0.6357218224680229,0.6442641806095875,0.0
272,20,1.7453292519943295,0.5555555555555556,A,-16.255950928583985,-0.07416200565346892,0.6176980047551146,0.6420486615840457,0.4193554954059099
273,20,1.7453292519943295,0.5555555555555556,A,-16.316103132730554,-0.07426716740135186,0.6357514569547527,0.6442795411586172,0.0
274,20,1.7453292519943295,0.5555555555555556,A,-16.376245357027173,-0.07437226626986987,0.6177800910738969,0.6420963462262927,0.41943391300495203
275,20,1.7453292519943295,0.5555555555555556,A,-16.43637718178561,-0.074539743589487,0.6358413877825446,0.6443267774517467,0.0
276,20,1.7453292519943295,0.5555555555555556,A,-16.49631325381601,-0.07450519973217118,0.6178951017531534,0.6421638915969535,0.4195429053089977
277,20,1.7453292519943295,0.5555555555555556,A,-16.556236636559543,-0.07463981198030178,0.6359024607942394,0.644359594064392,0.0
278,20,1.7453292519943295,0.5555555555555556,A,-16.61587673828746,-0.07449699524990383,0.6178995846586186,0.6421680393469431,0.4195459090401378
279,20,1.7453292519943295,0.5555555555555556,A,-16.675507167075338,-0.07451987822121592,0.6358386497645528,0.6443276622777074,0.0
280,20,1.7453292519943295,0.5555555555555556,A,-16.73496007351651,-0.07435835732021112,0.6177432411432721,0.6420779265323067,0.41939630667459965
281,20,1.7453292519943295,0.5555555555555556,A,-16.794412038288247,-0.07425172106566541,0.6356861315543041,0.6442476746327408,0.0
282,20,1.7453292519943295,0.5555555555555556,A,-16.853875367271026,-0.07416301747352994,0.6175644294815638,0.64197253162095,0.4192268713591509
283,20,1.7453292519943295,0.5555555555555556,A,-16.913312793978044,-0.07398830565808656,0.6355947718025723,0.6441979642486444,0.0
284,20,1.7453292519943295,0.5555555555555556,A,-16.972927011434834,-0.07401986413381978,0.617546239059855,0.6419599927180037,0.41921109696549935
285,20,1.7453292519943295,0.5555555555555556,A,-17.032542504337165,-0.07388689410696758,0.6356585892069784,0.6442302260621178,0.0
286,20,1.7453292519943295,0.5555555555555556,A,-17.0924421734424,-0.07402086275907244,0.617703442826603,0.6420509003339768,0.41936150681742657
287,20,1.7453292519943295,0.5555555555555556,A,-17.15240809089658,-0.07401694498470635,0.6358059066111676,0.6443075024580481,0.0
288,20,1.7453292519943295,0.5555555555555556,A,-17.212580637170994,-0.07417701744031824,0.6178688528812857,0.6421479282778818,0.41951844340931954
289,20,1.7453292519943295,0.5555555555555556,A,-17.27279164318694,-0.07430433728869212,0.6358882577104015,0.6443515008290283,0.0
290,20,1.7453292519943295,0.5555555555555556,A,-17.33296282241083,-0.07439350751075752,0.617892355644181,0.6421629673992719,0.4195396924609285
291,20,1.7453292519943295,0.5555555555555556,A,-17.39310508870499,-0.074566300269022,0.6358502331886635,0.6443327715452918,0.0
292,20,1.7453292519943295,0.5555555555555556,A,-17.45301430978804,-0.07452533662334804,0.6177981743172649,0.6421088989880002,0.4194494355587727
293,20,1.7453292519943295,0.5555555555555556,A,-17.51287629029051,-0.07463175861627575,0.6357688980526575,0.6442903070031316,0.0
294,20,1.7453292519943295,0.5555555555555556,A,-17.572464874539328,-0.07448330384346646,0.6177167342379167,0.6420609748040544,0.4193721780936637
295,20,1.7453292519943295,0.5555555555555556,A,-17.63200846586726,-0.07446197304188334,0.6357337473805114,0.6442711321270302,0.0
296,20,1.7453292519943295,0.5555555555555556,A,-17.691392235563036,-0.07430165755134865,0.6177069423749245,0.6420547697021296,0.41936320720922393
297,20,1.7453292519943295,0.5555555555555556,A,-17.75077529100527,-0.07417508831602837,0.6357394439471609,0.6442740889496038,0.0
298,20,1.7453292519943295,0.5555555555555556,A,-17.810236773574527,-0.07410742767187173,0.6177098672344761,0.6420566423029243,0.4193659595595727
299,20,1.7453292519943295,0.5555555555555556,A,-17.86975645326151,-0.07395714392612684,0.6357266883534644,0.6442675552702635,0.0
300,20,1.7453292519943295,0.5555555555555556,A,-17.929524550888754,-0.07402249615017664,0.6176740636233391,0.6420355511893628,0.4193319884297134
301,20,1.7453292519943295,0.5555555555555556,A,-17.989322013248053,-0.07393504990181354,0.6356945065489822,0.6442500394147012,0.0
302,20,1.7453292519943295,0.5555555555555556,A,-18.049343517015455,-0.0740850157649729,0.6176532940852563,0.6420226854600263,0.41931276851605437
303,20,1.7453292519943295,0.5555555555555556,A,-18.109346287997,-0.07410651019611048,0.6357112065359996,0.6442582233401494,0.0
304,20,1.7453292519943295,0.5555555555555556,A,-18.169450659089833,-0.07424349507935224,0.6177278617435749,0.642065696625336,0.41938424772388483
305,20,1.7453292519943295,0.5555555555555556,A,-18.229553567307633,-0.0743602748612715,0.6358045905849439,0.6443071446502961,0.0
306,20,1.7453292519943295,0.5555555555555556,A,-18.289596644028506,-0.07440421055276225,0.6178626203937025,0.6421445275049643,0.4195123110870057
307,20,1.7453292519943295,0.5555555555555556,A,-18.349643514765432,-0.0745501680140015,0.6358936285423461,0.64435438674858,0.0
308,20,1.7453292519943295,0.5555555555555556,A,-18.409477224204934,-0.07448267384092061,0.6179155729741362,0.6421766019164336,0.41956168804777594
309,20,1.7453292519943295,0.5555555555555556,A,-18.469297566208517,-0.07457122627967228,0.6358720680758789,0.6443443754195529,0.0
310,20,1.7453292519943295,0.5555555555555556,A,-18.528892536821335,-0.07443671901518634,0.6178073072777722,0.6421146928914911,0.4194576977455473
311,20,1.7453292519943295,0.5555555555555556,A,-18.58847546002969,-0.07441028131592009,0.6357443659960658,0.6442779411780546,0.0
312,20,1.7453292519943295,0.5555555555555556,A,-18.647956923528938,-0.07428615862891003,0.6176338074225141,0.6420131474526197,0.4192927797036939
313,20,1.7453292519943295,0.5555555555555556,A,-18.707412362081232,-0.07415734443257954,0.6356347372640588,0.6442193022024029,0.0
314,20,1.7453292519943295,0.5555555555555556,A,-18.76692723957843,-0.07411404527712356,0.6175667162345619,0.6419725347493083,0.4192300440220665
315,20,1.7453292519943295,0.5555555555555556,A,-18.826428717253844,-0.07396427499705333,0.6356481980817288,0.6442251910066926,0.0
316,20,1.7453292519943295,0.5555555555555556,A,-18.886147084028984,-0.07402914459342919,0.6176589064562014,0.6420254307275851,0.41931860619712336
317,20,1.7453292519943295,0.5555555555555556,A,-18.945917281916365,-0.07395614517719029,0.6357544664555038,0.6442807363380981,0.0
318,20,1.7453292519943295,0.5555555555555556,A,-19.00593960510976,-0.07409405144417491,0.6177963773024985,0.6421057414727134,0.4194493614202708
319,20,1.7453292519943295,0.5555555555555556,A,-19.066015521521116,-0.07414360119919372,0.6358368609291255,0.6443243026896536,0.0
320,20,1.7453292519943295,0.5555555555555556,A,-19.126179142692614,-0.0742708067928024,0.6178464592584327,0.6421356668397915,0.4194963852403098
321,20,1.7453292519943295,0.5555555555555556,A,-19.186331258629636,-0.07440609370164553,0.6358337874866357,0.6443233994481293,0.0
322,20,1.7453292519943295,0.5555555555555556,A,-19.246363532068166,-0.07444021405630047,0.617803986028972,0.6421115631682269,0.4194554772988208
323,20,1.7453292519943295,0.5555555555555556,A,-19.306357079634882,-0.07457187728858439,0.6357903412190804,0.6443009850904866,0.0
324,20,1.7453292519943295,0.5555555555555556,A,-19.3661231889297,-0.07448915235082088,0.6177586853309488,0.6420851029104939,0.41941237713125357
325,20,1.7453292519943295,0.5555555555555556,A,-19.425851958333762,-0.07453813027791922,0.6357716318467046,0.6442908523346725,0.0
326,20,1.7453292519943295,0.5555555555555556,A,-19.48537012209818,-0.07439313281370086,0.617754108489019,0.642082232964273,0.4194081086360063
327,20,1.7453292519943295,0.5555555555555556,A,-19.54487193629509,-0.07433714268720637,0.6357717873057601,0.6442909803480139,0.0
328,20,1.7453292519943295,0.5555555555555556,A,-19.604322003136915,-0.07422516867056611,0.6177412352533592,0.642075027985135,0.41939566977282494
329,20,1.7453292519943295,0.5555555555555556,A,-19.66380540487507,-0.07410301783102002,0.6357422729415623,0.6442758376948687,0.0
330,20,1.7453292519943295,0.5555555555555556,A,-19.723428712692343,-0.07409322109009903,0.6176801834313844,0.6420394202060248,0.4193375518651789
331,20,1.7453292519943295,0.5555555555555556,A,-19.78308270921183,-0.07397633332766057,0.6356878167023936,0.6442468069616722,0.0
332,20,1.7453292519943295,0.5555555555555556,A,-19.842940784639495,-0.07406795693669,0.6176290474378063,0.6420088285323394,0.4192894185227771
333,20,1.7453292519943295,0.5555555555555556,A,-19.902787331219834,-0.07402193772855747,0.6356807924549047,0.6442423352275104,0.0
334,20,1.7453292519943295,0.5555555555555556,A,-19.96279355990915,-0.07415279234057875,0.6176783516129242,0.6420368734032001,0.4193369931661087
335,20,1.7453292519943295,0.5555555555555556,A,-20.02280065038664,-0.07420495598591187,0.6357622751801326,0.6442848124709191,0.0
336,20,1.7453292519943295,0.5555555555555556,A,-20.082860939807492,-0.07429665553520498,0.6178139652902207,0.6421159485834876,0.419466135785485
337,20,1.7453292519943295,0.5555555555555556,A,-20.142939643298845,-0.074419250086463,0.635866660468128,0.6443398884072037,0.0
338,20,1.7453292519943295,0.5555555555555556,A,-20.202908562403046,-0.0744224617730766,0.6179045312856768,0.6421696063668879,0.4195516043459103
339,20,1.7453292519943295,0.5555555555555556,A,-20.2628712826309,-0.07454269383195095,0.6358842641309363,0.6443501110657892,0.0
340,20,1.7453292519943295,0.5555555555555556,A,-20.322623724390013,-0.07445879439226244,0.6178487319580315,0.6421382294865757,0.4194975748287806
341,20,1.7453292519943295,0.5555555555555556,A,-20.382357120430814,-0.07449986946189224,0.6357911792157794,0.644302066994227,0.0
342,20,1.7453292519943295,0.5555555555555556,A,-20.441921642540336,-0.0743768813878336,0.6176999801339753,0.6420516333484857,0.41935584647166835
343,20,1.7453292519943295,0.5555555555555556,A,-20.501459538762603,-0.07430996174737237,0.6356816336622763,0.6442440583107936,0.0
344,20,1.7453292519943295,0.5555555555555556,A,-20.560952630900246,-0.07421873274936858,0.6176072474934682,0.6419965536524886,0.41926829930136156
345,20,1.7453292519943295,0.5555555555555556,A,-20.620422333512796,-0.07408673396564325,0.6356596541951753,0.6442315384874451,0.0
346,20,1.7453292519943295,0.5555555555555556,A,-20.68001214223866,-0.07408374954285996,0.6176450713196526,0.6420177991567522,0.4193050104347749
347,20,1.7453292519943295,0.5555555555555556,A,-20.73963412540092,-0.07397342254777822,0.6357251538978078,0.644265606707793,0.0
348,20,1.7453292519943295,0.5555555555555556,A,-20.799490864006604,-0.07406452610451886,0.6177441874990383,0.642075531932803,0.41939946562507735
349,20,1.7453292519943295,0.5555555555555556,A,-20.85940596938243,-0.07404566456292805,0.6357926963683556,0.6443011522343135,0.0
350,20,1.7453292519943295,0.5555555555555556,A,-20.919490128752024,-0.07417578159694765,0.617796853786591,0.6421065541025248,0.41944929014847787
351,20,1.7453292519943295,0.5555555555555556,A,-20.97958041309712,-0.07425496365349482,0.6358054332912298,0.644308129356851,0.0
352,20,1.7453292519943295,0.5555555555555556,A,-21.0396612830944,-0.07434008534157033,0.6177859658890896,0.6421005760548371,0.419438648858973
353,20,1.7453292519943295,0.5555555555555556,A,-21.099712255142112,-0.07446237882145035,0.6357898937437174,0.6443002779382956,0.0
354,20,1.7453292519943295,0.5555555555555556,A,-21.159614180946257,-0.07444695503769994,0.6177736939995409,0.6420935026137606,0.41942693174718015
355,20,1.7453292519943295,0.5555555555555556,A,-21.219488083759543,-0.0745373656694831,0.6357923454733769,0.6443014947934518,0.0
356,20,1.7453292519943295,0.5555555555555556,A,-21.279158282845298,-0.07443371597257398,0.6177879350191529,0.6421017929990117,0.4194404386188209
357,20,1.7453292519943295,0.5555555555555556,A,-21.338808030783866,-0.07444288220814421,0.6358012948619882,0.6443062975623866,0.0
358,20,1.7453292519943295,0.5555555555555556,A,-21.398322305009465,-0.07432077313661528,0.617778895130946,0.6420969126245587,0.4194315321147641
359,20,1.7453292519943295,0.5555555555555556,A,-21.457848413152384,-0.07424754670747491,0.6357692525711914,0.644289945762146,0.0
360,20,1.7453292519943295,0.5555555555555556,A,-21.517402312908942,-0.07418364492659801,0.6177067256491203,0.6420550525603904,0.4193626725883982
361,20,1.7453292519943295,0.5555555555555556,A,-21.576980851801814,-0.07407088642121917,0.6356994167817247,0.6442531184029009,0.0
362,20,1.7453292519943295,0.5555555555555556,A,-21.636702712164197,-0.07409922890132953,0.6176276309634763,0.6420083183498927,0.4192878018466653
363,20,1.7453292519943295,0.5555555555555556,A,-21.6964178066143,-0.07401124017668442,0.6356656610782311,0.644234604528838,0.0
364,20,1.7453292519943295,0.5555555555555556,A,-21.75630005771696,-0.07410860180487694,0.6176419134006632,0.6420158252821911,0.4193020819800809
365,20,1.7453292519943295,0.5555555555555556,A,-21.816180949337017,-0.07409838081202968,0.6357238772954733,0.6442646878573913,0.0
366,20,1.7453292519943295,0.5555555555555556,A,-21.876188530091433,-0.07420543510351613,0.6177609495435801,0.6420850037994583,0.41941565599460195
367,20,1.7453292519943295,0.5555555555555556,A,-21.93622322007472,-0.07428275964943842,0.6358293420841715,0.6443201386673,0.0
368,20,1.7453292519943295,0.5555555555555556,A,-21.99625507061046,-0.0743392461239627,0.6178730058108259,0.6421508714235986,0.4195218687613357
369,20,1.7453292519943295,0.5555555555555556,A,-22.056294006379872,-0.07445882409342808,0.6358770724732019,0.644345860213271,0.0
370,20,1.7453292519943295,0.5555555555555556,A,-22.116183507655137,-0.07443334078402636,0.6178652024690828,0.6421472846565073,0.4195136575677735
371,20,1.7453292519943295,0.5555555555555556,A,-22.176053099951506,-0.07451897296052967,0.6358214333052385,0.6443174646522353,0.0
372,20,1.7453292519943295,0.5555555555555556,A,-22.23573524029975,-0.07442475982558644,0.6177530014511369,0.6420822869857817,0.41940651914121646
373,20,1.7453292519943295,0.5555555555555556,A,-22.295390186030307,-0.0744200645341988,0.6357261790082731,0.6442673939566856,0.0
374,20,1.7453292519943295,0.5555555555555556,A,-22.354925898865048,-0.07431114811913025,0.6176559796847133,0.6420251490119423,0.419314548669589
375,20,1.7453292519943295,0.5555555555555556,A,-22.414433288313738,-0.07422011417820507,0.6356850825373874,0.6442451054069651,0.0
376,20,1.7453292519943295,0.5555555555555556,A,-22.473960499407866,-0.07416375634564737,0.6176555287598322,0.6420242231020912,0.4193146569095999
377,20,1.7453292519943295,0.5555555555555556,A,-22.53350003029623,-0.0740476760653081,0.6357165825429647,0.6442613239833408,0.0
378,20,1.7453292519943295,0.5555555555555556,A,-22.593211907758075,-0.07408216402459888,0.6177156714605779,0.6420591582615388,0.41937207829229506
379,20,1.7453292519943295,0.5555555555555556,A,-22.652976951051404,-0.0740152461533019,0.6357619659578106,0.6442851616267795,0.0
380,20,1.7453292519943295,0.5555555555555556,A,-22.71293999667346,-0.07412044422002195,0.6177547577724949,0.6420820363872197,0.4194091815588039
381,20,1.7453292519943295,0.5555555555555556,A,-22.772923641674517,-0.07414018967212632,0.6357750221341333,0.6442920395723348,0.0
382,20,1.7453292519943295,0.5555555555555556,A,-22.832985542439843,-0.07424766475391559,0.6177558219580433,0.6420827515612376,0.41941010879455926
383,20,1.7453292519943295,0.5555555555555556,A,-22.893026776199576,-0.07433602280749352,0.635774563981832,0.6442919103715472,0.0
384,20,1.7453292519943295,0.5555555555555556,A,-22.95300778445761,-0.07437603515926067,0.6177662697397832,0.6420888838934694,0.41942007010173227
385,20,1.7453292519943295,0.5555555555555556,A,-23.012969159728378,-0.07447766707825498,0.6357955323089325,0.644302935332183,0.0
386,20,1.7453292519943295,0.5555555555555556,A,-23.072775547334224,-0.07442744758365644,0.6178030841947713,0.6421104169313367,0.4194550327590072
387,20,1.7453292519943295,0.5555555555555556,A,-23.13256567289733,-0.07448460935293377,0.6358208196398477,0.6443163426163868,0.0
388,20,1.7453292519943295,0.5555555555555556,A,-23.192188787143728,-0.0743806711008359,0.6178115689118289,0.6421157853755028,0.4194627541843428
389,20,1.7453292519943295,0.5555555555555556,A,-23.251809434179776,-0.07436244787491125,0.6357985580485592,0.6443051627260667,0.0
390,20,1.7453292519943295,0.5555555555555556,A,-23.31136580051787,-0.07427122683392612,0.6177437679249144,0.6420766555029905,0.41939791088951656
391,20,1.7453292519943295,0.5555555555555556,A,-23.37093642448395,-0.07418764314650994,0.6357238986377413,0.6442660737554574,0.0
392,20,1.7453292519943295,0.5555555555555556,A,-23.430569804468853,-0.0741614394595233,0.6176462856293783,0.6420194504401676,0.4193053550097373
393,20,1.7453292519943295,0.5555555555555556,A,-23.49019853121922,-0.07405983565479812,0.6356670104571613,0.6442355558536923,0.0
394,20,1.7453292519943295,0.5555555555555556,A,-23.549961759630243,-0.07410938348366675,0.6176241247499513,0.6420057208370525,0.4192848928270357
395,20,1.7453292519943295,0.5555555555555556,A,-23.6097191940093,-0.07405119174472802,0.6356961690711194,0.6442502744574659,0.0
396,20,1.7453292519943295,0.5555555555555556,A,-23.669631716722613,-0.07414553629456644,0.6177139203831349,0.6420576776748514,0.4193707672892715
397,20,1.7453292519943295,0.5555555555555556,A,-23.729572717825242,-0.07416957113008232,0.6357899271734375,0.6442994223603595,0.0
398,20,1.7453292519943295,0.5555555555555556,A,-23.789597791299357,-0.07425499234718713,0.6178300581793954,0.6421256566351762,0.41948111540790517
399,20,1.7453292519943295,0.5555555555555556,A,-23.849644181558325,-0.07434863303571981,0.6358554356166609,0.6443342111719066,0.0
400,20,1.7453292519943295,0.5555555555555556,A,-23.90962556559557,-0.0743756756568178,0.6178591796889967,0.642143349656249,0.41950824058204866
401,20,1.7453292519943295,0.5555555555555556,A,-23.969592466039597,-0.07447892446236032,0.6358337870312186,0.6443235143800811,0.0
402,20,1.7453292519943295,0.5555555555555556,A,-24.02939645046462,-0.07442921474437086,0.6177870867633519,0.6421018295796794,0.41943921570765924
403,20,1.7453292519943295,0.5555555555555556,A,-24.08917355298378,-0.07447467230345323,0.6357613608504744,0.6442856871645583,0.0
404,20,1.7453292519943295,0.5555555555555556,A,-24.148794833735117,-0.07437547109694115,0.617702205497515,0.6420521153117744,0.4193585531899698
405,20,1.7453292519943295,0.5555555555555556,A,-24.20838707668536,-0.07433549656428179,0.6357160309085742,0.6442614514744618,0.0
406,20,1.7453292519943295,0.5555555555555556,A,-24.267915979585048,-0.07424804251353334,0.6176813232456326,0.6420394658743431,0.41933902828284086
407,20,1.7453292519943295,0.5555555555555556,A,-24.327441104586942,-0.07415203209685017,0.6357242652329947,0.6442655047817125,0.0
408,20,1.7453292519943295,0.5555555555555556,A,-24.387053621537724,-0.07413355957878859,0.6177094481477129,0.6420557450903758,0.41936594654138465
409,20,1.7453292519943295,0.5555555555555556,A,-24.446706804119987,-0.0740439961674722,0.6357470882994776,0.6442775065747754,0.0
410,20,1.7453292519943295,0.5555555555555556,A,-24.50653924948496,-0.07410724523520668,0.6177272890407137,0.6420661529749301,0.4193829167600893
411,20,1.7453292519943295,0.5555555555555556,A,-24.56640105505334,-0.07407685183431328,0.635750280550663,0.6442790892512544,0.0
412,20,1.7453292519943295,0.5555555555555556,A,-24.626393668097762,-0.07417959028555055,0.6177244559791986,0.6420644011518333,0.4193802712214547
413,20,1.7453292519943295,0.5555555555555556,A,-24.686374791418196,-0.07422175713620183,0.6357523117903512,0.6442800670571623,0.0
414,20,1.7453292519943295,0.5555555555555556,A,-24.74637588341828,-0.07429682571278384,0.6177440162257883,0.6420757223927417,0.4193990021178271
415,20,1.7453292519943295,0.5555555555555556,A,-24.806363531549387,-0.07438385339141462,0.6357843154393248,0.6442968587328609,0.0
416,20,1.7453292519943295,0.5555555555555556,A,-24.866267022757818,-0.07438590498442332,0.6177992414088838,0.6421079800782905,0.41945153294080556
417,20,1.7453292519943295,0.5555555555555556,A,-24.926162635214926,-0.07446776758063273,0.6358269543786683,0.6443193679345172,0.0
418,20,1.7453292519943295,0.5555555555555556,A,-24.985906514229256,-0.07440053859577994,0.6178316557372557,0.64212727578353,0.41948204424673563
419,20,1.7453292519943295,0.5555555555555556,A,-25.04564228129824,-0.07443069254824619,0.6358227013641251,0.6443176122973032,0.0
420,20,1.7453292519943295,0.5555555555555556,A,-25.10525696407666,-0.07433863468171897,0.6177813865481188,0.6420984726890389,0.41943379777175116
421,20,1.7453292519943295,0.5555555555555556,A,-25.16487479538175,-0.07429793938629875,0.6357543378891348,0.6442820305014174,0.0
422,20,1.7453292519943295,0.5555555555555556,A,-25.224475523601285,-0.07423516006870445,0.6176787037876569,0.6420384992668949,0.41933610208531125
423,20,1.7453292519943295,0.5555555555555556,A,-25.284071111288306,-0.07414528228311346,0.635682492217569,0.644243883580522,0.0
424,20,1.7453292519943295,0.5555555555555556,A,-25.34374355804046,-0.07414563773409338,0.6176258308070335,0.6420069825132639,0.4192862839937572
425,20,1.7453292519943295,0.5555555555555556,A,-25.40340549599129,-0.07406088672250533,0.635682629058037,0.6442433467688301,0.0
426,20,1.7453292519943295,0.5555555555555556,A,-25.463209918727244,-0.07412306507776878,0.6176802523306786,0.6420382185544639,0.4193385391217495
427,20,1.7453292519943295,0.5555555555555556,A,-25.523037724905556,-0.07409833628500417,0.635755615179622,0.6442814731936884,0.0
428,20,1.7453292519943295,0.5555555555555556,A,-25.583001861467537,-0.07418738751441079,0.6177852334389494,0.6420994881639331,0.4194384574098695
429,20,1.7453292519943295,0.5555555555555556,A,-25.642998130795377,-0.07424013599417528,0.63582600260392,0.6443186250291687,0.0
430,20,1.7453292519943295,0.5555555555555556,A,-25.703014859382236,-0.07430403227136378,0.6178366490304608,0.6421299346405858,0.4194870015785024
431,20,1.7453292519943295,0.5555555555555556,A,-25.763027237658402,-0.07439977726906072,0.6358302781282005,0.6443213377453507,0.0
432,20,1.7453292519943295,0.5555555555555556,A,-25.82293174203171,-0.07439786666124121,0.6178008737777303,0.6421095444499405,0.41945258006091457
433,20,1.7453292519943295,0.5555555555555556,A,-25.88281143577465,-0.07447371668439667,0.6357832054427943,0.6442969185186126,0.0
434,20,1.7453292519943295,0.5555555555555556,A,-25.942536330672006,-0.07440421641980388,0.6177379009525321,0.6420728265835168,0.4193926223763539
435,20,1.7453292519943295,0.5555555555555556,A,-26.00223429287614,-0.07441303090588397,0.635744914895461,0.6442766115590123,0.0
436,20,1.7453292519943295,0.5555555555555556,A,-26.06181582235437,-0.07431880957091558,0.6177128039655618,0.642057907903119,0.41936892381518986
437,20,1.7453292519943295,0.5555555555555556,A,-26.121383429684066,-0.0742592972016442,0.6357418544263332,0.6442748112179689,0.0
438,20,1.7453292519943295,0.5555555555555556,A,-26.180953218272727,-0.07420164036959015,0.6177204373755227,0.6420622956801337,0.419376266598247
439,20,1.7453292519943295,0.5555555555555556,A,-26.24054783756093,-0.07411416855359854,0.6357470098771052,0.6442775805052162,0.0
440,20,1.7453292519943295,0.5555555555555556,A,-26.300268396453284,-0.07413032178580625,0.6177171266058398,0.6420603826203215,0.419373109373644
441,20,1.7453292519943295,0.5555555555555556,A,-26.36002027637211,-0.07406745604883902,0.6357360074709145,0.6442717105217541,0.0
442,20,1.7453292519943295,0.5555555555555556,A,-26.419916572423798,-0.07414470775680532,0.6177003991102099,0.642050437901278,0.4193573041825456
443,20,1.7453292519943295,0.5555555555555556,A,-26.47980957109766,-0.07414056375126732,0.6357305881580776,0.6442686358205671,0.0
444,20,1.7453292519943295,0.5555555555555556,A,-26.539780350419175,-0.07422728067492967,0.6177157673384247,0.6420591787476788,0.41937213608163276
445,20,1.7453292519943295,0.5555555555555556,A,-26.599741487209116,-0.07428224605694278,0.6357640668813066,0.6442861112485508,0.0
446,20,1.7453292519943295,0.5555555555555556,A,-26.659691948740562,-0.07432497640940794,0.6177801172837776,0.6420966841522749,0.41943343627802593
447,20,1.7453292519943295,0.5555555555555556,A,-26.719643249545747,-0.0744077467101324,0.6358198255034565,0.6443154676858617,0.0
448,20,1.7453292519943295,0.5555555555555556,A,-26.779491452437124,-0.0743844274485671,0.617835764625725,0.642129456444852,0.41948612676306263
449,20,1.7453292519943295,0.5555555555555556,A,-26.83933368216252,-0.07444741272035671,0.635836746588361,0.6443247533708265,0.0
450,20,1.7453292519943295,0.5555555555555556,A,-26.89903871779078,-0.07437575808884717,0.6178114034758416,0.642115782586962,0.41946251219145203
451,20,1.7453292519943295,0.5555555555555556,A,-26.95873835007947,-0.07437994068444365,0.6357838284296364,0.6442973889397421,0.0
452,20,1.7453292519943295,0.5555555555555556,A,-27.018358485801173,-0.07430256620061337,0.6177168666536735,0.6420607800821649,0.41937241125572705
453,20,1.7453292519943295,0.5555555555555556,A,-27.07797097557559,-0.07424246540289486,0.6357073207861612,0.6442570352742021,0.0
454,20,1.7453292519943295,0.5555555555555556,A,-27.137594327997345,-0.07420291144730562,0.6176438855566344,0.6420177252458384,0.4193032955717404
455,20,1.7453292519943295,0.5555555555555556,A,-27.197203373650986,-0.07411454502936632,0.6356834139695925,0.644243941054659,0.0
456,20,1.7453292519943295,0.5555555555555556,A,-27.256912337969506,-0.07413575413171358,0.6176635407256794,0.6420286744416213,0.41932243909235445
457,20,1.7453292519943295,0.5555555555555556,A,-27.316635457939874,-0.07407606886032952,0.6357314322470399,0.6442688888640156,0.0
458,20,1.7453292519943295,0.5555555555555556,A,-27.37650785420105,-0.07414754415480612,0.6177467624066497,0.6420771196646343,0.4194017666028097
459,20,1.7453292519943295,0.5555555555555556,A,-27.4364171101967,-0.07415569196160393,0.6357956593197839,0.6443026751489411,0.0
460,20,1.7453292519943295,0.5555555555555556,A,-27.496414596280246,-0.07423590289538362,0.6178054783149818,0.6421116188855294,0.4194574329559214
461,20,1.7453292519943295,0.5555555555555556,A,-27.556419822295446,-0.0743053236360311,0.6358154115331093,0.6443133193685107,0.0
462,20,1.7453292519943295,0.5555555555555556,A,-27.616386359510667,-0.07434380365421234,0.6177969256899462,0.6421069797163703,0.4194490127731316
463,20,1.7453292519943295,0.5555555555555556,A,-27.67633243800029,-0.07442783337873382,0.6357909531592221,0.6443007494173426,0.0
464,20,1.7453292519943295,0.5555555555555556,A,-27.736155357300174,-0.07439812007862667,0.6177586365800423,0.6420847566006214,0.41941248990444746
465,20,1.7453292519943295,0.5555555555555556,A,-27.795954878317445,-0.07444385138037513,0.6357661502962946,0.6442876835095879,0.0
466,20,1.7453292519943295,0.5555555555555556,A,-27.85561950305899,-0.07436413728587249,0.6177413693304934,0.6420745567238201,0.4193961281853218
467,20,1.7453292519943295,0.5555555555555556,A,-27.915266335994353,-0.07434677662653089,0.6357625352844198,0.6442856742677028,0.0
468,20,1.7453292519943295,0.5555555555555556,A,-27.97484784558926,-0.07426928233020852,0.6177413834818304,0.6420745710369694,0.4193961401870553
469,20,1.7453292519943295,0.5555555555555556,A,-28.034439106036224,-0.07420333459633532,0.6357580187942997,0.6442834127204106,0.0
470,20,1.7453292519943295,0.5555555555555556,A,-28.09408615436111,-0.0741779275034673,0.6177228920671801,0.6420638672782928,0.41937849009893513
471,20,1.7453292519943295,0.5555555555555556,A,-28.153760282417934,-0.07410362722963437,0.635733813382217,0.6442706809508473,0.0
472,20,1.7453292519943295,0.5555555555555556,A,-28.21355769316001,-0.0741438266418265,0.6176888027789708,0.6420438021015111,0.41934615876682224
473,20,1.7453292519943295,0.5555555555555556,A,-28.273357910164286,-0.07410311189046348,0.6357151403824375,0.6442605921871247,0.0
474,20,1.7453292519943295,0.5555555555555556,A,-28.33326418487744,-0.07418013274124086,0.6176897907789315,0.6420440589022504,0.4193473598198281
475,20,1.7453292519943295,0.5555555555555556,A,-28.393162704331164,-0.07419576776922066,0.6357410096298469,0.6442739670410212,0.0
476,20,1.7453292519943295,0.5555555555555556,A,-28.453110797480093,-0.07426133461124701,0.6177519854855991,0.642080205755235,0.4194067006402216
477,20,1.7453292519943295,0.5555555555555556,A,-28.513065980201603,-0.07432547545310758,0.6358023794315731,0.6443062038635742,0.0
478,20,1.7453292519943295,0.5555555555555556,A,-28.572982528822866,-0.07434263852714623,0.617824519891072,0.6421227258642179,0.41947556188299406
479,20,1.7453292519943295,0.5555555555555556,A,-28.632900421244937,-0.074418709591,0.6358387362367888,0.644325595907105,0.0
480,20,1.7453292519943295,0.5555555555555556,A,-28.692701832929238,-0.07438028769816729,0.6178285843249156,0.6421255822568064,0.419479032395917
481,20,1.7453292519943295,0.5555555555555556,A,-28.75249403672493,-0.07442138429248918,0.6358067725726956,0.644309252196219,0.0
482,20,1.7453292519943295,0.5555555555555556,A,-28.812172405032516,-0.07435035026124931,0.6177528638356258,0.6420816987725749,0.4194067351228376
483,20,1.7453292519943295,0.5555555555555556,A,-28.871839730027652,-0.0743285513761669,0.6357356041103502,0.6442719073181129,0.0
484,20,1.7453292519943295,0.5555555555555556,A,-28.931458724036,-0.07426522913292061,0.6176724349034783,0.6420345074578312,0.4193303704906315
485,20,1.7453292519943295,0.5555555555555556,A,-28.991060980746386,-0.07419291216377716,0.6356958903255575,0.644250639543566,0.0
486,20,1.7453292519943295,0.5555555555555556,A,-29.050705272489324,-0.07417478357666601,0.6176635583380496,0.6420288726924068,0.4193222861537965
487,20,1.7453292519943295,0.5555555555555556,A,-29.110353210458317,-0.07409883799716882,0.6357196520032918,0.644262828931176,0.0
488,20,1.7453292519943295,0.5555555555555556,A,-29.170128416971643,-0.07413909281977471,0.6177202568048359,0.6420617787026438,0.4193764235441274
489,20,1.7453292519943295,0.5555555555555556,A,-29.22993849732965,-0.0741089004722863,0.6357702305974743,0.644289375317698,0.0
490,20,1.7453292519943295,0.5555555555555556,A,-29.289874990475113,-0.07418498616292224,0.6177736849560791,0.64209304989088,0.4194271855602715
491,20,1.7453292519943295,0.5555555555555556,A,-29.349830177573924,-0.07421814706556673,0.6357949492291246,0.6443024771941043,0.0
492,20,1.7453292519943295,0.5555555555555556,A,-29.409813355278835,-0.07428229330772157,0.6177806288034748,0.642097303319706,0.41943362211806967
493,20,1.7453292519943295,0.5555555555555556,A,-29.469782586446307,-0.07435464954787219,0.6357866621866043,0.6442983047395399,0.0
494,20,1.7453292519943295,0.5555555555555556,A,-29.529679431248596,-0.07436465452613633,0.6177637589271858,0.6420875752325366,0.41941749277059226
495,20,1.7453292519943295,0.5555555555555556,A,-29.589556824960173,-0.07442988466039085,0.6357768017168858,0.644293161486259,0.0
496,20,1.7453292519943295,0.5555555555555556,A,-29.649312467503847,-0.07437920391674252,0.6177608099823656,0.6420858232492729,0.4194146975100438
497,20,1.7453292519943295,0.5555555555555556,A,-29.709051531397815,-0.07439969014670333,0.6357803178570226,0.6442949662959468,0.0
498,20,1.7453292519943295,0.5555555555555556,A,-29.768686410194682,-0.07432245545851052,0.6177645398083655,0.6420880638051929,0.41941818449438134
499,20,1.7453292519943295,0.5555555555555556,A,-29.828319904137693,-0.07428926537930147,0.6357748900264942,0.644292260511884,0.0
500,20,1.7453292519943295,0.5555555555555556,A,-29.88794044554446,-0.07423554473907595,0.6177401444998282,0.6420739901933851,0.41939485411889554
501,20,1.7453292519943295,0.5555555555555556,A,-29.947579647977562,-0.07416943156037736,0.635742416219715,0.6442752834340958,0.0
502,20,1.7453292519943295,0.5555555555555556,A,-30.00729665514819,-0.07417088072125494,0.617691123132393,0.6420452881033469,0.41934826111665235
503,20,1.7453292519943295,0.5555555555555556,A,-30.06701961793071,-0.07410948424401181,0.6357092660148915,0.6442576196272639,0.0
504,20,1.7453292519943295,0.5555555555555556,A,-30.126846977111626,-0.07416140454785025,0.6176723477264195,0.6420339832821202,0.41933066108900235
505,20,1.7453292519943295,0.5555555555555556,A,-30.18666723650942,-0.07414027310390636,0.635720887252768,0.6442634324137518,0.0
506,20,1.7453292519943295,0.5555555555555556,A,-30.246573950494792,-0.07420923861536649,0.6177220182396592,0.6420627282782851,0.4193781561204558
507,20,1.7453292519943295,0.5555555555555556,A,-30.30649018597482,-0.0742426479744619,0.6357793079158822,0.6442940435977996,0.0
508,20,1.7453292519943295,0.5555555555555556,A,-30.366430625383963,-0.07428880027826212,0.6178017222901508,0.642109318732601,0.41945394856588897
509,20,1.7453292519943295,0.5555555555555556,A,-30.426381498996946,-0.07435873129065718,0.6358295472410906,0.6443206224765993,0.0
510,20,1.7453292519943295,0.5555555555555556,A,-30.48626244714978,-0.07435687262016116,0.6178311452551117,0.6421268730153281,0.4194816263043135
511,20,1.7453292519943295,0.5555555555555556,A,-30.546135774338644,-0.07442030034946001,0.6358197448708094,0.6443158658634442,0.0
512,20,1.7453292519943295,0.5555555555555556,A,-30.605892264073383,-0.07437146502879055,0.617780409608888,0.6420976242831703,0.4194330625383735
513,20,1.7453292519943295,0.5555555555555556,A,-30.665634850922622,-0.07438687973714042,0.6357616626970654,0.6442855308669925,0.0
514,20,1.7453292519943295,0.5555555555555556,A,-30.725288035987838,-0.07431832737778116,0.6177044808245713,0.6420532423174813,0.4193608458155852
515,20,1.7453292519943295,0.5555555555555556,A,-30.784923346360287,-0.07427503390287671,0.6357155814314646,0.6442610708809569,0.0
516,20,1.7453292519943295,0.5555555555555556,A,-30.84454237236986,-0.0742274960269746,0.6176769004771424,0.6420367996557571,0.4193348617549423
517,20,1.7453292519943295,0.5555555555555556,A,-30.904155772260275,-0.07415427607578018,0.6357197938560926,0.6442630152704969,0.0
518,20,1.7453292519943295,0.5555555555555556,A,-30.963850373565187,-0.07415870354855847,0.6177080618431974,0.6420547945412385,0.4193646950401376
519,20,1.7453292519943295,0.5555555555555556,A,-31.02357238156656,-0.07410345159703718,0.635753555322043,0.6442807012971642,0.0
520,20,1.7453292519943295,0.5555555555555556,A,-31.08342569544147,-0.07415921177277462,0.6177479179071852,0.6420780678723028,0.41940261636586784
521,20,1.7453292519943295,0.5555555555555556,A,-31.143304943219338,-0.07415555657485745,0.6357746412848125,0.6442918048952337,0.0
522,20,1.7453292519943295,0.5555555555555556,A,-31.203262614246054,-0.07422755397319103,0.6177587379576912,0.6420844572704949,0.4194128369649109
523,20,1.7453292519943295,0.5555555555555556,A,-31.26321417815274,-0.07427433987043053,0.6357743664879463,0.6442917264061961,0.0
524,20,1.7453292519943295,0.5555555555555556,A,-31.323149971170636,-0.07431555191020162,0.6177558815255064,0.6420828447530528,0.4194100906547019
525,20,1.7453292519943295,0.5555555555555556,A,-31.383070136858002,-0.07438177336186336,0.6357766788266238,0.6442929795556356,0.0
526,20,1.7453292519943295,0.5555555555555556,A,-31.4429046708253,-0.0743660821437826,0.6177680516514713,0.6420899485383085,0.41942167301270117
527,20,1.7453292519943295,0.5555555555555556,A,-31.50272687503303,-0.07441272138936911,0.6357910105527612,0.6443005075383147,0.0
528,20,1.7453292519943295,0.5555555555555556,A,-31.56243764836543,-0.07435239665003973,0.6177832065556044,0.6420988875639526,0.41943600272900317
529,20,1.7453292519943295,0.5555555555555556,A,-31.62214148429889,-0.0743541198329985,0.6357921349383419,0.6443012564839731,0.0
530,20,1.7453292519943295,0.5555555555555556,A,-31.681780010892773,-0.07428907403285323,0.6177627655040702,0.6420871787530016,0.41941638226195516
531,20,1.7453292519943295,0.5555555555555556,A,-31.74142742482668,-0.07424559898608535,0.6357583965264255,0.6442837025172686,0.0
532,20,1.7453292519943295,0.5555555555555556,A,-31.8010966401841,-0.07421516129492667,0.6177054933403032,0.6420537682639909,0.4193618621725905
533,20,1.7453292519943295,0.5555555555555556,A,-31.860771740770637,-0.07415083158428304,0.6357136029675821,0.6442600096216939,0.0
534,20,1.7453292519943295,0.5555555555555556,A,-31.92052504515786,-0.07417031864420248,0.6176668186382559,0.6420308863218255,0.419325287751663
535,20,1.7453292519943295,0.5555555555555556,A,-31.98027123119455,-0.07412263831301413,0.6357079176530582,0.6442567012418808,0.0
536,20,1.7453292519943295,0.5555555555555556,A,-32.040113798588585,-0.07417819497802691,0.6176967159944963,0.6420480300522299,0.41935400506162085
537,20,1.7453292519943295,0.5555555555555556,A,-32.09996455290431,-0.07417745565857359,0.6357558263644695,0.6442817198025952,0.0
538,20,1.7453292519943295,0.5555555555555556,A,-32.159886822636594,-0.0742367405561225,0.6177730701336905,0.6420925618095706,0.41942670629477646
539,20,1.7453292519943295,0.5555555555555556,A,-32.21982717931305,-0.07428569688018771,0.6358122587963454,0.6443114571247424,0.0
540,20,1.7453292519943295,0.5555555555555556,A,-32.279755219044354,-0.07431513828632375,0.6178205575588593,0.6421205410500271,0.4194716703004528
541,20,1.7453292519943295,0.5555555555555556,A,-32.33968169930233,-0.07438377882766534,0.6358218304792831,0.6443167859041261,0.0
542,20,1.7453292519943295,0.5555555555555556,A,-32.39951595456469,-0.07436550218678761,0.6177958339003867,0.6421064555411511,0.41944786969263975
543,20,1.7453292519943295,0.5555555555555556,A,-32.459335317651195,-0.07440921180889182,0.6357811141791843,0.6442956325063439,0.0
544,20,1.7453292519943295,0.5555555555555556,A,-32.51904836396953,-0.07435214235708526,0.6177334268438945,0.6420700949635769,0.41938842824446176
545,20,1.7453292519943295,0.5555555555555556,A,-32.57874340233512,-0.0743425704273682,0.6357373185407735,0.644272515321527,0.0
546,20,1.7453292519943295,0.5555555555555556,A,-32.638375696977235,-0.07428044091056463,0.6176981267408949,0.6420492680452934,0.41935499617497735
547,20,1.7453292519943295,0.5555555555555556,A,-32.697995951857585,-0.07422528076064183,0.6357291324950649,0.6442680002666716,0.0
548,20,1.7453292519943295,0.5555555555555556,A,-32.7576413645515,-0.07419780423222633,0.6177093044982939,0.6420556295677646,0.4193657759509739
549,20,1.7453292519943295,0.5555555555555556,A,-32.817303692613976,-0.07413393892003461,0.6357470561108572,0.6442773692907358,0.0
550,20,1.7453292519943295,0.5555555555555556,A,-32.87707298280308,-0.0741600855433755,0.617732400170109,0.6420690976216443,0.4193877750578933
551,20,1.7453292519943295,0.5555555555555556,A,-32.93687032299276,-0.07412703532047554,0.6357591311198513,0.6442837066115721,0.0
552,20,1.7453292519943295,0.5555555555555556,A,-32.9967717848028,-0.07419015270063628,0.6177378684092923,0.6420722839725674,0.4193929666421111
553,20,1.7453292519943295,0.5555555555555556,A,-33.05667494455881,-0.07420531462596935,0.6357589864399728,0.6442836017212534,0.0
554,20,1.7453292519943295,0.5555555555555556,A,-33.11661234300271,-0.07426387659976202,0.6177398491835561,0.6420734122992102,0.4193948813050137
555,20,1.7453292519943295,0.5555555555555556,A,-33.176537651252104,-0.07431547604856792,0.6357679199277136,0.6442882873329916,0.0
556,20,1.7453292519943295,0.5555555555555556,A,-33.23642479033235,-0.07433229195281899,0.6177632262244792,0.6420870397085977,0.41941715364747445
557,20,1.7453292519943295,0.5555555555555556,A,-33.29630470567389,-0.07438961452966963,0.6357927328222333,0.6443013315395572,0.0
558,20,1.7453292519943295,0.5555555555555556,A,-33.356093337135334,-0.07435651999426501,0.6177928631629612,0.6421044307630598,0.4194452683030985
559,20,1.7453292519943295,0.5555555555555556,A,-33.41587499425474,-0.07438726014394348,0.6358051227963885,0.6443079898452071,0.0
560,20,1.7453292519943295,0.5555555555555556,A,-33.475564443469,-0.07432752078783145,0.6177844506135219,0.6420997676880734,0.41943706509329626
561,20,1.7453292519943295,0.5555555555555556,A,-33.535254468516925,-0.07431379643649999,0.6357772327216311,0.6442935640478847,0.0
562,20,1.7453292519943295,0.5555555555555556,A,-33.5949138478623,-0.07426411199126531,0.6177276479238701,0.6420667345981609,0.41938291587278137
563,20,1.7453292519943295,0.5555555555555556,A,-33.65457633308084,-0.07421246043091351,0.6357264370310387,0.6442668303324021,0.0
564,20,1.7453292519943295,0.5555555555555556,A,-33.714275725655135,-0.07420047961943366,0.617673487883971,0.6420348991615976,0.4193315366515211
565,20,1.7453292519943295,0.5555555555555556,A,-33.77396760147538,-0.07414077305773653,0.6357041831801532,0.6442548406768066,0.0
566,20,1.7453292519943295,0.5555555555555556,A,-33.833741302410985,-0.07417181264058675,0.6176806948341005,0.6420387821022066,0.419338662225088
567,20,1.7453292519943295,0.5555555555555556,A,-33.89351915231144,-0.07414154161186687,0.6357365349813694,0.6442716357252609,0.0
568,20,1.7453292519943295,0.5555555555555556,A,-33.9533921810603,-0.07419773821170739,0.6177447139766334,0.6420760341928375,0.4193996965024586
569,20,1.7453292519943295,0.5555555555555556,A,-34.01328728525146,-0.07421769417791968,0.6357911986894379,0.6443003676466238,0.0
570,20,1.7453292519943295,0.5555555555555556,A,-34.07322379409589,-0.0742670409754721,0.6178007661069673,0.6421089000996194,0.41945290717597894
571,20,1.7453292519943295,0.5555555555555556,A,-34.133167203154684,-0.07432520929773695,0.6358144395163866,0.6443127758405915,0.0
572,20,1.7453292519943295,0.5555555555555556,A,-34.19306149658518,-0.07433777935016178,0.6177984341639489,0.6421078178132469,0.41945046127650537
573,20,1.7453292519943295,0.5555555555555556,A,-34.25294260047839,-0.07439610104671068,0.635791557515084,0.6443009842409197,0.0
574,20,1.7453292519943295,0.5555555555555556,A,-34.312724982588506,-0.07436217773198966,0.6177543296431867,0.6420822062404918,0.41940839091985616
575,20,1.7453292519943295,0.5555555555555556,A,-34.37248998431873,-0.07438304180187144,0.6357563641508658,0.6442824927522572,0.0
576,20,1.7453292519943295,0.5555555555555556,A,-34.43216547117953,-0.07432216085962162,0.617721133462278,0.6420627168449066,0.4193768765466823
577,20,1.7453292519943295,0.5555555555555556,A,-34.49182589457412,-0.07429411211454306,0.6357435656896382,0.6442756224044901,0.0
578,20,1.7453292519943295,0.5555555555555556,A,-34.55145928458517,-0.07424505682017563,0.6177205473123228,0.6420622618981859,0.4193764095504572
579,20,1.7453292519943295,0.5555555555555556,A,-34.61109891151576,-0.07418827868566641,0.6357498255224638,0.6442788830059029,0.0
580,20,1.7453292519943295,0.5555555555555556,A,-34.67080176030811,-0.07418333405977062,0.6177284732947509,0.6420668892801933,0.41938396496449637
581,20,1.7453292519943295,0.5555555555555556,A,-34.73052969207105,-0.07413350766161986,0.63575121663854,0.644279617564769,0.0
582,20,1.7453292519943295,0.5555555555555556,A,-34.790360575902,-0.07417543882186795,0.6177232175336933,0.6420637882744936,0.4193789785292317
583,20,1.7453292519943295,0.5555555555555556,A,-34.85019942128131,-0.07416081472991298,0.6357452197663199,0.644276385042173,0.0
584,20,1.7453292519943295,0.5555555555555556,A,-34.91010650457505,-0.07422123196321617,0.6177214237735403,0.6420626432969482,0.41937734839654206
585,20,1.7453292519943295,0.5555555555555556,A,-34.97000474237389,-0.07424830956054901,0.6357541950478984,0.644281027917064,0.0
586,20,1.7453292519943295,0.5555555555555556,A,-35.02991170457946,-0.07428850976053308,0.6177491309554944,0.6420787504573826,0.41940378437776354
587,20,1.7453292519943295,0.5555555555555556,A,-35.089815680978205,-0.07434110272819355,0.6357859228530119,0.6442976862197964,0.0
588,20,1.7453292519943295,0.5555555555555556,A,-35.14966657572283,-0.0743380325040997,0.6177917325708604,0.6421036806702627,0.4194442672253005
589,20,1.7453292519943295,0.5555555555555556,A,-35.20951450974313,-0.07438632417446955,0.635810883690128,0.6443109221248527,0.0
590,20,1.7453292519943295,0.5555555555555556,A,-35.26927088913254,-0.07434473758120758,0.617800024415737,0.6421087589998057,0.4194519600150672
591,20,1.7453292519943295,0.5555555555555556,A,-35.32902306534116,-0.07436015818904895,0.6357943978783254,0.6443025048283519,0.0
592,20,1.7453292519943295,0.5555555555555556,A,-35.38870713789337,-0.07430610860740611,0.617752170047609,0.6420810250094652,0.4194062674062193
593,20,1.7453292519943295,0.5555555555555556,A,-35.44839003500282,-0.07427762872422639,0.6357444130305552,0.6442763034544888,0.0
594,20,1.7453292519943295,0.5555555555555556,A,-35.50806460042066,-0.07424197321975473,0.6176899511061026,0.6420445933792207,0.4193471373338431
595,20,1.7453292519943295,0.5555555555555556,A,-35.567730948483046,-0.07418534439324187,0.6357095176056371,0.6442577378078439,0.0
596,20,1.7453292519943295,0.5555555555555556,A,-35.62744711193132,-0.07418793544190794,0.61767601018874,0.6420361590158312,0.4193341057961534
597,20,1.7453292519943295,0.5555555555555556,A,-35.68716220016284,-0.07413861005466921,0.6357245604323641,0.6442654170875839,0.0
598,20,1.7453292519943295,0.5555555555555556,A,-35.74697085270736,-0.07417862355360877,0.6177219283180533,0.642062796574521,0.4193779542630074
599,20,1.7453292519943295,0.5555555555555556,A,-35.80680107345599,-0.07416905593127987,0.6357708807583007,0.6442897117163974,0.0
600,20,1.7453292519943295,0.5555555555555556,A,-35.86671066470116,-0.07422412215862301,0.6177770353577359,0.6420950199432021,0.4194303470843275
601,20,1.7453292519943295,0.5555555555555556,A,-35.92663545887066,-0.07426067278959325,0.6358006941823862,0.6443054836895403,0.0
602,20,1.7453292519943295,0.5555555555555556,A,-35.986560757666574,-0.07429744546499717,0.6177901999450558,0.6421028962525798,0.4194427123800606
603,20,1.7453292519943295,0.5555555555555556,A,-36.04647729578844,-0.0743555211166908,0.635792777800172,0.6443015029720017,0.0
604,20,1.7453292519943295,0.5555555555555556,A,-36.10632253925701,-0.07434961995995848,0.6177646589315093,0.6420881288541346,0.419418302208706
605,20,1.7453292519943295,0.5555555555555556,A,-36.166151714530415,-0.07439151656034904,0.6357693008243523,0.6442892255426487,0.0
606,20,1.7453292519943295,0.5555555555555556,A,-36.22588688885037,-0.07434522839671698,0.6177404723468404,0.6420739780167031,0.4193953051778874
607,20,1.7453292519943295,0.5555555555555556,A,-36.28560695322458,-0.07434607619475941,0.6357586352767854,0.6442835415034117,0.0
608,20,1.7453292519943295,0.5555555555555556,A,-36.34526237820708,-0.07428904552514443,0.6177368540025843,0.642071806458668,0.4193919019033188
609,20,1.7453292519943295,0.5555555555555556,A,-36.404915582080946,-0.07425110599939855,0.635759153021717,0.6442838100257113,0.0
610,20,1.7453292519943295,0.5555555555555556,A,-36.46458156931455,-0.07422058576640667,0.6177347605315213,0.6420706173108987,0.41938989472019317
611,20,1.7453292519943295,0.5555555555555556,A,-36.52426594139328,-0.0741683622172708,0.635751566054163,0.6442798611709902,0.0
612,20,1.7453292519943295,0.5555555555555556,A,-36.5840291645204,-0.07418319380204647,0.6177177310877493,0.6420606588777596,0.41937369883181075
613,20,1.7453292519943295,0.5555555555555556,A,-36.64380387398761,-0.07414695385527093,0.6357366237163321,0.6442719220932974,0.0
614,20,1.7453292519943295,0.5555555555555556,A,-36.703659876791384,-0.07419561240470607,0.617705969984701,0.6420536577714653,0.4193626075024468
615,20,1.7453292519943295,0.5555555555555556,A,-36.76350993525733,-0.07419524027764768,0.6357397208885501,0.6442734195450307,0.0
616,20,1.7453292519943295,0.5555555555555556,A,-36.82340517837437,-0.0742459584245399,0.6177302459582804,0.6420677058117569,0.41938582196427265
617,20,1.7453292519943295,0.5555555555555556,A,-36.88329985201457,-0.07428174282303868,0.635772895325039,0.6442907995252946,0.0
618,20,1.7453292519943295,0.5555555555555556,A,-36.94318603933615,-0.07430446995366191,0.6177807357901988,0.6420971932383122,0.4194338586786958
619,20,1.7453292519943295,0.5555555555555556,A,-37.0030750941966,-0.07435654437008299,0.635808478468831,0.6443095774688593,0.0
620,20,1.7453292519943295,0.5555555555555556,A,-37.062896437922426,-0.07433999615117237,0.617806353669732,0.642112348059786,0.4194580656346645
621,20,1.7453292519943295,0.5555555555555556,A,-37.12271317816454,-0.07437748732452953,0.6358063060489209,0.6443086625549711,0.0
622,20,1.7453292519943295,0.5555555555555556,A,-37.18244603295438,-0.07433269915272395,0.6177737913135259,0.6420935773588189,0.4194268933917337
623,20,1.7453292519943295,0.5555555555555556,A,-37.24217351583735,-0.07433125243369454,0.6357634697875939,0.6442862949067935,0.0
624,20,1.7453292519943295,0.5555555555555556,A,-37.30185401853724,-0.07428388393145713,0.6177119959498496,0.6420574979938194,0.41936808864269226
625,20,1.7453292519943295,0.5555555555555556,A,-37.36152532038274,-0.07424269733690414,0.6357218526495081,0.6442642866014976,0.0
626,20,1.7453292519943295,0.5555555555555556,A,-37.421206473084624,-0.07421988708446325,0.6176820802578568,0.6420397991748764,0.41933980024349915
627,20,1.7453292519943295,0.5555555555555556,A,-37.48088157671951,-0.0741647723569056,0.6357211064493539,0.6442636790506043,0.0
628,20,1.7453292519943295,0.5555555555555556,A,-37.54062749147155,-0.07418099567522773,0.6177081371194708,0.6420548269882393,0.4193647564389228
629,20,1.7453292519943295,0.5555555555555556,A,-37.60039051150497,-0.07414793996321756,0.6357550475973657,0.6442814383455174,0.0
630,20,1.7453292519943295,0.5555555555555556,A,-37.66024847484998,-0.07419519643167583,0.6177546865515722,0.6420819933801644,0.4194090631037738
631,20,1.7453292519943295,0.5555555555555556,A,-37.72012750348914,-0.07420526701560137,0.6357845560814758,0.6442969856753262,0.0
632,20,1.7453292519943295,0.5555555555555556,A,-37.78005118719971,-0.07425507401099835,0.6177750375716079,0.642093981235642,0.4194283322422431
633,20,1.7453292519943295,0.5555555555555556,A,-37.83997247422613,-0.07430020640260149,0.6357864894013753,0.6442981099862298,0.0
634,20,1.7453292519943295,0.5555555555555556,A,-37.89986151425963,-0.07432031733708572,0.6177644782037699,0.6420879263175032,0.4194182024049804
635,20,1.7453292519943295,0.5555555555555556,A,-37.959736539067606,-0.07437059322617501,0.6357745424318683,0.6442919019753602,0.0
636,20,1.7453292519943295,0.5555555555555556,A,-38.0195330421099,-0.07434722630485707,0.6177523680381127,0.6420808662890413,0.41940667208791804
637,20,1.7453292519943295,0.5555555555555556,A,-38.079316376126464,-0.07437213588792713,0.635770486928377,0.6442897410221755,0.0
638,20,1.7453292519943295,0.5555555555555556,A,-38.139017928076335,-0.07432063857485366,0.6177530139726106,0.6420812274147216,0.4194072891341358
639,20,1.7453292519943295,0.5555555555555556,A,-38.19871243581038,-0.0743073885090978,0.6357713406735194,0.6442902083309708,0.0
640,20,1.7453292519943295,0.5555555555555556,A,-38.25837497793061,-0.07426165122167283,0.6177478463864663,0.6420782780872261,0.4194023235035168
641,20,1.7453292519943295,0.5555555555555556,A,-38.31804764982185,-0.07421983967599166,0.6357588914918183,0.6442837436794978,0.0
642,20,1.7453292519943295,0.5555555555555556,A,-38.37776063090246,-0.07420843024536322,0.6177218239220906,0.6420631118505893,0.41937754203100686
643,20,1.7453292519943295,0.5555555555555556,A,-38.4374853721265,-0.0741624239681678,0.6357350432911766,0.6442711565810745,0.0
644,20,1.7453292519943295,0.5555555555555556,A,-38.497283517582886,-0.07419024314645284,0.6176973936169124,0.6420487159027674,0.41935439139005304
645,20,1.7453292519943295,0.5555555555555556,A,-38.557078081677226,-0.07416611147467972,0.6357282981550918,0.6442674514451678,0.0
646,20,1.7453292519943295,0.5555555555555556,A,-38.616937633731155,-0.0742140169225512,0.6177115488466923,0.6420568105630994,0.4193680058227111
647,20,1.7453292519943295,0.5555555555555556,A,-38.676797053972884,-0.07422638829749151,0.6357570852666656,0.6442824812238859,0.0
648,20,1.7453292519943295,0.5555555555555556,A,-38.736687817964494,-0.07426555481589653,0.6177629153375642,0.6420867547534144,0.4194169283315049
649,20,1.7453292519943295,0.5555555555555556,A,-38.7965868148986,-0.07430863892634221,0.6357989142687742,0.6443044961839703,0.0
650,20,1.7453292519943295,0.5555555555555556,A,-38.85645616352626,-0.07431740743789039,0.6178027297306883,0.6421101416146916,0.4194546901558392
651,20,1.7453292519943295,0.5555555555555556,A,-38.9163244099008,-0.07436584937192048,0.6358109439460209,0.6443110012137012,0.0
652,20,1.7453292519943295,0.5555555555555556,A,-38.976115698097416,-0.07433992982760357,0.6177884882372382,0.6421020634564019,0.41944094960269607
653,20,1.7453292519943295,0.5555555555555556,A,-39.03589901713364,-0.0743628148688566,0.6357797929524622,0.6442948119874414,0.0
654,20,1.7453292519943295,0.5555555555555556,A,-39.09561118508921,-0.07431669693681009,0.6177347307592551,0.6420707581733553,0.4193897334866299
655,20,1.7453292519943295,0.5555555555555556,A,-39.15531301212253,-0.07429827322332938,0.6357379030321231,0.6442727507424004,0.0
656,20,1.7453292519943295,0.5555555555555556,A,-39.21498651335805,-0.07425846444719175,0.6176961529814203,0.6420480809056235,0.41935313803098034
657,20,1.7453292519943295,0.5555555555555556,A,-39.274650230007424,-0.07421037047588297,0.6357254521857912,0.6442660280944145,0.0
658,20,1.7453292519943295,0.5555555555555556,A,-39.33434897772101,-0.0742015857017092,0.6177044404318006,0.6420527484463376,0.41936116718518446
659,20,1.7453292519943295,0.5555555555555556,A,-39.394057937404426,-0.07415545072009089,0.635745992331627,0.6442767352948995,0.0
660,20,1.7453292519943295,0.5555555555555556,A,-39.45385436899733,-0.07418487512507482,0.6177379850364965,0.6420722916438066,0.41939312868111533
661,20,1.7453292519943295,0.5555555555555556,A,-39.513673881898484,-0.07417008802357322,0.6357698944915006,0.6442893009173261,0.0
662,20,1.7453292519943295,0.5555555555555556,A,-39.57356735586279,-0.07422026952208105,0.617757705196727,0.6420838477834878,0.4194118501540224
663,20,1.7453292519943295,0.5555555555555556,A,-39.63346533578839,-0.07424436616630514,0.6357757214716624,0.6442924056806641,0.0
664,20,1.7453292519943295,0.5555555555555556,A,-39.6933720160134,-0.07428294748343406,0.6177560782819962,0.6420829543607542,0.4194102580858015
665,20,1.7453292519943295,0.5555555555555556,A,-39.75326752254752,-0.07432886735989885,0.6357724110917504,0.6442907115547639,0.0
666,20,1.7453292519943295,0.5555555555555556,A,-39.81311389228528,-0.07433059675455123,0.6177552694369757,0.6420824963913653,0.4194094837827897
667,20,1.7453292519943295,0.5555555555555556,A,-39.87294988403258,-0.07437005711210432,0.6357765870612996,0.644292902191365,0.0
668,20,1.7453292519943295,0.5555555555555556,A,-39.932707957845864,-0.07433459731640424,0.6177646669732222,0.6420879914715644,0.4194184107351192
669,20,1.7453292519943295,0.5555555555555556,A,-39.992458017907374,-0.07434552575969622,0.6357826145710576,0.6442961023142033,0.0
670,20,1.7453292519943295,0.5555555555555556,A,-40.05214643101864,-0.07429688950313434,0.6177632805045037,0.6420872745064173,0.4194170168586074
671,20,1.7453292519943295,0.5555555555555556,A,-40.111837485210465,-0.07427416620875327,0.6357704946233653,0.6442898413724175,0.0
672,20,1.7453292519943295,0.5555555555555556,A,-40.171526568231364,-0.074243056678927,0.6177336471266166,0.642070050699859,0.4193887619819414
673,20,1.7453292519943295,0.5555555555555556,A,-40.231224777140724,-0.07419973853389156,0.6357404584928373,0.6442740559656266,0.0
674,20,1.7453292519943295,0.5555555555555556,A,-40.29097196717397,-0.07420352722705031,0.617697511914509,0.6420488563312784,0.419354446367439
675,20,1.7453292519943295,0.5555555555555556,A,-40.35071710082624,-0.07416424888654832,0.6357225574339305,0.6442644910907795,0.0
676,20,1.7453292519943295,0.5555555555555556,A,-40.410528471124415,-0.0741984960803691,0.6176973819972138,0.6420485902118042,0.41935447756653
677,20,1.7453292519943295,0.5555555555555556,A,-40.470338602996506,-0.07418703491064421,0.6357421620409137,0.6442746575778162,0.0
678,20,1.7453292519943295,0.5555555555555556,A,-40.53020677273678,-0.07423087280408047,0.6177425014819586,0.6420748366393959,0.4193974999750051
679,20,1.7453292519943295,0.5555555555555556,A,-40.590086377089854,-0.07425584815132302,0.635784674210385,0.6442969872426583,0.0
680,20,1.7453292519943295,0.5555555555555556,A,-40.649977652490506,-0.07428443039078159,0.6177907064163737,0.6421030600175122,0.41944330008854436
681,20,1.7453292519943295,0.5555555555555556,A,-40.70987370347076,-0.07433161786377995,0.6358081001389203,0.6443094267740712,0.0
682,20,1.7453292519943295,0.5555555555555556,A,-40.76971819888109,-0.07432859527636859,0.6177941832780679,0.6421052922307894,0.4194464424571861
683,20,1.7453292519943295,0.5555555555555556,A,-40.829554727418554,-0.07436799151031087,0.635790596006731,0.6443004085809597,0.0
684,20,1.7453292519943295,0.5555555555555556,A,-40.88931432442939,-0.07433412234355924,0.6177537096682091,0.6420817893471997,0.4194078318412514
685,20,1.7453292519943295,0.5555555555555556,A,-40.94906259950194,-0.07433979500511778,0.6357540153157636,0.6442812102322509,0.0
686,20,1.7453292519943295,0.5555555555555556,A,-41.00875419693539,-0.07429420289063188,0.6177141608174392,0.6420586232172355,0.4193702521274871
687,20,1.7453292519943295,0.5555555555555556,A,-41.06843391591352,-0.07426275445339953,0.6357353467121467,0.6442712713699463,0.0
688,20,1.7453292519943295,0.5555555555555556,A,-41.12810960141724,-0.07423356856015983,0.6177096779673643,0.6420558689788979,0.4193660954602773
689,20,1.7453292519943295,0.5555555555555556,A,-41.18778809812264,-0.07418630716655772,0.6357442621442893,0.6442758760133641,0.0
690,20,1.7453292519943295,0.5555555555555556,A,-41.24752823198756,-0.07419312698443148,0.617729381938757,0.6420673264113104,0.41938489213129426
691,20,1.7453292519943295,0.5555555555555556,A,-41.30728939088244,-0.07416039548302639,0.6357596879869848,0.6442839768514442,0.0
692,20,1.7453292519943295,0.5555555555555556,A,-41.36713399801141,-0.07419976137782547,0.6177427038622747,0.642075111575559,0.41939755786477095
693,20,1.7453292519943295,0.5555555555555556,A,-41.42698896143024,-0.07420049426148989,0.6357640092258222,0.6442862452215387,0.0
694,20,1.7453292519943295,0.5555555555555556,A,-41.486886384190626,-0.07424682653779024,0.6177431991191684,0.6420754044575372,0.41939802278572985
695,20,1.7453292519943295,0.5555555555555556,A,-41.54677614454843,-0.07427835526336135,0.6357648135908951,0.6442866709499168,0.0
696,20,1.7453292519943295,0.5555555555555556,A,-41.60665196859516,-0.07430151292282611,0.6177498772410441,0.6420792949642093,0.41940439283871495
697,20,1.7453292519943295,0.5555555555555556,A,-41.66652012135212,-0.07434402239584026,0.6357760808102451,0.6442925892998332,0.0
698,20,1.7453292519943295,0.5555555555555556,A,-41.72633113947563,-0.07433019402031066,0.6177691142989984,0.6420905379215747,0.4194226849521626
699,20,1.7453292519943295,0.5555555555555556,A,-41.786136207499645,-0.07435937211378435,0.6357899391113709,0.6442999075804872,0.0
700,20,1.7453292519943295,0.5555555555555556,A,-41.845869688424116,-0.07431917893282308,0.6177766689241482,0.6420950500872022,0.4194297871287493
701,20,1.7453292519943295,0.5555555555555556,A,-41.90560091004308,-0.07431872508268567,0.6357830338103737,0.6442964018512501,0.0
702,20,1.7453292519943295,0.5555555555555556,A,-41.96529445079812,-0.07427798110176415,0.617749786932615,0.6420794757965975,0.4194041157556663
703,20,1.7453292519943295,0.5555555555555556,A,-42.02499268051344,-0.074247597010489,0.6357512341035321,0.6442797466924158,0.0
704,20,1.7453292519943295,0.5555555555555556,A,-42.08470641073058,-0.07422998998428376,0.6177059330423382,0.6420538310113549,0.41936241385032047
705,20,1.7453292519943295,0.5555555555555556,A,-42.144418509612294,-0.07418657353452834,0.6357235407398946,0.6442650687184794,0.0
706,20,1.7453292519943295,0.5555555555555556,A,-42.20418174969709,-0.0742008534853611,0.6176905928169919,0.642044692484867,0.41934795961344584
707,20,1.7453292519943295,0.5555555555555556,A,-42.26394181039494,-0.07417063066833768,0.635731205278326,0.6442689395999971,0.0
708,20,1.7453292519943295,0.5555555555555556,A,-42.32376923714373,-0.0742078536123873,0.6177238486226315,0.6420639758047975,0.41937972211789853
709,20,1.7453292519943295,0.5555555555555556,A,-42.38360836687483,-0.07421080358885823,0.6357689990989062,0.6442887517181173,0.0
710,20,1.7453292519943295,0.5555555555555556,A,-42.44349351457546,-0.07424986757294993,0.6177734878092578,0.6420929788389543,0.4194269390080212
711,20,1.7453292519943295,0.5555555555555556,A,-42.503389659643354,-0.0742853316853358,0.6357991915308372,0.6443046935017074,0.0
712,20,1.7453292519943295,0.5555555555555556,A,-42.563270129027416,-0.0743034793008529,0.6177909547810885,0.6421033273822975,0.41944343246107474
713,20,1.7453292519943295,0.5555555555555556,A,-42.62314543122646,-0.07434880312465642,0.6357945920569834,0.6443024276118375,0.0
714,20,1.7453292519943295,0.5555555555555556,A,-42.68295592255347,-0.07433403735440991,0.6177658279895818,0.6420887956850688,0.41941941609820843
715,20,1.7453292519943295,0.5555555555555556,A,-42.74275473113556,-0.07435960375902806,0.6357669907996087,0.6442879922248532,0.0
716,20,1.7453292519943295,0.5555555555555556,A,-42.80248329984016,-0.0743194281461731,0.6177317466461846,0.6420688845531942,0.41938699297365895
717,20,1.7453292519943295,0.5555555555555556,A,-42.86219943307336,-0.07430935105922537,0.6357476750410189,0.6442777677721282,0.0
718,20,1.7453292519943295,0.5555555555555556,A,-42.92187823324985,-0.07426845644521929,0.6177209559559245,0.6420624908515692,0.41937679474940487
719,20,1.7453292519943295,0.5555555555555556,A,-42.98155366247507,-0.07423075489481606,0.6357487606440599,0.6442782749733679,0.0
720,20,1.7453292519943295,0.5555555555555556,A,-43.041254789631076,-0.0742158525890782,0.6177292239738413,0.6420672840839912,0.419384697186663
721,20,1.7453292519943295,0.5555555555555556,A,-43.100971709075964,-0.07417520401428435,0.6357555063211686,0.6442818214380095,0.0
722,20,1.7453292519943295,0.5555555555555556,A,-43.160761829557266,-0.07419631734433824,0.6177333544573413,0.6420696946068308,0.41938862799266646
723,20,1.7453292519943295,0.5555555555555556,A,-43.220565790584544,-0.07417690897427343,0.6357545766330146,0.6442813119659648,0.0
724,20,1.7453292519943295,0.5555555555555556,A,-43.280432168093455,-0.07421984172981316,0.6177300436293434,0.6420677284285493,0.41938549799988434
725,20,1.7453292519943295,0.5555555555555556,A,-43.3402946912739,-0.07423150830468356,0.6357546273574302,0.6442812990965915,0.0
726,20,1.7453292519943295,0.5555555555555556,A,-43.40017603951824,-0.07426810677983309,0.6177387001283463,0.64207273843393,0.4193937777160439
727,20,1.7453292519943295,0.5555555555555556,A,-43.460051791994964,-0.07430295534013481,0.6357697579727605,0.6442892291541501,0.0
728,20,1.7453292519943295,0.5555555555555556,A,-43.51990095671994,-0.07431081971988651,0.617765686467356,0.6420884900438233,0.41941946185367107
729,20,1.7453292519943295,0.5555555555555556,A,-43.57974782349687,-0.07434888890921232,0.6357915795154675,0.6443007237769632,0.0
730,20,1.7453292519943295,0.5555555555555556,A,-43.63953243892923,-0.07432513475599878,0.6177846215754094,0.6420996384844435,0.419437397922939
731,20,1.7453292519943295,0.5555555555555556,A,-43.6993133579405,-0.07434461854752072,0.6357933327219215,0.6443017657270064,0.0
732,20,1.7453292519943295,0.5555555555555556,A,-43.7590350966542,-0.07430517910784729,0.6177662057527897,0.64208903275636,0.41941975963855943
733,20,1.7453292519943295,0.5555555555555556,A,-43.81875682648565,-0.07429376983983754,0.6357646768015994,0.644286808434976,0.0
734,20,1.7453292519943295,0.5555555555555556,A,-43.87846020208726,-0.07426192236378792,0.6177204126649527,0.6420623169984356,0.41937616721623683
735,20,1.7453292519943295,0.5555555555555556,A,-43.93816121848819,-0.07422503735601699,0.6357306664677398,0.6442688631645932,0.0
736,20,1.7453292519943295,0.5555555555555556,A,-43.99788729046013,-0.07421840703443056,0.6176920913918996,0.642045632948451,0.41934933093808113
737,20,1.7453292519943295,0.5555555555555556,A,-44.05760809303226,-0.07417819276307402,0.635726103513031,0.6442663091217835,0.0
738,20,1.7453292519943295,0.5555555555555556,A,-44.11738841884082,-0.07420043462511844,0.6177104728129044,0.6420562149705554,0.419366949856109
739,20,1.7453292519943295,0.5555555555555556,A,-44.17717797982072,-0.07418288574694026,0.6357550950475483,0.6442814680535193,0.0
740,20,1.7453292519943295,0.5555555555555556,A,-44.23703365554945,-0.0742218107956607,0.6177550410726718,0.6420822117187435,0.41940938308166603
741,20,1.7453292519943295,0.5555555555555556,A,-44.29690498077433,-0.07423892813597655,0.6357867673158142,0.6442981429504269,0.0
742,20,1.7453292519943295,0.5555555555555556,A,-44.35679742527201,-0.07427184842555529,0.6177807677127032,0.6420973271561173,0.4194337803789139
743,20,1.7453292519943295,0.5555555555555556,A,-44.416689651134334,-0.07431242292999862,0.635792094356898,0.644301049327234,0.0
744,20,1.7453292519943295,0.5555555555555556,A,-44.47654270092594,-0.07431844784469865,0.6177698301263017,0.6420910619468584,0.41942327783402683
745,20,1.7453292519943295,0.5555555555555556,A,-44.536384781375034,-0.07435575944594353,0.6357747167150629,0.6442919996080387,0.0
746,20,1.7453292519943295,0.5555555555555556,A,-44.59615912888276,-0.07432969811927342,0.617745231357709,0.6420767258720032,0.4193998511684045
747,20,1.7453292519943295,0.5555555555555556,A,-44.65592161565644,-0.0743403649914029,0.635759228964482,0.6442838329882348,0.0
748,20,1.7453292519943295,0.5555555555555556,A,-44.71562576183936,-0.07429812486130993,0.6177344779668923,0.6420703959223969,0.41938965343259194
749,20,1.7453292519943295,0.5555555555555556,A,-44.77532266866115,-0.0742771986895216,0.6357571843309026,0.6442827174760161,0.0
750,20,1.7453292519943295,0.5555555555555556,A,-44.83500873307304,-0.07424624737490587,0.6177359397648156,0.642071236814521,0.41939105803650045
751,20,1.7453292519943295,0.5555555555555556,A,-44.89470382962887,-0.07420823286510969,0.6357573485613627,0.6442828213182983,0.0
752,20,1.7453292519943295,0.5555555555555556,A,-44.95444675433389,-0.07420861277865481,0.6177312302092653,0.6420684983904872,0.41938657064327145
753,20,1.7453292519943295,0.5555555555555556,A,-45.01420398511314,-0.07417645024170938,0.6357496795666939,0.6442787764087239,0.0
754,20,1.7453292519943295,0.5555555555555556,A,-45.07402683893511,-0.07420691854914752,0.6177203091156253,0.6420620753230093,0.4193762095820188
755,20,1.7453292519943295,0.5555555555555556,A,-45.13384935113445,-0.07419847427706716,0.63574495384228,0.6442762246459889,0.0
756,20,1.7453292519943295,0.5555555555555556,A,-45.19371426195882,-0.07423848506667591,0.6177252820723935,0.6420649004595547,0.4193810082034708
757,20,1.7453292519943295,0.5555555555555556,A,-45.253574867662536,-0.07425803663168212,0.635759676348213,0.64428391109746,0.0
758,20,1.7453292519943295,0.5555555555555556,A,-45.31344094354793,-0.07428276918865101,0.6177556397635712,0.6420825921605021,0.41940992730426513
759,20,1.7453292519943295,0.5555555555555556,A,-45.37330840625114,-0.0743194364352337,0.635787323995397,0.644298449192166,0.0
760,20,1.7453292519943295,0.5555555555555556,A,-45.433137398032315,-0.07431540245891516,0.6177853765534905,0.6421000244250522,0.41943816117203997
761,20,1.7453292519943295,0.5555555555555556,A,-45.49296451463652,-0.07434815681455942,0.6357990595050244,0.6443047198707079,0.0
762,20,1.7453292519943295,0.5555555555555556,A,-45.5527286658735,-0.07431930438368489,0.6177792052427445,0.6420965719732541,0.4194321673952572
763,20,1.7453292519943295,0.5555555555555556,A,-45.612489372304395,-0.07432785467283526,0.6357777515155862,0.6442936496960782,0.0
764,20,1.7453292519943295,0.5555555555555556,A,-45.6722054155249,-0.0742913110416355,0.6177375621679523,0.6420723314666442,0.41939248479706315
765,20,1.7453292519943295,0.5555555555555556,A,-45.73191748694707,-0.07426894657267857,0.6357420432364936,0.6442748699981298,0.0
766,20,1.7453292519943295,0.5555555555555556,A,-45.79162458619153,-0.07424539846688294,0.6177008713054177,0.6420508106681043,0.4193576441528233
767,20,1.7453292519943295,0.5555555555555556,A,-45.851324645562386,-0.07420527659682125,0.6357272755054347,0.6442669748205533,0.0
768,20,1.7453292519943295,0.5555555555555556,A,-45.91106315198426,-0.07420861202378454,0.6177043783731941,0.6420527122125683,0.4193611014301467
769,20,1.7453292519943295,0.5555555555555556,A,-45.97080661335765,-0.0741765650396512,0.6357454389962363,0.6442764290959087,0.0
770,20,1.7453292519943295,0.5555555555555556,A,-46.03061898388128,-0.07420596647243538,0.6177391479246181,0.6420729586216771,0.41939423701974116
771,20,1.7453292519943295,0.5555555555555556,A,-46.09044881803837,-0.07420298912887413,0.6357738281456374,0.6442913475312939,0.0
772,20,1.7453292519943295,0.5555555555555556,A,-46.1503287046981,-0.07424158782862705,0.6177668330965207,0.6420891694310455,0.41942053860642736
773,20,1.7453292519943295,0.5555555555555556,A,-46.210214187208386,-0.07426902537502394,0.6357847649090479,0.6442971563634549,0.0
774,20,1.7453292519943295,0.5555555555555556,A,-46.27009264195911,-0.07429257956652069,0.6177663664639879,0.6420889826384607,0.41942002484419244
775,20,1.7453292519943295,0.5555555555555556,A,-46.32996216629466,-0.07433180700320874,0.6357764952476982,0.6442928801511669,0.0
776,20,1.7453292519943295,0.5555555555555556,A,-46.389780291614365,-0.07432439950278125,0.6177523281632018,0.6420808247857613,0.41940663979562137
777,20,1.7453292519943295,0.5555555555555556,A,-46.44958779100888,-0.07435059107609376,0.6357674110406637,0.6442881083648265,0.0
778,20,1.7453292519943295,0.5555555555555556,A,-46.50933120607548,-0.07431653740925903,0.6177464741364779,0.6420773872776633,0.4194010799901914
779,20,1.7453292519943295,0.5555555555555556,A,-46.569066113039284,-0.07431493438816272,0.6357666666303878,0.6442876976450551,0.0
780,20,1.7453292519943295,0.5555555555555556,A,-46.628761463815366,-0.07427658851764557,0.6177466129843752,0.6420774778528625,0.41940120372484335
781,20,1.7453292519943295,0.5555555555555556,A,-46.6884594188582,-0.07424987550051282,0.6357638333191585,0.6442862433993167,0.0
782,20,1.7453292519943295,0.5555555555555556,A,-46.74817232441915,-0.07423198356770333,0.6177360250854833,0.6420713307291832,0.4193911053842163
783,20,1.7453292519943295,0.5555555555555556,A,-46.807897168999375,-0.07419648484906627,0.6357502291577869,0.6442791024540665,0.0
784,20,1.7453292519943295,0.5555555555555556,A,-46.867675139709846,-0.07420928581702896,0.6177164362275132,0.6420598564786201,0.419372490393245
785,20,1.7453292519943295,0.5555555555555556,A,-46.927455328986824,-0.07418514980921287,0.6357384089137186,0.6442728146575833,0.0
786,20,1.7453292519943295,0.5555555555555556,A,-46.987288253726874,-0.07421896814059709,0.6177132967270502,0.6420579234304844,0.4193695830357048
787,20,1.7453292519943295,0.5555555555555556,A,-47.04711749397339,-0.07422001232208397,0.635748557278094,0.6442780682474863,0.0
788,20,1.7453292519943295,0.5555555555555556,A,-47.10697833611491,-0.07425354094339859,0.6177416532257249,0.6420744144203048,0.4193966256562358
789,20,1.7453292519943295,0.5555555555555556,A,-47.166843064100064,-0.07427999375778138,0.6357783552739072,0.6442937118518232,0.0
790,20,1.7453292519943295,0.5555555555555556,A,-47.22670000968123,-0.07429406082041973,0.6177790053088315,0.6420962606841085,0.4194321349812116
791,20,1.7453292519943295,0.5555555555555556,A,-47.28655906153413,-0.07433107438521175,0.6357991485900519,0.6443047158270586,0.0
792,20,1.7453292519943295,0.5555555555555556,A,-47.34636805742453,-0.07431855282069821,0.6177862080582942,0.6421006015017036,0.41943887671517316
793,20,1.7453292519943295,0.5555555555555556,A,-47.40617249755476,-0.07434334204125409,0.6357877905996558,0.6442988779508197,0.0
794,20,1.7453292519943295,0.5555555555555556,A,-47.46591899997953,-0.07431162315363232,0.6177537231260205,0.6420817417510865,0.4194078825071802
795,20,1.7453292519943295,0.5555555555555556,A,-47.52565961457563,-0.07430759642624007,0.6357550299234792,0.6442816974226865,0.0
796,20,1.7453292519943295,0.5555555555555556,A,-47.58536841112764,-0.0742745976470941,0.6177144399745984,0.6420587619510987,0.4193705332818108
797,20,1.7453292519943295,0.5555555555555556,A,-47.645068919011464,-0.07424356005942928,0.6357337383278319,0.6442704103849121,0.0
798,20,1.7453292519943295,0.5555555555555556,A,-47.70477988036335,-0.07422888223930812,0.6177057839520926,0.6420535836576489,0.4193623950347113
799,20,1.7453292519943295,0.5555555555555556,A,-47.764490955493336,-0.07419097202730779,0.6357413173490429,0.6442743016003583,0.0
800,20,1.7453292519943295,0.5555555555555556,A,-47.82425776371309,-0.07420467208895021,0.6177286002507338,0.6420668388260353,0.41938416648162125
801,20,1.7453292519943295,0.5555555555555556,A,-47.88404067371948,-0.07418457545888235,0.6357631228637155,0.6442857432858227,0.0
802,20,1.7453292519943295,0.5555555555555556,A,-47.9438886687699,-0.07421940631322316,0.6177527699087949,0.6420809633175294,0.4194071531925205
803,20,1.7453292519943295,0.5555555555555556,A,-48.00374742039533,-0.07422922506767687,0.6357751010018078,0.644292063089823,0.0
804,20,1.7453292519943295,0.5555555555555556,A,-48.06362994565493,-0.0742633781263663,0.6177576347569493,0.6420838499518764,0.4194117417580009
805,20,1.7453292519943295,0.5555555555555556,A,-48.123506801438026,-0.0742953930805611,0.6357730329094199,0.6442910174366826,0.0
806,20,1.7453292519943295,0.5555555555555556,A,-48.18335748419755,-0.07430646023593457,0.6177524798645142,0.6420808692070349,0.41940681801679175
807,20,1.7453292519943295,0.5555555555555556,A,-48.24319906804166,-0.07434004801859195,0.6357707305194559,0.6442898196408302,0.0
808,20,1.7453292519943295,0.5555555555555556,A,-48.3029853612026,-0.07432083812065665,0.617754022874544,0.6420817672228484,0.41940828671759833
809,20,1.7453292519943295,0.5555555555555556,A,-48.362764037327466,-0.07433639650304602,0.6357744723032167,0.6442917822658303,0.0
810,20,1.7453292519943295,0.5555555555555556,A,-48.42248783672409,-0.07430002748253572,0.6177577813612196,0.6420839874423778,0.41941183869021603
811,20,1.7453292519943295,0.5555555555555556,A,-48.48220967233391,-0.07428967169818296,0.63577266452288,0.6442908797032553,0.0
812,20,1.7453292519943295,0.5555555555555556,A,-48.54191464523606,-0.07425981502779311,0.6177458405472016,0.6420770752648488,0.4194004323084902
813,20,1.7453292519943295,0.5555555555555556,A,-48.601627303532155,-0.07423008581399759,0.6357557456102516,0.6442820264896153,0.0
814,20,1.7453292519943295,0.5555555555555556,A,-48.661369376121414,-0.07422461246924283,0.617719211095465,0.6420615170129569,0.4193750989353343
815,20,1.7453292519943295,0.5555555555555556,A,-48.72111477080876,-0.07419235344803671,0.6357365959123567,0.6442719004762434,0.0
816,20,1.7453292519943295,0.5555555555555556,A,-48.780909198342115,-0.07421289977136458,0.6177057135442501,0.6420535332536202,0.4193623347633405
817,20,1.7453292519943295,0.5555555555555556,A,-48.84070010353997,-0.07419688205416064,0.6357391044177249,0.6442731194770502,0.0
818,20,1.7453292519943295,0.5555555555555556,A,-48.90053766404969,-0.07423005914219671,0.6177270736041509,0.6420659115547097,0.4193827414806811
819,20,1.7453292519943295,0.5555555555555556,A,-48.960379809686074,-0.07424078966941922,0.6357668348463692,0.644287650435811,0.0
820,20,1.7453292519943295,0.5555555555555556,A,-49.020243592521744,-0.07426735010352414,0.6177671989523054,0.642089341552613,0.4194209220656746
821,20,1.7453292519943295,0.5555555555555556,A,-49.08011405108827,-0.0742995564118012,0.6357939027628089,0.6443019211591752,0.0
822,20,1.7453292519943295,0.5555555555555556,A,-49.13995920326651,-0.07430467307508454,0.6177862120355704,0.6421005487681569,0.4194389240248432
823,20,1.7453292519943295,0.5555555555555556,A,-49.1998013262765,-0.0743386242033246,0.6357930467991149,0.6443015868982082,0.0
824,20,1.7453292519943295,0.5555555555555556,A,-49.25958730385205,-0.07431908368389184,0.6177658058851003,0.6420887528541821,0.4194194134151323
825,20,1.7453292519943295,0.5555555555555556,A,-49.319365928820794,-0.074332629815624,0.6357668979291127,0.644287914161837,0.0
826,20,1.7453292519943295,0.5555555555555556,A,-49.37909479920518,-0.07429905471188047,0.6177295249647011,0.6420675738275156,0.41938488533248175
827,20,1.7453292519943295,0.5555555555555556,A,-49.4388146576478,-0.0742830965160442,0.635743471946169,0.6442755479431582,0.0
828,20,1.7453292519943295,0.5555555555555556,A,-49.498517086032535,-0.0742553913888307,0.6177132648050627,0.6420579886918861,0.41936948228049603
829,20,1.7453292519943295,0.5555555555555556,A,-49.55821539117018,-0.07422066463701066,0.6357426715582122,0.6442750467422729,0.0
830,20,1.7453292519943295,0.5555555555555556,A,-49.617945142966235,-0.07421674265283296,0.617724695656304,0.6420645990134941,0.41938041572866835
831,20,1.7453292519943295,0.5555555555555556,A,-49.67768703835897,-0.07418604843246684,0.635756574316027,0.6442823307662545,0.0
832,20,1.7453292519943295,0.5555555555555556,A,-49.73749298805496,-0.07420948318842119,0.6177417676604836,0.6420745624288966,0.4193966654835565
833,20,1.7453292519943295,0.5555555555555556,A,-49.79731290086075,-0.07420168892888152,0.6357657955093088,0.644287180399124,0.0
834,20,1.7453292519943295,0.5555555555555556,A,-49.85717914507123,-0.0742377942238156,0.6177467247216103,0.6420774701415709,0.41940136699842034
835,20,1.7453292519943295,0.5555555555555556,A,-49.91704370675359,-0.07425614105105377,0.635766127193313,0.6442873637253789,0.0
836,20,1.7453292519943295,0.5555555555555556,A,-49.97690986482726,-0.07428132669376691,0.6177467858378947,0.6420775118070305,0.41940142376680034
837,20,1.7453292519943295,0.5555555555555556,A,-50.03676854109439,-0.07431341670427877,0.6357690069160546,0.6442888816655563,0.0
838,20,1.7453292519943295,0.5555555555555556,A,-50.096591479579175,-0.07431164257657169,0.6177556012300804,0.6420826563884374,0.41940981559593016
839,20,1.7453292519943295,0.5555555555555556,A,-50.15640895927023,-0.0743384929974743,0.6357785894334887,0.6442939204423398,0.0
840,20,1.7453292519943295,0.5555555555555556,A,-50.216171428610814,-0.07431200739148586,0.6177662686759251,0.642088917041312,0.4194199356521947
841,20,1.7453292519943295,0.5555555555555556,A,-50.27593003532537,-0.07431870756725878,0.6357812458121024,0.6442953691393174,0.0
842,20,1.7453292519943295,0.5555555555555556,A,-50.335648454882055,-0.07428520897608637,0.6177577872446004,0.6420840432967574,0.41941180395805017
843,20,1.7453292519943295,0.5555555555555556,A,-50.39536982165152,-0.07426801915310227,0.6357646188623458,0.6442866962795138,0.0
844,20,1.7453292519943295,0.5555555555555556,A,-50.455092331289435,-0.07424790087962585,0.6177277695255097,0.6420665414398143,0.419383221055601
845,20,1.7453292519943295,0.5555555555555556,A,-50.5148176559871,-0.07421618435430899,0.6357398550131861,0.6442736492126887,0.0
846,20,1.7453292519943295,0.5555555555555556,A,-50.57457656955438,-0.07422022457891603,0.6177042059236555,0.6420526963450146,0.41936086440069076
847,20,1.7453292519943295,0.5555555555555556,A,-50.63433183437449,-0.07419242135685206,0.6357333986119519,0.6442701524095358,0.0
848,20,1.7453292519943295,0.5555555555555556,A,-50.69413565466936,-0.07421720325878972,0.6177150947122261,0.6420589443734798,0.4193713178706019
849,20,1.7453292519943295,0.5555555555555556,A,-50.75394299093584,-0.07421090692489668,0.6357553176169766,0.6442816067605314,0.0
850,20,1.7453292519943295,0.5555555555555556,A,-50.813793248981916,-0.07424206239362607,0.6177527236461243,0.6420808842444828,0.4194071522933249
851,20,1.7453292519943295,0.5555555555555556,A,-50.87365379933839,-0.07426239951252261,0.6357847860038924,0.6442971094633307,0.0
852,20,1.7453292519943295,0.5555555555555556,A,-50.93351846164048,-0.07428220510745043,0.617779852991764,0.6420967945518804,0.4194329064195398
853,20,1.7453292519943295,0.5555555555555556,A,-50.99338376502939,-0.07431683605723416,0.6357929877510836,0.6443015079796724,0.0
854,20,1.7453292519943295,0.5555555555555556,A,-51.053208165798665,-0.07431322306179228,0.6177719167270002,0.6420922706498049,0.41942526671933833
855,20,1.7453292519943295,0.5555555555555556,A,-51.11302489964807,-0.07433964409471105,0.6357754438402187,0.6442923698133711,0.0
856,20,1.7453292519943295,0.5555555555555556,A,-51.17278611969928,-0.07431361205374526,0.6177428774066319,0.6420753527787021,0.4193976053772879
857,20,1.7453292519943295,0.5555555555555556,A,-51.232538058618736,-0.07431469042113598,0.6357539724851613,0.6442810697586899,0.0
858,20,1.7453292519943295,0.5555555555555556,A,-51.292250946472464,-0.07428147830673598,0.6177242390144337,0.6420644151704976,0.4193799098050923
859,20,1.7453292519943295,0.5555555555555556,A,-51.351956851669776,-0.07425731154513149,0.6357482530044033,0.6442780027010758,0.0
860,20,1.7453292519943295,0.5555555555555556,A,-51.41166564410773,-0.0742380989296646,0.6177271109890508,0.6420660415573685,0.41938268525006767
861,20,1.7453292519943295,0.5555555555555556,A,-51.4713812489511,-0.07420503413316631,0.6357549443677164,0.6442815013041662,0.0
862,20,1.7453292519943295,0.5555555555555556,A,-51.53114565633092,-0.07421280305221978,0.6177359290842028,0.642071183866924,0.4193910846028381
863,20,1.7453292519943295,0.5555555555555556,A,-51.59092457093419,-0.07419141502041016,0.6357591205999558,0.6442836940224157,0.0
864,20,1.7453292519943295,0.5555555555555556,A,-51.650759687427325,-0.07422124155798732,0.6177368359241973,0.6420717075640672,0.4193919480124266
865,20,1.7453292519943295,0.5555555555555556,A,-51.710597050478384,-0.07422331090865314,0.6357581477779185,0.6442831662887829,0.0
866,20,1.7453292519943295,0.5555555555555556,A,-51.770460011008126,-0.07425549575171214,0.6177375751411406,0.6420721187855788,0.4193926688664965
867,20,1.7453292519943295,0.5555555555555556,A,-51.83031712119596,-0.07427851938005053,0.6357632665221864,0.6442858418590242,0.0
868,20,1.7453292519943295,0.5555555555555556,A,-51.89016316758615,-0.07429254316313127,0.6177512726979566,0.6420801011381402,0.4194057190540091
869,20,1.7453292519943295,0.5555555555555556,A,-51.95000618159361,-0.07432282997387957,0.6357781020642704,0.6442936378770578,0.0
870,20,1.7453292519943295,0.5555555555555556,A,-52.009807319110294,-0.0743110379994919,0.6177698678981484,0.6420909861583661,0.4194233874126304
871,20,1.7453292519943295,0.5555555555555556,A,-52.06960532075729,-0.07433143630472094,0.6357872970342503,0.6442985197020095,0.0
872,20,1.7453292519943295,0.5555555555555556,A,-52.12935294831695,-0.07430254492692379,0.6177687413247209,0.642090414478327,0.419422245460804
873,20,1.7453292519943295,0.5555555555555556,A,-52.18909973056418,-0.07430103411469641,0.6357745898465735,0.6442919242050895,0.0
874,20,1.7453292519943295,0.5555555555555556,A,-52.248821969825954,-0.07427287228070306,0.6177399626014848,0.6420736690933508,0.4193948164271368
875,20,1.7453292519943295,0.5555555555555556,A,-52.30854519885851,-0.07424937529458209,0.6357473154371763,0.6442775939916104,0.0
876,20,1.7453292519943295,0.5555555555555556,A,-52.36827947486989,-0.07423784987644899,0.617708904691256,0.64205547848901,0.4193653046599613
877,20,1.7453292519943295,0.5555555555555556,A,-52.428009759736014,-0.07420577478503854,0.6357324914767164,0.6442697115812432,0.0
878,20,1.7453292519943295,0.5555555555555556,A,-52.48777839841936,-0.07421693152261255,0.6177080541762496,0.6420548706115015,0.41936458576532665
879,20,1.7453292519943295,0.5555555555555556,A,-52.54754823862397,-0.0741963767446342,0.635746139566541,0.6442768046639723,0.0
880,20,1.7453292519943295,0.5555555555555556,A,-52.607370003900634,-0.07422397214905085,0.617738694943071,0.6420727056178259,0.4193937919664009
881,20,1.7453292519943295,0.5555555555555556,A,-52.66720365060411,-0.07422878528552634,0.6357739820837182,0.644291428395326,0.0
882,20,1.7453292519943295,0.5555555555555556,A,-52.72706792683124,-0.07425718425807543,0.6177691011394619,0.6420904942222307,0.4194226941426543
883,20,1.7453292519943295,0.5555555555555556,A,-52.78693754469529,-0.07428467428642899,0.6357882939561701,0.6442990068666651,0.0
884,20,1.7453292519943295,0.5555555555555556,A,-52.84679033066576,-0.07429664705141725,0.6177716591589069,0.642092074749692,0.41942505666710106
885,20,1.7453292519943295,0.5555555555555556,A,-52.90663669185247,-0.07432877239898755,0.6357794252390002,0.644294421373904,0.0
886,20,1.7453292519943295,0.5555555555555556,A,-52.966434285705915,-0.07431587385918931,0.6177519896275785,0.6420806421869536,0.4194063008315969
887,20,1.7453292519943295,0.5555555555555556,A,-53.026222743564105,-0.07433187261950897,0.635762856305035,0.6442857255988108,0.0
888,20,1.7453292519943295,0.5555555555555556,A,-53.0859608728244,-0.07430124156127138,0.6177356590591707,0.642071083562672,0.41939077722927887
889,20,1.7453292519943295,0.5555555555555556,A,-53.14569079212288,-0.07429184185335275,0.635756023621279,0.64428209582355,0.0
890,20,1.7453292519943295,0.5555555555555556,A,-53.205397774077966,-0.07426296776712804,0.6177341443591546,0.6420701671926774,0.4193893606847853
891,20,1.7453292519943295,0.5555555555555556,A,-53.26510630579179,-0.07423542918597503,0.6357577872898922,0.6442830141228759,0.0
892,20,1.7453292519943295,0.5555555555555556,A,-53.324839189734426,-0.07422725643762046,0.6177359174999193,0.6420712049713038,0.41939104981359787
893,20,1.7453292519943295,0.5555555555555556,A,-53.3845845259808,-0.07419898568739469,0.6357564657494001,0.6442823244282158,0.0
894,20,1.7453292519943295,0.5555555555555556,A,-53.4443820950966,-0.0742165434770613,0.6177305503367958,0.6420680618564389,0.41938594766027837
895,20,1.7453292519943295,0.5555555555555556,A,-53.504184930456496,-0.07420376919718774,0.6357514443173892,0.6442796566312484,0.0
896,20,1.7453292519943295,0.5555555555555556,A,-53.564028651214,-0.07423496052371314,0.6177277523133949,0.642066387161688,0.41938331684369734
897,20,1.7453292519943295,0.5555555555555556,A,-53.62386812446601,-0.07424425878931251,0.6357553838979514,0.6442816902137505,0.0
898,20,1.7453292519943295,0.5555555555555556,A,-53.683720251700315,-0.07426900953464793,0.6177425068566146,0.6420749664152436,0.4193973899014279
899,20,1.7453292519943295,0.5555555555555556,A,-53.74357123787511,-0.07429488277740204,0.6357732839782443,0.6442910847316029,0.0
900,20,1.7453292519943295,0.5555555555555556,A,-53.80340201284928,-0.07429872156146033,0.6177677419757532,0.6420897143113542,0.4194213901158901
901,20,1.7453292519943295,0.5555555555555556,A,-53.86323223418241,-0.07432658106211065,0.6357893392226355,0.6442995613871306,0.0
902,20,1.7453292519943295,0.5555555555555556,A,-53.92301608011423,-0.07430860810112733,0.6177760766942619,0.6420946625412608,0.4194292525936263
903,20,1.7453292519943295,0.5555555555555556,A,-53.982797276147366,-0.0743219332539885,0.6357833269312279,0.6442964891770584,0.0
904,20,1.7453292519943295,0.5555555555555556,A,-54.04253678275941,-0.07429349853785389,0.6177529696623114,0.642081252551206,0.4194072014464013
905,20,1.7453292519943295,0.5555555555555556,A,-54.10227482374311,-0.07428325377353323,0.6357572100398788,0.6442828011046193,0.0
906,20,1.7453292519943295,0.5555555555555556,A,-54.16200008335901,-0.07426064001826393,0.6177185170957429,0.6420611167212975,0.4193744314320321
907,20,1.7453292519943295,0.5555555555555556,A,-54.221720799823586,-0.0742321073227113,0.6357362667150822,0.6442717276175038,0.0
908,20,1.7453292519943295,0.5555555555555556,A,-54.281461142754424,-0.07422813212957957,0.6177069888645904,0.6420542872562618,0.4193635391267643
909,20,1.7453292519943295,0.5555555555555556,A,-54.34119987953497,-0.07419913007337986,0.6357409139187982,0.6442740863099206,0.0
910,20,1.7453292519943295,0.5555555555555556,A,-54.40098645170343,-0.0742166429583011,0.6177278459784427,0.6420663960614007,0.4193834464795211
911,20,1.7453292519943295,0.5555555555555556,A,-54.46078410475019,-0.07420618501431331,0.6357638371412777,0.6442861075728691,0.0
912,20,1.7453292519943295,0.5555555555555556,A,-54.520629869492694,-0.07423564149109729,0.6177566921365507,0.6420832452925399,0.41941088960730544
913,20,1.7453292519943295,0.5555555555555556,A,-54.580485336160095,-0.07425054616551441,0.6357805889788017,0.6442949404228318,0.0
914,20,1.7453292519943295,0.5555555555555556,A,-54.64035052910234,-0.074274151363516,0.6177660749650692,0.6420887816509859,0.419419768248636
915,20,1.7453292519943295,0.5555555555555556,A,-54.700212049525575,-0.07430420919537911,0.6357787417891246,0.6442940257180303,0.0
916,20,1.7453292519943295,0.5555555555555556,A,-54.76004160237915,-0.07430647352419645,0.6177555790798162,0.6420827026280722,0.41940974376651663
917,20,1.7453292519943295,0.5555555555555556,A,-54.81986261187773,-0.07433208418062942,0.63576837864253,0.6442886042687977,0.0
918,20,1.7453292519943295,0.5555555555555556,A,-54.87963374917395,-0.07431078830088556,0.6177447387275016,0.6420763708046943,0.41939942957345844
919,20,1.7453292519943295,0.5555555555555556,A,-54.93939686941179,-0.07431655114980507,0.6357636917975704,0.6442861222921947,0.0
920,20,1.7453292519943295,0.5555555555555556,A,-54.999119520267335,-0.07428534088014388,0.6177432380569784,0.6420754808214316,0.4193980098455822
921,20,1.7453292519943295,0.5555555555555556,A,-55.05883975187852,-0.07426913288979503,0.6357636744317741,0.6442861151666911,0.0
922,20,1.7453292519943295,0.5555555555555556,A,-55.118557390654736,-0.07424841348701672,0.6177409568373147,0.6420741653235429,0.4193958288496027
923,20,1.7453292519943295,0.5555555555555556,A,-55.17828360310701,-0.07422086692301588,0.6357581160706757,0.6442832128077132,0.0
924,20,1.7453292519943295,0.5555555555555556,A,-55.23804640851688,-0.07422355200356806,0.6177293128493219,0.6420673671313053,0.4193847480567294
925,20,1.7453292519943295,0.5555555555555556,A,-55.29781593529336,-0.07420068151487091,0.6357478167208527,0.6442777737107986,0.0
926,20,1.7453292519943295,0.5555555555555556,A,-55.357630298386205,-0.07422391559214875,0.6177200798560645,0.6420619263409211,0.41937599958127514
927,20,1.7453292519943295,0.5555555555555556,A,-55.417441892092874,-0.07421851530707335,0.6357475704897928,0.6442775898244705,0.0
928,20,1.7453292519943295,0.5555555555555556,A,-55.477283720050366,-0.0742469791634296,0.6177317048287576,0.6420686575362212,0.4193871106030227
929,20,1.7453292519943295,0.5555555555555556,A,-55.537125331322045,-0.07426239104657911,0.6357654193725246,0.6442869402813644,0.0
930,20,1.7453292519943295,0.5555555555555556,A,-55.59697079975483,-0.07427909291336832,0.6177604814284505,0.6420854529492623,0.4194144996796805
931,20,1.7453292519943295,0.5555555555555556,A,-55.65681897490826,-0.0743070079451722,0.6357869546293577,0.6442982811440023,0.0
932,20,1.7453292519943295,0.5555555555555556,A,-55.71663651126944,-0.07430307851968299,0.6177782157323871,0.6420958746451262,0.41943131750002627
933,20,1.7453292519943295,0.5555555555555556,A,-55.77645195692641,-0.07432699180225222,0.6357889628643922,0.6442994169337178,0.0
934,20,1.7453292519943295,0.5555555555555556,A,-55.83622056880623,-0.07430533327506605,0.6177640016148038,0.6420876674875547,0.41941771903329816
935,20,1.7453292519943295,0.5555555555555556,A,-55.89598552428771,-0.0743098282264012,0.6357673589935149,0.6442881247586607,0.0
936,20,1.7453292519943295,0.5555555555555556,A,-55.95571822304547,-0.0742827686830051,0.6177307510587053,0.6420682685718266,0.41938606647100796
937,20,1.7453292519943295,0.5555555555555556,A,-56.01544563954164,-0.07426407509495953,0.6357435744124833,0.6442755896997544,0.0
938,20,1.7453292519943295,0.5555555555555556,A,-56.07517048314868,-0.07424716810966536,0.6177115219767634,0.6420569665543192,0.4193678258119362
939,20,1.7453292519943295,0.5555555555555556,A,-56.13489113134764,-0.07421695590162691,0.6357402358490853,0.6442737582816128,0.0
940,20,1.7453292519943295,0.5555555555555556,A,-56.19464473666009,-0.07422083637641191,0.6177219501499625,0.6420629839918423,0.4193778095263784
941,20,1.7453292519943295,0.5555555555555556,A,-56.254406591023454,-0.07419884071144428,0.6357563189589768,0.6442821757345627,0.0
942,20,1.7453292519943295,0.5555555555555556,A,-56.314221623724535,-0.07422224560200053,0.6177454419803249,0.6420766882144616,0.41940017501754784
943,20,1.7453292519943295,0.5555555555555556,A,-56.37404916942852,-0.07422251322740042,0.6357719857772318,0.6442904182819338,0.0
944,20,1.7453292519943295,0.5555555555555556,A,-56.4339090338971,-0.07425143388721755,0.6177572713959929,0.6420836256812149,0.41941140348667316
945,20,1.7453292519943295,0.5555555555555556,A,-56.49376897148011,-0.07427287977838654,0.6357743455864155,0.6442916902713941,0.0
946,20,1.7453292519943295,0.5555555555555556,A,-56.553619291833606,-0.0742886443383548,0.617753754235707,0.6420816063532941,0.4194080305679685
947,20,1.7453292519943295,0.5555555555555556,A,-56.61346217937855,-0.07431688206432818,0.6357697611068126,0.64428930405786,0.0
948,20,1.7453292519943295,0.5555555555555556,A,-56.67326609240205,-0.07430892093438868,0.617749552820923,0.6420791591571418,0.4194040291979542
949,20,1.7453292519943295,0.5555555555555556,A,-56.73306310122815,-0.07432670758896515,0.6357692536387797,0.6442890320737237,0.0
950,20,1.7453292519943295,0.5555555555555556,A,-56.79281341803135,-0.07430034982723627,0.6177516418327026,0.6420803784624144,0.41940601410038836
951,20,1.7453292519943295,0.5555555555555556,A,-56.8525593337627,-0.07429806114823778,0.6357706159797376,0.6442897587061921,0.0
952,20,1.7453292519943295,0.5555555555555556,A,-56.91227984554074,-0.07427074063289513,0.6177491518200714,0.6420789547468239,0.4194036215732294
953,20,1.7453292519943295,0.5555555555555556,A,-56.97200444773073,-0.07425059385776245,0.635763297451127,0.6442859465480677,0.0
954,20,1.7453292519943295,0.5555555555555556,A,-57.03174307678573,-0.07423946191939584,0.6177332145270992,0.6420696678781685,0.4193884425171517
955,20,1.7453292519943295,0.5555555555555556,A,-57.09148807601193,-0.0742131485463593,0.6357481583367093,0.6442779786436824,0.0
956,20,1.7453292519943295,0.5555555555555556,A,-57.15127062778002,-0.07422398175628969,0.6177165606427932,0.6420598990089901,0.4193726283858226
957,20,1.7453292519943295,0.5555555555555556,A,-57.21105158516724,-0.07420646631238392,0.6357418366269064,0.6442745943889132,0.0
958,20,1.7453292519943295,0.5555555555555556,A,-57.27087092886894,-0.07423147447891898,0.6177215617385823,0.6420627476711727,0.419377446648989
959,20,1.7453292519943295,0.5555555555555556,A,-57.330689975340604,-0.0742333991090881,0.6357564148109996,0.644282208340958,0.0
960,20,1.7453292519943295,0.5555555555555556,A,-57.3905333926796,-0.07425747990147585,0.6177498375575524,0.642079228565743,0.41940437901654226
961,20,1.7453292519943295,0.5555555555555556,A,-57.450382264707116,-0.07427868948770006,0.6357807852682297,0.644295020923515,0.0
962,20,1.7453292519943295,0.5555555555555556,A,-57.51022295475791,-0.07428833125904455,0.6177748940761532,0.6420939039356073,0.419428182328112
963,20,1.7453292519943295,0.5555555555555556,A,-57.570064122642464,-0.07431647348454329,0.6357904778718029,0.6443001792220941,0.0
964,20,1.7453292519943295,0.5555555555555556,A,-57.62986564978262,-0.0743063684559443,0.6177709317183093,0.6420916792570239,0.41942434009350466
965,20,1.7453292519943295,0.5555555555555556,A,-57.68966242607614,-0.07432353048635099,0.6357757008003279,0.6442924854806942,0.0
966,20,1.7453292519943295,0.5555555555555556,A,-57.7494160696439,-0.0742991004980284,0.6177429235068589,0.6420753676857979,0.41939765609089763
967,20,1.7453292519943295,0.5555555555555556,A,-57.80916362186517,-0.07429371944409713,0.6357525838986167,0.6442803323138055,0.0
968,20,1.7453292519943295,0.5555555555555556,A,-57.86888823163469,-0.07426893441686439,0.6177200764484884,0.6420619821886835,0.41937594938498957
969,20,1.7453292519943295,0.5555555555555556,A,-57.92860675550706,-0.07424438593818794,0.635743641805224,0.6442755714549975,0.0
970,20,1.7453292519943295,0.5555555555555556,A,-57.988337093519256,-0.07423459900785839,0.6177215113706711,0.6420627566365354,0.4193773668188926
971,20,1.7453292519943295,0.5555555555555556,A,-58.048071694709165,-0.07420710475344783,0.6357526104752728,0.6442802485636757,0.0
972,20,1.7453292519943295,0.5555555555555556,A,-58.10785203817436,-0.07421937297973957,0.6177376071673629,0.6420721342896537,0.4193927024298192
973,20,1.7453292519943295,0.5555555555555556,A,-58.16764545434309,-0.07420649985366728,0.6357645656866914,0.6442865300368379,0.0
974,20,1.7453292519943295,0.5555555555555556,A,-58.227484780696344,-0.07423372321072419,0.6177478450202032,0.6420781224091634,0.419402433386426
975,20,1.7453292519943295,0.5555555555555556,A,-58.28732806852698,-0.07424262217600319,0.6357679249755334,0.6442883055607553,0.0
976,20,1.7453292519943295,0.5555555555555556,A,-58.347184210882716,-0.07426724954563452,0.6177478545910883,0.6420781419191394,0.41940243108616604
977,20,1.7453292519943295,0.5555555555555556,A,-58.40703457101132,-0.07429120809054213,0.6357672730668404,0.6442879736409598,0.0
978,20,1.7453292519943295,0.5555555555555556,A,-58.46686387599694,-0.07429716036550749,0.6177493888779522,0.6420790398806557,0.4194038920070228
979,20,1.7453292519943295,0.5555555555555556,A,-58.52668774069288,-0.07432134891313252,0.6357714197460704,0.644290152288868,0.0
980,20,1.7453292519943295,0.5555555555555556,A,-58.58647009401274,-0.0743052620853239,0.6177570576231292,0.6420835227477387,0.4194111827279329
981,20,1.7453292519943295,0.5555555555555556,A,-58.64624809542565,-0.0743159740741236,0.6357765691108136,0.6442928737368848,0.0
982,20,1.7453292519943295,0.5555555555555556,A,-58.70598699837434,-0.07428895345436876,0.617758028920489,0.6420841292316468,0.41941207448359236
983,20,1.7453292519943295,0.5555555555555556,A,-58.76572618327547,-0.07428050321265567,0.6357704546228985,0.6442897061380496,0.0
984,20,1.7453292519943295,0.5555555555555556,A,-58.82545592014614,-0.07425968958742857,0.6177410992854409,0.6420742831027401,0.41939593566051164
985,20,1.7453292519943295,0.5555555555555556,A,-58.885190134203896,-0.07423678272836426,0.6357523352845456,0.6442801935150185,0.0
986,20,1.7453292519943295,0.5555555555555556,A,-58.94494600839434,-0.07423407541724614,0.6177180476661492,0.642060795286433,0.4193740210726401
987,20,1.7453292519943295,0.5555555555555556,A,-59.00470094327755,-0.07420966100966941,0.635739548087448,0.6442734162356486,0.0
988,20,1.7453292519943295,0.5555555555555556,A,-59.06449208630778,-0.07422554898132128,0.6177144215904772,0.6420586017311615,0.4193706320173018
989,20,1.7453292519943295,0.5555555555555556,A,-59.12428209976228,-0.07421440480476571,0.635748306825927,0.6442779583838023,0.0
990,20,1.7453292519943295,0.5555555555555556,A,-59.18410898775569,-0.07423917736991265,0.6177382192052404,0.642072448452032,0.41939331958413406
991,20,1.7453292519943295,0.5555555555555556,A,-59.24394270499069,-0.07424906686256266,0.6357722935740605,0.6442905513312873,0.0
992,20,1.7453292519943295,0.5555555555555556,A,-59.30379127925299,-0.07426865214491979,0.6177671064225582,0.6420893364029221,0.4194207889880355
993,20,1.7453292519943295,0.5555555555555556,A,-59.36364398190766,-0.07429420802178893,0.6357878579000303,0.6442987750809129,0.0
994,20,1.7453292519943295,0.5555555555555556,A,-59.42347392426885,-0.0742972688739495,0.6177727207636461,0.6420926890437508,0.4194260696438328
995,20,1.7453292519943295,0.5555555555555556,A,-59.483299624987836,-0.07432225998279007,0.6357807489758076,0.6442951085737958,0.0
996,20,1.7453292519943295,0.5555555555555556,A,-59.54308191740702,-0.07430629452618315,0.6177526018041377,0.6420809977083116,0.4194068821248099
997,20,1.7453292519943295,0.5555555555555556,A,-59.602857477109936,-0.0743143292897036,0.6357612576907061,0.6442848847946686,0.0
998,20,1.7453292519943295,0.5555555555555556,A,-59.6625959565627,-0.07428814928467942,0.6177303385065527,0.6420679808670551,0.41938570959404853
999,20,1.7453292519943295,0.5555555555555556,A,-59.722327337584254,-0.07427422961590735,0.6357498099462864,0.6442788273478554,0.0
1000,20,1.7453292519943295,0.5555555555555556,A,-59.782048581885505,-0.07425394968753074,0.6177257668470684,0.6420652630433081,0.4193813974173336
1001,20,1.7453292519943295,0.5555555555555556,A,-59.84177002137008,-0.0742277094115879,0.6357529157322546,0.6442804279766636,0.0
1002,20,1.7453292519943295,0.5555555555555556,A,-59.90152017103949,-0.07422677339230255,0.6177344278789504,0.6420703006932172,0.4193896576691436
1003,20,1.7453292519943295,0.5555555555555556,A,-59.96128167788311,-0.07420513978782017,0.6357599113884473,0.6442841013828178,0.0
1004,20,1.7453292519943295,0.5555555555555556,A,-60.021091165461925,-0.07422463383982214,0.6177402478285986,0.6420736993770222,0.41939519417238935
1005,20,1.7453292519943295,0.5555555555555556,A,-60.08090771206247,-0.07422032572088777,0.6357614518249122,0.6442849071057823,0.0
1006,20,1.7453292519943295,0.5555555555555556,A,-60.14075461467958,-0.0742475329922665,0.6177400289128679,0.6420735668007078,0.41939498805993713
1007,20,1.7453292519943295,0.5555555555555556,A,-60.200597814488404,-0.07426196390088519,0.6357620705099554,0.6442852257673946,0.0
1008,20,1.7453292519943295,0.5555555555555556,A,-60.260440286781524,-0.07427915788699846,0.6177447946972073,0.6420763392892685,0.4193995340754838
1009,20,1.7453292519943295,0.5555555555555556,A,-60.320278677273365,-0.07430316387436375,0.6357698428876813,0.6442893057147243,0.0
1010,20,1.7453292519943295,0.5555555555555556,A,-60.38008963332587,-0.07429991043461492,0.6177581243301747,0.642084124672423,0.41941221543715596
1011,20,1.7453292519943295,0.5555555555555556,A,-60.43989779901966,-0.07431972874069775,0.635779912261131,0.6442946122144161,0.0
1012,20,1.7453292519943295,0.5555555555555556,A,-60.49966459827314,-0.07429919450868477,0.6177651587134595,0.6420882735800234,0.41941887338226735
1013,20,1.7453292519943295,0.5555555555555556,A,-60.55942951041939,-0.07430358199816456,0.6357776801139257,0.6442934904016698,0.0
1014,20,1.7453292519943295,0.5555555555555556,A,-60.61916635818969,-0.07427907340318368,0.6177509420117946,0.6420800280419422,0.41940530245684765
1015,20,1.7453292519943295,0.5555555555555556,A,-60.67890495210153,-0.0742650170162446,0.6357593080847943,0.6442838669984408,0.0
1016,20,1.7453292519943295,0.5555555555555556,A,-60.738645112775814,-0.0742508962813706,0.6177241479349618,0.642064378633693,0.41937980902316896
1017,20,1.7453292519943295,0.5555555555555556,A,-60.79838431038162,-0.07422599096502269,0.6357411674804953,0.6442742919871393,0.0
1018,20,1.7453292519943295,0.5555555555555556,A,-60.85814865255631,-0.07422976773931572,0.6177117685766633,0.6420570805498859,0.4193680839889419
1019,20,1.7453292519943295,0.5555555555555556,A,-60.91791066049329,-0.07420901785313228,0.635742783676936,0.6442750746228176,0.0
1020,20,1.7453292519943295,0.5555555555555556,A,-60.977711915061114,-0.07422824461340294,0.6177280855003685,0.6420665463891296,0.4193836633004314
1021,20,1.7453292519943295,0.5555555555555556,A,-61.037519665250315,-0.07422522544746846,0.6357633590157986,0.6442858596568292,0.0
1022,20,1.7453292519943295,0.5555555555555556,A,-61.09736021234785,-0.07424909269487773,0.6177567730909079,0.6420832954510597,0.4194109626264118
1023,20,1.7453292519943295,0.5555555555555556,A,-61.15720843682337,-0.07426640411949315,0.6357820122974449,0.644295686340693,0.0
1024,20,1.7453292519943295,0.5555555555555556,A,-61.217055677576084,-0.07428098551034767,0.6177695598814354,0.6420908152900073,0.4194230841752125
1025,20,1.7453292519943295,0.5555555555555556,A,-61.27690080749432,-0.07430755739980743,0.6357818792567966,0.6442956731197528,0.0
1026,20,1.7453292519943295,0.5555555555555556,A,-61.33671229421405,-0.07430340835441912,0.6177581326793171,0.64208419969407,0.4194121663623229
1027,20,1.7453292519943295,0.5555555555555556,A,-61.396516884775934,-0.0743218609900893,0.6357678305841963,0.6442883227024189,0.0
1028,20,1.7453292519943295,0.5555555555555556,A,-61.45627914190274,-0.07430057325079431,0.6177398465902466,0.6420735263278823,0.41939476282368837
1029,20,1.7453292519943295,0.5555555555555556,A,-61.51603408842118,-0.07429936329258902,0.6357569363121831,0.6442825764108177,0.0
1030,20,1.7453292519943295,0.5555555555555556,A,-61.57576119005451,-0.07427396327996055,0.6177329748488782,0.6420694830217974,0.4193882467061244
1031,20,1.7453292519943295,0.5555555555555556,A,-61.635485270039865,-0.07425482756778112,0.6357565032218458,0.6442823258036926,0.0
1032,20,1.7453292519943295,0.5555555555555556,A,-61.69521634703801,-0.07424185562675756,0.6177359401986835,0.6420712024208675,0.4193910802790056
1033,20,1.7453292519943295,0.5555555555555556,A,-61.7549554024844,-0.07421746296132181,0.6357587932291539,0.6442835309646824,0.0
1034,20,1.7453292519943295,0.5555555555555556,A,-61.814733411159835,-0.07422548340701374,0.6177362417690964,0.6420713791442149,0.41939136714655034
1035,20,1.7453292519943295,0.5555555555555556,A,-61.87452005391772,-0.07421044381409059,0.6357567048184001,0.644282425690197,0.0
1036,20,1.7453292519943295,0.5555555555555556,A,-61.934345955943435,-0.07423389170136413,0.6177326681741114,0.6420692761346919,0.4193879775435846
1037,20,1.7453292519943295,0.5555555555555556,A,-61.994170384023775,-0.0742362673892929,0.635755849068871,0.6442819538926069,0.0
1038,20,1.7453292519943295,0.5555555555555556,A,-62.054012100495775,-0.07425967800244754,0.6177373371212688,0.6420719765671458,0.41939244313006296
1039,20,1.7453292519943295,0.5555555555555556,A,-62.11385073635272,-0.07427756153939918,0.6357651128170195,0.6442868069081549,0.0
1040,20,1.7453292519943295,0.5555555555555556,A,-62.17368066785252,-0.07428650775011725,0.6177546482121885,0.6420820767439313,0.4194089228868162
1041,20,1.7453292519943295,0.5555555555555556,A,-62.23351003979402,-0.0743097265963164,0.6357797826239034,0.6442945253119599,0.0
1042,20,1.7453292519943295,0.5555555555555556,A,-62.29330655300967,-0.07429978868485021,0.6177687138334412,0.6420903259405096,0.419422275258717
1043,20,1.7453292519943295,0.5555555555555556,A,-62.353101045110826,-0.0743150111081809,0.635783185536962,0.644296363248526,0.0
1044,20,1.7453292519943295,0.5555555555555556,A,-62.412857867427775,-0.0742931016668622,0.617760390599253,0.6420855306043831,0.41941430395945245
1045,20,1.7453292519943295,0.5555555555555556,A,-62.472613801058685,-0.07429079292438101,0.6357674478066094,0.6442881413463426,0.0
1046,20,1.7453292519943295,0.5555555555555556,A,-62.532352095412435,-0.07426987304624483,0.6177334169399076,0.6420698009529441,0.4193886211214578
1047,20,1.7453292519943295,0.5555555555555556,A,-62.592088725109676,-0.07425048798821532,0.6357462224820952,0.6442769675337987,0.0
1048,20,1.7453292519943295,0.5555555555555556,A,-62.65183382291397,-0.07424229338400584,0.6177139568576742,0.6420583846270103,0.41937014471455425
1049,20,1.7453292519943295,0.5555555555555556,A,-62.71157535968669,-0.07421738420098467,0.6357408269153437,0.6442740684693693,0.0
1050,20,1.7453292519943295,0.5555555555555556,A,-62.77134880569491,-0.07422668400459675,0.6177213791031,0.6420626525191573,0.4193772624780848
1051,20,1.7453292519943295,0.5555555555555556,A,-62.831126910024054,-0.07421230604698503,0.6357558146657332,0.6442819068088532,0.0
1052,20,1.7453292519943295,0.5555555555555556,A,-62.89094674106725,-0.07423424961862335,0.6177462254882456,0.642077141495511,0.41940092213532
1053,20,1.7453292519943295,0.5555555555555556,A,-62.95077662590173,-0.07424002632044985,0.6357744896257713,0.6442917278279958,0.0
1054,20,1.7453292519943295,0.5555555555555556,A,-63.01062657055586,-0.07426188560987557,0.6177627228863724,0.6420868060948838,0.419416592243132
1055,20,1.7453292519943295,0.5555555555555556,A,-63.070477673112094,-0.07428394141304773,0.6357793974198458,0.6442943458159298,0.0
1056,20,1.7453292519943295,0.5555555555555556,A,-63.13031208875775,-0.07429190945614128,0.6177589498387666,0.6420846499342445,0.4194129646075755
1057,20,1.7453292519943295,0.5555555555555556,A,-63.19014019782451,-0.07431563556756304,0.6357711863096127,0.6442900646647632,0.0
1058,20,1.7453292519943295,0.5555555555555556,A,-63.24993009597915,-0.07430388980194647,0.6177465633458246,0.6420774327217614,0.41940116702526287
1059,20,1.7453292519943295,0.5555555555555556,A,-63.309713051433945,-0.07431435318070967,0.6357631878094924,0.6442858561811133,0.0
1060,20,1.7453292519943295,0.5555555555555556,A,-63.369458253180625,-0.07428997635553736,0.6177408991466772,0.6420741103361529,0.4193957870824008
1061,20,1.7453292519943295,0.5555555555555556,A,-63.42919862061341,-0.07428162230641178,0.6357619570465873,0.6442851962296041,0.0
1062,20,1.7453292519943295,0.5555555555555556,A,-63.48892514482776,-0.07426047802287261,0.6177410768299573,0.6420742122301791,0.41939595830958976
1063,20,1.7453292519943295,0.5555555555555556,A,-63.54865562532707,-0.0742394231964767,0.6357610662474884,0.644284737668802,0.0
1064,20,1.7453292519943295,0.5555555555555556,A,-63.608407990449436,-0.07423518631230452,0.6177365564166457,0.642071581162528,0.41939165163220604
1065,20,1.7453292519943295,0.5555555555555556,A,-63.66816873795698,-0.07421418235892724,0.6357548774781605,0.6442814828103458,0.0
1066,20,1.7453292519943295,0.5555555555555556,A,-63.727967630716236,-0.07422894283691045,0.6177278323325701,0.6420664687577546,0.4193833628419331
1067,20,1.7453292519943295,0.5555555555555556,A,-63.787767022799784,-0.0742198065400797,0.6357504044656184,0.6442791009465939,0.0
1068,20,1.7453292519943295,0.5555555555555556,A,-63.84759559405589,-0.07424341478673818,0.6177291502521878,0.6420671992483881,0.41938464910304685
1069,20,1.7453292519943295,0.5555555555555556,A,-63.90742167599262,-0.07425120330821966,0.6357585388179936,0.6442833469905315,0.0
1070,20,1.7453292519943295,0.5555555555555556,A,-63.96725760461185,-0.07426893902636073,0.6177475484677429,0.6420779200338599,0.41940217598569096
1071,20,1.7453292519943295,0.5555555555555556,A,-64.0270950013252,-0.07428952155587792,0.6357762126061325,0.6442926341366417,0.0
1072,20,1.7453292519943295,0.5555555555555556,A,-64.08691565904518,-0.07429144174312347,0.6177678427969555,0.6420897946671469,0.4194214651833409
1073,20,1.7453292519943295,0.5555555555555556,A,-64.14673595834267,-0.07431308345492627,0.6357857060449259,0.6442976649176039,0.0
1074,20,1.7453292519943295,0.5555555555555556,A,-64.20651964424127,-0.07429889092721514,0.6177673366963236,0.6420895637663876,0.4194209309805739
1075,20,1.7453292519943295,0.5555555555555556,A,-64.26630078385065,-0.07430821903692031,0.6357749596868012,0.6442920749283653,0.0
1076,20,1.7453292519943295,0.5555555555555556,A,-64.32605053069767,-0.07428631803557639,0.6177437759481842,0.6420758470332968,0.41939848030410554
1077,20,1.7453292519943295,0.5555555555555556,A,-64.38579745023259,-0.07427670318522156,0.635753489256789,0.6442807957805453,0.0
1078,20,1.7453292519943295,0.5555555555555556,A,-64.44553479772529,-0.07425950899030592,0.6177202197292311,0.6420620609618984,0.41937608876316923
1079,20,1.7453292519943295,0.5555555555555556,A,-64.50526756178526,-0.07423644281197955,0.6357425433224208,0.6442749912730822,0.0
1080,20,1.7453292519943295,0.5555555555555556,A,-64.56501777438748,-0.07423415371081987,0.6177191238522436,0.6420613595269643,0.4193750959065502
1081,20,1.7453292519943295,0.5555555555555556,A,-64.6247699007929,-0.07421248848739243,0.635751032716591,0.6442794102618365,0.0
1082,20,1.7453292519943295,0.5555555555555556,A,-64.6845622937836,-0.07422724840887074,0.617737640946838,0.6420721426257455,0.4193927419155141
1083,20,1.7453292519943295,0.5555555555555556,A,-64.74436529161643,-0.07422113488067006,0.6357670720076657,0.6442878344739236,0.0
1084,20,1.7453292519943295,0.5555555555555556,A,-64.80420361331883,-0.0742446336113105,0.6177541852219016,0.6420818161236922,0.41940847240274404
1085,20,1.7453292519943295,0.5555555555555556,A,-64.86404666040463,-0.07425762507403094,0.635774390513953,0.6442917015334192,0.0
1086,20,1.7453292519943295,0.5555555555555556,A,-64.92389280675734,-0.07427513928562884,0.6177556093440485,0.6420826789268264,0.4194098015799295
1087,20,1.7453292519943295,0.5555555555555556,A,-64.98373410533922,-0.07429821549968962,0.6357710555479367,0.6442899749652794,0.0
1088,20,1.7453292519943295,0.5555555555555556,A,-65.04354908816345,-0.0742980775460858,0.6177493035456247,0.642079013325804,0.4194037899273961
1089,20,1.7453292519943295,0.5555555555555556,A,-65.1033578374762,-0.07431656146312271,0.6357671239161983,0.644287912492967,0.0
1090,20,1.7453292519943295,0.5555555555555556,A,-65.16312815781335,-0.07429863449653262,0.6177473651138355,0.6420778771663872,0.41940194739266046
1091,20,1.7453292519943295,0.5555555555555556,A,-65.22289331679914,-0.07430189826456718,0.6357675624518596,0.6442881384065562,0.0
1092,20,1.7453292519943295,0.5555555555555556,A,-65.28262947198098,-0.07427802585733262,0.6177480100593626,0.6420782614187946,0.41940255410517757
1093,20,1.7453292519943295,0.5555555555555556,A,-65.34236601476502,-0.0742650805791375,0.6357657838438974,0.644287221222772,0.0
1094,20,1.7453292519943295,0.5555555555555556,A,-65.4021040978607,-0.07425070128161715,0.6177408101581743,0.6420740773053317,0.4193956887734419
1095,20,1.7453292519943295,0.5555555555555556,A,-65.46184870049268,-0.07422949167120063,0.6357563521408743,0.6442822735433626,0.0
1096,20,1.7453292519943295,0.5555555555555556,A,-65.52162131615452,-0.07423307084997716,0.6177268004187497,0.6420658858523005,0.419382365365219
1097,20,1.7453292519943295,0.5555555555555556,A,-65.58139573097947,-0.07421565248172768,0.6357472068249115,0.6442774361644565,0.0
1098,20,1.7453292519943295,0.5555555555555556,A,-65.64120292845008,-0.07423392091181935,0.6177223919520138,0.6420632658616853,0.4193782068240956
1099,20,1.7453292519943295,0.5555555555555556,A,-65.70100789077517,-0.07423037046834424,0.6357517862023376,0.6442798020781998,0.0
1100,20,1.7453292519943295,0.5555555555555556,A,-65.76083679274122,-0.07425173151843911,0.6177385534345466,0.6420726660148364,0.4193936174834707
1101,20,1.7453292519943295,0.5555555555555556,A,-65.82066834058571,-0.07426474405544825,0.6357700508277303,0.6442893874780997,0.0
1102,20,1.7453292519943295,0.5555555555555556,A,-65.88050220816399,-0.07427688196262949,0.6177627904407978,0.6420868273828005,0.41941667203283717
1103,20,1.7453292519943295,0.5555555555555556,A,-65.9403384330726,-0.0742993403275044,0.6357847522793396,0.644297143055725,0.0
1104,20,1.7453292519943295,0.5555555555555556,A,-66.00014869101854,-0.07429571485311204,0.617770384255856,0.6420913178067332,0.4194238509208964
1105,20,1.7453292519943295,0.5555555555555556,A,-66.05995628261846,-0.07431382950341836,0.6357803100958037,0.6442948657568002,0.0
1106,20,1.7453292519943295,0.5555555555555556,A,-66.11972719162019,-0.07429651456231351,0.6177530400621088,0.6420812428175302,0.4194073061291713
1107,20,1.7453292519943295,0.5555555555555556,A,-66.17949405745725,-0.07429831074438176,0.6357613323461505,0.6442849160110371,0.0
1108,20,1.7453292519943295,0.5555555555555556,A,-66.23923618548021,-0.07427699504817287,0.6177289335654829,0.642067158283705,0.4193843734731918
1109,20,1.7453292519943295,0.5555555555555556,A,-66.29897299995469,-0.07426089087894433,0.6357472097811044,0.6442774589680547,0.0
1110,20,1.7453292519943295,0.5555555555555556,A,-66.35870961724473,-0.07424823667968228,0.6177212643022857,0.6420626301270148,0.4193771150725091
1111,20,1.7453292519943295,0.5555555555555556,A,-66.418445246917,-0.07422473078588426,0.635749648471117,0.6442786998795202,0.0
1112,20,1.7453292519943295,0.5555555555555556,A,-66.47821052485514,-0.07422914352235388,0.6177325584532218,0.6420691928842512,0.4193878902198969
1113,20,1.7453292519943295,0.5555555555555556,A,-66.53798505375599,-0.07421356523915207,0.6357613492139406,0.6442848383041031,0.0
1114,20,1.7453292519943295,0.5555555555555556,A,-66.5978011115445,-0.07423309452797933,0.6177461141856492,0.6420771091577261,0.41940078806225656
1115,20,1.7453292519943295,0.5555555555555556,A,-66.65762482373071,-0.07423494995990293,0.6357684124256427,0.6442885575772566,0.0
1116,20,1.7453292519943295,0.5555555555555556,A,-66.7174694701797,-0.07425739402723958,0.617749566606212,0.6420791399588962,0.41940405957800597
1117,20,1.7453292519943295,0.5555555555555556,A,-66.7773114684986,-0.07427455370251429,0.6357680049519172,0.6442883563177426,0.0
1118,20,1.7453292519943295,0.5555555555555556,A,-66.83714361945016,-0.0742852302473212,0.6177479329106458,0.642078195251063,0.4194024993587181
1119,20,1.7453292519943295,0.5555555555555556,A,-66.89697041396713,-0.07430652725188769,0.6357679944360586,0.6442883551506733,0.0
1120,20,1.7453292519943295,0.5555555555555556,A,-66.95676656010241,-0.07429855781454309,0.6177507562360062,0.6420798433076271,0.41940518609218713
1121,20,1.7453292519943295,0.5555555555555556,A,-67.01655837628284,-0.07431147465389731,0.6357717279773973,0.6442903179418003,0.0
1122,20,1.7453292519943295,0.5555555555555556,A,-67.07631469760639,-0.07429051026276928,0.6177546401755278,0.6420821249222111,0.4194088690375626
1123,20,1.7453292519943295,0.5555555555555556,A,-67.1360691408532,-0.07428812049529504,0.6357714851547115,0.6442902134533182,0.0
1124,20,1.7453292519943295,0.5555555555555556,A,-67.19580669906603,-0.0742678884524981,0.6177476916623718,0.6420780988494776,0.4194022333645464
1125,20,1.7453292519943295,0.5555555555555556,A,-67.25554796820319,-0.07425180054729164,0.6357606777001902,0.6442845562794931,0.0
1126,20,1.7453292519943295,0.5555555555555556,A,-67.31530115887159,-0.074244519217812,0.617729835760569,0.6420676754266645,0.41938524006411204
1127,20,1.7453292519943295,0.5555555555555556,A,-67.37505648852077,-0.0742237633723139,0.6357470839396833,0.6442773897423196,0.0
1128,20,1.7453292519943295,0.5555555555555556,A,-67.43483975322535,-0.07423288200247907,0.6177187387753704,0.6420611516691984,0.4193747147916428
1129,20,1.7453292519943295,0.5555555555555556,A,-67.49462080398283,-0.07421954836998873,0.6357464605318217,0.6442770147360177,0.0
1130,20,1.7453292519943295,0.5555555555555556,A,-67.55443259301607,-0.07423896046073786,0.6177297358876064,0.6420675249558735,0.4193852199595618
1131,20,1.7453292519943295,0.5555555555555556,A,-67.61424707870052,-0.07424163733097294,0.6357627025771078,0.6442855250178384,0.0
1132,20,1.7453292519943295,0.5555555555555556,A,-67.67408096194342,-0.07426006924067419,0.6177547577945727,0.642082128281765,0.4194090359861854
1133,20,1.7453292519943295,0.5555555555555556,A,-67.73391998964561,-0.07427795626605915,0.6357806648789686,0.6442949803121258,0.0
1134,20,1.7453292519943295,0.5555555555555556,A,-67.79374994990432,-0.07428499933326527,0.6177691179595113,0.6420905555849429,0.41942266430138087
1135,20,1.7453292519943295,0.5555555555555556,A,-67.85357873568657,-0.07430718962207061,0.6357825600130351,0.6442960254297634,0.0
1136,20,1.7453292519943295,0.5555555555555556,A,-67.91337484305565,-0.07429849680284784,0.6177594288199706,0.6420849527444352,0.4194134012540574
1137,20,1.7453292519943295,0.5555555555555556,A,-67.97316613025403,-0.07431055682782844,0.6357681117929999,0.644288467854526,0.0
1138,20,1.7453292519943295,0.5555555555555556,A,-68.03292369775423,-0.07429061240224216,0.6177380567496694,0.6420724838714761,0.41939305631503476
1139,20,1.7453292519943295,0.5555555555555556,A,-68.09267551078565,-0.07428458439005692,0.6357535041944363,0.6442807742664952,0.0
1140,20,1.7453292519943295,0.5555555555555556,A,-68.15241057090927,-0.07426516196981126,0.6177267644704975,0.6420658557307416,0.41938233723315654
1141,20,1.7453292519943295,0.5555555555555556,A,-68.21214224751219,-0.07424526417530469,0.6357514744269093,0.6442796735806574,0.0
1142,20,1.7453292519943295,0.5555555555555556,A,-68.27188708934939,-0.07423883838087614,0.6177315785545251,0.6420686381959569,0.41938694259303816
1143,20,1.7453292519943295,0.5555555555555556,A,-68.33163838744272,-0.07421821917720428,0.6357583704792025,0.6442832865236682,0.0
1144,20,1.7453292519943295,0.5555555555555556,A,-68.39142752027341,-0.07422950584985233,0.617740355944614,0.6420737593950191,0.41939529878222714
1145,20,1.7453292519943295,0.5555555555555556,A,-68.45122584842397,-0.07422091386405422,0.6357630879308619,0.6442857658784699,0.0
1146,20,1.7453292519943295,0.5555555555555556,A,-68.51105693781932,-0.07424285938773284,0.6177427657377804,0.6420751688281896,0.4193975880749149
1147,20,1.7453292519943295,0.5555555555555556,A,-68.57088794116498,-0.07425066332947683,0.6357632360208735,0.6442858430839871,0.0
1148,20,1.7453292519943295,0.5555555555555556,A,-68.63072614295872,-0.07426890798983293,0.617743310721484,0.6420754846446202,0.4193981096210333
1149,20,1.7453292519943295,0.5555555555555556,A,-68.69055994575749,-0.07428759216425018,0.6357658555263053,0.6442872178927066,0.0
1150,20,1.7453292519943295,0.5555555555555556,A,-68.75037674990816,-0.07429050357429406,0.6177503431692417,0.6420795873151272,0.4194048052935776
1151,20,1.7453292519943295,0.5555555555555556,A,-68.8101906503052,-0.07430899080699094,0.6357733457005847,0.6442911555983929,0.0
1152,20,1.7453292519943295,0.5555555555555556,A,-68.86997187822683,-0.07429543845368758,0.6177591072779975,0.6420847195758548,0.41941313096415866
1153,20,1.7453292519943295,0.5555555555555556,A,-68.92975064664938,-0.07430333974549685,0.6357765774670767,0.6442928789337992,0.0
1154,20,1.7453292519943295,0.5555555555555556,A,-68.98950035134474,-0.07428255063090117,0.6177553402052598,0.6420825588955521,0.41940951539274834
1155,20,1.7453292519943295,0.5555555555555556,A,-69.04925091904676,-0.0742752693810248,0.6357667403058821,0.6442877433276708,0.0
1156,20,1.7453292519943295,0.5555555555555556,A,-69.10899565126687,-0.0742599642700687,0.6177362028680791,0.6420714035616216,0.41939129047572254
1157,20,1.7453292519943295,0.5555555555555556,A,-69.16874186649409,-0.07424123847117381,0.6357500768748562,0.644278978303141,0.0
1158,20,1.7453292519943295,0.5555555555555556,A,-69.22850445712979,-0.07423987415408351,0.6177190309655952,0.6420613424752795,0.41937497644184796
1159,20,1.7453292519943295,0.5555555555555556,A,-69.2882646897516,-0.07422053122669775,0.6357437379783525,0.6442756001605978,0.0
1160,20,1.7453292519943295,0.5555555555555556,A,-69.34805424797207,-0.07423334306089746,0.6177230053770891,0.6420636097444938,0.4193788024587052
1161,20,1.7453292519943295,0.5555555555555556,A,-69.40784552672564,-0.074225567072568,0.6357557625780407,0.6442818843029953,0.0
1162,20,1.7453292519943295,0.5555555555555556,A,-69.46766732632244,-0.07424518377767086,0.6177455533227767,0.6420767541102069,0.419400277073148
1163,20,1.7453292519943295,0.5555555555555556,A,-69.52749622163519,-0.07425456915248352,0.635774474385216,0.6442917201140561,0.0
1164,20,1.7453292519943295,0.5555555555555556,A,-69.58733457981444,-0.07426982558249301,0.6177641259905757,0.6420876246237714,0.419417927413394
1165,20,1.7453292519943295,0.5555555555555556,A,-69.64717444400594,-0.07429076102413545,0.6357815365017723,0.6442954678706703,0.0
1166,20,1.7453292519943295,0.5555555555555556,A,-69.70699348955914,-0.07429236885230317,0.6177619447238416,0.6420863995222238,0.4194158125565347
1167,20,1.7453292519943295,0.5555555555555556,A,-69.766807796304,-0.07431123694303182,0.6357725598804114,0.6442907886226624,0.0
1168,20,1.7453292519943295,0.5555555555555556,A,-69.82658730117507,-0.0742974376547797,0.6177456304500044,0.6420768958325004,0.419400271614327
1169,20,1.7453292519943295,0.5555555555555556,A,-69.88636087700507,-0.07430202345787584,0.6357598557239743,0.6442841111566115,0.0
1170,20,1.7453292519943295,0.5555555555555556,A,-69.9461058694879,-0.07428078059275045,0.6177339234766999,0.6420700413995538,0.419389145240189
1171,20,1.7453292519943295,0.5555555555555556,A,-70.00584599192425,-0.07426867441178919,0.6357556094200172,0.6442818553261483,0.0
1172,20,1.7453292519943295,0.5555555555555556,A,-70.06558130327717,-0.0742535039818471,0.617734301508741,0.642070241268801,0.41938952208870234
1173,20,1.7453292519943295,0.5555555555555556,A,-70.1253196547816,-0.07423308213981933,0.6357584471939783,0.6442833388605375,0.0
1174,20,1.7453292519943295,0.5555555555555556,A,-70.18508387534663,-0.07423408550125588,0.6177380361525203,0.6420724194225894,0.4193930793677068
1175,20,1.7453292519943295,0.5555555555555556,A,-70.24485710454093,-0.07421811899564312,0.6357597314294996,0.6442840134891896,0.0
1176,20,1.7453292519943295,0.5555555555555556,A,-70.30466650721101,-0.07423465211374486,0.6177371489609629,0.6420718976183598,0.419392236712226
1177,20,1.7453292519943295,0.5555555555555556,A,-70.36447820749206,-0.0742321464141329,0.6357582540900969,0.6442832268327472,0.0
1178,20,1.7453292519943295,0.5555555555555556,A,-70.42431085943483,-0.07425320203859648,0.6177370088554426,0.6420718017296255,0.4193921147698157
1179,20,1.7453292519943295,0.5555555555555556,A,-70.48414011378227,-0.07426491242769606,0.635761491489319,0.6442849163077194,0.0
1180,20,1.7453292519943295,0.5555555555555556,A,-70.54396824310423,-0.07427702685099435,0.6177463832832,0.6420772635813286,0.4194010464228699
1181,20,1.7453292519943295,0.5555555555555556,A,-70.60379489909906,-0.0742960040654852,0.6357720123387324,0.6442904427573449,0.0
1182,20,1.7453292519943295,0.5555555555555556,A,-70.66359939748423,-0.07429227487693602,0.6177602082418684,0.6420853466986848,0.419414191747457
1183,20,1.7453292519943295,0.5555555555555556,A,-70.72340239220742,-0.07430776473075207,0.6357797194426872,0.6442945156770561,0.0
1184,20,1.7453292519943295,0.5555555555555556,A,-70.78317285904797,-0.07429140845321236,0.6177618231636164,0.6420863308794864,0.4194156945437386
1185,20,1.7453292519943295,0.5555555555555556,A,-70.8429421704874,-0.07429423875105373,0.6357730735171213,0.6442910641422772,0.0
1186,20,1.7453292519943295,0.5555555555555556,A,-70.90269066956131,-0.07427540465118831,0.617744413030017,0.6420761987197451,0.41939910175535433
1187,20,1.7453292519943295,0.5555555555555556,A,-70.96243925977984,-0.0742632084776913,0.6357554877170125,0.6442818312260495,0.0
1188,20,1.7453292519943295,0.5555555555555556,A,-71.02218909968991,-0.07425262355966472,0.6177231370008864,0.642063756785824,0.4193788702735799
1189,20,1.7453292519943295,0.5555555555555556,A,-71.0819362875238,-0.07423221203158614,0.635744122525834,0.6442758193843525,0.0
1190,20,1.7453292519943295,0.5555555555555556,A,-71.14170418990498,-0.07423571259193867,0.6177196764952226,0.6420616844590633,0.4193756190212699
1191,20,1.7453292519943295,0.5555555555555556,A,-71.20147218058699,-0.07421984520205138,0.6357506318364307,0.6442791996732702,0.0
1192,20,1.7453292519943295,0.5555555555555556,A,-71.26127368042877,-0.07423564065755628,0.6177371307141316,0.6420718443973085,0.41939225531119717
1193,20,1.7453292519943295,0.5555555555555556,A,-71.32108281732292,-0.07423486288008851,0.6357676130878863,0.6442881151246138,0.0
1194,20,1.7453292519943295,0.5555555555555556,A,-71.38091689655658,-0.07425409086007184,0.6177567904477707,0.6420833339920654,0.4194109535377747
1195,20,1.7453292519943295,0.5555555555555556,A,-71.44075557231682,-0.07426911224479282,0.6357778152979436,0.6442934990755113,0.0
1196,20,1.7453292519943295,0.5555555555555556,A,-71.50058989221073,-0.07428012466377831,0.6177605433671761,0.6420855621169335,0.41941449402031494
1197,20,1.7453292519943295,0.5555555555555556,A,-71.56042060872093,-0.07430101452835292,0.6357740439324823,0.6442915503340165,0.0
1198,20,1.7453292519943295,0.5555555555555556,A,-71.6202231748137,-0.07429634921571282,0.6177502224757894,0.6420795615796246,0.41940465352120626
1199,20,1.7453292519943295,0.5555555555555556,A,-71.68001991394271,-0.07430957818898265,0.6357648255819605,0.644286714974273,0.0
1200,20,1.7453292519943295,0.5555555555555556,A,-71.73978322482205,-0.07429155499108975,0.617740819871458,0.6420740654791272,0.4193957102540281
1201,20,1.7453292519943295,0.5555555555555556,A,-71.7995411741588,-0.07428927984969974,0.6357607033517045,0.6442845345966233,0.0
1202,20,1.7453292519943295,0.5555555555555556,A,-71.8592791540024,-0.07426936396730882,0.6177394999315307,0.6420732830962644,0.41939446288719295
1203,20,1.7453292519943295,0.5555555555555556,A,-71.91901703652344,-0.07425390904207502,0.6357611401634058,0.644284761658141,0.0
1204,20,1.7453292519943295,0.5555555555555556,A,-71.97876406686729,-0.07424513287126233,0.6177393567262084,0.6420732027492628,0.4193943255442655
1205,20,1.7453292519943295,0.5555555555555556,A,-72.03851835261614,-0.07422634907894382,0.6357590661841875,0.6442836761862044,0.0
1206,20,1.7453292519943295,0.5555555555555556,A,-72.09830354694157,-0.07423417856592018,0.6177342039452817,0.6420701912068005,0.419389423961977
1207,20,1.7453292519943295,0.5555555555555556,A,-72.1580926979401,-0.07422292681670384,0.6357544926441994,0.6442812590772916,0.0
1208,20,1.7453292519943295,0.5555555555555556,A,-72.21791036470239,-0.07424174742152151,0.6177308880612195,0.6420682330440207,0.41938628559668467
1209,20,1.7453292519943295,0.5555555555555556,A,-72.27772563565635,-0.07424412770693417,0.6357561746696189,0.6442821209221629,0.0
1210,20,1.7453292519943295,0.5555555555555556,A,-72.33755407490557,-0.07426175343026453,0.6177399850858855,0.6420735222927343,0.41939496195019166
1211,20,1.7453292519943295,0.5555555555555556,A,-72.39738203272204,-0.07427640976668182,0.6357680710904916,0.6442883626949741,0.0
1212,20,1.7453292519943295,0.5555555555555556,A,-72.45720276215326,-0.07428241828373977,0.6177576306937431,0.642083827751114,0.4194117507605284
1213,20,1.7453292519943295,0.5555555555555556,A,-72.51702390899388,-0.07430117394535113,0.6357801175962277,0.6442947100830796,0.0
1214,20,1.7453292519943295,0.5555555555555556,A,-72.57681792176425,-0.07429279210865963,0.617765594408922,0.6420885154549866,0.41941929693561264
1215,20,1.7453292519943295,0.5555555555555556,A,-72.63661016233685,-0.07430452899033707,0.6357782267462306,0.6442937585639074,0.0
1216,20,1.7453292519943295,0.5555555555555556,A,-72.69637291723431,-0.07428714058886798,0.6177526255703913,0.6420809863101392,0.41940692228776577
1217,20,1.7453292519943295,0.5555555555555556,A,-72.75613413650727,-0.07428411257867507,0.6357620943408001,0.644285304340263,0.0
1218,20,1.7453292519943295,0.5555555555555556,A,-72.81588169149504,-0.07426767234204451,0.6177300524112336,0.6420678046088476,0.41938544306305753
1219,20,1.7453292519943295,0.5555555555555556,A,-72.87562614631896,-0.07425105539279286,0.6357473761332246,0.6442775435352734,0.0
1220,20,1.7453292519943295,0.5555555555555556,A,-72.93537804466291,-0.07424496473908915,0.6177202061366499,0.642062011859701,0.4193761078443233
1221,20,1.7453292519943295,0.5555555555555556,A,-72.99512821827179,-0.07422511308944024,0.6357482072985221,0.6442779396901928,0.0
1222,20,1.7453292519943295,0.5555555555555556,A,-73.05490670396976,-0.07423335317111979,0.6177311272018728,0.6420683523961215,0.41938653096048717
1223,20,1.7453292519943295,0.5555555555555556,A,-73.11469184927554,-0.07422324395491486,0.6357615555287505,0.6442849386286007,0.0
1224,20,1.7453292519943295,0.5555555555555556,A,-73.17451077648666,-0.0742415431738832,0.6177489103783159,0.642078734019677,0.4194034544634725
1225,20,1.7453292519943295,0.5555555555555556,A,-73.23433691440201,-0.07424770244988466,0.6357725323608656,0.6442907174697613,0.0
1226,20,1.7453292519943295,0.5555555555555556,A,-73.29417556648843,-0.07426504623035152,0.6177560715827005,0.642082938519118,0.41941024871363364
1227,20,1.7453292519943295,0.5555555555555556,A,-73.35401268765321,-0.07428305592377799,0.6357726634821773,0.644290809572444,0.0
1228,20,1.7453292519943295,0.5555555555555556,A,-73.41383412935195,-0.07428815561015945,0.61775121692673,0.6420801259137886,0.419405612469173
1229,20,1.7453292519943295,0.5555555555555556,A,-73.47365017430204,-0.0743061941087505,0.6357674290843409,0.6442880711561935,0.0
1230,20,1.7453292519943295,0.5555555555555556,A,-73.53343545009292,-0.07429533531380655,0.617745773624869,0.6420769490832828,0.4194004316703779
1231,20,1.7453292519943295,0.5555555555555556,A,-73.5932156841385,-0.07430247016212121,0.6357653055780522,0.6442869495280799,0.0
1232,20,1.7453292519943295,0.5555555555555556,A,-73.65296685230739,-0.07428264041083588,0.6177454692767225,0.6420767678847353,0.4194001435034156
1233,20,1.7453292519943295,0.5555555555555556,A,-73.71271577598648,-0.07427537358961689,0.6357654208462781,0.6442870130361751,0.0
1234,20,1.7453292519943295,0.5555555555555556,A,-73.77245677342742,-0.07425956422776048,0.6177436209057663,0.6420756993865967,0.4193983770042963
1235,20,1.7453292519943295,0.5555555555555556,A,-73.83220230205762,-0.07424282650878422,0.6357611009283719,0.644284754746707,0.0
1236,20,1.7453292519943295,0.5555555555555556,A,-73.89196663688733,-0.07424093397140685,0.6177346498788439,0.6420704650971457,0.41938983756615156
1237,20,1.7453292519943295,0.5555555555555556,A,-73.95173548652716,-0.07422446218599565,0.6357529821866981,0.6442804779742936,0.0
1238,20,1.7453292519943295,0.5555555555555556,A,-74.01153290108249,-0.07423691255737086,0.6177266388924014,0.6420657636316521,0.419382232539969
1239,20,1.7453292519943295,0.5555555555555556,A,-74.07132882774465,-0.07423001553584735,0.6357513302326827,0.6442795807105733,0.0
1240,20,1.7453292519943295,0.5555555555555556,A,-74.13114751686007,-0.07424845897160909,0.6177327857074713,0.6420693205691201,0.4193881089003605
1241,20,1.7453292519943295,0.5555555555555556,A,-74.19096607473935,-0.07425536464721294,0.6357624776634486,0.644285419609967,0.0
1242,20,1.7453292519943295,0.5555555555555556,A,-74.25079274682696,-0.07426873473766549,0.6177519637042659,0.6420805097409571,0.41940636583736846
1243,20,1.7453292519943295,0.5555555555555556,A,-74.31062194363582,-0.07428594813532985,0.6357776744105316,0.644293413968285,0.0
1244,20,1.7453292519943295,0.5555555555555556,A,-74.37043621847243,-0.07428691184436154,0.6177658299665394,0.6420886354809393,0.4194195352925738
1245,20,1.7453292519943295,0.5555555555555556,A,-74.43024962259985,-0.07430430430230517,0.6357811033752766,0.6442952536916391,0.0
1246,20,1.7453292519943295,0.5555555555555556,A,-74.49003296644898,-0.07429261265082726,0.6177591015574881,0.6420847532623856,0.4194130956606144
1247,20,1.7453292519943295,0.5555555555555556,A,-74.54981351237588,-0.07429904247488539,0.6357684709131756,0.6442886486179573,0.0
1248,20,1.7453292519943295,0.5555555555555556,A,-74.6095692215591,-0.07428126927939599,0.6177381933064502,0.6420725595526033,0.4193931886900825
1249,20,1.7453292519943295,0.5555555555555556,A,-74.66932126110356,-0.07427209630281062,0.6357526253941946,0.6442803107764079,0.0
1250,20,1.7453292519943295,0.5555555555555556,A,-74.72906618649247,-0.07425845474810655,0.6177241477965313,0.6420643276401208,0.419379846989127
1251,20,1.7453292519943295,0.5555555555555556,A,-74.78880781199433,-0.07423938536373687,0.6357487102131408,0.6442782175845042,0.0
1252,20,1.7453292519943295,0.5555555555555556,A,-74.84856624893453,-0.07423839567644663,0.6177285081943743,0.6420668383409333,0.41938402569210687
1253,20,1.7453292519943295,0.5555555555555556,A,-74.90832918417165,-0.07422190815275498,0.6357574751684765,0.6442828046893646,0.0
1254,20,1.7453292519943295,0.5555555555555556,A,-74.96812640215941,-0.07423491981741537,0.6177422558613438,0.642074856269181,0.4193971159752341
1255,20,1.7453292519943295,0.5555555555555556,A,-75.02793224601255,-0.07423154707002133,0.635767079851796,0.6442878540919742,0.0
1256,20,1.7453292519943295,0.5555555555555556,A,-75.0877638049125,-0.074250847721825,0.6177500044537005,0.6420793915330484,0.4194044790407778
1257,20,1.7453292519943295,0.5555555555555556,A,-75.1475964233653,-0.07426211387431148,0.6357691714327421,0.6442889650394635,0.0
1258,20,1.7453292519943295,0.5555555555555556,A,-75.20742850373821,-0.07427526916071847,0.617748894302026,0.6420787566803159,0.4194034122566661
1259,20,1.7453292519943295,0.5555555555555556,A,-75.2672560002845,-0.07429345256986575,0.6357673293391831,0.6442880062242526,0.0
1260,20,1.7453292519943295,0.5555555555555556,A,-75.32706170635043,-0.07429175987331682,0.6177477185647158,0.642078072920066,0.4194022921289988
1261,20,1.7453292519943295,0.5555555555555556,A,-75.3868631683695,-0.07430570193756753,0.6357682110683023,0.6442884685808365,0.0
1262,20,1.7453292519943295,0.5555555555555556,A,-75.44663405421093,-0.07429043237665656,0.6177504630092601,0.6420796770204433,0.4194049009739811
1263,20,1.7453292519943295,0.5555555555555556,A,-75.50640187991084,-0.07429238507106228,0.6357699571412101,0.6442893931218232,0.0
1264,20,1.7453292519943295,0.5555555555555556,A,-75.56614849700077,-0.07427372919362563,0.617749464501527,0.6420791114035096,0.4194039369546307
1265,20,1.7453292519943295,0.5555555555555556,A,-75.62589678361658,-0.07426304259392014,0.6357651808980902,0.6442869025960951,0.0
1266,20,1.7453292519943295,0.5555555555555556,A,-75.68564832782462,-0.07425275724117913,0.6177383244070351,0.6420726205472421,0.4193933260963323
1267,20,1.7453292519943295,0.5555555555555556,A,-75.74540376939314,-0.07423558169448574,0.6357541364860515,0.6442810970163599,0.0
1268,20,1.7453292519943295,0.5555555555555556,A,-75.80518078082305,-0.07423933912059333,0.6177253952296864,0.6420650520952957,0.4193810373315825
1269,20,1.7453292519943295,0.5555555555555556,A,-75.86495697200397,-0.07422544072925419,0.6357481895846382,0.6442779411008679,0.0
1270,20,1.7453292519943295,0.5555555555555556,A,-75.92475900693144,-0.07424017908909647,0.6177265288288523,0.6420656759004222,0.41938214724327705
1271,20,1.7453292519943295,0.5555555555555556,A,-75.98456065209024,-0.07423799537892384,0.6357565337470191,0.6442822982268426,0.0
1272,20,1.7453292519943295,0.5555555555555556,A,-76.04438244990006,-0.07425478480513381,0.6177444985920745,0.6420761483485002,0.4193992642582496
1273,20,1.7453292519943295,0.5555555555555556,A,-76.10420833397512,-0.07426632972365543,0.63577296456945,0.6442909314720038,0.0
1274,20,1.7453292519943295,0.5555555555555556,A,-76.16403477173803,-0.07427567480067931,0.6177625725100215,0.64208671941539,0.4194164472424146
1275,20,1.7453292519943295,0.5555555555555556,A,-76.22386240726941,-0.07429433383190143,0.6357811930181244,0.6442952849571809,0.0
1276,20,1.7453292519943295,0.5555555555555556,A,-76.28366722262898,-0.07429091751007982,0.617762602002875,0.6420867797315278,0.41941644015787927
1277,20,1.7453292519943295,0.5555555555555556,A,-76.34346885368565,-0.07430484044042557,0.6357733330318113,0.6442911912412382,0.0
1278,20,1.7453292519943295,0.5555555555555556,A,-76.40324070795185,-0.07429026540388323,0.6177458034239982,0.6420769966827063,0.4194004353913594
1279,20,1.7453292519943295,0.5555555555555556,A,-76.46300831380006,-0.07429019893768973,0.6357586077434788,0.6442834562990335,0.0
1280,20,1.7453292519943295,0.5555555555555556,A,-76.52275636441375,-0.07427272277865637,0.6177303181205118,0.6420679384410809,0.41938571225501053
1281,20,1.7453292519943295,0.5555555555555556,A,-76.58250003473623,-0.07425869811935787,0.6357516828871891,0.6442797901963332,0.0
1282,20,1.7453292519943295,0.5555555555555556,A,-76.64224589840398,-0.07424911547822366,0.6177293924051099,0.642067368158304,0.4193848554398257
1283,20,1.7453292519943295,0.5555555555555556,A,-76.70199354280334,-0.07423048420876266,0.6357559949736323,0.644282037769901,0.0
1284,20,1.7453292519943295,0.5555555555555556,A,-76.76176809539015,-0.07423538019293252,0.6177381604720668,0.642072476279606,0.4193932095390481
1285,20,1.7453292519943295,0.5555555555555556,A,-76.82155114057437,-0.0742240798360887,0.6357627645200891,0.6442855935068404,0.0
1286,20,1.7453292519943295,0.5555555555555556,A,-76.88136646270306,-0.07424077967815323,0.617744055780512,0.6420759212371395,0.4193988161714003
1287,20,1.7453292519943295,0.5555555555555556,A,-76.9411853449398,-0.07424330830951642,0.6357647497083572,0.6442866390584389,0.0
1288,20,1.7453292519943295,0.5555555555555556,A,-77.00101788704289,-0.07426103152274,0.6177442983813415,0.6420760661177625,0.41939904404734224
1289,20,1.7453292519943295,0.5555555555555556,A,-77.06084703686389,-0.07427501706513329,0.6357648670547588,0.644286702545981,0.0
1290,20,1.7453292519943295,0.5555555555555556,A,-77.12066720380044,-0.07428221390266093,0.6177464059019799,0.6420772952865945,0.4194010519223208
1291,20,1.7453292519943295,0.5555555555555556,A,-77.18048405568737,-0.07429894631824863,0.6357687248708392,0.6442887290466873,0.0
1292,20,1.7453292519943295,0.5555555555555556,A,-77.24027602582672,-0.07429133016128653,0.6177531064207411,0.6420812102314499,0.41940742504441486
1293,20,1.7453292519943295,0.5555555555555556,A,-77.30006537263026,-0.07430125858014258,0.6357734492570792,0.6442912202804915,0.0
1294,20,1.7453292519943295,0.5555555555555556,A,-77.35982691256723,-0.07428430132626557,0.6177552256737362,0.6420824688988138,0.4194094238596616
1295,20,1.7453292519943295,0.5555555555555556,A,-77.4195879344873,-0.07428193052885385,0.6357701893470508,0.6442895320958952,0.0
1296,20,1.7453292519943295,0.5555555555555556,A,-77.47933725661665,-0.07426645135375909,0.6177442834209665,0.6420761037171957,0.4193989932319968
1297,20,1.7453292519943295,0.5555555555555556,A,-77.53908894979111,-0.07425294361634571,0.6357576972036926,0.6442829769786896,0.0
1298,20,1.7453292519943295,0.5555555555555556,A,-77.59885025557809,-0.07424791370511308,0.6177275043211691,0.6420662973031123,0.41938303341527927
1299,20,1.7453292519943295,0.5555555555555556,A,-77.65861101517487,-0.07423082086422428,0.635747513036035,0.644277598773391,0.0
1300,20,1.7453292519943295,0.5555555555555556,A,-77.71839396794465,-0.07423855272270252,0.617722647193385,0.6420634226817968,0.4193784422941702
1301,20,1.7453292519943295,0.5555555555555556,A,-77.77817585616125,-0.07422820387605666,0.6357515585198661,0.6442796911212257,0.0
1302,20,1.7453292519943295,0.5555555555555556,A,-77.83798403347623,-0.07424394358862008,0.6177368802842671,0.6420717041431615,0.41939201120092107
1303,20,1.7453292519943295,0.5555555555555556,A,-77.89779683611454,-0.07424730238208577,0.6357670566758093,0.6442878250503087,0.0
1304,20,1.7453292519943295,0.5555555555555556,A,-77.95762485128512,-0.07426212144365746,0.6177566646347118,0.6420832616161162,0.4194108324724519
1305,20,1.7453292519943295,0.5555555555555556,A,-78.01745661147473,-0.07427763107229934,0.635778651749832,0.6442939373932227,0.0
1306,20,1.7453292519943295,0.5555555555555556,A,-78.0772784172987,-0.07428290427857398,0.6177626426533176,0.6420867868597643,0.4194164919603873
1307,20,1.7453292519943295,0.5555555555555556,A,-78.13709778413786,-0.07430071574799701,0.6357758263008271,0.6442924865131155,0.0
1308,20,1.7453292519943295,0.5555555555555556,A,-78.19688958925508,-0.07429280817432066,0.6177513730879196,0.6420802368144763,0.4194057447288364
1309,20,1.7453292519943295,0.5555555555555556,A,-78.25667675031933,-0.07430126813622645,0.6357639908681438,0.6442862803747341,0.0
1310,20,1.7453292519943295,0.5555555555555556,A,-78.31643672121852,-0.0742843581804844,0.6177371227035791,0.6420719125210752,0.4193921868987198
1311,20,1.7453292519943295,0.5555555555555556,A,-78.37619179422948,-0.07427817107358059,0.6357561429888778,0.6442821395846873,0.0
1312,20,1.7453292519943295,0.5555555555555556,A,-78.43593495050087,-0.07426263733472949,0.6177330853368042,0.6420695337260782,0.41938836161087634
1313,20,1.7453292519943295,0.5555555555555556,A,-78.4956773146727,-0.074246297134547,0.6357570829207948,0.6442826184619728,0.0
1314,20,1.7453292519943295,0.5555555555555556,A,-78.55543368126875,-0.07424234336400864,0.6177372433844059,0.6420719521582852,0.41939232717808483
1315,20,1.7453292519943295,0.5555555555555556,A,-78.61519696789736,-0.0742264597186395,0.6357605097841864,0.6442844179854017,0.0
1316,20,1.7453292519943295,0.5555555555555556,A,-78.67499126278216,-0.07423690212982481,0.6177397604860492,0.6420734215697617,0.4193947223879795
1317,20,1.7453292519943295,0.5555555555555556,A,-78.7347909133712,-0.07423090563899748,0.6357607011132064,0.6442845155663969,0.0
1318,20,1.7453292519943295,0.5555555555555556,A,-78.79461424962187,-0.07424886997548052,0.6177389352416974,0.6420729345890428,0.41939394032181665
1319,20,1.7453292519943295,0.5555555555555556,A,-78.8544356505218,-0.07425563464958562,0.6357609308688418,0.6442846294094633,0.0
1320,20,1.7453292519943295,0.5555555555555556,A,-78.91426154873997,-0.07426938609000983,0.6177424035235394,0.642074950809965,0.41939724901738806
1321,20,1.7453292519943295,0.5555555555555556,A,-78.97408493617253,-0.07428452280872777,0.6357667894986004,0.6442877033901371,0.0
1322,20,1.7453292519943295,0.5555555555555556,A,-79.03389432802379,-0.0742856417145058,0.6177526950955978,0.6420809591946465,0.4194070427906544
1323,20,1.7453292519943295,0.5555555555555556,A,-79.09370236817439,-0.07430047911641185,0.6357749347583265,0.6442919909372683,0.0
1324,20,1.7453292519943295,0.5555555555555556,A,-79.15348371958041,-0.074289032703788,0.6177593584312912,0.6420848710884768,0.41941336513986194
1325,20,1.7453292519943295,0.5555555555555556,A,-79.21326358960695,-0.074295087722767,0.6357748427607254,0.6442919696095634,0.0
1326,20,1.7453292519943295,0.5555555555555556,A,-79.27302105414617,-0.074278601702232,0.6177510761158188,0.6420800667200939,0.41940545913072325
1327,20,1.7453292519943295,0.5555555555555556,A,-79.33277899223688,-0.07427196543369163,0.635762838871285,0.6442856818910508,0.0
1328,20,1.7453292519943295,0.5555555555555556,A,-79.39253277061,-0.07426014865712843,0.6177324957600506,0.6420692212583076,0.41938777569216407
1329,20,1.7453292519943295,0.5555555555555556,A,-79.45228579557184,-0.07424419614779432,0.6357494410258407,0.6442786242687697,0.0
1330,20,1.7453292519943295,0.5555555555555556,A,-79.51205193591022,-0.07424353435692188,0.6177219457916792,0.6420630278558542,0.4193777626682891
1331,20,1.7453292519943295,0.5555555555555556,A,-79.57181616584269,-0.07422783816280293,0.6357485782483646,0.6442781358342129,0.0
1332,20,1.7453292519943295,0.5555555555555556,A,-79.63160593296527,-0.07423862360054034,0.6177306998758627,0.6420681048203652,0.4193861219026235
1333,20,1.7453292519943295,0.5555555555555556,A,-79.69139972522926,-0.07423337457024748,0.6357612320723837,0.6442847676949744,0.0
1334,20,1.7453292519943295,0.5555555555555556,A,-79.7512190065134,-0.07424963706595239,0.6177495006153303,0.6420790770178766,0.41940401688484175
1335,20,1.7453292519943295,0.5555555555555556,A,-79.81104426033437,-0.07425859652664918,0.6357742220581977,0.6442916029587825,0.0
1336,20,1.7453292519943295,0.5555555555555556,A,-79.8708745928891,-0.07427085736122252,0.6177595562377075,0.6420849721691447,0.4194135651047862
1337,20,1.7453292519943295,0.5555555555555556,A,-79.93070427246587,-0.07428826965911983,0.6357756955443936,0.6442924038434301,0.0
1338,20,1.7453292519943295,0.5555555555555556,A,-79.99051496104272,-0.07428868767369395,0.617753972530927,0.6420817404120147,0.4194082293410719
1339,20,1.7453292519943295,0.5555555555555556,A,-80.05032101663977,-0.07430313735672806,0.6357676866262684,0.6442882130862774,0.0
1340,20,1.7453292519943295,0.5555555555555556,A,-80.11009849376222,-0.07429079409041317,0.617742955149049,0.6420753128005345,0.41939774141155184
1341,20,1.7453292519943295,0.5555555555555556,A,-80.1698710392869,-0.07429321099196218,0.6357608491387823,0.6442846128970023,0.0
1342,20,1.7453292519943295,0.5555555555555556,A,-80.2296212537965,-0.07427561799356452,0.6177382993246214,0.6420725818245189,0.4193933200467962
1343,20,1.7453292519943295,0.5555555555555556,A,-80.28936881048898,-0.07426514900749759,0.6357601067824655,0.6442842127558587,0.0
1344,20,1.7453292519943295,0.5555555555555556,A,-80.3491154366937,-0.07425374079766955,0.6177393165532767,0.642073171183742,0.41939429246751464
1345,20,1.7453292519943295,0.5555555555555556,A,-80.40886647970999,-0.07423745297816159,0.6357606673674628,0.6442845093402824,0.0
1346,20,1.7453292519943295,0.5555555555555556,A,-80.46864022002589,-0.0742396830808626,0.6177381273324838,0.6420724783150199,0.419393160068419
1347,20,1.7453292519943295,0.5555555555555556,A,-80.52841997610646,-0.07422737834103665,0.6357581342396879,0.6442831749336949,0.0
1348,20,1.7453292519943295,0.5555555555555556,A,-80.58822716374095,-0.07424149041035794,0.6177343852870081,0.6420702840068303,0.41938960569141537
1349,20,1.7453292519943295,0.5555555555555556,A,-80.64803390769325,-0.07423995253788374,0.6357567089136249,0.644282411992506,0.0
1350,20,1.7453292519943295,0.5555555555555556,A,-80.70785621372842,-0.07425655196829711,0.6177369049601561,0.6420717382452494,0.41939201777513063
1351,20,1.7453292519943295,0.5555555555555556,A,-80.76767656621024,-0.07426639841806293,0.6357629549861449,0.6442856829099529,0.0
1352,20,1.7453292519943295,0.5555555555555556,A,-80.82749597580344,-0.07427520472758697,0.6177493167459762,0.6420789779610954,0.4194038352067774
1353,20,1.7453292519943295,0.5555555555555556,A,-80.88731555536123,-0.07429091012812011,0.6357739942989784,0.6442914871269042,0.0
1354,20,1.7453292519943295,0.5555555555555556,A,-80.94711635021207,-0.0742872073413835,0.6177607912655501,0.6420856950827879,0.41941473892297476
1355,20,1.7453292519943295,0.5555555555555556,A,-81.0069160672101,-0.07429976198154004,0.6357780052196716,0.6442936202606948,0.0
1356,20,1.7453292519943295,0.5555555555555556,A,-81.06668932627741,-0.07428639035030998,0.6177571199640965,0.6420835865273696,0.41941121723195773
1357,20,1.7453292519943295,0.5555555555555556,A,-81.12646143811492,-0.0742879803937388,0.6357683992279599,0.644288600474979,0.0
1358,20,1.7453292519943295,0.5555555555555556,A,-81.1862172392047,-0.07427285707391923,0.6177392433185018,0.6420731643445012,0.4193941939728265
1359,20,1.7453292519943295,0.5555555555555556,A,-81.24597164180224,-0.0742618475764324,0.6357534997762434,0.6442807657895471,0.0
1360,20,1.7453292519943295,0.5555555555555556,A,-81.30572709416529,-0.0742535171970724,0.6177244523496105,0.6420645044026467,0.41938013734518964
1361,20,1.7453292519943295,0.5555555555555556,A,-81.36547982508581,-0.07423639620365508,0.635748104613832,0.6442778988382766,0.0
1362,20,1.7453292519943295,0.5555555555555556,A,-81.42525115107627,-0.07423977321792596,0.6177271265863616,0.642066030730954,0.4193827110398727
1363,20,1.7453292519943295,0.5555555555555556,A,-81.48502498845242,-0.07422755443579154,0.6357566726451643,0.6442823791054751,0.0
1364,20,1.7453292519943295,0.5555555555555556,A,-81.54482798834945,-0.07424113534595805,0.6177426661217691,0.6420750907799335,0.41939750981123847
1365,20,1.7453292519943295,0.5555555555555556,A,-81.60463820626045,-0.07424189444775953,0.6357690216447329,0.6442888693242266,0.0
1366,20,1.7453292519943295,0.5555555555555556,A,-81.66446689532651,-0.07425786630183312,0.6177543605130826,0.6420819318358748,0.41940862646193167
1367,20,1.7453292519943295,0.5555555555555556,A,-81.72429733887518,-0.07427096208035561,0.6357733034095258,0.6442911366445816,0.0
1368,20,1.7453292519943295,0.5555555555555556,A,-81.78412144606625,-0.0742792776628855,0.6177534281106913,0.6420814095754067,0.41940772131027937
1369,20,1.7453292519943295,0.5555555555555556,A,-81.84394150924092,-0.07429594908975118,0.6357690871908591,0.644288937838181,0.0
1370,20,1.7453292519943295,0.5555555555555556,A,-81.903737810275,-0.07429085324602758,0.6177465721779624,0.6420774155385468,0.4194011908093017
1371,20,1.7453292519943295,0.5555555555555556,A,-81.96352948231335,-0.07430056890301201,0.6357646089564882,0.6442865842723995,0.0
1372,20,1.7453292519943295,0.5555555555555556,A,-82.02329416721236,-0.07428505995407197,0.6177434968599422,0.6420756147609883,0.4193982675889881
1373,20,1.7453292519943295,0.5555555555555556,A,-82.08305531883718,-0.07428240282112192,0.6357640249900839,0.6442862725918428,0.0
1374,20,1.7453292519943295,0.5555555555555556,A,-82.14280229697766,-0.07426659871730779,0.6177434862274757,0.6420756096567879,0.41939825660161933
1375,20,1.7453292519943295,0.5555555555555556,A,-82.20255098955239,-0.07425388000714583,0.6357629748607386,0.6442857273252068,0.0
1376,20,1.7453292519943295,0.5555555555555556,A,-82.26230949566038,-0.07424799396171161,0.6177394377322091,0.6420732525132822,0.4193943995744738
1377,20,1.7453292519943295,0.5555555555555556,A,-82.32207343350208,-0.07423294405541164,0.6357577148584312,0.6442829640446586,0.0
1378,20,1.7453292519943295,0.5555555555555556,A,-82.38186173613778,-0.07424029126793319,0.617731923917411,0.6420688567525565,0.41938725560860796
1379,20,1.7453292519943295,0.5555555555555556,A,-82.44165082039649,-0.07423143567568069,0.6357533870123189,0.6442806726899807,0.0
1380,20,1.7453292519943295,0.5555555555555556,A,-82.50146176669246,-0.07424676770895527,0.6177314048405542,0.6420685306395906,0.4193867803328748
1381,20,1.7453292519943295,0.5555555555555556,A,-82.56127106362499,-0.07424914909951974,0.6357582089011555,0.6442831879299463,0.0
1382,20,1.7453292519943295,0.5555555555555556,A,-82.62109138585572,-0.07426285481097439,0.6177437797733619,0.6420757406319094,0.4193985697759194
1383,20,1.7453292519943295,0.5555555555555556,A,-82.68091309410754,-0.07427543437243533,0.635770816856367,0.6442898102464382,0.0
1384,20,1.7453292519943295,0.5555555555555556,A,-82.74072820111046,-0.07427970808819717,0.6177591513558318,0.6420847260719584,0.4194131879991556
1385,20,1.7453292519943295,0.5555555555555556,A,-82.80054372340508,-0.07429538864545454,0.6357789477771145,0.6442941035876846,0.0
1386,20,1.7453292519943295,0.5555555555555556,A,-82.86033600495851,-0.0742882180249751,0.6177610821175962,0.6420858872151112,0.419414997496276
1387,20,1.7453292519943295,0.5555555555555556,A,-82.92012635343093,-0.07429733812289957,0.6357731733269842,0.6442911006304692,0.0
1388,20,1.7453292519943295,0.5555555555555556,A,-82.97989276522122,-0.07428294667464852,0.6177462695307838,0.6420772635307688,0.4194008825617347
1389,20,1.7453292519943295,0.5555555555555556,A,-83.03965689442404,-0.07427928477116269,0.6357587500080335,0.6442835280120418,0.0
1390,20,1.7453292519943295,0.5555555555555556,A,-83.09940998881572,-0.074265812202713,0.6177294589096077,0.6420674363766107,0.4193848946389128
1391,20,1.7453292519943295,0.5555555555555556,A,-83.15915970507109,-0.07425129680181347,0.6357500474140133,0.6442789302375391,0.0
1392,20,1.7453292519943295,0.5555555555555556,A,-83.21891695047674,-0.07424674904289896,0.6177266619085267,0.6420657719320314,0.41938225822731534
1393,20,1.7453292519943295,0.5555555555555556,A,-83.27867473048312,-0.07423074110480499,0.6357541920138078,0.6442810848321141,0.0
1394,20,1.7453292519943295,0.5555555555555556,A,-83.33845830010559,-0.07423840483250843,0.6177375567134298,0.6420721158738867,0.4193926407359663
1395,20,1.7453292519943295,0.5555555555555556,A,-83.39824901380534,-0.07423134096593498,0.6357642585453168,0.6442863703080464,0.0
1396,20,1.7453292519943295,0.5555555555555556,A,-83.45806675429205,-0.07424704872773397,0.6177484753119475,0.6420784951957917,0.4194030267422275
1397,20,1.7453292519943295,0.5555555555555556,A,-83.517888655241,-0.07425317938637988,0.635769503820009,0.6442891352195216,0.0
1398,20,1.7453292519943295,0.5555555555555556,A,-83.57771780329422,-0.07426711120068685,0.6177503107511998,0.642079580444054,0.4194047617916477
1399,20,1.7453292519943295,0.5555555555555556,A,-83.63754410894774,-0.07428197223275257,0.6357681737032151,0.6442884476895472,0.0
1400,20,1.7453292519943295,0.5555555555555556,A,-83.69735624583137,-0.07428493454669793,0.6177473593356344,0.6420778648521558,0.419401948013569
1401,20,1.7453292519943295,0.5555555555555556,A,-83.757164251955,-0.07429901553085227,0.6357665553510844,0.644287599783465,0.0
1402,20,1.7453292519943295,0.5555555555555556,A,-83.8169469454372,-0.07428899211240281,0.6177472695453092,0.6420778114861445,0.4194018628427996
1403,20,1.7453292519943295,0.5555555555555556,A,-83.8767261883855,-0.07429409879084231,0.6357676604779627,0.6442881797777804,0.0
1404,20,1.7453292519943295,0.5555555555555556,A,-83.93648271460066,-0.07427779400695744,0.6177484126403001,0.642078484797796,0.4194029452302815
1405,20,1.7453292519943295,0.5555555555555556,A,-83.99623877604346,-0.0742714872217698,0.6357666596137543,0.6442876646687967,0.0
1406,20,1.7453292519943295,0.5555555555555556,A,-84.05599064292815,-0.07425947770886071,0.6177432278984407,0.6420754708203423,0.41939800165267815
1407,20,1.7453292519943295,0.5555555555555556,A,-84.1157463639368,-0.07424566034550228,0.6357595372005054,0.644283929487388,0.0
1408,20,1.7453292519943295,0.5555555555555556,A,-84.17551768311543,-0.07424512014771073,0.6177322383677833,0.6420690510546628,0.41938754637393505
1409,20,1.7453292519943295,0.5555555555555556,A,-84.23529046207511,-0.07423162977618869,0.6357518670430529,0.6442798834333141,0.0
1410,20,1.7453292519943295,0.5555555555555556,A,-84.2950855006417,-0.07424216693431879,0.6177273248280716,0.6420661569629139,0.4193828905580025
1411,20,1.7453292519943295,0.5555555555555556,A,-84.35487899637444,-0.07423684584278178,0.6357537148106989,0.6442808301064086,0.0
1412,20,1.7453292519943295,0.5555555555555556,A,-84.41469168278302,-0.07425169498981582,0.6177373775768551,0.642072003345584,0.41939247652890477
1413,20,1.7453292519943295,0.5555555555555556,A,-84.47450629632684,-0.074258146556678,0.635766118314269,0.6442873378712128,0.0
1414,20,1.7453292519943295,0.5555555555555556,A,-84.53432742819899,-0.07426870609756842,0.617754810863661,0.6420821837003426,0.4194090644542911
1415,20,1.7453292519943295,0.5555555555555556,A,-84.59415097652209,-0.07428358267919333,0.6357774961061367,0.6442933304580911,0.0
1416,20,1.7453292519943295,0.5555555555555556,A,-84.65396054730559,-0.07428400180955436,0.6177621781985447,0.6420865137216423,0.41941605124571785
1417,20,1.7453292519943295,0.5555555555555556,A,-84.71376852888082,-0.07429819754011063,0.6357761990078623,0.644292678995658,0.0
1418,20,1.7453292519943295,0.5555555555555556,A,-84.77355117040238,-0.07428814084463248,0.6177521131370148,0.6420806668406834,0.4194064499814089
1419,20,1.7453292519943295,0.5555555555555556,A,-84.83333072480649,-0.07429235084361735,0.6357640350374967,0.6442863028015227,0.0
1420,20,1.7453292519943295,0.5555555555555556,A,-84.89308995470134,-0.07427734928290392,0.6177357326651063,0.642071102564435,0.41939086242096596
1421,20,1.7453292519943295,0.5555555555555556,A,-84.95284534149678,-0.07426861876778657,0.6357537733701342,0.6442808952373897,0.0
1422,20,1.7453292519943295,0.5555555555555556,A,-85.0125959100663,-0.07425756811838141,0.6177290652959275,0.6420671854331107,0.41938453673023085
1423,20,1.7453292519943295,0.5555555555555556,A,-85.07234508220009,-0.0742416472733175,0.6357540698045082,0.644281029662257,0.0
1424,20,1.7453292519943295,0.5555555555555556,A,-85.1321109206566,-0.07424175971691926,0.617735065103838,0.6420706710372207,0.4193902612501357
1425,20,1.7453292519943295,0.5555555555555556,A,-85.19188257393498,-0.07422906095603221,0.6357609434347791,0.6442846351119066,0.0
1426,20,1.7453292519943295,0.5555555555555556,A,-85.25168314816283,-0.07424081601736243,0.6177433639474521,0.6420755154950604,0.41939815920958956
1427,20,1.7453292519943295,0.5555555555555556,A,-85.3114896516316,-0.07423914497091488,0.6357654089216803,0.6442869840670477,0.0
1428,20,1.7453292519943295,0.5555555555555556,A,-85.37131465930356,-0.0742552123725504,0.6177457512514568,0.6420769147651988,0.4194004256984431
1429,20,1.7453292519943295,0.5555555555555556,A,-85.43113849012784,-0.07426493431009162,0.6357654803037882,0.6442870257100588,0.0
1430,20,1.7453292519943295,0.5555555555555556,A,-85.49096009817019,-0.07427481966480326,0.6177454324973498,0.6420767312461434,0.41940012103894664
1431,20,1.7453292519943295,0.5555555555555556,A,-85.55077817835152,-0.0742895021482744,0.6357663288446391,0.6442874727876307,0.0
1432,20,1.7453292519943295,0.5555555555555556,A,-85.61057803871452,-0.07428686762563091,0.6177486623026398,0.6420786164887725,0.41940319507451906
1433,20,1.7453292519943295,0.5555555555555556,A,-85.6703752064578,-0.07429784184616167,0.6357699885626612,0.6442893970714766,0.0
1434,20,1.7453292519943295,0.5555555555555556,A,-85.7301474466662,-0.07428479724194664,0.6177526574320599,0.6420809575440174,0.419406989063209
1435,20,1.7453292519943295,0.5555555555555556,A,-85.7899180674028,-0.07428601481624486,0.6357706555140253,0.6442897611121969,0.0
1436,20,1.7453292519943295,0.5555555555555556,A,-85.8496728788653,-0.07427118061870952,0.6177484468629537,0.6420785182824266,0.4194029673715088
1437,20,1.7453292519943295,0.5555555555555556,A,-85.90942950628238,-0.07426201827372558,0.6357631374836566,0.6442858253795398,0.0
1438,20,1.7453292519943295,0.5555555555555556,A,-85.96918970006206,-0.07425440815739986,0.6177353005294282,0.6420708475477839,0.41939045350486104
1439,20,1.7453292519943295,0.5555555555555556,A,-86.02895132667757,-0.07423991939348873,0.6357525697419817,0.6442802626687508,0.0
1440,20,1.7453292519943295,0.5555555555555556,A,-86.08872997037697,-0.07424351745702434,0.6177256802390477,0.6420652078359694,0.41938131645450594
1441,20,1.7453292519943295,0.5555555555555556,A,-86.14850703802023,-0.07423212894348447,0.635750525850199,0.644279161926549,0.0
1442,20,1.7453292519943295,0.5555555555555556,A,-86.20830603873796,-0.07424434865723267,0.6177315538109727,0.6420686087123362,0.41938692958261914
1443,20,1.7453292519943295,0.5555555555555556,A,-86.26810672486178,-0.07424331337589624,0.6357609415497395,0.6442846184863977,0.0
1444,20,1.7453292519943295,0.5555555555555556,A,-86.32792468457713,-0.0742570685828371,0.6177487556973655,0.6420786449820933,0.4194033052189688
1445,20,1.7453292519943295,0.5555555555555556,A,-86.38774688288919,-0.07426762155670275,0.635774039043154,0.6442915070149012,0.0
1446,20,1.7453292519943295,0.5555555555555556,A,-86.4475677569659,-0.07427509956020112,0.6177603240912051,0.6420854197181386,0.4194142961921121
1447,20,1.7453292519943295,0.5555555555555556,A,-86.5073884560419,-0.07429084692666332,0.6357769678281885,0.6442930711067357,0.0
1448,20,1.7453292519943295,0.5555555555555556,A,-86.56718875819132,-0.07428746378285694,0.617755669917632,0.6420827319070442,0.4194098436491781
1449,20,1.7453292519943295,0.5555555555555556,A,-86.62698559623146,-0.0742981801540773,0.6357682642931828,0.6442885181568201,0.0
1450,20,1.7453292519943295,0.5555555555555556,A,-86.68675765636857,-0.07428542383795123,0.617741836394522,0.6420746638165897,0.41939667290513216
1451,20,1.7453292519943295,0.5555555555555556,A,-86.74652559486954,-0.07428410740383956,0.6357582882293882,0.6442832702692677,0.0
1452,20,1.7453292519943295,0.5555555555555556,A,-86.80627799661636,-0.07426945778856281,0.6177334579759355,0.6420697563475729,0.4193887117868921
1453,20,1.7453292519943295,0.5555555555555556,A,-86.86602752730072,-0.07425723813746954,0.6357560211509907,0.6442820620459815,0.0
1454,20,1.7453292519943295,0.5555555555555556,A,-86.9257814288517,-0.07425005724600675,0.6177354056997875,0.6420708789451516,0.4193905775476553
1455,20,1.7453292519943295,0.5555555555555556,A,-86.98553897519258,-0.07423509308026127,0.6357596662522905,0.6442839714945423,0.0
1456,20,1.7453292519943295,0.5555555555555556,A,-87.04532059820593,-0.07424034982374073,0.6177401871835376,0.6420736683050507,0.4193951300877735
1457,20,1.7453292519943295,0.5555555555555556,A,-87.10510882893605,-0.07423193565902791,0.6357621104237943,0.6442852556177242,0.0
1458,20,1.7453292519943295,0.5555555555555556,A,-87.16492192615945,-0.07424635462997903,0.6177411362846609,0.6420742221725542,0.4193960325789683
1459,20,1.7453292519943295,0.5555555555555556,A,-87.22473565929664,-0.07424905385718261,0.6357619309521124,0.6442851586935675,0.0
1460,20,1.7453292519943295,0.5555555555555556,A,-87.28455863341898,-0.0742631681416675,0.6177415617826969,0.642074466516043,0.41939644110263413
1461,20,1.7453292519943295,0.5555555555555556,A,-87.3443787458711,-0.07427480118562946,0.6357641293156483,0.6442863105583765,0.0
1462,20,1.7453292519943295,0.5555555555555556,A,-87.40419108681654,-0.07427960386868887,0.6177473707069489,0.6420778544598175,0.4194019724984672
1463,20,1.7453292519943295,0.5555555555555556,A,-87.46400176289254,-0.07429326791430235,0.6357703709013371,0.6442895907776861,0.0
1464,20,1.7453292519943295,0.5555555555555556,A,-87.52379161068282,-0.07428623076040508,0.6177550323703934,0.642082335834903,0.41940925596050815
1465,20,1.7453292519943295,0.5555555555555556,A,-87.58357986142353,-0.07429419984469943,0.6357738751177965,0.64429144624095,0.0
1466,20,1.7453292519943295,0.5555555555555556,A,-87.64334579072992,-0.07428028472249915,0.6177537426016362,0.6420816055574177,0.4194080102251757
1467,20,1.7453292519943295,0.5555555555555556,A,-87.70311168735054,-0.074277865969751,0.6357676377090371,0.6442881893743622,0.0
1468,20,1.7453292519943295,0.5555555555555556,A,-87.76286897640722,-0.07426562753025062,0.6177404157511,0.6420738384796847,0.41939531764335247
1469,20,1.7453292519943295,0.5555555555555556,A,-87.822627005033,-0.0742538069452977,0.6357553627066708,0.6442817382406363,0.0
1470,20,1.7453292519943295,0.5555555555555556,A,-87.88239270597968,-0.07425012517333085,0.6177268625848616,0.6420659091741007,0.41938243272563414
1471,20,1.7453292519943295,0.5555555555555556,A,-87.94215668407016,-0.07423567441896606,0.6357493417350952,0.6442785492985081,0.0
1472,20,1.7453292519943295,0.5555555555555556,A,-88.00193966127677,-0.07424237090829444,0.6177275527675578,0.6420662818468414,0.4193831142660805
1473,20,1.7453292519943295,0.5555555555555556,A,-88.06172343568247,-0.07423435733328837,0.6357563919278367,0.6442822324794866,0.0
1474,20,1.7453292519943295,0.5555555555555556,A,-88.12153040981448,-0.074247639988684,0.6177423182614392,0.6420748880684456,0.41939717795870723
1475,20,1.7453292519943295,0.5555555555555556,A,-88.18134268743222,-0.07425157050982634,0.6357694045672557,0.6442890691911404,0.0
1476,20,1.7453292519943295,0.5555555555555556,A,-88.24116633976772,-0.074263901455068,0.6177561143546209,0.6420829543736859,0.4194102964095693
1477,20,1.7453292519943295,0.5555555555555556,A,-88.30099190954894,-0.07427750549301215,0.6357755168473169,0.6442922989144771,0.0
1478,20,1.7453292519943295,0.5555555555555556,A,-88.36080694541661,-0.07428139115893623,0.6177564290718144,0.6420831633066325,0.4194105753213083
1479,20,1.7453292519943295,0.5555555555555556,A,-88.42061882877644,-0.07429579484840665,0.6357706639756128,0.6442897695448195,0.0
1480,20,1.7453292519943295,0.5555555555555556,A,-88.48040716313554,-0.07428831199927927,0.6177464770561316,0.6420773664678324,0.4194010945054219
1481,20,1.7453292519943295,0.5555555555555556,A,-88.54019128198884,-0.07429419755700561,0.6357624921449571,0.6442854773909447,0.0
1482,20,1.7453292519943295,0.5555555555555556,A,-88.59995309573497,-0.07427955700601863,0.6177385697613262,0.6420727423327464,0.41939357520764053
1483,20,1.7453292519943295,0.5555555555555556,A,-88.65971123400107,-0.07427355298678778,0.6357593002543862,0.6442837888658312,0.0
1484,20,1.7453292519943295,0.5555555555555556,A,-88.71946140857261,-0.07426105544209205,0.6177381089176791,0.642072463439545,0.4193931445206589
1485,20,1.7453292519943295,0.5555555555555556,A,-88.77921282950265,-0.07424750780378997,0.6357604852955628,0.6442844080399924,0.0
1486,20,1.7453292519943295,0.5555555555555556,A,-88.8389783330631,-0.07424539862695773,0.6177395497096154,0.642073304128001,0.41939451683013707
1487,20,1.7453292519943295,0.5555555555555556,A,-88.89874989876623,-0.07423282676666182,0.6357604231250062,0.6442843759314397,0.0
1488,20,1.7453292519943295,0.5555555555555556,A,-88.95854651617564,-0.07424242301133077,0.6177377633292862,0.6420722588747232,0.41939281812929285
1489,20,1.7453292519943295,0.5555555555555556,A,-89.01834532513057,-0.07423801665103502,0.6357585949073068,0.6442834084536597,0.0
1490,20,1.7453292519943295,0.5555555555555556,A,-89.07816176406563,-0.074252837492781,0.6177369465118896,0.6420717718978125,0.41939204879354236
1491,20,1.7453292519943295,0.5555555555555556,A,-89.13797604694787,-0.07425874185557818,0.6357606330705478,0.6442844701789087,0.0
1492,20,1.7453292519943295,0.5555555555555556,A,-89.19779370546361,-0.07426927681370121,0.6177437731278542,0.6420757484817938,0.419398553367498
1493,20,1.7453292519943295,0.5555555555555556,A,-89.25761061085791,-0.07428200576710176,0.6357686841893729,0.6442886979598386,0.0
1494,20,1.7453292519943295,0.5555555555555556,A,-89.31741556566756,-0.07428212286043934,0.6177548678514171,0.6420822308920381,0.41940910685598487
1495,20,1.7453292519943295,0.5555555555555556,A,-89.37721991572293,-0.07429448467526212,0.6357754702169801,0.644292276032819,0.0
1496,20,1.7453292519943295,0.5555555555555556,A,-89.43700180970274,-0.07428476387820326,0.6177578016454314,0.6420839670213493,0.41941187940395475
1497,20,1.7453292519943295,0.5555555555555556,A,-89.49678257867245,-0.0742894269369404,0.6357719782349568,0.6442904649683641,0.0
1498,20,1.7453292519943295,0.5555555555555556,A,-89.55654545169288,-0.07427594633136164,0.6177464255477252,0.6420773465160482,0.4194010371147524
1499,20,1.7453292519943295,0.5555555555555556,A,-89.6163079529259,-0.07426961623636386,0.6357596228352946,0.6442839808430906,0.0
1500,20,1.7453292519943295,0.5555555555555556,A,-89.6760670931663,-0.07426008663006084,0.6177305818327801,0.6420680891559654,0.4193859652981537
