t,phi_index,phi,phi_over_pi,sequence,x_mean,deltaP,w_loc3_inst,w_loc5_inst,P0
0,20,1.7453292519943295,0.5555555555555556,ABB,0.0,0.0,0.9999999999999998,0.9999999999999998,0.9999999999999998
1,20,1.7453292519943295,0.5555555555555556,ABB,-0.13823013287718688,-0.13823013287718688,0.9999999999999998,0.9999999999999998,0.0
2,20,1.7453292519943295,0.5555555555555556,ABB,-0.04082845240410765,-0.020414226202053826,0.9999999999999999,0.9999999999999999,0.8523171049817972
3,20,1.7453292519943295,0.5555555555555556,ABB,0.46287605155065603,0.46890571560080757,0.9999999999999996,0.9999999999999996,0.0
4,20,1.7453292519943295,0.5555555555555556,ABB,1.222862061480742,0.613719328961765,0.9834457352115319,0.9999999999999997,0.2321739482463234
5,20,1.7453292519943295,0.5555555555555556,ABB,0.5010159996732311,0.3925391916867454,0.997555218251141,0.9999999999999998,0.0
6,20,1.7453292519943295,0.5555555555555556,ABB,1.1088451242479243,0.5493967552316414,0.9770022032826131,0.9996389475536406,0.3666310299945429
7,20,1.7453292519943295,0.5555555555555556,ABB,1.6171923380438469,0.8197685935887703,0.9825517792740287,0.999725956317313,0.0
8,20,1.7453292519943295,0.5555555555555556,ABB,1.3642543592839074,0.6331417521518653,0.9308421174685677,0.9972403865619107,0.24877453048211717
9,20,1.7453292519943295,0.5555555555555556,ABB,1.4395631304876941,0.6500253052480717,0.9666110096007396,0.9990511854938274,0.0
10,20,1.7453292519943295,0.5555555555555556,ABB,1.4864469022740132,0.4790957838840375,0.744614484346302,0.974167674651978,0.370615141655432
11,20,1.7453292519943295,0.5555555555555556,ABB,1.3086831570804913,0.6711535629902474,0.9426736925761039,0.9959812516939233,0.0
12,20,1.7453292519943295,0.5555555555555556,ABB,1.4010594356633796,0.4293306106650205,0.7366187996851905,0.9566474371525552,0.47638170817626857
13,20,1.7453292519943295,0.5555555555555556,ABB,1.1370025474904324,-0.009760384101299091,0.7892118814329441,0.9685833100023141,0.0
14,20,1.7453292519943295,0.5555555555555556,ABB,1.1427109538498355,0.3153322783266258,0.7760783916629377,0.9400769804419395,0.3419783982473872
15,20,1.7453292519943295,0.5555555555555556,ABB,1.4545770486073855,0.14619601476539756,0.7990932511561515,0.9525089789412242,0.0
16,20,1.7453292519943295,0.5555555555555556,ABB,1.903865665396963,0.41048975868785487,0.6133692665924612,0.8187270592851011,0.3401384280781959
17,20,1.7453292519943295,0.5555555555555556,ABB,1.3924820880165354,0.2351055239984735,0.8091148072085274,0.9436063081185769,0.0
18,20,1.7453292519943295,0.5555555555555556,ABB,1.8761384980359512,0.3752427772622774,0.583828529154287,0.815666118154063,0.44766431101217175
19,20,1.7453292519943295,0.5555555555555556,ABB,2.384149588829908,0.6878981624070819,0.6629894762390101,0.8290308001659823,0.0
20,20,1.7453292519943295,0.5555555555555556,ABB,2.1376922555050624,0.5134144613513228,0.5968887707976824,0.8090203847532597,0.27090115675596305
21,20,1.7453292519943295,0.5555555555555556,ABB,2.3585191547603763,0.489772615443167,0.6538576176781568,0.8122417094791701,0.0
22,20,1.7453292519943295,0.5555555555555556,ABB,2.7698460719944795,0.563135608310242,0.6066016157056593,0.6882655839852243,0.15269951117729588
23,20,1.7453292519943295,0.5555555555555556,ABB,2.1284617845969636,0.45186262189798476,0.6701730719462329,0.7994809787497689,0.0
24,20,1.7453292519943295,0.5555555555555556,ABB,2.780994213453114,0.5288298138796692,0.5562396683197208,0.6996061278408024,0.25509976719932076
25,20,1.7453292519943295,0.5555555555555556,ABB,3.0608985483778133,0.43727086420312844,0.6529992195035215,0.7109045751941301,0.0
26,20,1.7453292519943295,0.5555555555555556,ABB,2.5711136348733516,0.4603931109687579,0.639995623231495,0.7048433693247119,0.22314411410620455
27,20,1.7453292519943295,0.5555555555555556,ABB,3.220299013093439,0.5957525396082389,0.6506746861259458,0.7262935547073983,0.0
28,20,1.7453292519943295,0.5555555555555556,ABB,3.599156868266906,0.6323958811078363,0.4174585328939847,0.7063034945454878,0.1344697838563805
29,20,1.7453292519943295,0.5555555555555556,ABB,3.1174701689904962,0.5434494830926588,0.7008687125367196,0.7301639555226381,0.0
30,20,1.7453292519943295,0.5555555555555556,ABB,3.5850240182470476,0.6244120842795109,0.41456110351349273,0.7129652415727304,0.10529953065995556
31,20,1.7453292519943295,0.5555555555555556,ABB,3.7429715320019765,0.7076181706485188,0.5389154507350564,0.7329099596186073,0.0
32,20,1.7453292519943295,0.5555555555555556,ABB,3.769218282110053,0.7056709432186976,0.3918009876482449,0.7271037603396647,0.021718071411986055
33,20,1.7453292519943295,0.5555555555555556,ABB,3.8633026882231225,0.6938222032916268,0.5114414728829607,0.7300729995175264,0.0
34,20,1.7453292519943295,0.5555555555555556,ABB,3.9333434385467174,0.5473672251460541,0.497810028053371,0.5786595426819408,0.17343202334004174
35,20,1.7453292519943295,0.5555555555555556,ABB,3.7495906161456234,0.6477508783101965,0.5280908258975224,0.7217578916874828,0.0
36,20,1.7453292519943295,0.5555555555555556,ABB,3.8815787999345766,0.46085339010230797,0.4240920806264644,0.5873190837712148,0.26733719260198674
37,20,1.7453292519943295,0.5555555555555556,ABB,3.9565844233657863,0.29849268114727456,0.5573957991358248,0.6179890661186215,0.0
38,20,1.7453292519943295,0.5555555555555556,ABB,3.7456787529023723,0.422978481297391,0.5107594423282648,0.6019005188476011,0.17590664502107253
39,20,1.7453292519943295,0.5555555555555556,ABB,4.015305885499202,0.367947231982799,0.5280823524208645,0.6475779376137419,0.0
40,20,1.7453292519943295,0.5555555555555556,ABB,4.337217899731426,0.4555560718805677,0.3400396157033493,0.6276836013776703,0.10544085470233396
41,20,1.7453292519943295,0.5555555555555556,ABB,3.8963335850003027,0.4169693241361501,0.6006203064443152,0.6552020245337332,0.0
42,20,1.7453292519943295,0.5555555555555556,ABB,4.254486726523147,0.4138400434099684,0.32743249493566723,0.6199143087910662,0.15009256425123213
43,20,1.7453292519943295,0.5555555555555556,ABB,4.48073580658412,0.4289717572289097,0.45841049416695073,0.6605072170563724,0.0
44,20,1.7453292519943295,0.5555555555555556,ABB,4.129439375063416,0.40509616195518694,0.3344795665533341,0.6494626201014888,0.12353348198970635
45,20,1.7453292519943295,0.5555555555555556,ABB,4.479064530036145,0.3443362098151619,0.41982565988869897,0.6587791679293008,0.0
46,20,1.7453292519943295,0.5555555555555556,ABB,4.72334305132835,0.38388160710358926,0.3892406794570769,0.5172155873768141,0.15344247661222113
47,20,1.7453292519943295,0.5555555555555556,ABB,4.361682630843255,0.41038980732520336,0.44235098947515045,0.655954145377569,0.0
48,20,1.7453292519943295,0.5555555555555556,ABB,4.787746783931543,0.39248921209015264,0.3306147572270985,0.5140193394153817,0.16132565437691254
49,20,1.7453292519943295,0.5555555555555556,ABB,4.805982807708586,0.24626162093316617,0.4809445217561608,0.5768699817166205,0.0
50,20,1.7453292519943295,0.5555555555555556,ABB,4.604338979812967,0.3055065251750356,0.40133135229644323,0.5402211657169675,0.1159109557183012
51,20,1.7453292519943295,0.5555555555555556,ABB,4.9410328857058285,0.26634227751407735,0.44091758265996306,0.599810660351064,0.0
52,20,1.7453292519943295,0.5555555555555556,ABB,5.163708374489907,0.3941394254700411,0.3210058879517123,0.5662566717532432,0.17640190261740835
53,20,1.7453292519943295,0.5555555555555556,ABB,4.955406271898418,0.35781103827789457,0.5059893039588159,0.6185315668378165,0.0
54,20,1.7453292519943295,0.5555555555555556,ABB,5.223288139895751,0.36709544373356295,0.2530180118909575,0.5368102913912169,0.18239249240346878
55,20,1.7453292519943295,0.5555555555555556,ABB,5.4531207594012745,0.4406147641595131,0.39875980197320404,0.6003042920801599,0.0
56,20,1.7453292519943295,0.5555555555555556,ABB,5.302958640305898,0.42983966293796627,0.25283979689909203,0.5705396262456474,0.12524898556067582
57,20,1.7453292519943295,0.5555555555555556,ABB,5.512671852768245,0.34941395267057246,0.3239192593813405,0.5897949309451431,0.0
58,20,1.7453292519943295,0.5555555555555556,ABB,5.771227145559113,0.36241218976390477,0.3104085001489608,0.45515448598401775,0.06798285189994589
59,20,1.7453292519943295,0.5555555555555556,ABB,5.338004133957817,0.308673084163166,0.35732645706948274,0.588563530177297,0.0
60,20,1.7453292519943295,0.5555555555555556,ABB,5.826769984206891,0.36905401112275227,0.2725158661081907,0.42873640287149006,0.12014834632781443
61,20,1.7453292519943295,0.5555555555555556,ABB,6.120176902788138,0.4214878860184327,0.40288174885674005,0.5349361854140487,0.0
62,20,1.7453292519943295,0.5555555555555556,ABB,5.768526781503317,0.3603679393596856,0.36244842411139455,0.4681860604911455,0.10357984280075808
63,20,1.7453292519943295,0.5555555555555556,ABB,6.188353450372141,0.4605706688403075,0.37420536404256505,0.5421763424897456,0.0
64,20,1.7453292519943295,0.5555555555555556,ABB,6.437996590774734,0.4695504856536891,0.22819306887225227,0.5063454933838855,0.03799649344981175
65,20,1.7453292519943295,0.5555555555555556,ABB,6.152757466882024,0.4417313908520935,0.44792547106117714,0.5757865689011692,0.0
66,20,1.7453292519943295,0.5555555555555556,ABB,6.492302956384715,0.4518626004757816,0.22057421720787324,0.4692460340224169,0.017944355051293708
67,20,1.7453292519943295,0.5555555555555556,ABB,6.634089701198734,0.4460962554991608,0.3393526387265784,0.5468994073136888,0.0
68,20,1.7453292519943295,0.5555555555555556,ABB,6.484382142003572,0.4600859681233839,0.19088425576664664,0.507217625988476,0.024607035509965316
69,20,1.7453292519943295,0.5555555555555556,ABB,6.758483659868109,0.4645924372016414,0.27616826501273417,0.5255486605052972,0.0
70,20,1.7453292519943295,0.5555555555555556,ABB,6.887915554931957,0.3805713813008105,0.2669390214029251,0.4000178818090753,0.09199956287094516
71,20,1.7453292519943295,0.5555555555555556,ABB,6.733984366214892,0.45821108554211465,0.2822285135452574,0.5289784177351504,0.0
72,20,1.7453292519943295,0.5555555555555556,ABB,6.968080896498846,0.37854401031520535,0.215093982794547,0.36077955046224686,0.10544342205651669
73,20,1.7453292519943295,0.5555555555555556,ABB,7.06014742357901,0.32223347005720515,0.344754474759341,0.48936302443511137,0.0
74,20,1.7453292519943295,0.5555555555555556,ABB,6.933827947866192,0.35989672294200015,0.2688030535249236,0.3979466471536697,0.054277709792044854
75,20,1.7453292519943295,0.5555555555555556,ABB,7.13082555622691,0.32884052750928366,0.30040202039895564,0.480410254412028,0.0
76,20,1.7453292519943295,0.5555555555555556,ABB,7.31264063149156,0.3598951390146142,0.19971112061453986,0.442514803439181,0.09029276541418955
77,20,1.7453292519943295,0.5555555555555556,ABB,7.100437477984012,0.39199723836819883,0.3748838804566736,0.525020813551466,0.0
78,20,1.7453292519943295,0.5555555555555556,ABB,7.27628576756141,0.3134274070469303,0.18882129239887793,0.39511577755071037,0.11874120172726278
79,20,1.7453292519943295,0.5555555555555556,ABB,7.442975813011065,0.27589583565447234,0.28111912484860735,0.49434290978612533,0.0
80,20,1.7453292519943295,0.5555555555555556,ABB,7.155222264495987,0.3090545508139638,0.1901727873209824,0.43918810617473264,0.11834213878380305
81,20,1.7453292519943295,0.5555555555555556,ABB,7.415373369428721,0.217823612735438,0.23410503019690299,0.4594857176839889,0.0
82,20,1.7453292519943295,0.5555555555555556,ABB,7.642808658330649,0.25739612485714114,0.2097619625390068,0.35153794358650237,0.05781411144464256
83,20,1.7453292519943295,0.5555555555555556,ABB,7.304878156269069,0.2493450841541271,0.23890562806957813,0.4684847211101695,0.0
84,20,1.7453292519943295,0.5555555555555556,ABB,7.751680437779184,0.29296746959834624,0.1851234827150167,0.3083144851390132,0.06614449160302602
85,20,1.7453292519943295,0.5555555555555556,ABB,7.9122534128653985,0.2807780927345158,0.2960579953899619,0.44608008024644213,0.0
86,20,1.7453292519943295,0.5555555555555556,ABB,7.673653998373787,0.24848299791432904,0.22546951368151202,0.3433744874533949,0.058240669533676875
87,20,1.7453292519943295,0.5555555555555556,ABB,8.07084098523038,0.2622148740213688,0.26117221465349283,0.421244627381538,0.0
88,20,1.7453292519943295,0.5555555555555556,ABB,8.3088448401886,0.3545285755774422,0.19366923896534324,0.3859479814215385,0.12518947655121923
89,20,1.7453292519943295,0.5555555555555556,ABB,8.149735929464892,0.3434788055993326,0.316270400693503,0.4736914630911274,0.0
90,20,1.7453292519943295,0.5555555555555556,ABB,8.42934557231451,0.34092895968251574,0.1705546450583369,0.3347179790780504,0.10765425275214058
91,20,1.7453292519943295,0.5555555555555556,ABB,8.561318765693686,0.3335585217936302,0.244985147578427,0.4361036603350338,0.0
92,20,1.7453292519943295,0.5555555555555556,ABB,8.413169997612458,0.3492443901279912,0.15724225426354033,0.37252270410449073,0.09325022580869699
93,20,1.7453292519943295,0.5555555555555556,ABB,8.634184624232388,0.2904272098603774,0.19129481581679147,0.39153430318313637,0.0
94,20,1.7453292519943295,0.5555555555555556,ABB,8.82018122096068,0.30069684578374395,0.18400813132185587,0.298387588527078,0.06303710078944771
95,20,1.7453292519943295,0.5555555555555556,ABB,8.554130452401292,0.28717095129528253,0.19440230160220318,0.40099162878203654,0.0
96,20,1.7453292519943295,0.5555555555555556,ABB,8.95292998651371,0.3338424199073365,0.16829628190957555,0.24945644931818395,0.08523456135148551
97,20,1.7453292519943295,0.5555555555555556,ABB,9.2373174013592,0.4163279409318621,0.24484319006877225,0.39251618487327505,0.0
98,20,1.7453292519943295,0.5555555555555556,ABB,8.940141154356738,0.34995507063477543,0.214004478079042,0.28167221311729385,0.06808022996121751
99,20,1.7453292519943295,0.5555555555555556,ABB,9.283847290954874,0.3957400416511835,0.23001752973180062,0.35589065268137376,0.0
100,20,1.7453292519943295,0.5555555555555556,ABB,9.520691857395363,0.3911256998562212,0.15157170715465013,0.32908010502349677,0.030332747818801725
101,20,1.7453292519943295,0.5555555555555556,ABB,9.249699814823881,0.3732023199183859,0.285480872800489,0.4119638160816241,0.0
102,20,1.7453292519943295,0.5555555555555556,ABB,9.581134756844598,0.37464835625764886,0.17198590339562445,0.2929121637049978,0.029702130965050297
103,20,1.7453292519943295,0.5555555555555556,ABB,9.741372472186743,0.362020833324178,0.21320626533541914,0.3800525423613457,0.0
104,20,1.7453292519943295,0.5555555555555556,ABB,9.53255134446343,0.37197302541034005,0.14625703936009132,0.32645769413953263,0.043548657716483585
105,20,1.7453292519943295,0.5555555555555556,ABB,9.817104462859538,0.39087403653670805,0.18144927945037337,0.3366515653264861,0.0
106,20,1.7453292519943295,0.5555555555555556,ABB,9.977432993746802,0.34937454935779433,0.15417826021628345,0.25553492457783206,0.04197437766986682
107,20,1.7453292519943295,0.5555555555555556,ABB,9.77554951853524,0.38306706098110044,0.1590069158036951,0.3478498182905946,0.0
108,20,1.7453292519943295,0.5555555555555556,ABB,10.083398346798596,0.36057151586496233,0.14028699361780403,0.20997702436368731,0.03522031262586889
109,20,1.7453292519943295,0.5555555555555556,ABB,10.230510804457879,0.3382426017572367,0.20805009775104907,0.3353608344608259,0.0
110,20,1.7453292519943295,0.5555555555555556,ABB,10.033824395023471,0.34384532124647726,0.14678333675052238,0.22899854487719667,0.013372257199197603
111,20,1.7453292519943295,0.5555555555555556,ABB,10.33233718942613,0.33541551821391197,0.18933206478329168,0.2953434994276977,0.0
112,20,1.7453292519943295,0.5555555555555556,ABB,10.536343301962294,0.3520370116460586,0.14567633541186026,0.27569084089456686,0.1028396349494749
113,20,1.7453292519943295,0.5555555555555556,ABB,10.368785191616261,0.40154686689610175,0.23413539943882813,0.3477942549833346,0.0
114,20,1.7453292519943295,0.5555555555555556,ABB,10.551133955091526,0.3218138709581429,0.1563408132354767,0.24383975887812537,0.10956173722652794
115,20,1.7453292519943295,0.5555555555555556,ABB,10.627740294099254,0.25094842911577386,0.18146317775214427,0.3288671322990887,0.0
116,20,1.7453292519943295,0.5555555555555556,ABB,10.432702003823344,0.29737486920218303,0.15657847498821956,0.27600518414666964,0.10149534990917922
117,20,1.7453292519943295,0.5555555555555556,ABB,10.602844748920873,0.20157149331642815,0.16738248010034812,0.28386784436030615,0.0
118,20,1.7453292519943295,0.5555555555555556,ABB,10.761041131941413,0.2413542201111531,0.13995757007607762,0.22177566641868518,0.061258521716656945
119,20,1.7453292519943295,0.5555555555555556,ABB,10.50977994154439,0.2452909610441728,0.15291671765615378,0.2944279884940788,0.0
120,20,1.7453292519943295,0.5555555555555556,ABB,10.875140726946345,0.26971925334806046,0.1382759465692765,0.1874110478475164,0.07415231690786764
121,20,1.7453292519943295,0.5555555555555556,ABB,11.0796141391554,0.2793710649419354,0.18456726619673772,0.2877851051459637,0.0
122,20,1.7453292519943295,0.5555555555555556,ABB,10.765589103967638,0.24579206285362387,0.14881362150275168,0.19792677499325487,0.07031373904148011
123,20,1.7453292519943295,0.5555555555555556,ABB,11.172552672477693,0.2276228914991097,0.1780325652207293,0.2498817855482529,0.0
124,20,1.7453292519943295,0.5555555555555556,ABB,11.453189294085517,0.3115166533827815,0.15042213836213617,0.23573729016305175,0.09411456418263499
125,20,1.7453292519943295,0.5555555555555556,ABB,11.197970482828477,0.2774827489402193,0.20609649358794954,0.2960989920459143,0.0
126,20,1.7453292519943295,0.5555555555555556,ABB,11.603040090388877,0.3169198067934783,0.15546388416355583,0.21485199389862938,0.07964578428020912
127,20,1.7453292519943295,0.5555555555555556,ABB,11.753817686082556,0.32044551670835353,0.17139419007138365,0.27797994120381625,0.0
128,20,1.7453292519943295,0.5555555555555556,ABB,11.55968944851473,0.30178390122141,0.14645185393283594,0.23688566599300412,0.06932884424342811
129,20,1.7453292519943295,0.5555555555555556,ABB,11.854853924781512,0.3031624359743628,0.15440499504511795,0.24041117315983374,0.0
130,20,1.7453292519943295,0.5555555555555556,ABB,12.054681984408052,0.3382906878976426,0.13086409522972564,0.19037951494723174,0.0684994936465042
131,20,1.7453292519943295,0.5555555555555556,ABB,11.820627905758705,0.3197855337731596,0.13953087925849258,0.24741735774419515,0.0
132,20,1.7453292519943295,0.5555555555555556,ABB,12.184517800707233,0.36131984343797907,0.12787725874799938,0.16165514347001841,0.05938125716614405
133,20,1.7453292519943295,0.5555555555555556,ABB,12.432319681549508,0.4174333024810222,0.15649662397978698,0.24081025932331612,0.0
134,20,1.7453292519943295,0.5555555555555556,ABB,12.135476880591536,0.37385704584156576,0.13257108442646476,0.16579859762602578,0.05003333516049124
135,20,1.7453292519943295,0.5555555555555556,ABB,12.457290470024052,0.39394886784520683,0.15917319035052319,0.20790898868656488,0.0
136,20,1.7453292519943295,0.5555555555555556,ABB,12.670655941485855,0.36334186658412526,0.12733081258594098,0.19854135553839006,0.03752628870835983
137,20,1.7453292519943295,0.5555555555555556,ABB,12.420464307201069,0.3695911051214925,0.18525295596704455,0.24483455227331125,0.0
138,20,1.7453292519943295,0.5555555555555556,ABB,12.744420637695807,0.359269048905778,0.15063627651033024,0.19288573616642934,0.04029709072796849
139,20,1.7453292519943295,0.5555555555555556,ABB,12.896398574195317,0.35180197285087067,0.1561502946037962,0.23585833532869266,0.0
140,20,1.7453292519943295,0.5555555555555556,ABB,12.716521382415392,0.35626684422617105,0.14356329576713917,0.21125671757737066,0.03867495525054398
141,20,1.7453292519943295,0.5555555555555556,ABB,12.94686642822317,0.36420698853655675,0.15461069991732998,0.21164903761799006,0.0
142,20,1.7453292519943295,0.5555555555555556,ABB,13.087017349566471,0.3334484837508716,0.11015059236373702,0.17037054049163808,0.032772536198487266
143,20,1.7453292519943295,0.5555555555555556,ABB,12.887471529524037,0.35401934865375817,0.1334641178384668,0.21743209202987163,0.0
144,20,1.7453292519943295,0.5555555555555556,ABB,13.154749249131635,0.32801501434596764,0.11572133893423944,0.15108729167138213,0.030945281914612745
145,20,1.7453292519943295,0.5555555555555556,ABB,13.30649427898105,0.30121962057327417,0.14122353340820093,0.20259592467627904,0.0
146,20,1.7453292519943295,0.5555555555555556,ABB,13.04619502476399,0.30963838029617735,0.10139526428274562,0.14609916503584186,0.025083051525736567
147,20,1.7453292519943295,0.5555555555555556,ABB,13.38389022263314,0.2978829683921094,0.14115675151461254,0.17823153245924736,0.0
148,20,1.7453292519943295,0.5555555555555556,ABB,13.61885895998078,0.3206124868614482,0.12683867066987817,0.1726071305653971,0.08628622332396199
149,20,1.7453292519943295,0.5555555555555556,ABB,13.398459151391716,0.3563384909312789,0.15668164888385966,0.20347265381044735,0.0
150,20,1.7453292519943295,0.5555555555555556,ABB,13.698003770169947,0.31617503888571274,0.13774163086789262,0.17046137045886053,0.07923542742933312
151,20,1.7453292519943295,0.5555555555555556,ABB,13.798732851262194,0.2649823013813441,0.14592948544638448,0.20631354103847582,0.0
152,20,1.7453292519943295,0.5555555555555556,ABB,13.593381468635322,0.27566016764947304,0.14478964451833815,0.18693803376117735,0.06630395951885552
153,20,1.7453292519943295,0.5555555555555556,ABB,13.826989054343658,0.22289895206381632,0.14975369885768403,0.18839789713266594,0.0
154,20,1.7453292519943295,0.5555555555555556,ABB,13.989334336839075,0.27255277527090666,0.11898352461495704,0.15929949500584195,0.08911984025921887
155,20,1.7453292519943295,0.5555555555555556,ABB,13.808069528768701,0.28854154586183367,0.14160421052139718,0.19223198945092287,0.0
156,20,1.7453292519943295,0.5555555555555556,ABB,14.079963263728276,0.28649038461042453,0.11569350259425622,0.14972662022903835,0.08485974068116389
157,20,1.7453292519943295,0.5555555555555556,ABB,14.235679177636243,0.2785082438491024,0.1347056186412921,0.17889258258734067,0.0
158,20,1.7453292519943295,0.5555555555555556,ABB,13.955103569179629,0.2703621527556578,0.11230896249871614,0.14173894620957975,0.08352805069024899
159,20,1.7453292519943295,0.5555555555555556,ABB,14.259802939005414,0.22016208046996089,0.13540271627638434,0.16329231771223215,0.0
160,20,1.7453292519943295,0.5555555555555556,ABB,14.49044080290313,0.2661713745273522,0.12915880465590057,0.155758139280031,0.060048643821443516
161,20,1.7453292519943295,0.5555555555555556,ABB,14.204575625581391,0.24087254803461194,0.1427470384440343,0.17879093584017136,0.0
162,20,1.7453292519943295,0.5555555555555556,ABB,14.647316791073855,0.28584335494389385,0.13205030199949214,0.1588198574662426,0.059200837762962234
163,20,1.7453292519943295,0.5555555555555556,ABB,14.868508888861859,0.3214587290851293,0.1443523105691684,0.1794552933173892,0.0
164,20,1.7453292519943295,0.5555555555555556,ABB,14.631139587480877,0.27983936241978535,0.13814708446450932,0.16935269611091822,0.04795967562317546
165,20,1.7453292519943295,0.5555555555555556,ABB,14.981270304283232,0.3041044899419176,0.1423729767816297,0.17320447288440796,0.0
166,20,1.7453292519943295,0.5555555555555556,ABB,15.210146548410346,0.3431748540755778,0.10650313523273364,0.14962263707270027,0.05921544225989495
167,20,1.7453292519943295,0.5555555555555556,ABB,14.9763195734836,0.3117631496729619,0.13941130491031312,0.175330013609086,0.0
168,20,1.7453292519943295,0.5555555555555556,ABB,15.310545391936337,0.3489917401567532,0.11048102013388361,0.14264277744422102,0.041005649277959036
169,20,1.7453292519943295,0.5555555555555556,ABB,15.507235653043608,0.3824754303100446,0.12329546071207798,0.16050309317424968,0.0
170,20,1.7453292519943295,0.5555555555555556,ABB,15.244572661401586,0.3506661704886319,0.10159789351807036,0.13518387728448233,0.04344752923052331
171,20,1.7453292519943295,0.5555555555555556,ABB,15.549099294041609,0.3802148245333861,0.1262956865381999,0.1505315647127172,0.0
172,20,1.7453292519943295,0.5555555555555556,ABB,15.746818006271502,0.34575984850473634,0.11278436096221389,0.1423930723843103,0.03539275139474081
173,20,1.7453292519943295,0.5555555555555556,ABB,15.514009011049879,0.3731114847344313,0.1314852293364611,0.1574170142157692,0.0
174,20,1.7453292519943295,0.5555555555555556,ABB,15.851274493382295,0.3582454650038781,0.12280242785406267,0.14873057947857624,0.02950074100003682
175,20,1.7453292519943295,0.5555555555555556,ABB,16.03196982696985,0.359340323903496,0.13641267660104847,0.16295109428288057,0.0
176,20,1.7453292519943295,0.5555555555555556,ABB,15.829161937243043,0.3514997216501165,0.12590486691076655,0.1580278216123789,0.024195744574511235
177,20,1.7453292519943295,0.5555555555555556,ABB,16.07558864532806,0.35217192425346944,0.13994805205162464,0.16508847694951284,0.0
178,20,1.7453292519943295,0.5555555555555556,ABB,16.2084563424715,0.31618423191492656,0.09997062998153902,0.1457241420007073,0.04633394474339984
179,20,1.7453292519943295,0.5555555555555556,ABB,16.05960946872898,0.3501092384201708,0.13920175489058093,0.1676796887913597,0.0
180,20,1.7453292519943295,0.5555555555555556,ABB,16.258300911539035,0.3048695865575272,0.10599714907657472,0.14307767550258874,0.04701922980906906
181,20,1.7453292519943295,0.5555555555555556,ABB,16.367552992237012,0.27104982859359883,0.11985687690271028,0.1510782310574766,0.0
182,20,1.7453292519943295,0.5555555555555556,ABB,16.156102776070085,0.2921593687844779,0.09480331360258798,0.13520591055193432,0.04541263717710227
183,20,1.7453292519943295,0.5555555555555556,ABB,16.409633013587666,0.26347138047244284,0.11932976106993319,0.1463077977989857,0.0
184,20,1.7453292519943295,0.5555555555555556,ABB,16.613350576106235,0.2773504197501797,0.10916353709600103,0.13617690105990132,0.050812080464228415
185,20,1.7453292519943295,0.5555555555555556,ABB,16.34950208673022,0.30154507668629077,0.11871482099058338,0.1466663059337002,0.0
186,20,1.7453292519943295,0.5555555555555556,ABB,16.709057282062464,0.28406158265528886,0.11256348341127602,0.13999185220708207,0.0501120883760142
187,20,1.7453292519943295,0.5555555555555556,ABB,16.89780009633151,0.26720356552582897,0.13319068872124012,0.15503167786723332,0.0
188,20,1.7453292519943295,0.5555555555555556,ABB,16.61682184036577,0.2510549655667317,0.119997940797655,0.14807176483467802,0.04256742831260306
189,20,1.7453292519943295,0.5555555555555556,ABB,16.969303478653572,0.234487623924845,0.13517174616327415,0.15884741588043005,0.0
190,20,1.7453292519943295,0.5555555555555556,ABB,17.1958464997831,0.292841972399715,0.1101866718946605,0.1462873759525501,0.09407480771779865
191,20,1.7453292519943295,0.5555555555555556,ABB,17.018134402385797,0.3024020869344031,0.1421580363236026,0.16207294747345136,0.0
192,20,1.7453292519943295,0.5555555555555556,ABB,17.28915710910579,0.3017891411226726,0.10619191890556234,0.14484639257631193,0.07496915105499591
193,20,1.7453292519943295,0.5555555555555556,ABB,17.40000391075776,0.2844215408225277,0.12031631032454308,0.15000163924309856,0.0
194,20,1.7453292519943295,0.5555555555555556,ABB,17.19361167106041,0.2802051689662932,0.10347286609631492,0.14045247016021298,0.0774993833489131
195,20,1.7453292519943295,0.5555555555555556,ABB,17.424897247976816,0.23909394692658414,0.11629399089532297,0.14698326463883965,0.0
196,20,1.7453292519943295,0.5555555555555556,ABB,17.59722979339685,0.2601366920669318,0.11215572992954814,0.13248833724379766,0.051850193491103876
197,20,1.7453292519943295,0.5555555555555556,ABB,17.35741085567541,0.2650436775094269,0.113151743543724,0.14424286265000347,0.0
198,20,1.7453292519943295,0.5555555555555556,ABB,17.74003028658435,0.28583383061512346,0.10685486472982879,0.13309839507304083,0.05408348829718705
199,20,1.7453292519943295,0.5555555555555556,ABB,17.98365025898595,0.3234199568810605,0.12993606780281414,0.14647316599196944,0.0
200,20,1.7453292519943295,0.5555555555555556,ABB,17.71715503360896,0.2900059621871208,0.11488865461635533,0.13739925312997092,0.04738444938055089
201,20,1.7453292519943295,0.5555555555555556,ABB,18.063833958780855,0.29009111561805717,0.12695012895306584,0.15285637524704554,0.0
202,20,1.7453292519943295,0.5555555555555556,ABB,18.290684705704315,0.30957333540149756,0.10023301558830629,0.14265930117387093,0.04740859793597964
203,20,1.7453292519943295,0.5555555555555556,ABB,18.06008565576372,0.2816427657438716,0.1387825757938463,0.1562334237282157,0.0
204,20,1.7453292519943295,0.5555555555555556,ABB,18.40099211406651,0.3142938534499166,0.10911268289229428,0.14093742056577294,0.04035491159726149
205,20,1.7453292519943295,0.5555555555555556,ABB,18.587558276991764,0.3488587294741799,0.11725131004756217,0.14871119674164454,0.0
206,20,1.7453292519943295,0.5555555555555556,ABB,18.365983675060995,0.3153271567810435,0.10599045526202504,0.14112605232370345,0.04247992642621732
207,20,1.7453292519943295,0.5555555555555556,ABB,18.656408648523144,0.356851560654974,0.11698944885670737,0.14580875359193096,0.0
208,20,1.7453292519943295,0.5555555555555556,ABB,18.858463585402273,0.3405492645552552,0.09828955386305263,0.1299017999194528,0.028175247211806555
209,20,1.7453292519943295,0.5555555555555556,ABB,18.612091629055328,0.35879633901221814,0.11207977633673623,0.14213491292144817,0.0
210,20,1.7453292519943295,0.5555555555555556,ABB,18.955880380763105,0.3537617835076866,0.10292488568874225,0.12921126239454214,0.01705911680917045
211,20,1.7453292519943295,0.5555555555555556,ABB,19.16948630425108,0.3620729791311235,0.12428531280768576,0.14255658530663692,0.0
212,20,1.7453292519943295,0.5555555555555556,ABB,18.899597837941023,0.3441287443161297,0.09787839416599739,0.13146168653778686,0.018956306898570474
213,20,1.7453292519943295,0.5555555555555556,ABB,19.217468656557088,0.356432569517112,0.12288516052650725,0.1482192527906312,0.0
214,20,1.7453292519943295,0.5555555555555556,ABB,19.39023714777412,0.32131826944612635,0.10006703979540045,0.14030514574709319,0.05558171439964078
215,20,1.7453292519943295,0.5555555555555556,ABB,19.243342492165574,0.36717576202872715,0.13185574320875965,0.15248203011180014,0.0
216,20,1.7453292519943295,0.5555555555555556,ABB,19.46377342588898,0.3194230872822971,0.10452818621675539,0.13844177959102388,0.04947493482612825
217,20,1.7453292519943295,0.5555555555555556,ABB,19.558182439393917,0.2839183397096546,0.11518579609575073,0.14922563031983982,0.0
218,20,1.7453292519943295,0.5555555555555556,ABB,19.40588327665531,0.3062168116997467,0.10181883532639335,0.1411849534897377,0.04587155205137911
219,20,1.7453292519943295,0.5555555555555556,ABB,19.58413304086625,0.2685473447949427,0.1133467551544779,0.14596386218712065,0.0
220,20,1.7453292519943295,0.5555555555555556,ABB,19.725758675385446,0.2647155435195697,0.09582723970495172,0.12817583783310166,0.04236609268297374
221,20,1.7453292519943295,0.5555555555555556,ABB,19.50417895300898,0.29704432543187387,0.10761785614910259,0.14292988972834814,0.0
222,20,1.7453292519943295,0.5555555555555556,ABB,19.792488596214895,0.2668027474441063,0.09727965874023589,0.12451555191501332,0.0510663992348409
223,20,1.7453292519943295,0.5555555555555556,ABB,19.98684987278433,0.25304032004508725,0.12030658942818946,0.14080182528677335,0.0
224,20,1.7453292519943295,0.5555555555555556,ABB,19.683904945889036,0.2481851359155181,0.09708192502163875,0.12495190413179401,0.048811989774964044
225,20,1.7453292519943295,0.5555555555555556,ABB,20.051670178924788,0.22080204402190096,0.11858651824659251,0.1429033866729903,0.0
226,20,1.7453292519943295,0.5555555555555556,ABB,20.315409176762635,0.2767407693502384,0.10577058717021981,0.13919931035960773,0.07566428659581644
227,20,1.7453292519943295,0.5555555555555556,ABB,20.07694153993343,0.2734217544071805,0.12874615200859876,0.1472473006782995,0.0
228,20,1.7453292519943295,0.5555555555555556,ABB,20.43806945335147,0.2898815193277183,0.10802194804162454,0.13673320396162736,0.062211306698081906
229,20,1.7453292519943295,0.5555555555555556,ABB,20.592332362200207,0.2881418485475701,0.11820486685730246,0.1508561376552576,0.0
230,20,1.7453292519943295,0.5555555555555556,ABB,20.376818903834415,0.2627190463524004,0.11125408217213718,0.14271658388505257,0.06200589187390964
231,20,1.7453292519943295,0.5555555555555556,ABB,20.655734239182046,0.254361066642149,0.11549737502898845,0.14575541925107194,0.0
232,20,1.7453292519943295,0.5555555555555556,ABB,20.841617127534235,0.29079077319304913,0.10290886801487421,0.12772749654384807,0.0664754925507482
233,20,1.7453292519943295,0.5555555555555556,ABB,20.639985080178356,0.29958464240242416,0.11011731083366706,0.14483995662479746,0.0
234,20,1.7453292519943295,0.5555555555555556,ABB,20.960815843620153,0.3131685264478556,0.0974707323180769,0.1211451667811093,0.05615635722560867
235,20,1.7453292519943295,0.5555555555555556,ABB,21.162614542121574,0.3345954169327483,0.11643688530261478,0.13643334609609437,0.0
236,20,1.7453292519943295,0.5555555555555556,ABB,20.89228779991112,0.31271489662561186,0.09499748360713828,0.11805573256408755,0.057235316915197634
237,20,1.7453292519943295,0.5555555555555556,ABB,21.204757182974426,0.29693861654666637,0.11178612007499134,0.1356969940631656,0.0
238,20,1.7453292519943295,0.5555555555555556,ABB,21.411016691074522,0.29216719910521943,0.10132013831700878,0.1319390153101981,0.04094799357540793
239,20,1.7453292519943295,0.5555555555555556,ABB,21.174573585769224,0.2862292236640929,0.12184297161173475,0.13851006242262784,0.0
240,20,1.7453292519943295,0.5555555555555556,ABB,21.545910164774853,0.3076820978828965,0.10951897754646359,0.13035501763097548,0.04209702068412832
241,20,1.7453292519943295,0.5555555555555556,ABB,21.762263673014846,0.34733035112919214,0.11551383605206875,0.1470590916318311,0.0
242,20,1.7453292519943295,0.5555555555555556,ABB,21.55162222076163,0.3150977571936171,0.11322252631096806,0.1383910464473306,0.036843591482578875
243,20,1.7453292519943295,0.5555555555555556,ABB,21.831079815844916,0.34556901176232724,0.11743902386418503,0.1426438300716564,0.0
244,20,1.7453292519943295,0.5555555555555556,ABB,22.020764057314704,0.33428863234596123,0.08923768642516072,0.1251502907151309,0.02640914903575305
245,20,1.7453292519943295,0.5555555555555556,ABB,21.78716305315919,0.3367412333979683,0.11296407296809631,0.1442269565107198,0.0
246,20,1.7453292519943295,0.5555555555555556,ABB,22.087169582056646,0.3344773540470086,0.09816419415263199,0.12038941212038388,0.020308545403228503
247,20,1.7453292519943295,0.5555555555555556,ABB,22.284107676905094,0.3426538505597325,0.11181833302183909,0.1323726240967975,0.0
248,20,1.7453292519943295,0.5555555555555556,ABB,21.999270165284827,0.3274089110438457,0.08455980608776067,0.11560955652086641,0.026155359135578714
249,20,1.7453292519943295,0.5555555555555556,ABB,22.3376080421574,0.34967494979880137,0.10995289814773224,0.1301524711785689,0.0
250,20,1.7453292519943295,0.5555555555555556,ABB,22.55648712574505,0.3272051396890431,0.09672879738345252,0.12724959137987468,0.047006159715773946
251,20,1.7453292519943295,0.5555555555555556,ABB,22.34057752498539,0.3685929771239601,0.11260896811698545,0.13190641972854458,0.0
252,20,1.7453292519943295,0.5555555555555556,ABB,22.650896236303705,0.33498594063265735,0.10317969847783312,0.12513786062515853,0.03594857657685789
253,20,1.7453292519943295,0.5555555555555556,ABB,22.79533032164032,0.30778425861339653,0.11261317643645008,0.14376185690241072,0.0
254,20,1.7453292519943295,0.5555555555555556,ABB,22.60536145087141,0.31262170602461775,0.103194497410554,0.1333290992107003,0.03215197103844864
255,20,1.7453292519943295,0.5555555555555556,ABB,22.830516078046386,0.2875517857107028,0.11479369906151485,0.1388179337393069,0.0
256,20,1.7453292519943295,0.5555555555555556,ABB,22.961505893325626,0.28235996460542623,0.09397063565607061,0.12343529653943414,0.06326093594382957
257,20,1.7453292519943295,0.5555555555555556,ABB,22.81532552386998,0.32678836426715335,0.11226185970141636,0.14230285386119831,0.0
258,20,1.7453292519943295,0.5555555555555556,ABB,23.01596379065156,0.2812058726873121,0.09545541555044332,0.11860058673447686,0.06514421873977025
259,20,1.7453292519943295,0.5555555555555556,ABB,23.136637106340352,0.2490587967083705,0.10855448728041159,0.13013006845394884,0.0
260,20,1.7453292519943295,0.5555555555555556,ABB,22.893230325361408,0.265370773950711,0.09015686179776944,0.11302272491527704,0.06441905218818576
261,20,1.7453292519943295,0.5555555555555556,ABB,23.166182951500367,0.21073241748313282,0.1070934456699992,0.12537414892369442,0.0
262,20,1.7453292519943295,0.5555555555555556,ABB,23.391325613773716,0.2478562235849191,0.10187456609317694,0.12304339569110107,0.055477749220567266
263,20,1.7453292519943295,0.5555555555555556,ABB,23.114200639912564,0.2484250920908448,0.10908561193111534,0.12502197922909475,0.0
264,20,1.7453292519943295,0.5555555555555556,ABB,23.52302477672332,0.26530663537859184,0.10557354905747955,0.12219865839276978,0.05729636908555448
265,20,1.7453292519943295,0.5555555555555556,ABB,23.752231826306655,0.28393344820373456,0.1155716550578979,0.13935928522413488,0.0
266,20,1.7453292519943295,0.5555555555555556,ABB,23.474076246328078,0.24603457030859688,0.11183417882685286,0.12970753099107815,0.051723148072550795
267,20,1.7453292519943295,0.5555555555555556,ABB,23.836731258556128,0.2498613615321319,0.11722564154450221,0.13547287212284814,0.0
268,20,1.7453292519943295,0.5555555555555556,ABB,24.075609187210606,0.3066777917599576,0.0993021454346317,0.123191328639545,0.07176364585070122
269,20,1.7453292519943295,0.5555555555555556,ABB,23.86127322651391,0.2927983450834548,0.11737407157926943,0.14068085685751455,0.0
270,20,1.7453292519943295,0.5555555555555556,ABB,24.185875126602475,0.3216543310951935,0.09968346150996812,0.11895682304243506,0.05271559129542713
271,20,1.7453292519943295,0.5555555555555556,ABB,24.355320854241775,0.340233406095467,0.10743157998562926,0.12626336797563809,0.0
272,20,1.7453292519943295,0.5555555555555556,ABB,24.10139693038851,0.31217040524348494,0.09246393494793563,0.1125857865535234,0.05828455010413366
273,20,1.7453292519943295,0.5555555555555556,ABB,24.394177592761515,0.3165772496541013,0.10464587170764086,0.1208598002495382,0.0
274,20,1.7453292519943295,0.5555555555555556,ABB,24.590430287005564,0.3066853524735126,0.09768361364134637,0.11631800748025184,0.03901114779578324
275,20,1.7453292519943295,0.5555555555555556,ABB,24.34762281630478,0.31987864877740707,0.1039288686344183,0.11807214541701494,0.0
276,20,1.7453292519943295,0.5555555555555556,ABB,24.723015842505575,0.3297357867249412,0.10129481163089124,0.11617532780105132,0.0341545443446675
277,20,1.7453292519943295,0.5555555555555556,ABB,24.95842188983626,0.3627559369693126,0.11081585658756632,0.13137246464827224,0.0
278,20,1.7453292519943295,0.5555555555555556,ABB,24.723023569384992,0.3366979918465983,0.10294642437516423,0.12206205353914912,0.02949107242020516
279,20,1.7453292519943295,0.5555555555555556,ABB,25.01124525759021,0.34741643321797666,0.11438787521372755,0.13022506411194912,0.0
280,20,1.7453292519943295,0.5555555555555556,ABB,25.181100867932905,0.32002823984409573,0.08884945934149763,0.11928563374215842,0.0328876273247493
281,20,1.7453292519943295,0.5555555555555556,ABB,24.992048584425874,0.32947605417046916,0.11670251041443709,0.13610818168719555,0.0
282,20,1.7453292519943295,0.5555555555555556,ABB,25.246211108883355,0.31494117244672104,0.09963254586221956,0.11856319466869,0.03295561760654253
283,20,1.7453292519943295,0.5555555555555556,ABB,25.40262864366219,0.31803513400283007,0.10434730705621625,0.12239803590981638,0.0
284,20,1.7453292519943295,0.5555555555555556,ABB,25.177050078526385,0.3133933554753697,0.08988509467219152,0.11324270810888781,0.03438915378863588
285,20,1.7453292519943295,0.5555555555555556,ABB,25.449437765079477,0.3259536762690006,0.10502997440427625,0.11891667013445047,0.0
286,20,1.7453292519943295,0.5555555555555556,ABB,25.656879964818565,0.31220468398366347,0.08836781083669547,0.11352652972422551,0.031238060186156456
287,20,1.7453292519943295,0.5555555555555556,ABB,25.39434499657424,0.34170009206633944,0.09984247855584319,0.11480980320592081,0.0
288,20,1.7453292519943295,0.5555555555555556,ABB,25.73803877829456,0.31859659357722325,0.0966296189585171,0.11339732356022643,0.025938365813865744
289,20,1.7453292519943295,0.5555555555555556,ABB,25.940722168060123,0.3054152313158711,0.10877606061595098,0.12692571250943757,0.0
290,20,1.7453292519943295,0.5555555555555556,ABB,25.659739657562525,0.293504802108853,0.0935709888233891,0.11740163598610869,0.02564899356134712
291,20,1.7453292519943295,0.5555555555555556,ABB,25.995300008509833,0.28812623701439805,0.1128691096699945,0.1262460368023578,0.0
292,20,1.7453292519943295,0.5555555555555556,ABB,26.19047266048959,0.2989350222295919,0.09678253304086532,0.1193381577716049,0.07594170000695595
293,20,1.7453292519943295,0.5555555555555556,ABB,26.040171313647342,0.338796242656369,0.11609886599671931,0.13200362396319554,0.0
294,20,1.7453292519943295,0.5555555555555556,ABB,26.268724834180098,0.3033982889609739,0.09776072086553592,0.11921779484297358,0.0631120333935663
295,20,1.7453292519943295,0.5555555555555556,ABB,26.35655832023761,0.26651766403647453,0.10444040265056823,0.12255531024240905,0.0
296,20,1.7453292519943295,0.5555555555555556,ABB,26.169802696659737,0.27924941656883046,0.09460691948527514,0.11546478190589557,0.06309772223566121
297,20,1.7453292519943295,0.5555555555555556,ABB,26.372492454972953,0.22732357080397986,0.10372675128618572,0.1188606625838355,0.0
298,20,1.7453292519943295,0.5555555555555556,ABB,26.531555636106916,0.24606899176987596,0.09656051691784247,0.11146896633711843,0.05370861083036106
299,20,1.7453292519943295,0.5555555555555556,ABB,26.299811456399375,0.26621416892252,0.09895707216031152,0.11347027521680833,0.0
300,20,1.7453292519943295,0.5555555555555556,ABB,26.643024337851323,0.2630743089714058,0.09479737100846039,0.11163513460728308,0.05911512697025703
301,20,1.7453292519943295,0.5555555555555556,ABB,26.87409970845556,0.27918362004664204,0.10943960801313676,0.12181749107018132,0.0
302,20,1.7453292519943295,0.5555555555555556,ABB,26.57559776993917,0.25575682044620784,0.097824659556775,0.11291370496726832,0.0540246233656525
303,20,1.7453292519943295,0.5555555555555556,ABB,26.94281236192758,0.23777312541037016,0.11021444977455834,0.1232336248357386,0.0
304,20,1.7453292519943295,0.5555555555555556,ABB,27.200532523483105,0.2846737209962922,0.0972708807171235,0.11823680237259468,0.05840915821442959
305,20,1.7453292519943295,0.5555555555555556,ABB,26.948444849048418,0.2598181714021624,0.1166338712602067,0.12827255013045755,0.0
306,20,1.7453292519943295,0.5555555555555556,ABB,27.32246967762038,0.29755472766494395,0.10199320119342326,0.11919485486512782,0.047660820554925286
307,20,1.7453292519943295,0.5555555555555556,ABB,27.51730470758183,0.33047359776345986,0.10567919501904946,0.12119013302106911,0.0
308,20,1.7453292519943295,0.5555555555555556,ABB,27.277416995567684,0.28886950874003436,0.10162087668032252,0.11776355015462295,0.049969930813579685
309,20,1.7453292519943295,0.5555555555555556,ABB,27.578661654489625,0.3181199247516528,0.10558595121288829,0.11919621258546051,0.0
310,20,1.7453292519943295,0.5555555555555556,ABB,27.78192880146395,0.3244075655201971,0.08948900975759785,0.11018667682671288,0.03896926971726708
311,20,1.7453292519943295,0.5555555555555556,ABB,27.544206811672023,0.33284800690171623,0.10059437225630324,0.11373146187695914,0.0
312,20,1.7453292519943295,0.5555555555555556,ABB,27.89035474478499,0.34373573057812445,0.09216751832547262,0.10971291907861538,0.024914432535580896
313,20,1.7453292519943295,0.5555555555555556,ABB,28.113161374049174,0.3674818133753724,0.10513593681408782,0.11716910553951836,0.0
314,20,1.7453292519943295,0.5555555555555556,ABB,27.83940550570314,0.3423140616086871,0.08582908828295724,0.10889947582361167,0.029116657161099582
315,20,1.7453292519943295,0.5555555555555556,ABB,28.158565466172263,0.3532762705284128,0.10608564768081888,0.11958657846680817,0.0
316,20,1.7453292519943295,0.5555555555555556,ABB,28.34047883180163,0.31463734500705276,0.09181036969813267,0.11474828478282735,0.0389249752616181
317,20,1.7453292519943295,0.5555555555555556,ABB,28.160241816716876,0.34388343364518636,0.11109798879807047,0.12317090674955718,0.0
318,20,1.7453292519943295,0.5555555555555556,ABB,28.434386469261177,0.3195050390703779,0.09848047848520622,0.11696095213567555,0.03602022435525212
319,20,1.7453292519943295,0.5555555555555556,ABB,28.58480669827179,0.3192233510394373,0.10340552771219104,0.11988274470026915,0.0
320,20,1.7453292519943295,0.5555555555555556,ABB,28.412807442896167,0.3189947721891391,0.09675047800221852,0.1175378230508062,0.03226856040037794
321,20,1.7453292519943295,0.5555555555555556,ABB,28.62087285919555,0.31454162364431815,0.10490474658617441,0.12015315779145007,0.0
322,20,1.7453292519943295,0.5555555555555556,ABB,28.771237372855403,0.29375273331299834,0.08211915711712975,0.10996581172272375,0.028599103489120984
323,20,1.7453292519943295,0.5555555555555556,ABB,28.55164676941291,0.32230264606193476,0.10046893803332298,0.11547761135827718,0.0
324,20,1.7453292519943295,0.5555555555555556,ABB,28.825899590535613,0.29173389631620983,0.08997349306359323,0.10953989799440761,0.032424873500724656
325,20,1.7453292519943295,0.5555555555555556,ABB,29.020936674823226,0.2820087279883965,0.10342939198966748,0.11608602621477267,0.0
326,20,1.7453292519943295,0.5555555555555556,ABB,28.71401993325328,0.2754531813877066,0.08327924059178914,0.10763526588076491,0.034425442180438484
327,20,1.7453292519943295,0.5555555555555556,ABB,29.075273173787657,0.269283043093424,0.10512638931209903,0.11803331025618334,0.0
328,20,1.7453292519943295,0.5555555555555556,ABB,29.326973958002775,0.2908121130408892,0.09501417132078066,0.11564238607397309,0.06188905469156829
329,20,1.7453292519943295,0.5555555555555556,ABB,29.094046405366583,0.314876612962203,0.10881572479772927,0.12035277692071927,0.0
330,20,1.7453292519943295,0.5555555555555556,ABB,29.428512947330876,0.30167785773108874,0.09738272757842979,0.11735001424945825,0.047518607779976255
331,20,1.7453292519943295,0.5555555555555556,ABB,29.57477377166835,0.28277330884679,0.10574042791245467,0.12238487708888036,0.0
332,20,1.7453292519943295,0.5555555555555556,ABB,29.36492022462103,0.27144560092896625,0.09863266428464454,0.11998776355939289,0.047937425740811064
333,20,1.7453292519943295,0.5555555555555556,ABB,29.616504455635322,0.24937208608342865,0.10560778394435318,0.12220974973878548,0.0
334,20,1.7453292519943295,0.5555555555555556,ABB,29.771387024362355,0.2726962335828538,0.09275434631944504,0.11158880560489712,0.06771062978117096
335,20,1.7453292519943295,0.5555555555555556,ABB,29.60532949200152,0.30131500254669613,0.10239458770206289,0.11904964092864839,0.0
336,20,1.7453292519943295,0.5555555555555556,ABB,29.866882170230753,0.2871864013399021,0.08791981585048794,0.10944636475432587,0.06101914246698137
337,20,1.7453292519943295,0.5555555555555556,ABB,30.032401825884804,0.28470746402858543,0.10269409032143295,0.11481709183682123,0.0
338,20,1.7453292519943295,0.5555555555555556,ABB,29.77114159053211,0.2791356960348789,0.08497342781541938,0.10576975980171417,0.06190141523148198
339,20,1.7453292519943295,0.5555555555555556,ABB,30.070219546376034,0.2405561923083383,0.0996102886618468,0.11616440073164734,0.0
340,20,1.7453292519943295,0.5555555555555556,ABB,30.292812366785874,0.25992476496485806,0.09535545895369138,0.11266754647841412,0.045683177120801596
341,20,1.7453292519943295,0.5555555555555556,ABB,30.028424477866963,0.2524957457247854,0.10439107565847024,0.11656120045097444,0.0
342,20,1.7453292519943295,0.5555555555555556,ABB,30.427899599630834,0.2782761380553917,0.0986862018106547,0.11383658292577074,0.04707535199537102
343,20,1.7453292519943295,0.5555555555555556,ABB,30.668450668520016,0.321045593650363,0.10599751584540329,0.12140000056222705,0.0
344,20,1.7453292519943295,0.5555555555555556,ABB,30.423055943740295,0.27871333280478444,0.10522204696291386,0.11817202205362745,0.04317269798314684
345,20,1.7453292519943295,0.5555555555555556,ABB,30.742382714407,0.30253965177568737,0.10736151706076934,0.12239836326226519,0.0
346,20,1.7453292519943295,0.5555555555555556,ABB,30.955003578447045,0.3196444723543614,0.08453164745255237,0.11237026895003564,0.03828451192300619
347,20,1.7453292519943295,0.5555555555555556,ABB,30.727827636108323,0.31021746944628936,0.10769367856414673,0.12134105694629205,0.0
348,20,1.7453292519943295,0.5555555555555556,ABB,31.04676077013499,0.32943336223376185,0.09165196785140267,0.11058642742699659,0.025536013747212517
349,20,1.7453292519943295,0.5555555555555556,ABB,31.246942462386333,0.3537636378226609,0.10077274808530123,0.1143047706638844,0.0
350,20,1.7453292519943295,0.5555555555555556,ABB,30.965339990687937,0.32389424084021406,0.08125862053837525,0.10691736544277648,0.034269893992666355
351,20,1.7453292519943295,0.5555555555555556,ABB,31.29588937919018,0.3525480635651184,0.09955481701235144,0.11478416859679813,0.0
352,20,1.7453292519943295,0.5555555555555556,ABB,31.507952390559044,0.3236024605908238,0.08990346372288609,0.11021430332486795,0.03563630913088764
353,20,1.7453292519943295,0.5555555555555556,ABB,31.28286839675712,0.3577000055015548,0.09903488324483078,0.11382376006373779,0.0
354,20,1.7453292519943295,0.5555555555555556,ABB,31.616337338087707,0.33847096874748117,0.09355593718051948,0.11054595559616096,0.024861180518338126
355,20,1.7453292519943295,0.5555555555555556,ABB,31.803801117383095,0.33956469388767463,0.10319670694793132,0.12015648769805201,0.0
356,20,1.7453292519943295,0.5555555555555556,ABB,31.604045055210648,0.33182834938942013,0.09217909225865176,0.1147192239054408,0.022901388751923935
357,20,1.7453292519943295,0.5555555555555556,ABB,31.84232545065221,0.32609812391289017,0.10434194988385559,0.1214173797788174,0.0
358,20,1.7453292519943295,0.5555555555555556,ABB,31.972434107532454,0.29508282049719836,0.08274124992099836,0.11160915918475403,0.04217728426061415
359,20,1.7453292519943295,0.5555555555555556,ABB,31.824316044112173,0.3352655389506714,0.10574564752744997,0.12219006521053728,0.0
360,20,1.7453292519943295,0.5555555555555556,ABB,32.024241649867065,0.29052762756248923,0.08899354743234954,0.1099043717279513,0.04504996241660008
361,20,1.7453292519943295,0.5555555555555556,ABB,32.15775734434973,0.2697579598771121,0.09827596582895541,0.11500586382180618,0.0
362,20,1.7453292519943295,0.5555555555555556,ABB,31.919405464962416,0.28121633835107707,0.08232204190590874,0.10696530011863326,0.045616611614232846
363,20,1.7453292519943295,0.5555555555555556,ABB,32.18836461398433,0.25419333845853725,0.09812410272905055,0.11417326192606485,0.0
364,20,1.7453292519943295,0.5555555555555556,ABB,32.40970150864885,0.26719654150392946,0.08886468381254882,0.10970055442251259,0.0422361476882971
365,20,1.7453292519943295,0.5555555555555556,ABB,32.13250166503388,0.2864924601732853,0.09655629507478886,0.11223613128311061,0.0
366,20,1.7453292519943295,0.5555555555555556,ABB,32.50610755054349,0.27761375164082586,0.0931561436584951,0.10950737721363882,0.04082531130329152
367,20,1.7453292519943295,0.5555555555555556,ABB,32.72423185422035,0.27680333949348984,0.1049549489165065,0.12089279245753341,0.0
368,20,1.7453292519943295,0.5555555555555556,ABB,32.44184789704117,0.25254815516964974,0.09517832910003779,0.11383160053321549,0.04027655071713858
369,20,1.7453292519943295,0.5555555555555556,ABB,32.7943600757786,0.2468399377640007,0.10604070287702855,0.12110440047027429,0.0
370,20,1.7453292519943295,0.5555555555555556,ABB,33.014677368533945,0.28964082906371263,0.09215374542306042,0.11383662169973154,0.07474530718533695
371,20,1.7453292519943295,0.5555555555555556,ABB,32.83856972571078,0.3029182631322503,0.10860525562255842,0.12395892043612132,0.0
372,20,1.7453292519943295,0.5555555555555556,ABB,33.11783321913447,0.3033256076431403,0.09105985409889583,0.11101667439776605,0.057311547009862275
373,20,1.7453292519943295,0.5555555555555556,ABB,33.24920797211707,0.2968179808588347,0.09926801397713753,0.11582792200975686,0.0
374,20,1.7453292519943295,0.5555555555555556,ABB,33.023320642649324,0.2848998714588092,0.08651920729803961,0.1082323992914504,0.062077099530020656
375,20,1.7453292519943295,0.5555555555555556,ABB,33.2789390095605,0.25972510752790756,0.0957486341967208,0.11311929075778117,0.0
376,20,1.7453292519943295,0.5555555555555556,ABB,33.461695082201985,0.26883614403944744,0.09242615032230492,0.1065089685549321,0.04738528282253932
377,20,1.7453292519943295,0.5555555555555556,ABB,33.22325091666633,0.28304295095999166,0.09336630136485949,0.10991074929990195,0.0
378,20,1.7453292519943295,0.5555555555555556,ABB,33.59219364833064,0.29239469996481227,0.09147704230802714,0.10493281828174622,0.04662228485691032
379,20,1.7453292519943295,0.5555555555555556,ABB,33.838323965391425,0.32695725359838346,0.10263018728791867,0.11742035350315781,0.0
380,20,1.7453292519943295,0.5555555555555556,ABB,33.57322996965851,0.2969699975680934,0.09514198330692872,0.10794875399910882,0.04295856106573816
381,20,1.7453292519943295,0.5555555555555556,ABB,33.89877533959503,0.2962922828105284,0.10367969818761422,0.11782270110965558,0.0
382,20,1.7453292519943295,0.5555555555555556,ABB,34.10961613350955,0.2998856288846812,0.08560855163575418,0.11154176601302163,0.03667788894263525
383,20,1.7453292519943295,0.5555555555555556,ABB,33.889211060709044,0.28903700037824687,0.10989230408142148,0.12167199289799037,0.0
384,20,1.7453292519943295,0.5555555555555556,ABB,34.207940772457,0.30626366557106266,0.09567985490790881,0.11104576153450262,0.032936157611101156
385,20,1.7453292519943295,0.5555555555555556,ABB,34.4002836161203,0.3365646023098033,0.09850657881000877,0.11493091264927591,0.0
386,20,1.7453292519943295,0.5555555555555556,ABB,34.157901553069514,0.3063719106898326,0.08969229765266598,0.1100140628884709,0.036290708433332375
387,20,1.7453292519943295,0.5555555555555556,ABB,34.4532119992298,0.3408251794715373,0.09882845193521606,0.11280074867394609,0.0
388,20,1.7453292519943295,0.5555555555555556,ABB,34.6643206642617,0.32701209410170196,0.08257955192464424,0.10518421238032044,0.02681684792251078
389,20,1.7453292519943295,0.5555555555555556,ABB,34.406498812435935,0.34773578481829776,0.0927380348267152,0.10964223498674536,0.0
390,20,1.7453292519943295,0.5555555555555556,ABB,34.75285344016632,0.3384246575669081,0.08864210223318585,0.10336490241909514,0.015424618352704067
391,20,1.7453292519943295,0.5555555555555556,ABB,34.97230953066508,0.34363657902075173,0.09964054854974308,0.11463449947711843,0.0
392,20,1.7453292519943295,0.5555555555555556,ABB,34.69533857472532,0.3260056264206102,0.08134875251577724,0.10443112439336073,0.019489299089125774
393,20,1.7453292519943295,0.5555555555555556,ABB,35.02207494167129,0.33497443283926853,0.1010224647405686,0.11453216214927521,0.0
394,20,1.7453292519943295,0.5555555555555556,ABB,35.20319389804446,0.3089694486050635,0.08632222670154371,0.10972189669359197,0.0529841721399983
395,20,1.7453292519943295,0.5555555555555556,ABB,35.052702813285016,0.3556118454379511,0.10499106151999776,0.1187315182877105,0.0
396,20,1.7453292519943295,0.5555555555555556,ABB,35.27936623991643,0.3119095248225955,0.09133215082581927,0.10919640378454763,0.04527330676194083
397,20,1.7453292519943295,0.5555555555555556,ABB,35.38482254812476,0.28333693020154704,0.09636585955760707,0.11506984428025469,0.0
398,20,1.7453292519943295,0.5555555555555556,ABB,35.21192071924135,0.29756389974041614,0.08762253668447241,0.10952200150254868,0.0443258781676916
399,20,1.7453292519943295,0.5555555555555556,ABB,35.40113511232807,0.26037398510791004,0.09713351936881831,0.11221568900226978,0.0
400,20,1.7453292519943295,0.5555555555555556,ABB,35.54727572813015,0.2580575864015093,0.0846257801237795,0.10405213475420708,0.04269946405339671
401,20,1.7453292519943295,0.5555555555555556,ABB,35.32555148959853,0.2898949825842759,0.09203895795803571,0.1089536997326508,0.0
402,20,1.7453292519943295,0.5555555555555556,ABB,35.623279525020855,0.26426642670619527,0.08755621477673797,0.10244846006197668,0.049245253045852574
403,20,1.7453292519943295,0.5555555555555556,ABB,35.834100621168005,0.2608249513316045,0.09972920986466738,0.11296289390461531,0.0
404,20,1.7453292519943295,0.5555555555555556,ABB,35.52683661618913,0.24955412348153022,0.08643523465376914,0.10212903700626697,0.04787525421108621
405,20,1.7453292519943295,0.5555555555555556,ABB,35.895900458878586,0.22742319179517428,0.10097079908907888,0.11237980374474366,0.0
406,20,1.7453292519943295,0.5555555555555556,ABB,36.16066856315042,0.27389721423870067,0.09203966368176376,0.10996723893070133,0.06291427915548195
407,20,1.7453292519943295,0.5555555555555556,ABB,35.914528317052515,0.2701477697604505,0.10586327054438621,0.11651060547188395,0.0
408,20,1.7453292519943295,0.5555555555555556,ABB,36.28038523418168,0.28870011230261033,0.09569576740885927,0.11001368556103774,0.050626686471000715
409,20,1.7453292519943295,0.5555555555555556,ABB,36.45789417105939,0.300488154913703,0.09970017968929426,0.1151470270223227,0.0
410,20,1.7453292519943295,0.5555555555555556,ABB,36.22151902901146,0.2674535609412367,0.09582729814121665,0.11141313605607266,0.05290702082710402
411,20,1.7453292519943295,0.5555555555555556,ABB,36.51074047241789,0.27211026950680095,0.0992906374105976,0.11223477189497374,0.0
412,20,1.7453292519943295,0.5555555555555556,ABB,36.6997181861386,0.2965734963980886,0.08835429289270255,0.10354748598469754,0.05530857711507495
413,20,1.7453292519943295,0.5555555555555556,ABB,36.48892812860397,0.308683200115631,0.09446768424100087,0.10933464390633207,0.0
414,20,1.7453292519943295,0.5555555555555556,ABB,36.81200291479527,0.3180507769440118,0.0867327339265089,0.10098044840865511,0.04211788099685568
415,20,1.7453292519943295,0.5555555555555556,ABB,37.020919213117615,0.338932121532669,0.09705205436317431,0.10921018625057388,0.0
416,20,1.7453292519943295,0.5555555555555556,ABB,36.74434177601362,0.3159738095193424,0.08227201391306234,0.0984992576482122,0.04578789307763824
417,20,1.7453292519943295,0.5555555555555556,ABB,37.061559465798574,0.3086801078419024,0.09664988829654474,0.10851744466311279,0.0
418,20,1.7453292519943295,0.5555555555555556,ABB,37.26430478430287,0.29187538517924294,0.08806250630335476,0.10533211605791412,0.03603178721366317
419,20,1.7453292519943295,0.5555555555555556,ABB,37.04187313424636,0.300930840843962,0.10148846258944969,0.11123372230214003,0.0
420,20,1.7453292519943295,0.5555555555555556,ABB,37.38154810527358,0.3049204423115514,0.09497611703055196,0.10712684604005407,0.03531958405407759
421,20,1.7453292519943295,0.5555555555555556,ABB,37.586376260134514,0.3347727224288952,0.09798193713159592,0.11223236905050166,0.0
422,20,1.7453292519943295,0.5555555555555556,ABB,37.381192014688395,0.31113038068399396,0.09506566451053544,0.10976148120939934,0.03206203230847801
423,20,1.7453292519943295,0.5555555555555556,ABB,37.6375767356545,0.328968603655314,0.10037002746985213,0.11178282180022268,0.0
424,20,1.7453292519943295,0.5555555555555556,ABB,37.81311805732592,0.31385534689077776,0.07736459915764603,0.10285886562482191,0.024383513707488442
425,20,1.7453292519943295,0.5555555555555556,ABB,37.58546153699169,0.32549428180803996,0.09654806108564298,0.10993429769631002,0.0
426,20,1.7453292519943295,0.5555555555555556,ABB,37.875654210161585,0.31473552207735095,0.08708615226686232,0.10158153627389378,0.02097418819069294
427,20,1.7453292519943295,0.5555555555555556,ABB,38.079544933682996,0.32175676035886147,0.09491200416628069,0.10711687052749182,0.0
428,20,1.7453292519943295,0.5555555555555556,ABB,37.77873656344525,0.3049348323676117,0.07694752999250241,0.09826944418682196,0.02682693567933328
429,20,1.7453292519943295,0.5555555555555556,ABB,38.13047561554362,0.3218785035915925,0.0966588004282292,0.10656397902217592,0.0
430,20,1.7453292519943295,0.5555555555555556,ABB,38.365840656538545,0.3112820687368304,0.08589092471497684,0.10444457329670248,0.045968814498278665
431,20,1.7453292519943295,0.5555555555555556,ABB,38.139518103020166,0.34878334241542985,0.09743962637542657,0.10809025265343002,0.0
432,20,1.7453292519943295,0.5555555555555556,ABB,38.46068583544087,0.3215788816289405,0.09120332564339279,0.10584656449420946,0.032748225635414296
433,20,1.7453292519943295,0.5555555555555556,ABB,38.61580717944959,0.3019775603624593,0.09757202163023812,0.11219283571351686,0.0
434,20,1.7453292519943295,0.5555555555555556,ABB,38.41328445135257,0.2981644980231783,0.08924489724794722,0.1090025737442245,0.033358379598620064
435,20,1.7453292519943295,0.5555555555555556,ABB,38.64833621358249,0.2773528008233822,0.09967196235627811,0.11156418987896152,0.0
436,20,1.7453292519943295,0.5555555555555556,ABB,38.78115221666866,0.2744595545024598,0.08512346261143032,0.10335008878072806,0.0592768025968924
437,20,1.7453292519943295,0.5555555555555556,ABB,38.635519412607565,0.31742844887677507,0.09719855150098157,0.11047510925840809,0.0
438,20,1.7453292519943295,0.5555555555555556,ABB,38.85147588448238,0.2800317653565486,0.08491492868119299,0.10206423063350982,0.057313788400291076
439,20,1.7453292519943295,0.5555555555555556,ABB,38.99124891094468,0.2606805848749775,0.09454457513497831,0.1064630403631867,0.0
440,20,1.7453292519943295,0.5555555555555556,ABB,38.73845453403837,0.267506797236592,0.08078653446089142,0.09801338731059751,0.057477021025008346
441,20,1.7453292519943295,0.5555555555555556,ABB,39.02152232151607,0.22269202242852104,0.09404817187793206,0.10563044524382233,0.0
442,20,1.7453292519943295,0.5555555555555556,ABB,39.24896306467439,0.24923551482312106,0.0899615118914554,0.10303756367509591,0.04780163572038755
443,20,1.7453292519943295,0.5555555555555556,ABB,38.971962524431845,0.25173755314765695,0.09544044673556014,0.10551606595047643,0.0
444,20,1.7453292519943295,0.5555555555555556,ABB,39.37161128100379,0.26542740751647215,0.09304108207486714,0.10477037482081263,0.04866150780449231
445,20,1.7453292519943295,0.5555555555555556,ABB,39.61218764781575,0.2924497756328848,0.10023615147670933,0.11097448041662251,0.0
446,20,1.7453292519943295,0.5555555555555556,ABB,39.33822816212249,0.2538069967307728,0.09762525390095682,0.10820358694922866,0.04614342147410509
447,20,1.7453292519943295,0.5555555555555556,ABB,39.68533693809967,0.26331346051489535,0.10182617495931609,0.11169434332149708,0.0
448,20,1.7453292519943295,0.5555555555555556,ABB,39.91285397590903,0.3027216737574399,0.08548543760487255,0.10488167703630351,0.05537041511423278
449,20,1.7453292519943295,0.5555555555555556,ABB,39.69779575200313,0.29499932201047074,0.10240158253734508,0.11186972762932973,0.0
450,20,1.7453292519943295,0.5555555555555556,ABB,40.015977651100215,0.317861823978619,0.08840458206273978,0.1036359942576908,0.038123050648752724
451,20,1.7453292519943295,0.5555555555555556,ABB,40.197391503490024,0.33905977240944873,0.09423474147485467,0.10568975186153604,0.0
452,20,1.7453292519943295,0.5555555555555556,ABB,39.931047236761906,0.3082172476402078,0.08136610093943743,0.09967644252398683,0.04644013913506493
453,20,1.7453292519943295,0.5555555555555556,ABB,40.23777013953611,0.32135318338751123,0.09325565808796563,0.10468634748856123,0.0
454,20,1.7453292519943295,0.5555555555555556,ABB,40.43993510009362,0.30517739133956256,0.0866502341312578,0.10014884339898066,0.036369558278433314
455,20,1.7453292519943295,0.5555555555555556,ABB,40.20591624628737,0.32839928715241784,0.09167749416752728,0.10297303869710249,0.0
456,20,1.7453292519943295,0.5555555555555556,ABB,40.56223541724045,0.32550101740019866,0.08897951928169104,0.10140589987913641,0.028391997085011493
457,20,1.7453292519943295,0.5555555555555556,ABB,40.785304501057084,0.3481555346048584,0.0973022071264057,0.10783520128216835,0.0
458,20,1.7453292519943295,0.5555555555555556,ABB,40.56049452451499,0.3286334900351189,0.08802401821777892,0.10402583390941121,0.026914802372376388
459,20,1.7453292519943295,0.5555555555555556,ABB,40.83180376661165,0.33121686313363125,0.0990051234570902,0.1101551832353211,0.0
460,20,1.7453292519943295,0.5555555555555556,ABB,40.98763599474589,0.3013402476664459,0.07891821373506358,0.10346427664781219,0.031787133159096786
461,20,1.7453292519943295,0.5555555555555556,ABB,40.81399212787318,0.32240011490974985,0.10147333119034516,0.11108321332218667,0.0
462,20,1.7453292519943295,0.5555555555555556,ABB,41.053019226922245,0.29979538364316244,0.08828830375234964,0.10364441217651843,0.0332067270953818
463,20,1.7453292519943295,0.5555555555555556,ABB,41.21304103021723,0.3029976088576775,0.09250655117494558,0.10557513476728447,0.0
464,20,1.7453292519943295,0.5555555555555556,ABB,40.97449836972957,0.297041479707931,0.08163612691096458,0.10098304046687226,0.03473353029838391
465,20,1.7453292519943295,0.5555555555555556,ABB,41.251133494216475,0.302042672591033,0.09421566190241537,0.10515372136299307,0.0
466,20,1.7453292519943295,0.5555555555555556,ABB,41.46821741176856,0.2959988549657167,0.08072827174567881,0.10040323511720634,0.031265746654457346
467,20,1.7453292519943295,0.5555555555555556,ABB,41.196134521993734,0.3219434038868938,0.09071971372741468,0.10272719740569704,0.0
468,20,1.7453292519943295,0.5555555555555556,ABB,41.55089501671807,0.30389454596294796,0.08750615166988346,0.10135909459235005,0.02549892055555045
469,20,1.7453292519943295,0.5555555555555556,ABB,41.76855593743571,0.2987585618595267,0.09765062463991349,0.10816872858994132,0.0
470,20,1.7453292519943295,0.5555555555555556,ABB,41.48130418411716,0.2807146997502295,0.0840650510659245,0.10346767364208403,0.028424165490442126
471,20,1.7453292519943295,0.5555555555555556,ABB,41.82483106433364,0.27943347782109823,0.0996981026616562,0.10992269785452352,0.0
472,20,1.7453292519943295,0.5555555555555556,ABB,42.02590178922508,0.29216567291314005,0.08702105906706781,0.10541281209364821,0.06735912722487433
473,20,1.7453292519943295,0.5555555555555556,ABB,41.87119702170946,0.3278995870893293,0.10178246748372276,0.11169205727939731,0.0
474,20,1.7453292519943295,0.5555555555555556,ABB,42.11367320879295,0.3017198890561806,0.08693066784190744,0.10490840920592429,0.05277521821272459
475,20,1.7453292519943295,0.5555555555555556,ABB,42.22031776381621,0.27784967959296797,0.0934852622786763,0.10735215134463465,0.0
476,20,1.7453292519943295,0.5555555555555556,ABB,42.02258931925671,0.28093088102465713,0.08321624071905159,0.10300197594990694,0.05545009846836281
477,20,1.7453292519943295,0.5555555555555556,ABB,42.24040327191601,0.24102298991910642,0.0919801536430894,0.1059966578995769,0.0
478,20,1.7453292519943295,0.5555555555555556,ABB,42.403836316892495,0.251331483941158,0.08710430432949556,0.09934027269440315,0.04914032098254985
479,20,1.7453292519943295,0.5555555555555556,ABB,42.17347709121678,0.27420751563895907,0.08870242331766928,0.10280057750461116,0.0
480,20,1.7453292519943295,0.5555555555555556,ABB,42.51319534021509,0.26820898433152746,0.08583423158214806,0.09905442118186386,0.052101548198552824
481,20,1.7453292519943295,0.5555555555555556,ABB,42.75009431423803,0.2876211396811701,0.09745766233003351,0.10640064521072848,0.0
482,20,1.7453292519943295,0.5555555555555556,ABB,42.46036304821537,0.26504530623880557,0.08836961520395209,0.0999184002759532,0.04936341723996232
483,20,1.7453292519943295,0.5555555555555556,ABB,42.81173401878265,0.25015517567603285,0.09782619676798389,0.10850046261432054,0.0
484,20,1.7453292519943295,0.5555555555555556,ABB,43.05492892923791,0.2805988711806778,0.0855402639775239,0.10521593320583537,0.04693717308288033
485,20,1.7453292519943295,0.5555555555555556,ABB,42.814697247716424,0.2651199488813458,0.10369977421567746,0.11059480634140136,0.0
486,20,1.7453292519943295,0.5555555555555556,ABB,43.16914870141233,0.2935553050870409,0.09238987020733533,0.10561857865432887,0.03934048151353833
487,20,1.7453292519943295,0.5555555555555556,ABB,43.36845888401232,0.3275238814619853,0.09491576293579751,0.10806539336796983,0.0
488,20,1.7453292519943295,0.5555555555555556,ABB,43.1218979296269,0.2866036825781328,0.0906448299647491,0.1057648714544617,0.04338532216503206
489,20,1.7453292519943295,0.5555555555555556,ABB,43.424724804670156,0.31738501314102674,0.09543096858954984,0.10705660106382221,0.0
490,20,1.7453292519943295,0.5555555555555556,ABB,43.63236425171932,0.31947888461912516,0.08169942504343425,0.09935774526318973,0.035413725778812064
491,20,1.7453292519943295,0.5555555555555556,ABB,43.39004506827374,0.332796482560262,0.0905954785339059,0.10420975625766933,0.0
492,20,1.7453292519943295,0.5555555555555556,ABB,43.735762747960194,0.3372878683072436,0.08472631182854092,0.09826899632144417,0.020810835713336653
493,20,1.7453292519943295,0.5555555555555556,ABB,43.96093421683284,0.3560246867814787,0.09484455911950518,0.1043665491208908,0.0
494,20,1.7453292519943295,0.5555555555555556,ABB,43.6821660035415,0.33230424800295616,0.07721008375517407,0.09730671708277983,0.02674888583065702
495,20,1.7453292519943295,0.5555555555555556,ABB,44.00609125152067,0.34238229166031675,0.09470151891197538,0.10616301441771653,0.0
496,20,1.7453292519943295,0.5555555555555556,ABB,44.18917846194423,0.3065223465118873,0.08270776225235292,0.10271379577864934,0.03887372777628259
497,20,1.7453292519943295,0.5555555555555556,ABB,44.017432517679,0.34231095949496054,0.0985102868757545,0.10787706326351523,0.0
498,20,1.7453292519943295,0.5555555555555556,ABB,44.28088947229216,0.31342830773238994,0.08878115829622886,0.10334609475438235,0.03465020185596041
499,20,1.7453292519943295,0.5555555555555556,ABB,44.427876376529596,0.31090963229867874,0.09259249562178921,0.10803682798384956,0.0
500,20,1.7453292519943295,0.5555555555555556,ABB,44.25049546045306,0.3110894996379826,0.08629610929364805,0.10493665324366193,0.03265288963789452
501,20,1.7453292519943295,0.5555555555555556,ABB,44.455722783870634,0.2999221332681727,0.09445751880751006,0.10744832150145207,0.0
502,20,1.7453292519943295,0.5555555555555556,ABB,44.60647195057942,0.28221752395806454,0.07690100170929845,0.09919630698167797,0.029847087818443297
503,20,1.7453292519943295,0.5555555555555556,ABB,44.38303386287445,0.3113984943482639,0.09072933138792241,0.10525153955276494,0.0
504,20,1.7453292519943295,0.5555555555555556,ABB,44.66413559839373,0.28262686547491794,0.08399917417555439,0.09846123853439881,0.033647937842714803
505,20,1.7453292519943295,0.5555555555555556,ABB,44.87105821212106,0.27799097955040464,0.09418354034455498,0.10455798692124066,0.0
506,20,1.7453292519943295,0.5555555555555556,ABB,44.559907507581926,0.2684442522786596,0.07827305458238866,0.09696768729973061,0.036201976322661575
507,20,1.7453292519943295,0.5555555555555556,ABB,44.92506988176716,0.2614858050925843,0.09543866348098184,0.10546621847674732,0.0
508,20,1.7453292519943295,0.5555555555555556,ABB,45.18184497647078,0.2848290875319869,0.08620711958090888,0.10398976126378563,0.056061228319458936
509,20,1.7453292519943295,0.5555555555555556,ABB,44.945846941211855,0.30423702473293535,0.09790012818971028,0.1070943998031806,0.0
510,20,1.7453292519943295,0.5555555555555556,ABB,45.28755296429867,0.297485615688222,0.0896021752203676,0.1041937290471711,0.042504540010293766
511,20,1.7453292519943295,0.5555555555555556,ABB,45.44834151861147,0.2889721082247194,0.09524421270641606,0.1098887406329244,0.0
512,20,1.7453292519943295,0.5555555555555556,ABB,45.22855712884239,0.2706408245858774,0.08886950219142722,0.10675822156327112,0.04527617350834552
513,20,1.7453292519943295,0.5555555555555556,ABB,45.49200780435639,0.25759320750399395,0.09532463685529252,0.10837309564397526,0.0
514,20,1.7453292519943295,0.5555555555555556,ABB,45.65443042367975,0.27727042942654195,0.08565898069287108,0.09996377862156117,0.06226118087131878
515,20,1.7453292519943295,0.5555555555555556,ABB,45.478770468707395,0.3049149400239027,0.09194239345843,0.10708752341909074,0.0
516,20,1.7453292519943295,0.5555555555555556,ABB,45.752058282888726,0.2938382346577694,0.08266163278200876,0.0975580385459037,0.05323846149753246
517,20,1.7453292519943295,0.5555555555555556,ABB,45.928869331923636,0.2964728728477674,0.09298746186971005,0.10334003366853997,0.0
518,20,1.7453292519943295,0.5555555555555556,ABB,45.66116152769592,0.286650482684445,0.07936809326782973,0.09452713088279821,0.055661013105610536
519,20,1.7453292519943295,0.5555555555555556,ABB,45.963887267436746,0.25612284857867923,0.09129224081336026,0.10314328258650259,0.0
520,20,1.7453292519943295,0.5555555555555556,ABB,46.18085288257792,0.26403969840965524,0.08657034040307526,0.10091404347133318,0.04091746144058249
521,20,1.7453292519943295,0.5555555555555556,ABB,45.92963283483333,0.2648519312909023,0.09517016344795845,0.10350253201985521,0.0
522,20,1.7453292519943295,0.5555555555555556,ABB,46.309819727033855,0.2814505836822492,0.09152550468747224,0.10184928898976812,0.04202243769921776
523,20,1.7453292519943295,0.5555555555555556,ABB,46.545705572901085,0.3211948143018416,0.09552540381947476,0.1085363927429412,0.0
524,20,1.7453292519943295,0.5555555555555556,ABB,46.30505502912206,0.2835789469746286,0.09476771103823496,0.10556076407658692,0.03935932133250211
525,20,1.7453292519943295,0.5555555555555556,ABB,46.60962518353355,0.3042970570688502,0.09775709955870326,0.10832798399537302,0.0
526,20,1.7453292519943295,0.5555555555555556,ABB,46.81486762745868,0.3133558423350988,0.07822214919408083,0.10029622752352294,0.03319908340449602
527,20,1.7453292519943295,0.5555555555555556,ABB,46.584139110154936,0.30986650984885367,0.09645000818334132,0.10852477531288059,0.0
528,20,1.7453292519943295,0.5555555555555556,ABB,46.898184378393964,0.3220100878862233,0.08598357451201788,0.09893370376970452,0.022486094255191547
529,20,1.7453292519943295,0.5555555555555556,ABB,47.10477645454444,0.34439958428143563,0.0917881828222161,0.10224303700059408,0.0
530,20,1.7453292519943295,0.5555555555555556,ABB,46.81178111310366,0.31530540050109823,0.07581449227452086,0.09541975126233289,0.030989126737318917
531,20,1.7453292519943295,0.5555555555555556,ABB,47.152168665366844,0.3428098213440529,0.09164952468699976,0.10176252062150275,0.0
532,20,1.7453292519943295,0.5555555555555556,ABB,47.37375326804989,0.31887397670095985,0.08188938222237313,0.09898141574663644,0.035780291431688066
533,20,1.7453292519943295,0.5555555555555556,ABB,47.146115002644656,0.3543596484454992,0.09068332368990803,0.1011961748366314,0.0
534,20,1.7453292519943295,0.5555555555555556,ABB,47.47793849721639,0.33300934922839015,0.08668746109614373,0.09927732548909364,0.02362356853324257
535,20,1.7453292519943295,0.5555555555555556,ABB,47.66268508542835,0.3304768589760047,0.09302309604875703,0.10723432406070203,0.0
536,20,1.7453292519943295,0.5555555555555556,ABB,47.45806309785948,0.32286625331904983,0.08351495594516664,0.10273378979521368,0.024241981799580613
537,20,1.7453292519943295,0.5555555555555556,ABB,47.69708136542505,0.3138446815963927,0.09531801824063015,0.1070867176884744,0.0
538,20,1.7453292519943295,0.5555555555555556,ABB,47.826672051643435,0.28703093041162636,0.07855077236680796,0.09948862729000964,0.04370846855107531
539,20,1.7453292519943295,0.5555555555555556,ABB,47.679839504374826,0.32941248322739397,0.09501080019038652,0.10817935051807226,0.0
540,20,1.7453292519943295,0.5555555555555556,ABB,47.88293956093729,0.28646237469127694,0.08366897034158839,0.09867006516307535,0.0449985686643573
541,20,1.7453292519943295,0.5555555555555556,ABB,48.021356454057454,0.2689667280085448,0.090272656800413,0.10239401715096079,0.0
542,20,1.7453292519943295,0.5555555555555556,ABB,47.77768840903639,0.27716301302850394,0.07790444124240534,0.09551290908398133,0.04559460814043961
543,20,1.7453292519943295,0.5555555555555556,ABB,48.05038413808674,0.2477032677749612,0.0909544582495338,0.10134552537001802,0.0
544,20,1.7453292519943295,0.5555555555555556,ABB,48.27429451105874,0.2617976157131271,0.08294950515373681,0.09874448237444004,0.04133986368878533
545,20,1.7453292519943295,0.5555555555555556,ABB,47.99679939908765,0.27847697949345235,0.08971792655063693,0.09993043211612652,0.0
546,20,1.7453292519943295,0.5555555555555556,ABB,48.37543865727326,0.2730652075145592,0.08792356967734768,0.09926889909762118,0.040506506645387984
547,20,1.7453292519943295,0.5555555555555556,ABB,48.60568071633969,0.28041927321165294,0.09562685465108374,0.10719509324449612,0.0
548,20,1.7453292519943295,0.5555555555555556,ABB,48.31898953840816,0.2521191371985134,0.08896125584714293,0.10255626068621183,0.04078617236261505
549,20,1.7453292519943295,0.5555555555555556,ABB,48.67289504246282,0.2512916168204488,0.09760844976483482,0.10701970062160714,0.0
550,20,1.7453292519943295,0.5555555555555556,ABB,48.896183403766614,0.290576764830511,0.08560582094608812,0.10147705560219247,0.06622619022327915
551,20,1.7453292519943295,0.5555555555555556,ABB,48.70821488063508,0.30051008526057826,0.0985533617442411,0.10925412580752689,0.0
552,20,1.7453292519943295,0.5555555555555556,ABB,48.998108194973355,0.30605101106890636,0.08598220109631632,0.10009463793006172,0.04836795612927175
553,20,1.7453292519943295,0.5555555555555556,ABB,49.14486302554234,0.3083680560836607,0.09118939685111883,0.10259916677723561,0.0
554,20,1.7453292519943295,0.5555555555555556,ABB,48.904169667943016,0.2893100120128846,0.0810095722214769,0.09689502090346831,0.05481365588189435
555,20,1.7453292519943295,0.5555555555555556,ABB,49.17474746322771,0.27599201387442446,0.08950446282979482,0.10056154461580807,0.0
556,20,1.7453292519943295,0.5555555555555556,ABB,49.36228166305162,0.27702647967983024,0.08546121181200639,0.09606476185717074,0.04357501060775702
557,20,1.7453292519943295,0.5555555555555556,ABB,49.12640709480452,0.29613468391952236,0.08729060557391724,0.09786340034152081,0.0
558,20,1.7453292519943295,0.5555555555555556,ABB,49.48823037415969,0.2991883446827149,0.0856935745706155,0.0961307840134148,0.03993844548062047
559,20,1.7453292519943295,0.5555555555555556,ABB,49.729887522335986,0.3291133869355521,0.09374442757083172,0.10386712800012446,0.0
560,20,1.7453292519943295,0.5555555555555556,ABB,49.47342572401385,0.3035199085292131,0.08652254983621116,0.09827310310901323,0.03802187102148935
561,20,1.7453292519943295,0.5555555555555556,ABB,49.783736651653754,0.3018348778673694,0.0953818709516541,0.10496555856819034,0.0
562,20,1.7453292519943295,0.5555555555555556,ABB,49.97971285296011,0.295189068407569,0.07939561913040839,0.09974057614947647,0.03283964711139825
563,20,1.7453292519943295,0.5555555555555556,ABB,49.77105898574111,0.2944288999012831,0.09912920544305188,0.10763544089388745,0.0
564,20,1.7453292519943295,0.5555555555555556,ABB,50.06813315478175,0.3005467630062495,0.08891359814426963,0.10038313781340569,0.030805272414961303
565,20,1.7453292519943295,0.5555555555555556,ABB,50.256948926609745,0.32687239112559496,0.09056026925264996,0.10178764193481758,0.0
566,20,1.7453292519943295,0.5555555555555556,ABB,50.011364793186424,0.3005194809755296,0.08348084739391229,0.09858760277113861,0.033780502552311055
567,20,1.7453292519943295,0.5555555555555556,ABB,50.30396952911529,0.3282178643765347,0.09206161262537028,0.10092160976098685,0.0
568,20,1.7453292519943295,0.5555555555555556,ABB,50.519714110896956,0.3171518402019054,0.0766939077630814,0.09585824084149805,0.02671887968269196
569,20,1.7453292519943295,0.5555555555555556,ABB,50.25530798167677,0.3390734457347837,0.08740546817355804,0.09806812790672599,0.0
570,20,1.7453292519943295,0.5555555555555556,ABB,50.60509106719634,0.32766152099613843,0.0838788813862907,0.09573651696075582,0.016100681418210683
571,20,1.7453292519943295,0.5555555555555556,ABB,50.82886952365655,0.3313581631762754,0.09211459532367394,0.1025276331596305,0.0
572,20,1.7453292519943295,0.5555555555555556,ABB,50.543686526003505,0.31232930093276906,0.07679114452595676,0.09665018930042656,0.021697469837059107
573,20,1.7453292519943295,0.5555555555555556,ABB,50.877933160656774,0.32013774126122546,0.09440116421152818,0.1033581539051003,0.0
574,20,1.7453292519943295,0.5555555555555556,ABB,51.064179310365034,0.3018015976822209,0.08216248891705555,0.09952172271129632,0.053284845831755384
575,20,1.7453292519943295,0.5555555555555556,ABB,50.91413492235941,0.34743778429323763,0.09633775814876783,0.10603389387526868,0.0
576,20,1.7453292519943295,0.5555555555555556,ABB,51.145337681389606,0.308372946360834,0.0854134848282915,0.10005144343415241,0.04317311038524622
577,20,1.7453292519943295,0.5555555555555556,ABB,51.254558023789706,0.2840756219961835,0.08984245632359339,0.10266224673611915,0.0
578,20,1.7453292519943295,0.5555555555555556,ABB,51.074419408526595,0.29313802507056436,0.08149209592253417,0.09919910768005887,0.04377560498480905
579,20,1.7453292519943295,0.5555555555555556,ABB,51.271022272235975,0.257146446045745,0.09045335320209805,0.10145530396052195,0.0
580,20,1.7453292519943295,0.5555555555555556,ABB,51.4203852299532,0.25528758131379925,0.08074496505774137,0.09543498258260268,0.04293655837443223
581,20,1.7453292519943295,0.5555555555555556,ABB,51.19732040972042,0.28637536693811266,0.08666941910087168,0.09829308995231026,0.0
582,20,1.7453292519943295,0.5555555555555556,ABB,51.50272656286972,0.26367001257078676,0.0829636812869787,0.09526139885437368,0.04814283849940791
583,20,1.7453292519943295,0.5555555555555556,ABB,51.72429201655716,0.26703694218714946,0.09286639868531717,0.10156272402266918,0.0
584,20,1.7453292519943295,0.5555555555555556,ABB,51.41812835791091,0.2529645993330437,0.08230669587598205,0.09509505917993422,0.04705499283796156
585,20,1.7453292519943295,0.5555555555555556,ABB,51.78299672416576,0.23388030209326094,0.09421661255197726,0.10258748740640751,0.0
586,20,1.7453292519943295,0.5555555555555556,ABB,52.04353976165265,0.27339079956030066,0.08542147988071894,0.10048096452528792,0.054669025631000324
587,20,1.7453292519943295,0.5555555555555556,ABB,51.79646112679911,0.2686717473463957,0.09813090197155983,0.10513039582365541,0.0
588,20,1.7453292519943295,0.5555555555555556,ABB,52.15891162845199,0.2882169338558748,0.08982292965428973,0.10141418422790838,0.04364399041489285
589,20,1.7453292519943295,0.5555555555555556,ABB,52.34704682700931,0.3076211642421287,0.0927833676286938,0.10364245252922734,0.0
590,20,1.7453292519943295,0.5555555555555556,ABB,52.10376021673833,0.2708531375271719,0.08936340475135124,0.10192680290054243,0.047718998931079226
591,20,1.7453292519943295,0.5555555555555556,ABB,52.39830823918247,0.2836790982158102,0.09311874197023555,0.10257555903294864,0.0
592,20,1.7453292519943295,0.5555555555555556,ABB,52.59176908206114,0.3006965045427816,0.08231881679443184,0.09583684442357328,0.04883170278403037
593,20,1.7453292519943295,0.5555555555555556,ABB,52.37497461153423,0.3153462542084432,0.08907568498184476,0.09979509759144352,0.0
594,20,1.7453292519943295,0.5555555555555556,ABB,52.700310738229895,0.3213279247191863,0.08205700120145182,0.09466284200622979,0.0343201890604046
595,20,1.7453292519943295,0.5555555555555556,ABB,52.91239949896556,0.3401567987360185,0.09093203327564178,0.09928788768571291,0.0
596,20,1.7453292519943295,0.5555555555555556,ABB,52.63575268993633,0.3178439281362236,0.07628717701520205,0.09273900720009978,0.03973076685869726
597,20,1.7453292519943295,0.5555555555555556,ABB,52.95371423502898,0.31417329429251506,0.09046008304029482,0.10034893988620965,0.0
598,20,1.7453292519943295,0.5555555555555556,ABB,53.1501902555397,0.291146433605329,0.08229711874822537,0.09730909237718025,0.03503745492244299
599,20,1.7453292519943295,0.5555555555555556,ABB,52.943416792107456,0.30973869255959846,0.093791688623641,0.10178883742602077,0.0
600,20,1.7453292519943295,0.5555555555555556,ABB,53.26078712822141,0.30332137650272306,0.08825194040714976,0.09896888756532764,0.033654252738237404
601,20,1.7453292519943295,0.5555555555555556,ABB,53.454768903363615,0.32659730638643625,0.09111963299735118,0.10238344889373302,0.0
602,20,1.7453292519943295,0.5555555555555556,ABB,53.2543984336557,0.30815912664162226,0.08782839772249341,0.10072277340165406,0.031212035404093032
603,20,1.7453292519943295,0.5555555555555556,ABB,53.497561191183635,0.31760975927964297,0.09351332241036361,0.1029559994687549,0.0
604,20,1.7453292519943295,0.5555555555555556,ABB,53.667748826869456,0.30205228518557425,0.07342598734360278,0.09595289664117715,0.024428958163603832
605,20,1.7453292519943295,0.5555555555555556,ABB,53.43938968979107,0.3179636492552541,0.09106966575039455,0.10106124336084632,0.0
606,20,1.7453292519943295,0.5555555555555556,ABB,53.72885988125321,0.3036699085856253,0.08307978542229916,0.0956728978850156,0.02277969418986989
607,20,1.7453292519943295,0.5555555555555556,ABB,53.93897086319454,0.31075145032153934,0.08989848327641946,0.09914214589607243,0.0
608,20,1.7453292519943295,0.5555555555555556,ABB,53.62973024739826,0.2930597713183399,0.07441293104517899,0.09348907418421591,0.028691183907824127
609,20,1.7453292519943295,0.5555555555555556,ABB,53.989321431788156,0.30688802354725486,0.09174406062471734,0.0998993856665051,0.0
610,20,1.7453292519943295,0.5555555555555556,ABB,54.23337657003659,0.30377413163796574,0.08178907521997707,0.09798909516822213,0.04544192226435549
611,20,1.7453292519943295,0.5555555555555556,ABB,54.002825609264235,0.33735701857336614,0.09184695037781807,0.1007006114928361,0.0
612,20,1.7453292519943295,0.5555555555555556,ABB,54.3313620768042,0.3155775967070827,0.0860220871095233,0.09910875081562169,0.031273208227270394
613,20,1.7453292519943295,0.5555555555555556,ABB,54.4932582479606,0.3010934836435462,0.091885871259612,0.10369359678974219,0.0
614,20,1.7453292519943295,0.5555555555555556,ABB,54.28481954407374,0.29223639308200783,0.08323066829402963,0.10132855285776529,0.03400634919001067
615,20,1.7453292519943295,0.5555555555555556,ABB,54.527728447467524,0.2753122339707611,0.09302211048682928,0.10370085709106233,0.0
616,20,1.7453292519943295,0.5555555555555556,ABB,54.665435484575866,0.27422195679354316,0.08141145762281801,0.09676536032611104,0.05754256239233523
617,20,1.7453292519943295,0.5555555555555556,ABB,54.51529958587663,0.3155352600595517,0.09092358479296571,0.10263102855531428,0.0
618,20,1.7453292519943295,0.5555555555555556,ABB,54.74200201791881,0.28294010632430383,0.08064794885536405,0.09557137663419205,0.053466203725714465
619,20,1.7453292519943295,0.5555555555555556,ABB,54.892229028268375,0.2699677663009174,0.08942355551390864,0.09914247660959138,0.0
620,20,1.7453292519943295,0.5555555555555556,ABB,54.63609661488722,0.27265436721514663,0.07692787841329837,0.09265042531306145,0.054520481620229946
621,20,1.7453292519943295,0.5555555555555556,ABB,54.922536321442486,0.2323156668987192,0.08865241262649244,0.0992026483106515,0.0
622,20,1.7453292519943295,0.5555555555555556,ABB,55.147344600602736,0.2514206163154371,0.08441845879731658,0.09682753569057241,0.04364404778113485
623,20,1.7453292519943295,0.5555555555555556,ABB,54.876368317114334,0.25593698906013157,0.09024560071605958,0.09880783582642312,0.0
624,20,1.7453292519943295,0.5555555555555556,ABB,55.26747570472339,0.2672673170803805,0.08822472794203123,0.09806257274358701,0.04493092067454392
625,20,1.7453292519943295,0.5555555555555556,ABB,55.51066754078936,0.29755903022042607,0.09387140744646945,0.10356417906502831,0.0
626,20,1.7453292519943295,0.5555555555555556,ABB,55.24210751047838,0.2594769400602909,0.09192000453118071,0.10107611884042288,0.043651215951991056
627,20,1.7453292519943295,0.5555555555555556,ABB,55.57879070730891,0.271264462218413,0.09572147471995313,0.10431313355993706,0.0
628,20,1.7453292519943295,0.5555555555555556,ABB,55.800924490982105,0.30210115751221134,0.08024240786782626,0.09841718889298767,0.04786462777995623
629,20,1.7453292519943295,0.5555555555555556,ABB,55.583052905291225,0.29713783694998863,0.09611000864128844,0.10464599949483781,0.0
630,20,1.7453292519943295,0.5555555555555556,ABB,55.89992685039711,0.3167394313072088,0.08464807645766292,0.09737760555637957,0.03212543733158694
631,20,1.7453292519943295,0.5555555555555556,ABB,56.08914560104766,0.33882486384031507,0.08954283558127443,0.09903453280973032,0.0
632,20,1.7453292519943295,0.5555555555555556,ABB,55.81320721100663,0.30699839801175344,0.07683530750361772,0.09434729333015489,0.04120453471543006
633,20,1.7453292519943295,0.5555555555555556,ABB,56.131248431839204,0.3244689295584748,0.08859221432530194,0.0986044701425013,0.0
634,20,1.7453292519943295,0.5555555555555556,ABB,56.339887174362474,0.30671699659412016,0.08174175941118843,0.09469694512117677,0.035928133990053755
635,20,1.7453292519943295,0.5555555555555556,ABB,56.10813012524484,0.3344261028206702,0.08667318354578857,0.09711668399504954,0.0
636,20,1.7453292519943295,0.5555555555555556,ABB,56.45746460859222,0.3258547958775699,0.08426457949476839,0.09509033361008412,0.026256283907580863
637,20,1.7453292519943295,0.5555555555555556,ABB,56.67353083756604,0.3426278792083405,0.09110558090593056,0.1015754675341429,0.0
638,20,1.7453292519943295,0.5555555555555556,ABB,56.452356133643335,0.32615153763748905,0.08206956420208394,0.09741364426037975,0.026278820424739682
639,20,1.7453292519943295,0.5555555555555556,ABB,56.71479699191835,0.3248573401365764,0.09280675479401454,0.10294724606893683,0.0
640,20,1.7453292519943295,0.5555555555555556,ABB,56.863099756833506,0.29454031931549496,0.0755382130926387,0.09705430347525143,0.03256046142461987
641,20,1.7453292519943295,0.5555555555555556,ABB,56.69598415178154,0.3215005505868412,0.09484694190878096,0.10402173498267453,0.0
642,20,1.7453292519943295,0.5555555555555556,ABB,56.9271468238728,0.29451636542743465,0.08419616317577996,0.09717409212619299,0.034218360608388704
643,20,1.7453292519943295,0.5555555555555556,ABB,57.087123315379955,0.2960360326778834,0.08797634097160917,0.09940462809251344,0.0
644,20,1.7453292519943295,0.5555555555555556,ABB,56.84324493618102,0.29125387329747826,0.07807383535719384,0.09528045162904754,0.035739518400635446
645,20,1.7453292519943295,0.5555555555555556,ABB,57.12156027424723,0.28993992428931664,0.08968931541974093,0.09904659110036142,0.0
646,20,1.7453292519943295,0.5555555555555556,ABB,57.34340489244877,0.28793365869897525,0.07750290585893083,0.09522027952608264,0.03180689631108861
647,20,1.7453292519943295,0.5555555555555556,ABB,57.06688123744553,0.31147899616191066,0.08649563584444037,0.0972022591058113,0.0
648,20,1.7453292519943295,0.5555555555555556,ABB,57.42835014068435,0.29632455674702374,0.08408897321467784,0.09561206473646304,0.026775139781365476
649,20,1.7453292519943295,0.5555555555555556,ABB,57.65362763122442,0.2954098135430138,0.09222952708978513,0.10220654548687322,0.0
650,20,1.7453292519943295,0.5555555555555556,ABB,57.36435806560264,0.2743600583058875,0.08061019880140857,0.09752519152745995,0.030438759769024767
651,20,1.7453292519943295,0.5555555555555556,ABB,57.71205030272169,0.27486843372700226,0.09408446348514377,0.10294758041842256,0.0
652,20,1.7453292519943295,0.5555555555555556,ABB,57.91818113064346,0.2912271512129166,0.08297701181726408,0.09886726916300718,0.064130851929539
653,20,1.7453292519943295,0.5555555555555556,ABB,57.756908596751956,0.32275793574134587,0.09535280977259342,0.1049601228958416,0.0
654,20,1.7453292519943295,0.5555555555555556,ABB,58.00994894575224,0.30314583612612134,0.083402145067569,0.09800919681000185,0.04858473200911514
655,20,1.7453292519943295,0.5555555555555556,ABB,58.12797926725496,0.28650475701146216,0.08871165845081495,0.10068994029379058,0.0
656,20,1.7453292519943295,0.5555555555555556,ABB,57.91833687935186,0.2834699097268857,0.07921769917687982,0.09639112127118193,0.0527292819649537
657,20,1.7453292519943295,0.5555555555555556,ABB,58.148881793599244,0.25069564077484635,0.08750530241392351,0.09908518410141633,0.0
658,20,1.7453292519943295,0.5555555555555556,ABB,58.31706240921514,0.25683881316837415,0.08315501771382472,0.09376504420627294,0.04731321286555182
659,20,1.7453292519943295,0.5555555555555556,ABB,58.086968926696315,0.28100195930464567,0.08466109305310761,0.09643963795251043,0.0
660,20,1.7453292519943295,0.5555555555555556,ABB,58.427782166227,0.27452860764665404,0.08280203572197208,0.09331578640489732,0.048489274159715795
661,20,1.7453292519943295,0.5555555555555556,ABB,58.66627406290202,0.29548095762796966,0.09171810436453527,0.1004836513100404,0.0
662,20,1.7453292519943295,0.5555555555555556,ABB,58.38364307384211,0.27322758790067214,0.08437494356440761,0.09428138119059072,0.04661416059307257
663,20,1.7453292519943295,0.5555555555555556,ABB,58.72393421868891,0.2603121747399929,0.09279769966052935,0.10153619995122264,0.0
664,20,1.7453292519943295,0.5555555555555556,ABB,58.95613616177959,0.28098948010331015,0.08099103550031655,0.09832140904592283,0.0415017222366378
665,20,1.7453292519943295,0.5555555555555556,ABB,58.722712008285484,0.27038515193267143,0.09743191121512965,0.10391646921764053,0.0
666,20,1.7453292519943295,0.5555555555555556,ABB,59.06445479491515,0.2929727795618075,0.08867621320194329,0.09892434651365965,0.035650372123823285
667,20,1.7453292519943295,0.5555555555555556,ABB,59.26593317053236,0.3269232153690332,0.09004097095231901,0.10078656736182379,0.0
668,20,1.7453292519943295,0.5555555555555556,ABB,59.01412642801228,0.2877712491976264,0.08572140136359012,0.0987683968564573,0.03978457401154562
669,20,1.7453292519943295,0.5555555555555556,ABB,59.318261148081206,0.3186862566687845,0.0909678197849434,0.09983485432565121,0.0
670,20,1.7453292519943295,0.5555555555555556,ABB,59.530645626027585,0.31851146429440613,0.07742843155406585,0.09376291869665655,0.03300800224031903
671,20,1.7453292519943295,0.5555555555555556,ABB,59.28082042767147,0.33376611071466716,0.08621351546037098,0.09744583668465408,0.0
672,20,1.7453292519943295,0.5555555555555556,ABB,59.62864973708509,0.3347343048722696,0.08169088620753318,0.09277492650110476,0.01847322521899115
673,20,1.7453292519943295,0.5555555555555556,ABB,59.85547074785231,0.3502850354528977,0.08943850465112906,0.09861709172876114,0.0
674,20,1.7453292519943295,0.5555555555555556,ABB,59.57296299785674,0.3271417275657676,0.07381432086549944,0.09212506765272224,0.0253010255281011
675,20,1.7453292519943295,0.5555555555555556,ABB,59.900641122147405,0.33731402024889084,0.09024994840914739,0.09937396082130777,0.0
676,20,1.7453292519943295,0.5555555555555556,ABB,60.084525404361585,0.3041936248143755,0.07922342511625274,0.0961861505008453,0.040230755937057446
677,20,1.7453292519943295,0.5555555555555556,ABB,59.918322716704914,0.3437245917518391,0.09281743804549711,0.10139470029813707,0.0
678,20,1.7453292519943295,0.5555555555555556,ABB,60.17390885498788,0.3119160307366098,0.08481067627800523,0.09702960109183933,0.03446162551458104
679,20,1.7453292519943295,0.5555555555555556,ABB,60.31495259096481,0.305843419067673,0.08791616926772595,0.10064214879665057,0.0
680,20,1.7453292519943295,0.5555555555555556,ABB,60.13538121073786,0.30737781796820846,0.08150455282750856,0.09796295150537554,0.033587195505371197
681,20,1.7453292519943295,0.5555555555555556,ABB,60.337861622902714,0.29047765316649216,0.08990365827170287,0.10002527334096901,0.0
682,20,1.7453292519943295,0.5555555555555556,ABB,60.487359124345744,0.2749535775737945,0.07492812532332273,0.09354099295939527,0.03188268654734146
683,20,1.7453292519943295,0.5555555555555556,ABB,60.2640354549039,0.3050691739632462,0.08632683480310017,0.09795207234641493,0.0
684,20,1.7453292519943295,0.5555555555555556,ABB,60.54951011197821,0.27707595048919575,0.0814183928167314,0.09316033538753289,0.036022291978251256
685,20,1.7453292519943295,0.5555555555555556,ABB,60.762692862940604,0.27539684562093686,0.08953755390413676,0.09852122039943208,0.0
686,20,1.7453292519943295,0.5555555555555556,ABB,60.450489225318684,0.26420361213571386,0.0767249701896519,0.09196664902459885,0.03804623928362952
687,20,1.7453292519943295,0.5555555555555556,ABB,60.817515411749376,0.25562550923976746,0.09132254721012498,0.09894640673425638,0.0
688,20,1.7453292519943295,0.5555555555555556,ABB,61.07777351069339,0.28172235291834996,0.08261196163934184,0.09755634229316035,0.053398391988610724
689,20,1.7453292519943295,0.5555555555555556,ABB,60.836876147271425,0.2963863902957198,0.09327667062681552,0.10085406086251299,0.0
690,20,1.7453292519943295,0.5555555555555556,ABB,61.184857046490855,0.29526512260955,0.08667566151504133,0.09821055133722567,0.040346452554044426
691,20,1.7453292519943295,0.5555555555555556,ABB,61.35598297777109,0.29454563803827716,0.09067188987527133,0.10202335048128156,0.0
692,20,1.7453292519943295,0.5555555555555556,ABB,61.1262192947419,0.2706494891235525,0.08531245126687723,0.09986092527996542,0.04438204809434783
693,20,1.7453292519943295,0.5555555555555556,ABB,61.3989069172639,0.26482728009730305,0.09127393372486457,0.10079934829310583,0.0
694,20,1.7453292519943295,0.5555555555555556,ABB,61.56782697723802,0.2824965367474582,0.08226639188232293,0.09419521563913469,0.05833901541537578
695,20,1.7453292519943295,0.5555555555555556,ABB,61.38388010201226,0.30860078047555217,0.08788426943462842,0.09920873146064126,0.0
696,20,1.7453292519943295,0.5555555555555556,ABB,61.667582305514344,0.30047212100751475,0.0802239454038057,0.09262699747605134,0.04723995165260436
697,20,1.7453292519943295,0.5555555555555556,ABB,61.85233358392013,0.30654052974038243,0.08848924410521274,0.0971232815996075,0.0
698,20,1.7453292519943295,0.5555555555555556,ABB,61.58214686854937,0.2938803673141927,0.07620636026896133,0.09000888759149987,0.05080446771212499
699,20,1.7453292519943295,0.5555555555555556,ABB,61.88789547020062,0.2696076918495395,0.0876596283661151,0.0970533138147166,0.0
700,20,1.7453292519943295,0.5555555555555556,ABB,62.099896592988095,0.26882182642354646,0.08261122848787719,0.09470227573253347,0.03823676641329515
701,20,1.7453292519943295,0.5555555555555556,ABB,61.85915901626929,0.2755330751177836,0.09058090787020023,0.09776207231608242,0.0
702,20,1.7453292519943295,0.5555555555555556,ABB,62.22278959380569,0.2848855341677725,0.08766031872958008,0.09627239753560038,0.0389127758366038
703,20,1.7453292519943295,0.5555555555555556,ABB,62.4519112834126,0.3213794738989297,0.09068840233627333,0.10050723538656707,0.0
704,20,1.7453292519943295,0.5555555555555556,ABB,62.21852921756802,0.2884163976299803,0.08937602957776486,0.09882558486390765,0.03671837866914254
705,20,1.7453292519943295,0.5555555555555556,ABB,62.50846140859012,0.30573794374862445,0.09307972720284327,0.10101383307362953,0.0
706,20,1.7453292519943295,0.5555555555555556,ABB,62.705972680627276,0.3088818157247408,0.07441360620011568,0.09461806305667975,0.02982258894857505
707,20,1.7453292519943295,0.5555555555555556,ABB,62.47401062829071,0.30991053322383766,0.09166969465239383,0.10050791423955385,0.0
708,20,1.7453292519943295,0.5555555555555556,ABB,62.78328499364744,0.3162865661439978,0.0830587632752522,0.09404041382145992,0.02118927906217291
709,20,1.7453292519943295,0.5555555555555556,ABB,62.99392142105239,0.3366381696637939,0.08758321760657194,0.09640911577015386,0.0
710,20,1.7453292519943295,0.5555555555555556,ABB,62.69303539348802,0.30847579998123076,0.07367463727150493,0.0911813780172164,0.029594748786736454
711,20,1.7453292519943295,0.5555555555555556,ABB,63.04162038717382,0.33449273091217385,0.08862638517776245,0.09630153493024311,0.0
712,20,1.7453292519943295,0.5555555555555556,ABB,63.27117490389554,0.3153118092622963,0.07886381499230043,0.093832075682746,0.03685865900951445
713,20,1.7453292519943295,0.5555555555555556,ABB,63.04187474785236,0.35113259271409625,0.08738928259917317,0.09617490633505238,0.0
714,20,1.7453292519943295,0.5555555555555556,ABB,63.37330803051783,0.3292799276687567,0.08359956837630664,0.0948175379856091,0.023510827074328233
715,20,1.7453292519943295,0.5555555555555556,ABB,63.55448205127463,0.3243636053092069,0.08912125162894051,0.10002822314697235,0.0
716,20,1.7453292519943295,0.5555555555555556,ABB,63.34816982082633,0.3161990535820443,0.07956780220589299,0.09719799567216857,0.025761130950293344
717,20,1.7453292519943295,0.5555555555555556,ABB,63.58720587874859,0.3053225751755562,0.09121074710683025,0.10052551015704633,0.0
718,20,1.7453292519943295,0.5555555555555556,ABB,63.71593564388246,0.28237766449287766,0.07699396180730456,0.09436029462614058,0.045591472306493214
719,20,1.7453292519943295,0.5555555555555556,ABB,63.571030530218884,0.32596842907308066,0.09041272162811387,0.10060418765226581,0.0
720,20,1.7453292519943295,0.5555555555555556,ABB,63.77785179312714,0.28474090330929996,0.0807276212149211,0.09402516945444254,0.04559776404202599
721,20,1.7453292519943295,0.5555555555555556,ABB,63.92104696685638,0.26984268702301817,0.0867576784748488,0.09670977820660352,0.0
722,20,1.7453292519943295,0.5555555555555556,ABB,63.67328851490458,0.2758959090907774,0.07581166483094096,0.09129608968391482,0.046153320772818904
723,20,1.7453292519943295,0.5555555555555556,ABB,63.94965459076322,0.2447711734161639,0.08755912085786757,0.09633398537132781,0.0
724,20,1.7453292519943295,0.5555555555555556,ABB,64.17553766569937,0.2590311221927169,0.08039063341507796,0.0938800716660878,0.040415484932951586
725,20,1.7453292519943295,0.5555555555555556,ABB,63.89683791831101,0.2733273851231271,0.08686567296408196,0.09536062451510735,0.0
726,20,1.7453292519943295,0.5555555555555556,ABB,64.27837820078943,0.2708443445491847,0.08535355569491315,0.09505114708065557,0.04007727253971445
727,20,1.7453292519943295,0.5555555555555556,ABB,64.51572738465694,0.2845163574272301,0.09174858159510554,0.10039461900898101,0.0
728,20,1.7453292519943295,0.5555555555555556,ABB,64.22960736166723,0.25348298784214635,0.08637778283884405,0.09756108753434756,0.04095766957118479
729,20,1.7453292519943295,0.5555555555555556,ABB,64.58107929646509,0.256614106666138,0.0938107381002888,0.10108439806142783,0.0
730,20,1.7453292519943295,0.5555555555555556,ABB,64.80456577350643,0.2925623168327741,0.08186158857287282,0.09657754431064727,0.059796334785985186
731,20,1.7453292519943295,0.5555555555555556,ABB,64.60945552483645,0.3001841481703012,0.09442989225186091,0.10218359329759624,0.0
732,20,1.7453292519943295,0.5555555555555556,ABB,64.90575162111044,0.3086651096394853,0.08327515610352806,0.09581039352115915,0.041965645274945104
733,20,1.7453292519943295,0.5555555555555556,ABB,65.06365789581366,0.3161993317539,0.08776664737448843,0.09718532101315573,0.0
734,20,1.7453292519943295,0.5555555555555556,ABB,64.81335296712756,0.2931719602814058,0.07768758697812696,0.09308013173360698,0.04968651904665447
735,20,1.7453292519943295,0.5555555555555556,ABB,65.09610313007288,0.288016355837282,0.0865617703190105,0.09611881809870683,0.0
736,20,1.7453292519943295,0.5555555555555556,ABB,65.28819064135656,0.28350542977739646,0.08207635214107718,0.0918134809795275,0.04154251419837927
737,20,1.7453292519943295,0.5555555555555556,ABB,65.05518961477651,0.30646348145975605,0.08426014729980537,0.09405032198915633,0.0
738,20,1.7453292519943295,0.5555555555555556,ABB,65.41070778548384,0.30463730541476997,0.08258061873588587,0.09223908984974231,0.03605518115340129
739,20,1.7453292519943295,0.5555555555555556,ABB,65.64644324513857,0.3306140353715488,0.08981120253464772,0.09786458504870271,0.0
740,20,1.7453292519943295,0.5555555555555556,ABB,65.39917072487256,0.3084135898523407,0.08211775062194047,0.09377204266291485,0.035204766429468834
741,20,1.7453292519943295,0.5555555555555556,ABB,65.69582022159018,0.3051273510175656,0.0912183661617259,0.099626973410004,0.0
742,20,1.7453292519943295,0.5555555555555556,ABB,65.8793596125638,0.2919405594693623,0.07602628427086136,0.09518236699248794,0.03107563508863327
743,20,1.7453292519943295,0.5555555555555556,ABB,65.68066931370595,0.298614292900633,0.09449152609801213,0.10110528493963258,0.0
744,20,1.7453292519943295,0.5555555555555556,ABB,65.96209301029498,0.2967739269273419,0.08552778234994035,0.09596999084938555,0.03053267329963937
745,20,1.7453292519943295,0.5555555555555556,ABB,66.14810115150645,0.3195404467910132,0.08708480198964702,0.09714558357739682,0.0
746,20,1.7453292519943295,0.5555555555555556,ABB,65.8989719450149,0.2963857731845288,0.08054824298729313,0.0946994333827797,0.03332018963249371
747,20,1.7453292519943295,0.5555555555555556,ABB,66.19115451635216,0.3185094850909161,0.0891418874986213,0.09688683645580272,0.0
748,20,1.7453292519943295,0.5555555555555556,ABB,66.4114325029565,0.31021118713801893,0.07460860859246209,0.09234629997521984,0.027172795254908164
749,20,1.7453292519943295,0.5555555555555556,ABB,66.14157836899689,0.33206632766059574,0.08508027336205745,0.09474950449240704,0.0
750,20,1.7453292519943295,0.5555555555555556,ABB,66.49608997131779,0.3203575925197134,0.08180480132390931,0.0926623517144385,0.017161780822630954
751,20,1.7453292519943295,0.5555555555555556,ABB,66.72321624816772,0.32385360766323074,0.0892394523619401,0.09769797556083086,0.0
752,20,1.7453292519943295,0.5555555555555556,ABB,66.43467070480474,0.3034875141654799,0.07482371220790851,0.09331398890024148,0.023461580164348766
753,20,1.7453292519943295,0.5555555555555556,ABB,66.77394726676046,0.31101318377896203,0.09112859602091268,0.09897282021716411,0.0
754,20,1.7453292519943295,0.5555555555555556,ABB,66.96443769453339,0.29887310379580584,0.08004936995812963,0.09568835919517475,0.053836503866849614
755,20,1.7453292519943295,0.5555555555555556,ABB,66.81356636654093,0.34279377342012807,0.0923562864326957,0.1006848783624003,0.0
756,20,1.7453292519943295,0.5555555555555556,ABB,67.0490402722558,0.3076510650512216,0.082345462415395,0.09591571758909664,0.04212717026798477
757,20,1.7453292519943295,0.5555555555555556,ABB,67.1619507434452,0.28639350168441724,0.08676971945889637,0.09833213433746193,0.0
758,20,1.7453292519943295,0.5555555555555556,ABB,66.97512047370628,0.2920548504952319,0.0782598577950227,0.09525908626490173,0.04387174484238523
759,20,1.7453292519943295,0.5555555555555556,ABB,67.17849403642761,0.2573265708167096,0.08703444897819057,0.09745966404023752,0.0
760,20,1.7453292519943295,0.5555555555555556,ABB,67.33096886687723,0.2553746238590782,0.07894824462608464,0.09187348412570928,0.04308922556792444
761,20,1.7453292519943295,0.5555555555555556,ABB,67.10645656798961,0.28593514806171827,0.08390470362479864,0.09499758146831208,0.0
762,20,1.7453292519943295,0.5555555555555556,ABB,67.41750804150418,0.265335462745048,0.0808434447009048,0.09178660338946351,0.04739762347506146
763,20,1.7453292519943295,0.5555555555555556,ABB,67.64495005680028,0.2729163774259542,0.08966750829164442,0.09719074725981874,0.0
764,20,1.7453292519943295,0.5555555555555556,ABB,67.3430168950949,0.25746833624869847,0.08053394197862475,0.09171882478470089,0.04662850608840519
765,20,1.7453292519943295,0.5555555555555556,ABB,67.70199071623011,0.2398534848562372,0.0909426181127011,0.0984663832040862,0.0
766,20,1.7453292519943295,0.5555555555555556,ABB,67.95694748566042,0.2738213477713464,0.08176846388080929,0.09659950459969334,0.0493442519395989
767,20,1.7453292519943295,0.5555555555555556,ABB,67.71212214546327,0.268832850348522,0.09459619552647495,0.10029598782457465,0.0
768,20,1.7453292519943295,0.5555555555555556,ABB,68.06983347749873,0.2883850381149576,0.08718128832272816,0.09738545337127866,0.03977722059168173
769,20,1.7453292519943295,0.5555555555555556,ABB,68.26377133858763,0.31202860363705526,0.08948094752712579,0.09945277711102811,0.0
770,20,1.7453292519943295,0.5555555555555556,ABB,68.01579903652029,0.2736423245406968,0.08589677198821216,0.09804081165839205,0.04460413491747222
771,20,1.7453292519943295,0.5555555555555556,ABB,68.31491278302985,0.2914745078685744,0.09008510231453107,0.09865217234784122,0.0
772,20,1.7453292519943295,0.5555555555555556,ABB,68.51362138596008,0.3045396505756724,0.07932360368821023,0.09241979615074807,0.04518714260822423
773,20,1.7453292519943295,0.5555555555555556,ABB,68.28993863576076,0.3202442258132691,0.08604865882129296,0.09663282426620502,0.0
774,20,1.7453292519943295,0.5555555555555556,ABB,68.6198643429625,0.3244352533229357,0.08006199981293338,0.09127184931572804,0.029930447384560917
775,20,1.7453292519943295,0.5555555555555556,ABB,68.83548776735506,0.34202167382768867,0.08785280628080586,0.09544841873147109,0.0
776,20,1.7453292519943295,0.5555555555555556,ABB,68.55702425625594,0.31970035126863594,0.07352615410513272,0.08954942725719547,0.036250840001787195
777,20,1.7453292519943295,0.5555555555555556,ABB,68.87684580213673,0.31872920873167504,0.0874502174996631,0.09643101556695478,0.0
778,20,1.7453292519943295,0.5555555555555556,ABB,69.06964966871823,0.2924298428528158,0.07921129671903213,0.09372128747751243,0.03510544280966246
779,20,1.7453292519943295,0.5555555555555556,ABB,68.8735022900222,0.3172486074934483,0.09024752351694143,0.09742494077566133,0.0
780,20,1.7453292519943295,0.5555555555555556,ABB,69.17543430754804,0.3041743601580434,0.08509104130084429,0.09496881665782919,0.03297548969044762
781,20,1.7453292519943295,0.5555555555555556,ABB,69.35980383627368,0.32206012670791,0.0875896429397592,0.0986507890697712,0.0
782,20,1.7453292519943295,0.5555555555555556,ABB,69.16266745723456,0.30765246551674014,0.0839025037035854,0.09676929824311395,0.03117939195805932
783,20,1.7453292519943295,0.5555555555555556,ABB,69.39633591701819,0.31088469490724213,0.0901684271241569,0.09892650488154943,0.0
784,20,1.7453292519943295,0.5555555555555556,ABB,69.5624901297247,0.29499852854665687,0.07198952747187884,0.09250470419656338,0.025073258837341506
785,20,1.7453292519943295,0.5555555555555556,ABB,69.33294924912506,0.3136847913984611,0.08778611708352996,0.09767821586335601,0.0
786,20,1.7453292519943295,0.5555555555555556,ABB,69.62316340154254,0.2968883682621079,0.08124081863339411,0.09236101939457152,0.024670755975177684
787,20,1.7453292519943295,0.5555555555555556,ABB,69.83783422252598,0.30359010551881177,0.08735806880057573,0.09563515917557508,0.0
788,20,1.7453292519943295,0.5555555555555556,ABB,69.52464884517941,0.28616435415897123,0.07331775015202005,0.09046560282346491,0.030164449893333306
789,20,1.7453292519943295,0.5555555555555556,ABB,69.88906024269413,0.29680343316909863,0.08912670840690719,0.09627911872369482,0.0
790,20,1.7453292519943295,0.5555555555555556,ABB,70.1391089340038,0.29953040274752435,0.07942351924882929,0.09471984897722381,0.045497939539531934
791,20,1.7453292519943295,0.5555555555555556,ABB,69.90540052531912,0.32949670082043087,0.08905174963309165,0.09699023100923633,0.0
792,20,1.7453292519943295,0.5555555555555556,ABB,70.23871625045047,0.3119754411755005,0.083741708134393,0.09538979081728666,0.031188112918172164
793,20,1.7453292519943295,0.5555555555555556,ABB,70.40459994468964,0.30113668261188203,0.08869654432796793,0.09991349223523234,0.0
794,20,1.7453292519943295,0.5555555555555556,ABB,70.19050446291614,0.2885366384388728,0.08055300300624302,0.09747591751601623,0.035097601218624465
795,20,1.7453292519943295,0.5555555555555556,ABB,70.44018424763254,0.274687046432509,0.08980335019197934,0.09944217165639786,0.0
796,20,1.7453292519943295,0.5555555555555556,ABB,70.5833441890799,0.27598599734843177,0.07972435676857414,0.09308587252059887,0.05698343630588479
797,20,1.7453292519943295,0.5555555555555556,ABB,70.42720268509791,0.31544676229820584,0.08753456109334887,0.09883144145423348,0.0
798,20,1.7453292519943295,0.5555555555555556,ABB,70.66448045510099,0.2870669035824591,0.07895879778443046,0.09188498194310306,0.05109160665367747
799,20,1.7453292519943295,0.5555555555555556,ABB,70.82259041305443,0.2782717151833628,0.0866483679525035,0.09547251480074784,0.0
800,20,1.7453292519943295,0.5555555555555556,ABB,70.56307943139228,0.27779282979219205,0.07527677660386965,0.08924395961373549,0.0528796412961792
801,20,1.7453292519943295,0.5555555555555556,ABB,70.85267248984846,0.24062942019100975,0.08612636680958867,0.0953153702246234,0.0
802,20,1.7453292519943295,0.5555555555555556,ABB,71.07436874118186,0.2541979483104903,0.08167363396578826,0.09326611670943133,0.04136769497731714
803,20,1.7453292519943295,0.5555555555555556,ABB,70.81037232514856,0.2603507176693442,0.08774137382322403,0.09499504656158879,0.0
804,20,1.7453292519943295,0.5555555555555556,ABB,71.1939705110384,0.269916431702426,0.08610517911938267,0.09444084609576518,0.04291024258521055
805,20,1.7453292519943295,0.5555555555555556,ABB,71.43647649736522,0.3019893337040896,0.09039436558873543,0.09948545045243064,0.0
806,20,1.7453292519943295,0.5555555555555556,ABB,71.17347658181899,0.26496009555352396,0.08879270083499219,0.09724191432712104,0.04190595432880333
807,20,1.7453292519943295,0.5555555555555556,ABB,71.50101268443744,0.27787817697760714,0.09257773402712925,0.09994190740183106,0.0
808,20,1.7453292519943295,0.5555555555555556,ABB,71.71928587693128,0.3028188220488313,0.0773563872344761,0.09442791069354248,0.042933492942515
809,20,1.7453292519943295,0.5555555555555556,ABB,71.4961752616437,0.2991595530414982,0.09238467232739586,0.10055437209678654,0.0
810,20,1.7453292519943295,0.5555555555555556,ABB,71.81348296622824,0.31642922047949446,0.08287978345378982,0.09364361244575763,0.028471649567192746
811,20,1.7453292519943295,0.5555555555555556,ABB,72.00999454951622,0.33922567295932443,0.08674871013428564,0.09515988083280481,0.0
812,20,1.7453292519943295,0.5555555555555556,ABB,71.72501051281252,0.30682535021032586,0.0747269056139866,0.09076972216855,0.037779942974471556
813,20,1.7453292519943295,0.5555555555555556,ABB,72.0527795973271,0.32749282814403313,0.08641163826330103,0.09465709809223831,0.0
814,20,1.7453292519943295,0.5555555555555556,ABB,72.26738294207841,0.3092214248587982,0.07886423099897044,0.09142947155991306,0.035688045124033646
815,20,1.7453292519943295,0.5555555555555556,ABB,72.03637649232658,0.33958042298637214,0.08443561080518966,0.09340933099546372,0.0
816,20,1.7453292519943295,0.5555555555555556,ABB,72.38110094458537,0.32737544488418197,0.0820373238977526,0.09187292301410331,0.024623885770869894
817,20,1.7453292519943295,0.5555555555555556,ABB,72.59024557264054,0.3392706653123499,0.0877491168192486,0.09774757733036313,0.0
818,20,1.7453292519943295,0.5555555555555556,ABB,72.37238883942373,0.32501503123653414,0.07877183186155,0.09405157149202734,0.025855312790905256
819,20,1.7453292519943295,0.5555555555555556,ABB,72.62799644054883,0.3210125088209751,0.08981094586625255,0.09865413216697343,0.0
820,20,1.7453292519943295,0.5555555555555556,ABB,72.7701741263206,0.2906836066799085,0.07424262357028802,0.09313850931934281,0.03415047651366083
821,20,1.7453292519943295,0.5555555555555556,ABB,72.6084509277022,0.3221989289955255,0.09093813670671935,0.09978997218851599,0.0
822,20,1.7453292519943295,0.5555555555555556,ABB,72.83320376718011,0.2916040517012701,0.08196127636641128,0.09346568523441186,0.035703691135155036
823,20,1.7453292519943295,0.5555555555555556,ABB,72.99169470866084,0.290844608594282,0.08546168192428234,0.09538624728643949,0.0
824,20,1.7453292519943295,0.5555555555555556,ABB,72.74538483283204,0.2877819451886098,0.07623931211414597,0.09147675955448038,0.03695068451918865
825,20,1.7453292519943295,0.5555555555555556,ABB,73.02419362570356,0.28047924297255483,0.0872551355921101,0.09507915381488698,0.0
826,20,1.7453292519943295,0.5555555555555556,ABB,73.24875904353216,0.28177254184215417,0.07591041385749016,0.09201554364786065,0.032744727036047146
827,20,1.7453292519943295,0.5555555555555556,ABB,72.96978299779008,0.3032509545585132,0.08456991840866797,0.09348854081771366,0.0
828,20,1.7453292519943295,0.5555555555555556,ABB,73.33645038747179,0.2905487702639493,0.0826498223009767,0.09260366822736925,0.028700382175385536
829,20,1.7453292519943295,0.5555555555555556,ABB,73.5672517252849,0.29332098815811364,0.08934780016940798,0.09827845468888322,0.0
830,20,1.7453292519943295,0.5555555555555556,ABB,73.27586200968561,0.26962536254585895,0.07958898869305717,0.09444361724939256,0.03249204044850799
831,20,1.7453292519943295,0.5555555555555556,ABB,73.62650004475984,0.27166623271778373,0.09156305717081421,0.0987864539511574,0.0
832,20,1.7453292519943295,0.5555555555555556,ABB,73.83723220718065,0.2916171043742533,0.08105919142810067,0.09502160093931825,0.06199388790625814
833,20,1.7453292519943295,0.5555555555555556,ABB,73.66840357801942,0.3188948081434345,0.09222656696157717,0.10065833017129193,0.0
834,20,1.7453292519943295,0.5555555555555556,ABB,73.93102810436736,0.3052270223720869,0.08183880351436676,0.09451180273162496,0.04547549916052651
835,20,1.7453292519943295,0.5555555555555556,ABB,74.05838229436552,0.2943806040921358,0.0863078260611781,0.09642191483875454,0.0
836,20,1.7453292519943295,0.5555555555555556,ABB,73.83848548795379,0.2862315014071369,0.07728380296711279,0.09264928633534372,0.05081894981594369
837,20,1.7453292519943295,0.5555555555555556,ABB,74.08059272244915,0.25987315910426173,0.0854550544656546,0.09506226553169425,0.0
838,20,1.7453292519943295,0.5555555555555556,ABB,74.25307103289131,0.2625632497999765,0.08117720674538757,0.09051462217306643,0.04593493759791615
839,20,1.7453292519943295,0.5555555555555556,ABB,74.02367418639292,0.28772961347003995,0.08281705474547255,0.09262274750496352,0.0
840,20,1.7453292519943295,0.5555555555555556,ABB,74.36573031844185,0.28082639779021773,0.08113965528078207,0.09051979159875455,0.04544602387821551
841,20,1.7453292519943295,0.5555555555555556,ABB,74.60445385078498,0.3025434025378683,0.08874203805505763,0.09637536394742709,0.0
842,20,1.7453292519943295,0.5555555555555556,ABB,74.32948938075268,0.2810844398542839,0.08179890806706733,0.09142214720887211,0.04406768348072557
843,20,1.7453292519943295,0.5555555555555556,ABB,74.65908147989157,0.2694615835236763,0.09008013309395133,0.09759345293364644,0.0
844,20,1.7453292519943295,0.5555555555555556,ABB,74.88069476859165,0.2820269145984921,0.07822527452188004,0.09435431362731522,0.03769511863045292
845,20,1.7453292519943295,0.5555555555555556,ABB,74.65336504191905,0.2755293609998463,0.0938773102229438,0.09969505251904778,0.0
846,20,1.7453292519943295,0.5555555555555556,ABB,74.98232554889051,0.2926959290454894,0.08639353710982392,0.09533319933284023,0.03337617359064071
847,20,1.7453292519943295,0.5555555555555556,ABB,75.18364702257247,0.3258137114671625,0.08729213858592515,0.09639846095672314,0.0
848,20,1.7453292519943295,0.5555555555555556,ABB,74.92894421031207,0.28888152175849585,0.08311114354393004,0.09482924484845046,0.037442852014702314
849,20,1.7453292519943295,0.5555555555555556,ABB,75.23318898757722,0.31899681104926975,0.08878262559881628,0.09590520097479374,0.0
850,20,1.7453292519943295,0.5555555555555556,ABB,75.44963589383329,0.3173921594886402,0.07494185976082682,0.09083542078847663,0.03124773027151114
851,20,1.7453292519943295,0.5555555555555556,ABB,75.19358685018322,0.3340178882699898,0.08444342725123494,0.0936577406927919,0.0
852,20,1.7453292519943295,0.5555555555555556,ABB,75.54414112035707,0.33234701603719974,0.08024166149549672,0.09044055360855174,0.017047347665266877
853,20,1.7453292519943295,0.5555555555555556,ABB,75.77240333465355,0.3452690465104014,0.0869713844855829,0.09506568679465478,0.0
854,20,1.7453292519943295,0.5555555555555556,ABB,75.48723005623705,0.3224220840298434,0.0721365475324319,0.09001844011866374,0.024582016390719514
855,20,1.7453292519943295,0.5555555555555556,ABB,75.8181746943865,0.33260898357182245,0.08828058456593262,0.09601979749718717,0.0
856,20,1.7453292519943295,0.5555555555555556,ABB,76.00253928624133,0.30268530925078935,0.07785296764619232,0.092947330849839,0.0421786904761729
857,20,1.7453292519943295,0.5555555555555556,ABB,75.8417675790499,0.34471419889208066,0.08988037440810961,0.09776424017621069,0.0
858,20,1.7453292519943295,0.5555555555555556,ABB,76.0909096464119,0.31121069922055994,0.08250940111981453,0.09395138763261933,0.03496109413463754
859,20,1.7453292519943295,0.5555555555555556,ABB,76.22620026275786,0.30235948223870895,0.08565942451900722,0.09656178477449563,0.0
860,20,1.7453292519943295,0.5555555555555556,ABB,76.04545242270035,0.3047509109222289,0.0788734034007581,0.09429473147784014,0.03483399903350587
861,20,1.7453292519943295,0.5555555555555556,ABB,76.2465123831856,0.28347149956943485,0.08739757971032745,0.09630727201269056,0.0
862,20,1.7453292519943295,0.5555555555555556,ABB,76.39580401216617,0.26990665194094093,0.07421947239268784,0.09071848938534556,0.033729897996420705
863,20,1.7453292519943295,0.5555555555555556,ABB,76.1716757446205,0.3004980640368649,0.08432345567112451,0.09419670980967587,0.0
864,20,1.7453292519943295,0.5555555555555556,ABB,76.46239680457722,0.27352651864456934,0.08006597108377064,0.09074915436315999,0.03813048000039462
865,20,1.7453292519943295,0.5555555555555556,ABB,76.6815006036452,0.2746893611395878,0.08740361785777236,0.09512580027608832,0.0
866,20,1.7453292519943295,0.5555555555555556,ABB,76.36895478274064,0.2621691603318143,0.07633844683325568,0.08988823524589303,0.03973046662385367
867,20,1.7453292519943295,0.5555555555555556,ABB,76.7361356091568,0.2524438985752501,0.08937310099603353,0.09593380569478772,0.0
868,20,1.7453292519943295,0.5555555555555556,ABB,76.99743584816645,0.28004540997545396,0.08070017809906616,0.09452322449316299,0.05098812940660277
869,20,1.7453292519943295,0.5555555555555556,ABB,76.75361462418127,0.2906533315784475,0.09117571849915841,0.09757722742245455,0.0
870,20,1.7453292519943295,0.5555555555555556,ABB,77.10482561319705,0.2940818273923983,0.08513362521659291,0.09547965965676858,0.03846862207733516
871,20,1.7453292519943295,0.5555555555555556,ABB,77.28310609888527,0.29953552714740866,0.08851223797433279,0.09808122845588421,0.0
872,20,1.7453292519943295,0.5555555555555556,ABB,77.04700493598368,0.27150561717039395,0.08343755960957282,0.0966165712329574,0.043455434609799816
873,20,1.7453292519943295,0.5555555555555556,ABB,77.32700725115268,0.27189527470267133,0.08922526658047474,0.0973829369078622,0.0
874,20,1.7453292519943295,0.5555555555555556,ABB,77.50218516946371,0.2877063673593013,0.08025593759661712,0.09152248520942005,0.05515221240727898
875,20,1.7453292519943295,0.5555555555555556,ABB,77.31072644849402,0.31265712487303926,0.08589809217583738,0.09572579855253155,0.0
876,20,1.7453292519943295,0.5555555555555556,ABB,77.60341708262656,0.30639164602684205,0.07880147316316569,0.09036121747189906,0.0425242595838798
877,20,1.7453292519943295,0.5555555555555556,ABB,77.79473510112607,0.3145493985279973,0.08637695999155152,0.09386729724917395,0.0
878,20,1.7453292519943295,0.5555555555555556,ABB,77.5234573151586,0.3002238249078622,0.07405737493294032,0.08809574724629354,0.04700833931121001
879,20,1.7453292519943295,0.5555555555555556,ABB,77.8310456971603,0.28052901126019264,0.08566176091029049,0.09433452837387427,0.0
880,20,1.7453292519943295,0.5555555555555556,ABB,78.03776116456,0.27293623917811444,0.08018893786267535,0.09186573645237697,0.03666468072747834
881,20,1.7453292519943295,0.5555555555555556,ABB,77.80774786157855,0.2848040758250437,0.08811666618133802,0.09488118387847348,0.0
882,20,1.7453292519943295,0.5555555555555556,ABB,78.15575335432499,0.2879832085969482,0.08533058052116665,0.09344431132192119,0.03712253920251224
883,20,1.7453292519943295,0.5555555555555556,ABB,78.3768784712802,0.32108100653229493,0.08804707849283055,0.09694259867156906,0.0
884,20,1.7453292519943295,0.5555555555555556,ABB,78.15042093501297,0.29218132494102633,0.08636500650552122,0.09554273841117704,0.03525721631520069
885,20,1.7453292519943295,0.5555555555555556,ABB,78.42770134752907,0.3060020994741656,0.09059798638981749,0.09775069737493051,0.0
886,20,1.7453292519943295,0.5555555555555556,ABB,78.61923018049676,0.3050248312690729,0.07241342350494001,0.09205328073345967,0.027784282264746295
887,20,1.7453292519943295,0.5555555555555556,ABB,78.3857573041563,0.30959237595661376,0.0893831272080037,0.09707455255381561,0.0
888,20,1.7453292519943295,0.5555555555555556,ABB,78.69265957353021,0.31153223860981033,0.0816343588138681,0.0918804003613678,0.020951892803960363
889,20,1.7453292519943295,0.5555555555555556,ABB,78.90713458134326,0.33013389652933517,0.08582899422649604,0.09374506649775162,0.0
890,20,1.7453292519943295,0.5555555555555556,ABB,78.60018765291909,0.3029404703966304,0.07261773028117463,0.08955706064786245,0.02917884771427521
891,20,1.7453292519943295,0.5555555555555556,ABB,78.95575560201185,0.3272878491080258,0.08722297252033082,0.09407346265016324,0.0
892,20,1.7453292519943295,0.5555555555555556,ABB,79.1917838785462,0.3126950462698893,0.0774989091450063,0.09175022477869227,0.038056457673946
893,20,1.7453292519943295,0.5555555555555556,ABB,78.96152466778614,0.34791709542112254,0.0857494882722345,0.09400233168101257,0.0
894,20,1.7453292519943295,0.5555555555555556,ABB,79.2933544247159,0.3266400396449556,0.08192844468493798,0.0926562982603129,0.02385744338242931
895,20,1.7453292519943295,0.5555555555555556,ABB,79.47188067687273,0.3205451147127441,0.08715820427881368,0.09708252135370694,0.0
896,20,1.7453292519943295,0.5555555555555556,ABB,79.26419166766648,0.31142969674033655,0.07748110081075685,0.09457935101476213,0.02716691578432575
897,20,1.7453292519943295,0.5555555555555556,ABB,79.50417068426688,0.2998567792668793,0.08885778093501735,0.09761088788037169,0.0
898,20,1.7453292519943295,0.5555555555555556,ABB,79.63378395341893,0.2804480651339194,0.0762705882553476,0.09196360459141399,0.047244593692837775
899,20,1.7453292519943295,0.5555555555555556,ABB,79.4880951535813,0.32439436056293064,0.08793363469956812,0.0974819110366151,0.0
900,20,1.7453292519943295,0.5555555555555556,ABB,79.69968496525352,0.2850154728173972,0.07910325417933274,0.09160584116869903,0.046058639911775744
901,20,1.7453292519943295,0.5555555555555556,ABB,79.84731580475928,0.2721071499545121,0.08503187921325014,0.0941584088471863,0.0
902,20,1.7453292519943295,0.5555555555555556,ABB,79.5963648017655,0.2767020059911742,0.07466399763098672,0.0893068433717929,0.0468331144234131
903,20,1.7453292519943295,0.5555555555555556,ABB,79.87541467573044,0.24428481207760555,0.08572646139213676,0.09406218975235434,0.0
904,20,1.7453292519943295,0.5555555555555556,ABB,80.10139108107512,0.2577183936143832,0.0789840756374838,0.09169670653786448,0.03954585640548455
905,20,1.7453292519943295,0.5555555555555556,ABB,79.82413871600183,0.2705083115202123,0.08539934863794826,0.09323289097821502,0.0
906,20,1.7453292519943295,0.5555555555555556,ABB,80.20604204357605,0.26998056668814635,0.08406017025983106,0.09284878527124985,0.03981429303273723
907,20,1.7453292519943295,0.5555555555555556,ABB,80.44701501294344,0.2881087753495338,0.08961643643727972,0.09760972950666838,0.0
908,20,1.7453292519943295,0.5555555555555556,ABB,80.16397612794654,0.25553516575224205,0.08506950527347604,0.09513198437433958,0.0409436920919214
909,20,1.7453292519943295,0.5555555555555556,ABB,80.51160598821984,0.26137297222153677,0.0917075417318868,0.09835474311702001,0.0
910,20,1.7453292519943295,0.5555555555555556,ABB,80.73486517006462,0.29472890831512544,0.07954822838788769,0.0941044747173019,0.05515254569801881
911,20,1.7453292519943295,0.5555555555555556,ABB,80.53348617545905,0.3004362826283726,0.09208017523074814,0.09931613233805035,0.0
912,20,1.7453292519943295,0.5555555555555556,ABB,80.83497265994478,0.31087992210315235,0.08197242836811569,0.09339773685166602,0.03767917585137557
913,20,1.7453292519943295,0.5555555555555556,ABB,81.00215620623979,0.32207801621691384,0.08598684964133088,0.09460016147140173,0.0
914,20,1.7453292519943295,0.5555555555555556,ABB,80.74291070465495,0.29630395499379986,0.07572616651809788,0.0909837391328273,0.046165223228949274
915,20,1.7453292519943295,0.5555555555555556,ABB,81.0368449383258,0.29727047088689446,0.08498461172075476,0.09380945873175035,0.0
916,20,1.7453292519943295,0.5555555555555556,ABB,81.23389087019535,0.28924006460455726,0.07998104232845897,0.0897827534210643,0.0403646692291684
917,20,1.7453292519943295,0.5555555555555556,ABB,81.00257427305212,0.31495930548882867,0.08263218615066827,0.09201578299806121,0.0
918,20,1.7453292519943295,0.5555555555555556,ABB,81.35406746674455,0.30975331930065214,0.08099236352142603,0.09004709424548402,0.03338701316697643
919,20,1.7453292519943295,0.5555555555555556,ABB,81.5842788061577,0.3324055974455158,0.08741903243871761,0.09547703629104658,0.0
920,20,1.7453292519943295,0.5555555555555556,ABB,81.34406511359188,0.3125774445223553,0.07965663335646753,0.09148483188067034,0.0333566853916704
921,20,1.7453292519943295,0.5555555555555556,ABB,81.62959833778947,0.3080921070580323,0.08898705066680968,0.09694260393700706,0.0
922,20,1.7453292519943295,0.5555555555555556,ABB,81.80289680273972,0.2902844595325215,0.07431101560749315,0.09266176741220392,0.030468351383880363
923,20,1.7453292519943295,0.5555555555555556,ABB,81.61203707943092,0.30270053042045314,0.09181594524295003,0.09828332909295719,0.0
924,20,1.7453292519943295,0.5555555555555556,ABB,81.88127615554345,0.2946876945273139,0.08370894394713313,0.09347162068884082,0.03084442378947687
925,20,1.7453292519943295,0.5555555555555556,ABB,82.0643790344634,0.3140239145271736,0.08526520328314098,0.09472312066806579,0.0
926,20,1.7453292519943295,0.5555555555555556,ABB,81.81286716129617,0.2940891366909968,0.07865366640531397,0.09240164513230753,0.033374736462432414
927,20,1.7453292519943295,0.5555555555555556,ABB,82.10481053711639,0.31098459679122825,0.0874686299349222,0.09458107138049024,0.0
928,20,1.7453292519943295,0.5555555555555556,ABB,82.32881119423777,0.3049642851489279,0.07350633764553341,0.09050001985322614,0.0277072046317731
929,20,1.7453292519943295,0.5555555555555556,ABB,82.05439475894332,0.32635266043080163,0.08361903278407459,0.09279473891469649,0.0
930,20,1.7453292519943295,0.5555555555555556,ABB,82.41327967863704,0.3146798473296814,0.0807788164732354,0.09077260951481488,0.018524261895054895
931,20,1.7453292519943295,0.5555555555555556,ABB,82.64325248178032,0.3183625575595802,0.08742983326537972,0.09560062414425506,0.0
932,20,1.7453292519943295,0.5555555555555556,ABB,82.35275685298656,0.29688945488606927,0.07410436694460688,0.09145055491799606,0.02500610192227042
933,20,1.7453292519943295,0.5555555555555556,ABB,82.695620463458,0.30425868545242707,0.08932105502870613,0.09652485673533308,0.0
934,20,1.7453292519943295,0.5555555555555556,ABB,82.88999848505237,0.2978262301775727,0.07882530573212271,0.09338451038165925,0.054587254425740486
935,20,1.7453292519943295,0.5555555555555556,ABB,82.73680019567183,0.3395034061510924,0.09012115878354758,0.09820787422490344,0.0
936,20,1.7453292519943295,0.5555555555555556,ABB,82.97658911092941,0.3081477180680236,0.0808670474335246,0.09342043305211521,0.04156912974574193
937,20,1.7453292519943295,0.5555555555555556,ABB,83.09264694269064,0.28924889727563835,0.08502284460958923,0.0958073941404637,0.0
938,20,1.7453292519943295,0.5555555555555556,ABB,82.89866147307094,0.2920043215072656,0.07654638843289868,0.09275296457662825,0.04435410497614716
939,20,1.7453292519943295,0.5555555555555556,ABB,83.1091533687115,0.25866082528183104,0.08524187136918371,0.09485181065309928,0.0
940,20,1.7453292519943295,0.5555555555555556,ABB,83.26484291918348,0.2565460378851668,0.0781391024376344,0.0897705356209379,0.043457671974889936
941,20,1.7453292519943295,0.5555555555555556,ABB,83.03966000417316,0.2868641348438321,0.08234978017290383,0.09265007941756033,0.0
942,20,1.7453292519943295,0.5555555555555556,ABB,83.35574368281183,0.2679998084906884,0.07988111190908112,0.08970036288492952,0.046908062808816424
943,20,1.7453292519943295,0.5555555555555556,ABB,83.58664702777713,0.27850096142488406,0.08768379159008959,0.09494507976398053,0.0
944,20,1.7453292519943295,0.5555555555555556,ABB,83.29004585769077,0.26221245831556894,0.07964990579071929,0.08975502160149244,0.04620051722239471
945,20,1.7453292519943295,0.5555555555555556,ABB,83.64257124270961,0.24545382086415501,0.08913494726236827,0.09597974837652978,0.0
946,20,1.7453292519943295,0.5555555555555556,ABB,83.8913493929049,0.27482429140487674,0.0796430948691548,0.09399972585604921,0.04566925852235798
947,20,1.7453292519943295,0.5555555555555556,ABB,83.64903611476203,0.269602313397706,0.09247848239272434,0.09783995557502502,0.0
948,20,1.7453292519943295,0.5555555555555556,ABB,84.00170580212256,0.28884325519329185,0.0858884369551135,0.09486287497020458,0.03741170275359883
949,20,1.7453292519943295,0.5555555555555556,ABB,84.19983803209233,0.3155991790718462,0.08751222624149924,0.09657563229356891,0.0
950,20,1.7453292519943295,0.5555555555555556,ABB,83.94705884708989,0.2763829960317545,0.08394381907235271,0.09533741946801896,0.04245074722808809
951,20,1.7453292519943295,0.5555555555555556,ABB,84.2502683229157,0.297864057891465,0.08844848689577044,0.0958741970530784,0.0
952,20,1.7453292519943295,0.5555555555555556,ABB,84.45458951912487,0.3081759767512993,0.07728182395834593,0.09027347084800673,0.042241638274004734
953,20,1.7453292519943295,0.5555555555555556,ABB,84.22293659112971,0.3242345288413211,0.0843907101600658,0.094041470600564,0.0
954,20,1.7453292519943295,0.5555555555555556,ABB,84.55828153322662,0.32729977042569536,0.0791181035779883,0.08930241836030858,0.026494561360351027
955,20,1.7453292519943295,0.5555555555555556,ABB,84.77720587207301,0.3438747376239845,0.08588766058065596,0.09333161728483823,0.0
956,20,1.7453292519943295,0.5555555555555556,ABB,84.49690928091744,0.3213119415227467,0.07203515999120555,0.08782606683952783,0.03355059251047828
957,20,1.7453292519943295,0.5555555555555556,ABB,84.8187770163538,0.322849335633542,0.08601931495743667,0.09404772194366647,0.0
958,20,1.7453292519943295,0.5555555555555556,ABB,85.00857144184388,0.2944781251752856,0.07758385847529398,0.09134503843565815,0.03574174824422254
959,20,1.7453292519943295,0.5555555555555556,ABB,84.82145595767182,0.32409979671239014,0.08821465209865949,0.09516519081992655,0.0
960,20,1.7453292519943295,0.5555555555555556,ABB,85.11030560569978,0.3057988046256799,0.08326621982047161,0.0926522939977771,0.03264560042066507
961,20,1.7453292519943295,0.5555555555555556,ABB,85.28524622528928,0.31858513281695183,0.08559776729396695,0.09583099138579887,0.0
962,20,1.7453292519943295,0.5555555555555556,ABB,85.09135651438487,0.3078835693008783,0.08127919119376661,0.09409905329966287,0.03134917567282164
963,20,1.7453292519943295,0.5555555555555556,ABB,85.31694145548103,0.305520033153663,0.0881821183874755,0.09610355779459072,0.0
964,20,1.7453292519943295,0.5555555555555556,ABB,85.47946286580954,0.2894248503855576,0.07131093024831436,0.0903047942646998,0.02609156260060581
965,20,1.7453292519943295,0.5555555555555556,ABB,85.24934154931331,0.3105194151992839,0.08573149928570152,0.09486395130440299,0.0
966,20,1.7453292519943295,0.5555555555555556,ABB,85.5403236561579,0.2914908960499004,0.08019795557925442,0.09033802499157353,0.026896479693894925
967,20,1.7453292519943295,0.5555555555555556,ABB,85.75849692115477,0.29779888529600723,0.08575607079358151,0.09350548737607102,0.0
968,20,1.7453292519943295,0.5555555555555556,ABB,85.44311622563643,0.28081917724336025,0.07315061848232593,0.08870262456101392,0.031760431768063334
969,20,1.7453292519943295,0.5555555555555556,ABB,85.81071029717091,0.28827384568079345,0.08781751552148012,0.09403591996266994,0.0
970,20,1.7453292519943295,0.5555555555555556,ABB,86.0653412165637,0.29624757014308684,0.07822043099104778,0.09258350479349096,0.04578806184394753
971,20,1.7453292519943295,0.5555555555555556,ABB,85.82850578040598,0.32251994742418383,0.08777677013813917,0.0949429155265276,0.0
972,20,1.7453292519943295,0.5555555555555556,ABB,86.16600992561547,0.3091865617553231,0.08280722133074096,0.09339461252575239,0.03149905132161054
973,20,1.7453292519943295,0.5555555555555556,ABB,86.33531555591543,0.3018522730217333,0.08705852243010595,0.09708880206531162,0.0
974,20,1.7453292519943295,0.5555555555555556,ABB,86.11520094421405,0.28565998701462825,0.0794632691592958,0.0951084900599665,0.036298710012291326
975,20,1.7453292519943295,0.5555555555555556,ABB,86.37143427873087,0.27506731700762155,0.08827831969227748,0.09663818691492651,0.0
976,20,1.7453292519943295,0.5555555555555556,ABB,86.5201285114349,0.27854445827793317,0.07896983124205537,0.0908998843437891,0.0565264153789028
977,20,1.7453292519943295,0.5555555555555556,ABB,86.35793336859408,0.3161261798045568,0.08578989021016398,0.09585792642602287,0.0
978,20,1.7453292519943295,0.5555555555555556,ABB,86.60555455884604,0.2915941111233506,0.07809413013455277,0.08993478265093502,0.04889967289867931
979,20,1.7453292519943295,0.5555555555555556,ABB,86.77054549652166,0.28619443748573536,0.08510926086036437,0.09313694959512142,0.0
980,20,1.7453292519943295,0.5555555555555556,ABB,86.50879765645436,0.28308527384390936,0.07422504727200235,0.08746561390818915,0.051299763846835544
981,20,1.7453292519943295,0.5555555555555556,ABB,86.8013376501406,0.24896311046915887,0.08477551087878661,0.09308075695690356,0.0
982,20,1.7453292519943295,0.5555555555555556,ABB,87.01974754597165,0.2574655125763919,0.08013472950302444,0.09096072009246829,0.03972662227964626
983,20,1.7453292519943295,0.5555555555555556,ABB,86.76257172951604,0.26524979865764553,0.08632577085570581,0.09297822538378663,0.0
984,20,1.7453292519943295,0.5555555555555556,ABB,87.13812710817412,0.2728604328106647,0.08482888196218127,0.09239426801931691,0.041393003765587924
985,20,1.7453292519943295,0.5555555555555556,ABB,87.37835979001841,0.3059049402023619,0.08840272175122914,0.09644034822857732,0.0
986,20,1.7453292519943295,0.5555555555555556,ABB,87.1212718993861,0.2703786243365655,0.08688046673267519,0.09478096002680958,0.040436090376687786
987,20,1.7453292519943295,0.5555555555555556,ABB,87.43904558841365,0.2836819614767986,0.09078786911958103,0.09716222426950437,0.0
988,20,1.7453292519943295,0.5555555555555556,ABB,87.65307004792439,0.303432696055343,0.07527029625124587,0.09212486120100467,0.038862073313257396
989,20,1.7453292519943295,0.5555555555555556,ABB,87.42536186981445,0.3010656830747201,0.09036963101655025,0.09744461261523607,0.0
990,20,1.7453292519943295,0.5555555555555556,ABB,87.74256207436054,0.31586752028845255,0.08185052040868036,0.09171314694872201,0.025761777800942683
991,20,1.7453292519943295,0.5555555555555556,ABB,87.94513832111309,0.3387586214123488,0.08517689171330126,0.09291836969538618,0.0
992,20,1.7453292519943295,0.5555555555555556,ABB,87.65277491059334,0.3062744413934037,0.07357339657671147,0.08911076749032062,0.035254211699981046
993,20,1.7453292519943295,0.5555555555555556,ABB,87.9892755918502,0.32915828265372504,0.08550398005129625,0.09264876548104736,0.0
994,20,1.7453292519943295,0.5555555555555556,ABB,88.2095414100478,0.3111523516885918,0.0773644235221074,0.08963954455112753,0.035882030812213875
995,20,1.7453292519943295,0.5555555555555556,ABB,87.97936132006285,0.3434016876665938,0.08340507525838187,0.09172593798531532,0.0
996,20,1.7453292519943295,0.5555555555555556,ABB,88.32034291629168,0.3285338385891116,0.08081417963933567,0.09035283785493912,0.02362508052446184
997,20,1.7453292519943295,0.5555555555555556,ABB,88.52274276304556,0.33626061387423944,0.08612556098512959,0.09513694500497731,0.0
998,20,1.7453292519943295,0.5555555555555556,ABB,88.30826425893505,0.32365830897887515,0.07675496463300291,0.09216064280054581,0.025801461635906894
999,20,1.7453292519943295,0.5555555555555556,ABB,88.55800295873055,0.3173987924341306,0.08813133586927575,0.09618788576937541,0.0
1000,20,1.7453292519943295,0.5555555555555556,ABB,88.694992279134,0.28778499057507706,0.07374042778721263,0.0910869603592568,0.036088399087169314
1001,20,1.7453292519943295,0.5555555555555556,ABB,88.53795513068313,0.32293066893562355,0.0887237025316682,0.09686710961901118,0.0
1002,20,1.7453292519943295,0.5555555555555556,ABB,88.7581908242392,0.2896469948169707,0.08052166008132161,0.09149324602861124,0.03744386469142165
1003,20,1.7453292519943295,0.5555555555555556,ABB,88.9158466193375,0.28707712919020373,0.08410164145150535,0.09323969986972154,0.0
1004,20,1.7453292519943295,0.5555555555555556,ABB,88.66723801516366,0.2853953623571318,0.07531987496390011,0.08961793684401918,0.03843282623614692
1005,20,1.7453292519943295,0.5555555555555556,ABB,88.94702600546682,0.2729577154568236,0.08595126793697495,0.0931396355639538,0.0
1006,20,1.7453292519943295,0.5555555555555556,ABB,89.17390447133754,0.2768839751152108,0.07532683728069967,0.09031810953853871,0.03351779970112701
1007,20,1.7453292519943295,0.5555555555555556,ABB,88.89286043043734,0.29631793807042067,0.08379842540393967,0.09183899351411348,0.0
1008,20,1.7453292519943295,0.5555555555555556,ABB,89.26394066955538,0.28610206387078546,0.08204900662776998,0.09123011512629678,0.030362725361642237
1009,20,1.7453292519943295,0.5555555555555556,ABB,89.49907131375087,0.29250758003384136,0.08805164782629003,0.09587333497817081,0.0
1010,20,1.7453292519943295,0.5555555555555556,ABB,89.20714788335873,0.2664515428842156,0.07946896101168695,0.09289601777669136,0.03419651771402672
1011,20,1.7453292519943295,0.5555555555555556,ABB,89.55886050844447,0.2701858119775563,0.09034003940338495,0.09663597338017713,0.0
1012,20,1.7453292519943295,0.5555555555555556,ABB,89.77277028167819,0.2927478266474588,0.07987921899042474,0.09316095774799786,0.05989804724555017
1013,20,1.7453292519943295,0.5555555555555556,ABB,89.59734735030852,0.3161857361587542,0.0906754348526224,0.09804294942376168,0.0
1014,20,1.7453292519943295,0.5555555555555556,ABB,89.86814680683807,0.30748699819154574,0.08092684389014215,0.09279977268697602,0.042663307684685695
1015,20,1.7453292519943295,0.5555555555555556,ABB,90.00406827359774,0.3014244787929024,0.08509257476521152,0.09423028118292404,0.0
1016,20,1.7453292519943295,0.5555555555555556,ABB,89.7753548030356,0.2892135889977595,0.07593209631149618,0.09095292992094263,0.0490051865291375
1017,20,1.7453292519943295,0.5555555555555556,ABB,90.02850746771611,0.26866313284137566,0.0843019267865185,0.09321308358866136,0.0
1018,20,1.7453292519943295,0.5555555555555556,ABB,90.2054802186067,0.2682360521987246,0.07997322681115973,0.08883662918584577,0.04481518901764554
1019,20,1.7453292519943295,0.5555555555555556,ABB,89.97675532524117,0.2944858457505522,0.08175665162579726,0.09108912883736234,0.0
1020,20,1.7453292519943295,0.5555555555555556,ABB,90.31915483007378,0.28681890863169623,0.08009882339521181,0.0890322180376272,0.042902904321582204
1021,20,1.7453292519943295,0.5555555555555556,ABB,90.55657148310331,0.30858897558019954,0.0871142147695489,0.09405601540732436,0.0
1022,20,1.7453292519943295,0.5555555555555556,ABB,90.28967926149654,0.288178752502949,0.08015001706820066,0.0898281821974454,0.04197147489249147
1023,20,1.7453292519943295,0.5555555555555556,ABB,90.60822837203972,0.2771967873238189,0.08848693418128514,0.09554189615522354,0.0
1024,20,1.7453292519943295,0.5555555555555556,ABB,90.81921538193097,0.2828531805693814,0.07630625231644943,0.09239577947241459,0.03492314639967271
1025,20,1.7453292519943295,0.5555555555555556,ABB,90.59856352827038,0.280349083332585,0.0919491437845263,0.09715956385974794,0.0
1026,20,1.7453292519943295,0.5555555555555556,ABB,90.91530939971835,0.2923896968634327,0.08498179360979763,0.09346899371707823,0.032034859295243225
1027,20,1.7453292519943295,0.5555555555555556,ABB,91.11554893700126,0.32401625831903796,0.08575893482610382,0.09438489175030619,0.0
1028,20,1.7453292519943295,0.5555555555555556,ABB,90.85849571211446,0.28951817464332574,0.08147326865071156,0.09302533803654768,0.03599601952668741
1029,20,1.7453292519943295,0.5555555555555556,ABB,91.16310139470848,0.31807563988335447,0.087660212737534,0.09417193535939274,0.0
1030,20,1.7453292519943295,0.5555555555555556,ABB,91.38365237918092,0.31588642193323724,0.07368001282329181,0.08946209292202445,0.030188126533942573
1031,20,1.7453292519943295,0.5555555555555556,ABB,91.12203987730234,0.3333469499339097,0.08351764343209876,0.09226682334854111,0.0
1032,20,1.7453292519943295,0.5555555555555556,ABB,91.47593535706991,0.32983916214666925,0.07956665313517594,0.08934610215821143,0.01643361806913197
1033,20,1.7453292519943295,0.5555555555555556,ABB,91.70560337099067,0.34085194914749084,0.08587300426304129,0.09329092013502598,0.0
1034,20,1.7453292519943295,0.5555555555555556,ABB,91.4187416171157,0.3180306153166464,0.07131913145843936,0.08898382770689878,0.024369383536034916
1035,20,1.7453292519943295,0.5555555555555556,ABB,91.75247785260986,0.3282559067795107,0.0872187641906825,0.09439381980533204,0.0
1036,20,1.7453292519943295,0.5555555555555556,ABB,91.93765451745449,0.3019593249356416,0.0771146556584281,0.09149284726794935,0.044119670143856864
1037,20,1.7453292519943295,0.5555555555555556,ABB,91.7807468738061,0.345332771241061,0.08830238564271262,0.09578330935558625,0.0
1038,20,1.7453292519943295,0.5555555555555556,ABB,92.02557618752809,0.31124147200108804,0.08107838415025448,0.09228655613425776,0.03558801167933122
1039,20,1.7453292519943295,0.5555555555555556,ABB,92.15672380496596,0.30044558946725564,0.08435755018683394,0.09479910811785983,0.0
1040,20,1.7453292519943295,0.5555555555555556,ABB,91.97368209863276,0.30319044104588205,0.0772348229655345,0.09251735908514247,0.03615465646811922
1041,20,1.7453292519943295,0.5555555555555556,ABB,92.1750281837059,0.2787602252242513,0.08588331995043116,0.09455071732726653,0.0
1042,20,1.7453292519943295,0.5555555555555556,ABB,92.324964736565,0.2666940247753213,0.07410851224055374,0.0892539213965553,0.035276617112050865
1043,20,1.7453292519943295,0.5555555555555556,ABB,92.09969788557089,0.2975504485926233,0.08311851367901685,0.09268565144862702,0.0
1044,20,1.7453292519943295,0.5555555555555556,ABB,92.39550970160082,0.27165819172676864,0.07936631357648365,0.08941526845606437,0.03975701696587618
1045,20,1.7453292519943295,0.5555555555555556,ABB,92.61916399361442,0.27518796919684957,0.08633387809910986,0.09345074139426209,0.0
1046,20,1.7453292519943295,0.5555555555555556,ABB,92.30834990597148,0.26181751830660477,0.07633825777929842,0.08873470543050349,0.04105231430096013
1047,20,1.7453292519943295,0.5555555555555556,ABB,92.6737881583054,0.2510103667087511,0.08827401411037063,0.0944182039561911,0.0
1048,20,1.7453292519943295,0.5555555555555556,ABB,92.9341571871505,0.27911673695468336,0.07939138624237901,0.09303605914864163,0.04885692847037504
1049,20,1.7453292519943295,0.5555555555555556,ABB,92.68941532694896,0.286478025965023,0.09007571128456306,0.09583716011379403,0.0
1050,20,1.7453292519943295,0.5555555555555556,ABB,93.04164092928099,0.2933257914956167,0.0843158763353136,0.09393543177516538,0.037096553460761406
1051,20,1.7453292519943295,0.5555555555555556,ABB,93.22537351195231,0.30368755732774516,0.08721216329001782,0.0962505375613749,0.0
1052,20,1.7453292519943295,0.5555555555555556,ABB,92.98408176493132,0.27262823519363155,0.08227836929308383,0.09495919997641292,0.04264627599439589
1053,20,1.7453292519943295,0.5555555555555556,ABB,93.2705416915454,0.27812241681865635,0.08800037261197854,0.09564335923406768,0.0
1054,20,1.7453292519943295,0.5555555555555556,ABB,93.45214595294173,0.29262022394570253,0.07890149102707647,0.09002917096280141,0.052617751873788365
1055,20,1.7453292519943295,0.5555555555555556,ABB,93.25285808280279,0.31643758894638707,0.08459672753883941,0.09423040062209159,0.0
1056,20,1.7453292519943295,0.5555555555555556,ABB,93.55423221956605,0.3116981529799641,0.07811050387963636,0.08893764578360691,0.03881644188781494
1057,20,1.7453292519943295,0.5555555555555556,ABB,93.75132813085712,0.321338641326564,0.08513394795512745,0.09224212531762281,0.0
1058,20,1.7453292519943295,0.5555555555555556,ABB,93.47861198053613,0.30558401994955914,0.072793650346656,0.0868671289401077,0.044074836120655346
1059,20,1.7453292519943295,0.5555555555555556,ABB,93.78805551096964,0.28973354299614335,0.08457974401906754,0.09277759785394656,0.0
1060,20,1.7453292519943295,0.5555555555555556,ABB,93.9900513501401,0.27685399635259306,0.07859643737534873,0.09035941479799607,0.035821149928696394
1061,20,1.7453292519943295,0.5555555555555556,ABB,93.77010567414379,0.29320112344259175,0.08680877748745597,0.09320728531297999,0.0
1062,20,1.7453292519943295,0.5555555555555556,ABB,94.10413555595697,0.29120501269124754,0.08396204295798387,0.0918183010643641,0.0359250946403126
1063,20,1.7453292519943295,0.5555555555555556,ABB,94.3169354779289,0.3208238010013066,0.08636334064686846,0.09525745414348999,0.0
1064,20,1.7453292519943295,0.5555555555555556,ABB,94.09656914191011,0.2956165574713353,0.08428341793991045,0.09380627523413985,0.0343050741876545
1065,20,1.7453292519943295,0.5555555555555556,ABB,94.3628458791145,0.3059798981882792,0.08909931644050462,0.0959667364608331,0.0
1066,20,1.7453292519943295,0.5555555555555556,ABB,94.54930275530424,0.30180969835008775,0.07138684342475021,0.09047817694193046,0.02660006709528725
1067,20,1.7453292519943295,0.5555555555555556,ABB,94.31405841496505,0.30927818510734795,0.08774727407323271,0.09545477680325878,0.0
1068,20,1.7453292519943295,0.5555555555555556,ABB,94.61980818692967,0.3074811102034302,0.08085361963332502,0.09047904471013195,0.021337716906299195
1069,20,1.7453292519943295,0.5555555555555556,ABB,94.83792538373264,0.3245370192951982,0.08484644279230802,0.09229370693492588,0.0
1070,20,1.7453292519943295,0.5555555555555556,ABB,94.52638297200572,0.29847819959019734,0.07212012839302837,0.08837420158619871,0.029172803052522275
1071,20,1.7453292519943295,0.5555555555555556,ABB,94.88764988032042,0.32088143831983024,0.0864205307263889,0.09268737902402459,0.0
1072,20,1.7453292519943295,0.5555555555555556,ABB,95.12927695572937,0.3106989384618561,0.07656640989336308,0.09061611953643166,0.03912810690718285
1073,20,1.7453292519943295,0.5555555555555556,ABB,94.89774533182026,0.34467688471368757,0.08492896584457289,0.09268126340248113,0.0
1074,20,1.7453292519943295,0.5555555555555556,ABB,95.23021806514012,0.32455443381589133,0.08106453611285368,0.09136319549636975,0.024398151850265885
1075,20,1.7453292519943295,0.5555555555555556,ABB,95.4065993471469,0.31792006647415305,0.08586463612050722,0.09561757470547884,0.0
1076,20,1.7453292519943295,0.5555555555555556,ABB,95.19688122743881,0.3075802480606653,0.07639186242265827,0.09317185617219485,0.02854644902532034
1077,20,1.7453292519943295,0.5555555555555556,ABB,95.43860594011312,0.2959878361084513,0.08752395872393876,0.09585619138225086,0.0
1078,20,1.7453292519943295,0.5555555555555556,ABB,95.57010201169854,0.27995199924965597,0.07607828710321114,0.09040230567222188,0.04881843246569928
1079,20,1.7453292519943295,0.5555555555555556,ABB,95.42231609236178,0.3237968672773837,0.08630797918934624,0.09580702816763514,0.0
1080,20,1.7453292519943295,0.5555555555555556,ABB,95.63952096130463,0.28641932363612427,0.07825241813531858,0.09002883719849789,0.04637979602568084
1081,20,1.7453292519943295,0.5555555555555556,ABB,95.79114232759089,0.2750267342654664,0.08402848229912127,0.09259009230822872,0.0
1082,20,1.7453292519943295,0.5555555555555556,ABB,95.53768660744736,0.27840840009571594,0.07403680684346947,0.08783730302950976,0.04744150555541883
1083,20,1.7453292519943295,0.5555555555555556,ABB,95.81907558391585,0.2449868359680087,0.0846723309033682,0.09250627113362213,0.0
1084,20,1.7453292519943295,0.5555555555555556,ABB,96.04408664139609,0.25719811225505035,0.07818822136955865,0.09030827631518651,0.03899411943643369
1085,20,1.7453292519943295,0.5555555555555556,ABB,95.77004664276309,0.26903986745861996,0.08462611390849706,0.09177945616758247,0.0
1086,20,1.7453292519943295,0.5555555555555556,ABB,96.15068502431762,0.2698480850666831,0.08344831121952809,0.09147205373806597,0.039861812587702994
1087,20,1.7453292519943295,0.5555555555555556,ABB,96.39327089070119,0.29148526621184717,0.0881998707194635,0.09592239780056001,0.0
1088,20,1.7453292519943295,0.5555555555555556,ABB,96.11396846763571,0.25799198814324387,0.08439831412524093,0.09368160640911233,0.04089850534659119
1089,20,1.7453292519943295,0.5555555555555556,ABB,96.45693005132662,0.2657842138586175,0.09046734090617171,0.09656745848261628,0.0
1090,20,1.7453292519943295,0.5555555555555556,ABB,96.6797828391304,0.29691198659146373,0.07796955418204576,0.09236145139666684,0.05136412165304202
1091,20,1.7453292519943295,0.5555555555555556,ABB,96.47149991103448,0.30080366749574966,0.09054409327856255,0.09755468902260367,0.0
1092,20,1.7453292519943295,0.5555555555555556,ABB,96.77801596457823,0.31278547984693955,0.08138033028281494,0.09180440065150725,0.03437833052016638
1093,20,1.7453292519943295,0.5555555555555556,ABB,96.95390593016671,0.3269856370725585,0.08487067813188795,0.09286649187331521,0.0
1094,20,1.7453292519943295,0.5555555555555556,ABB,96.68567367478849,0.2989520185510366,0.07465996623411138,0.08944029737425452,0.04341192705800243
1095,20,1.7453292519943295,0.5555555555555556,ABB,96.99028839066418,0.30518736510394123,0.08425957433864648,0.09216890583446671,0.0
1096,20,1.7453292519943295,0.5555555555555556,ABB,97.19239721862296,0.2946041620313851,0.07857082012652872,0.08850042172333342,0.03946692112763399
1097,20,1.7453292519943295,0.5555555555555556,ABB,96.96233153696662,0.3224496251382533,0.08189450401697405,0.0905420869690774,0.0
1098,20,1.7453292519943295,0.5555555555555556,ABB,97.31057798591988,0.3145953466859426,0.08012856153420578,0.08884826219898544,0.03107852368276336
1099,20,1.7453292519943295,0.5555555555555556,ABB,97.53499022716707,0.33405967230190875,0.08590494912892405,0.09393365061633752,0.0
1100,20,1.7453292519943295,0.5555555555555556,ABB,97.30132243704321,0.31625736947761107,0.07791191760133007,0.090265101976919,0.03177686649197042
1101,20,1.7453292519943295,0.5555555555555556,ABB,97.57703054807007,0.31073809766129457,0.08769809360200637,0.09521922377577516,0.0
1102,20,1.7453292519943295,0.5555555555555556,ABB,97.74122685655149,0.2893004453989985,0.07343386694438497,0.09090248988671513,0.030588030525441626
1103,20,1.7453292519943295,0.5555555555555556,ABB,97.55713293309006,0.3067232686624896,0.08990763114904148,0.0965156926895887,0.0
1104,20,1.7453292519943295,0.5555555555555556,ABB,97.81574751844377,0.2932515610695396,0.08248732566831042,0.0918116266017459,0.03159669138939025
1105,20,1.7453292519943295,0.5555555555555556,ABB,97.99583021636077,0.30915111071569956,0.0841322919204983,0.09295280715375252,0.0
1106,20,1.7453292519943295,0.5555555555555556,ABB,97.74278240730787,0.29245299403218855,0.07744335226404683,0.09063683821399443,0.03377285722820027
1107,20,1.7453292519943295,0.5555555555555556,ABB,98.03418862978482,0.3040747937527656,0.08644572190377253,0.09291977985006718,0.0
1108,20,1.7453292519943295,0.5555555555555556,ABB,98.26111170386591,0.30019414785668497,0.0728532776652136,0.08931825924557249,0.0283321850688101
1109,20,1.7453292519943295,0.5555555555555556,ABB,97.98311868549628,0.32093234884334293,0.08294428076354271,0.09128644028549054,0.0
1110,20,1.7453292519943295,0.5555555555555556,ABB,98.34583614059098,0.3095635354284161,0.0803724071328548,0.08974691234700717,0.02014451009979478
1111,20,1.7453292519943295,0.5555555555555556,ABB,98.5782100107549,0.3138164914189002,0.08636658551565542,0.0942189431689352,0.0
1112,20,1.7453292519943295,0.5555555555555556,ABB,98.28616072987661,0.29112944986811234,0.07417243000091599,0.09054393055491991,0.02663279814160982
1113,20,1.7453292519943295,0.5555555555555556,ABB,98.6318460077776,0.2985060089953345,0.08851479265113556,0.09500261819298465,0.0
1114,20,1.7453292519943295,0.5555555555555556,ABB,98.82992975411935,0.29744700213701014,0.07832893380949893,0.09190882203490436,0.05532209304068794
1115,20,1.7453292519943295,0.5555555555555556,ABB,98.67342251291547,0.3365131159581997,0.0889084417126596,0.09663687396942487,0.0
1116,20,1.7453292519943295,0.5555555555555556,ABB,98.9181041200485,0.3090989748897442,0.08015894936476077,0.09200818090458107,0.041079001972890064
1117,20,1.7453292519943295,0.5555555555555556,ABB,99.03753834952965,0.2925299806604177,0.08413352243733531,0.09398803918563056,0.0
1118,20,1.7453292519943295,0.5555555555555556,ABB,98.83644003605104,0.2924126915301113,0.07559287680890707,0.09109214787603101,0.04479955170424857
1119,20,1.7453292519943295,0.5555555555555556,ABB,99.05460766929767,0.2609820508535142,0.08428946035710652,0.09312398864255943,0.0
1120,20,1.7453292519943295,0.5555555555555556,ABB,99.2136645283349,0.25851853743882786,0.0778437227543449,0.08845218218234491,0.04380097035629949
1121,20,1.7453292519943295,0.5555555555555556,ABB,98.98830491537129,0.2887012357209902,0.08156930050732161,0.090988944242797,0.0
1122,20,1.7453292519943295,0.5555555555555556,ABB,99.3088842949461,0.27128498641070087,0.0793588069967099,0.0885564259338134,0.04634461221478475
1123,20,1.7453292519943295,0.5555555555555556,ABB,99.54215794904272,0.2841590819353116,0.08650472748564339,0.09334632876879839,0.0
1124,20,1.7453292519943295,0.5555555555555556,ABB,99.25142375515858,0.26736785758704346,0.07910862624117006,0.08871465719596616,0.045605556189721126
1125,20,1.7453292519943295,0.5555555555555556,ABB,99.59678028728877,0.2513222211808398,0.08808548793906125,0.09446144585809002,0.0
1126,20,1.7453292519943295,0.5555555555555556,ABB,99.8387320582583,0.2761250667916365,0.07819134377982083,0.09230007100528272,0.04257841623220061
1127,20,1.7453292519943295,0.5555555555555556,ABB,99.59900165041665,0.27102052157315965,0.09119212750371214,0.09623600421316719,0.0
1128,20,1.7453292519943295,0.5555555555555556,ABB,99.94560972512778,0.28938705687959904,0.08511180925328185,0.09337085349212985,0.03557266514165847
1129,20,1.7453292519943295,0.5555555555555556,ABB,100.14657542946999,0.31836046199947604,0.08633006762282529,0.09459901559363793,0.0
1130,20,1.7453292519943295,0.5555555555555556,ABB,99.8898322634272,0.2789628060085581,0.0827923312226588,0.09359227592734237,0.040703840100374866
1131,20,1.7453292519943295,0.5555555555555556,ABB,100.19625729393157,0.30315134430862456,0.08762910957479259,0.09415765706247484,0.0
1132,20,1.7453292519943295,0.5555555555555556,ABB,100.40581228728718,0.31113964413821305,0.07583365118912087,0.08906253114347128,0.03966355158622786
1133,20,1.7453292519943295,0.5555555555555556,ABB,100.16688301629173,0.3274954450837124,0.0836423474901109,0.09235881313466938,0.0
1134,20,1.7453292519943295,0.5555555555555556,ABB,100.50734397654949,0.329434716042841,0.07864673235076114,0.08840731007598704,0.02366324984927818
1135,20,1.7453292519943295,0.5555555555555556,ABB,100.7290510368725,0.3448350659517203,0.08486309170714003,0.09196547480327692,0.0
1136,20,1.7453292519943295,0.5555555555555556,ABB,100.44757902706971,0.32215483452491406,0.07104649489121016,0.08715795895297654,0.03134743690597903
1137,20,1.7453292519943295,0.5555555555555556,ABB,100.77130150035808,0.3257204338593847,0.085356253885118,0.09278946960850121,0.0
1138,20,1.7453292519943295,0.5555555555555556,ABB,100.95846769259809,0.29631653312302136,0.07675668928553711,0.09001245213946352,0.03685651587949926
1139,20,1.7453292519943295,0.5555555555555556,ABB,100.77962956821034,0.3299387691841306,0.08697381182124134,0.09388577456049356,0.0
1140,20,1.7453292519943295,0.5555555555555556,ABB,101.05677651079955,0.30733143875831886,0.08203267927536476,0.09134420497592181,0.03277658378010935
1141,20,1.7453292519943295,0.5555555555555556,ABB,101.22270178319827,0.315482421486551,0.08447080165147498,0.09405527996064268,0.0
1142,20,1.7453292519943295,0.5555555555555556,ABB,101.03157874043146,0.30795293879549446,0.0795472268931835,0.09240715635669206,0.03188171535660402
1143,20,1.7453292519943295,0.5555555555555556,ABB,101.25054390040785,0.30048849248836684,0.086938161240575,0.09443440265279211,0.0
1144,20,1.7453292519943295,0.5555555555555556,ABB,101.41027361244917,0.284564240538366,0.07111252255138863,0.0890949067289654,0.027310309920464133
1145,20,1.7453292519943295,0.5555555555555556,ABB,101.17953452432604,0.3076476599724603,0.08463468365835206,0.09309009071438032,0.0
1146,20,1.7453292519943295,0.5555555555555556,ABB,101.47221334719534,0.286978107614141,0.07964079777497277,0.08933055447893581,0.029176398373752313
1147,20,1.7453292519943295,0.5555555555555556,ABB,101.6938661802005,0.293252997163952,0.08498510616068829,0.09227649648024468,0.0
1148,20,1.7453292519943295,0.5555555555555556,ABB,101.37708959522638,0.27656702168056885,0.0734347882413057,0.08799237919284615,0.03345855467287546
1149,20,1.7453292519943295,0.5555555555555556,ABB,101.74670391236879,0.2811717640726992,0.08726041808723685,0.09295728759674797,0.0
1150,20,1.7453292519943295,0.5555555555555556,ABB,102.00451176094273,0.2935711369959836,0.07770029178450635,0.09150791287939967,0.045894540255709916
1151,20,1.7453292519943295,0.5555555555555556,ABB,101.76520859226562,0.3161859009370806,0.08727855023978921,0.0939014429303303,0.0
1152,20,1.7453292519943295,0.5555555555555556,ABB,102.1060022215867,0.3069249604250197,0.08241409568601556,0.09244927862719682,0.03172225870490769
1153,20,1.7453292519943295,0.5555555555555556,ABB,102.2783898892938,0.3031297196846316,0.08630134902576472,0.09544773533682431,0.0
1154,20,1.7453292519943295,0.5555555555555556,ABB,102.05310535313981,0.28361197653152653,0.07898614770077306,0.09382552957220254,0.03722062961083307
1155,20,1.7453292519943295,0.5555555555555556,ABB,102.31566080550641,0.2765139514883438,0.08744899435923224,0.09514448631773847,0.0
1156,20,1.7453292519943295,0.5555555555555556,ABB,102.47018401723665,0.2816960932285732,0.0785098020143658,0.08976042695053973,0.05588823626368686
1157,20,1.7453292519943295,0.5555555555555556,ABB,102.30158960171303,0.3174558136507282,0.08482778437954558,0.09422091483628924,0.0
1158,20,1.7453292519943295,0.5555555555555556,ABB,102.55930185931786,0.2962675570691465,0.07755493341742915,0.08890417149493661,0.04671046868234184
1159,20,1.7453292519943295,0.5555555555555556,ABB,102.73087736648361,0.2937180927661736,0.08428964742167083,0.09179488216659877,0.0
1160,20,1.7453292519943295,0.5555555555555556,ABB,102.4674247163073,0.28845050187356575,0.07340723584991149,0.08663810245417389,0.04971058434330056
1161,20,1.7453292519943295,0.5555555555555556,ABB,102.76238010108406,0.2572396265463196,0.08397482718272146,0.09197297841941122,0.0
1162,20,1.7453292519943295,0.5555555555555556,ABB,102.97697866243222,0.26087259066299734,0.079068982941242,0.08972611373919322,0.03838990392855009
1163,20,1.7453292519943295,0.5555555555555556,ABB,102.72729374402877,0.27060287813599987,0.08550975180929522,0.09193151706579024,0.0
1164,20,1.7453292519943295,0.5555555555555556,ABB,103.0936230156621,0.2759012671141243,0.08398900030978845,0.09123803951234301,0.04014936193227325
1165,20,1.7453292519943295,0.5555555555555556,ABB,103.32988896553223,0.30904851099449543,0.08717096402933885,0.09480437256633524,0.0
1166,20,1.7453292519943295,0.5555555555555556,ABB,103.07916822908957,0.2753763390462402,0.08563070310446169,0.09336937202490005,0.039229764235134953
1167,20,1.7453292519943295,0.5555555555555556,ABB,103.38698947128117,0.28835470689185666,0.08972162284642614,0.09569217355688955,0.0
1168,20,1.7453292519943295,0.5555555555555556,ABB,103.59677454381824,0.3035275905513838,0.07381088960170315,0.09090553241386073,0.0356009239759169
1169,20,1.7453292519943295,0.5555555555555556,ABB,103.36522765465807,0.3026089499779982,0.08921543781874129,0.09578386663242336,0.0
1170,20,1.7453292519943295,0.5555555555555556,ABB,103.68238752448687,0.31483266016745765,0.0812781697521041,0.0907232521463654,0.023906471619616988
1171,20,1.7453292519943295,0.5555555555555556,ABB,103.89039835213008,0.33738952104958864,0.08440528886532853,0.09175877332351089,0.0
1172,20,1.7453292519943295,0.5555555555555556,ABB,103.59172758476709,0.30519226639204755,0.07282451358242355,0.08839843267784443,0.03343774488311519
1173,20,1.7453292519943295,0.5555555555555556,ABB,103.9361336888806,0.32939421455580736,0.08510867290610373,0.09173963791764525,0.0
1174,20,1.7453292519943295,0.5555555555555556,ABB,104.1617204941702,0.31247632708008694,0.07652609320617981,0.08885261950855192,0.03638806704988744
1175,20,1.7453292519943295,0.5555555555555556,ABB,103.932284743225,0.3458841995277015,0.08287990412290869,0.09100639424750505,0.0
1176,20,1.7453292519943295,0.5555555555555556,ABB,104.27033942001785,0.32926244907653857,0.08011057398937838,0.08956603614031133,0.023143703250320526
1177,20,1.7453292519943295,0.5555555555555556,ABB,104.46669448972656,0.333670271159973,0.08520894804397239,0.09391717590133818,0.0
1178,20,1.7453292519943295,0.5555555555555556,ABB,104.25470141848612,0.3220749484114111,0.07555001054685834,0.09114965597785486,0.026078462767951976
1179,20,1.7453292519943295,0.5555555555555556,ABB,104.50005554907005,0.31414357913830976,0.08709435966529207,0.09489968284484043,0.0
1180,20,1.7453292519943295,0.5555555555555556,ABB,104.63348217384262,0.285827550946671,0.07360292779492633,0.08999935624332527,0.03806365559624404
1181,20,1.7453292519943295,0.5555555555555556,ABB,104.47936639695875,0.3237063868763501,0.08738048008395606,0.09535053377047291,0.0
1182,20,1.7453292519943295,0.5555555555555556,ABB,104.69732440478674,0.28867568732786375,0.07959189077527191,0.09035589912100152,0.03901828458902323
1183,20,1.7453292519943295,0.5555555555555556,ABB,104.8549312988769,0.28471063568208466,0.08337492051094975,0.09216187370212348,0.0
1184,20,1.7453292519943295,0.5555555555555556,ABB,104.60417855994322,0.2841291504029998,0.07474019510435882,0.08864599004683651,0.03990318276724124
1185,20,1.7453292519943295,0.5555555555555556,ABB,104.8850313493653,0.26732056991604364,0.08517713757839653,0.09217606748226458,0.0
1186,20,1.7453292519943295,0.5555555555555556,ABB,105.11322602249123,0.27303768410140655,0.07515983983300563,0.08947330700236342,0.034081737254708415
1187,20,1.7453292519943295,0.5555555555555556,ABB,104.8315867831254,0.2906963414272201,0.08339876059585064,0.0910670437543243,0.0
1188,20,1.7453292519943295,0.5555555555555556,ABB,105.20556002972583,0.2826633128477562,0.08180800677932888,0.09047384764180758,0.03178690429362946
1189,20,1.7453292519943295,0.5555555555555556,ABB,105.44371511488076,0.29237183097515707,0.08732064882108564,0.09472606761796382,0.0
1190,20,1.7453292519943295,0.5555555555555556,ABB,105.15290246651055,0.2644631363360091,0.07965453071260495,0.09206788271510341,0.03551481062820129
1191,20,1.7453292519943295,0.5555555555555556,ABB,105.50420757645865,0.2696961084857877,0.08960151462111304,0.09551196963879904,0.0
1192,20,1.7453292519943295,0.5555555555555556,ABB,105.7205872335615,0.29421501738322114,0.07894755643578573,0.09210897679729989,0.05790164493828193
1193,20,1.7453292519943295,0.5555555555555556,ABB,105.53861814273827,0.3141344826272195,0.08973189230692036,0.09675920905230564,0.0
1194,20,1.7453292519943295,0.5555555555555556,ABB,105.8168464759909,0.30964461595340725,0.08044851627513777,0.09172282246224019,0.040256016005108336
1195,20,1.7453292519943295,0.5555555555555556,ABB,105.96100895817817,0.3076897814070538,0.08436096850164487,0.09302420752798604,0.0
1196,20,1.7453292519943295,0.5555555555555556,ABB,105.72360281437187,0.29203484219019554,0.07500972642754548,0.08993900904898215,0.04742362888820972
1197,20,1.7453292519943295,0.5555555555555556,ABB,105.98759676346498,0.27678472024187617,0.08364004846295829,0.0921411095186608,0.0
1198,20,1.7453292519943295,0.5555555555555556,ABB,106.16922737294466,0.2737386212337025,0.07912309185914093,0.08791496049703222,0.04391895441936827
1199,20,1.7453292519943295,0.5555555555555556,ABB,105.94122929722066,0.30105831120011123,0.08113598808029139,0.09022191782725142,0.0
1200,20,1.7453292519943295,0.5555555555555556,ABB,106.2836400637619,0.29260896788369245,0.07953173942615271,0.08811852261897522,0.04067869095556208
1201,20,1.7453292519943295,0.5555555555555556,ABB,106.51867310144962,0.3139187192820146,0.08601819596724047,0.09295651451086905,0.0
1202,20,1.7453292519943295,0.5555555555555556,ABB,106.2595059993493,0.2945330920512631,0.07905066856092001,0.08891936909396707,0.040184600329170636
1203,20,1.7453292519943295,0.5555555555555556,ABB,106.5674362758726,0.2839157449397237,0.0875292187638736,0.09437809183816437,0.0
1204,20,1.7453292519943295,0.5555555555555556,ABB,106.76825860212156,0.2836475887438865,0.07504656931873371,0.09116466619559917,0.033029928667907354
1205,20,1.7453292519943295,0.5555555555555556,ABB,106.55415921057345,0.28496698775540386,0.09069172461779451,0.09584591153480057,0.0
1206,20,1.7453292519943295,0.5555555555555556,ABB,106.85963765552262,0.29218979995234545,0.08408206496060501,0.0922804706936751,0.031333623697308924
1207,20,1.7453292519943295,0.5555555555555556,ABB,107.058358314989,0.3219428372658384,0.08480894797904209,0.09318094001494988,0.0
1208,20,1.7453292519943295,0.5555555555555556,ABB,106.79929374918494,0.29008457387460224,0.0802447174288427,0.09184871116717205,0.035059209814812635
1209,20,1.7453292519943295,0.5555555555555556,ABB,107.10426241349893,0.31647000605937825,0.08695219107011212,0.09308922576971257,0.0
1210,20,1.7453292519943295,0.5555555555555556,ABB,107.3287248615878,0.3141741503115684,0.07288433771384883,0.08867401765226171,0.029485447163972573
1211,20,1.7453292519943295,0.5555555555555556,ABB,107.06180810642607,0.3320404620502356,0.08289875454673054,0.09140100794693826,0.0
1212,20,1.7453292519943295,0.5555555555555556,ABB,107.41921150886236,0.3272007202725148,0.07927022402514038,0.0886585314664336,0.016332641813204925
1213,20,1.7453292519943295,0.5555555555555556,ABB,107.65034778433842,0.33685468365238574,0.08516154507084782,0.09247565570839772,0.0
1214,20,1.7453292519943295,0.5555555555555556,ABB,107.36209846117,0.3138578075002318,0.07107669875834217,0.08841388292200114,0.024464125301456977
1215,20,1.7453292519943295,0.5555555555555556,ABB,107.69827157747204,0.3241796177280341,0.08666779277468892,0.09343787818940266,0.0
1216,20,1.7453292519943295,0.5555555555555556,ABB,107.88468230161095,0.3017981507528092,0.07669445517028083,0.0905883470323804,0.04595386388229728
1217,20,1.7453292519943295,0.5555555555555556,ABB,107.73000183773823,0.34562741764162486,0.08739637909845478,0.09478224954189612,0.0
1218,20,1.7453292519943295,0.5555555555555556,ABB,107.97219216101561,0.31178027123183694,0.08023340394760256,0.0912452582851508,0.03614170249636368
1219,20,1.7453292519943295,0.5555555555555556,ABB,108.10022141241986,0.29952190606623424,0.08355944491913268,0.09367989003801108,0.0
1220,20,1.7453292519943295,0.5555555555555556,ABB,107.91405711812374,0.3022456654340506,0.07612524410130936,0.09134880227933234,0.03743406372064135
1221,20,1.7453292519943295,0.5555555555555556,ABB,108.11707263731562,0.27551893008327305,0.084948024217335,0.09335125953256962,0.0
1222,20,1.7453292519943295,0.5555555555555556,ABB,108.26811207245578,0.2646184776017243,0.07430283827848097,0.08830743374467692,0.03673447054510973
1223,20,1.7453292519943295,0.5555555555555556,ABB,108.04220881754952,0.2957564543525816,0.08228775930438653,0.0915972460534107,0.0
1224,20,1.7453292519943295,0.5555555555555556,ABB,108.34270223613649,0.2708660256311387,0.07901859686249987,0.08852285525356927,0.041163932766679276
1225,20,1.7453292519943295,0.5555555555555556,ABB,108.56970769236793,0.27637190098186415,0.08563213685321765,0.09250925373698819,0.0
1226,20,1.7453292519943295,0.5555555555555556,ABB,108.26207167549846,0.2624488754615566,0.07653935192410993,0.08798201686019833,0.04210266685655062
1227,20,1.7453292519943295,0.5555555555555556,ABB,108.62434167628732,0.25054185635782056,0.08760948778952946,0.09344361296201359,0.0
1228,20,1.7453292519943295,0.5555555555555556,ABB,108.88245435443059,0.2786017331607125,0.0784686465332538,0.09197701558537492,0.04702541981341378
1229,20,1.7453292519943295,0.5555555555555556,ABB,108.63753847390379,0.28319102342739383,0.08945528082871296,0.09487925790381022,0.0
1230,20,1.7453292519943295,0.5555555555555556,ABB,108.98956183625464,0.29277450341648037,0.08397175966857788,0.09291273453218447,0.0361429831361091
1231,20,1.7453292519943295,0.5555555555555556,ABB,109.17797832885137,0.307400313885451,0.08636319071703341,0.09492545552884735,0.0
1232,20,1.7453292519943295,0.5555555555555556,ABB,108.93135252208188,0.27388120633323065,0.08167186905544893,0.0937857531542399,0.0420039566432345
1233,20,1.7453292519943295,0.5555555555555556,ABB,109.22393030462452,0.28384259300450104,0.087346469101109,0.09437005475028268,0.0
1234,20,1.7453292519943295,0.5555555555555556,ABB,109.41215078250852,0.29726474600461644,0.0779008678961139,0.0890399514660184,0.05029841214008353
1235,20,1.7453292519943295,0.5555555555555556,ABB,109.20461526200643,0.31991960761148086,0.08384144558522963,0.09301439221294956,0.0
1236,20,1.7453292519943295,0.5555555555555556,ABB,109.5145881160203,0.3165465299759292,0.07784132855272508,0.0880807169962533,0.035507182476240906
1237,20,1.7453292519943295,0.5555555555555556,ABB,109.71687910614372,0.3272932004163539,0.0843270854544727,0.09128430371935944,0.0
1238,20,1.7453292519943295,0.5555555555555556,ABB,109.4428366191326,0.3102240199604446,0.07198441394386171,0.08617649930182782,0.041475745417021
1239,20,1.7453292519943295,0.5555555555555556,ABB,109.75412075216285,0.297960842291503,0.08407410000505229,0.091794303035301,0.0
1240,20,1.7453292519943295,0.5555555555555556,ABB,109.95170844373374,0.28073071537384386,0.07760267303295185,0.08931019274316258,0.03547973870749293
1241,20,1.7453292519943295,0.5555555555555556,ABB,109.74133574021435,0.3011333128864142,0.08602049746555807,0.09230506229355984,0.0
1242,20,1.7453292519943295,0.5555555555555556,ABB,110.06222387479345,0.29445425137950254,0.08304338060153688,0.09081045578691854,0.03504758148706827
1243,20,1.7453292519943295,0.5555555555555556,ABB,110.2664655081098,0.32042289954142805,0.08527274295703324,0.09393528521219568,0.0
1244,20,1.7453292519943295,0.5555555555555556,ABB,110.05171066837968,0.29882673697195283,0.08265116007581896,0.09257133648421978,0.03359948944952038
1245,20,1.7453292519943295,0.5555555555555556,ABB,110.30794335652254,0.30558859647741654,0.08808802817701,0.09466118529537908,0.0
1246,20,1.7453292519943295,0.5555555555555556,ABB,110.48979962681788,0.2987564562692895,0.07075521092713999,0.08940303438817063,0.025932881296653235
1247,20,1.7453292519943295,0.5555555555555556,ABB,110.2528968781922,0.30889275261103044,0.08657806486235296,0.09409259301249331,0.0
1248,20,1.7453292519943295,0.5555555555555556,ABB,110.55783813629625,0.3036472731116469,0.08037145129556916,0.08956629375502739,0.022189302805748382
1249,20,1.7453292519943295,0.5555555555555556,ABB,110.77916018439771,0.3192569966934794,0.08421069423470254,0.0914090406948732,0.0
1250,20,1.7453292519943295,0.5555555555555556,ABB,110.46420313305853,0.29438286765506516,0.07208376200826443,0.08765971306439846,0.0295356378234597
1251,20,1.7453292519943295,0.5555555555555556,ABB,110.82994331772932,0.31455698705320617,0.08609654615290728,0.09182786875100497,0.0
1252,20,1.7453292519943295,0.5555555555555556,ABB,111.07634448570798,0.30874280051111,0.07606693180667923,0.08990206067826231,0.04015001471495115
1253,20,1.7453292519943295,0.5555555555555556,ABB,110.8434588733142,0.3410181141231052,0.08468521395820833,0.09199671692846126,0.0
1254,20,1.7453292519943295,0.5555555555555556,ABB,111.1768038687718,0.3225574438272612,0.08073517507642261,0.09071866755538738,0.025064330804603803
1255,20,1.7453292519943295,0.5555555555555556,ABB,111.35154243028319,0.31592971475390863,0.08519715422814039,0.0944967467253049,0.0
1256,20,1.7453292519943295,0.5555555555555556,ABB,111.13914639948881,0.3040488939073901,0.07592240313852561,0.09233620126571794,0.02993968792387574
1257,20,1.7453292519943295,0.5555555555555556,ABB,111.38347851297581,0.2930000158969643,0.08685037025256799,0.09466323350398814,0.0
1258,20,1.7453292519943295,0.5555555555555556,ABB,111.51766521002189,0.28022417305934705,0.07623239890922,0.08943302928208305,0.05026129973855996
1259,20,1.7453292519943295,0.5555555555555556,ABB,111.3670787868879,0.323631593535813,0.0853111268460595,0.094469357932211,0.0
1260,20,1.7453292519943295,0.5555555555555556,ABB,111.59074045933822,0.28845133147304824,0.07776929593406567,0.08909254601668033,0.04652397825091733
1261,20,1.7453292519943295,0.5555555555555556,ABB,111.7463918653981,0.27855001910344723,0.08346959255287255,0.09156357054376929,0.0
1262,20,1.7453292519943295,0.5555555555555556,ABB,111.4910056703082,0.2807009233825899,0.07367051466952693,0.08695322921778714,0.04785858191779352
1263,20,1.7453292519943295,0.5555555555555556,ABB,111.77460871665576,0.24678465597606491,0.08406253507650369,0.09155366262706363,0.0
1264,20,1.7453292519943295,0.5555555555555556,ABB,111.99803239833017,0.257384382763608,0.07777350609406153,0.08936570927961385,0.03853086042786995
1265,20,1.7453292519943295,0.5555555555555556,ABB,111.72792151848722,0.2686319528044746,0.08427444348593369,0.09098187289002399,0.0
1266,20,1.7453292519943295,0.5555555555555556,ABB,112.10602237578607,0.27031786243563277,0.08315727515822954,0.09068408012705749,0.03990852016743077
1267,20,1.7453292519943295,0.5555555555555556,ABB,112.34901208188401,0.294894832263755,0.08734410293917635,0.09461596337402145,0.0
1268,20,1.7453292519943295,0.5555555555555556,ABB,112.0737527846247,0.2609233697883725,0.08410600361776287,0.09275179118057886,0.040761773097515636
1269,20,1.7453292519943295,0.5555555555555556,ABB,112.41110685760935,0.2702553151088432,0.0897799865018665,0.09538281266251915,0.0
1270,20,1.7453292519943295,0.5555555555555556,ABB,112.63295358884645,0.2989260015999264,0.07674092236717511,0.09128375301537242,0.047848207299282214
1271,20,1.7453292519943295,0.5555555555555556,ABB,112.41804183227659,0.30138539371161394,0.08966152433997082,0.09616602224384618,0.0
1272,20,1.7453292519943295,0.5555555555555556,ABB,112.72886146475918,0.3142868798551044,0.0810858088660173,0.0909319052999381,0.03150024175771304
1273,20,1.7453292519943295,0.5555555555555556,ABB,112.91271968766651,0.3308144151447467,0.08423751442836777,0.09179561362371468,0.0
1274,20,1.7453292519943295,0.5555555555555556,ABB,112.63647818801137,0.30107766014584586,0.07396421397195774,0.08864523404206415,0.04098336294557236
1275,20,1.7453292519943295,0.5555555555555556,ABB,112.95110867149032,0.3118450337136439,0.08401621311241163,0.09128402263102989,0.0
1276,20,1.7453292519943295,0.5555555555555556,ABB,113.15819680258458,0.2993569554798782,0.07765957850586619,0.08777675346419453,0.038848627748274626
1277,20,1.7453292519943295,0.5555555555555556,ABB,112.92946593444637,0.32903088066499264,0.08158100833860693,0.08987929486241758,0.0
1278,20,1.7453292519943295,0.5555555555555556,ABB,113.2744623945257,0.31880867166167043,0.07959965478718906,0.08827622419396569,0.02916822313186125
1279,20,1.7453292519943295,0.5555555555555556,ABB,113.49277320694695,0.3350925642106075,0.0850586537331099,0.09282947023961678,0.0
1280,20,1.7453292519943295,0.5555555555555556,ABB,113.26524566901534,0.319134828073181,0.07661602809335799,0.08957414908390013,0.03051276344060961
1281,20,1.7453292519943295,0.5555555555555556,ABB,113.53194470940666,0.31250794837322937,0.08690050209193838,0.09416090832985705,0.0
1282,20,1.7453292519943295,0.5555555555555556,ABB,113.68792518009141,0.28837669468677934,0.07295583318771837,0.08988582984899297,0.03121213194680885
1283,20,1.7453292519943295,0.5555555555555556,ABB,113.50997534833803,0.31033199894203767,0.08864493162697246,0.09519610373448965,0.0
1284,20,1.7453292519943295,0.5555555555555556,ABB,113.75941575425074,0.2920353354743047,0.0815981241905096,0.09081831831975089,0.032697993379274384
1285,20,1.7453292519943295,0.5555555555555556,ABB,113.93673729284524,0.3046874190297665,0.08345226987754506,0.09195884613368867,0.0
1286,20,1.7453292519943295,0.5555555555555556,ABB,113.68233236662007,0.29096177330605166,0.07671241386550942,0.08963123500288846,0.0345403870288904
1287,20,1.7453292519943295,0.5555555555555556,ABB,113.97340138832035,0.2974110023476659,0.08588116582189485,0.09204125488326677,0.0
1288,20,1.7453292519943295,0.5555555555555556,ABB,114.20284274724929,0.295618491896031,0.0726711887676402,0.08869823584643496,0.02902311006294058
1289,20,1.7453292519943295,0.5555555555555556,ABB,113.92201617809329,0.3155067629405366,0.08275136427035978,0.0905998235479277,0.0
1290,20,1.7453292519943295,0.5555555555555556,ABB,114.28827331119024,0.30481883090555917,0.08032904998770087,0.08934762173407933,0.021832685709725175
1291,20,1.7453292519943295,0.5555555555555556,ABB,114.52276698519279,0.3100843826442965,0.08595124524855037,0.0933502441811349,0.0
1292,20,1.7453292519943295,0.5555555555555556,ABB,114.22989054819574,0.286082152832731,0.07461704412374154,0.09018511057172848,0.028242587174753662
1293,20,1.7453292519943295,0.5555555555555556,ABB,114.57752766092891,0.29370382210131546,0.08820423947290432,0.09420552232645749,0.0
1294,20,1.7453292519943295,0.5555555555555556,ABB,114.77892469826355,0.2975089946381553,0.0781229689008113,0.09118706999524168,0.05577917041881608
1295,20,1.7453292519943295,0.5555555555555556,ABB,114.61860259235793,0.3337236211236347,0.0882952396350287,0.09562685952426535,0.0
1296,20,1.7453292519943295,0.5555555555555556,ABB,114.86865079593575,0.3102849215815487,0.0797603583569661,0.09126460431391725,0.04046011288017988
1297,20,1.7453292519943295,0.5555555555555556,ABB,114.99221449178438,0.29620596095221396,0.08368730017212528,0.0929838203088111,0.0
1298,20,1.7453292519943295,0.5555555555555556,ABB,114.78398998803176,0.2932668479707691,0.07493770339740358,0.09021025268030643,0.04502496977349427
1299,20,1.7453292519943295,0.5555555555555556,ABB,115.01048460303738,0.26427153892239263,0.08371078614075418,0.0922220924865693,0.0
1300,20,1.7453292519943295,0.5555555555555556,ABB,115.17330070781838,0.26118329391771816,0.07773028897032809,0.08770451679576549,0.04397526021971475
1301,20,1.7453292519943295,0.5555555555555556,ABB,114.94781795458763,0.2913436624180876,0.08112674232121578,0.09022853168865753,0.0
1302,20,1.7453292519943295,0.5555555555555556,ABB,115.27208919909583,0.2750552395271595,0.07904653714140933,0.0879209364471357,0.04557635593332637
1303,20,1.7453292519943295,0.5555555555555556,ABB,115.5065812843782,0.2897686328616448,0.08582303400604141,0.09236133369867705,0.0
1304,20,1.7453292519943295,0.5555555555555556,ABB,115.22233686931193,0.27277560757145203,0.07875553614523786,0.08813984259387418,0.044877349775268666
1305,20,1.7453292519943295,0.5555555555555556,ABB,115.55954660062669,0.25730715112689345,0.08745181524442282,0.0936288779774499,0.0
1306,20,1.7453292519943295,0.5555555555555556,ABB,115.7937826319234,0.2774054970999978,0.07704952686188435,0.09136129771887147,0.039866285583926714
1307,20,1.7453292519943295,0.5555555555555556,ABB,115.55757363873755,0.2729990062993008,0.0904447535209261,0.0951940281236395,0.0
1308,20,1.7453292519943295,0.5555555555555556,ABB,115.89711558142727,0.289843860736448,0.08459803932173932,0.09251971836231843,0.03410841958163999
1309,20,1.7453292519943295,0.5555555555555556,ABB,116.0998338587345,0.32013267508519666,0.08558804288364286,0.0935502029184621,0.0
1310,20,1.7453292519943295,0.5555555555555556,ABB,115.83988483208941,0.28117535188469134,0.08195062470870954,0.09265283669720659,0.039239883404295794
1311,20,1.7453292519943295,0.5555555555555556,ABB,116.14905329342105,0.30709758543730703,0.08718298887025051,0.09329109313465825,0.0
1312,20,1.7453292519943295,0.5555555555555556,ABB,116.36368332005517,0.3132586665952671,0.07483314875909958,0.08843358635083458,0.037552339118534325
1313,20,1.7453292519943295,0.5555555555555556,ABB,116.11805567454674,0.32986053540279164,0.08320965916633503,0.09164570873694228,0.0
1314,20,1.7453292519943295,0.5555555555555556,ABB,116.46335478440693,0.3307083675041754,0.0784508788721157,0.08797293412385401,0.021513568935450235
1315,20,1.7453292519943295,0.5555555555555556,ABB,116.6874270926284,0.3449399152271517,0.0843636046074933,0.0912347731340174,0.0
1316,20,1.7453292519943295,0.5555555555555556,ABB,116.40506818896631,0.3221377614888902,0.07044340284000158,0.08686822152686745,0.02966807553041926
1317,20,1.7453292519943295,0.5555555555555556,ABB,116.7304618840034,0.32734147944551417,0.08504254809829404,0.09215033094880333,0.0
1318,20,1.7453292519943295,0.5555555555555556,ABB,116.91555069096317,0.29792395314485326,0.0762580328295267,0.08938576986450647,0.0382230718519559
1319,20,1.7453292519943295,0.5555555555555556,ABB,116.74383362624594,0.3347457028775786,0.0862697687729099,0.0931302521703641,0.0
1320,20,1.7453292519943295,0.5555555555555556,ABB,117.0111102777806,0.308811957964834,0.08117487711078744,0.09059055036855013,0.03312883982054366
1321,20,1.7453292519943295,0.5555555555555556,ABB,117.16908280362348,0.31291329588714584,0.08374105097466211,0.09321929349357555,0.0
1322,20,1.7453292519943295,0.5555555555555556,ABB,116.97949415930692,0.3079344711977304,0.07831239521958083,0.09147492871419524,0.03265531099540128
1323,20,1.7453292519943295,0.5555555555555556,ABB,117.19365043779504,0.2960040082864069,0.08611200554893861,0.09354358654037725,0.0
1324,20,1.7453292519943295,0.5555555555555556,ABB,117.35149878720154,0.2804421915025879,0.07126229182552249,0.08839604976569342,0.028616485384539713
1325,20,1.7453292519943295,0.5555555555555556,ABB,117.12007893721562,0.3051525029536033,0.08389864950772982,0.09225098746195026,0.0
1326,20,1.7453292519943295,0.5555555555555556,ABB,117.41505947123488,0.28334111676143714,0.07934771199913686,0.08875220151603819,0.031312257343826165
1327,20,1.7453292519943295,0.5555555555555556,ABB,117.6398106778106,0.2897983449547413,0.0846475491028558,0.09162409528740553,0.0
1328,20,1.7453292519943295,0.5555555555555556,ABB,117.32304264300153,0.2734119509067046,0.07384325915087725,0.08760827147256545,0.03505125989081547
1329,20,1.7453292519943295,0.5555555555555556,ABB,117.69322996689465,0.275384293757362,0.08697430402180176,0.09241506636903024,0.0
1330,20,1.7453292519943295,0.5555555555555556,ABB,117.9527819369728,0.29136017916708523,0.07735262920411806,0.09099592456133472,0.04577353630145173
1331,20,1.7453292519943295,0.5555555555555556,ABB,117.71178659379123,0.31048621220076306,0.08710364961815073,0.09334047423408053,0.0
1332,20,1.7453292519943295,0.5555555555555556,ABB,118.05489126548142,0.30497572580954635,0.08226664891348691,0.09191161075116969,0.03190987320871268
1333,20,1.7453292519943295,0.5555555555555556,ABB,118.23032763890566,0.3046691049599013,0.08581945601335944,0.09462651224769421,0.0
1334,20,1.7453292519943295,0.5555555555555556,ABB,118.00007377515078,0.28214708076300804,0.07878526552313989,0.09313575013001953,0.03791897946613891
1335,20,1.7453292519943295,0.5555555555555556,ABB,118.26894915396454,0.27855781896128873,0.08693152150023148,0.0943067915185153,0.0
1336,20,1.7453292519943295,0.5555555555555556,ABB,118.4297348730018,0.28516638613795314,0.07814515115555656,0.0890532722527882,0.055122047900268784
1337,20,1.7453292519943295,0.5555555555555556,ABB,118.25416482567186,0.31911601569538145,0.0841666670659194,0.09341704937458185,0.0
1338,20,1.7453292519943295,0.5555555555555556,ABB,118.52184520064085,0.30095069286687937,0.07729078754128574,0.08821729771715732,0.0445493780771698
1339,20,1.7453292519943295,0.5555555555555556,ABB,118.69955774288998,0.3008085535195327,0.08379223785699602,0.09102982759445424,0.0
1340,20,1.7453292519943295,0.5555555555555556,ABB,118.43457864620721,0.29359439737234116,0.07283642042414176,0.08608376110815316,0.04817421518344744
1341,20,1.7453292519943295,0.5555555555555556,ABB,118.73163847923321,0.26525838903648624,0.08352839959123005,0.09129978030228697,0.0
1342,20,1.7453292519943295,0.5555555555555556,ABB,118.94210304540809,0.26432653428933855,0.07828310999874198,0.0890137459673187,0.03738249071313102
1343,20,1.7453292519943295,0.5555555555555556,ABB,118.70056331769158,0.2762627500670042,0.08507157777437568,0.0912728642599898,0.0
1344,20,1.7453292519943295,0.5555555555555556,ABB,119.05704766671818,0.2790407976582792,0.08344553080300458,0.09052081353249276,0.03912536966750175
1345,20,1.7453292519943295,0.5555555555555556,ABB,119.28821467995482,0.31159196137445294,0.08627866207554262,0.09392986973821368,0.0
1346,20,1.7453292519943295,0.5555555555555556,ABB,119.04380651539705,0.2800309748245378,0.08463958945237596,0.09254232663923312,0.03819114025244164
1347,20,1.7453292519943295,0.5555555555555556,ABB,119.34190129217225,0.292109090411007,0.08899700900459549,0.09481140269746144,0.0
1348,20,1.7453292519943295,0.5555555555555556,ABB,119.54761436007152,0.3032279345134939,0.07279800358564875,0.09006440687211886,0.033033356446403005
1349,20,1.7453292519943295,0.5555555555555556,ABB,119.31243780786822,0.3038033823963872,0.08831894808263904,0.09489227246699623,0.0
1350,20,1.7453292519943295,0.5555555555555556,ABB,119.6297801352186,0.3134167982755989,0.08096010187963479,0.09003594850887481,0.022747953224849456
1351,20,1.7453292519943295,0.5555555555555556,ABB,119.84284243717435,0.3354455707946478,0.0839547220894265,0.09105880084904724,0.0
1352,20,1.7453292519943295,0.5555555555555556,ABB,119.53858392210867,0.3037709066491817,0.07240317072646221,0.08786188582493462,0.03214718717007711
1353,20,1.7453292519943295,0.5555555555555556,ABB,119.8900424317779,0.3286211735388867,0.08495906612616214,0.09115618546056369,0.0
1354,20,1.7453292519943295,0.5555555555555556,ABB,120.12067624661253,0.31338740781819335,0.07592319784010407,0.08846488952831864,0.036974050842133434
1355,20,1.7453292519943295,0.5555555555555556,ABB,119.89153434022288,0.34729059648271804,0.0827087788842282,0.09054938320670461,0.0
1356,20,1.7453292519943295,0.5555555555555556,ABB,120.22733232283359,0.32966769472063046,0.07974333017539811,0.08914417872861963,0.022906857852635933
1357,20,1.7453292519943295,0.5555555555555556,ABB,120.41831302212763,0.3314133397090285,0.08458070589405428,0.09332524611958606,0.0
1358,20,1.7453292519943295,0.5555555555555556,ABB,120.20776975408508,0.32031274292983114,0.07480959328958492,0.09065612031522435,0.0265345593712966
1359,20,1.7453292519943295,0.5555555555555556,ABB,120.45015140064092,0.31124261180807816,0.08647474120733221,0.09411156963270526,0.0
1360,20,1.7453292519943295,0.5555555555555556,ABB,120.58135336147899,0.2845991166904251,0.07374661664000376,0.08924353950847469,0.04005962334534381
1361,20,1.7453292519943295,0.5555555555555556,ABB,120.42886299147946,0.32456762236098824,0.08639515864366673,0.0945081982975868,0.0
1362,20,1.7453292519943295,0.5555555555555556,ABB,120.64624248713274,0.28846137044977455,0.07897773788566034,0.08956681201875011,0.04041085430354913
1363,20,1.7453292519943295,0.5555555555555556,ABB,120.80419764833624,0.283317920373959,0.08296189866749018,0.09142627871077348,0.0
1364,20,1.7453292519943295,0.5555555555555556,ABB,120.55178313622903,0.2836507284789607,0.07434860667112364,0.08787409980162443,0.04126305999113783
1365,20,1.7453292519943295,0.5555555555555556,ABB,120.83358551647578,0.2629953228892941,0.08466789969427906,0.09148802300305606,0.0
1366,20,1.7453292519943295,0.5555555555555556,ABB,121.06216419458845,0.2698957385623544,0.0751501449064629,0.08893766179874711,0.03458882175925544
1367,20,1.7453292519943295,0.5555555555555556,ABB,120.78131909696108,0.2860621085488651,0.08323068662131598,0.0904925606854878,0.0
1368,20,1.7453292519943295,0.5555555555555556,ABB,121.15675507506226,0.2798996641353211,0.08178404863158754,0.08999707200495174,0.033166522950692556
1369,20,1.7453292519943295,0.5555555555555556,ABB,121.39691946398067,0.29268786479875,0.08680176323122933,0.09404232521903434,0.0
1370,20,1.7453292519943295,0.5555555555555556,ABB,121.10794111896863,0.26326241354094454,0.08004899905741822,0.09160799625879351,0.03663776889248586
1371,20,1.7453292519943295,0.5555555555555556,ABB,121.45779609636597,0.26979669861882527,0.08918838784473593,0.09477538451772485,0.0
1372,20,1.7453292519943295,0.5555555555555556,ABB,121.67622830033264,0.2957981697308621,0.07822727941553631,0.09133351701330258,0.05593517619982035
1373,20,1.7453292519943295,0.5555555555555556,ABB,121.48722466837806,0.31238846545118093,0.08913520177009336,0.09598014871019482,0.0
1374,20,1.7453292519943295,0.5555555555555556,ABB,121.77272622773134,0.31164674166084894,0.0803007324965481,0.09100117732200746,0.03807930857392609
1375,20,1.7453292519943295,0.5555555555555556,ABB,121.92510474425693,0.313412431313957,0.08392703086809766,0.09214989457330706,0.0
1376,20,1.7453292519943295,0.5555555555555556,ABB,121.67889885364929,0.2946252643267742,0.07446488230619754,0.08917538365779389,0.04596737721720587
1377,20,1.7453292519943295,0.5555555555555556,ABB,121.95370710822944,0.2844781847942331,0.08337102144252835,0.09135839722976842,0.0
1378,20,1.7453292519943295,0.5555555555555556,ABB,122.14008341090486,0.2791440894057597,0.07852211579941268,0.08733701010531338,0.043134245075153135
1379,20,1.7453292519943295,0.5555555555555556,ABB,121.91300708808657,0.3074916715719229,0.08088194547032297,0.08955428056818593,0.0
1380,20,1.7453292519943295,0.5555555555555556,ABB,122.2550511182451,0.29823720475825005,0.07922849626398715,0.08761719317710569,0.03856517996095101
1381,20,1.7453292519943295,0.5555555555555556,ABB,122.4868392758701,0.31869196219973445,0.08526248320503216,0.09225029448248473,0.0
1382,20,1.7453292519943295,0.5555555555555556,ABB,122.23523477112458,0.3003718246657176,0.07815244871258535,0.0884544440269338,0.03848448910620274
1383,20,1.7453292519943295,0.5555555555555556,ABB,122.53291306531864,0.28996920191692993,0.086925335293323,0.09362528130108481,0.0
1384,20,1.7453292519943295,0.5555555555555556,ABB,122.72399599098654,0.2844295725498905,0.07421463761110765,0.09024196892557315,0.03176794658955909
1385,20,1.7453292519943295,0.5555555555555556,ABB,122.51604547335094,0.28952549912616776,0.08971776295449596,0.09502510897350572,0.0
1386,20,1.7453292519943295,0.5555555555555556,ABB,122.81087464250739,0.2920107514985688,0.08341423042017809,0.09143919722222307,0.031087520453447787
1387,20,1.7453292519943295,0.5555555555555556,ABB,123.00778019138725,0.3195630020891284,0.08417422575393885,0.09225533564733168,0.0
1388,20,1.7453292519943295,0.5555555555555556,ABB,122.74704498570807,0.2905371195689762,0.07935405451564756,0.09089651437655456,0.034496996668607796
1389,20,1.7453292519943295,0.5555555555555556,ABB,123.05207810764811,0.3141858141049065,0.08652068864230128,0.09228715372760682,0.0
1390,20,1.7453292519943295,0.5555555555555556,ABB,123.28000172391151,0.31208201185260614,0.07232888238977572,0.08820151766464715,0.02899960745378427
1391,20,1.7453292519943295,0.5555555555555556,ABB,123.00842123036831,0.33011847190952903,0.08264032639978403,0.09069675955747343,0.0
1392,20,1.7453292519943295,0.5555555555555556,ABB,123.36903924976971,0.32426905182855315,0.07922543810094533,0.0883496443826487,0.01660156361570007
1393,20,1.7453292519943295,0.5555555555555556,ABB,123.60142714907906,0.33293186301420585,0.08476156338526818,0.09200565134988295,0.0
1394,20,1.7453292519943295,0.5555555555555556,ABB,123.31210605480175,0.30959855153667204,0.07120996403350945,0.0882727692117865,0.024831685699798985
1395,20,1.7453292519943295,0.5555555555555556,ABB,123.6503997116601,0.320014451038055,0.08652061754781681,0.09289665862686475,0.0
1396,20,1.7453292519943295,0.5555555555555556,ABB,123.83837928091556,0.30179312412262194,0.07661747535785632,0.09002336777507944,0.04772366578574379
1397,20,1.7453292519943295,0.5555555555555556,ABB,123.68468791784159,0.3454225636163304,0.08689344282107526,0.09423656956223127,0.0
1398,20,1.7453292519943295,0.5555555555555556,ABB,123.92572502563453,0.31248458494700626,0.07974934857465756,0.0906442789367058,0.03665595809063268
1399,20,1.7453292519943295,0.5555555555555556,ABB,124.05166097272556,0.2992521540763988,0.08316275436479602,0.09283339509830336,0.0
1400,20,1.7453292519943295,0.5555555555555556,ABB,123.86176612730256,0.301559465616159,0.07538872470877107,0.09050740669409554,0.038650487634388477
1401,20,1.7453292519943295,0.5555555555555556,ABB,124.06772106393984,0.2732921837887147,0.0843720606953494,0.09250722399006041,0.0
1402,20,1.7453292519943295,0.5555555555555556,ABB,124.2203130607088,0.26337221411700945,0.07466172646564122,0.0877120556023496,0.03810493017536883
1403,20,1.7453292519943295,0.5555555555555556,ABB,123.99418881026315,0.29474099099080064,0.08181459419014478,0.0907478699253408,0.0
1404,20,1.7453292519943295,0.5555555555555556,ABB,124.29911316366464,0.27088170036253706,0.07885964207444866,0.08801071911294321,0.04235554175260163
1405,20,1.7453292519943295,0.5555555555555556,ABB,124.52876672494733,0.27826945581791923,0.08521339749886629,0.091881958790837,0.0
1406,20,1.7453292519943295,0.5555555555555556,ABB,124.2250968277814,0.26388599474915886,0.07685294377116485,0.08762165993375007,0.042934012736875526
1407,20,1.7453292519943295,0.5555555555555556,ABB,124.58307714352526,0.2510603273294526,0.08725570443409189,0.09287386076158305,0.0
1408,20,1.7453292519943295,0.5555555555555556,ABB,124.8378649413809,0.2784269861820842,0.07781807419504945,0.09125998281628107,0.04523479107065466
1409,20,1.7453292519943295,0.5555555555555556,ABB,124.59313381319728,0.2806972190509877,0.08916049827790559,0.09431225322015088,0.0
1410,20,1.7453292519943295,0.5555555555555556,ABB,124.94390236135857,0.2924061424905321,0.08386726964513956,0.0923219394455659,0.035281621170317315
1411,20,1.7453292519943295,0.5555555555555556,ABB,125.13640745315371,0.31077196492239473,0.08587872315382963,0.09395264994315944,0.0
1412,20,1.7453292519943295,0.5555555555555556,ABB,124.88477401155914,0.275303632895885,0.08137999599738263,0.09299421026116202,0.04134661792982853
1413,20,1.7453292519943295,0.5555555555555556,ABB,125.18298253791352,0.28926876937835255,0.08706348056667039,0.09354045616219125,0.0
1414,20,1.7453292519943295,0.5555555555555556,ABB,125.37766183400248,0.3015466601047244,0.07710378676390009,0.08847523098180324,0.048029448737267125
1415,20,1.7453292519943295,0.5555555555555556,ABB,125.16218626658917,0.3231732208892532,0.08348550290521992,0.09215610469245432,0.0
1416,20,1.7453292519943295,0.5555555555555556,ABB,125.48020879996596,0.32081743161305126,0.07774931341566094,0.08768772039668755,0.03243752721045012
1417,20,1.7453292519943295,0.5555555555555556,ABB,125.68710421446534,0.33227290195481574,0.08388567217224134,0.09068326819064845,0.0
1418,20,1.7453292519943295,0.5555555555555556,ABB,125.41219747191732,0.31413070969207824,0.0713355362044592,0.08595341021245732,0.039050561021611495
1419,20,1.7453292519943295,0.5555555555555556,ABB,125.7250838113912,0.30513400105977057,0.08386684566247626,0.09129047971256175,0.0
1420,20,1.7453292519943295,0.5555555555555556,ABB,125.91850046595431,0.2843394636778461,0.07696189206025127,0.08868268339140124,0.035536682387397434
1421,20,1.7453292519943295,0.5555555555555556,ABB,125.71727380647712,0.3085607349416713,0.08550604813528742,0.09185567303198137,0.0
1422,20,1.7453292519943295,0.5555555555555556,ABB,126.02548121551973,0.29748131007551654,0.08234454551745762,0.09020402128748631,0.03448574169678148
1423,20,1.7453292519943295,0.5555555555555556,ABB,126.22100256104888,0.3196563574766202,0.08456849806547034,0.09304230927574575,0.0
1424,20,1.7453292519943295,0.5555555555555556,ABB,126.01129391587587,0.30153268021433854,0.08139853534383235,0.09170911814965042,0.033201360405905184
1425,20,1.7453292519943295,0.5555555555555556,ABB,126.25840158775813,0.3045303974015342,0.08739627969302649,0.09382132257109424,0.0
1426,20,1.7453292519943295,0.5555555555555556,ABB,126.43612968009914,0.29557022475364936,0.07040675318552246,0.08877915333159364,0.025685049161533764
1427,20,1.7453292519943295,0.5555555555555556,ABB,126.19793122257508,0.30821754311692307,0.08584868630904333,0.09312527091923366,0.0
1428,20,1.7453292519943295,0.5555555555555556,ABB,126.50254585900343,0.29987252074001497,0.08009728946819514,0.08909576440806632,0.02338036436478843
1429,20,1.7453292519943295,0.5555555555555556,ABB,126.72681321699179,0.3142038123041668,0.08392039817036209,0.09094028217747299,0.0
1430,20,1.7453292519943295,0.5555555555555556,ABB,126.40937682015694,0.2904475834858452,0.0722975125935689,0.08741948962619275,0.030215942024309272
1431,20,1.7453292519943295,0.5555555555555556,ABB,126.77855588654296,0.308216701386107,0.08607205526918883,0.09146528999404631,0.0
1432,20,1.7453292519943295,0.5555555555555556,ABB,127.02891175565554,0.306682029295632,0.07592113986028155,0.08960152441928981,0.0410870967173614
1433,20,1.7453292519943295,0.5555555555555556,ABB,126.79477170819516,0.3368899793538563,0.08473718029703595,0.09176893700062291,0.0
1434,20,1.7453292519943295,0.5555555555555556,ABB,127.12911018760528,0.32051601476717495,0.08067777184315164,0.09048336330610933,0.025779073189550313
1435,20,1.7453292519943295,0.5555555555555556,ABB,127.30280465941766,0.31447928370236955,0.08493656428028168,0.09382365060127217,0.0
1436,20,1.7453292519943295,0.5555555555555556,ABB,127.08738393630608,0.30079923090776095,0.07579828134602215,0.09188807139901789,0.03126204196194132
1437,20,1.7453292519943295,0.5555555555555556,ABB,127.33513751304714,0.29082902197181026,0.08648537083829541,0.09397831182430676,0.0
1438,20,1.7453292519943295,0.5555555555555556,ABB,127.47290281785831,0.28113803193973874,0.07646239952091889,0.08891513134495903,0.051423712283684475
1439,20,1.7453292519943295,0.5555555555555556,ABB,127.31863271311188,0.3237732051472763,0.0847077757004861,0.09362194456305001,0.0
1440,20,1.7453292519943295,0.5555555555555556,ABB,127.54963694808512,0.29097580710683046,0.07745789153909517,0.08855441163215583,0.046374232868927036
1441,20,1.7453292519943295,0.5555555555555556,ABB,127.70969594990997,0.2826706855115135,0.08317854664344844,0.09097614877878056,0.0
1442,20,1.7453292519943295,0.5555555555555556,ABB,127.45263182765598,0.283525201061637,0.07339105605164592,0.0865108105182466,0.048037177528950675
1443,20,1.7453292519943295,0.5555555555555556,ABB,127.73825052182457,0.24966345931548273,0.08369254091365341,0.0910756060928586,0.0
1444,20,1.7453292519943295,0.5555555555555556,ABB,127.95939280945768,0.2581690556061508,0.0775206812499122,0.08882447379025417,0.03801724801810895
1445,20,1.7453292519943295,0.5555555555555556,ABB,127.69410259293923,0.2692601456976467,0.08412596875210702,0.09061794290296968,0.0
1446,20,1.7453292519943295,0.5555555555555556,ABB,128.06814043313827,0.2712968277322009,0.08300535376814458,0.09024391223741261,0.039814172936026945
1447,20,1.7453292519943295,0.5555555555555556,ABB,128.31018612352975,0.29814486443340293,0.08680223290619098,0.09383351925352398,0.0
1448,20,1.7453292519943295,0.5555555555555556,ABB,128.03963886861465,0.26418142417254853,0.08395512208223141,0.09219118216641826,0.04048533182232396
1449,20,1.7453292519943295,0.5555555555555556,ABB,128.37053564909374,0.2745847527357924,0.08936155805166995,0.09470825020817147,0.0
1450,20,1.7453292519943295,0.5555555555555556,ABB,128.59084549201498,0.3005493176637425,0.0757086998550589,0.09065960748252991,0.04460312794985487
1451,20,1.7453292519943295,0.5555555555555556,ABB,128.3699325610253,0.3020526302772274,0.08911043428589537,0.09532166695673316,0.0
1452,20,1.7453292519943295,0.5555555555555556,ABB,128.68441095651224,0.3152319131686321,0.0809346704317648,0.09044059440200691,0.02906419625393267
1453,20,1.7453292519943295,0.5555555555555556,ABB,128.8756741760741,0.3334833758647298,0.08389289404663743,0.09119825573131686,0.0
1454,20,1.7453292519943295,0.5555555555555556,ABB,128.59220943605985,0.3025533226127034,0.07342289619503256,0.08826984177971366,0.03885764032464857
1455,20,1.7453292519943295,0.5555555555555556,ABB,128.9161728842483,0.3170693128362623,0.08396957532897101,0.09086416175863166,0.0
1456,20,1.7453292519943295,0.5555555555555556,ABB,129.12811951639057,0.3033950175344715,0.07701534899168527,0.08745492116039667,0.03850273460308129
1457,20,1.7453292519943295,0.5555555555555556,ABB,128.9007037960835,0.3345827797842134,0.08145212726063869,0.08964693232987983,0.0
1458,20,1.7453292519943295,0.5555555555555556,ABB,129.24249755659818,0.32233097087661033,0.07928290885612793,0.08799455084612512,0.027660176889796634
1459,20,1.7453292519943295,0.5555555555555556,ABB,129.4546260832535,0.3355745310802521,0.08452835796617555,0.09228312674317722,0.0
1460,20,1.7453292519943295,0.5555555555555556,ABB,129.2323713815382,0.32114424877604664,0.07569949212672265,0.08920513301473351,0.029606222680913306
1461,20,1.7453292519943295,0.5555555555555556,ABB,129.49120016663935,0.31346275012758795,0.08638916215289542,0.09356325017594914,0.0
1462,20,1.7453292519943295,0.5555555555555556,ABB,129.64017557841368,0.28751634730567033,0.07273503919129419,0.0892991142493038,0.032192873492533275
1463,20,1.7453292519943295,0.5555555555555556,ABB,129.4674233973834,0.3134950016697763,0.08778820607214212,0.09440387791959787,0.0
1464,20,1.7453292519943295,0.5555555555555556,ABB,129.70951266640856,0.291102269885613,0.08093726651768883,0.09019804212562996,0.03393347950910383
1465,20,1.7453292519943295,0.5555555555555556,ABB,129.88457784185698,0.3007719889728129,0.083052124825098,0.09143394411613387,0.0
1466,20,1.7453292519943295,0.5555555555555556,ABB,129.62892436234256,0.2897268872308642,0.07616951838233207,0.08904509036998928,0.03550334740713998
1467,20,1.7453292519943295,0.5555555555555556,ABB,129.9198029808055,0.29120803691606656,0.08552290578670627,0.09158688504960269,0.0
1468,20,1.7453292519943295,0.5555555555555556,ABB,130.15114852799428,0.291302122473577,0.07274452248607041,0.08839969286027415,0.029716473808781466
1469,20,1.7453292519943295,0.5555555555555556,ABB,129.8684586549951,0.3102300433625623,0.08268783772490415,0.09031337307596915,0.0
1470,20,1.7453292519943295,0.5555555555555556,ABB,130.23758279136317,0.3004249721238513,0.08043415177446897,0.08917157164402066,0.023522793636546163
1471,20,1.7453292519943295,0.5555555555555556,ABB,130.4738197136278,0.3070201226078796,0.08577438632215253,0.09294488201188156,0.0
1472,20,1.7453292519943295,0.5555555555555556,ABB,130.18094346189838,0.2817443087689579,0.07522465365774822,0.09004871614831426,0.029746145996496724
1473,20,1.7453292519943295,0.5555555555555556,ABB,130.52968453697727,0.2897248932028583,0.0880663535759526,0.09379283372614017,0.0
1474,20,1.7453292519943295,0.5555555555555556,ABB,130.73421317667066,0.29789408626581076,0.07792972688164834,0.0907917665698929,0.05592205563718719
1475,20,1.7453292519943295,0.5555555555555556,ABB,130.56928571610229,0.3310713912101683,0.08796127202659937,0.09509741568825321,0.0
1476,20,1.7453292519943295,0.5555555555555556,ABB,130.8252191209393,0.3115829077168185,0.07955598969203422,0.09079011432894941,0.039713796414013694
1477,20,1.7453292519943295,0.5555555555555556,ABB,130.9536894866714,0.3001178101521668,0.08341384905911527,0.09239900607978663,0.0
1478,20,1.7453292519943295,0.5555555555555556,ABB,130.73799435906807,0.29437530710074833,0.07446315303792514,0.08966565419933505,0.04507797233173314
1479,20,1.7453292519943295,0.5555555555555556,ABB,130.97338239281476,0.26822650378988194,0.0833583688671514,0.09166815481634247,0.0
1480,20,1.7453292519943295,0.5555555555555556,ABB,131.1401833987099,0.26433474973153187,0.07768300152587537,0.08725203614761468,0.04403224078042982
1481,20,1.7453292519943295,0.5555555555555556,ABB,130.91490638546128,0.294610369727547,0.08084710894505975,0.08979678433625052,0.0
1482,20,1.7453292519943295,0.5555555555555556,ABB,131.24204205287506,0.2791880989601914,0.07889268627903584,0.08751182754998629,0.04463449764932347
1483,20,1.7453292519943295,0.5555555555555556,ABB,131.4765558654173,0.29519568144491665,0.08534580417737907,0.09183746236127849,0.0
1484,20,1.7453292519943295,0.5555555555555556,ABB,131.19926772918842,0.27822030412842425,0.0784916925926996,0.08779480045698408,0.04403201567530597
1485,20,1.7453292519943295,0.5555555555555556,ABB,131.5277251500707,0.26320249579084637,0.08704080045732324,0.09313388104107766,0.0
1486,20,1.7453292519943295,0.5555555555555556,ABB,131.75373228852953,0.27859917540687457,0.07614404683969522,0.09072065223769162,0.037589930167642734
1487,20,1.7453292519943295,0.5555555555555556,ABB,131.52163030101667,0.27536701239624195,0.08992980116862555,0.09459798314722326,0.0
1488,20,1.7453292519943295,0.5555555555555556,ABB,131.85361986130943,0.2901915132277448,0.0842445067741997,0.0919303102594305,0.033034725203976684
1489,20,1.7453292519943295,0.5555555555555556,ABB,132.05741834266536,0.32111443756385916,0.08505660230660635,0.09286474756236786,0.0
1490,20,1.7453292519943295,0.5555555555555556,ABB,131.79458836661968,0.28308261805533036,0.08126106564119859,0.09199648733534721,0.038033784453093626
1491,20,1.7453292519943295,0.5555555555555556,ABB,132.10614479263236,0.30988375194849815,0.08690158993622736,0.09271665783171804,0.0
1492,20,1.7453292519943295,0.5555555555555556,ABB,132.32566999351064,0.3146578565577132,0.0740677803577378,0.08805154172598911,0.035781475155019796
1493,20,1.7453292519943295,0.5555555555555556,ABB,132.0736199607383,0.3313797386888521,0.08292083640485849,0.09119096646545825,0.0
1494,20,1.7453292519943295,0.5555555555555556,ABB,132.42352488680575,0.3312444834644389,0.07843257346240215,0.08772324501350291,0.019888144804011767
1495,20,1.7453292519943295,0.5555555555555556,ABB,132.64967598997367,0.3444114321968151,0.08405426599298155,0.0909069696047434,0.0
1496,20,1.7453292519943295,0.5555555555555556,ABB,132.36645016873769,0.3214027956206118,0.07017033090178705,0.08676325892890296,0.02839922536020595
1497,20,1.7453292519943295,0.5555555555555556,ABB,132.69343971739622,0.3280337470248122,0.0849646981842032,0.09178965115344764,0.0
1498,20,1.7453292519943295,0.5555555555555556,ABB,132.87707700339018,0.2994093431775047,0.07597026473281386,0.08901662894556411,0.03971452092100003
1499,20,1.7453292519943295,0.5555555555555556,ABB,132.71117673318946,0.3386999074558453,0.08587995466234649,0.09275766702785919,0.0
1500,20,1.7453292519943295,0.5555555555555556,ABB,132.9703386941836,0.31029663015100684,0.0805760963753634,0.09012823484461017,0.03353066587438493
