t,phi_index,phi,phi_over_pi,sequence,x_mean,deltaP,w_loc3_inst,w_loc5_inst,P0
0,12,1.0471975511965976,0.3333333333333333,B,0.0,0.0,0.9999999999999998,0.9999999999999998,0.9999999999999998
1,12,1.0471975511965976,0.3333333333333333,B,-0.6938063714798676,-0.6938063714798676,0.9999999999999999,0.9999999999999999,0.0
2,12,1.0471975511965976,0.3333333333333333,B,-0.2049266670444427,-0.10246333352222135,1.0,1.0,0.8523171049817975
3,12,1.0471975511965976,0.3333333333333333,B,-0.966088565715292,-0.9358244022597374,1.0,1.0,0.0
4,12,1.0471975511965976,0.3333333333333333,B,-0.6401522796120321,-0.31784139016880597,0.9967790009877779,1.0000000000000002,0.6215363676398084
5,12,1.0471975511965976,0.3333333333333333,B,-0.9199675502033079,-0.7283991728940582,0.9995243135410244,1.0000000000000002,0.0
6,12,1.0471975511965976,0.3333333333333333,B,-0.6869785486084273,-0.31893199543964146,0.96763959183948,0.9999297492466173,0.5407435710317421
7,12,1.0471975511965976,0.3333333333333333,B,-0.7344091752064427,-0.36441487402500017,0.9924042179907804,0.9999896251653634,0.0
8,12,1.0471975511965976,0.3333333333333333,B,-0.4984155886350975,-0.16913881605148368,0.8911653239449253,0.9983601874934172,0.54668131304893
9,12,1.0471975511965976,0.3333333333333333,B,-0.34135745574646237,0.045246853906988904,0.9615940500701732,0.9996662478109266,0.0
10,12,1.0471975511965976,0.3333333333333333,B,-0.4352377693599986,-0.08344899939253103,0.7923384159757905,0.9883180295717807,0.5510084580310796
11,12,1.0471975511965976,0.3333333333333333,B,0.003988772082584413,0.37934230801758817,0.8951249082150938,0.996809224536814,0.0
12,12,1.0471975511965976,0.3333333333333333,B,-0.37533696974278097,-0.02657781721894556,0.7215663936272088,0.9563649708272275,0.5427327122464201
13,12,1.0471975511965976,0.3333333333333333,B,0.052801136815581184,0.49795195021122324,0.8101223677263653,0.9843301700960215,0.0
14,12,1.0471975511965976,0.3333333333333333,B,-0.38583287515429293,-0.005020922028115327,0.701894242091459,0.8949243772434867,0.5240037275687411
15,12,1.0471975511965976,0.3333333333333333,B,-0.1371731394901149,0.3869842262274523,0.7465735489690616,0.9512107214336036,0.0
16,12,1.0471975511965976,0.3333333333333333,B,-0.5707799490330675,-0.055672114515449095,0.7080684967299523,0.8192927790527239,0.5212836763817938
17,12,1.0471975511965976,0.3333333333333333,B,-0.5343067320804853,0.08221881588317248,0.7278919522822724,0.8930627383438021,0.0
18,12,1.0471975511965976,0.3333333333333333,B,-0.8046931819780979,-0.127260137605161,0.7007900237146986,0.7632401157093411,0.5268244791817533
19,12,1.0471975511965976,0.3333333333333333,B,-1.0421448452154198,-0.3116088873477753,0.7332316694938618,0.8247891494030756,0.0
20,12,1.0471975511965976,0.3333333333333333,B,-1.0402059962861339,-0.20232809525199222,0.6830581370986804,0.746127866832875,0.5191397344866328
21,12,1.0471975511965976,0.3333333333333333,B,-1.4650401242745166,-0.6285224135893479,0.7280163200235907,0.7751690167099966,0.0
22,12,1.0471975511965976,0.3333333333333333,B,-1.2135931438367458,-0.2518638938018801,0.6807823884852933,0.7502730457371429,0.5196060357116259
23,12,1.0471975511965976,0.3333333333333333,B,-1.685326981767726,-0.7545787092662153,0.7120431882103124,0.7595737137718057,0.0
24,12,1.0471975511965976,0.3333333333333333,B,-1.2688988621340034,-0.24256167214597785,0.6880968935673144,0.7461997833710087,0.5296743637715917
25,12,1.0471975511965976,0.3333333333333333,B,-1.6241986426921637,-0.6395072871386617,0.7062450677494341,0.7627629248600334,0.0
26,12,1.0471975511965976,0.3333333333333333,B,-1.2538972293732822,-0.19666558138067725,0.6872299148341986,0.7311222541693351,0.5319570538101456
27,12,1.0471975511965976,0.3333333333333333,B,-1.3318717921437335,-0.31851440616356613,0.7110949671933152,0.7592234111420072,0.0
28,12,1.0471975511965976,0.3333333333333333,B,-1.1655250691571561,-0.1224455042321399,0.6827373103045007,0.7225828353600572,0.5316946957625123
29,12,1.0471975511965976,0.3333333333333333,B,-0.9815170039512087,0.07846153038509318,0.7117737579467153,0.7447131866110702,0.0
30,12,1.0471975511965976,0.3333333333333333,B,-1.0620706539040077,-0.04239974958767034,0.6845279825665896,0.7252205676136974,0.5329222652976848
31,12,1.0471975511965976,0.3333333333333333,B,-0.70642434954177,0.40048514169675914,0.7064652951189722,0.7344052403350597,0.0
32,12,1.0471975511965976,0.3333333333333333,B,-1.0536937344289803,-0.0011770386458862525,0.6894254007770696,0.7267693621415915,0.5354249316510509
33,12,1.0471975511965976,0.3333333333333333,B,-0.6421482150383053,0.5193245335070126,0.7051773335638521,0.7352203943665395,0.0
34,12,1.0471975511965976,0.3333333333333333,B,-1.138920762351922,-0.004951461174930755,0.6895741048739288,0.7216815176972303,0.5370964267035081
35,12,1.0471975511965976,0.3333333333333333,B,-0.8685425075925322,0.381732662931838,0.7093692074873508,0.737158790136408,0.0
36,12,1.0471975511965976,0.3333333333333333,B,-1.3079748010693013,-0.05229562091167622,0.6877608954359495,0.7182381455434356,0.5355322801043928
37,12,1.0471975511965976,0.3333333333333333,B,-1.3095135982226278,0.04595839244828415,0.7107553042692728,0.7326253042718888,0.0
38,12,1.0471975511965976,0.3333333333333333,B,-1.5383698857021921,-0.12866966937241378,0.6914058209987908,0.7208425932424963,0.5388279560926368
39,12,1.0471975511965976,0.3333333333333333,B,-1.8186348867604292,-0.3587449267048278,0.7087213992244232,0.7276743049979412,0.0
40,12,1.0471975511965976,0.3333333333333333,B,-1.7560218320951846,-0.1969762924735039,0.6961338613736242,0.7228943080089104,0.5448155821793323
41,12,1.0471975511965976,0.3333333333333333,B,-2.222366118132492,-0.6720320846062678,0.7100827925429328,0.7284768268783882,0.0
42,12,1.0471975511965976,0.3333333333333333,B,-1.911733616232428,-0.23569829970092696,0.696377666262822,0.7210341878035073,0.545560555673829
43,12,1.0471975511965976,0.3333333333333333,B,-2.3857549503972364,-0.7626489273827862,0.7139506465644753,0.7307007949270432,0.0
44,12,1.0471975511965976,0.3333333333333333,B,-1.9607664729108856,-0.22663979075556698,0.6971531030859934,0.7203314042868458,0.546922868309742
45,12,1.0471975511965976,0.3333333333333333,B,-2.281536745788399,-0.5951369105238373,0.7149977698336041,0.7292784639477696,0.0
46,12,1.0471975511965976,0.3333333333333333,B,-1.9107345842318102,-0.16942463853829506,0.7009863029992719,0.7228274639207896,0.5502941222725766
47,12,1.0471975511965976,0.3333333333333333,B,-1.9633600579045087,-0.23341363877908733,0.7146057262660862,0.7271748992686644,0.0
48,12,1.0471975511965976,0.3333333333333333,B,-1.8318066118773761,-0.09404662784804108,0.7036015155849717,0.7244461035984082,0.5515885508458903
49,12,1.0471975511965976,0.3333333333333333,B,-1.5867791744541535,0.17965266209157205,0.716502213279984,0.7281829139370795,0.0
50,12,1.0471975511965976,0.3333333333333333,B,-1.7647188381701189,-0.025471050493525937,0.7037120278519287,0.723810261419259,0.5517250789458832
51,12,1.0471975511965976,0.3333333333333333,B,-1.3492776699634623,0.475450056977683,0.719261389319275,0.7299849411136791,0.0
52,12,1.0471975511965976,0.3333333333333333,B,-1.7622736501985012,0.009934425754996312,0.7046782243119483,0.7241438883472571,0.5519549499217357
53,12,1.0471975511965976,0.3333333333333333,B,-1.3639119316142554,0.53638235102478,0.719923869396137,0.7295977402183069,0.0
54,12,1.0471975511965976,0.3333333333333333,B,-1.8722724425990103,-0.006737744237716031,0.707910031539231,0.72626676785846,0.5544792661596786
55,12,1.0471975511965976,0.3333333333333333,B,-1.6531986765911282,0.335017008431952,0.7200798374581406,0.7288447847703438,0.0
56,12,1.0471975511965976,0.3333333333333333,B,-2.070028749499878,-0.06468678621701401,0.7099240518278347,0.7274024190299447,0.5571709949153443
57,12,1.0471975511965976,0.3333333333333333,B,-2.1393677005734633,-0.05007746583407069,0.7222332181980374,0.7299290114142116,0.0
58,12,1.0471975511965976,0.3333333333333333,B,-2.306049329726651,-0.14270478251062604,0.7098999739170546,0.7272511230142202,0.5571382174338575
59,12,1.0471975511965976,0.3333333333333333,B,-2.6542743847694155,-0.46134517923471113,0.7242962354022596,0.7312414808335101,0.0
60,12,1.0471975511965976,0.3333333333333333,B,-2.5161433140553733,-0.2098213445569771,0.7115670201050275,0.7281283639943138,0.5587641035874109
61,12,1.0471975511965976,0.3333333333333333,B,-3.0226765723038813,-0.7346423794938056,0.7244742614599314,0.7311893805976748,0.0
62,12,1.0471975511965976,0.3333333333333333,B,-2.644732316210118,-0.23649041579170998,0.7141960496039659,0.7297560077394262,0.5613191516829316
63,12,1.0471975511965976,0.3333333333333333,B,-3.119559144764292,-0.7587733855319445,0.7250152193554515,0.7311147047833546,0.0
64,12,1.0471975511965976,0.3333333333333333,B,-2.6795761376326905,-0.21598764731021355,0.7146722644291712,0.7303045644730572,0.5610495589695067
65,12,1.0471975511965976,0.3333333333333333,B,-2.936100474754495,-0.5215014316485136,0.7267655528297158,0.7320350173947244,0.0
66,12,1.0471975511965976,0.3333333333333333,B,-2.6250341108615953,-0.15381557653505812,0.7145085540864327,0.7303476540811777,0.5606049391503047
67,12,1.0471975511965976,0.3333333333333333,B,-2.5856051212183844,-0.11977864272317013,0.7277212302516333,0.7328218889677643,0.0
68,12,1.0471975511965976,0.3333333333333333,B,-2.532330537914228,-0.07386648463827211,0.7157710379509348,0.7312135999130118,0.5612198009017357
69,12,1.0471975511965976,0.3333333333333333,B,-2.2295751741888994,0.28545705806046995,0.7275858314075505,0.7328396978949926,0.0
70,12,1.0471975511965976,0.3333333333333333,B,-2.482452381937584,-0.01224264083619614,0.7172327086267702,0.7322108100905824,0.5621268795950383
71,12,1.0471975511965976,0.3333333333333333,B,-2.041159449844567,0.5299823620228714,0.7281127818167475,0.7330095739609789,0.0
72,12,1.0471975511965976,0.3333333333333333,B,-2.5156169739632386,0.009297613146919681,0.7172666876547054,0.7323502759990068,0.5626012454014453
73,12,1.0471975511965976,0.3333333333333333,B,-2.136106305655298,0.5134503894757745,0.7294195743636477,0.7336647589478643,0.0
74,12,1.0471975511965976,0.3333333333333333,B,-2.6475750583442417,-0.01856148011855782,0.7170776778177806,0.7324415398069539,0.5623341213401426
75,12,1.0471975511965976,0.3333333333333333,B,-2.5022840222213754,0.24388968109907272,0.7297834118155873,0.7340296620682036,0.0
76,12,1.0471975511965976,0.3333333333333333,B,-2.862128534082336,-0.08637782768136551,0.718335454289802,0.7332039069565172,0.5635336202668946
77,12,1.0471975511965976,0.3333333333333333,B,-3.0222960046362823,-0.17139240324454874,0.7294117885404727,0.7340278762622304,0.0
78,12,1.0471975511965976,0.3333333333333333,B,-3.100725783248874,-0.16484741935009814,0.7191764557901624,0.7336699778900623,0.5646379552826166
79,12,1.0471975511965976,0.3333333333333333,B,-3.5173855407894203,-0.5650470223191093,0.7299543982772381,0.734269683283121,0.0
80,12,1.0471975511965976,0.3333333333333333,B,-3.3010735945882166,-0.22459101272719534,0.7183640352932403,0.7334452798319994,0.5634593808891083
81,12,1.0471975511965976,0.3333333333333333,B,-3.8187567390968633,-0.7766806291692256,0.7306786978190847,0.7346001928983993,0.0
82,12,1.0471975511965976,0.3333333333333333,B,-3.408559906514367,-0.2406036780756487,0.7181354159564071,0.7335400049248051,0.5629614256893866
83,12,1.0471975511965976,0.3333333333333333,B,-3.8398616178120086,-0.7223919981876146,0.7302834904571879,0.7345971666098424,0.0
84,12,1.0471975511965976,0.3333333333333333,B,-3.4108368665782978,-0.2055154697512088,0.7188337712644683,0.7340051301095257,0.5633101368866802
85,12,1.0471975511965976,0.3333333333333333,B,-3.596687110784719,-0.4238454304533848,0.7298150839415324,0.7345603276605278,0.0
86,12,1.0471975511965976,0.3333333333333333,B,-3.3459584934542117,-0.136360512195096,0.7186376591572432,0.7339405295954342,0.5627774178573552
87,12,1.0471975511965976,0.3333333333333333,B,-3.218610848645035,-0.0014105594205607308,0.7301758725588101,0.7347331887018511,0.0
88,12,1.0471975511965976,0.3333333333333333,B,-3.26202211842491,-0.05874576452272287,0.7177375174257665,0.7335438867644836,0.5621765674354093
89,12,1.0471975511965976,0.3333333333333333,B,-2.8957998533346054,0.37334273828084025,0.7303604046870401,0.7347524934019594,0.0
90,12,1.0471975511965976,0.3333333333333333,B,-3.223120452279047,-0.004001042951705308,0.7175756259305281,0.7336113344812115,0.5619870958967135
91,12,1.0471975511965976,0.3333333333333333,B,-2.7832542611245183,0.5503987085314515,0.729711236159772,0.7345253331798216,0.0
92,12,1.0471975511965976,0.3333333333333333,B,-3.2830977990934525,0.0037360329923847857,0.7180231199249179,0.7338157508147478,0.5624892766848488
93,12,1.0471975511965976,0.3333333333333333,B,-2.9563242129570364,0.4579392248494817,0.7292543667824181,0.7344678272313144,0.0
94,12,1.0471975511965976,0.3333333333333333,B,-3.4435242255982548,-0.03673162118165674,0.7175377285804091,0.7334301210321633,0.5624581594966414
95,12,1.0471975511965976,0.3333333333333333,B,-3.3792226922716755,0.1331928693335001,0.7295103345934192,0.7345472531614773,0.0
96,12,1.0471975511965976,0.3333333333333333,B,-3.67113283738242,-0.11021815616692415,0.7164070608934836,0.7329411400597666,0.5611898419612192
97,12,1.0471975511965976,0.3333333333333333,B,-3.910512036119984,-0.29154184153166957,0.7292734779337225,0.7343123953635933,0.0
98,12,1.0471975511965976,0.3333333333333333,B,-3.9056472300869047,-0.18735518510334992,0.7162664905681424,0.732985111417679,0.5608751992996935
99,12,1.0471975511965976,0.3333333333333333,B,-4.368190152883394,-0.6463517831704458,0.7283156314206727,0.7339410946112431,0.0
100,12,1.0471975511965976,0.3333333333333333,B,-4.082842097915346,-0.23614713931748235,0.7162449478511592,0.7329035078563306,0.560778071623666
101,12,1.0471975511965976,0.3333333333333333,B,-4.596571914078183,-0.7885898510409732,0.7279281265074917,0.7338843562160374,0.0
102,12,1.0471975511965976,0.3333333333333333,B,-4.166095779779314,-0.23890069661114927,0.7151442240346946,0.7322552199043755,0.5594839871340358
103,12,1.0471975511965976,0.3333333333333333,B,-4.535599662902401,-0.6609296745557358,0.7279845734463886,0.7338385697845236,0.0
104,12,1.0471975511965976,0.3333333333333333,B,-4.147023666165228,-0.19313163169061479,0.714225284035393,0.7318107710449853,0.5587340740042166
105,12,1.0471975511965976,0.3333333333333333,B,-4.2449195869982725,-0.31627711201085507,0.727395964559512,0.7334185174280148,0.0
106,12,1.0471975511965976,0.3333333333333333,B,-4.064587262219948,-0.11713367812775555,0.7141748348692489,0.7318267791130361,0.5587192561653018
107,12,1.0471975511965976,0.3333333333333333,B,-3.8671832355969724,0.10698899517697447,0.7265310516311577,0.7330299404599225,0.0
108,12,1.0471975511965976,0.3333333333333333,B,-3.988465281989345,-0.043375761993392686,0.7139216511950642,0.7315461009629087,0.5586016587727755
109,12,1.0471975511965976,0.3333333333333333,B,-3.5852906606181296,0.4384914824281057,0.7262920732713665,0.732995938658101,0.0
110,12,1.0471975511965976,0.3333333333333333,B,-3.973795804648897,0.0002870536324788009,0.7129489604279882,0.7308562306438479,0.558113089888729
111,12,1.0471975511965976,0.3333333333333333,B,-3.5468448128743795,0.5448746073224344,0.7262430453502156,0.7328550863560646,0.0
112,12,1.0471975511965976,0.3333333333333333,B,-4.0574107002103155,-0.004196241157275876,0.7121981063418185,0.7305100772570837,0.5573370211231584
113,12,1.0471975511965976,0.3333333333333333,B,-3.793908250787524,0.3848267242796416,0.7255292310518187,0.7323495246356849,0.0
114,12,1.0471975511965976,0.3333333333333333,B,-4.239483537562245,-0.05581765844245226,0.7121747005609076,0.7305086133459376,0.557232104094054
115,12,1.0471975511965976,0.3333333333333333,B,-4.257517465361772,0.022335870561682347,0.7247164568789031,0.7320017932694219,0.0
116,12,1.0471975511965976,0.3333333333333333,B,-4.474737324570256,-0.13262199960433724,0.7116821435364943,0.7300837664844531,0.5568333969677708
117,12,1.0471975511965976,0.3333333333333333,B,-4.782312364048911,-0.3967945172995104,0.7246015915928666,0.7320001043586867,0.0
118,12,1.0471975511965976,0.3333333333333333,B,-4.7004571888265865,-0.20487378828589056,0.710531942016096,0.729398665788288,0.5555337266358943
119,12,1.0471975511965976,0.3333333333333333,B,-5.187702810711286,-0.7036590339057787,0.7244160835964681,0.731778511025634,0.0
120,12,1.0471975511965976,0.3333333333333333,B,-4.854355025742252,-0.24292435714113705,0.7101073448318852,0.7292053699371931,0.5551493165071764
121,12,1.0471975511965976,0.3333333333333333,B,-5.343174586972146,-0.7763281003864477,0.7236182013992651,0.7312571672660138,0.0
122,12,1.0471975511965976,0.3333333333333333,B,-4.905494031622368,-0.23115708862297768,0.7101469356380136,0.7291865467435732,0.5552615340065695
123,12,1.0471975511965976,0.3333333333333333,B,-5.2138355544230865,-0.5857336188644111,0.723102645630574,0.7310239355418144,0.0
124,12,1.0471975511965976,0.3333333333333333,B,-4.867130469482225,-0.17576956333129712,0.709569047480373,0.7287061029025187,0.5548183838275533
125,12,1.0471975511965976,0.3333333333333333,B,-4.88326209174318,-0.20851024730333156,0.7231490814422415,0.731061111157601,0.0
126,12,1.0471975511965976,0.3333333333333333,B,-4.779752053405548,-0.09754032129039361,0.7088466539259219,0.728189305511169,0.554488098095443
127,12,1.0471975511965976,0.3333333333333333,B,-4.517431555224244,0.20339028151397692,0.7229195614303797,0.7308042145770316,0.0
128,12,1.0471975511965976,0.3333333333333333,B,-4.7098753805444495,-0.02812518345299511,0.7087284091789786,0.7281560604287505,0.5543871765080405
129,12,1.0471975511965976,0.3333333333333333,B,-4.28910693621672,0.4855469997177831,0.7222653998768787,0.7303540738640949,0.0
130,12,1.0471975511965976,0.3333333333333333,B,-4.719554926093485,0.003586578176154459,0.7087714171583377,0.7281290375441571,0.5544085281835254
131,12,1.0471975511965976,0.3333333333333333,B,-4.320470875103898,0.5246749796756737,0.7219711764191564,0.7302480545399851,0.0
132,12,1.0471975511965976,0.3333333333333333,B,-4.830882396304212,-0.013762983673560769,0.7082082499921335,0.7276670736395298,0.5539959905114124
133,12,1.0471975511965976,0.3333333333333333,B,-4.631013870310298,0.30528647597955877,0.7221001882868209,0.730315421946549,0.0
134,12,1.0471975511965976,0.3333333333333333,B,-5.0300225015908815,-0.07384507102252758,0.7075838382937023,0.7273114497754603,0.553201604389086
135,12,1.0471975511965976,0.3333333333333333,B,-5.124239339804535,-0.08379836152944581,0.7218297530449759,0.7300503690367586,0.0
136,12,1.0471975511965976,0.3333333333333333,B,-5.267969900595448,-0.15250985339339468,0.707713533812972,0.7274193917500842,0.5532646686347246
137,12,1.0471975511965976,0.3333333333333333,B,-5.632800195215438,-0.4872835014515755,0.7212904067565102,0.7297052957457092,0.0
138,12,1.0471975511965976,0.3333333333333333,B,-5.4785005315103685,-0.21754322314588714,0.7077786085998531,0.7273849808584736,0.5534057761701607
139,12,1.0471975511965976,0.3333333333333333,B,-5.982025334935398,-0.7432616675514523,0.7213051068354964,0.7297395518700818,0.0
140,12,1.0471975511965976,0.3333333333333333,B,-5.6085959820918765,-0.2438297999498254,0.7072784446714784,0.7269954763952023,0.5529691650009968
141,12,1.0471975511965976,0.3333333333333333,B,-6.062742151902661,-0.7488259418995123,0.721527800558174,0.729830380853177,0.0
142,12,1.0471975511965976,0.3333333333333333,B,-5.632947375600494,-0.21981246976445543,0.7071600714305394,0.7268785355133736,0.5530963058363106
143,12,1.0471975511965976,0.3333333333333333,B,-5.874084371541566,-0.5023552211350262,0.7212879691860586,0.7295945813614515,0.0
144,12,1.0471975511965976,0.3333333333333333,B,-5.573295063439879,-0.15517940563963634,0.7075315077990382,0.7271003528496545,0.553501707586445
145,12,1.0471975511965976,0.3333333333333333,B,-5.518263597811567,-0.10214501432847956,0.7210291134768421,0.7293989134632889,0.0
146,12,1.0471975511965976,0.3333333333333333,B,-5.486408482496129,-0.07683565666018494,0.7075781921417288,0.7270664311664621,0.5535511000699738
147,12,1.0471975511965976,0.3333333333333333,B,-5.169257364846391,0.2913473103056232,0.7212442474759586,0.7295452472785385,0.0
148,12,1.0471975511965976,0.3333333333333333,B,-5.432588372502605,-0.014902000370903556,0.7072707522210643,0.7268025313470712,0.5533725173901481
149,12,1.0471975511965976,0.3333333333333333,B,-4.999237448196113,0.5202287146335469,0.7214666492549406,0.7296418415736071,0.0
150,12,1.0471975511965976,0.3333333333333333,B,-5.464668261267199,0.00533128148598111,0.7073070787601111,0.7268599480366645,0.5532093665385336
151,12,1.0471975511965976,0.3333333333333333,B,-5.103337788106769,0.49327327316599,0.7212691550190033,0.7294548808310712,0.0
152,12,1.0471975511965976,0.3333333333333333,B,-5.602035015557481,-0.024639030866394573,0.707737751507522,0.727135987616324,0.5535092088708072
153,12,1.0471975511965976,0.3333333333333333,B,-5.470315436240758,0.22067793870933933,0.7211829428125723,0.7293951829681601,0.0
154,12,1.0471975511965976,0.3333333333333333,B,-5.817129301748344,-0.09190735801669364,0.70777976188045,0.727103828481865,0.5536056309612329
155,12,1.0471975511965976,0.3333333333333333,B,-5.9839777682209725,-0.18823083140854446,0.7215721764370485,0.7296240557761897,0.0
156,12,1.0471975511965976,0.3333333333333333,B,-6.054176115391304,-0.17015270696518528,0.7075999234221181,0.726967695760725,0.553390128401135
157,12,1.0471975511965976,0.3333333333333333,B,-6.467898879186038,-0.5690692621795832,0.7218036580935289,0.7297168919953194,0.0
158,12,1.0471975511965976,0.3333333333333333,B,-6.247221608358281,-0.2274761281508217,0.7080128302003278,0.7272024393108821,0.5539124989396714
159,12,1.0471975511965976,0.3333333333333333,B,-6.758202205589197,-0.7695844933213756,0.7216838529311536,0.7295954584804952,0.0
160,12,1.0471975511965976,0.3333333333333333,B,-6.349547437967216,-0.24068786570952977,0.7085334031945408,0.7274994619922847,0.5544852990009455
161,12,1.0471975511965976,0.3333333333333333,B,-6.766349488063012,-0.7087922400662384,0.7218584050739334,0.7296710728481152,0.0
162,12,1.0471975511965976,0.3333333333333333,B,-6.351465833609103,-0.20525764301942875,0.708553181915357,0.7274756670721059,0.554507086883976
163,12,1.0471975511965976,0.3333333333333333,B,-6.520328780642909,-0.41070601869823065,0.7223171906500726,0.7299370678933745,0.0
164,12,1.0471975511965976,0.3333333333333333,B,-6.278520092446524,-0.13432133748677466,0.7086172213155494,0.7274844137950383,0.5546495980482934
165,12,1.0471975511965976,0.3333333333333333,B,-6.150145620311952,0.004960384020262332,0.7224811945135154,0.7300110723950819,0.0
166,12,1.0471975511965976,0.3333333333333333,B,-6.191791263613123,-0.056669719347092695,0.7090786878588723,0.7278025297359824,0.5549169020853332
167,12,1.0471975511965976,0.3333333333333333,B,-5.831109493474839,0.37190093703705585,0.7224430415230786,0.7299580988881536,0.0
168,12,1.0471975511965976,0.3333333333333333,B,-6.15841242392012,-0.004040429902632037,0.7094730099911302,0.7280578204642806,0.5551637218680563
169,12,1.0471975511965976,0.3333333333333333,B,-5.7224934833095755,0.5424264384340479,0.7227184147200642,0.7301208154362512,0.0
170,12,1.0471975511965976,0.3333333333333333,B,-6.218375701323415,0.003414794801909149,0.7094832307903512,0.7280430971816956,0.5551966763148649
171,12,1.0471975511965976,0.3333333333333333,B,-5.899827050264205,0.4478462177671777,0.7231700620479633,0.7303817266538225,0.0
172,12,1.0471975511965976,0.3333333333333333,B,-6.378499123736238,-0.03785678293799577,0.7096329892752171,0.7281527116113578,0.5552296383437445
173,12,1.0471975511965976,0.3333333333333333,B,-6.320550668027737,0.1262689770696664,0.7232905084068025,0.7304333628602988,0.0
174,12,1.0471975511965976,0.3333333333333333,B,-6.605526333153916,-0.11125636515300308,0.710235802136042,0.7285193996103811,0.5558555964379615
175,12,1.0471975511965976,0.3333333333333333,B,-6.84608355513136,-0.2938615570730426,0.7233290208710631,0.7304429923291424,0.0
176,12,1.0471975511965976,0.3333333333333333,B,-6.837833503383059,-0.18691151308060597,0.7105939794237086,0.7287198554434556,0.5562920981683538
177,12,1.0471975511965976,0.3333333333333333,B,-7.295227535185992,-0.6435679666815601,0.7237385684572952,0.7306657774462026,0.0
178,12,1.0471975511965976,0.3333333333333333,B,-7.012769028085647,-0.2350697532227953,0.7105931467861047,0.7287179878368159,0.5562821832624815
179,12,1.0471975511965976,0.3333333333333333,B,-7.518380240016197,-0.781992571699079,0.7241247688696756,0.7308863114349925,0.0
180,12,1.0471975511965976,0.3333333333333333,B,-7.088195781995122,-0.23568234724066423,0.7109243448335917,0.7289178115748592,0.5566548560539881
181,12,1.0471975511965976,0.3333333333333333,B,-7.456341791197017,-0.653671654852415,0.7241577541859782,0.7309096756137341,0.0
182,12,1.0471975511965976,0.3333333333333333,B,-7.065611046513697,-0.18867365519855697,0.7114236162973476,0.7292494657866124,0.5570141368036797
183,12,1.0471975511965976,0.3333333333333333,B,-7.161526165564872,-0.3095675551426821,0.7242659570278207,0.7309699425361271,0.0
184,12,1.0471975511965976,0.3333333333333333,B,-6.985712130658819,-0.11348832234257261,0.7115584946299005,0.7293552210658908,0.5570200916501995
185,12,1.0471975511965976,0.3333333333333333,B,-6.783973624121332,0.11206549506361363,0.7246457935650283,0.7311960201110679,0.0
186,12,1.0471975511965976,0.3333333333333333,B,-6.907280289531061,-0.03939365720611587,0.7115559156152405,0.7293646980587324,0.5570129964928562
187,12,1.0471975511965976,0.3333333333333333,B,-6.507051324971559,0.4416193824472091,0.7248942625098669,0.7313472151961841,0.0
188,12,1.0471975511965976,0.3333333333333333,B,-6.893470802954811,0.0033481134648688515,0.7118622105219262,0.729587831433332,0.5571685116541434
189,12,1.0471975511965976,0.3333333333333333,B,-6.470004700978014,0.5468148754956582,0.7248793142617451,0.7313471318129154,0.0
190,12,1.0471975511965976,0.3333333333333333,B,-6.981655666259433,-0.002691162099357769,0.7122886943888525,0.7298517355647868,0.5575863492165909
191,12,1.0471975511965976,0.3333333333333333,B,-6.718723609493551,0.3847607391078349,0.7250210671987449,0.7314372104059511,0.0
192,12,1.0471975511965976,0.3333333333333333,B,-7.164777058927278,-0.05450508367778706,0.7123495400752043,0.7298802367591088,0.5577501735943257
193,12,1.0471975511965976,0.3333333333333333,B,-7.184450613145776,0.02057795794219619,0.7253886277634196,0.7316392238461233,0.0
194,12,1.0471975511965976,0.3333333333333333,B,-7.40004722164617,-0.13185184576952708,0.7123487283065221,0.7299005233714879,0.5577313760289668
195,12,1.0471975511965976,0.3333333333333333,B,-7.7100257313494955,-0.3991469206928484,0.7255102171787349,0.7317128224176204,0.0
196,12,1.0471975511965976,0.3333333333333333,B,-7.6228924711518875,-0.20335390957293115,0.7127217018638646,0.7301302134436627,0.55814120918088
197,12,1.0471975511965976,0.3333333333333333,B,-8.114549082317291,-0.7060677893704872,0.7254330414943457,0.7316920457069179,0.0
198,12,1.0471975511965976,0.3333333333333333,B,-7.774838108417251,-0.2402701192543596,0.7129561362915475,0.7302840920326633,0.5583225968772705
199,12,1.0471975511965976,0.3333333333333333,B,-8.26441756876294,-0.7764019946113605,0.7255991043267433,0.7317944374090809,0.0
200,12,1.0471975511965976,0.3333333333333333,B,-7.825816595403948,-0.22828720465679292,0.71280835885176,0.7302244932240713,0.5580787800944786
201,12,1.0471975511965976,0.3333333333333333,B,-8.130946110950768,-0.5817590995264601,0.7258325824836417,0.7319324136793554,0.0
202,12,1.0471975511965976,0.3333333333333333,B,-7.783079030607274,-0.1714861527073866,0.7128124789685795,0.7302514310400031,0.5580647965243555
203,12,1.0471975511965976,0.3333333333333333,B,-7.798839786151619,-0.20062221024644045,0.7257859601375083,0.7319237416344309,0.0
204,12,1.0471975511965976,0.3333333333333333,B,-7.6958436825923044,-0.09310260505388598,0.7130502251205985,0.7304263551422135,0.558167850683737
205,12,1.0471975511965976,0.3333333333333333,B,-7.429643195064699,0.21401642543454769,0.7256905083509796,0.7318919117454615,0.0
206,12,1.0471975511965976,0.3333333333333333,B,-7.630796430288228,-0.024990081730103336,0.7131070197638857,0.730463434695465,0.5582172117380744
207,12,1.0471975511965976,0.3333333333333333,B,-7.203318963002429,0.49511718535213106,0.7258318252850741,0.7319831685714714,0.0
208,12,1.0471975511965976,0.3333333333333333,B,-7.641830101308859,0.006167771841619901,0.7129322584499944,0.7303561004611243,0.5581553749568025
209,12,1.0471975511965976,0.3333333333333333,B,-7.242280488451139,0.5296261953348235,0.7259633616515336,0.7320487433182143,0.0
210,12,1.0471975511965976,0.3333333333333333,B,-7.75588511116981,-0.012694375387860585,0.712941472048831,0.7303852675070039,0.558146489891202
211,12,1.0471975511965976,0.3333333333333333,B,-7.559933799097204,0.3038906273669939,0.7258212915178631,0.7319767727059321,0.0
212,12,1.0471975511965976,0.3333333333333333,B,-7.958139426678974,-0.07398063527069895,0.7131512485821067,0.730503602785488,0.5584147446718803
213,12,1.0471975511965976,0.3333333333333333,B,-8.059228362743578,-0.09169357791853472,0.7257090912073234,0.7319402191780431,0.0
214,12,1.0471975511965976,0.3333333333333333,B,-8.197192886786691,-0.1528244498615039,0.7130412754815189,0.73043131954703,0.5583392582072767
215,12,1.0471975511965976,0.3333333333333333,B,-8.569677131268456,-0.49781757374407337,0.7258276199968073,0.732008487154934,0.0
216,12,1.0471975511965976,0.3333333333333333,B,-8.407793663484917,-0.21803127894061958,0.7127486552829269,0.7302838737978318,0.5579795212111911
217,12,1.0471975511965976,0.3333333333333333,B,-8.917000015303913,-0.7511117614340563,0.7258013758997934,0.7319912529409002,0.0
218,12,1.0471975511965976,0.3333333333333333,B,-8.53442943902812,-0.24293627691513264,0.7127611731410299,0.7303103317534395,0.557975773591605
219,12,1.0471975511965976,0.3333333333333333,B,-8.992251510896132,-0.7501441392034959,0.7255493005238837,0.7318702356796056,0.0
220,12,1.0471975511965976,0.3333333333333333,B,-8.557910823498293,-0.21779274726728975,0.7127858033232696,0.7303365406776602,0.55791283890146
221,12,1.0471975511965976,0.3333333333333333,B,-8.794059091577287,-0.49516067716231166,0.7254542796132264,0.7318376488852643,0.0
222,12,1.0471975511965976,0.3333333333333333,B,-8.499852689030602,-0.1530687016502944,0.7125179608150664,0.7301742753805284,0.5576420100652644
223,12,1.0471975511965976,0.3333333333333333,B,-8.43386377341421,-0.08891041039331304,0.7255066217131833,0.7318677690246392,0.0
224,12,1.0471975511965976,0.3333333333333333,B,-8.411530188255885,-0.07411248226926612,0.7122807820879938,0.7300316255856599,0.5575060439165249
225,12,1.0471975511965976,0.3333333333333333,B,-8.0875119194029,0.30514471074731986,0.7253767631550257,0.7317825970782095,0.0
226,12,1.0471975511965976,0.3333333333333333,B,-8.360286031335267,-0.01314870824158354,0.7122911147770299,0.7300497074712936,0.5575065523222811
227,12,1.0471975511965976,0.3333333333333333,B,-7.922789013358796,0.528866684937606,0.7251182745721382,0.7316453720263089,0.0
228,12,1.0471975511965976,0.3333333333333333,B,-8.397835696187489,0.005208338042756583,0.7122592584738704,0.7300058751610174,0.5575593139657349
229,12,1.0471975511965976,0.3333333333333333,B,-8.036962539212624,0.4921511538561098,0.7250436160010997,0.7316212644199432,0.0
230,12,1.0471975511965976,0.3333333333333333,B,-8.537886627804834,-0.025969573816361113,0.7119410267318877,0.72979615667805,0.5573345110417188
231,12,1.0471975511965976,0.3333333333333333,B,-8.414770888194461,0.21005351680604362,0.7250521446691991,0.7316140836009501,0.0
232,12,1.0471975511965976,0.3333333333333333,B,-8.755246346485954,-0.09462255993567209,0.7116892961952753,0.72966743529621,0.5570325497624418
233,12,1.0471975511965976,0.3333333333333333,B,-8.934178177409681,-0.20382087216048161,0.7248235140690884,0.7314764531198973,0.0
234,12,1.0471975511965976,0.3333333333333333,B,-8.99270400827185,-0.17292853628339377,0.711696097761758,0.7296747325585672,0.5570353542431976
235,12,1.0471975511965976,0.3333333333333333,B,-9.416997009039111,-0.5834885543956689,0.7245485238578127,0.7313412643920941,0.0
236,12,1.0471975511965976,0.3333333333333333,B,-9.185529268977907,-0.22945659705139648,0.7115104374936104,0.7295552437373234,0.5568126923817599
237,12,1.0471975511965976,0.3333333333333333,B,-9.698961112606831,-0.7762479668542566,0.7245091973004213,0.7313293544178577,0.0
238,12,1.0471975511965976,0.3333333333333333,B,-9.28687975305817,-0.24184137479043122,0.7111286669888912,0.7293257459370972,0.5564153730588066
239,12,1.0471975511965976,0.3333333333333333,B,-9.698142388712476,-0.7048562736394799,0.724446736660539,0.7312825771386608,0.0
240,12,1.0471975511965976,0.3333333333333333,B,-9.284741339435204,-0.204578549705552,0.710991783453072,0.7292426721144966,0.5563498559607801
241,12,1.0471975511965976,0.3333333333333333,B,-9.445493044836205,-0.3983605849897368,0.7241795466085221,0.7311203839136172,0.0
242,12,1.0471975511965976,0.3333333333333333,B,-9.21176662336617,-0.13303604328883487,0.7109863582234148,0.7292355100948034,0.5563457227198971
243,12,1.0471975511965976,0.3333333333333333,B,-9.071354411144519,0.020244668320685555,0.7239850145270977,0.7310163960060504,0.0
244,12,1.0471975511965976,0.3333333333333333,B,-9.127952710244708,-0.05611585183135104,0.7107822414925724,0.7290797802288046,0.556234654829711
245,12,1.0471975511965976,0.3333333333333333,B,-8.75746704855892,0.3826346230094358,0.7239786817062828,0.7310168814017971,0.0
246,12,1.0471975511965976,0.3333333333333333,B,-9.095307439657486,-0.0041704165946373495,0.7104875037410956,0.7288815207358216,0.5560515124790701
247,12,1.0471975511965976,0.3333333333333333,B,-8.660397939848561,0.5434262834041559,0.7238869156958058,0.7309437216207971,0.0
248,12,1.0471975511965976,0.3333333333333333,B,-9.15846242709641,0.0014775991438751024,0.7103986734831985,0.7288423510601849,0.555919964686141
249,12,1.0471975511965976,0.3333333333333333,B,-8.848062719470969,0.4383573181466543,0.7236201011433754,0.7307830772306575,0.0
250,12,1.0471975511965976,0.3333333333333333,B,-9.322500605291596,-0.04133886139279494,0.7103862858459771,0.7288233911731258,0.5559177747579349
251,12,1.0471975511965976,0.3333333333333333,B,-9.275792144702493,0.10946810056796719,0.7234786854240814,0.7307182915158058,0.0
252,12,1.0471975511965976,0.3333333333333333,B,-9.55101427273438,-0.11520489110020093,0.7101165526248279,0.7286448968500331,0.5556437519804341
253,12,1.0471975511965976,0.3333333333333333,B,-9.801950154311337,-0.31089784685260197,0.7235018123597056,0.7307295628565305,0.0
254,12,1.0471975511965976,0.3333333333333333,B,-9.782861412349735,-0.19078922294429454,0.7098505487858182,0.7284917415359179,0.5553308232552393
255,12,1.0471975511965976,0.3333333333333333,B,-10.245589065241951,-0.6539540619565442,0.7233688781560915,0.7306375507792154,0.0
256,12,1.0471975511965976,0.3333333333333333,B,-9.954438601854855,-0.2373575218016249,0.7098792388363153,0.7285067589494747,0.5553941308727762
257,12,1.0471975511965976,0.3333333333333333,B,-10.458851348158841,-0.7823009808765732,0.7231422117069121,0.7305026526714318,0.0
258,12,1.0471975511965976,0.3333333333333333,B,-10.027928493567014,-0.23642298906936865,0.7098511385221167,0.7284758952541612,0.5553744282519628
259,12,1.0471975511965976,0.3333333333333333,B,-10.385505362453712,-0.6442731308929543,0.7231183344985278,0.7304905992662533,0.0
260,12,1.0471975511965976,0.3333333333333333,B,-10.00402507104402,-0.18852994214926072,0.709629497782439,0.7283144728657719,0.5552263120375234
261,12,1.0471975511965976,0.3333333333333333,B,-10.086360662692236,-0.2954492419344966,0.7231642495290288,0.730509564344737,0.0
262,12,1.0471975511965976,0.3333333333333333,B,-9.920909451511445,-0.1123879043416812,0.7095371281830651,0.7282424948874513,0.5552305882455562
263,12,1.0471975511965976,0.3333333333333333,B,-9.711666627783446,0.12409495234992207,0.7230398245479284,0.7304174114516754,0.0
264,12,1.0471975511965976,0.3333333333333333,B,-9.843698791026467,-0.03899952460179851,0.7096175725907711,0.7282972088325249,0.555274665392346
265,12,1.0471975511965976,0.3333333333333333,B,-9.440633151050807,0.4461756282178247,0.7228953537768678,0.730328076247402,0.0
266,12,1.0471975511965976,0.3333333333333333,B,-9.83365963760013,0.0021903464698603825,0.7095883790174158,0.7282620208414691,0.5552641486387335
267,12,1.0471975511965976,0.3333333333333333,B,-9.41321588375667,0.5413605982134171,0.722937460772484,0.7303608172086102,0.0
268,12,1.0471975511965976,0.3333333333333333,B,-9.923543356931077,-0.004978332918342432,0.709395214312251,0.7281329009796867,0.5550755814669603
269,12,1.0471975511965976,0.3333333333333333,B,-9.670640200887474,0.37164955717648945,0.7229919184333542,0.7303831410690312,0.0
270,12,1.0471975511965976,0.3333333333333333,B,-10.108317594850629,-0.05799459782038363,0.7093641946406462,0.7281294637746193,0.5549613303813965
271,12,1.0471975511965976,0.3333333333333333,B,-10.139000824527272,0.005246763293907497,0.7228700752171904,0.730300302060728,0.0
272,12,1.0471975511965976,0.3333333333333333,B,-10.343802248188785,-0.13532466828737572,0.7095123584850267,0.7282161428806527,0.5551127214460916
273,12,1.0471975511965976,0.3333333333333333,B,-10.660664128950954,-0.4110366954296814,0.722807155119429,0.73026394155482,0.0
274,12,1.0471975511965976,0.3333333333333333,B,-10.565519989485178,-0.20591464422732608,0.7094737348989323,0.7281788308107702,0.5550814320380753
275,12,1.0471975511965976,0.3333333333333333,B,-11.05610406205582,-0.7098860347594431,0.7229419462098707,0.7303380414193288,0.0
276,12,1.0471975511965976,0.3333333333333333,B,-10.714557677025256,-0.2416084604125181,0.7093740612874436,0.7281052528695406,0.5550137211739534
277,12,1.0471975511965976,0.3333333333333333,B,-11.197292001645911,-0.7713785353736184,0.7229997409859723,0.7303602498263692,0.0
278,12,1.0471975511965976,0.3333333333333333,B,-10.760275860336394,-0.22764108165690222,0.709517736608535,0.7281821345518213,0.5552256974526335
279,12,1.0471975511965976,0.3333333333333333,B,-11.057367556147769,-0.5709096042278021,0.722922561493299,0.7303017653890012,0.0
280,12,1.0471975511965976,0.3333333333333333,B,-10.715787192612577,-0.16994582851205453,0.7096805389534477,0.7282810213761599,0.5553641974938354
281,12,1.0471975511965976,0.3333333333333333,B,-10.721581566866464,-0.1886744448634095,0.7229670631129091,0.7303224519431121,0.0
282,12,1.0471975511965976,0.3333333333333333,B,-10.628866797291655,-0.09170138099222525,0.7096539378523837,0.7282510554514598,0.5553557431320695
283,12,1.0471975511965976,0.3333333333333333,B,-10.356074077870932,0.22180223845246227,0.7231296265366762,0.7304186221511382,0.0
284,12,1.0471975511965976,0.3333333333333333,B,-10.563054303857566,-0.0238952052806449,0.7096360640411068,0.7282367193565288,0.55533644003649
285,12,1.0471975511965976,0.3333333333333333,B,-10.13761163311996,0.4958240478089134,0.7231753953715703,0.7304369391937223,0.0
286,12,1.0471975511965976,0.3333333333333333,B,-10.576325971948712,0.00584030329867713,0.709803075078975,0.728357808223719,0.5553976862765191
287,12,1.0471975511965976,0.3333333333333333,B,-10.182967733347807,0.5234437004710601,0.7231323864298707,0.7304064479254905,0.0
288,12,1.0471975511965976,0.3333333333333333,B,-10.693469244911656,-0.014290822290682431,0.7099637384953319,0.7284539136941152,0.5555427300205098
289,12,1.0471975511965976,0.3333333333333333,B,-10.504858284734418,0.2932760095909782,0.723241295429134,0.7304720880723442,0.0
290,12,1.0471975511965976,0.3333333333333333,B,-10.896721861713413,-0.07603204478951306,0.7099386581017482,0.7284325208604006,0.5555165152796095
291,12,1.0471975511965976,0.3333333333333333,B,-11.004301855779188,-0.10214873152015008,0.7234332873416418,0.7305777374479359,0.0
292,12,1.0471975511965976,0.3333333333333333,B,-11.134995959519884,-0.15485175926436914,0.7100070382394423,0.7284761561925264,0.555570310259504
293,12,1.0471975511965976,0.3333333333333333,B,-11.510807475762066,-0.5041105050981698,0.7234682824900219,0.7305907432766957,0.0
294,12,1.0471975511965976,0.3333333333333333,B,-11.342434886200483,-0.2187874532267814,0.7102795900100912,0.7286353307946543,0.5558886646341772
295,12,1.0471975511965976,0.3333333333333333,B,-11.850938774987513,-0.7513467165823396,0.7234821933601584,0.7305932571699486,0.0
296,12,1.0471975511965976,0.3333333333333333,B,-11.466544958422944,-0.24233848316937856,0.7104131149507734,0.7287142830603038,0.5560167916886171
297,12,1.0471975511965976,0.3333333333333333,B,-11.917723524235193,-0.7442560931065628,0.7236646214762757,0.7306939293413521,0.0
298,12,1.0471975511965976,0.3333333333333333,B,-11.487284310277929,-0.21610264585334577,0.7104117387946104,0.7287086895077054,0.5560260568774936
299,12,1.0471975511965976,0.3333333333333333,B,-11.715414943021427,-0.4856550188396606,0.7238286710506666,0.730789078437603,0.0
300,12,1.0471975511965976,0.3333333333333333,B,-11.42540133419547,-0.15021944111030383,0.7105568879746087,0.7288000373438669,0.5561644567181565
301,12,1.0471975511965976,0.3333333333333333,B,-11.354981954595765,-0.07931666960274697,0.723842643977956,0.7307954173206567,0.0
302,12,1.0471975511965976,0.3333333333333333,B,-11.337453296299929,-0.07153384714371769,0.7107776107672114,0.7289531644212071,0.55628239199523
303,12,1.0471975511965976,0.3333333333333333,B,-11.010294685385118,0.3117330979103833,0.7238939700795045,0.7308255925375395,0.0
304,12,1.0471975511965976,0.3333333333333333,B,-11.288698686509225,-0.011560176560166696,0.7108565203090422,0.7290035216060348,0.5563392220372018
305,12,1.0471975511965976,0.3333333333333333,B,-10.85113535886892,0.5302093213492678,0.7240810027452842,0.7309375362274884,0.0
306,12,1.0471975511965976,0.3333333333333333,B,-11.327688166252853,0.0058826138036034425,0.7108631578911644,0.7290109923645547,0.5563339335043206
307,12,1.0471975511965976,0.3333333333333333,B,-10.971706959964223,0.48838533922760075,0.7242129417198385,0.7310112851851781,0.0
308,12,1.0471975511965976,0.3333333333333333,B,-11.469931719135229,-0.02656183904935619,0.711037554492064,0.7291287830960979,0.5564600835620418
309,12,1.0471975511965976,0.3333333333333333,B,-11.353200339913869,0.20296232322357044,0.7242142895505521,0.7310121014817182,0.0
310,12,1.0471975511965976,0.3333333333333333,B,-11.688445406514465,-0.09565913653321395,0.7112736984697028,0.7292669729802855,0.5567342608103831
311,12,1.0471975511965976,0.3333333333333333,B,-11.872895294845087,-0.2116613928870345,0.7243041464323681,0.7310645100292953,0.0
312,12,1.0471975511965976,0.3333333333333333,B,-11.92554766961262,-0.1736819978919677,0.7113091419703649,0.7292867602604147,0.5567854166118054
313,12,1.0471975511965976,0.3333333333333333,B,-12.352182472927453,-0.5887113046386293,0.7245018117867152,0.7311738276673732,0.0
314,12,1.0471975511965976,0.3333333333333333,B,-12.116128717589941,-0.22943637297558428,0.7113408967965938,0.7293095952777329,0.5568188160626533
315,12,1.0471975511965976,0.3333333333333333,B,-12.629155990996829,-0.7767156441107779,0.7245701973329306,0.7312153516071784,0.0
316,12,1.0471975511965976,0.3333333333333333,B,-12.213329678643031,-0.24021793375212358,0.7115460195358801,0.7294378375515344,0.5570244536190403
317,12,1.0471975511965976,0.3333333333333333,B,-12.62229608290165,-0.7001385627987342,0.7245546690801943,0.7312114529427923,0.0
318,12,1.0471975511965976,0.3333333333333333,B,-12.209516097209706,-0.2019999123196596,0.7116696990425984,0.7295270835835117,0.5570724511191916
319,12,1.0471975511965976,0.3333333333333333,B,-12.363873874270734,-0.38949897035673464,0.7246590038447457,0.7312745989419575,0.0
320,12,1.0471975511965976,0.3333333333333333,B,-12.136006040365427,-0.13009374581003058,0.7116365121896953,0.7295135222069918,0.5570176918313583
321,12,1.0471975511965976,0.3333333333333333,B,-11.98909359874845,0.03028405483658292,0.7247977051243863,0.7313586602407454,0.0
322,12,1.0471975511965976,0.3333333333333333,B,-12.05148124054191,-0.053093164626566824,0.7116723952585111,0.7295445474197872,0.557034936293263
323,12,1.0471975511965976,0.3333333333333333,B,-11.678548656293911,0.3905667032641241,0.7248060024120911,0.7313659979846939,0.0
324,12,1.0471975511965976,0.3333333333333333,B,-12.021498318845806,-0.0023227498711090033,0.7118321612827483,0.7296551231296159,0.5571349780417224
325,12,1.0471975511965976,0.3333333333333333,B,-11.586469836988257,0.546569291784641,0.7247855957547267,0.7313598179861694,0.0
326,12,1.0471975511965976,0.3333333333333333,B,-12.088189243399912,0.0019675888100567918,0.7119111981374676,0.7296970823585113,0.5572551535186749
327,12,1.0471975511965976,0.3333333333333333,B,-11.780911314640402,0.43536760233439464,0.7248910517573005,0.7314229483029308,0.0
328,12,1.0471975511965976,0.3333333333333333,B,-12.254346712837398,-0.04184939956538214,0.7118519542560879,0.7296604349259261,0.5572280564140737
329,12,1.0471975511965976,0.3333333333333333,B,-12.21406276336527,0.10177766736467142,0.7249898526330486,0.73147508127747,0.0
330,12,1.0471975511965976,0.3333333333333333,B,-12.483943037236145,-0.11642281514575262,0.711901768783548,0.7296974271547613,0.5572744033100524
331,12,1.0471975511965976,0.3333333333333333,B,-12.742036863104035,-0.3202018324060564,0.7249387790530438,0.7314502513721188,0.0
332,12,1.0471975511965976,0.3333333333333333,B,-12.71483796478171,-0.19156910927782933,0.7120430826569812,0.7297811993093709,0.5574374618274192
333,12,1.0471975511965976,0.3333333333333333,B,-13.182833671901353,-0.6611086999024821,0.7249123185526699,0.7314431987771827,0.0
334,12,1.0471975511965976,0.3333333333333333,B,-12.885086260991258,-0.23728194059660487,0.7120009989998064,0.7297628916264031,0.5573584322453703
335,12,1.0471975511965976,0.3333333333333333,B,-13.389342189626214,-0.7837425443258826,0.7250007886514501,0.7314953582628384,0.0
336,12,1.0471975511965976,0.3333333333333333,B,-12.956211311313027,-0.2352304781622096,0.7118940256232912,0.729707106053127,0.5572310766858748
337,12,1.0471975511965976,0.3333333333333333,B,-13.309698094469862,-0.6389369704096157,0.7250100770837486,0.7315042289085781,0.0
338,12,1.0471975511965976,0.3333333333333333,B,-12.929237847765169,-0.1859818634930983,0.7119357542308246,0.7297410834194578,0.5572556175681749
339,12,1.0471975511965976,0.3333333333333333,B,-13.00579645441707,-0.2849299304403244,0.7249119570276277,0.7314544102892759,0.0
340,12,1.0471975511965976,0.3333333333333333,B,-12.846593751174739,-0.10968887447876258,0.7119797189212814,0.7297768097752385,0.5572477541830997
341,12,1.0471975511965976,0.3333333333333333,B,-12.629394742875851,0.13607474117509155,0.7248900548548028,0.7314484288614951,0.0
342,12,1.0471975511965976,0.3333333333333333,B,-12.771343981611789,-0.03688756039585778,0.711887503818422,0.7297141758417539,0.5571992395069751
343,12,1.0471975511965976,0.3333333333333333,B,-12.363044531044174,0.4547185147362698,0.7249451609876195,0.7314807103159446,0.0
344,12,1.0471975511965976,0.3333333333333333,B,-12.76317121441794,0.003345804539295366,0.7117917097742859,0.7296555596440949,0.5571425321191363
345,12,1.0471975511965976,0.3333333333333333,B,-12.343874276735514,0.5430705022973199,0.7249040548771315,0.731452479771604,0.0
346,12,1.0471975511965976,0.3333333333333333,B,-12.856599150656583,-0.005477699343761577,0.7118297588534528,0.7296828691669163,0.5571779832596276
347,12,1.0471975511965976,0.3333333333333333,B,-12.609363410893064,0.36564649114514397,0.7247840470361053,0.7313889803088932,0.0
348,12,1.0471975511965976,0.3333333333333333,B,-13.04418765889771,-0.05962562269346883,0.7118369418232227,0.7296770348652079,0.557233183638586
349,12,1.0471975511965976,0.3333333333333333,B,-13.083428384890983,-0.0063474779505257595,0.7247651520972687,0.7313846564821453,0.0
350,12,1.0471975511965976,0.3333333333333333,B,-13.280757897658383,-0.13738986987650847,0.7116703828978348,0.7295771249838644,0.5570643018182733
351,12,1.0471975511965976,0.3333333333333333,B,-13.605762166619359,-0.42322342424005926,0.7247846904155751,0.7313929884894256,0.0
352,12,1.0471975511965976,0.3333333333333333,B,-13.501593565556899,-0.20765477091485476,0.7115614547118017,0.7295202610237553,0.5569335059696965
353,12,1.0471975511965976,0.3333333333333333,B,-13.997096396672823,-0.7175794147113699,0.7246704597401327,0.7313300086504708,0.0
354,12,1.0471975511965976,0.3333333333333333,B,-13.647931483703132,-0.2419776830939003,0.7115797805507452,0.7295343748571519,0.5569438228909821
355,12,1.0471975511965976,0.3333333333333333,B,-14.13022634065113,-0.7712694630584358,0.7245406385198622,0.7312634329564054,0.0
356,12,1.0471975511965976,0.3333333333333333,B,-13.692139224404622,-0.22684966584652466,0.7114846639815962,0.7294794927659112,0.556812749018376
357,12,1.0471975511965976,0.3333333333333333,B,-13.98165805783167,-0.5626731374247567,0.724530724410056,0.7312612621659809,0.0
358,12,1.0471975511965976,0.3333333333333333,B,-13.646229333676517,-0.16827831451971623,0.7113057703783899,0.7293656423303669,0.5566692223788198
359,12,1.0471975511965976,0.3333333333333333,B,-13.64231537730035,-0.17581041400975295,0.7245040211198251,0.7312434929170273,0.0
360,12,1.0471975511965976,0.3333333333333333,B,-13.558279710180216,-0.08960285184244196,0.7112412806802382,0.7293249861154302,0.5566409588678902
361,12,1.0471975511965976,0.3333333333333333,B,-13.278416420790794,0.2339041220014298,0.7243690575082673,0.7311620547505264,0.0
362,12,1.0471975511965976,0.3333333333333333,B,-13.495042878351729,-0.02277382434560382,0.7112425124807277,0.7293244402578708,0.5566442682781672
363,12,1.0471975511965976,0.3333333333333333,B,-13.065882484378385,0.5019232048866825,0.7242632743822586,0.7311053159121323,0.0
364,12,1.0471975511965976,0.3333333333333333,B,-13.51174647315108,0.005542554391932519,0.711133689259748,0.72924236633844,0.5566017348507949
365,12,1.0471975511965976,0.3333333333333333,B,-13.121009607221314,0.5205220053023054,0.7242590053301001,0.7311047537660154,0.0
366,12,1.0471975511965976,0.3333333333333333,B,-13.631472359054884,-0.015962146175314718,0.7109543263898076,0.7291312664149833,0.5564401076451299
367,12,1.0471975511965976,0.3333333333333333,B,-13.451624604952688,0.28247162246174173,0.7242030420728521,0.7310659703487912,0.0
368,12,1.0471975511965976,0.3333333333333333,B,-13.836927657180823,-0.07885672117949055,0.7109015343339625,0.7291064702851061,0.5563620149708478
369,12,1.0471975511965976,0.3333333333333333,B,-13.9549680832381,-0.11660232020467598,0.7240440629010902,0.7309765864458071,0.0
370,12,1.0471975511965976,0.3333333333333333,B,-14.075570504770708,-0.15767299654540487,0.7108815784813168,0.7290904695118285,0.5563464524395012
371,12,1.0471975511965976,0.3333333333333333,B,-14.459137407490076,-0.5164750779290246,0.7239624601621416,0.7309364192802635,0.0
372,12,1.0471975511965976,0.3333333333333333,B,-14.282063361981875,-0.22090216674569313,0.7107087114821347,0.7289848314259372,0.5561492253209642
373,12,1.0471975511965976,0.3333333333333333,B,-14.791750374447954,-0.756418157280735,0.7239651215832832,0.7309368399869531,0.0
374,12,1.0471975511965976,0.3333333333333333,B,-14.403413549805501,-0.24314286754758446,0.710563212308084,0.7288950191590569,0.5560172546098885
375,12,1.0471975511965976,0.3333333333333333,B,-14.85002425173472,-0.7402582044247705,0.7238763023213157,0.7308816705329958,0.0
376,12,1.0471975511965976,0.3333333333333333,B,-14.420765055945356,-0.2152769187220551,0.7105660935241809,0.728893586258951,0.556047408081712
377,12,1.0471975511965976,0.3333333333333333,B,-14.640395430817598,-0.47456916789245623,0.7237424938644749,0.7308021402989903,0.0
378,12,1.0471975511965976,0.3333333333333333,B,-14.358340591103298,-0.1488006407982132,0.7105276576392106,0.7288645039342129,0.5560147329401631
379,12,1.0471975511965976,0.3333333333333333,B,-14.27700092427475,-0.06601951368703568,0.7237130802808399,0.7307861704945253,0.0
380,12,1.0471975511965976,0.3333333333333333,B,-14.270798888154083,-0.07025217989944813,0.7103888116876738,0.7287637584879928,0.5559432760955911
381,12,1.0471975511965976,0.3333333333333333,B,-13.936814297204627,0.32120710704444777,0.7237186008475068,0.7307866460079531,0.0
382,12,1.0471975511965976,0.3333333333333333,B,-14.223051492586341,-0.011058127422411135,0.7103037007551722,0.7287090701452028,0.5558806044568212
383,12,1.0471975511965976,0.3333333333333333,B,-13.786170907456004,0.5317637967933988,0.7236276448177649,0.7307264419883128,0.0
384,12,1.0471975511965976,0.3333333333333333,B,-14.265404496759553,0.004742753780101611,0.710321304496073,0.7287241166184293,0.5558707693616295
385,12,1.0471975511965976,0.3333333333333333,B,-13.915378960596774,0.4811423132213949,0.7235207182522859,0.7306663339915621,0.0
386,12,1.0471975511965976,0.3333333333333333,B,-14.41060092432749,-0.028982650815276123,0.7102738102640866,0.7286871373176771,0.5558374684459014
387,12,1.0471975511965976,0.3333333333333333,B,-14.303162226861911,0.1896359541838446,0.7235256643032604,0.7306731278193883,0.0
388,12,1.0471975511965976,0.3333333333333333,B,-14.630342852899188,-0.09871993558653025,0.7101252670194076,0.7285969565001363,0.5556659035547257
389,12,1.0471975511965976,0.3333333333333333,B,-14.823787694256483,-0.22551908997158648,0.7235329721838113,0.7306729764733189,0.0
390,12,1.0471975511965976,0.3333333333333333,B,-14.866729031205848,-0.1765398194506098,0.7100940473105383,0.7285814407462299,0.5556191733817877
391,12,1.0471975511965976,0.3333333333333333,B,-15.298456565690877,-0.5977317073631456,0.72343769487895,0.7306147531430643,0.0
392,12,1.0471975511965976,0.3333333333333333,B,-15.05479408502337,-0.23099976279719722,0.7101537058050533,0.7286133044905655,0.5556961465612748
393,12,1.0471975511965976,0.3333333333333333,B,-15.5665431389963,-0.7776093542418785,0.723387075350721,0.7305843867769771,0.0
394,12,1.0471975511965976,0.3333333333333333,B,-15.149699666041116,-0.2404391500504831,0.7100980311543669,0.7285731472340593,0.555644700375935
395,12,1.0471975511965976,0.3333333333333333,B,-15.550497816348063,-0.6928282799875386,0.7234421837240771,0.7306138614015867,0.0
396,12,1.0471975511965976,0.3333333333333333,B,-15.142928884375642,-0.20094894395998075,0.7100243922330624,0.7285167132999055,0.5556221180376618
397,12,1.0471975511965976,0.3333333333333333,B,-15.287563990144848,-0.37754652029464913,0.7234484906516716,0.7306127291928471,0.0
398,12,1.0471975511965976,0.3333333333333333,B,-15.067124794873648,-0.12824935396578938,0.7100736508977672,0.7285440818542928,0.5556903971491876
399,12,1.0471975511965976,0.3333333333333333,B,-14.9128853550211,0.04172184835164339,0.7233822430785976,0.7305680264321426,0.0
400,12,1.0471975511965976,0.3333333333333333,B,-14.983880599110417,-0.05181164926122386,0.7101330662250778,0.7285821187064393,0.5557244826654959
401,12,1.0471975511965976,0.3333333333333333,B,-14.6068121178854,0.39668822320349195,0.7233832223889639,0.7305691551107286,0.0
402,12,1.0471975511965976,0.3333333333333333,B,-14.956108569742561,-0.002119601129803056,0.7100885274922154,0.7285470181355375,0.5556975421915948
403,12,1.0471975511965976,0.3333333333333333,B,-14.523120330539736,0.5447571079799461,0.7234561029599211,0.7306125698343188,0.0
404,12,1.0471975511965976,0.3333333333333333,B,-15.024816122109943,0.0009096984401214814,0.710043220624623,0.7285230266496671,0.5556230923922012
405,12,1.0471975511965976,0.3333333333333333,B,-14.725192164596173,0.42660852857410647,0.7234605816245504,0.730610539182064,0.0
406,12,1.0471975511965976,0.3333333333333333,B,-15.19321181588126,-0.04410679064971698,0.7101263956231573,0.7285811420034166,0.5556654628993686
407,12,1.0471975511965976,0.3333333333333333,B,-15.161865763159016,0.08959009167221071,0.7234145863255944,0.7305830106263782,0.0
408,12,1.0471975511965976,0.3333333333333333,B,-15.42351350170242,-0.11889045392782047,0.7102007426127396,0.7286221362519517,0.5557497864328486
409,12,1.0471975511965976,0.3333333333333333,B,-15.68814905665712,-0.3310497323192352,0.7234692316694961,0.7306142965367063,0.0
410,12,1.0471975511965976,0.3333333333333333,B,-15.653448928159083,-0.1935226166467375,0.710161669200487,0.7285954615463681,0.5557072996574675
411,12,1.0471975511965976,0.3333333333333333,B,-16.122832681695428,-0.6662761906750116,0.7235664711272771,0.7306664537861077,0.0
412,12,1.0471975511965976,0.3333333333333333,B,-15.820599376689334,-0.23799287500748176,0.7101992503190144,0.7286136146862617,0.5557703282733902
413,12,1.0471975511965976,0.3333333333333333,B,-16.321772323984227,-0.7815694224196663,0.723568677364858,0.7306640440493684,0.0
414,12,1.0471975511965976,0.3333333333333333,B,-15.887921255397988,-0.2342955793531594,0.7103408326350586,0.728697241081892,0.5559287981966464
415,12,1.0471975511965976,0.3333333333333333,B,-16.234706395662503,-0.630561254903597,0.7235682908073847,0.7306598694482197,0.0
416,12,1.0471975511965976,0.3333333333333333,B,-15.859255760737357,-0.18414981882672637,0.7103960707383995,0.7287316576411744,0.5559656309314429
417,12,1.0471975511965976,0.3333333333333333,B,-15.926668015793677,-0.27375462874842565,0.7236637996770676,0.7307144021690555,0.0
418,12,1.0471975511965976,0.3333333333333333,B,-15.775509898262712,-0.10750494203568542,0.7103851929971828,0.7287204393997146,0.5559695638480108
419,12,1.0471975511965976,0.3333333333333333,B,-15.55220330205081,0.14551736278880656,0.7237490792890204,0.7307641357287187,0.0
420,12,1.0471975511965976,0.3333333333333333,B,-15.700297770124678,-0.0350747445003117,0.7104544685550908,0.7287692418852267,0.5560047044651508
421,12,1.0471975511965976,0.3333333333333333,B,-15.29126218433715,0.45898550270434435,0.7237495680997242,0.7307621431223779,0.0
422,12,1.0471975511965976,0.3333333333333333,B,-15.694893008937257,0.003826630581250434,0.710582576608239,0.7288566360160476,0.5560794860857134
423,12,1.0471975511965976,0.3333333333333333,B,-15.278627285327408,0.5406953793180389,0.7237750097660733,0.7307781746450348,0.0
424,12,1.0471975511965976,0.3333333333333333,B,-15.791080048150516,-0.006215015330130608,0.7106286037041286,0.7288821345565129,0.5561315360912676
425,12,1.0471975511965976,0.3333333333333333,B,-15.550136948715476,0.35770821601612446,0.7238907443445851,0.7308454604150622,0.0
426,12,1.0471975511965976,0.3333333333333333,B,-15.980229368162057,-0.061217033239320595,0.7106294848101277,0.7288849293766916,0.5561183296900276
427,12,1.0471975511965976,0.3333333333333333,B,-16.026785175973746,-0.016413169473580014,0.723969473755835,0.7308876451612905,0.0
428,12,1.0471975511965976,0.3333333333333333,B,-16.216804600393097,-0.13915674023450486,0.7107514078009451,0.7289601672713143,0.5562421692481851
429,12,1.0471975511965976,0.3333333333333333,B,-16.54730267061271,-0.43154148702973816,0.7239693741835422,0.7308868783183035,0.0
430,12,1.0471975511965976,0.3333333333333333,B,-16.435877815477742,-0.20857733575086998,0.7108957634183796,0.7290445963674801,0.5564080375338599
431,12,1.0471975511965976,0.3333333333333333,B,-16.93262787083496,-0.7209319932267031,0.7240332835706965,0.7309220510599472,0.0
432,12,1.0471975511965976,0.3333333333333333,B,-16.579972931594842,-0.24177033780563084,0.7109137807089737,0.7290565530809162,0.5564173324038975
433,12,1.0471975511965976,0.3333333333333333,B,-17.058208684995726,-0.768185944958873,0.7241562547386633,0.7309914951357037,0.0
434,12,1.0471975511965976,0.3333333333333333,B,-16.620830019622527,-0.22527923344133477,0.7109470896048687,0.7290762580333201,0.5564601392884198
435,12,1.0471975511965976,0.3333333333333333,B,-16.90421218180822,-0.5543552177807459,0.7241998483350511,0.731018131482135,0.0
436,12,1.0471975511965976,0.3333333333333333,B,-16.572232927942153,-0.1656500280586864,0.7110743757259235,0.729160543134558,0.5565576409839933
437,12,1.0471975511965976,0.3333333333333333,B,-16.562013743623805,-0.16521640797353626,0.7242005130076538,0.7310193386274764,0.0
438,12,1.0471975511965976,0.3333333333333333,B,-16.484736978244484,-0.08706609172228383,0.7111589552329294,0.7292210443844034,0.5565914799738061
439,12,1.0471975511965976,0.3333333333333333,B,-16.19919945487625,0.24294679985477052,0.7242747249183319,0.7310646152684818,0.0
440,12,1.0471975511965976,0.3333333333333333,B,-16.422934405904634,-0.020884626259431743,0.7111578823036391,0.7292204123101116,0.5565943317216031
441,12,1.0471975511965976,0.3333333333333333,B,-15.992427396269843,0.5060717029142436,0.7243747000661709,0.7311235785161408,0.0
442,12,1.0471975511965976,0.3333333333333333,B,-16.441708399318117,0.006294901679753384,0.7111961356749448,0.7292498903675618,0.5566100272677701
443,12,1.0471975511965976,0.3333333333333333,B,-16.054591934804307,0.5185072178960074,0.7243940617830009,0.7311338555903291,0.0
444,12,1.0471975511965976,0.3333333333333333,B,-16.56437412342818,-0.01660208530607926,0.711324782570154,0.7293317068160737,0.5567272181642238
445,12,1.0471975511965976,0.3333333333333333,B,-16.390841768738515,0.27511935665044895,0.724396266050745,0.7311371950424439,0.0
446,12,1.0471975511965976,0.3333333333333333,B,-16.77157258610776,-0.08020826249025381,0.7113929029224098,0.7293681810248972,0.556826957671607
447,12,1.0471975511965976,0.3333333333333333,B,-16.89657172022207,-0.1263762608667206,0.7244834513962146,0.7311867928600294,0.0
448,12,1.0471975511965976,0.3333333333333333,B,-17.010336834824123,-0.15909515060594592,0.7113701761443039,0.7293559800754178,0.5568046907856925
449,12,1.0471975511965976,0.3333333333333333,B,-17.398847104722122,-0.524569073471742,0.7245586048788358,0.731228176492977,0.0
450,12,1.0471975511965976,0.3333333333333333,B,-17.214829180906364,-0.2215493084847326,0.711430373213239,0.7293941274563689,0.5568710942920816
451,12,1.0471975511965976,0.3333333333333333,B,-17.726276566276233,-0.7595702128093047,0.7245395048599775,0.7312203109455899,0.0
452,12,1.0471975511965976,0.3333333333333333,B,-17.333198319536038,-0.24239630030226278,0.7115312539973517,0.729458992760236,0.5569583373246099
453,12,1.0471975511965976,0.3333333333333333,B,-17.777087206639997,-0.7369005496750158,0.7245441933633727,0.7312257459498829,0.0
454,12,1.0471975511965976,0.3333333333333333,B,-17.348690112525293,-0.21346716529304838,0.7115202045699267,0.7294593525356731,0.5569094340691397
455,12,1.0471975511965976,0.3333333333333333,B,-17.561174735289697,-0.4655893718252323,0.7246163642649451,0.7312692956680814,0.0
456,12,1.0471975511965976,0.3333333333333333,B,-17.284589036922824,-0.14621074946628979,0.7114834974591089,0.7294392173344938,0.5568743405544387
457,12,1.0471975511965976,0.3333333333333333,B,-17.196106510285844,-0.05473102305728944,0.7246404412765317,0.7312853112946553,0.0
458,12,1.0471975511965976,0.3333333333333333,B,-17.196892587779132,-0.06764381014459978,0.7115319668414299,0.729475635217308,0.5568982722769349
459,12,1.0471975511965976,0.3333333333333333,B,-16.85822641010248,0.33066096057873196,0.7246001371405187,0.7312636711984746,0.0
460,12,1.0471975511965976,0.3333333333333333,B,-17.151832328800786,-0.009527109187251442,0.7115898484313314,0.7295137059204808,0.5569424075181164
461,12,1.0471975511965976,0.3333333333333333,B,-16.71348209091901,0.535677062507514,0.7246061790027375,0.7312702262533823,0.0
462,12,1.0471975511965976,0.3333333333333333,B,-17.19717707381932,0.004985529666136801,0.711557869899124,0.7294879930800464,0.5569512920056552
463,12,1.0471975511965976,0.3333333333333333,B,-16.850772409283998,0.47788538132598757,0.724663311635457,0.7313022367349444,0.0
464,12,1.0471975511965976,0.3333333333333333,B,-17.34491590651409,-0.030017246470918302,0.7115161879879178,0.7294643927047644,0.5569162091139823
465,12,1.0471975511965976,0.3333333333333333,B,-17.244969247173586,0.18060901700171678,0.7246526060820563,0.7312940897081226,0.0
466,12,1.0471975511965976,0.3333333333333333,B,-17.566226229649843,-0.10054321256736043,0.7115685502217673,0.7294968939703407,0.5569759590039488
467,12,1.0471975511965976,0.3333333333333333,B,-17.76794230730085,-0.23680522438429147,0.7245903198386688,0.7312622950424349,0.0
468,12,1.0471975511965976,0.3333333333333333,B,-17.802365577596085,-0.17814543115231865,0.7115839328288633,0.7295043343887011,0.5570008660579417
469,12,1.0471975511965976,0.3333333333333333,B,-18.239733113945306,-0.606628284016655,0.7245978131645021,0.7312691250149961,0.0
470,12,1.0471975511965976,0.3333333333333333,B,-17.98898861283552,-0.23181210182259615,0.7114885410867342,0.729451119448503,0.5568824591592954
471,12,1.0471975511965976,0.3333333333333333,B,-18.50114770591005,-0.7801982735053423,0.7246218270620908,0.7312832240885551,0.0
472,12,1.0471975511965976,0.3333333333333333,B,-18.08092992766218,-0.23988261065183217,0.7114450039434118,0.7294277744367738,0.5568370223401917
473,12,1.0471975511965976,0.3333333333333333,B,-18.477780708444772,-0.6879111622364745,0.7245609210102624,0.7312509557845918,0.0
474,12,1.0471975511965976,0.3333333333333333,B,-18.07162722630701,-0.19909814053817432,0.7114694562753128,0.7294470759363766,0.5568423014202522
475,12,1.0471975511965976,0.3333333333333333,B,-18.20877176570281,-0.3668306765514353,0.7244951726778878,0.7312159765344779,0.0
476,12,1.0471975511965976,0.3333333333333333,B,-17.99569052062843,-0.1260415636790617,0.7114259889147533,0.7294214928648104,0.5567883398522013
477,12,1.0471975511965976,0.3333333333333333,B,-17.83255963589216,0.05400910388290325,0.7245010441683398,0.7312213856465105,0.0
478,12,1.0471975511965976,0.3333333333333333,B,-17.913164604993916,-0.04986709753394275,0.7113318740574603,0.7293579250430366,0.5567366551116025
479,12,1.0471975511965976,0.3333333333333333,B,-17.531066415868423,0.4054542764180105,0.7244956603291017,0.7312165889885313,0.0
480,12,1.0471975511965976,0.3333333333333333,B,-17.887500567422837,-0.0012306347476313817,0.7113000030965169,0.7293394504748452,0.5567138130341289
481,12,1.0471975511965976,0.3333333333333333,B,-17.45519566275464,0.5464143824190038,0.7244168671644038,0.7311694152427519,0.0
482,12,1.0471975511965976,0.3333333333333333,B,-17.95977834156998,0.0002015999933328294,0.7113142640776013,0.7293458996796389,0.5567399612811235
483,12,1.0471975511965976,0.3333333333333333,B,-17.665636593369342,0.42022243839561535,0.7243539100594735,0.7311367004261304,0.0
484,12,1.0471975511965976,0.3333333333333333,B,-18.130825317234958,-0.04598377526145739,0.7112437530035175,0.7292961919121987,0.5567001235080894
485,12,1.0471975511965976,0.3333333333333333,B,-18.108274704299888,0.07761573046878911,0.7243582716787266,0.731139815335711,0.0
486,12,1.0471975511965976,0.3333333333333333,B,-18.362274388650256,-0.12135114515108172,0.7111248885042937,0.7292270873000083,0.5565682189025299
487,12,1.0471975511965976,0.3333333333333333,B,-18.635430136480068,-0.34365353809561794,0.7243207872167059,0.7311166557125623,0.0
488,12,1.0471975511965976,0.3333333333333333,B,-18.591337872259132,-0.195601811358115,0.7111002467245575,0.7292147846535235,0.5565375583680094
489,12,1.0471975511965976,0.3333333333333333,B,-19.065713467307486,-0.6744704089954336,0.7242173487034719,0.7310602087416982,0.0
490,12,1.0471975511965976,0.3333333333333333,B,-18.756282696582918,-0.2388546530447831,0.7110817006619385,0.7292039429996087,0.5565096001452022
491,12,1.0471975511965976,0.3333333333333333,B,-19.256257516034488,-0.7819462853381669,0.7241695582065667,0.7310353096390177,0.0
492,12,1.0471975511965976,0.3333333333333333,B,-18.82145244281152,-0.23390446223871947,0.710968160273885,0.7291346821617626,0.5563867508475703
493,12,1.0471975511965976,0.3333333333333333,B,-19.1609514917784,-0.6229317925505724,0.72416879172308,0.731034751548733,0.0
494,12,1.0471975511965976,0.3333333333333333,B,-18.790304245172855,-0.1825795030485875,0.7108811592539546,0.7290769413246603,0.5563332099900854
495,12,1.0471975511965976,0.3333333333333333,B,-18.848720345893337,-0.2614396192583399,0.7241079395079184,0.7309976062722592,0.0
496,12,1.0471975511965976,0.3333333333333333,B,-18.705758266736794,-0.1055319459305149,0.7108761820467295,0.7290732577895764,0.5563370410375728
497,12,1.0471975511965976,0.3333333333333333,B,-18.474690719919465,0.15737333207814214,0.7240180834682723,0.7309442628900444,0.0
498,12,1.0471975511965976,0.3333333333333333,B,-18.63252378529093,-0.03386098629180204,0.7108457581557236,0.7290498046364005,0.5563224019518922
499,12,1.0471975511965976,0.3333333333333333,B,-18.219423564830965,0.46525931089163564,0.7239914999091095,0.7309306494662114,0.0
500,12,1.0471975511965976,0.3333333333333333,B,-18.6296109047263,0.0038405706830562103,0.7107428314459414,0.7289780951250615,0.5562613282915536
501,12,1.0471975511965976,0.3333333333333333,B,-18.21599164140514,0.5385774688868191,0.7239871922559536,0.7309265192099131,0.0
502,12,1.0471975511965976,0.3333333333333333,B,-18.728530561597502,-0.007657347801753672,0.7106693203871837,0.7289358416581821,0.5561780403828228
503,12,1.0471975511965976,0.3333333333333333,B,-18.495600293526763,0.34802346785896404,0.7239140752969273,0.7308817395987715,0.0
504,12,1.0471975511965976,0.3333333333333333,B,-18.920025094018293,-0.06377706601549665,0.7106719873609127,0.7289388731298264,0.5561714596232539
505,12,1.0471975511965976,0.3333333333333333,B,-18.976178739602563,-0.029923434191227172,0.7238318062358613,0.7308372783171394,0.0
506,12,1.0471975511965976,0.3333333333333333,B,-19.157168492153964,-0.14186307871817203,0.7106193462702658,0.7289041247132997,0.5561187185620174
507,12,1.0471975511965976,0.3333333333333333,B,-19.49491716144155,-0.44343077334760994,0.7238276549298353,0.7308362055123865,0.0
508,12,1.0471975511965976,0.3333333333333333,B,-19.375078874833086,-0.21068037343742277,0.710505503081829,0.7288357826637112,0.5559901336569891
509,12,1.0471975511965976,0.3333333333333333,B,-19.873732280065287,-0.726386576989912,0.7238173087688207,0.7308283227573407,0.0
510,12,1.0471975511965976,0.3333333333333333,B,-19.516135081795543,-0.24248404035147433,0.7104809025614389,0.7288185789789811,0.5559822114661974
511,12,1.0471975511965976,0.3333333333333333,B,-19.990878293578103,-0.7652908000883349,0.7237410665878379,0.7307827978880287,0.0
512,12,1.0471975511965976,0.3333333333333333,B,-19.554057790295687,-0.22450028391071547,0.7105005242974459,0.728828342057084,0.5560094569321525
513,12,1.0471975511965976,0.3333333333333333,B,-19.829118661302083,-0.5444959165960681,0.7236981089252039,0.7307565396230686,0.0
514,12,1.0471975511965976,0.3333333333333333,B,-19.504159171096667,-0.16409368221497422,0.7104466226944746,0.7287899663822294,0.5559705489821265
515,12,1.0471975511965976,0.3333333333333333,B,-19.48384357972284,-0.15268933383851208,0.7237184123836278,0.7307677206150077,0.0
516,12,1.0471975511965976,0.3333333333333333,B,-19.41600500702522,-0.08533081334343753,0.7103815596073851,0.7287421372087027,0.5559459954363892
517,12,1.0471975511965976,0.3333333333333333,B,-19.124212202690707,0.2527459779006286,0.7237058288455568,0.7307575753641297,0.0
518,12,1.0471975511965976,0.3333333333333333,B,-19.35544489589298,-0.01991582693585639,0.7103886240952807,0.7287485792849392,0.5559429752868497
519,12,1.0471975511965976,0.3333333333333333,B,-18.924299114875836,0.5090997821583054,0.7236441638172431,0.7307192976346679,0.0
520,12,1.0471975511965976,0.3333333333333333,B,-19.377377317724793,0.005795378224048298,0.7104089109375334,0.7287611433397029,0.555952887734036
521,12,1.0471975511965976,0.3333333333333333,B,-18.994684655904138,0.5133875506842394,0.7236280126311111,0.7307122230119274,0.0
522,12,1.0471975511965976,0.3333333333333333,B,-19.5026654632093,-0.018356969348016672,0.7103536443009764,0.7287239208315809,0.5559025779567757
523,12,1.0471975511965976,0.3333333333333333,B,-19.337496083862877,0.2639195059548121,0.7236630707806394,0.7307324411377121,0.0
524,12,1.0471975511965976,0.3333333333333333,B,-19.71130559090018,-0.08277638089773073,0.7103030774790489,0.7286968695568034,0.5558264518016497
525,12,1.0471975511965976,0.3333333333333333,B,-19.84504151309369,-0.139052368956037,0.7236475052247928,0.7307210822163599,0.0
526,12,1.0471975511965976,0.3333333333333333,B,-19.949717759470985,-0.1615507983842739,0.7103507691838017,0.7287263523454192,0.5558727105841389
527,12,1.0471975511965976,0.3333333333333333,B,-20.343731062429157,-0.5338151051028868,0.7236026687255317,0.7306948578127961,0.0
528,12,1.0471975511965976,0.3333333333333333,B,-20.152313183096645,-0.22298808644897494,0.7103789752400193,0.7287406775624784,0.5559075494148915
529,12,1.0471975511965976,0.3333333333333333,B,-20.66332005634448,-0.7617992064119473,0.7236304238462246,0.7307093465084079,0.0
530,12,1.0471975511965976,0.3333333333333333,B,-20.268051205856285,-0.24253206895353469,0.7103369112450161,0.7287115118464932,0.5558734380622679
531,12,1.0471975511965976,0.3333333333333333,B,-20.705827079506278,-0.7314198215922929,0.7236793012259018,0.7307355175122553,0.0
532,12,1.0471975511965976,0.3333333333333333,B,-20.280135510310227,-0.21217212504776056,0.710352351228421,0.7287154908159378,0.5559192350306292
533,12,1.0471975511965976,0.3333333333333333,B,-20.4844945472489,-0.4549274755321275,0.7236659141606488,0.7307252338613685,0.0
534,12,1.0471975511965976,0.3333333333333333,B,-20.214212041108283,-0.14414890389757362,0.7104247253940875,0.7287610890273124,0.5559828304169824
535,12,1.0471975511965976,0.3333333333333333,B,-20.117846760005122,-0.04325476745172635,0.7236538961632373,0.730716121721344,0.0
536,12,1.0471975511965976,0.3333333333333333,B,-20.12724882734159,-0.0658801478201248,0.7104451045664775,0.728773324892693,0.5559939435581747
537,12,1.0471975511965976,0.3333333333333333,B,-19.783551146323166,0.33826754763560657,0.723705124258688,0.7307469397605041,0.0
538,12,1.0471975511965976,0.3333333333333333,B,-20.083676933549338,-0.00861006548405735,0.7104213535807427,0.7287565835644676,0.5559753222111474
539,12,1.0471975511965976,0.3333333333333333,B,-19.646307953234547,0.5364216512777022,0.7237521346458122,0.7307736526281169,0.0
540,12,1.0471975511965976,0.3333333333333333,B,-20.1314284640888,0.00456196674030393,0.7104539720994306,0.7287829618563814,0.5559720883515482
541,12,1.0471975511965976,0.3333333333333333,B,-19.790994709935468,0.47168379034408064,0.7237411012455266,0.7307658236131834,0.0
542,12,1.0471975511965976,0.3333333333333333,B,-20.281762075303227,-0.03167424440881039,0.7105378649978575,0.7288364446605227,0.5560415102436332
543,12,1.0471975511965976,0.3333333333333333,B,-20.18979748047145,0.16993425536675405,0.7237521846379675,0.7307731508523414,0.0
544,12,1.0471975511965976,0.3333333333333333,B,-20.50417542159577,-0.10265704177130833,0.7105576387699619,0.7288461736341176,0.5560672733009675
545,12,1.0471975511965976,0.3333333333333333,B,-20.712848799778847,-0.24763132839142532,0.7238291268674747,0.7308161587505626,0.0
546,12,1.0471975511965976,0.3333333333333333,B,-20.73960367427798,-0.17998622234670486,0.7105541872010046,0.7288441403106783,0.5560605466274664
547,12,1.0471975511965976,0.3333333333333333,B,-21.180279692387945,-0.6132789904110217,0.7238745060991836,0.7308401904717085,0.0
548,12,1.0471975511965976,0.3333333333333333,B,-20.923488472472883,-0.23250271876842837,0.710640762633949,0.7288942973286143,0.5561656861269386
549,12,1.0471975511965976,0.3333333333333333,B,-21.434548648382176,-0.780225557630457,0.7238701979927579,0.7308366208622201,0.0
550,12,1.0471975511965976,0.3333333333333333,B,-21.012386525729028,-0.23912351038939378,0.7107276475910294,0.7289475133584481,0.556250167965768
551,12,1.0471975511965976,0.3333333333333333,B,-21.403347713045587,-0.6813102010575385,0.7239139962445098,0.7308602951843722,0.0
552,12,1.0471975511965976,0.3333333333333333,B,-21.000932108084335,-0.19728549749511007,0.7107353560486154,0.728952566888847,0.5562510604007195
553,12,1.0471975511965976,0.3333333333333333,B,-21.12966921655728,-0.35621419414374855,0.7239937606776999,0.7309067602756695,0.0
554,12,1.0471975511965976,0.3333333333333333,B,-20.923293361004323,-0.12361278212486579,0.7107582473578571,0.7289662802880513,0.556276979560787
555,12,1.0471975511965976,0.3333333333333333,B,-20.753774500379393,0.06448904421007479,0.7240223536125474,0.7309235780641955,0.0
556,12,1.0471975511965976,0.3333333333333333,B,-20.841230014489362,-0.04778764451574419,0.7108420644797108,0.7290249091894235,0.5563217982591717
557,12,1.0471975511965976,0.3333333333333333,B,-20.45630033827941,0.4118977529923614,0.724024333290635,0.7309247710127746,0.0
558,12,1.0471975511965976,0.3333333333333333,B,-20.81818795273953,-0.0003211624836839677,0.710907095426934,0.7290678081507891,0.556367340971214
559,12,1.0471975511965976,0.3333333333333333,B,-20.387174201085777,0.5463827475873326,0.7240797934960743,0.7309585199294417,0.0
560,12,1.0471975511965976,0.3333333333333333,B,-20.893075459842866,-0.00013140020446802958,0.7109108026674129,0.7290691575318419,0.5563762419940783
561,12,1.0471975511965976,0.3333333333333333,B,-20.604624442516034,0.4139011398160095,0.7241561871877584,0.7310017619084606,0.0
562,12,1.0471975511965976,0.3333333333333333,B,-21.066193002173325,-0.04741060043349929,0.7109471491051268,0.7290947280136477,0.5563984365081835
563,12,1.0471975511965976,0.3333333333333333,B,-21.05131460439906,0.06767244364777608,0.7241731720513631,0.7310104578544125,0.0
564,12,1.0471975511965976,0.3333333333333333,B,-21.298302630366294,-0.12313431456452784,0.7110524826484363,0.7291577727721468,0.5565150099212681
565,12,1.0471975511965976,0.3333333333333333,B,-21.578065793489273,-0.35334306158953477,0.7241828920983435,0.7310166079361345,0.0
566,12,1.0471975511965976,0.3333333333333333,B,-21.52636927586911,-0.19684990407683844,0.7111017892347558,0.7291864314618854,0.5565728563354841
567,12,1.0471975511965976,0.3333333333333333,B,-22.00340843725155,-0.6799604055148349,0.7242543361630588,0.7310564680601566,0.0
568,12,1.0471975511965976,0.3333333333333333,B,-21.689056057831138,-0.23904771654614868,0.7110954035686704,0.7291838466820897,0.5565622363520523
569,12,1.0471975511965976,0.3333333333333333,B,-22.186887133546293,-0.7809307092643476,0.7243109359568011,0.7310891496794714,0.0
570,12,1.0471975511965976,0.3333333333333333,B,-21.750839693950127,-0.23264225166315816,0.711151467434599,0.7292188712434922,0.5566208298699727
571,12,1.0471975511965976,0.3333333333333333,B,-22.085031292712344,-0.6157166200587585,0.7243062072065047,0.7310880568749163,0.0
572,12,1.0471975511965976,0.3333333333333333,B,-21.7175112086844,-0.18027778870146416,0.7112263904327839,0.7292707119955006,0.5566638910760724
573,12,1.0471975511965976,0.3333333333333333,B,-21.76849810554463,-0.25058929924957307,0.7243217618842328,0.7310981676070173,0.0
574,12,1.0471975511965976,0.3333333333333333,B,-21.632860311853744,-0.1030579969055157,0.7112338435100137,0.7292786106954999,0.5566533552430475
575,12,1.0471975511965976,0.3333333333333333,B,-21.39499338187988,0.1677432242159927,0.7243831111527302,0.7311354065220727,0.0
576,12,1.0471975511965976,0.3333333333333333,B,-21.56049022353201,-0.03183971447036049,0.7112253049863388,0.7292739730542545,0.5566486414663441
577,12,1.0471975511965976,0.3333333333333333,B,-21.144996647631444,0.471204184760163,0.724413537434258,0.731153071583014,0.0
578,12,1.0471975511965976,0.3333333333333333,B,-21.560032586579297,0.004646624808647193,0.7112764855373811,0.7293101142462415,0.5566795120516301
579,12,1.0471975511965976,0.3333333333333333,B,-21.14877438878724,0.5379060163754235,0.7243979060298275,0.7311443468701263,0.0
580,12,1.0471975511965976,0.3333333333333333,B,-21.66210955736495,-0.008267641375323542,0.7113396990433611,0.7293473106736377,0.5567527716703627
581,12,1.0471975511965976,0.3333333333333333,B,-21.435200643402663,0.34094406699590357,0.7244171171894476,0.7311568303546786,0.0
582,12,1.0471975511965976,0.3333333333333333,B,-21.855654945367053,-0.06530873756267747,0.7113289930930159,0.729337831575175,0.5567621356416744
583,12,1.0471975511965976,0.3333333333333333,B,-21.919556053445724,-0.04052374980572515,0.7244725892339801,0.7311873195073659,0.0
584,12,1.0471975511965976,0.3333333333333333,B,-22.093265159757358,-0.14367652381719778,0.7113161972343569,0.7293319429558706,0.5567470519024842
585,12,1.0471975511965976,0.3333333333333333,B,-22.43749569032508,-0.4532207018651703,0.7244738166854596,0.7311879880525755,0.0
586,12,1.0471975511965976,0.3333333333333333,B,-22.30961631175276,-0.21181288040202417,0.711371953411183,0.7293660236575171,0.556808898255305
587,12,1.0471975511965976,0.3333333333333333,B,-22.811180293535276,-0.7314184958043844,0.7244428725809094,0.7311727801831249,0.0
588,12,1.0471975511965976,0.3333333333333333,B,-22.448270092114473,-0.24238029658268354,0.7113887942432842,0.7293792800038695,0.5568090712718284
589,12,1.0471975511965976,0.3333333333333333,B,-22.9204685144246,-0.7632779337509369,0.7244631225726091,0.7311856227115499,0.0
590,12,1.0471975511965976,0.3333333333333333,B,-22.4838430361985,-0.22317897156540345,0.7113378778763477,0.7293513696072392,0.5567438970537432
591,12,1.0471975511965976,0.3333333333333333,B,-22.75201795088434,-0.5360169978340312,0.7244901614554744,0.7312025733711698,0.0
592,12,1.0471975511965976,0.3333333333333333,B,-22.431782315556838,-0.16177872683073213,0.7113267259770624,0.7293458950542212,0.5567347733377178
593,12,1.0471975511965976,0.3333333333333333,B,-22.403841292982655,-0.14098529787789094,0.7244604821362423,0.7311866205207171,0.0
594,12,1.0471975511965976,0.3333333333333333,B,-22.343666874036863,-0.0829606528153102,0.7113578008976567,0.7293690799082364,0.556745818183987
595,12,1.0471975511965976,0.3333333333333333,B,-22.045623194804342,0.26315338930811244,0.7244278409506595,0.7311689483929754,0.0
596,12,1.0471975511965976,0.3333333333333333,B,-22.28529731294255,-0.018420394156237974,0.711346798344622,0.7293601216811626,0.5567466705975715
597,12,1.0471975511965976,0.3333333333333333,B,-21.851801366966633,0.5139675888844333,0.7244445059075052,0.731179731788697,0.0
598,12,1.0471975511965976,0.3333333333333333,B,-22.30988011646355,0.006040451366199268,0.7112928999980815,0.7293234007720755,0.5567201043618394
599,12,1.0471975511965976,0.3333333333333333,B,-21.930620772804374,0.5107218969115767,0.7244523824622753,0.731182478107494,0.0
600,12,1.0471975511965976,0.3333333333333333,B,-22.438038398701757,-0.019529746915371266,0.7112829553119027,0.7293189932347248,0.5567091346773618
601,12,1.0471975511965976,0.3333333333333333,B,-22.280419082470907,0.2547673312762155,0.7244030775505867,0.7311540131878831,0.0
602,12,1.0471975511965976,0.3333333333333333,B,-22.648592065512346,-0.08482483097939089,0.7113060725683134,0.7293309400172927,0.5567452975361736
603,12,1.0471975511965976,0.3333333333333333,B,-22.790976176870515,-0.15113142869569063,0.7243674562989231,0.7311361575231219,0.0
604,12,1.0471975511965976,0.3333333333333333,B,-22.887161844310775,-0.16359223906511366,0.7112559842110028,0.7292998838213942,0.5566956324265059
605,12,1.0471975511965976,0.3333333333333333,B,-23.287369168813875,-0.5438401266355382,0.7243793178517994,0.731143196648609,0.0
606,12,1.0471975511965976,0.3333333333333333,B,-23.088225379789627,-0.22428161151154716,0.711180311029388,0.729256745643684,0.5566076186240653
607,12,1.0471975511965976,0.3333333333333333,B,-23.600598893126953,-0.7656075530386808,0.7243551527905461,0.7311298986759017,0.0
608,12,1.0471975511965976,0.3333333333333333,B,-23.200980016852768,-0.24240703356348137,0.7111741308180617,0.7292540239860328,0.5566018685756997
609,12,1.0471975511965976,0.3333333333333333,B,-23.635108614510436,-0.7274329522881937,0.7242882092263085,0.7310932355497213,0.0
610,12,1.0471975511965976,0.3333333333333333,B,-23.210730212614052,-0.21077529638830483,0.7111626349054504,0.729249179874239,0.5565753300499855
611,12,1.0471975511965976,0.3333333333333333,B,-23.40697897099598,-0.4446290759631783,0.7242615013372583,0.7310788953575432,0.0
612,12,1.0471975511965976,0.3333333333333333,B,-23.143853352571245,-0.14213717381844101,0.711091352291543,0.7292031402935796,0.5565154341496601
613,12,1.0471975511965976,0.3333333333333333,B,-23.038451630188206,-0.03087357368288368,0.7242637582774869,0.7310804156637206,0.0
614,12,1.0471975511965976,0.3333333333333333,B,-23.05695954966566,-0.06392869843708918,0.7110353340061218,0.7291651156683563,0.5564869402890994
615,12,1.0471975511965976,0.3333333333333333,B,-22.70787294926869,0.3476124565193995,0.7242231155263443,0.7310551003696081,0.0
616,12,1.0471975511965976,0.3333333333333333,B,-23.015583098242153,-0.007695382103763415,0.7110325162314607,0.7291639922417096,0.5564840417556277
617,12,1.0471975511965976,0.3333333333333333,B,-22.577901500555704,0.5388478917858891,0.7241587337085872,0.7310177615490809,0.0
618,12,1.0471975511965976,0.3333333333333333,B,-23.066647926290564,0.003986854126416917,0.711011986813315,0.7291469506552732,0.5564834718584352
619,12,1.0471975511965976,0.3333333333333333,B,-22.731163775310268,0.4659823000375446,0.7241393909902516,0.7310083446168634,0.0
620,12,1.0471975511965976,0.3333333333333333,B,-23.219572832086776,-0.033494240122598634,0.7109291133026202,0.7290935134914402,0.5564135611809633
621,12,1.0471975511965976,0.3333333333333333,B,-23.136328703134133,0.15837448402964482,0.7241343452244039,0.7310043243618883,0.0
622,12,1.0471975511965976,0.3333333333333333,B,-23.443339509502863,-0.10518674563832758,0.7108730128771673,0.7290623703368733,0.5563438248762882
623,12,1.0471975511965976,0.3333333333333333,B,-23.66078702717445,-0.2603819721209918,0.7240747933329066,0.7309700332247497,0.0
624,12,1.0471975511965976,0.3333333333333333,B,-23.67820348187113,-0.18221835644225903,0.7108730682380237,0.7290624494307388,0.5563435038909652
625,12,1.0471975511965976,0.3333333333333333,B,-24.124133575857506,-0.6221558590643474,0.7240133452547013,0.730936792511247,0.0
626,12,1.0471975511965976,0.3333333333333333,B,-23.860183354816478,-0.23368097046022218,0.7108233770155153,0.7290323415066535,0.5562845931466799
627,12,1.0471975511965976,0.3333333333333333,B,-24.37034865727469,-0.7815965353172085,0.724007990855485,0.7309339447746498,0.0
628,12,1.0471975511965976,0.3333333333333333,B,-23.94640790452195,-0.23895652213991914,0.7107399493292614,0.7289799977673419,0.556206135057244
629,12,1.0471975511965976,0.3333333333333333,B,-24.331042522287536,-0.6747274504972898,0.7239924557239068,0.7309242628531323,0.0
630,12,1.0471975511965976,0.3333333333333333,B,-23.932114080709646,-0.19580338303059414,0.7107193589846756,0.7289643163522699,0.556206903045039
631,12,1.0471975511965976,0.3333333333333333,B,-24.052216619185284,-0.3445363276554444,0.7239319723912488,0.7308878320495545,0.0
632,12,1.0471975511965976,0.3333333333333333,B,-23.85367692059666,-0.12167057957981278,0.7107216366946238,0.7289650147665626,0.5562099632957954
633,12,1.0471975511965976,0.3333333333333333,B,-23.67576037491414,0.07639473810703518,0.7238942418949533,0.7308654024614106,0.0
634,12,1.0471975511965976,0.3333333333333333,B,-23.77279934090194,-0.04633296280967156,0.7106741867880022,0.7289304777982404,0.556185265483308
635,12,1.0471975511965976,0.3333333333333333,B,-23.38340628006472,0.4189631188915626,0.7238992505326679,0.7308686198715947,0.0
636,12,1.0471975511965976,0.3333333333333333,B,-23.751763407595355,6.38085436814595e-05,0.7106118073576027,0.7288888916136866,0.5561406334115782
637,12,1.0471975511965976,0.3333333333333333,B,-23.322762169387182,0.5456423645572646,0.7238796471961608,0.7308553167924425,0.0
638,12,1.0471975511965976,0.3333333333333333,B,-23.829572320481706,-0.001233580673308865,0.710602921082516,0.7288865973241523,0.5561152898138513
639,12,1.0471975511965976,0.3333333333333333,B,-23.54810846380309,0.40560992446769,0.7238219935554097,0.7308218104473063,0.0
640,12,1.0471975511965976,0.3333333333333333,B,-24.00515676105252,-0.04964992167832899,0.7106055640734196,0.7288872390520338,0.5561176251816858
641,12,1.0471975511965976,0.3333333333333333,B,-23.999274953524232,0.055062688670418636,0.7238012342301475,0.7308117685383293,0.0
642,12,1.0471975511965976,0.3333333333333333,B,-24.23805745178494,-0.12571020265566188,0.7105461203603405,0.7288504624302046,0.5560521364054242
643,12,1.0471975511965976,0.3333333333333333,B,-24.525226552863458,-0.36514423494963694,0.7238171913460194,0.7308203092222714,0.0
644,12,1.0471975511965976,0.3333333333333333,B,-24.465003410220035,-0.1989328323720891,0.7105012067739136,0.7288239994867541,0.5560002508751993
645,12,1.0471975511965976,0.3333333333333333,B,-24.9449945204603,-0.686273650338219,0.7237920431328072,0.7308047626278403,0.0
646,12,1.0471975511965976,0.3333333333333333,B,-24.624870328709182,-0.2398067926967669,0.7105276523834803,0.7288380843375538,0.5560390319250278
647,12,1.0471975511965976,0.3333333333333333,B,-25.12015144371254,-0.7794219421565843,0.7237507602145347,0.7307800801519375,0.0
648,12,1.0471975511965976,0.3333333333333333,B,-24.68392142070142,-0.23199184519134883,0.7105303147810278,0.728838241678678,0.5560430712336992
649,12,1.0471975511965976,0.3333333333333333,B,-25.010360325510717,-0.6071291265928254,0.7237617465045522,0.7307851651569999,0.0
650,12,1.0471975511965976,0.3333333333333333,B,-24.64854028915748,-0.17863410020721382,0.7104891829260966,0.7288084425041392,0.5560211823493414
651,12,1.0471975511965976,0.3333333333333333,B,-24.69023415062359,-0.23862495714898324,0.7237836714409805,0.7307970231885947,0.0
652,12,1.0471975511965976,0.3333333333333333,B,-24.56277073820521,-0.10104304638028452,0.710485737952189,0.7288034822917117,0.5560338838065668
653,12,1.0471975511965976,0.3333333333333333,B,-24.31843424436908,0.17811629875946156,0.7237619541163232,0.730782459639707,0.0
654,12,1.0471975511965976,0.3333333333333333,B,-24.491705298299298,-0.030504704416555367,0.7105207193191188,0.7288277010525394,0.5560512876732834
655,12,1.0471975511965976,0.3333333333333333,B,-24.074150906476483,0.47578281607085793,0.7237409883759525,0.7307699947581113,0.0
656,12,1.0471975511965976,0.3333333333333333,B,-24.49400699165013,0.004690997986777218,0.7105220946134854,0.7288271938995401,0.5560528257946096
657,12,1.0471975511965976,0.3333333333333333,B,-24.085972403470752,0.5347860052382566,0.723768142473603,0.7307870595095013,0.0
658,12,1.0471975511965976,0.3333333333333333,B,-24.598620307329043,-0.009517919191196988,0.7104874443251159,0.7288062423433888,0.5560116951690538
659,12,1.0471975511965976,0.3333333333333333,B,-24.37932368102891,0.3314818166859598,0.7237925581458704,0.7308001344259699,0.0
660,12,1.0471975511965976,0.3333333333333333,B,-24.7939623045824,-0.0675181969809451,0.7105033649768164,0.728819575830369,0.5560074718805895
661,12,1.0471975511965976,0.3333333333333333,B,-24.86644102226256,-0.0524939533537877,0.7237728952134651,0.7307881868161689,0.0
662,12,1.0471975511965976,0.3333333333333333,B,-25.031702469888593,-0.14593499480455557,0.7105583177010001,0.7288520585375636,0.5560669345029365
663,12,1.0471975511965976,0.3333333333333333,B,-25.381930526590025,-0.46300157222400473,0.7237755808647132,0.7307896492317283,0.0
664,12,1.0471975511965976,0.3333333333333333,B,-25.246579508990948,-0.21329783377113745,0.7105587148847538,0.7288509985710497,0.5560685956881067
665,12,1.0471975511965976,0.3333333333333333,B,-25.74889280231567,-0.7351121282679866,0.7238259716072115,0.7308170745720837,0.0
666,12,1.0471975511965976,0.3333333333333333,B,-25.382410407404016,-0.24257732655991582,0.7105521759240553,0.7288446973877626,0.5560725694136602
667,12,1.0471975511965976,0.3333333333333333,B,-25.850321668210874,-0.7595577242262498,0.723848946164052,0.730829225893524,0.0
668,12,1.0471975511965976,0.3333333333333333,B,-25.41461445690507,-0.22190419803210562,0.7106085943047543,0.7288772189600293,0.5561416059196114
669,12,1.0471975511965976,0.3333333333333333,B,-25.675508282204852,-0.5265128632107006,0.7238398875868697,0.7308226573233632,0.0
670,12,1.0471975511965976,0.3333333333333333,B,-25.3608570893943,-0.15968695046819456,0.7106589696218149,0.7289101323697089,0.5561774118404005
671,12,1.0471975511965976,0.3333333333333333,B,-25.324596775651955,-0.12949270069162022,0.723866603138385,0.7308375856019795,0.0
672,12,1.0471975511965976,0.3333333333333333,B,-25.272762559539693,-0.08088381213896276,0.7106586382923231,0.7289090503810973,0.5561774898541473
673,12,1.0471975511965976,0.3333333333333333,B,-24.969072618335638,0.2720241902205221,0.7239192704329788,0.7308689231735335,0.0
674,12,1.0471975511965976,0.3333333333333333,B,-25.215554712539017,-0.017050909998322705,0.7106678341981361,0.7289161593675493,0.5561781487129908
675,12,1.0471975511965976,0.3333333333333333,B,-24.78183038458743,0.5168087077819068,0.7239363930607008,0.7308782381116204,0.0
676,12,1.0471975511965976,0.3333333333333333,B,-25.242818382898328,0.006056104538404827,0.7107272387501274,0.728957802592685,0.556208541048316
677,12,1.0471975511965976,0.3333333333333333,B,-24.868023579774103,0.5065382687539963,0.7239345920550924,0.7308774291271535,0.0
678,12,1.0471975511965976,0.3333333333333333,B,-25.373730715954856,-0.020780802867360976,0.710776494305644,0.7289875415390565,0.5562580298124166
679,12,1.0471975511965976,0.3333333333333333,B,-25.223458966474933,0.2452521562864256,0.7239771620089004,0.7309025426489292,0.0
680,12,1.0471975511965976,0.3333333333333333,B,-25.585726010515714,-0.08676250382994999,0.7107759007685549,0.7289868480463727,0.5562576673587699
681,12,1.0471975511965976,0.3333333333333333,B,-25.735593701814793,-0.1620690528744444,0.724034584137554,0.7309340977782022,0.0
682,12,1.0471975511965976,0.3333333333333333,B,-25.823937232918937,-0.16544854271193066,0.7108093006583985,0.7290075925391016,0.5562913291929399
683,12,1.0471975511965976,0.3333333333333333,B,-26.22893822808867,-0.5518546964149316,0.7240452184447367,0.7309396166786385,0.0
684,12,1.0471975511965976,0.3333333333333333,B,-26.022803121967534,-0.2251458749045121,0.710890696138475,0.7290556572046527,0.5563842687020523
685,12,1.0471975511965976,0.3333333333333333,B,-26.53543837064121,-0.7675658980630762,0.72405609950729,0.7309454773940999,0.0
686,12,1.0471975511965976,0.3333333333333333,B,-26.132885234724025,-0.24194822934935997,0.7109230265877006,0.7290765082286964,0.5564091818692909
687,12,1.0471975511965976,0.3333333333333333,B,-26.562058228607317,-0.7224654831348125,0.7241120577112029,0.7309770508610434,0.0
688,12,1.0471975511965976,0.3333333333333333,B,-26.139994515690073,-0.20909515477687582,0.7109237135279709,0.7290770068888494,0.5564100415357482
689,12,1.0471975511965976,0.3333333333333333,B,-26.328601482535618,-0.43467143819859766,0.724154600946539,0.7310024043230321,0.0
690,12,1.0471975511965976,0.3333333333333333,B,-26.07122621812104,-0.13968844414833112,0.7109687718044642,0.7291067194708857,0.5564463345466831
691,12,1.0471975511965976,0.3333333333333333,B,-25.958862228282463,-0.019751176431941297,0.7241557346762577,0.7310034523022305,0.0
692,12,1.0471975511965976,0.3333333333333333,B,-25.984881814895758,-0.06172911928595304,0.7110283629695405,0.729148646680238,0.5564758445048444
693,12,1.0471975511965976,0.3333333333333333,B,-25.631314330649268,0.35566036643008975,0.724173114423748,0.7310143757851203,0.0
694,12,1.0471975511965976,0.3333333333333333,B,-25.945703594009625,-0.006477994559736133,0.7110443160627059,0.7291585555690431,0.5564910097253596
695,12,1.0471975511965976,0.3333333333333333,B,-25.508093123243384,0.5406969567830435,0.7242266072318119,0.7310461688349923,0.0
696,12,1.0471975511965976,0.3333333333333333,B,-25.999356307194518,0.003921998575759089,0.7110458124151737,0.7291603076291436,0.5564911525596413
697,12,1.0471975511965976,0.3333333333333333,B,-25.66889019532685,0.46104858536015225,0.724257159777132,0.7310627955429436,0.0
698,12,1.0471975511965976,0.3333333333333333,B,-26.154788127825707,-0.03480545955214728,0.7110984296272181,0.7291945037731594,0.5565363831296495
699,12,1.0471975511965976,0.3333333333333333,B,-26.079205054317356,0.14866872899146205,0.7242520235337332,0.7310600391864178,0.0
700,12,1.0471975511965976,0.3333333333333333,B,-26.379737283685884,-0.10703318949454943,0.7111574869119854,0.729228311865471,0.5566098838601863
701,12,1.0471975511965976,0.3333333333333333,B,-26.604507410018243,-0.27101750102951105,0.7242773268528969,0.73107484241519,0.0
702,12,1.0471975511965976,0.3333333333333333,B,-26.614085796571512,-0.18378157788204807,0.7111540445639122,0.7292262045469566,0.556607953895982
703,12,1.0471975511965976,0.3333333333333333,B,-27.063987936427257,-0.6293516614096635,0.7243274052148808,0.7311027021873441,0.0
704,12,1.0471975511965976,0.3333333333333333,B,-26.79385146926917,-0.234246011471487,0.7111582330434364,0.7292296391661336,0.5566119088769346
705,12,1.0471975511965976,0.3333333333333333,B,-27.303451604990034,-0.782406615096116,0.724333835258598,0.7311073378783649,0.0
706,12,1.0471975511965976,0.3333333333333333,B,-26.87692662317736,-0.23807541868553148,0.7112097453582843,0.7292626259458578,0.5566587666888363
707,12,1.0471975511965976,0.3333333333333333,B,-27.25674918443273,-0.6686927637389013,0.7243212688705177,0.7311013655330674,0.0
708,12,1.0471975511965976,0.3333333333333333,B,-26.860550636915484,-0.19383872297527863,0.7112289194046919,0.7292785993916877,0.5566541471695764
709,12,1.0471975511965976,0.3333333333333333,B,-26.972707475656115,-0.3338362425024791,0.7243467463989943,0.7311170463418014,0.0
710,12,1.0471975511965976,0.3333333333333333,B,-26.78131646831592,-0.11926559961823846,0.7112063355765817,0.7292653991097242,0.5566308266262502
711,12,1.0471975511965976,0.3333333333333333,B,-26.59602186400229,0.08759686469058453,0.7243764936182076,0.7311352770105458,0.0
712,12,1.0471975511965976,0.3333333333333333,B,-26.701023001913164,-0.044248975744841046,0.7112110066048671,0.7292697552598427,0.556632862637949
713,12,1.0471975511965976,0.3333333333333333,B,-26.30811676486681,0.4263241052569471,0.724365290258156,0.731128655797913,0.0
714,12,1.0471975511965976,0.3333333333333333,B,-26.6825705193893,0.000956697339567103,0.7112494775642115,0.7292955539876127,0.5566610868619782
715,12,1.0471975511965976,0.3333333333333333,B,-26.254686863401165,0.5462588379976268,0.7243510105670493,0.7311211907473896,0.0
716,12,1.0471975511965976,0.3333333333333333,B,-26.7634872965098,-0.0017413630333480146,0.7112558026534026,0.7292961198396567,0.5566866483277026
717,12,1.0471975511965976,0.3333333333333333,B,-26.48765820315746,0.39916658983092634,0.7243754083626386,0.7311355338823824,0.0
718,12,1.0471975511965976,0.3333333333333333,B,-26.94136035177203,-0.05125544492491568,0.7112232621626647,0.729275342025219,0.556663057734311
719,12,1.0471975511965976,0.3333333333333333,B,-26.943652547180456,0.04419613165553549,0.7243901829422944,0.7311427273933404,0.0
720,12,1.0471975511965976,0.3333333333333333,B,-27.17509228192136,-0.12776013998895366,0.7112299449632724,0.7292804077572806,0.5566695336907854
721,12,1.0471975511965976,0.3333333333333333,B,-27.469719422060656,-0.3760770482277413,0.7243590962497792,0.731125846156906,0.0
722,12,1.0471975511965976,0.3333333333333333,B,-27.400971774336448,-0.20045394295373714,0.7112559879557026,0.7292958943020384,0.5566991738153211
723,12,1.0471975511965976,0.3333333333333333,B,-27.884701147331988,-0.6928417103687858,0.7243426566074226,0.7311179427195018,0.0
724,12,1.0471975511965976,0.3333333333333333,B,-27.558699702558414,-0.24021150230128951,0.7112218440574745,0.7292774094912263,0.55665103302587
725,12,1.0471975511965976,0.3333333333333333,B,-28.052078281715797,-0.7787954156063333,0.7243595795706155,0.7311281573197334,0.0
726,12,1.0471975511965976,0.3333333333333333,B,-27.614982989470015,-0.23104884978567572,0.711178383974083,0.7292519150740262,0.5566056543813915
727,12,1.0471975511965976,0.3333333333333333,B,-27.93513134209698,-0.5994682842668775,0.724346993959204,0.7311219647068083,0.0
728,12,1.0471975511965976,0.3333333333333333,B,-27.57729495516925,-0.17658567183357649,0.7111834023153283,0.7292562712961823,0.5566078802295932
729,12,1.0471975511965976,0.3333333333333333,B,-27.610908225051723,-0.22691241606334084,0.72430537317784,0.7310985443722823,0.0
730,12,1.0471975511965976,0.3333333333333333,B,-27.491427016962945,-0.09882074710425187,0.7111829442342676,0.7292574491907394,0.5565982886423024
731,12,1.0471975511965976,0.3333333333333333,B,-27.239745847659833,0.18921374458252682,0.7242926111222787,0.7310919103690103,0.0
732,12,1.0471975511965976,0.3333333333333333,B,-27.4218955052118,-0.028928761651311002,0.7111400844727599,0.7292273692801822,0.5565772782977239
733,12,1.0471975511965976,0.3333333333333333,B,-27.001293242667817,0.4816977568201795,0.724300583364493,0.7310964113884242,0.0
734,12,1.0471975511965976,0.3333333333333333,B,-27.42667663546748,0.005044623632368406,0.7111024255761791,0.7292029294001396,0.5565522220901651
735,12,1.0471975511965976,0.3333333333333333,B,-27.02145189614124,0.533101695659192,0.7242740756250234,0.7310796411458231,0.0
736,12,1.0471975511965976,0.3333333333333333,B,-27.534377477373823,-0.010641908427839408,0.7111070555458271,0.7292060897603826,0.5565574330373237
737,12,1.0471975511965976,0.3333333333333333,B,-27.322231628906778,0.3227795365007127,0.7242273078169874,0.7310535773332786,0.0
738,12,1.0471975511965976,0.3333333333333333,B,-27.73186361666241,-0.06961403644336839,0.7110932253080507,0.7291948920596858,0.5565566558142375
739,12,1.0471975511965976,0.3333333333333333,B,-27.813121981964347,-0.06479161326723637,0.7242169836271863,0.7310487942450999,0.0
740,12,1.0471975511965976,0.3333333333333333,B,-27.970049956929962,-0.14821814792358978,0.7110268820759041,0.7291551727111811,0.5564848426849551
741,12,1.0471975511965976,0.3333333333333333,B,-28.32712300003427,-0.47385630703678194,0.7242138821055023,0.7310466262652023,0.0
742,12,1.0471975511965976,0.3333333333333333,B,-28.1834674751348,-0.2149000938870125,0.7109898562840152,0.7291340796030124,0.5564426289027504
743,12,1.0471975511965976,0.3333333333333333,B,-28.68811611230206,-0.7401478831403878,0.7241672761808825,0.7310207576180179,0.0
744,12,1.0471975511965976,0.3333333333333333,B,-28.31654279318007,-0.24281445387153688,0.7109903204015711,0.7291347286940307,0.556441476349222
745,12,1.0471975511965976,0.3333333333333333,B,-28.781209368476226,-0.756734228422469,0.7241235154932618,0.7309964801865121,0.0
746,12,1.0471975511965976,0.3333333333333333,B,-28.346340602083195,-0.22084828126503886,0.7109502246126269,0.7291107317794392,0.5563943466400798
747,12,1.0471975511965976,0.3333333333333333,B,-28.59919407058544,-0.5169482195018789,0.7241196671860001,0.7309944050836815,0.0
748,12,1.0471975511965976,0.3333333333333333,B,-28.290882633668947,-0.15777485766830301,0.7108908383260694,0.7290710309968824,0.556353964005471
749,12,1.0471975511965976,0.3333333333333333,B,-28.245714739856226,-0.11717778715272736,0.7241055997777399,0.730985775743554,0.0
750,12,1.0471975511965976,0.3333333333333333,B,-28.202538336793257,-0.0788892574909702,0.7108726473904822,0.7290582891511987,0.5563480387168864
751,12,1.0471975511965976,0.3333333333333333,B,-27.892788456062856,0.2820206240826839,0.7240576716684082,0.73095670843141,0.0
752,12,1.0471975511965976,0.3333333333333333,B,-28.147387183600287,-0.015986318180121223,0.7108705789426898,0.7290563747541733,0.5563477551834599
753,12,1.0471975511965976,0.3333333333333333,B,-27.712272169210827,0.5203147993332268,0.7240249532689922,0.730938246069344,0.0
754,12,1.0471975511965976,0.3333333333333333,B,-28.177588794077195,0.0057485057619229285,0.7108285190173256,0.7290263470734781,0.5563254314261622
755,12,1.0471975511965976,0.3333333333333333,B,-27.807098293159147,0.5019858772643303,0.7240248833728135,0.7309385502201693,0.0
756,12,1.0471975511965976,0.3333333333333333,B,-28.31113813204364,-0.022415531975140096,0.7107701316265758,0.7289907811408872,0.556265905987665
757,12,1.0471975511965976,0.3333333333333333,B,-28.169266710948882,0.23448012966232112,0.7240031450346214,0.7309249420429265,0.0
758,12,1.0471975511965976,0.3333333333333333,B,-28.524771270959345,-0.08921878636889982,0.7107591111972529,0.7289859396804509,0.556245375402657
759,12,1.0471975511965976,0.3333333333333333,B,-28.683488276718045,-0.17477508528767455,0.7239514217819261,0.7308960439187357,0.0
760,12,1.0471975511965976,0.3333333333333333,B,-28.762797776284604,-0.16775839897615308,0.71075229923014,0.7289810806279194,0.556238858850812
761,12,1.0471975511965976,0.3333333333333333,B,-29.17343372561306,-0.5614197532255547,0.7239320761262351,0.730885814866936,0.0
762,12,1.0471975511965976,0.3333333333333333,B,-28.959933237621023,-0.22655122843701353,0.7106960477006722,0.7289470171618223,0.5561756280591245
763,12,1.0471975511965976,0.3333333333333333,B,-29.472516111021367,-0.7701279288412228,0.7239374817195731,0.7308883645842114,0.0
764,12,1.0471975511965976,0.3333333333333333,B,-29.067058423376107,-0.24195662330310314,0.710659699431371,0.7289229750413498,0.5561496602795227
765,12,1.0471975511965976,0.3333333333333333,B,-29.491008282138267,-0.7171450316107001,0.7239095986698751,0.7308716579350384,0.0
766,12,1.0471975511965976,0.3333333333333333,B,-29.07129910408084,-0.20774052855926597,0.7106711354555617,0.7289283560101447,0.5561706890124429
767,12,1.0471975511965976,0.3333333333333333,B,-29.251502651578157,-0.42375683200126313,0.7238722795724105,0.7308489443072643,0.0
768,12,1.0471975511965976,0.3333333333333333,B,-29.00147749063784,-0.13774790288418648,0.7106618565275364,0.7289213718140055,0.5561639036843407
769,12,1.0471975511965976,0.3333333333333333,B,-28.880356839241948,-0.00778324100842076,0.7238724709405253,0.730848738772566,0.0
770,12,1.0471975511965976,0.3333333333333333,B,-28.9155538577647,-0.060011321956814495,0.7106211713714503,0.7288920343827099,0.5561441824194808
771,12,1.0471975511965976,0.3333333333333333,B,-28.557102271515227,0.36368266299685115,0.72387978393148,0.7308525549378918,0.0
772,12,1.0471975511965976,0.3333333333333333,B,-28.878162219847454,-0.005736010223794663,0.7106042506748356,0.7288818369213931,0.5561265868371533
773,12,1.0471975511965976,0.3333333333333333,B,-28.441550237369363,0.5415128671538889,0.72385311056354,0.7308358489075828,0.0
774,12,1.0471975511965976,0.3333333333333333,B,-28.934824490818855,0.0031991687047407125,0.7106205168385125,0.7288937996841266,0.5561300694199999
775,12,1.0471975511965976,0.3333333333333333,B,-28.610226784197707,0.454283428708866,0.7238270451552745,0.7308216128224695,0.0
776,12,1.0471975511965976,0.3333333333333333,B,-29.09278768019515,-0.036710528284434635,0.7106090650158449,0.7288855190240826,0.5561205266673308
777,12,1.0471975511965976,0.3333333333333333,B,-29.02572675687798,0.13701650923993858,0.7238410755269826,0.7308303836084491,0.0
778,12,1.0471975511965976,0.3333333333333333,B,-29.31878188667185,-0.1094650627610152,0.7105693091972061,0.7288623490263031,0.5560707654929904
779,12,1.0471975511965976,0.3333333333333333,B,-29.551305771482877,-0.28281550793360377,0.7238504285804899,0.7308348280401983,0.0
780,12,1.0471975511965976,0.3333333333333333,B,-29.55225852183218,-0.18585069182415304,0.7105776763888263,0.7288677376033276,0.556077997979313
781,12,1.0471975511965976,0.3333333333333333,B,-30.006112938224966,-0.6366531079215565,0.723825818613283,0.7308203293519516,0.0
782,12,1.0471975511965976,0.3333333333333333,B,-29.729595560463018,-0.2351304023337271,0.7106100041030278,0.7288860059979438,0.5561171637207651
783,12,1.0471975511965976,0.3333333333333333,B,-30.237574670671435,-0.782392291245655,0.7238228068086963,0.7308177298228522,0.0
784,12,1.0471975511965976,0.3333333333333333,B,-29.8099379853171,-0.23758978914331697,0.7105985904443681,0.7288778330115866,0.5561075673174092
785,12,1.0471975511965976,0.3333333333333333,B,-30.182936248404815,-0.6614632639575033,0.7238534155924293,0.7308344254456643,0.0
786,12,1.0471975511965976,0.3333333333333333,B,-29.790947410481333,-0.19217572305822267,0.7105876174570879,0.7288678212199977,0.5561134533311729
787,12,1.0471975511965976,0.3333333333333333,B,-29.894534721816896,-0.3224628611582921,0.7238616809522992,0.7308385228533916,0.0
788,12,1.0471975511965976,0.3333333333333333,B,-29.710434053998817,-0.11710177641943509,0.7106190822695124,0.7288873794072904,0.5561437027786373
789,12,1.0471975511965976,0.3333333333333333,B,-29.51812182971284,0.09850644332359115,0.7238474848502215,0.7308292075604914,0.0
790,12,1.0471975511965976,0.3333333333333333,B,-29.631259198209097,-0.042610769474083404,0.7106474231605178,0.7289065820539786,0.5561587816422647
791,12,1.0471975511965976,0.3333333333333333,B,-29.23503108139076,0.4323847269344088,0.7238607535220505,0.7308374254267632,0.0
792,12,1.0471975511965976,0.3333333333333333,B,-29.61511679360477,0.001470164869148749,0.7106385431867852,0.7289000357885345,0.5561523568696265
793,12,1.0471975511965976,0.3333333333333333,B,-29.18939969514544,0.5450556043227262,0.7238958145766552,0.7308581464114057,0.0
794,12,1.0471975511965976,0.3333333333333333,B,-29.69863611822789,-0.0025742296036255496,0.7106367040952105,0.7289013519942537,0.5561360343311473
795,12,1.0471975511965976,0.3333333333333333,B,-29.429592979924713,0.3913056008625329,0.7239028164090856,0.7308614079599245,0.0
796,12,1.0471975511965976,0.3333333333333333,B,-29.878670701714555,-0.05316450986935936,0.7106815441663543,0.7289308310290393,0.5561697065936148
797,12,1.0471975511965976,0.3333333333333333,B,-29.889307443950592,0.03283026596587196,0.723896609034621,0.730858105059352,0.0
798,12,1.0471975511965976,0.3333333333333333,B,-30.112989162800694,-0.12991097412358765,0.7107146381866526,0.7289497481680373,0.5562082586084127
799,12,1.0471975511965976,0.3333333333333333,B,-30.414153124990847,-0.38641408882372213,0.723928954591437,0.7308762437060574,0.0
800,12,1.0471975511965976,0.3333333333333333,B,-30.337712014313688,-0.20204265982819142,0.7107088328985041,0.7289458861201656,0.5562020158649419
801,12,1.0471975511965976,0.3333333333333333,B,-30.82353567516544,-0.6980004478511601,0.7239695485803588,0.7308984204431033,0.0
802,12,1.0471975511965976,0.3333333333333333,B,-30.492647257281845,-0.2405545007249999,0.7107366375474491,0.7289612764585084,0.5562399515238101
803,12,1.0471975511965976,0.3333333333333333,B,-30.98330662359054,-0.7768149891710568,0.7239736726102126,0.730900409235348,0.0
804,12,1.0471975511965976,0.3333333333333333,B,-30.54579197355122,-0.22994349462905958,0.7107944091336901,0.7289966552104173,0.5562981571024973
805,12,1.0471975511965976,0.3333333333333333,B,-30.859252827390257,-0.591156867205822,0.7239818656157108,0.7309044083627644,0.0
806,12,1.0471975511965976,0.3333333333333333,B,-30.50624393080352,-0.17455488146253142,0.7108146019245468,0.7290105368442005,0.5563077248316048
807,12,1.0471975511965976,0.3333333333333333,B,-30.53141671026368,-0.21555110539132938,0.7240235423772006,0.7309286907688161,0.0
808,12,1.0471975511965976,0.3333333333333333,B,-30.41975130157771,-0.09654892313990168,0.7108154066854241,0.7290106014424832,0.5563105080755968
809,12,1.0471975511965976,0.3333333333333333,B,-30.161906362120867,0.1991240348257417,0.7240555546832944,0.7309477340805617,0.0
810,12,1.0471975511965976,0.3333333333333333,B,-30.351261132726062,-0.027258693327498862,0.7108488106142716,0.7290343705296396,0.556326709007413
811,12,1.0471975511965976,0.3333333333333333,B,-29.92908739042774,0.4863494948250673,0.7240571194523656,0.730948457767476,0.0
812,12,1.0471975511965976,0.3333333333333333,B,-30.35878841907004,0.005413520139198991,0.7108991655994112,0.729068117036407,0.5563606961142383
813,12,1.0471975511965976,0.3333333333333333,B,-29.956662021434703,0.5307157692983595,0.7240727496829259,0.7309582712724763,0.0
814,12,1.0471975511965976,0.3333333333333333,B,-30.469279923332,-0.011572766715062577,0.7109149385658519,0.729076708768199,0.5563819013434472
815,12,1.0471975511965976,0.3333333333333333,B,-30.263961003228133,0.3143638051714099,0.7241192660002685,0.7309849196961168,0.0
816,12,1.0471975511965976,0.3333333333333333,B,-30.66854219834513,-0.07143351720881652,0.71091962120618,0.7290804344694426,0.5563830863738337
817,12,1.0471975511965976,0.3333333333333333,B,-30.757705732335495,-0.07578148472536239,0.7241454364290484,0.7309989551278139,0.0
818,12,1.0471975511965976,0.3333333333333333,B,-30.906807566724865,-0.15013366746140464,0.7109705202919502,0.7291112429153819,0.5564383075039812
819,12,1.0471975511965976,0.3333333333333333,B,-31.269788960905842,-0.4830637985432168,0.7241444998560211,0.7309985895611723,0.0
820,12,1.0471975511965976,0.3333333333333333,B,-31.118575422192897,-0.21601670355255548,0.7110189281958591,0.7291399826193073,0.5564922866861225
821,12,1.0471975511965976,0.3333333333333333,B,-31.624632042413353,-0.7438669815178958,0.7241709258007721,0.7310134124431504,0.0
822,12,1.0471975511965976,0.3333333333333333,B,-31.249118855735198,-0.24268976893360555,0.7110186933414441,0.729140954177813,0.5564859731159684
823,12,1.0471975511965976,0.3333333333333333,B,-31.70996265784862,-0.75337896991905,0.7242135083256159,0.7310378684516191,0.0
824,12,1.0471975511965976,0.3333333333333333,B,-31.275957649783003,-0.21937590712167732,0.7110308016742236,0.7291485978384806,0.5564994052695296
825,12,1.0471975511965976,0.3333333333333333,B,-31.521863003644434,-0.5077966049255132,0.7242224589342032,0.7310439243048257,0.0
826,12,1.0471975511965976,0.3333333333333333,B,-31.218593623332573,-0.15543524107546847,0.7110752180492229,0.729178898979087,0.5565283463684769
827,12,1.0471975511965976,0.3333333333333333,B,-31.16582346979416,-0.10572365872038247,0.7242197877089899,0.731042849089377,0.0
828,12,1.0471975511965976,0.3333333333333333,B,-31.130569582090235,-0.07663101498010616,0.7110981004496693,0.7291957765343189,0.5565350810565172
829,12,1.0471975511965976,0.3333333333333333,B,-30.815110523772006,0.2913236484895749,0.7242466826773728,0.7310593509943586,0.0
830,12,1.0471975511965976,0.3333333333333333,B,-31.077136846072236,-0.014528406401238175,0.7110909602361952,0.7291907246710458,0.5565335484850249
831,12,1.0471975511965976,0.3333333333333333,B,-30.641066161089753,0.5238188228782832,0.7242781067667775,0.7310776293894249,0.0
832,12,1.0471975511965976,0.3333333333333333,B,-31.109986123288923,0.005897000735858027,0.7111039921871827,0.7292003854033593,0.5565405847594563
833,12,1.0471975511965976,0.3333333333333333,B,-30.74365792155421,0.49839023734485943,0.724276527532522,0.7310761444140289,0.0
834,12,1.0471975511965976,0.3333333333333333,B,-31.246351791693435,-0.023603656898368353,0.7111477583539062,0.7292272141050578,0.5565860084531007
835,12,1.0471975511965976,0.3333333333333333,B,-31.111890161331196,0.22519731842492519,0.7242731247273814,0.73107480240808,0.0
836,12,1.0471975511965976,0.3333333333333333,B,-31.46156178722608,-0.09111880361336844,0.7111601081580964,0.7292326335791917,0.5566111007910696
837,12,1.0471975511965976,0.3333333333333333,B,-31.628133739198102,-0.18602066258449168,0.7243019653573649,0.7310910617013024,0.0
838,12,1.0471975511965976,0.3333333333333333,B,-31.69943427173297,-0.16958712235290263,0.7111414766617986,0.7292219449355908,0.5565909294915686
839,12,1.0471975511965976,0.3333333333333333,B,-32.115251848768494,-0.5700353038336227,0.7243191961903268,0.7311005911994264,0.0
840,12,1.0471975511965976,0.3333333333333333,B,-31.89455226374067,-0.22746329243086902,0.7111589496881133,0.7292329995426763,0.5566099381295778
841,12,1.0471975511965976,0.3333333333333333,B,-32.40785656266095,-0.7726252922615272,0.7243009735027794,0.731091303196907,0.0
842,12,1.0471975511965976,0.3333333333333333,B,-31.998835188078147,-0.24148499599496134,0.7111845267911813,0.7292503937587064,0.5566266091533615
843,12,1.0471975511965976,0.3333333333333333,B,-32.41844014515575,-0.7123815491816824,0.7242974613081928,0.7310900549895707,0.0
844,12,1.0471975511965976,0.3333333333333333,B,-32.000814625537316,-0.20609617880189401,0.7111654629620171,0.7292409978314738,0.5565948809681931
845,12,1.0471975511965976,0.3333333333333333,B,-32.17306261576273,-0.41349611245002577,0.7243177347742139,0.7311025322910467,0.0
846,12,1.0471975511965976,0.3333333333333333,B,-31.92960759828833,-0.13543288434629136,0.7111438516152515,0.7292275278631961,0.5565779689016795
847,12,1.0471975511965976,0.3333333333333333,B,-31.80072480927956,0.003925536923348627,0.7243152026734052,0.7311015591876727,0.0
848,12,1.0471975511965976,0.3333333333333333,B,-31.844119198622085,-0.05790425375990721,0.7111566228377265,0.7292370966657287,0.5565839619099817
849,12,1.0471975511965976,0.3333333333333333,B,-31.480983415322083,0.372224965909397,0.7242905400790254,0.7310872623946965,0.0
850,12,1.0471975511965976,0.3333333333333333,B,-31.809169189260984,-0.004715673794853242,0.7111675896161329,0.7292434890657402,0.5565967740972353
851,12,1.0471975511965976,0.3333333333333333,B,-31.372537609099574,0.5434216327538225,0.7242878650250639,0.7310863838456712,0.0
852,12,1.0471975511965976,0.3333333333333333,B,-31.86877818186716,0.002847133214816361,0.7111415984831765,0.7292244263610408,0.556589474862726
853,12,1.0471975511965976,0.3333333333333333,B,-31.549334548903765,0.4487413845385375,0.7243015745340148,0.7310937391662864,0.0
854,12,1.0471975511965976,0.3333333333333333,B,-32.02926492028953,-0.03830238776699951,0.7111177037625822,0.7292101408197323,0.5565670674106812
855,12,1.0471975511965976,0.3333333333333333,B,-31.970481912274316,0.1262643135042173,0.7242845571940776,0.7310832965960694,0.0
856,12,1.0471975511965976,0.3333333333333333,B,-32.256465375610205,-0.11164429237070045,0.7111302446294092,0.7292176255257797,0.556582671237148
857,12,1.0471975511965976,0.3333333333333333,B,-32.497044608118856,-0.2945060339357657,0.7242519915864406,0.7310658199856261,0.0
858,12,1.0471975511965976,0.3333333333333333,B,-32.48932466457515,-0.18768293890028515,0.7111204816348083,0.7292114194326282,0.5565731781097314
859,12,1.0471975511965976,0.3333333333333333,B,-32.94767399427179,-0.6445257500618125,0.7242501453391696,0.7310653611282296,0.0
860,12,1.0471975511965976,0.3333333333333333,B,-32.66463567398126,-0.23594104335305183,0.7110713170491523,0.7291830202895999,0.5565148212420065
861,12,1.0471975511965976,0.3333333333333333,B,-33.17165436070384,-0.7831783629257336,0.7242500618844393,0.731065641245754,0.0
862,12,1.0471975511965976,0.3333333333333333,B,-32.74200282098279,-0.2369792131172237,0.7110506045423802,0.7291705050550515,0.5564963365481256
863,12,1.0471975511965976,0.3333333333333333,B,-33.109370971896155,-0.6548287427598298,0.7242162644424021,0.7310469325569355,0.0
864,12,1.0471975511965976,0.3333333333333333,B,-32.72068211136954,-0.19039530745601918,0.7110533995667618,0.729173322700426,0.556493504774653
865,12,1.0471975511965976,0.3333333333333333,B,-32.815858820290394,-0.31102798941756765,0.7241865189448661,0.731029971853652,0.0
866,12,1.0471975511965976,0.3333333333333333,B,-32.63966558385344,-0.11496835939577466,0.7110262696351487,0.7291559347162764,0.5564689016192356
867,12,1.0471975511965976,0.3333333333333333,B,-32.43934282023265,0.11009676305756166,0.7241857993736315,0.7310298584856765,0.0
868,12,1.0471975511965976,0.3333333333333333,B,-32.56141345602171,-0.04090978493022801,0.7109834443441221,0.7291262930512553,0.5564464906624198
869,12,1.0471975511965976,0.3333333333333333,B,-32.16145697136594,0.4393658383816276,0.7241762368462664,0.7310235920255728,0.0
870,12,1.0471975511965976,0.3333333333333333,B,-32.54766977207336,0.0019903530886821175,0.7109690062923155,0.7291174264676689,0.556434676705344
871,12,1.0471975511965976,0.3333333333333333,B,-32.12383626188493,0.5445651363340192,0.7241379791724942,0.7310007585207386,0.0
872,12,1.0471975511965976,0.3333333333333333,B,-32.634340878683766,-0.003532487304167581,0.7109686399636866,0.7291160940862345,0.556439635362355
873,12,1.0471975511965976,0.3333333333333333,B,-32.37183296840482,0.38342280271709067,0.7241114807252247,0.730986490693011,0.0
874,12,1.0471975511965976,0.3333333333333333,B,-32.81667153015152,-0.055196965037566215,0.7109304093185944,0.7290907679007304,0.5564098755614312
875,12,1.0471975511965976,0.3333333333333333,B,-32.83609809860423,0.02069772859472163,0.7241113274622908,0.7309864995353005,0.0
876,12,1.0471975511965976,0.3333333333333333,B,-33.05170820526138,-0.1323061311201802,0.7108804647342943,0.7290617002341162,0.5563519237613355
877,12,1.0471975511965976,0.3333333333333333,B,-33.360331282510394,-0.39787494069385637,0.7240901817341003,0.7309741700767796,0.0
878,12,1.0471975511965976,0.3333333333333333,B,-33.275211393348314,-0.2038607411243457,0.7108727201044363,0.7290574062608596,0.5563429900244152
879,12,1.0471975511965976,0.3333333333333333,B,-33.76423365307628,-0.7042211902031577,0.7240466721319879,0.7309500589444409,0.0
880,12,1.0471975511965976,0.3333333333333333,B,-33.42767346929993,-0.24111227866398066,0.7108614916915996,0.7290507332108109,0.5563283644769564
881,12,1.0471975511965976,0.3333333333333333,B,-33.915673461982564,-0.775287078611534,0.7240309030952203,0.7309411251168051,0.0
882,12,1.0471975511965976,0.3333333333333333,B,-33.478184840673926,-0.2291589008403241,0.7108140409279389,0.7290210224733653,0.5562819368669537
883,12,1.0471975511965976,0.3333333333333333,B,-33.78415793450053,-0.5825476024554954,0.7240310496876615,0.7309409931512264,0.0
884,12,1.0471975511965976,0.3333333333333333,B,-33.43640766107225,-0.17272480141146815,0.710784542024967,0.7290001343248367,0.5562694138556984
885,12,1.0471975511965976,0.3333333333333333,B,-33.45284801682036,-0.2034654238166717,0.7240046632667044,0.7309250087271372,0.0
886,12,1.0471975511965976,0.3333333333333333,B,-33.34947553054093,-0.0945123178257532,0.7107867381963046,0.7290010861283365,0.5562741652408536
887,12,1.0471975511965976,0.3333333333333333,B,-33.08479616006067,0.20972876802367724,0.7239708356844058,0.73090463617068,0.0
888,12,1.0471975511965976,0.3333333333333333,B,-33.28267611618524,-0.02597986839219646,0.7107735096699941,0.7289911713128137,0.556267906826732
889,12,1.0471975511965976,0.3333333333333333,B,-32.85812989243844,0.49106331949837717,0.7239653256242555,0.7309018955690567,0.0
890,12,1.0471975511965976,0.3333333333333333,B,-33.2927749067857,0.005428916171516418,0.7107320933121166,0.7289631221683714,0.5562393229850975
891,12,1.0471975511965976,0.3333333333333333,B,-32.89419320640197,0.5275631122859976,0.7239652367266859,0.7309014252294459,0.0
892,12,1.0471975511965976,0.3333333333333333,B,-33.406024238760345,-0.012951330104240655,0.7107092437165474,0.7289508114759686,0.5562073639824429
893,12,1.0471975511965976,0.3333333333333333,B,-33.20854183450642,0.3046192124552245,0.7239359203405307,0.7308841054871004,0.0
894,12,1.0471975511965976,0.3333333333333333,B,-33.607213270963136,-0.07373616139624217,0.710716560200828,0.7289558765221658,0.5562103925937489
895,12,1.0471975511965976,0.3333333333333333,B,-33.705155973776016,-0.08825803522481906,0.7239089348736074,0.7308695758838488,0.0
896,12,1.0471975511965976,0.3333333333333333,B,-33.8456558210699,-0.1524728473967275,0.710696398792515,0.7289431236337789,0.5561887741261745
897,12,1.0471975511965976,0.3333333333333333,B,-34.21476795112655,-0.49325285877487723,0.723915581483115,0.7308733729965872,0.0
898,12,1.0471975511965976,0.3333333333333333,B,-34.05584191069478,-0.21758907770865346,0.7106577513977343,0.7289197540589699,0.5561463533486675
899,12,1.0471975511965976,0.3333333333333333,B,-34.56294421084841,-0.7476997146996791,0.7239149110870955,0.7308724242402743,0.0
900,12,1.0471975511965976,0.3333333333333333,B,-34.183408914861865,-0.2428735452235098,0.7106610754397547,0.7289201302606604,0.5561596769538871
901,12,1.0471975511965976,0.3333333333333333,B,-34.640092796355496,-0.7494553390039591,0.7238886266252557,0.7308567526531907,0.0
902,12,1.0471975511965976,0.3333333333333333,B,-34.20744499477064,-0.21818831523628657,0.7106763299185664,0.7289287704688632,0.5561772837065796
903,12,1.0471975511965976,0.3333333333333333,B,-34.445250191175745,-0.4977887503501383,0.723880961211142,0.7308514045008077,0.0
904,12,1.0471975511965976,0.3333333333333333,B,-34.14858862298314,-0.15349217535935838,0.7106589120313672,0.7289162636656182,0.5561665657925896
905,12,1.0471975511965976,0.3333333333333333,B,-34.087009342852504,-0.09378274084114085,0.7238974106725172,0.7308607154294673,0.0
906,12,1.0471975511965976,0.3333333333333333,B,-34.06038420269106,-0.07468268192401414,0.7106415892734281,0.7289031939127861,0.5561620043639273
907,12,1.0471975511965976,0.3333333333333333,B,-33.73952946932367,0.3003010488412264,0.7238962370999029,0.7308593952665562,0.0
908,12,1.0471975511965976,0.3333333333333333,B,-34.008626740177846,-0.013460997770068844,0.710655554961955,0.7289136092658046,0.556165473101932
909,12,1.0471975511965976,0.3333333333333333,B,-33.572330066058505,0.5262306743667631,0.7238770964944625,0.7308478887024965,0.0
910,12,1.0471975511965976,0.3333333333333333,B,-34.04441578279537,0.005567383492316891,0.7106704764483313,0.7289233775590251,0.5561744255426443
911,12,1.0471975511965976,0.3333333333333333,B,-33.68285094682419,0.49323848621307226,0.7238812308918245,0.7308512104791752,0.0
912,12,1.0471975511965976,0.3333333333333333,B,-34.18335453581291,-0.025175170514194906,0.7106530501822624,0.728912293739294,0.5561562226628965
913,12,1.0471975511965976,0.3333333333333333,B,-34.056971785077124,0.2145898680267983,0.723904078701325,0.7308642289968802,0.0
914,12,1.0471975511965976,0.3333333333333333,B,-34.39991401103465,-0.09339267640242996,0.7106452754738223,0.72890928679386,0.5561378769579745
915,12,1.0471975511965976,0.3333333333333333,B,-34.57455657422892,-0.19778809382603757,0.7239023322167694,0.7308626831223074,0.0
916,12,1.0471975511965976,0.3333333333333333,B,-34.637300597923016,-0.17165406485717838,0.7106789131340797,0.7289294464310125,0.5561741220045769
917,12,1.0471975511965976,0.3333333333333333,B,-35.05794087707497,-0.5783222484281959,0.723892764675876,0.7308570955853866,0.0
918,12,1.0471975511965976,0.3333333333333333,B,-34.83038960998983,-0.2285173971717165,0.7106966994684268,0.7289394762519569,0.5561946124810955
919,12,1.0471975511965976,0.3333333333333333,B,-35.343099453843635,-0.774147171225493,0.7239157436165186,0.7308694097175035,0.0
920,12,1.0471975511965976,0.3333333333333333,B,-34.93185380429792,-0.241185753922383,0.7106870972120076,0.7289324910737252,0.5561891434860896
921,12,1.0471975511965976,0.3333333333333333,B,-35.3458066805342,-0.7066009639740285,0.7239420123554577,0.7308839989176251,0.0
922,12,1.0471975511965976,0.3333333333333333,B,-34.930917674562025,-0.20449442676287088,0.7107059023867157,0.7289423036364036,0.5562179938917782
923,12,1.0471975511965976,0.3333333333333333,B,-35.09518321963838,-0.4028200397000806,0.7239404940329264,0.7308826424063003,0.0
924,12,1.0471975511965976,0.3333333333333333,B,-34.85835140243685,-0.13321965555346987,0.7107438122831348,0.7289671890851966,0.5562462116655452
925,12,1.0471975511965976,0.3333333333333333,B,-34.721846757403284,0.015236660728748352,0.7239436767839745,0.7308840741455553,0.0
926,12,1.0471975511965976,0.3333333333333333,B,-34.77357819727466,-0.05601331160815548,0.7107555094947393,0.7289750206025255,0.5562519992355394
927,12,1.0471975511965976,0.3333333333333333,B,-34.406094948616676,0.3796487626203244,0.7239736052159136,0.7309020829038965,0.0
928,12,1.0471975511965976,0.3333333333333333,B,-34.740552944520914,-0.0038059119024299037,0.7107517871252016,0.7289728082104892,0.5562470040715317
929,12,1.0471975511965976,0.3333333333333333,B,-34.305031070564866,0.5440550265951475,0.7239970850954428,0.7309155919979458,0.0
930,12,1.0471975511965976,0.3333333333333333,B,-34.80289464144063,0.002376581867611721,0.7107765193813612,0.7289909767276606,0.5562553283635981
931,12,1.0471975511965976,0.3333333333333333,B,-34.48927420479222,0.4424316781312399,0.7239958958711288,0.7309147150759071,0.0
932,12,1.0471975511965976,0.3333333333333333,B,-34.96583690934743,-0.039941318849634116,0.7108189764026277,0.7290173782210807,0.5562953519500045
933,12,1.0471975511965976,0.3333333333333333,B,-34.915095803027064,0.11553581855165929,0.7240087848005087,0.7309225287079133,0.0
934,12,1.0471975511965976,0.3333333333333333,B,-35.19402009250422,-0.1137274864085942,0.7108292309259305,0.7290228391432715,0.5563091561184427
935,12,1.0471975511965976,0.3333333333333333,B,-35.441701011927435,-0.30532114687488066,0.7240476825064512,0.7309441153981748,0.0
936,12,1.0471975511965976,0.3333333333333333,B,-35.42602815364073,-0.1893928153192157,0.7108348324151247,0.729026308399614,0.5563148885746856
937,12,1.0471975511965976,0.3333333333333333,B,-35.88780538991999,-0.6510922428464395,0.7240672097734007,0.7309547828458279,0.0
938,12,1.0471975511965976,0.3333333333333333,B,-35.59878386610417,-0.23649260410035947,0.7108793115138466,0.7290524659867003,0.5563668870593069
939,12,1.0471975511965976,0.3333333333333333,B,-36.1044076860722,-0.7829175910522059,0.7240674011031272,0.730954816445016,0.0
940,12,1.0471975511965976,0.3333333333333333,B,-35.673247262392806,-0.23613101993388536,0.7109153514703394,0.7290754703070702,0.5563974529809389
941,12,1.0471975511965976,0.3333333333333333,B,-36.03454550923536,-0.6477911685063116,0.7240911392938668,0.730968135167796,0.0
942,12,1.0471975511965976,0.3333333333333333,B,-35.649735719921104,-0.18848207185645216,0.7109168324975224,0.7290771147470178,0.5563943097292776
943,12,1.0471975511965976,0.3333333333333333,B,-35.736645958985406,-0.2999777155828188,0.7241260610977045,0.7309888197556429,0.0
944,12,1.0471975511965976,0.3333333333333333,B,-35.56762904707825,-0.11260610143197233,0.7109297569138774,0.7290856080092649,0.5564053737504118
945,12,1.0471975511965976,0.3333333333333333,B,-35.36060105236581,0.12081966593683474,0.7241356977860669,0.7309947152130659,0.0
946,12,1.0471975511965976,0.3333333333333333,B,-35.49033590044821,-0.039037845984882025,0.7109680363276053,0.729112516260677,0.5564252073779747
947,12,1.0471975511965976,0.3333333333333333,B,-35.08743962976092,0.44560243081396955,0.7241370976961814,0.7309957631153985,0.0
948,12,1.0471975511965976,0.3333333333333333,B,-35.47918766720024,0.0026657835759521242,0.7109933223479581,0.7291287327103821,0.5564463101239987
949,12,1.0471975511965976,0.3333333333333333,B,-35.05723937497817,0.5438650490025922,0.72416371311326,0.7310117808555574,0.0
950,12,1.0471975511965976,0.3333333333333333,B,-35.568646048715976,-0.004190268509898759,0.7109923323339871,0.7291275265678216,0.5564495956886721
951,12,1.0471975511965976,0.3333333333333333,B,-35.312429528019415,0.37613547397524105,0.724194613469162,0.7310289847160821,0.0
952,12,1.0471975511965976,0.3333333333333333,B,-35.753094591443734,-0.056910959093623065,0.7110105842682628,0.7291397268505285,0.5564641880508638
953,12,1.0471975511965976,0.3333333333333333,B,-35.7806434685094,0.009784096028885803,0.7241968646778228,0.7310299254833346,0.0
954,12,1.0471975511965976,0.3333333333333333,B,-35.98867451016878,-0.1342922768106595,0.7110547930025676,0.729165767926325,0.5565155784689563
955,12,1.0471975511965976,0.3333333333333333,B,-36.30403842735133,-0.4080761720888803,0.7242000812972814,0.7310320775517661,0.0
956,12,1.0471975511965976,0.3333333333333333,B,-36.211001096770744,-0.20525141721548595,0.7110669844732873,0.7291730534833345,0.5565290487248656
957,12,1.0471975511965976,0.3333333333333333,B,-36.702541737018635,-0.7095561774953381,0.7242298274382885,0.731048770202434,0.0
958,12,1.0471975511965976,0.3333333333333333,B,-36.360992848434876,-0.2413234574292954,0.7110587031606387,0.7291687812977141,0.5565177452981913
959,12,1.0471975511965976,0.3333333333333333,B,-36.84641101467257,-0.7735450962502657,0.7242472113890142,0.7310591730039258,0.0
960,12,1.0471975511965976,0.3333333333333333,B,-36.40844743881975,-0.22795622592203169,0.7110807894902649,0.7291829444714009,0.5565386326368063
961,12,1.0471975511965976,0.3333333333333333,B,-36.70805455030735,-0.5743498511676631,0.7242383158866155,0.7310548164012783,0.0
962,12,1.0471975511965976,0.3333333333333333,B,-36.36474292826965,-0.17056916233800845,0.7111057885959722,0.729201137176108,0.5565479529888748
963,12,1.0471975511965976,0.3333333333333333,B,-36.373070589429915,-0.1919500839655076,0.7242425832717744,0.7310577597218697,0.0
964,12,1.0471975511965976,0.3333333333333333,B,-36.27768240989703,-0.09222816951082591,0.7110996459595726,0.7291981120989758,0.5565380423445272
965,12,1.0471975511965976,0.3333333333333333,B,-36.0064281755987,0.22001864513292174,0.7242653684911813,0.7310716276482291,0.0
966,12,1.0471975511965976,0.3333333333333333,B,-36.2121938380416,-0.024335074284388025,0.7110910253654839,0.7291925120907882,0.5565336751781275
967,12,1.0471975511965976,0.3333333333333333,B,-35.78568238722076,0.49606552950975136,0.7242703387235153,0.7310742236475051,0.0
968,12,1.0471975511965976,0.3333333333333333,B,-36.22499489442933,0.005771600712041025,0.7111105054784177,0.729205851120833,0.5565473818254393
969,12,1.0471975511965976,0.3333333333333333,B,-35.82956347930798,0.5253097222973179,0.724256464523274,0.7310661532991729,0.0
970,12,1.0471975511965976,0.3333333333333333,B,-36.341215123546505,-0.0139903805710819,0.7111294465558964,0.72921594351486,0.5565752815973853
971,12,1.0471975511965976,0.3333333333333333,B,-36.150754454644144,0.29596153503781336,0.7242615643323235,0.7310695139709956,0.0
972,12,1.0471975511965976,0.3333333333333333,B,-36.54428503199061,-0.07565613225996606,0.7111127439025234,0.7292044377435452,0.5565666818605467
973,12,1.0471975511965976,0.3333333333333333,B,-36.650481342882536,-0.09981994665866506,0.7242792227357213,0.7310790423784602,0.0
974,12,1.0471975511965976,0.3333333333333333,B,-36.78291329533127,-0.15450581719819836,0.7111009617595762,0.7291979849097321,0.5565530804236382
975,12,1.0471975511965976,0.3333333333333333,B,-37.158245270908665,-0.5030439679394978,0.7242688529294325,0.7310733035846936,0.0
976,12,1.0471975511965976,0.3333333333333333,B,-36.9914099001182,-0.21882412740089605,0.7111187051824792,0.7292088991487123,0.5565721667968402
977,12,1.0471975511965976,0.3333333333333333,B,-37.50029121828658,-0.7517651359953763,0.7242483401826986,0.731062511490119,0.0
978,12,1.0471975511965976,0.3333333333333333,B,-37.116388275411595,-0.2428066464911548,0.7111129504121004,0.7292069818473477,0.5565569113917572
979,12,1.0471975511965976,0.3333333333333333,B,-37.569340871152406,-0.7460417301681856,0.7242531207675869,0.7310656623788853,0.0
980,12,1.0471975511965976,0.3333333333333333,B,-37.13786539860949,-0.21684280929689337,0.7110807399789738,0.7291879994261897,0.5565213508539357
981,12,1.0471975511965976,0.3333333333333333,B,-37.36806350719155,-0.488198592555821,0.7242569286744367,0.7310684690160479,0.0
982,12,1.0471975511965976,0.3333333333333333,B,-37.07722726163887,-0.1512993842603283,0.7110717346338602,0.7291823632944862,0.5565156489901756
983,12,1.0471975511965976,0.3333333333333333,B,-37.00754499581958,-0.0818322372322931,0.724234703309442,0.7310557637107218,0.0
984,12,1.0471975511965976,0.3333333333333333,B,-36.9892896164517,-0.0725710010367703,0.7110792392919898,0.7291881032675976,0.556517359655711
985,12,1.0471975511965976,0.3333333333333333,B,-36.662649891506064,0.3098345856288477,0.7242154795309871,0.7310447363805018,0.0
986,12,1.0471975511965976,0.3333333333333333,B,-36.939616137544746,-0.012278119592936843,0.711064184165265,0.7291768470559435,0.5565131721246331
987,12,1.0471975511965976,0.3333333333333333,B,-36.50230007518804,0.5294399519005997,0.724219105765012,0.7310470782329294,0.0
988,12,1.0471975511965976,0.3333333333333333,B,-36.97818658622359,0.005408729221668351,0.7110321496247652,0.729155262598817,0.5564935556503545
989,12,1.0471975511965976,0.3333333333333333,B,-36.62114900529003,0.4887986497594606,0.72421444358059,0.7310435471091902,0.0
990,12,1.0471975511965976,0.3333333333333333,B,-37.11987385255678,-0.02667643335326561,0.7110239907290301,0.729150825183545,0.5564841958169445
991,12,1.0471975511965976,0.3333333333333333,B,-37.00157854760938,0.2042561690422931,0.7241840690558912,0.7310261187390578,0.0
992,12,1.0471975511965976,0.3333333333333333,B,-37.33798239444637,-0.09561620638027307,0.7110264596122693,0.729151370874114,0.5564918124235856
993,12,1.0471975511965976,0.3333333333333333,B,-37.52103005773091,-0.2099124232478204,0.7241650281787342,0.7310161211859716,0.0
994,12,1.0471975511965976,0.3333333333333333,B,-37.575128488564715,-0.1737213152929833,0.7109926182841559,0.729130925207478,0.5564551564065914
995,12,1.0471975511965976,0.3333333333333333,B,-38.0010363524913,-0.58730401301884,0.7241666993714159,0.7310171263470078,0.0
996,12,1.0471975511965976,0.3333333333333333,B,-37.76629172792514,-0.22965172133526465,0.710954649765429,0.7291086540848414,0.5564126096989648
997,12,1.0471975511965976,0.3333333333333333,B,-38.27910854012401,-0.7763466291902537,0.7241484334294637,0.7310070264331857,0.0
998,12,1.0471975511965976,0.3333333333333333,B,-37.864787513236564,-0.24088979355434725,0.7109509317130984,0.7291062987424709,0.5564106791347652
999,12,1.0471975511965976,0.3333333333333333,B,-38.27376064039427,-0.7011454248113264,0.7241142552286364,0.7309877429133346,0.0
1000,12,1.0471975511965976,0.3333333333333333,B,-37.86146817223919,-0.20297551489067756,0.7109401224288144,0.7291002406856673,0.5563953182790377
1001,12,1.0471975511965976,0.3333333333333333,B,-38.01724453797501,-0.3918987518900982,0.7241024089136486,0.7309808624908303,0.0
1002,12,1.0471975511965976,0.3333333333333333,B,-37.78785547516035,-0.13114032390282876,0.7109033041810225,0.7290756319588657,0.5563689157463554
1003,12,1.0471975511965976,0.3333333333333333,B,-37.64300688535189,0.027139580226518578,0.7241012809209707,0.7309801486421144,0.0
1004,12,1.0471975511965976,0.3333333333333333,B,-37.70353521305343,-0.05418183608746241,0.710878220120267,0.7290581916187406,0.5563568190588827
1005,12,1.0471975511965976,0.3333333333333333,B,-37.33156792903945,0.3876610897027974,0.7240782570378672,0.7309659656228672,0.0
1006,12,1.0471975511965976,0.3333333333333333,B,-37.67280978141156,-0.0030798161901331167,0.7108771437798896,0.7290577455819139,0.5563548443595473
1007,12,1.0471975511965976,0.3333333333333333,B,-37.23808285333051,0.5448817436424735,0.7240478135788762,0.7309482813948665,0.0
1008,12,1.0471975511965976,0.3333333333333333,B,-37.738216562657655,0.0016633025704629878,0.7108632138531515,0.7290473191579125,0.5563495259322482
1009,12,1.0471975511965976,0.3333333333333333,B,-37.430420799529124,0.43564016917930865,0.7240409365982969,0.7309449574097706,0.0
1010,12,1.0471975511965976,0.3333333333333333,B,-37.90358034535723,-0.04183130227890752,0.7108219063341292,0.7290214805049732,0.5563099305625107
1011,12,1.0471975511965976,0.3333333333333333,B,-37.861516658342296,0.1038630914459685,0.724037375260349,0.7309425425030965,0.0
1012,12,1.0471975511965976,0.3333333333333333,B,-38.13278279057789,-0.11613836273352113,0.7108000242176093,0.7290095167892124,0.5562805299902238
1013,12,1.0471975511965976,0.3333333333333333,B,-38.38840118552536,-0.3171855549632885,0.7240079166998362,0.7309258503894365,0.0
1014,12,1.0471975511965976,0.3333333333333333,B,-38.363920047160185,-0.1913681668351326,0.7108025605032425,0.7290109136483115,0.5562833918262298
1015,12,1.0471975511965976,0.3333333333333333,B,-38.82966449448733,-0.6584213175969523,0.7239832298693318,0.7309122176038313,0.0
1016,12,1.0471975511965976,0.3333333333333333,B,-38.53444629306429,-0.23733178747386335,0.7107784817028807,0.7289963180425069,0.5562557943613884
1017,12,1.0471975511965976,0.3333333333333333,B,-39.03823094639513,-0.78276608534729,0.7239854662717441,0.7309132133589055,0.0
1018,12,1.0471975511965976,0.3333333333333333,B,-38.60603812238814,-0.23557728067067207,0.7107446063860021,0.7289742679710751,0.5562282273546841
1019,12,1.0471975511965976,0.3333333333333333,B,-38.9606868593122,-0.6403119201765364,0.7239790948615857,0.7309092418188304,0.0
1020,12,1.0471975511965976,0.3333333333333333,B,-38.5800088100803,-0.1867543332238445,0.7107429980645242,0.7289715535889051,0.5562371033509286
1021,12,1.0471975511965976,0.3333333333333333,B,-38.658335300434636,-0.28829102882497204,0.7239531409643204,0.7308934859922768,0.0
1022,12,1.0471975511965976,0.3333333333333333,B,-38.497246343233115,-0.11053681560136439,0.7107475044406386,0.7289741637081357,0.556241065694049
1023,12,1.0471975511965976,0.3333333333333333,B,-38.282691603500126,0.13193092671485318,0.7239417491716652,0.7308865130299577,0.0
1024,12,1.0471975511965976,0.3333333333333333,B,-38.42113077040699,-0.03751789190348906,0.7107268855288478,0.7289592822096755,0.5562305171928152
1025,12,1.0471975511965976,0.3333333333333333,B,-38.0150080065616,0.45155807297693784,0.7239491999594241,0.7308910093834039,0.0
1026,12,1.0471975511965976,0.3333333333333333,B,-38.412272446557324,0.0030179535610458663,0.710703320127022,0.728944161386321,0.5562100952601554
1027,12,1.0471975511965976,0.3333333333333333,B,-37.99295221891455,0.5422508156295393,0.7239418591002531,0.7308861836902041,0.0
1028,12,1.0471975511965976,0.3333333333333333,B,-38.50461819437105,-0.005268361661041887,0.7107076303421715,0.7289486839331065,0.5562037142327522
1029,12,1.0471975511965976,0.3333333333333333,B,-38.25547214756868,0.36759643080870386,0.7239191231634956,0.7308732969829107,0.0
1030,12,1.0471975511965976,0.3333333333333333,B,-38.69123527753122,-0.05901015265967588,0.7107132342882853,0.7289518841532047,0.5562087057969685
1031,12,1.0471975511965976,0.3333333333333333,B,-38.72740586878646,-0.002281142834433869,0.7239180478720069,0.7308733210706475,0.0
1032,12,1.0471975511965976,0.3333333333333333,B,-38.92732390192775,-0.1366208517743525,0.7106895497056366,0.7289376104147656,0.556181232479565
1033,12,1.0471975511965976,0.3333333333333333,B,-39.24938829908698,-0.41879320807691356,0.7239316851412185,0.7308807059487265,0.0
1034,12,1.0471975511965976,0.3333333333333333,B,-39.14827703325952,-0.20695099924894766,0.7106798943297851,0.7289317431224631,0.5561709514217648
1035,12,1.0471975511965976,0.3333333333333333,B,-39.642014666668864,-0.7146744751184708,0.7239233560051649,0.7308756084065697,0.0
1036,12,1.0471975511965976,0.3333333333333333,B,-39.29547859529519,-0.2417024483304121,0.7107027165953991,0.7289445070620743,0.5562006683268197
1037,12,1.0471975511965976,0.3333333333333333,B,-39.77774011135726,-0.7711075994137684,0.7239114340593239,0.7308682073258886,0.0
1038,12,1.0471975511965976,0.3333333333333333,B,-39.34015859767145,-0.22696399980553872,0.710708491339435,0.72894767636525,0.5562064402404548
1039,12,1.0471975511965976,0.3333333333333333,B,-39.63217805707802,-0.5653945978479389,0.7239256136220187,0.7308757131435323,0.0
1040,12,1.0471975511965976,0.3333333333333333,B,-39.294472493157706,-0.16864110568487312,0.7106956559420977,0.7289379436282719,0.5562024140673066
1041,12,1.0471975511965976,0.3333333333333333,B,-39.29415950468845,-0.18017107382750225,0.7239407961148459,0.7308843482603602,0.0
1042,12,1.0471975511965976,0.3333333333333333,B,-39.20682988501224,-0.09010957520056445,0.710703812693587,0.7289425004799909,0.5562131816622485
1043,12,1.0471975511965976,0.3333333333333333,B,-38.92955033130957,0.22986421321084283,0.7239343102958206,0.7308800528639877,0.0
1044,12,1.0471975511965976,0.3333333333333333,B,-39.142873279814154,-0.022975891771384704,0.7107276557199386,0.7289591396763253,0.5562249228034569
1045,12,1.0471975511965976,0.3333333333333333,B,-38.714862738869265,0.5000439618923923,0.7239319223861231,0.7308788521747476,0.0
1046,12,1.0471975511965976,0.3333333333333333,B,-39.158406458180025,0.005831051164526646,0.7107321119243426,0.7289616872241055,0.5562284361862406
1047,12,1.0471975511965976,0.3333333333333333,B,-38.76668428504151,0.5218272481454573,0.723953040324447,0.7308916437249385,0.0
1048,12,1.0471975511965976,0.3333333333333333,B,-39.2772626363431,-0.0152369855901901,0.7107226245363095,0.7289566283857787,0.5562136422572818
1049,12,1.0471975511965976,0.3333333333333333,B,-39.09437555853314,0.28648771218463165,0.7239687706609235,0.7309002723031212,0.0
1050,12,1.0471975511965976,0.3333333333333333,B,-39.48202378766943,-0.07776017759908718,0.7107419130358249,0.7289698923392388,0.5562250777672328
1051,12,1.0471975511965976,0.3333333333333333,B,-39.59647352847387,-0.11147358134195723,0.7239637636340494,0.7308973269417619,0.0
1052,12,1.0471975511965976,0.3333333333333333,B,-39.720607060736086,-0.15658164390099227,0.7107750629285075,0.7289893872138385,0.5562624420286701
1053,12,1.0471975511965976,0.3333333333333333,B,-40.101528546297644,-0.5122462357771144,0.723973589316359,0.7309027829958177,0.0
1054,12,1.0471975511965976,0.3333333333333333,B,-39.92742266861265,-0.2200665903978479,0.7107784461197311,0.7289911160284761,0.5562663787820474
1055,12,1.0471975511965976,0.3333333333333333,B,-40.43686684903389,-0.7548252775868128,0.7240039048051375,0.7309194323645387,0.0
1056,12,1.0471975511965976,0.3333333333333333,B,-40.04953557335547,-0.24271568212212427,0.7107832380457637,0.7289930637722014,0.5562766751146861
1057,12,1.0471975511965976,0.3333333333333333,B,-40.49809928912764,-0.7417880645402362,0.7240165697032773,0.7309265455059668,0.0
1058,12,1.0471975511965976,0.3333333333333333,B,-40.068023075006224,-0.21538438045541852,0.7108175558076134,0.7290138024763464,0.5563133401050572
1059,12,1.0471975511965976,0.3333333333333333,B,-40.29071380327272,-0.47835422967493385,0.724015843319962,0.7309258067132355,0.0
1060,12,1.0471975511965976,0.3333333333333333,B,-40.00588170270842,-0.14910960591215486,0.7108431269828476,0.7290312143056248,0.5563283635171372
1061,12,1.0471975511965976,0.3333333333333333,B,-39.92811174769108,-0.07029528384652245,0.7240346533235642,0.7309367389338224,0.0
1062,12,1.0471975511965976,0.3333333333333333,B,-39.9181446142382,-0.07047981528217287,0.7108442555318977,0.7290319288985759,0.5563285910277194
1063,12,1.0471975511965976,0.3333333333333333,B,-39.58632942976428,0.31847336113924696,0.7240628657002443,0.7309536004557049,0.0
1064,12,1.0471975511965976,0.3333333333333333,B,-39.87012113745254,-0.011044663860370618,0.7108540920615687,0.7290392801134662,0.5563315653793394
1065,12,1.0471975511965976,0.3333333333333333,B,-39.43277687499723,0.5318164235370308,0.7240712172986256,0.7309582553135416,0.0
1066,12,1.0471975511965976,0.3333333333333333,B,-39.91152018682412,0.005264223764989695,0.7108882331581129,0.7290625333712827,0.5563531028853652
1067,12,1.0471975511965976,0.3333333333333333,B,-39.55924383703524,0.48402493338430763,0.7240732520894863,0.7309596908426772,0.0
1068,12,1.0471975511965976,0.3333333333333333,B,-40.05585568504572,-0.028062995556112774,0.7109122540007503,0.7290766257325607,0.5563804192090964
1069,12,1.0471975511965976,0.3333333333333333,B,-39.94525767006583,0.19425454818222765,0.7240985213423676,0.7309743283750609,0.0
1070,12,1.0471975511965976,0.3333333333333333,B,-40.27529936800345,-0.09764428285873172,0.7109124107442455,0.7290766067397261,0.5563814151800545
1071,12,1.0471975511965976,0.3333333333333333,B,-40.46597977127058,-0.2210823233968775,0.7241262519977941,0.730989501700568,0.0
1072,12,1.0471975511965976,0.3333333333333333,B,-40.51194474549464,-0.1755538403235231,0.7109334058838528,0.7290893800447273,0.5564042186419524
1073,12,1.0471975511965976,0.3333333333333333,B,-40.9424794191398,-0.5951782429423298,0.7241291651928118,0.7309911356796324,0.0
1074,12,1.0471975511965976,0.3333333333333333,B,-40.700919402388216,-0.23045620673093825,0.7109728868263046,0.7291129904551593,0.5564477870724617
1075,12,1.0471975511965976,0.3333333333333333,B,-41.213498407893596,-0.7777697013475479,0.7241358218097249,0.7309949122432624,0.0
1076,12,1.0471975511965976,0.3333333333333333,B,-40.79666371002477,-0.24034438494843338,0.710983174092997,0.7291203889001338,0.5564517059705524
1077,12,1.0471975511965976,0.3333333333333333,B,-41.200344765364775,-0.695469383256061,0.7241635822858674,0.7310108358759541,0.0
1078,12,1.0471975511965976,0.3333333333333333,B,-40.79080337510326,-0.20122677633407335,0.7109817284358766,0.7291197906036825,0.5564494866180849
1079,12,1.0471975511965976,0.3333333333333333,B,-40.93867109652886,-0.38134441326922913,0.7241803002069364,0.7310210966127189,0.0
1080,12,1.0471975511965976,0.3333333333333333,B,-40.71581658573625,-0.1287812118067417,0.7110039306854179,0.729134880846049,0.5564648208812168
1081,12,1.0471975511965976,0.3333333333333333,B,-40.56367602289332,0.03844505469781123,0.7241773842332196,0.7310196491272704,0.0
1082,12,1.0471975511965976,0.3333333333333333,B,-40.63228187973522,-0.05217196512383365,0.7110296167541781,0.7291530640498259,0.5564770599295317
1083,12,1.0471975511965976,0.3333333333333333,B,-40.25611217278638,0.39528091391742404,0.72418573294313,0.7310249351151664,0.0
1084,12,1.0471975511965976,0.3333333333333333,B,-40.60384994190629,-0.0021313665044870034,0.711031900823165,0.7291539050883756,0.5564828694722371
1085,12,1.0471975511965976,0.3333333333333333,B,-40.169920618941745,0.5457933437478353,0.7242102886546062,0.7310393499277278,0.0
1086,12,1.0471975511965976,0.3333333333333333,B,-40.672053656222246,0.0012504130303919447,0.7110304598345568,0.7291531823880041,0.5564821518191744
1087,12,1.0471975511965976,0.3333333333333333,B,-40.369904814058685,0.42953826070397916,0.724219426064168,0.7310439874171232,0.0
1088,12,1.0471975511965976,0.3333333333333333,B,-40.83985430519124,-0.0434303602517814,0.711055496302237,0.7291689196425298,0.5565065207522472
1089,12,1.0471975511965976,0.3333333333333333,B,-40.80590709747621,0.09318977773586429,0.7242123187337688,0.7310400402848727,0.0
1090,12,1.0471975511965976,0.3333333333333333,B,-41.070033064311964,-0.1181867986599045,0.7110772134076198,0.7291809141683042,0.5565361107739932
1091,12,1.0471975511965976,0.3333333333333333,B,-41.33303472472194,-0.3281619533757143,0.7242230689795531,0.7310462963341406,0.0
1092,12,1.0471975511965976,0.3333333333333333,B,-41.3003843436408,-0.1930192132412754,0.7110663993254772,0.7291746115204853,0.5565240824114386
1093,12,1.0471975511965976,0.3333333333333333,B,-41.76976276616378,-0.6652275851135271,0.7242423574156693,0.7310571065493066,0.0
1094,12,1.0471975511965976,0.3333333333333333,B,-41.468542094956845,-0.23786994898648356,0.7110646122346052,0.7291739614147935,0.5565216289841465
1095,12,1.0471975511965976,0.3333333333333333,B,-41.97097240170422,-0.7826292626408929,0.724237234621083,0.7310548187653019,0.0
1096,12,1.0471975511965976,0.3333333333333333,B,-41.537146900895586,-0.23469128399005132,0.7110844701184639,0.7291871278178073,0.5565370620891285
1097,12,1.0471975511965976,0.3333333333333333,B,-41.8859504539764,-0.6332037940991474,0.7242263430291985,0.7310490804324259,0.0
1098,12,1.0471975511965976,0.3333333333333333,B,-41.50906336228229,-0.18481990155460176,0.7110841898523178,0.7291888818647254,0.5565257763417258
1099,12,1.0471975511965976,0.3333333333333333,B,-41.57902729162336,-0.2769591471849614,0.7242358042599341,0.7310549876183752,0.0
1100,12,1.0471975511965976,0.3333333333333333,B,-41.425645204995725,-0.10825417395907028,0.7110659984250876,0.7291773036298137,0.5565110385230428
1101,12,1.0471975511965976,0.3333333333333333,B,-41.20390258596887,0.1429726253258763,0.7242439736862415,0.7310600637265184,0.0
1102,12,1.0471975511965976,0.3333333333333333,B,-41.35053719793521,-0.0357321044457356,0.7110649682270103,0.7291769717244323,0.5565103584753569
1103,12,1.0471975511965976,0.3333333333333333,B,-40.94138853584349,0.457920057758161,0.7242308326921709,0.7310521310958105,0.0
1104,12,1.0471975511965976,0.3333333333333333,B,-41.34434089230123,0.0035563339886211243,0.711078670043599,0.729185723194569,0.5565227376582889
1105,12,1.0471975511965976,0.3333333333333333,B,-40.92708863190002,0.5413612154211964,0.7242195651252634,0.7310458592387464,0.0
1106,12,1.0471975511965976,0.3333333333333333,B,-41.43967688534556,-0.0061272072623959895,0.7110719135071462,0.7291794562694621,0.5565279804665348
1107,12,1.0471975511965976,0.3333333333333333,B,-41.197078134830264,0.35976304040386753,0.7242278950746212,0.7310506500496468,0.0
1108,12,1.0471975511965976,0.3333333333333333,B,-41.628435053712856,-0.06090401826597666,0.7110479898596942,0.7291644877471088,0.5565070079507598
1109,12,1.0471975511965976,0.3333333333333333,B,-41.67309768399017,-0.013890440625959455,0.7242271442872239,0.7310496813243326,0.0
1110,12,1.0471975511965976,0.3333333333333333,B,-41.865066946461,-0.13879496061647728,0.7110473395752889,0.7291644622133452,0.5565058761901089
1111,12,1.0471975511965976,0.3333333333333333,B,-42.19416854078413,-0.4295231975865113,0.7242040104177723,0.7310369936148586,0.0
1112,12,1.0471975511965976,0.3333333333333333,B,-42.08472054634963,-0.2084790568718694,0.7110517954664147,0.7291671907231101,0.5565103453755906
1113,12,1.0471975511965976,0.3333333333333333,B,-42.581162363055526,-0.7201853893810232,0.724192627176599,0.7310310459846237,0.0
1114,12,1.0471975511965976,0.3333333333333333,B,-42.22949918771968,-0.24201147122169664,0.7110246778776609,0.7291517902529471,0.5564758219877574
1115,12,1.0471975511965976,0.3333333333333333,B,-42.708850123847455,-0.769103808580854,0.7241966795131122,0.7310336036783931,0.0
1116,12,1.0471975511965976,0.3333333333333333,B,-42.2713534711118,-0.22590272367546863,0.7109991217036267,0.7291360172695883,0.5564521487534388
1117,12,1.0471975511965976,0.3333333333333333,B,-42.55631146331659,-0.556668981550656,0.7241831521910533,0.731026238293178,0.0
1118,12,1.0471975511965976,0.3333333333333333,B,-42.223655754417976,-0.16660406285097265,0.7109990398894496,0.7291361787269535,0.5564520895480372
1119,12,1.0471975511965976,0.3333333333333333,B,-42.21493012027816,-0.16821672042128294,0.7241578137183821,0.7310115278270579,0.0
1120,12,1.0471975511965976,0.3333333333333333,B,-42.13599510870482,-0.08799626125856247,0.7109925930461831,0.729132254750344,0.5564447725526468
1121,12,1.0471975511965976,0.3333333333333333,B,-41.85201823889962,0.24021428559151248,0.7241499121205925,0.7310070705028732,0.0
1122,12,1.0471975511965976,0.3333333333333333,B,-42.07365546630001,-0.021609080673182346,0.7109648347768842,0.7291126964066381,0.5564311151724728
1123,12,1.0471975511965976,0.3333333333333333,B,-41.64372415238831,0.5045467359200764,0.7241502227808141,0.731007060719762,0.0
1124,12,1.0471975511965976,0.3333333333333333,B,-42.09184596798069,0.005892708556064691,0.7109434986572017,0.7290989630723419,0.5564147290409428
1125,12,1.0471975511965976,0.3333333333333333,B,-41.70384139618338,0.5186414201326224,0.724130846707309,0.7309951985469296,0.0
1126,12,1.0471975511965976,0.3333333333333333,B,-42.21362231080675,-0.016578954402434787,0.7109436092514934,0.7290991149871051,0.5564147427244192
1127,12,1.0471975511965976,0.3333333333333333,B,-42.038398657875234,0.276835554508439,0.7241045254089611,0.7309805298843813,0.0
1128,12,1.0471975511965976,0.3333333333333333,B,-42.42021583931441,-0.0799555014633967,0.7109297174286656,0.7290895240990208,0.5564056668139066
1129,12,1.0471975511965976,0.3333333333333333,B,-42.54326556412267,-0.12374049418921274,0.724099211546586,0.7309779139186484,0.0
1130,12,1.0471975511965976,0.3333333333333333,B,-42.65888585493697,-0.15880755591415324,0.7108915977681103,0.7290669162836089,0.5563626771666415
1131,12,1.0471975511965976,0.3333333333333333,B,-43.04584928705733,-0.5221545652399268,0.7240944092067105,0.7309750582463175,0.0
1132,12,1.0471975511965976,0.3333333333333333,B,-42.86395129308812,-0.2214607806798923,0.7108746019746244,0.7290568836376475,0.5563443839082828
1133,12,1.0471975511965976,0.3333333333333333,B,-43.374560416635674,-0.7584119113566405,0.7240674285642309,0.7309599933403477,0.0
1134,12,1.0471975511965976,0.3333333333333333,B,-42.9832434615758,-0.24272489298578148,0.7108743918482862,0.7290567127113328,0.5563441311929259
1135,12,1.0471975511965976,0.3333333333333333,B,-43.42750616716129,-0.7376282621928333,0.7240466292685318,0.7309480573570418,0.0
1136,12,1.0471975511965976,0.3333333333333333,B,-42.99920576350363,-0.21411194074168374,0.7108512858075723,0.7290423816098204,0.5563202443487586
1137,12,1.0471975511965976,0.3333333333333333,B,-43.213644857427894,-0.46815332056995335,0.7240464522175395,0.7309477919820675,0.0
1138,12,1.0471975511965976,0.3333333333333333,B,-42.93548314513622,-0.14707494366900964,0.7108225939123588,0.7290225141252987,0.5563042017715286
1139,12,1.0471975511965976,0.3333333333333333,B,-42.8492373022159,-0.058257990204163945,0.7240379592350101,0.7309425716537522,0.0
1140,12,1.0471975511965976,0.3333333333333333,B,-42.84786479535438,-0.06853272306937849,0.7108169388328254,0.7290182973937986,0.5563034638277243
1141,12,1.0471975511965976,0.3333333333333333,B,-42.510731546971805,0.32744034346540346,0.7240131562111721,0.7309275301487865,0.0
1142,12,1.0471975511965976,0.3333333333333333,B,-42.80193764163094,-0.010083654333101155,0.7108163652347794,0.7290176796194614,0.5563033194963158
1143,12,1.0471975511965976,0.3333333333333333,B,-42.36427089794374,0.5340275074341148,0.7239996897449207,0.7309199965004041,0.0
1144,12,1.0471975511965976,0.3333333333333333,B,-42.84621563122706,0.0048465462826927375,0.7107933165306589,0.729001799883786,0.5562883690015634
1145,12,1.0471975511965976,0.3333333333333333,B,-42.49899319553987,0.4785305099577378,0.7240022935158918,0.7309216627921462,0.0
1146,12,1.0471975511965976,0.3333333333333333,B,-42.99310996032544,-0.02975125513926208,0.7107663998874629,0.7289860067419021,0.5562570935901175
1147,12,1.0471975511965976,0.3333333333333333,B,-42.890914835695426,0.18328137414168183,0.7239909276645529,0.7309147945432026,0.0
1148,12,1.0471975511965976,0.3333333333333333,B,-43.213899643797674,-0.09999785387290949,0.7107668097389462,0.7289871618193144,0.5562524638285256
1149,12,1.0471975511965976,0.3333333333333333,B,-43.412824202696356,-0.23315285787910284,0.7239669059619811,0.7309014811445238,0.0
1150,12,1.0471975511965976,0.3333333333333333,B,-43.45006098640543,-0.17764273390262825,0.7107652479831337,0.7289859163276665,0.5562510209269983
1151,12,1.0471975511965976,0.3333333333333333,B,-43.88529369778135,-0.6035163381998465,0.7239632973357406,0.7308995140437339,0.0
1152,12,1.0471975511965976,0.3333333333333333,B,-43.637003577640115,-0.2315369047433391,0.7107392202658143,0.7289700384949893,0.5562227620839352
1153,12,1.0471975511965976,0.3333333333333333,B,-44.148774055160466,-0.7790403543831032,0.7239698748233939,0.7309029046553864,0.0
1154,12,1.0471975511965976,0.3333333333333333,B,-43.729743297207456,-0.2400066407687025,0.7107290921619919,0.7289624295295654,0.5562205499666283
1155,12,1.0471975511965976,0.3333333333333333,B,-44.127730669312044,-0.6892620408863572,0.7239575340165866,0.7308954905264515,0.0
1156,12,1.0471975511965976,0.3333333333333333,B,-43.72124711573454,-0.19963632430359438,0.7107417999683184,0.7289694927477155,0.5562372531729486
1157,12,1.0471975511965976,0.3333333333333333,B,-43.86069219394112,-0.370229989772076,0.7239436898716636,0.7308868133447287,0.0
1158,12,1.0471975511965976,0.3333333333333333,B,-43.64528525732176,-0.12669086522717346,0.7107398114463601,0.7289678054143008,0.5562360816462302
1159,12,1.0471975511965976,0.3333333333333333,B,-43.48512833595446,0.04992716153812887,0.7239504127906626,0.7308905824138732,0.0
1160,12,1.0471975511965976,0.3333333333333333,B,-43.56238525713684,-0.050415859270907026,0.7107231358002116,0.7289557876021189,0.5562282160131687
1161,12,1.0471975511965976,0.3333333333333333,B,-43.18221097677937,0.40244934139093447,0.7239577518245085,0.7308947582800507,0.0
1162,12,1.0471975511965976,0.3333333333333333,B,-43.53605143811294,-0.001452026476025492,0.7107221057060951,0.7289560543150863,0.5562220808689802
1163,12,1.0471975511965976,0.3333333333333333,B,-43.103669262369145,0.5457826167062408,0.7239467903302842,0.730888060789261,0.0
1164,12,1.0471975511965976,0.3333333333333333,B,-43.60720948632178,0.0005006422299811131,0.7107370670487481,0.7289664872091474,0.5562292357107491
1165,12,1.0471975511965976,0.3333333333333333,B,-43.311238168204284,0.4223449124363011,0.7239399053461358,0.730884635553004,0.0
1166,12,1.0471975511965976,0.3333333333333333,B,-43.77736123608527,-0.0452950536376982,0.7107344097850206,0.7289645019660319,0.5562268487572817
1167,12,1.0471975511965976,0.3333333333333333,B,-43.751823711368644,0.08170848162493022,0.7239545392547253,0.7308932088852449,0.0
1168,12,1.0471975511965976,0.3333333333333333,B,-44.00837300688621,-0.1204699220212328,0.710720827935378,0.7289569320899817,0.5562080256222859
1169,12,1.0471975511965976,0.3333333333333333,B,-44.27863906627693,-0.33929271355658946,0.7239630275201342,0.7308976343979531,0.0
1170,12,1.0471975511965976,0.3333333333333333,B,-44.237655438013014,-0.1948227509862036,0.71073597043752,0.7289659346976932,0.5562249830838463
1171,12,1.0471975511965976,0.3333333333333333,B,-44.71031392183842,-0.6715996904185486,0.7239546242789757,0.7308926880784238,0.0
1172,12,1.0471975511965976,0.3333333333333333,B,-44.40331762885627,-0.23846643273565676,0.7107585718996511,0.7289790680488939,0.5562510564686017
1173,12,1.0471975511965976,0.3333333333333333,B,-44.903594171562474,-0.7817340849476547,0.7239608887285038,0.7308957128490439,0.0
1174,12,1.0471975511965976,0.3333333333333333,B,-44.46910622789004,-0.23391300951704663,0.710756245417762,0.7289772525277681,0.556249468681682
1175,12,1.0471975511965976,0.3333333333333333,B,-44.81108214027423,-0.6254393397317861,0.7239824834477404,0.730907772270117,0.0
1176,12,1.0471975511965976,0.3333333333333333,B,-44.43863036221039,-0.18294547058776883,0.7107578505945439,0.7289769013865158,0.556258379654186
1177,12,1.0471975511965976,0.3333333333333333,B,-44.500224292902956,-0.2654995897229468,0.723989163774637,0.7309115275075228,0.0
1178,12,1.0471975511965976,0.3333333333333333,B,-44.35437356649283,-0.1060348072388265,0.7107812039232426,0.7289921913185328,0.5562764539280937
1179,12,1.0471975511965976,0.3333333333333333,B,-44.125908264996994,0.15354848676226784,0.7239859239075817,0.7309093601821064,0.0
1180,12,1.0471975511965976,0.3333333333333333,B,-44.28053788531982,-0.03411398033582044,0.7107991480811628,0.7290045374651531,0.5562858897970306
1181,12,1.0471975511965976,0.3333333333333333,B,-43.86869664061331,0.4633927230760009,0.7239993463539772,0.7309175865654018,0.0
1182,12,1.0471975511965976,0.3333333333333333,B,-44.27679735957569,0.003984145060992705,0.7107973709281916,0.7290032508963193,0.5562843165777807
1183,12,1.0471975511965976,0.3333333333333333,B,-43.8622258876671,0.5395724217986329,0.7240218132168598,0.73093074517543,0.0
1184,12,1.0471975511965976,0.3333333333333333,B,-44.37486736220282,-0.0070614563326069635,0.7108035306899938,0.7290085724235403,0.5562819092244101
1185,12,1.0471975511965976,0.3333333333333333,B,-44.13920870431217,0.3515037458472698,0.7240270991468967,0.7309334733224385,0.0
1186,12,1.0471975511965976,0.3333333333333333,B,-44.56565434557916,-0.06282895398165769,0.7108341626054959,0.7290279773906819,0.556309305800188
1187,12,1.0471975511965976,0.3333333333333333,B,-44.61860026459715,-0.02531316490362112,0.7240282278429337,0.7309343010444836,0.0
1188,12,1.0471975511965976,0.3333333333333333,B,-44.80267331360418,-0.14088482960239135,0.710853167583188,0.7290388433978326,0.5563322553155196
1189,12,1.0471975511965976,0.3333333333333333,B,-45.13807260643216,-0.43953036755547303,0.7240508711089855,0.7309469067084712,0.0
1190,12,1.0471975511965976,0.3333333333333333,B,-45.020954476153264,-0.2099112601586075,0.7108527251299717,0.7290385117337037,0.5563318943038469
1191,12,1.0471975511965976,0.3333333333333333,B,-45.51919925046333,-0.7247527391999183,0.7240734517780557,0.7309593966341702,0.0
1192,12,1.0471975511965976,0.3333333333333333,B,-45.16294056685874,-0.2421551201999959,0.7108731501449429,0.7290502797816854,0.5563573588400117
1193,12,1.0471975511965976,0.3333333333333333,B,-45.63913520534098,-0.7664329431365945,0.7240755634038638,0.7309606486917528,0.0
1194,12,1.0471975511965976,0.3333333333333333,B,-45.20186045979889,-0.224658769904835,0.7109049146464448,0.7290703908450252,0.5563858151837027
1195,12,1.0471975511965976,0.3333333333333333,B,-45.47976698329181,-0.5477971886895917,0.7240828463113838,0.730964661941691,0.0
1196,12,1.0471975511965976,0.3333333333333333,B,-45.15240360948817,-0.16449105517592189,0.7109135808686141,0.7290768770757696,0.5563873762607553
1197,12,1.0471975511965976,0.3333333333333333,B,-45.13535924478107,-0.15664691401441977,0.724107074239552,0.730978991669113,0.0
1198,12,1.0471975511965976,0.3333333333333333,B,-45.064439432608815,-0.08576542666784126,0.7109148855296659,0.7290777550422626,0.5563886417716281
1199,12,1.0471975511965976,0.3333333333333333,B,-44.77456928024304,0.24989705559187347,0.7241227042369376,0.7309883609807436,0.0
1200,12,1.0471975511965976,0.3333333333333333,B,-45.00355689923283,-0.020119022990305296,0.7109354389071701,0.7290923592281534,0.5563987692947693
1201,12,1.0471975511965976,0.3333333333333333,B,-44.5723768598,0.5085558981023807,0.724122554849059,0.7309882352935811,0.0
1202,12,1.0471975511965976,0.3333333333333333,B,-45.02456280209334,0.006050141281758847,0.7109620520859012,0.7291097184521309,0.5564196901250246
1203,12,1.0471975511965976,0.3333333333333333,B,-44.6402292365682,0.515402438829063,0.7241327623721088,0.73099452097307,0.0
1204,12,1.0471975511965976,0.3333333333333333,B,-45.14909512855203,-0.01772439665196407,0.7109675409071615,0.7291122221222924,0.5564302076084724
1205,12,1.0471975511965976,0.3333333333333333,B,-44.98117949829154,0.26767258140812633,0.7241577591067214,0.731008635360393,0.0
1206,12,1.0471975511965976,0.3333333333333333,B,-45.35735915026911,-0.08192366494691752,0.7109703771044077,0.7291142975893989,0.5564321291142651
1207,12,1.0471975511965976,0.3333333333333333,B,-45.48846060289149,-0.13511502574290163,0.7241679385477637,0.731014001715326,0.0
1208,12,1.0471975511965976,0.3333333333333333,B,-45.5959309721775,-0.16075605454869935,0.7109982564248088,0.72913095409627,0.5564635961238736
1209,12,1.0471975511965976,0.3333333333333333,B,-45.98853024886072,-0.5311993705968776,0.7241651594817575,0.7310126190411249,0.0
1210,12,1.0471975511965976,0.3333333333333333,B,-45.79921356287274,-0.22254100564710977,0.7110185616077812,0.7291432650735081,0.5564849146315339
1211,12,1.0471975511965976,0.3333333333333333,B,-46.310671364033205,-0.761462263074324,0.7241791032484531,0.7310205134912644,0.0
1212,12,1.0471975511965976,0.3333333333333333,B,-45.915828821516556,-0.24249975677278998,0.7110126334772069,0.7291404921167871,0.55647444909405
1213,12,1.0471975511965976,0.3333333333333333,B,-46.3557544626302,-0.7333907470456131,0.724198278703406,0.7310317552944238,0.0
1214,12,1.0471975511965976,0.3333333333333333,B,-45.928995314458206,-0.21257366389081142,0.7110173805712245,0.7291436670200273,0.5564790479049114
1215,12,1.0471975511965976,0.3333333333333333,B,-46.13595408399038,-0.4582741847045403,0.7241974900047538,0.7310318558898127,0.0
1216,12,1.0471975511965976,0.3333333333333333,B,-45.86371960052759,-0.1447954496596217,0.7110378382357407,0.7291580551803066,0.5564899077822278
1217,12,1.0471975511965976,0.3333333333333333,B,-45.769616743431925,-0.04660101279781209,0.7241933377966275,0.7310296757178767,0.0
1218,12,1.0471975511965976,0.3333333333333333,B,-45.77656856504892,-0.06642628693724412,0.7110437492324584,0.7291626871083263,0.5564901622608571
1219,12,1.0471975511965976,0.3333333333333333,B,-45.43416589964191,0.33625203227606687,0.7242060969039016,0.7310375043354532,0.0
1220,12,1.0471975511965976,0.3333333333333333,B,-45.73257703050345,-0.008893731081005274,0.7110349242807605,0.7291564263305726,0.5564870650436489
1221,12,1.0471975511965976,0.3333333333333333,B,-45.29467942040787,0.5364841260558832,0.7242181222778433,0.7310443060943572,0.0
1222,12,1.0471975511965976,0.3333333333333333,B,-45.77967694171985,0.004663817216258415,0.7110399535658045,0.7291600907068159,0.556490322649123
1223,12,1.0471975511965976,0.3333333333333333,B,-45.43730649449533,0.47367802698719125,0.7242111414199763,0.7310399064773745,0.0
1224,12,1.0471975511965976,0.3333333333333333,B,-45.929259402639985,-0.03121342376568087,0.7110590776875452,0.7291712902178598,0.5565130778535254
1225,12,1.0471975511965976,0.3333333333333333,B,-45.83498718658161,0.1730333209245815,0.7242061931980274,0.7310373674378593,0.0
1226,12,1.0471975511965976,0.3333333333333333,B,-46.151398734813355,-0.10208471840782893,0.7110566099407001,0.7291686872447513,0.5565169289048784
1227,12,1.0471975511965976,0.3333333333333333,B,-46.358218812818876,-0.244674385310728,0.7242184371800156,0.7310442088130507,0.0
1228,12,1.0471975511965976,0.3333333333333333,B,-46.38711916185863,-0.17951883936881646,0.711040309737505,0.7291592404933853,0.5564985386084735
1229,12,1.0471975511965976,0.3333333333333333,B,-46.82706396271151,-0.6116387100078663,0.7242204760006581,0.7310453821217505,0.0
1230,12,1.0471975511965976,0.3333333333333333,B,-46.571893179975,-0.23238952966962784,0.7110461433112939,0.7291630147635332,0.5565046087762445
1231,12,1.0471975511965976,0.3333333333333333,B,-47.083445389536564,-0.7804800232664949,0.7242043555555702,0.7310367925740915,0.0
1232,12,1.0471975511965976,0.3333333333333333,B,-46.661788569379105,-0.23946373275528365,0.7110522196546024,0.7291678568374129,0.556504482382275
1233,12,1.0471975511965976,0.3333333333333333,B,-47.05449075025176,-0.6833626267188553,0.7241996373808135,0.7310343805498487,0.0
1234,12,1.0471975511965976,0.3333333333333333,B,-46.651002242822685,-0.19793697750836886,0.711033842401367,0.7291573890089678,0.5564815132816386
1235,12,1.0471975511965976,0.3333333333333333,B,-46.78213183978339,-0.3593053463815543,0.7242063667808776,0.7310386453739459,0.0
1236,12,1.0471975511965976,0.3333333333333333,B,-46.573904254078826,-0.12444114784243698,0.7110184518166405,0.7291472674880852,0.5564712871456442
1237,12,1.0471975511965976,0.3333333333333333,B,-46.40608382726407,0.061499429280131745,0.7241983972510976,0.7310340990399516,0.0
1238,12,1.0471975511965976,0.3333333333333333,B,-46.491767058545264,-0.04852476912593154,0.7110222972864664,0.7291501757067967,0.5564730504466804
1239,12,1.0471975511965976,0.3333333333333333,B,-46.107480153681536,0.41003427379295443,0.7241803760919386,0.7310234622260336,0.0
1240,12,1.0471975511965976,0.3333333333333333,B,-46.46791140328858,-0.0007058275851950513,0.7110217827007579,0.7291490119618903,0.5564770828313466
1241,12,1.0471975511965976,0.3333333333333333,B,-46.036528173629804,0.5462800238478425,0.7241766600960181,0.7310215591663628,0.0
1242,12,1.0471975511965976,0.3333333333333333,B,-46.54199836775341,-0.00014836623294323115,0.711000302853982,0.7291340165982954,0.5564660692936471
1243,12,1.0471975511965976,0.3333333333333333,B,-46.25200930293195,0.41551970619763623,0.7241795922318668,0.7310228914188679,0.0
1244,12,1.0471975511965976,0.3333333333333333,B,-46.71453517866779,-0.04711068552731762,0.7109838627697591,0.7291242466174714,0.5564489935090551
1245,12,1.0471975511965976,0.3333333333333333,B,-46.697527988143136,0.07030387836451191,0.7241636647745503,0.7310135331464711,0.0
1246,12,1.0471975511965976,0.3333333333333333,B,-46.94645810037754,-0.12272376506959318,0.7109869787964723,0.7291260249192263,0.5564533232872825
1247,12,1.0471975511965976,0.3333333333333333,B,-47.224360846992695,-0.350721908852367,0.7241425971618436,0.7310021031055642,0.0
1248,12,1.0471975511965976,0.3333333333333333,B,-47.174829240105126,-0.19660370466206648,0.7109737984715578,0.7291181027650782,0.55643848603966
1249,12,1.0471975511965976,0.3333333333333333,B,-47.651072366374734,-0.6784253316514915,0.7241401679835903,0.7310009164725,0.0
1250,12,1.0471975511965976,0.3333333333333333,B,-47.338183504247,-0.2391098642605743,0.7109423509137457,0.7290995550409858,0.5564028018216844
1251,12,1.0471975511965976,0.3333333333333333,B,-47.83654151219761,-0.781178305713886,0.7241358102915609,0.7309986165669626,0.0
1252,12,1.0471975511965976,0.3333333333333333,B,-47.40100314783351,-0.23313137219744498,0.710930983529503,0.7290922023723115,0.5563946099312022
1253,12,1.0471975511965976,0.3333333333333333,B,-47.73654295366559,-0.617743639272849,0.7241132873438142,0.7309858597040605,0.0
1254,12,1.0471975511965976,0.3333333333333333,B,-47.36836624540273,-0.18108996999695723,0.7109301630573867,0.7290919981256843,0.5563919935725288
1255,12,1.0471975511965976,0.3333333333333333,B,-47.421341663413386,-0.2537634299644136,0.7240966276572371,0.7309760615101746,0.0
1256,12,1.0471975511965976,0.3333333333333333,B,-47.28367687023892,-0.10391663440127322,0.7109112484251927,0.7290793613437984,0.5563779459593724
1257,12,1.0471975511965976,0.3333333333333333,B,-47.04784570569798,0.16454448392563492,0.7240959228743147,0.7309756865997361,0.0
1258,12,1.0471975511965976,0.3333333333333333,B,-47.21099153474077,-0.03255921879783122,0.7108864106926244,0.7290620788783714,0.5563649132131336
1259,12,1.0471975511965976,0.3333333333333333,B,-46.79635520729796,0.46915766318905794,0.7240876650070451,0.7309704577569841,0.0
1260,12,1.0471975511965976,0.3333333333333333,B,-47.20980776371722,0.00428671780951137,0.7108792301757407,0.7290578246980771,0.5563575056491273
1261,12,1.0471975511965976,0.3333333333333333,B,-46.79797532738348,0.5377520028987155,0.7240644011849355,0.730956723793524,0.0
1262,12,1.0471975511965976,0.3333333333333333,B,-47.31087621262948,-0.008184704951627264,0.7108770857250714,0.7290559477058871,0.5563578161459756
1263,12,1.0471975511965976,0.3333333333333333,B,-47.082299510433515,0.3427660956170631,0.7240510765038497,0.7309496049235392,0.0
1264,12,1.0471975511965976,0.3333333333333333,B,-47.50372367032912,-0.06493273920325807,0.7108523615012654,0.7290401918128918,0.5563352539962213
1265,12,1.0471975511965976,0.3333333333333333,B,-47.56534966843265,-0.03745787415735358,0.7240515677664483,0.7309499018055918,0.0
1266,12,1.0471975511965976,0.3333333333333333,B,-47.7411471842218,-0.14319676712397766,0.7108263391608401,0.7290251884097678,0.5563038005558905
1267,12,1.0471975511965976,0.3333333333333333,B,-48.083301449815465,-0.4501859336327703,0.7240380895050645,0.7309421864741036,0.0
1268,12,1.0471975511965976,0.3333333333333333,B,-47.95795342490713,-0.21151704651440473,0.7108256469861781,0.7290247338281783,0.556303516775646
1269,12,1.0471975511965976,0.3333333333333333,B,-48.45834836105887,-0.729674690253726,0.7240151804514706,0.7309293608643115,0.0
1270,12,1.0471975511965976,0.3333333333333333,B,-48.09731814398435,-0.24245725779775162,0.710819298119002,0.7290208589977526,0.5562959019670733
1271,12,1.0471975511965976,0.3333333333333333,B,-48.56999470364793,-0.7636582232322782,0.7240104478132785,0.7309264152063154,0.0
1272,12,1.0471975511965976,0.3333333333333333,B,-48.13351025559169,-0.22361665656738777,0.710794446098288,0.7290048277825525,0.5562743485899474
1273,12,1.0471975511965976,0.3333333333333333,B,-48.40369526939098,-0.5385011013339213,0.7240121829737618,0.7309272267425813,0.0
1274,12,1.0471975511965976,0.3333333333333333,B,-48.0820511475843,-0.1625151948330456,0.710783372066791,0.7289962921424952,0.5562733836419625
1275,12,1.0471975511965976,0.3333333333333333,B,-48.05648969388801,-0.14465621136681428,0.723998007979643,0.7309185923663091,0.0
1276,12,1.0471975511965976,0.3333333333333333,B,-47.99393504456562,-0.08372520002163192,0.7107884236257654,0.728999401616381,0.5562781913730765
1277,12,1.0471975511965976,0.3333333333333333,B,-47.69790585721307,0.25970973185117646,0.723982499258509,0.7309092109276194,0.0
1278,12,1.0471975511965976,0.3333333333333333,B,-47.93481392040124,-0.018905466871686954,0.7107819367048084,0.7289945740616687,0.5562750415465845
1279,12,1.0471975511965976,0.3333333333333333,B,-47.5022532444816,0.5121750815054854,0.7239840090782625,0.7309103828690583,0.0
1280,12,1.0471975511965976,0.3333333333333333,B,-47.958484394336594,0.005953955702708458,0.7107610962070547,0.7289809093710102,0.5562582136538625
1281,12,1.0471975511965976,0.3333333333333333,B,-47.57835322440128,0.5113550848100379,0.7239860376586118,0.7309113966953288,0.0
1282,12,1.0471975511965976,0.3333333333333333,B,-48.08572755264876,-0.019166299506872903,0.7107546189152054,0.7289782782055146,0.5562441362328154
1283,12,1.0471975511965976,0.3333333333333333,B,-47.92575432863403,0.2575994494354396,0.7239714540388877,0.7309029664885367,0.0
1284,12,1.0471975511965976,0.3333333333333333,B,-48.2956586564278,-0.08416487834962447,0.7107637490725025,0.728984147315611,0.5562511737914706
1285,12,1.0471975511965976,0.3333333333333333,B,-48.43515707182303,-0.14719610926586035,0.7239619749076291,0.7308979852650911,0.0
1286,12,1.0471975511965976,0.3333333333333333,B,-48.53412449863538,-0.16292035657261617,0.7107548196141947,0.728978582990764,0.5562412451071733
1287,12,1.0471975511965976,0.3333333333333333,B,-48.9321557268472,-0.5404323258929455,0.7239715226983897,0.7309032364981841,0.0
1288,12,1.0471975511965976,0.3333333333333333,B,-48.73557012509737,-0.2238269483100708,0.7107397279501532,0.728969261161009,0.5562258008502519
1289,12,1.0471975511965976,0.3333333333333333,B,-49.24737347389343,-0.7641704520405758,0.7239737982498904,0.7309042544615785,0.0
1290,12,1.0471975511965976,0.3333333333333333,B,-48.84920275274819,-0.24238293117493206,0.7107501792164516,0.7289745380674939,0.5562428727981875
1291,12,1.0471975511965976,0.3333333333333333,B,-49.28440898974561,-0.7285691778618923,0.7239629159065073,0.7308976597547645,0.0
1292,12,1.0471975511965976,0.3333333333333333,B,-48.85968435799704,-0.2111554336460679,0.7107629624078574,0.7289822335112948,0.556255725626834
1293,12,1.0471975511965976,0.3333333333333333,B,-49.058485266340654,-0.44790396867046767,0.7239651109079223,0.7308983955509362,0.0
1294,12,1.0471975511965976,0.3333333333333333,B,-48.793023783960265,-0.14270127914135872,0.7107564125252075,0.7289773942767498,0.5562524878598638
1295,12,1.0471975511965976,0.3333333333333333,B,-48.69064777678554,-0.03490529571521195,0.7239790649145824,0.7309064793868337,0.0
1296,12,1.0471975511965976,0.3333333333333333,B,-48.70603234228869,-0.06446560883907848,0.7107528028134726,0.7289744279174599,0.5562528363345681
1297,12,1.0471975511965976,0.3333333333333333,B,-48.358853877427386,0.3445548496936881,0.7239807652885444,0.7309072688185769,0.0
1298,12,1.0471975511965976,0.3333333333333333,B,-48.663983184212874,-0.00790828725463022,0.7107672581511172,0.7289849088781635,0.556258109837807
1299,12,1.0471975511965976,0.3333333333333333,B,-48.22643716140457,0.538088270331792,0.7239741684890394,0.7309034403444894,0.0
1300,12,1.0471975511965976,0.3333333333333333,B,-48.714000703938,0.0042566570472041265,0.7107793179264309,0.7289927630294314,0.5562666654517345
1301,12,1.0471975511965976,0.3333333333333333,B,-48.37686015863032,0.46794003917842586,0.7239830108718475,0.7309090609291492,0.0
1302,12,1.0471975511965976,0.3333333333333333,B,-48.86607786627486,-0.03282566030687231,0.7107730825773692,0.7289889941354565,0.5562591594406145
1303,12,1.0471975511965976,0.3333333333333333,B,-48.779938991244066,0.1622937412617566,0.7240001469000846,0.730918723573218,0.0
1304,12,1.0471975511965976,0.3333333333333333,B,-49.089388819456886,-0.10429275383830516,0.7107767263633736,0.7289921031948637,0.5562578477513592
1305,12,1.0471975511965976,0.3333333333333333,B,-49.303947812581235,-0.2560900384857714,0.7240014317741092,0.7309192347062137,0.0
1306,12,1.0471975511965976,0.3333333333333333,B,-49.3244263059317,-0.18141406256038525,0.7108026325861009,0.7290074458001354,0.556286974826673
1307,12,1.0471975511965976,0.3333333333333333,B,-49.76862518790717,-0.6191950238096808,0.7240011024023145,0.7309189484656312,0.0
1308,12,1.0471975511965976,0.3333333333333333,B,-49.50702302519247,-0.23321806747978757,0.710814796436137,0.7290145902869777,0.5563002008028499
1309,12,1.0471975511965976,0.3333333333333333,B,-50.017489360226875,-0.7811547339464205,0.7240196969481962,0.7309290908447034,0.0
1310,12,1.0471975511965976,0.3333333333333333,B,-49.59403446623227,-0.23891448460976303,0.7108131867771595,0.7290131173913647,0.5563008659418978
1311,12,1.0471975511965976,0.3333333333333333,B,-49.980865173433955,-0.676912087299469,0.724036446754264,0.7309386210002035,0.0
1312,12,1.0471975511965976,0.3333333333333333,B,-49.58059374415359,-0.1961702153898936,0.7108296135280288,0.7290227008481648,0.5563204911347498
1313,12,1.0471975511965976,0.3333333333333333,B,-49.70364384534682,-0.34833319137128665,0.724036957614962,0.7309388331695218,0.0
1314,12,1.0471975511965976,0.3333333333333333,B,-49.502448568680435,-0.1221866891481301,0.7108536025479268,0.7290389359250886,0.5563357961583216
1315,12,1.0471975511965976,0.3333333333333333,B,-49.327244274152484,0.07263588068436866,0.7240426769993572,0.7309421183992258,0.0
1316,12,1.0471975511965976,0.3333333333333333,B,-49.42120025519172,-0.0466826368945078,0.7108606559493647,0.7290437979218208,0.5563392055407064
1317,12,1.0471975511965976,0.3333333333333333,B,-49.03316880396055,0.4168969629646471,0.7240630903279639,0.7309543959233064,0.0
1318,12,1.0471975511965976,0.3333333333333333,B,-49.39952807078272,5.5974291484739425e-05,0.7108613114919764,0.7290445433348745,0.5563379865264922
1319,12,1.0471975511965976,0.3333333333333333,B,-48.96976954294472,0.5461771265732039,0.7240768782610731,0.7309622817605502,0.0
1320,12,1.0471975511965976,0.3333333333333333,B,-49.47645523176466,-0.0007829456762287745,0.7108803597638628,0.7290578497957699,0.5563483652809504
1321,12,1.0471975511965976,0.3333333333333333,B,-49.19262812737833,0.40854656889011387,0.7240770094147366,0.7309623124945471,0.0
1322,12,1.0471975511965976,0.3333333333333333,B,-49.6513097532914,-0.04884880079566978,0.7109061671552123,0.7290734637117001,0.5563754587799088
1323,12,1.0471975511965976,0.3333333333333333,B,-49.64248891826614,0.05925068611591566,0.7240877613091703,0.7309686335007315,0.0
1324,12,1.0471975511965976,0.3333333333333333,B,-49.884015704365524,-0.12482390161834744,0.7109110166965983,0.7290759787650087,0.5563827797561889
1325,12,1.0471975511965976,0.3333333333333333,B,-50.16887990327204,-0.3613970988982167,0.7241113086994829,0.7309816435353094,0.0
1326,12,1.0471975511965976,0.3333333333333333,B,-50.11132605658085,-0.19821714088220085,0.7109165387183084,0.729079345510985,0.556388969376577
1327,12,1.0471975511965976,0.3333333333333333,B,-50.590603613474045,-0.6844361720514358,0.7241204377097377,0.7309867442597666,0.0
1328,12,1.0471975511965976,0.3333333333333333,B,-50.27209370233139,-0.23951530075997524,0.7109435104539306,0.7290954569544019,0.5564191303868071
1329,12,1.0471975511965976,0.3333333333333333,B,-50.76844633472152,-0.7801195776001587,0.7241202433195176,0.7309867195859151,0.0
1330,12,1.0471975511965976,0.3333333333333333,B,-50.33206238456107,-0.23215369912695022,0.7109606886149363,0.7291069902484248,0.5564306344111561
1331,12,1.0471975511965976,0.3333333333333333,B,-50.661094758552196,-0.6099799486161335,0.7241349271121333,0.7309951365020348,0.0
1332,12,1.0471975511965976,0.3333333333333333,B,-50.29733657496466,-0.17909654827383195,0.7109587667229738,0.7291063565657258,0.5564257516948155
1333,12,1.0471975511965976,0.3333333333333333,B,-50.34199548829449,-0.24235905885858866,0.724153170163612,0.7310061160420872,0.0
1334,12,1.0471975511965976,0.3333333333333333,B,-50.21193063030417,-0.1016131735839089,0.7109663674373541,0.7291115708917953,0.556431143519905
1335,12,1.0471975511965976,0.3333333333333333,B,-49.9695261852968,0.1750817272293841,0.7241554694459775,0.7310076173459104,0.0
1336,12,1.0471975511965976,0.3333333333333333,B,-50.14051631577227,-0.03086846569567095,0.7109874822718241,0.729126389748197,0.5564422425264604
1337,12,1.0471975511965976,0.3333333333333333,B,-49.72339238718533,0.47467428380983817,0.7241553289329039,0.7310076792183449,0.0
1338,12,1.0471975511965976,0.3333333333333333,B,-50.14200239902996,0.004728347555862711,0.7109981764044677,0.729132798013383,0.5564538864466394
1339,12,1.0471975511965976,0.3333333333333333,B,-49.73277524300764,0.5360488643923071,0.7241704338241162,0.7310166504648362,0.0
1340,12,1.0471975511965976,0.3333333333333333,B,-50.24588892271666,-0.009095931771085836,0.7109944413473381,0.729129979435264,0.5564537974448966
1341,12,1.0471975511965976,0.3333333333333333,B,-50.02415055638484,0.3345584869660992,0.7241847575900676,0.7310244270449564,0.0
1342,12,1.0471975511965976,0.3333333333333333,B,-50.44073334787807,-0.0668245036850399,0.7110045194375181,0.7291364918820695,0.5564631025242436
1343,12,1.0471975511965976,0.3333333333333333,B,-50.510658427893944,-0.048866626719701656,0.7241815049917856,0.7310224378103154,0.0
1344,12,1.0471975511965976,0.3333333333333333,B,-50.67848347235599,-0.14524716636879048,0.7110262619608656,0.7291491073309818,0.5564894742940967
1345,12,1.0471975511965976,0.3333333333333333,B,-51.02709953279649,-0.4602325530866719,0.7241815776651067,0.7310226823446326,0.0
1346,12,1.0471975511965976,0.3333333333333333,B,-50.893891377836596,-0.21287286426871127,0.7110257861820222,0.72914902563882,0.5564879147731523
1347,12,1.0471975511965976,0.3333333333333333,B,-51.39621755796067,-0.7342739729685449,0.7241961716935155,0.7310309349645837,0.0
1348,12,1.0471975511965976,0.3333333333333333,B,-51.03063605583169,-0.2425538631767854,0.7110168093855768,0.7291440436537714,0.5564767813454673
1349,12,1.0471975511965976,0.3333333333333333,B,-51.500044673725284,-0.7609164374122671,0.7242003784793568,0.7310337570143611,0.0
1350,12,1.0471975511965976,0.3333333333333333,B,-51.0639170031086,-0.22233260299462318,0.7110267871743776,0.7291506480308775,0.5564850950300546
1351,12,1.0471975511965976,0.3333333333333333,B,-51.327063948953736,-0.5294653044559057,0.7241906078582002,0.7310285320310245,0.0
1352,12,1.0471975511965976,0.3333333333333333,B,-51.01073466520729,-0.1603700168410278,0.7110352660077868,0.7291574158210616,0.5564848461985481
1353,12,1.0471975511965976,0.3333333333333333,B,-50.976878283799664,-0.13287620233226904,0.7241909706690329,0.7310289636745252,0.0
1354,12,1.0471975511965976,0.3333333333333333,B,-50.92264980532709,-0.0815525250496299,0.7110255583383333,0.7291512845727981,0.5564763334607095
1355,12,1.0471975511965976,0.3333333333333333,B,-50.620498368532324,0.26952513770776626,0.7242006231383972,0.7310348345447757,0.0
1356,12,1.0471975511965976,0.3333333333333333,B,-50.86512665144028,-0.017506640753068126,0.7110173282316657,0.7291457307249586,0.5564721025559354
1357,12,1.0471975511965976,0.3333333333333333,B,-50.4312993646369,0.5161034662988815,0.7241976931569608,0.7310328103547985,0.0
1358,12,1.0471975511965976,0.3333333333333333,B,-50.891618977396206,0.005998290730094391,0.7110258225295971,0.7291513541722054,0.5564791177568433
1359,12,1.0471975511965976,0.3333333333333333,B,-50.515411585443864,0.5078151652785267,0.7241853645688525,0.7310256332482282,0.0
1360,12,1.0471975511965976,0.3333333333333333,B,-51.02170496197832,-0.020462967229584045,0.7110301825355255,0.7291528012623706,0.5564904427430468
1361,12,1.0471975511965976,0.3333333333333333,B,-50.869322877324315,0.24797101426942414,0.7241860134438043,0.7310261970297134,0.0
1362,12,1.0471975511965976,0.3333333333333333,B,-51.23330386328624,-0.08625416164185074,0.7110131403587617,0.7291418085914214,0.5564767351390816
1363,12,1.0471975511965976,0.3333333333333333,B,-51.381091165724044,-0.159028169115913,0.7241914619272468,0.7310290177799965,0.0
1364,12,1.0471975511965976,0.3333333333333333,B,-51.47167086600921,-0.1649749252351809,0.7110029624389352,0.7291360483357647,0.5564648313811621
1365,12,1.0471975511965976,0.3333333333333333,B,-51.87538561513446,-0.549699964613179,0.724179029218095,0.7310221613832303,0.0
1366,12,1.0471975511965976,0.3333333333333333,B,-51.67124095968549,-0.22497739810073447,0.7110088306312761,0.7291397467165606,0.5564706312199115
1367,12,1.0471975511965976,0.3333333333333333,B,-52.183860308200224,-0.7671346586455635,0.7241639048389342,0.7310139767149532,0.0
1368,12,1.0471975511965976,0.3333333333333333,B,-51.78216727091358,-0.24218716504535392,0.7109980346918606,0.7291340849658582,0.5564539829603727
1369,12,1.0471975511965976,0.3333333333333333,B,-52.212777682374316,-0.7239786882273671,0.724164561297051,0.7310145102031287,0.0
1370,12,1.0471975511965976,0.3333333333333333,B,-51.7900802077084,-0.20969521334323438,0.7109750662089888,0.7291199294872491,0.5564316778348771
1371,12,1.0471975511965976,0.3333333333333333,B,-51.980862442178264,-0.43759122568217135,0.7241621490090195,0.7310134037103351,0.0
1372,12,1.0471975511965976,0.3333333333333333,B,-51.72191384053243,-0.14052010872650983,0.710968453883728,0.729115453939296,0.5564284426837922
1373,12,1.0471975511965976,0.3333333333333333,B,-51.6114670991629,-0.023018014195129832,0.7241448247420867,0.7310032573627357,0.0
1374,12,1.0471975511965976,0.3333333333333333,B,-51.63542159943517,-0.0624928203514864,0.7109694867690077,0.7291163430856565,0.5564280577999866
1375,12,1.0471975511965976,0.3333333333333333,B,-51.28309826546429,0.353222066277979,0.7241320414432307,0.7309957894112121,0.0
1376,12,1.0471975511965976,0.3333333333333333,B,-51.5955348640302,-0.006941084811863535,0.7109554174765615,0.7291060858047187,0.556422715888568
1377,12,1.0471975511965976,0.3333333333333333,B,-51.15797231215167,0.5399869760211182,0.7241325227722876,0.7309961279757426,0.0
1378,12,1.0471975511965976,0.3333333333333333,B,-51.648395936710386,0.003842532888899519,0.7109334728512455,0.7290916298634308,0.5564067949169194
1379,12,1.0471975511965976,0.3333333333333333,B,-51.31654940796031,0.462283738582412,0.7241255695311434,0.7309916578596256,0.0
1380,12,1.0471975511965976,0.3333333333333333,B,-51.803081701786084,-0.034509319101922176,0.7109277838496848,0.7290885473115861,0.5563993973080994
1381,12,1.0471975511965976,0.3333333333333333,B,-51.72529838697049,0.1513326887931411,0.7241044919116457,0.7309796991683857,0.0
1382,12,1.0471975511965976,0.3333333333333333,B,-52.027653915322695,-0.106567575237136,0.7109254167275421,0.7290866447443213,0.5563991483339611
1383,12,1.0471975511965976,0.3333333333333333,B,-52.25027146868276,-0.26797602200719106,0.7240933194339146,0.7309737679578872,0.0
1384,12,1.0471975511965976,0.3333333333333333,B,-52.26213834896542,-0.18339800783537535,0.7109009910898474,0.7290720678003836,0.5563716673255896
1385,12,1.0471975511965976,0.3333333333333333,B,-52.71079857623648,-0.6271964670678034,0.7240932520307025,0.730973720669637,0.0
1386,12,1.0471975511965976,0.3333333333333333,B,-52.442557689943854,-0.23415236478893725,0.7108792373866487,0.7290590140654105,0.5563485403283555
1387,12,1.0471975511965976,0.3333333333333333,B,-52.9521824836598,-0.7820614441380401,0.7240796921705148,0.7309661544563267,0.0
1388,12,1.0471975511965976,0.3333333333333333,B,-52.526597693630464,-0.23841451745111314,0.7108783052262828,0.7290581284186284,0.5563497260329887
1389,12,1.0471975511965976,0.3333333333333333,B,-52.90765504079749,-0.670387217485475,0.7240595153558517,0.7309545297968211,0.0
1390,12,1.0471975511965976,0.3333333333333333,B,-52.510843160499775,-0.19451059967973167,0.7108702778540322,0.7290532499098571,0.5563405936379668
1391,12,1.0471975511965976,0.3333333333333333,B,-52.62526234441352,-0.33702466565610867,0.7240544381825357,0.7309513973190278,0.0
1392,12,1.0471975511965976,0.3333333333333333,B,-52.431779880137505,-0.12006469461203009,0.7108482108249427,0.7290381005242283,0.5563270024388574
1393,12,1.0471975511965976,0.3333333333333333,B,-52.248764899141435,0.0841055257279607,0.7240536668402993,0.7309508556146559,0.0
1394,12,1.0471975511965976,0.3333333333333333,B,-52.3512819341449,-0.044951725714258095,0.7108357467889175,0.7290293748928449,0.556321003762308
1395,12,1.0471975511965976,0.3333333333333333,B,-51.959555389318126,0.42386462309288675,0.7240390063493496,0.730941879718746,0.0
1396,12,1.0471975511965976,0.3333333333333333,B,-52.33203501311719,0.0006161258380393275,0.7108366836993337,0.729030236755257,0.5563201615174143
1397,12,1.0471975511965976,0.3333333333333333,B,-51.90392995415323,0.5457986023939275,0.7240225345518693,0.7309324178852045,0.0
1398,12,1.0471975511965976,0.3333333333333333,B,-52.41193690217084,-0.0016400292672860972,0.7108273277048154,0.7290235930727768,0.5563148207596803
1399,12,1.0471975511965976,0.3333333333333333,B,-52.134511095362015,0.4009266926776883,0.7240213322105894,0.7309320905537435,0.0
1400,12,1.0471975511965976,0.3333333333333333,B,-52.589049877331426,-0.05080634846502208,0.7108035976747094,0.7290091935356968,0.5562895095697278
1401,12,1.0471975511965976,0.3333333333333333,B,-52.58886727274371,0.04746719101506702,0.7240197811551089,0.7309310311498568,0.0
1402,12,1.0471975511965976,0.3333333333333333,B,-52.82249474687031,-0.12715710977986494,0.7107955713769318,0.7290050854717673,0.5562769804313313
1403,12,1.0471975511965976,0.3333333333333333,B,-53.11470482534699,-0.372618806457785,0.7240030847519647,0.7309216485806067,0.0
1404,12,1.0471975511965976,0.3333333333333333,B,-53.048679569299196,-0.19999668109332344,0.7108001702634713,0.7290076883529798,0.5562823809978076
1405,12,1.0471975511965976,0.3333333333333333,B,-53.53102198164117,-0.6906190957758103,0.7239927528182959,0.7309158282034203,0.0
1406,12,1.0471975511965976,0.3333333333333333,B,-53.207020304236636,-0.24009163951952306,0.710787209259913,0.7289997393099665,0.5562681806637862
1407,12,1.0471975511965976,0.3333333333333333,B,-53.70079098440587,-0.7787952526842816,0.723998104396609,0.7309185841051374,0.0
1408,12,1.0471975511965976,0.3333333333333333,B,-53.26407426940649,-0.23133302484370077,0.7107721889188723,0.7289894334200068,0.5562589027913677
1409,12,1.0471975511965976,0.3333333333333333,B,-53.58612137713413,-0.6017524378825938,0.7239958351861756,0.7309170935495835,0.0
1410,12,1.0471975511965976,0.3333333333333333,B,-53.22707051854295,-0.17721020508081542,0.7107771958700513,0.7289915920541964,0.556269257726192
1411,12,1.0471975511965976,0.3333333333333333,B,-53.26321464079321,-0.23059901195039506,0.7239831717343893,0.7309093074603144,0.0
1412,12,1.0471975511965976,0.3333333333333333,B,-53.14122292878444,-0.09950326156215072,0.7107826700269678,0.7289950904112379,0.5562731744216186
1413,12,1.0471975511965976,0.3333333333333333,B,-52.89191119140969,0.18560602774059798,0.7239813728048623,0.7309081201534707,0.0
1414,12,1.0471975511965976,0.3333333333333333,B,-53.07114029786419,-0.02940035474506497,0.7107725114993733,0.7289878063760866,0.5562678442687167
1415,12,1.0471975511965976,0.3333333333333333,B,-52.65166016666,0.4796861323354966,0.7239895422952113,0.7309130219719837,0.0
1416,12,1.0471975511965976,0.3333333333333333,B,-53.07510029450397,0.0049592161497903076,0.7107634354448246,0.728982456630451,0.5562572382108986
1417,12,1.0471975511965976,0.3333333333333333,B,-52.66911080306322,0.5335478135539204,0.723987004698543,0.7309113314741419,0.0
1418,12,1.0471975511965976,0.3333333333333333,B,-53.18183369598211,-0.010258561583126935,0.7107721815597705,0.7289891132109804,0.5562585641498947
1419,12,1.0471975511965976,0.3333333333333333,B,-52.96740621565359,0.32555546397311386,0.7239772788873288,0.7309059816941988,0.0
1420,12,1.0471975511965976,0.3333333333333333,B,-53.378629866675915,-0.06891241914283378,0.7107787658481612,0.7289930210471071,0.556265042259196
1421,12,1.0471975511965976,0.3333333333333333,B,-53.456989157759125,-0.060766805108323885,0.7239826980566794,0.7309093310980981,0.0
1422,12,1.0471975511965976,0.3333333333333333,B,-53.616632651730086,-0.14745105476469317,0.7107684154603378,0.7289868954572605,0.5562525043906374
1423,12,1.0471975511965976,0.3333333333333333,B,-53.97141286100877,-0.4702354548735683,0.7239945795705346,0.730915798298636,0.0
1424,12,1.0471975511965976,0.3333333333333333,B,-53.830447298059156,-0.21433564641535705,0.710770457387978,0.7289879017982565,0.5562559221154587
1425,12,1.0471975511965976,0.3333333333333333,B,-54.3342927793212,-0.7384051017264799,0.7239919863118711,0.7309141623188036,0.0
1426,12,1.0471975511965976,0.3333333333333333,B,-53.96436790378935,-0.24267334716650352,0.7107898932980099,0.7289991161827097,0.5562793601323937
1427,12,1.0471975511965976,0.3333333333333333,B,-54.430029398419954,-0.7575681861149932,0.7239898351577181,0.7309125529243569,0.0
1428,12,1.0471975511965976,0.3333333333333333,B,-53.99490787099346,-0.2211149026864122,0.710795633561558,0.7290026469939205,0.5562841962138709
1429,12,1.0471975511965976,0.3333333333333333,B,-54.25034373187216,-0.5200047655150364,0.7240034413354282,0.7309200732541657,0.0
1430,12,1.0471975511965976,0.3333333333333333,B,-53.93991236841253,-0.1583000549224841,0.7107919711867439,0.7289995417827665,0.5562848624950844
1431,12,1.0471975511965976,0.3333333333333333,B,-53.897713969980664,-0.12113843125182772,0.7240148002132745,0.7309267006656353,0.0
1432,12,1.0471975511965976,0.3333333333333333,B,-53.85161743776665,-0.07943675127437805,0.7108024424074431,0.7290063298358038,0.5562934364958119
1433,12,1.0471975511965976,0.3333333333333333,B,-53.54389380445495,0.27884387320372417,0.7240130101621355,0.7309254939832214,0.0
1434,12,1.0471975511965976,0.3333333333333333,B,-53.79584365662724,-0.016240598806311596,0.7108203562226532,0.7290188170143697,0.5563026106410904
1435,12,1.0471975511965976,0.3333333333333333,B,-53.36114384960098,0.5192926130771123,0.7240160589914006,0.7309275115238517,0.0
1436,12,1.0471975511965976,0.3333333333333333,B,-53.825118281492415,0.005934712522025792,0.7108247865450614,0.7290215015205124,0.5563065600225547
1437,12,1.0471975511965976,0.3333333333333333,B,-53.45317574638055,0.5036126748196699,0.724032954311373,0.730937545885539,0.0
1438,12,1.0471975511965976,0.3333333333333333,B,-53.95783150919818,-0.021813898253450814,0.7108232560301958,0.7290211831857406,0.5563013607109315
1439,12,1.0471975511965976,0.3333333333333333,B,-53.81320496389739,0.23811365330073353,0.7240438380218762,0.7309435099849224,0.0
1440,12,1.0471975511965976,0.3333333333333333,B,-54.1709532027197,-0.08836260193414078,0.7108410735453446,0.7290326875524444,0.5563162492162145
1441,12,1.0471975511965976,0.3333333333333333,B,-54.326811445129316,-0.17058557949034642,0.7240428662890701,0.7309429517537895,0.0
1442,12,1.0471975511965976,0.3333333333333333,B,-54.40906088561944,-0.1669535781872601,0.7108633102992571,0.7290456961463971,0.5563419904114855
1443,12,1.0471975511965976,0.3333333333333333,B,-54.817907923597154,-0.5583395275633316,0.7240530553529736,0.7309486016291382,0.0
1444,12,1.0471975511965976,0.3333333333333333,B,-54.606755182007646,-0.22604128728199407,0.7108658894655498,0.7290472137699288,0.5563445649085421
1445,12,1.0471975511965976,0.3333333333333333,B,-55.11944324840013,-0.7693792219838869,0.7240733549638075,0.7309598628279494,0.0
1446,12,1.0471975511965976,0.3333333333333333,B,-54.71477450042024,-0.2418838110960972,0.7108722864784606,0.7290506600041772,0.5563539507610231
1447,12,1.0471975511965976,0.3333333333333333,B,-55.14057046336792,-0.718944407144051,0.7240804834806571,0.7309640368525026,0.0
1448,12,1.0471975511965976,0.3333333333333333,B,-54.71991544278209,-0.20809540361206053,0.7108952631561304,0.7290650653707368,0.5563756011264668
1449,12,1.0471975511965976,0.3333333333333333,B,-54.90291594876934,-0.4272765212578294,0.7240812242081006,0.7309644044961241,0.0
1450,12,1.0471975511965976,0.3333333333333333,B,-54.65045891852668,-0.1382861392210168,0.7109095650456114,0.7290751837505891,0.5563820662899581
1451,12,1.0471975511965976,0.3333333333333333,B,-54.53210815550334,-0.011509819355945583,0.7240948448455681,0.7309724701668978,0.0
1452,12,1.0471975511965976,0.3333333333333333,B,-54.5644027924159,-0.06046782652112362,0.7109097850565338,0.729075402466112,0.5563817752253326
1453,12,1.0471975511965976,0.3333333333333333,B,-54.20741773195283,0.36134394959923466,0.7241118624834016,0.7309826446275246,0.0
1454,12,1.0471975511965976,0.3333333333333333,B,-54.52646803770426,-0.005887616312664629,0.7109178049799828,0.7290812818666341,0.5563849284597078
1455,12,1.0471975511965976,0.3333333333333333,B,-54.089408977776024,0.5415317095454464,0.7241155228778265,0.7309846269274877,0.0
1456,12,1.0471975511965976,0.3333333333333333,B,-54.582232246975465,0.003497373916262564,0.7109398093354332,0.7290958388923492,0.5564013233010108
1457,12,1.0471975511965976,0.3333333333333333,B,-54.25565562831056,0.4566601255068277,0.7241173893642392,0.7309858646299324,0.0
1458,12,1.0471975511965976,0.3333333333333333,B,-54.73945286802854,-0.03605333805227798,0.710952225477145,0.7291027512932154,0.556417767041657
1459,12,1.0471975511965976,0.3333333333333333,B,-54.66966177799291,0.14079929708477879,0.7241338047149454,0.7309952338808451,0.0
1460,12,1.0471975511965976,0.3333333333333333,B,-54.965171697157224,-0.1086647927933258,0.7109509749568845,0.7291019104968288,0.5564172997183504
1461,12,1.0471975511965976,0.3333333333333333,B,-55.1953426543071,-0.279162893490971,0.7241484067365597,0.7310031762659144,0.0
1462,12,1.0471975511965976,0.3333333333333333,B,-55.198943359137964,-0.185178910628254,0.7109646017988988,0.7291101160824136,0.5564325994323662
1463,12,1.0471975511965976,0.3333333333333333,B,-55.6517755452639,-0.634553845497795,0.7241473108438461,0.7310026598621079,0.0
1464,12,1.0471975511965976,0.3333333333333333,B,-55.377075399828286,-0.2348402940816739,0.7109857658581209,0.7291230037863976,0.5564546869311466
1465,12,1.0471975511965976,0.3333333333333333,B,-55.885779498299215,-0.7826164001651019,0.7241508953682654,0.7310047580946404,0.0
1466,12,1.0471975511965976,0.3333333333333333,B,-55.45831873551917,-0.23773375106152023,0.7109868174924976,0.729124566083849,0.5564505435255466
1467,12,1.0471975511965976,0.3333333333333333,B,-55.833568200356986,-0.6638541815660101,0.7241662645879325,0.7310137217207026,0.0
1468,12,1.0471975511965976,0.3333333333333333,B,-55.44015246300766,-0.19267652092386572,0.7109837053138363,0.7291228528421995,0.5564469486647049
1469,12,1.0471975511965976,0.3333333333333333,B,-55.54642708301911,-0.3259822723506919,0.724172366402836,0.7310176755351117,0.0
1470,12,1.0471975511965976,0.3333333333333333,B,-55.36006331040453,-0.11775515313283538,0.7109958058871516,0.7291312870179978,0.5564541307879451
1471,12,1.0471975511965976,0.3333333333333333,B,-55.169817289834114,0.09529390050598724,0.7241675246536933,0.7310149712667835,0.0
1472,12,1.0471975511965976,0.3333333333333333,B,-55.280583743916196,-0.04310296967168328,0.7110076128930987,0.7291396368995937,0.5564598307599453
1473,12,1.0471975511965976,0.3333333333333333,B,-54.88520061275703,0.43075172534986206,0.7241715044165303,0.7310175137619562,0.0
1474,12,1.0471975511965976,0.3333333333333333,B,-55.26375832495308,0.0013253188486904155,0.7110043206630038,0.7291368144930247,0.5564613597982582
1475,12,1.0471975511965976,0.3333333333333333,B,-54.83722661338183,0.5456260847576866,0.7241839169839157,0.731024672787818,0.0
1476,12,1.0471975511965976,0.3333333333333333,B,-55.346525410599284,-0.0023197086122268284,0.7110011011350919,0.7291347890156908,0.5564593196540711
1477,12,1.0471975511965976,0.3333333333333333,B,-55.07534513825786,0.39378751022486946,0.7241845585606993,0.7310246120717807,0.0
1478,12,1.0471975511965976,0.3333333333333333,B,-55.52593591301314,-0.052597022175633446,0.7110141777719203,0.7291427505812696,0.5564734663300402
1479,12,1.0471975511965976,0.3333333333333333,B,-55.53410943384011,0.03621106850070588,0.724176745024564,0.731020262743761,0.0
1480,12,1.0471975511965976,0.3333333333333333,B,-55.760116380143536,-0.1292866152237982,0.7110210387605995,0.7291461986254769,0.5564847475151075
1481,12,1.0471975511965976,0.3333333333333333,B,-56.05946713161468,-0.38347411268214127,0.7241813872349758,0.7310229747521569,0.0
1482,12,1.0471975511965976,0.3333333333333333,B,-55.98525154543158,-0.20160775579296583,0.7110081635928897,0.7291387154531084,0.5564697987649524
1483,12,1.0471975511965976,0.3333333333333333,B,-56.47061424009786,-0.6966671652004133,0.7241886758182275,0.7310271251989864,0.0
1484,12,1.0471975511965976,0.3333333333333333,B,-56.141077299584,-0.24050390575267303,0.7110043330821431,0.7291366215248535,0.5564654134142674
1485,12,1.0471975511965976,0.3333333333333333,B,-56.63267740612328,-0.7775817276137569,0.7241800330744077,0.7310226302893366,0.0
1486,12,1.0471975511965976,0.3333333333333333,B,-56.19522035008595,-0.23033870628051467,0.7110122006040261,0.7291421417674633,0.5564698038893153
1487,12,1.0471975511965976,0.3333333333333333,B,-56.51069927149363,-0.5937136787690037,0.7241706002857246,0.7310174321568437,0.0
1488,12,1.0471975511965976,0.3333333333333333,B,-56.15627078416201,-0.17523320600451325,0.7110057785157433,0.7291390699761657,0.5564582885931708
1489,12,1.0471975511965976,0.3333333333333333,B,-56.183894031546686,-0.21891823391891252,0.7241741551878395,0.7310197014318714,0.0
1490,12,1.0471975511965976,0.3333333333333333,B,-56.0699772999192,-0.0972930225690713,0.7109907063956937,0.7291290613462516,0.5564480068172126
1491,12,1.0471975511965976,0.3333333333333333,B,-55.81386362209935,0.1962358502786672,0.7241747049186731,0.7310200963701816,0.0
1492,12,1.0471975511965976,0.3333333333333333,B,-56.00120021855908,-0.027824253791988746,0.7109880907945658,0.7291274117530682,0.5564465358337431
1493,12,1.0471975511965976,0.3333333333333333,B,-55.5793830197327,0.4850006516172668,0.7241621533606625,0.7310125198124774,0.0
1494,12,1.0471975511965976,0.3333333333333333,B,-56.00790486960361,0.00523663194257859,0.7109926828999911,0.7291300353938911,0.5564523693470637
1495,12,1.0471975511965976,0.3333333333333333,B,-55.604833018817054,0.531378391072977,0.7241531050534756,0.7310074206769356,0.0
1496,12,1.0471975511965976,0.3333333333333333,B,-56.11754290437068,-0.011359155973834217,0.7109823029105532,0.7291222655352221,0.5564497545428506
1497,12,1.0471975511965976,0.3333333333333333,B,-55.9102666385341,0.3167392916425108,0.7241558425082041,0.731008950955888,0.0
1498,12,1.0471975511965976,0.3333333333333333,B,-56.31629057029855,-0.07095987692147929,0.7109636664742449,0.7291108649215164,0.5564313786308239
1499,12,1.0471975511965976,0.3333333333333333,B,-56.403188450845285,-0.0726751508579292,0.7241504779108978,0.7310056483454959,0.0
1500,12,1.0471975511965976,0.3333333333333333,B,-56.55455418229724,-0.14963309340834058,0.7109613972888091,0.7291096993792957,0.5564284272495646
